controller,step,hour,active_peers,changed_peers,relief_selected_peers,recovery_selected_peers,debt_created_soc,debt_repaid_soc,extra_discharge_soc,extra_charge_soc,total_debt_soc,max_debt_soc,mean_budget_use_soc,official_predicted_grid,negotiated_predicted_grid,predicted_grid_delta,district_target,final_shadow_signal,logical_message_count,coordinator_id,coordinator_policy,planner_tool
chesca_commitment_full_mesh,1,2,6,6,6,0,0.24000000000000005,0.0,0.24000000000000005,0.0,0.24000000000000005,0.040000000000000036,0.04000000000000001,14.591872655066727,13.715872769507643,-0.875999885559084,14.591872655066727,2.1562115588092237,90,,,
chesca_commitment_full_mesh,2,3,6,6,0,6,0.0,0.23999999999999996,0.0,0.24000000000000005,8.326672684688674e-17,2.7755575615628914e-17,0.08000000000000002,6.204107326152643,7.0801073261526435,0.8760000000000003,6.204107326152643,-0.3123500037849793,90,,,
chesca_commitment_full_mesh,3,4,6,6,0,6,0.0,8.326672684688674e-17,0.0,0.22000000000000006,0.0,0.0,0.1166666666666667,5.192537087941776,5.988537087941776,0.7959999999999994,5.192537087941776,-0.1941129957619891,90,,,
chesca_commitment_full_mesh,4,5,6,0,0,0,0.0,0.0,0.0,0.0,0.0,0.0,0.1166666666666667,4.711030065747744,4.711030065747743,-8.881784197001252e-16,4.711030065747744,-0.04868147801391834,90,,,
chesca_commitment_full_mesh,5,6,6,6,0,6,0.0,0.0,0.0,0.18,0.0,0.0,0.1466666666666667,6.237404508867892,6.772583181138234,0.5351786722703418,6.237404508867892,-0.19209621228683554,90,,,
chesca_commitment_full_mesh,6,7,6,6,0,6,0.0,0.0,0.0,0.15999999999999998,0.0,0.0,0.17333333333333334,4.990351398238254,5.416675363261937,0.4263239650236823,4.990351398238254,-0.1467055614586119,90,,,
chesca_commitment_full_mesh,7,8,6,0,0,0,0.0,0.0,0.0,0.0,0.0,0.0,0.17333333333333334,5.958205647622158,5.958205647622158,0.0,5.958205647622158,0.030926627979021917,90,,,
chesca_commitment_full_mesh,8,9,6,6,0,6,0.0,0.0,0.0,0.14,0.0,0.0,0.19666666666666668,6.376008958995863,6.789535459789824,0.413526500793961,6.376008958995863,-0.1836128694386483,90,,,
chesca_commitment_full_mesh,9,10,6,4,4,0,0.12000000000000001,0.0,0.12000000000000001,0.0,0.12000000000000001,0.04000000000000001,0.21666666666666667,7.098647757443403,6.632647757443402,-0.4660000000000011,7.098647757443403,0.23974937698842755,90,,,
chesca_commitment_full_mesh,10,11,6,4,0,4,0.0,0.12000000000000001,0.0,0.12000000000000001,6.938893903907228e-18,6.938893903907228e-18,0.2366666666666667,6.907030968257912,7.373030968257911,0.4659999999999993,6.907030968257912,-0.13755705061849452,90,,,
chesca_commitment_full_mesh,11,12,6,2,2,0,0.04000000000000001,0.0,0.04000000000000001,0.0,0.04000000000000001,0.020000000000000004,0.24333333333333337,6.951558739919788,6.819558739919788,-0.13199999999999967,7.096320629119873,0.5753347775285321,90,,,
chesca_commitment_full_mesh,12,13,6,0,0,0,0.0,0.0,0.0,0.0,0.04000000000000001,0.020000000000000004,0.24333333333333337,7.7012010350426285,7.7012010350426285,0.0,6.954711437225342,0.5853503675710477,90,,,
chesca_commitment_full_mesh,13,14,6,3,3,0,0.06000000000000001,0.0,0.06000000000000001,0.0,0.10000000000000002,0.020000000000000004,0.25333333333333335,7.399337623476284,7.173337623476284,-0.22599999999999998,6.931127548217773,0.7880042840393442,90,,,
chesca_commitment_full_mesh,14,15,6,0,0,0,0.0,0.0,0.0,0.0,0.10000000000000002,0.020000000000000004,0.25333333333333335,4.975002740554117,4.975002740554117,0.0,6.907543182373047,0.6243917686130132,90,,,
chesca_commitment_full_mesh,15,16,6,1,1,0,0.020000000000000004,0.0,0.020000000000000004,0.0,0.12000000000000002,0.02000000000000001,0.25666666666666665,7.133499018053461,7.053499018053461,-0.08000000000000007,6.435116767883301,1.0812646419774359,90,,,
chesca_commitment_full_mesh,16,17,6,0,0,0,0.0,0.0,0.0,0.0,0.12000000000000002,0.02000000000000001,0.25666666666666665,7.727875229375478,7.727875229375478,0.0,6.694179058074951,0.7336065413192467,90,,,
chesca_commitment_full_mesh,17,18,6,0,0,0,0.0,0.0,0.0,0.0,0.12000000000000002,0.02000000000000001,0.25666666666666665,6.587409890681502,6.587409890681503,8.881784197001252e-16,6.904174327850342,0.08301602771911085,90,,,
chesca_commitment_full_mesh,18,19,6,0,0,0,0.0,0.0,0.0,0.0,0.12000000000000002,0.02000000000000001,0.25666666666666665,9.612170232134021,9.612170232134021,0.0,6.797492027282715,1.23088261813842,90,,,
chesca_commitment_full_mesh,19,20,6,0,0,0,0.0,0.0,0.0,0.0,0.12000000000000002,0.02000000000000001,0.25666666666666665,8.337066107872488,8.337066107872488,0.0,6.924388885498047,0.49485659338475785,90,,,
chesca_commitment_full_mesh,20,21,6,0,0,0,0.0,0.0,0.0,0.0,0.12000000000000002,0.02000000000000001,0.25666666666666665,8.08901388514793,8.08901388514793,0.0,6.968188285827637,0.4108291797475954,90,,,
chesca_commitment_full_mesh,21,22,6,6,0,6,0.0,0.12000000000000001,0.0,0.12000000000000001,2.0816681711721685e-17,1.0408340855860843e-17,0.27666666666666667,6.426781706489935,6.864781706489936,0.4380000000000006,7.523429870605469,-0.06020923154082056,90,,,
chesca_commitment_full_mesh,22,23,6,0,0,0,0.0,0.0,0.0,0.0,2.0816681711721685e-17,1.0408340855860843e-17,0.27666666666666667,6.512989719906168,6.512989719906168,0.0,7.224452972412109,0.06889439695260097,90,,,
chesca_commitment_full_mesh,23,24,6,0,0,0,0.0,0.0,0.0,0.0,2.0816681711721685e-17,1.0408340855860843e-17,0.27666666666666667,6.401975192769257,6.401975192769257,0.0,7.419575214385986,-0.015752346655749996,90,,,
chesca_commitment_full_mesh,24,1,6,0,0,0,0.0,0.0,0.0,0.0,2.0816681711721685e-17,1.0408340855860843e-17,0.27666666666666667,6.106042007636097,6.106042007636097,0.0,7.253274440765381,0.007434175777916073,90,,,
chesca_commitment_full_mesh,25,2,6,0,0,0,0.0,0.0,0.0,0.0,2.0816681711721685e-17,1.0408340855860843e-17,0.23666666666666666,4.5856730942016055,4.585673094201606,8.881784197001252e-16,7.086974143981934,-0.139996227148381,90,,,
chesca_commitment_full_mesh,26,3,6,0,0,0,0.0,0.0,0.0,0.0,2.0816681711721685e-17,1.0408340855860843e-17,0.19666666666666666,4.319347407321968,4.319347407321967,-8.881784197001252e-16,6.961450099945068,-0.15245119101110122,90,,,
chesca_commitment_full_mesh,27,4,6,5,0,5,0.0,1.0408340855860843e-17,0.0,0.12000000000000002,1.0408340855860843e-17,1.0408340855860843e-17,0.18000000000000002,4.4688324219439535,4.836414686782548,0.36758226483859424,6.937865734100342,-0.15730213652223413,90,,,
chesca_commitment_full_mesh,28,5,6,6,0,6,0.0,1.0408340855860843e-17,0.0,0.18000000000000002,0.0,0.0,0.21,4.265504129198094,4.864125315143755,0.5986211859456612,6.914281368255615,-0.2041731405803944,90,,,
chesca_commitment_full_mesh,29,6,6,0,0,0,0.0,0.0,0.0,0.0,0.0,0.0,0.18000000000000002,5.005329192823093,5.005329192823093,0.0,6.877306938171387,-0.05205595012712411,90,,,
chesca_commitment_full_mesh,30,7,6,6,6,0,0.18000000000000002,0.0,0.18000000000000002,0.0,0.18000000000000002,0.04,0.18333333333333335,3.5164534064685222,2.8804534064685225,-0.6359999999999997,6.822479248046875,0.10591903606133023,90,,,
chesca_commitment_full_mesh,31,8,6,0,0,0,0.0,0.0,0.0,0.0,0.18000000000000002,0.04,0.18333333333333335,2.8988684060178844,2.8988684060178844,0.0,6.767650604248047,0.18240838445351398,90,,,
chesca_commitment_full_mesh,32,9,6,0,0,0,0.0,0.0,0.0,0.0,0.18000000000000002,0.04,0.16,2.0177702000049162,2.0177702000049162,0.0,6.706607818603516,0.04626553809147115,90,,,
chesca_commitment_full_mesh,33,10,6,1,0,1,0.0,0.03999999999999998,0.0,0.03999999999999998,0.14,0.04,0.1466666666666667,4.383272405822112,4.383272405822112,0.0,6.640904426574707,0.2429895651815823,90,,,
chesca_commitment_full_mesh,34,11,6,1,1,0,0.04,0.0,0.04,0.0,0.18000000000000002,0.04000000000000002,0.13333333333333333,2.105899872570176,1.9738998725701757,-0.13200000000000034,6.575201034545898,0.1392803360530016,90,,,
chesca_commitment_full_mesh,35,12,6,0,0,0,0.0,0.0,0.0,0.0,0.18000000000000002,0.04000000000000002,0.12666666666666668,2.9947181407588412,2.9947181407588412,0.0,6.429965496063232,0.08954042640175758,90,,,
chesca_commitment_full_mesh,36,13,6,6,0,6,0.0,0.18,0.0,0.2,2.42861286636753e-17,2.0816681711721685e-17,0.16,3.061830209770726,3.4293256497217017,0.36749543995097556,6.25291633605957,-0.25206472130179636,90,,,
chesca_commitment_full_mesh,37,14,6,5,0,5,0.0,3.469446951953614e-18,0.0,0.12000000000000001,2.0816681711721685e-17,2.0816681711721685e-17,0.17,1.6716219590109382,1.9790057105138668,0.3073837515029285,6.565814971923828,-0.5801666094890582,90,,,
chesca_commitment_full_mesh,38,15,6,5,5,0,0.18000000000000002,0.0,0.18000000000000002,0.0,0.18000000000000005,0.04000000000000001,0.19999999999999998,3.021529154230125,2.343529154230125,-0.6779999999999999,6.404672145843506,0.28624763309023615,90,,,
chesca_commitment_full_mesh,39,16,6,2,1,1,0.02,0.01999999999999999,0.02,0.01999999999999999,0.18000000000000008,0.04000000000000001,0.20333333333333334,3.9500950358493236,3.8840950358493234,-0.06600000000000028,6.227622985839844,0.6393018456721773,90,,,
chesca_commitment_full_mesh,40,17,6,1,1,0,0.020000000000000004,0.0,0.020000000000000004,0.0,0.20000000000000007,0.04000000000000001,0.20666666666666667,7.1144953259254295,7.048495325925431,-0.06599999999999895,6.050574779510498,0.8978269560896361,90,,,
chesca_commitment_full_mesh,41,18,6,0,0,0,0.0,0.0,0.0,0.0,0.20000000000000007,0.04000000000000001,0.20666666666666667,6.720077441732858,6.720077441732858,0.0,6.025301456451416,0.571865697332841,90,,,
chesca_commitment_full_mesh,42,19,6,0,0,0,0.0,0.0,0.0,0.0,0.20000000000000007,0.04000000000000001,0.20666666666666667,7.8709436111428905,7.8709436111428905,0.0,6.202330589294434,0.6014132823285216,90,,,
chesca_commitment_full_mesh,43,20,6,0,0,0,0.0,0.0,0.0,0.0,0.20000000000000007,0.04000000000000001,0.20666666666666667,7.430260685993317,7.430260685993318,8.881784197001252e-16,6.531135559082031,0.23591570193416667,90,,,
chesca_commitment_full_mesh,44,21,6,6,6,0,0.16000000000000003,0.0,0.16000000000000003,0.0,0.36000000000000004,0.08000000000000002,0.23333333333333336,11.512538009751736,10.914538009751736,-0.5980000000000008,6.560847282409668,1.51772558782799,90,,,
chesca_commitment_full_mesh,45,22,6,0,0,0,0.0,0.0,0.0,0.0,0.36000000000000004,0.08000000000000002,0.21333333333333335,11.227520740556095,11.227520740556093,-1.7763568394002505e-15,6.55826997756958,1.8495840497466567,90,,,
chesca_commitment_full_mesh,46,23,6,0,0,0,0.0,0.0,0.0,0.0,0.36000000000000004,0.08000000000000002,0.21333333333333335,6.764028457531348,6.764028457531348,0.0,6.563056468963623,0.048863448354240085,90,,,
chesca_commitment_full_mesh,47,24,6,6,0,6,0.0,0.24000000000000005,0.0,0.24000000000000005,0.12000000000000002,0.04000000000000001,0.25333333333333335,6.001803702420904,6.8778037024209056,0.8760000000000012,6.560479164123535,-0.11014776659822409,90,,,
chesca_commitment_full_mesh,48,1,6,4,0,4,0.0,0.12,0.0,0.12000000000000002,2.0816681711721685e-17,1.3877787807814457e-17,0.2733333333333334,5.401573314528861,5.864663856381855,0.4630905418529947,6.590540885925293,-0.25055594576523554,90,,,
chesca_commitment_full_mesh,49,2,6,0,0,0,0.0,0.0,0.0,0.0,2.0816681711721685e-17,1.3877787807814457e-17,0.2733333333333334,5.195638139931468,5.195638139931468,0.0,6.56268835067749,-0.24036584812079714,90,,,
chesca_commitment_full_mesh,50,3,6,0,0,0,0.0,0.0,0.0,0.0,2.0816681711721685e-17,1.3877787807814457e-17,0.2733333333333334,4.227303152510823,4.227303152510823,0.0,6.560111045837402,-0.292988066697383,90,,,
chesca_commitment_full_mesh,51,4,6,0,0,0,0.0,0.0,0.0,0.0,2.0816681711721685e-17,1.3877787807814457e-17,0.25333333333333335,4.47020384645462,4.47020384645462,0.0,6.557533264160156,-0.2563092065303896,90,,,
chesca_commitment_full_mesh,52,5,6,0,0,0,0.0,0.0,0.0,0.0,2.0816681711721685e-17,1.3877787807814457e-17,0.22333333333333336,4.343974411010742,4.343974411010742,0.0,6.530703067779541,-0.19043726687603513,90,,,
chesca_commitment_full_mesh,53,6,6,0,0,0,0.0,0.0,0.0,0.0,2.0816681711721685e-17,1.3877787807814457e-17,0.22333333333333336,4.7902015001348435,4.7902015001348435,0.0,6.485682010650635,0.018159861016431703,90,,,
chesca_commitment_full_mesh,54,7,6,0,0,0,0.0,0.0,0.0,0.0,2.0816681711721685e-17,1.3877787807814457e-17,0.19333333333333336,4.060717097189822,4.060717097189822,0.0,6.440661907196045,0.10103555045663329,90,,,
chesca_commitment_full_mesh,55,8,6,0,0,0,0.0,0.0,0.0,0.0,2.0816681711721685e-17,1.3877787807814457e-17,0.19333333333333336,3.36254150191744,3.36254150191744,0.0,6.333493232727051,0.0569637103175073,90,,,
chesca_commitment_full_mesh,56,9,6,6,0,6,0.0,2.0816681711721685e-17,0.0,0.14,0.0,0.0,0.21666666666666667,2.153981694807328,2.5554797258580564,0.40149803105072834,6.20146369934082,-0.12173873763335176,90,,,
chesca_commitment_full_mesh,57,10,6,1,0,1,0.0,0.0,0.0,0.02,0.0,0.0,0.21333333333333335,2.1765801466294215,2.211077658881565,0.03449751225214337,6.0694355964660645,-0.3312727646566382,90,,,
chesca_commitment_full_mesh,58,11,6,5,0,5,0.0,0.0,0.0,0.10000000000000002,0.0,0.0,0.22333333333333336,0.6930382378525103,0.9563936744123495,0.2633554365598392,6.043170928955078,-0.5486110365243838,90,,,
chesca_commitment_full_mesh,59,12,6,2,0,2,0.0,0.0,0.0,0.04,0.0,0.0,0.23,0.604957467238608,0.6774379108501818,0.0724804436115738,6.053885459899902,-0.6008194123369924,90,,,
chesca_commitment_full_mesh,60,13,6,6,0,6,0.0,0.0,0.0,0.14,0.0,0.0,0.22,1.9580533322327012,2.299203892215502,0.34115055998280064,6.060033321380615,-1.1507795582781306,90,,,
chesca_commitment_full_mesh,61,14,6,6,0,6,0.0,0.0,0.0,0.12000000000000001,0.0,0.0,0.22,0.8901628546475556,1.1192410997323452,0.22907824508478958,6.2990803718566895,-1.612326028222336,90,,,
chesca_commitment_full_mesh,62,15,6,2,0,2,0.0,0.0,0.0,0.04000000000000001,0.0,0.0,0.19666666666666668,1.3148609529222286,1.4279057817764789,0.11304482885425027,6.46638822555542,-0.5601629846873594,90,,,
chesca_commitment_full_mesh,63,16,6,1,0,1,0.0,0.0,0.0,0.020000000000000018,0.0,0.0,0.19333333333333336,4.372044839509487,4.372044839509487,0.0,6.549996852874756,-0.012737568672844876,90,,,
chesca_commitment_full_mesh,64,17,6,5,5,0,0.16,0.0,0.16,0.0,0.16,0.04,0.21666666666666667,4.841504520100999,4.257504520101,-0.5839999999999996,6.504976749420166,0.2600661254065051,90,,,
chesca_commitment_full_mesh,65,18,6,0,0,0,0.0,0.0,0.0,0.0,0.16,0.04,0.21666666666666667,6.038779667545806,6.038779667545807,8.881784197001252e-16,6.459956645965576,0.3235393844194677,90,,,
chesca_commitment_full_mesh,66,19,6,5,0,5,0.0,0.16,0.0,0.16,3.469446951953614e-18,3.469446951953614e-18,0.24333333333333332,6.372662231128805,6.843607396849658,0.47094516572085254,6.54356575012207,-0.048772695572362273,90,,,
chesca_commitment_full_mesh,67,20,6,0,0,0,0.0,0.0,0.0,0.0,3.469446951953614e-18,3.469446951953614e-18,0.24333333333333332,5.3446110371007975,5.344611037100798,8.881784197001252e-16,6.4985456466674805,-0.08816443291137126,90,,,
chesca_commitment_full_mesh,68,21,6,0,0,0,0.0,0.0,0.0,0.0,3.469446951953614e-18,3.469446951953614e-18,0.21666666666666667,6.069071187206878,6.069071187206878,0.0,6.453524589538574,0.05222805046176816,90,,,
chesca_commitment_full_mesh,69,22,6,3,0,3,0.0,3.469446951953614e-18,0.0,0.06000000000000001,0.0,0.0,0.22666666666666668,5.799380822202259,6.018151019692888,0.21877019749062843,6.537134170532227,-0.12136867923056743,90,,,
chesca_commitment_full_mesh,70,23,6,2,0,2,0.0,0.0,0.0,0.04,0.0,0.0,0.23333333333333336,5.793732463096365,5.953732463096365,0.16000000000000014,6.560111045837402,-0.31463338451787154,90,,,
chesca_commitment_full_mesh,71,24,6,0,0,0,0.0,0.0,0.0,0.0,0.0,0.0,0.19333333333333333,5.155492768852605,5.155492768852605,0.0,6.557533264160156,-0.1458284081605961,90,,,
chesca_commitment_full_mesh,72,1,6,6,0,6,0.0,0.0,0.0,0.14,0.0,0.0,0.19666666666666666,4.227564191408322,4.66281977317131,0.43525558176298773,6.530703067779541,-0.1019048396977389,90,,,
chesca_commitment_full_mesh,73,2,6,4,0,4,0.0,0.0,0.0,0.10000000000000002,0.0,0.0,0.21333333333333335,3.319355578660306,3.595128715583641,0.27577313692333494,6.485682010650635,-0.20799098084591316,90,,,
chesca_commitment_full_mesh,74,3,6,2,0,2,0.0,0.0,0.0,0.04,0.0,0.0,0.22,3.2346664114404953,3.3078683497791106,0.07320193833861532,6.440661907196045,-0.1205130786475101,90,,,
chesca_commitment_full_mesh,75,4,6,0,0,0,0.0,0.0,0.0,0.0,0.0,0.0,0.22,4.2066130849997565,4.2066130849997565,0.0,6.33585786819458,0.11456676341780814,90,,,
chesca_commitment_full_mesh,76,5,6,0,0,0,0.0,0.0,0.0,0.0,0.0,0.0,0.22,3.8045926112625166,3.804592611262517,4.440892098500626e-16,6.479250907897949,-0.2426227360006709,90,,,
chesca_commitment_full_mesh,77,6,6,0,0,0,0.0,0.0,0.0,0.0,0.0,0.0,0.22,4.849259772322312,4.849259772322312,0.0,6.434230804443359,0.18831048601070777,90,,,
chesca_commitment_full_mesh,78,7,6,0,0,0,0.0,0.0,0.0,0.0,0.0,0.0,0.22,3.691163044997303,3.691163044997304,8.881784197001252e-16,6.317468166351318,0.1855744741628431,90,,,
chesca_commitment_full_mesh,79,8,6,0,0,0,0.0,0.0,0.0,0.0,0.0,0.0,0.22,2.243025351111707,2.243025351111707,0.0,6.188750743865967,0.08674980998811782,90,,,
chesca_commitment_full_mesh,80,9,6,0,0,0,0.0,0.0,0.0,0.0,0.0,0.0,0.19666666666666666,2.554949465838474,2.554949465838474,0.0,6.060033321380615,0.1503218254523273,90,,,
chesca_commitment_full_mesh,81,10,6,6,6,0,0.14,0.0,0.14,0.0,0.14,0.04,0.21666666666666667,3.8922710456962273,3.3882710456962277,-0.5039999999999996,6.056722640991211,0.219470590112048,90,,,
chesca_commitment_full_mesh,82,11,6,0,0,0,0.0,0.0,0.0,0.0,0.14,0.04,0.19999999999999998,2.213116016237489,2.2131160162374894,4.440892098500626e-16,6.053412437438965,0.25230944017397156,90,,,
chesca_commitment_full_mesh,83,12,6,1,0,1,0.0,0.03999999999999998,0.0,0.03999999999999998,0.10000000000000003,0.020000000000000004,0.19999999999999998,4.765870373039181,4.7658703730391805,-8.881784197001252e-16,6.049340724945068,0.45912155211498534,90,,,
chesca_commitment_full_mesh,84,13,6,5,5,0,0.14,0.0,0.14,0.0,0.24000000000000005,0.06000000000000001,0.20000000000000004,5.622299064914374,5.118299064914373,-0.5040000000000013,6.040702819824219,0.6108205823965162,90,,,
chesca_commitment_full_mesh,85,14,6,0,0,0,0.0,0.0,0.0,0.0,0.24000000000000005,0.06000000000000001,0.18000000000000002,1.7995377379206547,1.7995377379206547,0.0,6.032064914703369,0.12832375334785157,90,,,
chesca_commitment_full_mesh,86,15,6,1,1,0,0.020000000000000004,0.0,0.020000000000000004,0.0,0.26000000000000006,0.06000000000000001,0.17666666666666667,3.6313030797853054,3.5653030797853056,-0.06599999999999984,6.02114200592041,0.23389001946252536,90,,,
chesca_commitment_full_mesh,87,16,6,0,0,0,0.0,0.0,0.0,0.0,0.26000000000000006,0.06000000000000001,0.17333333333333334,3.583258312213811,3.583258312213811,0.0,6.004506587982178,0.4344630070454028,90,,,
chesca_commitment_full_mesh,88,17,6,0,0,0,0.0,0.0,0.0,0.0,0.26000000000000006,0.06000000000000001,0.1466666666666667,6.472832757937382,6.472832757937382,0.0,5.987871170043945,0.772363383113352,90,,,
chesca_commitment_full_mesh,89,18,6,0,0,0,0.0,0.0,0.0,0.0,0.26000000000000006,0.06000000000000001,0.1466666666666667,6.058317013741387,6.058317013741387,0.0,6.018765449523926,0.23625209486012813,90,,,
chesca_commitment_full_mesh,90,19,6,0,0,0,0.0,0.0,0.0,0.0,0.26000000000000006,0.06000000000000001,0.12000000000000001,6.923283775533185,6.923283775533185,0.0,6.002130031585693,0.381588350855666,90,,,
chesca_commitment_full_mesh,91,20,6,6,0,6,0.0,0.22000000000000003,0.0,0.22000000000000003,0.040000000000000036,0.02000000000000001,0.1566666666666667,6.30974676616696,7.119746766166959,0.8099999999999996,6.02959680557251,-0.057868973782435794,90,,,
chesca_commitment_full_mesh,92,21,6,6,0,6,0.0,0.040000000000000036,0.0,0.24000000000000002,0.0,0.0,0.19666666666666666,6.29357952594757,7.16957952594757,0.8759999999999994,6.0456390380859375,-0.24384904657379508,90,,,
chesca_commitment_full_mesh,93,22,6,3,0,3,0.0,0.0,0.0,0.08000000000000002,0.0,0.0,0.19999999999999998,5.509256973203541,5.759268652939591,0.2500116797360503,6.054831027984619,-0.25972167331524565,90,,,
chesca_commitment_full_mesh,94,23,6,5,0,5,0.0,0.0,0.0,0.1,0.0,0.0,0.21,6.0601177351050515,6.392873045163645,0.3327553100585936,6.073896884918213,-0.2565904074435623,90,,,
chesca_commitment_full_mesh,95,24,6,3,3,0,0.06,0.0,0.06,0.0,0.06,0.02,0.21999999999999997,6.25722100457847,6.017221004578471,-0.23999999999999932,6.057668685913086,0.11822184602858174,90,,,
chesca_commitment_full_mesh,96,1,6,3,0,3,0.0,0.06,0.0,0.06000000000000001,0.0,0.0,0.20666666666666667,6.280270817305815,6.520270817305815,0.2400000000000002,6.054358005523682,-0.051497129032777866,90,,,
chesca_commitment_full_mesh,97,2,6,3,0,3,0.0,0.0,0.0,0.08000000000000002,0.0,0.0,0.20333333333333334,4.844245189018644,5.108245189018645,0.2640000000000011,6.066965103149414,-0.10986733935839468,90,,,
chesca_commitment_full_mesh,98,3,6,0,0,0,0.0,0.0,0.0,0.0,0.0,0.0,0.19666666666666666,4.62904821583651,4.62904821583651,0.0,6.057195663452148,0.019657239285565488,90,,,
chesca_commitment_full_mesh,99,4,6,0,0,0,0.0,0.0,0.0,0.0,0.0,0.0,0.19666666666666666,4.041070467460201,4.041070467460202,8.881784197001252e-16,6.053885459899902,0.01624485962672248,90,,,
chesca_commitment_full_mesh,100,5,6,4,4,0,0.14,0.0,0.14,0.0,0.14,0.04000000000000001,0.22,4.48242735940236,3.950427359402359,-0.5320000000000009,6.050574779510498,0.11626569897772707,90,,,
chesca_commitment_full_mesh,101,6,6,0,0,0,0.0,0.0,0.0,0.0,0.14,0.04000000000000001,0.22,4.499452242331523,4.499452242331523,0.0,6.041936874389648,0.2434356749422414,90,,,
chesca_commitment_full_mesh,102,7,6,0,0,0,0.0,0.0,0.0,0.0,0.14,0.04000000000000001,0.22,4.6790509401264195,4.6790509401264195,0.0,6.033298969268799,0.26759639971391813,90,,,
chesca_commitment_full_mesh,103,8,6,4,0,4,0.0,0.14,0.0,0.14,0.0,0.0,0.24333333333333332,3.342251988713012,3.727022424739846,0.3847704360268338,6.0258355140686035,-0.13910817515763657,90,,,
chesca_commitment_full_mesh,104,9,6,0,0,0,0.0,0.0,0.0,0.0,0.0,0.0,0.24333333333333332,3.054088338527865,3.0540883385278645,-4.440892098500626e-16,6.025417327880859,0.10502592725692853,90,,,
chesca_commitment_full_mesh,105,10,6,0,0,0,0.0,0.0,0.0,0.0,0.0,0.0,0.22,3.7590038834028263,3.7590038834028263,0.0,6.032064914703369,-0.3125819892758565,90,,,
chesca_commitment_full_mesh,106,11,6,2,2,0,0.060000000000000005,0.0,0.060000000000000005,0.0,0.060000000000000005,0.04,0.22999999999999998,2.9993516283755017,2.8013516283755022,-0.1979999999999995,6.02577543258667,0.2420316840585241,90,,,
chesca_commitment_full_mesh,107,12,6,0,0,0,0.0,0.0,0.0,0.0,0.060000000000000005,0.04,0.22333333333333336,2.590356903821476,2.590356903821476,0.0,6.025357246398926,0.01975675184200404,90,,,
chesca_commitment_full_mesh,108,13,6,0,0,0,0.0,0.0,0.0,0.0,0.060000000000000005,0.04,0.20000000000000004,3.395546826480142,3.3955468264801416,-4.440892098500626e-16,6.024939060211182,0.07918137953672036,90,,,
chesca_commitment_full_mesh,109,14,6,0,0,0,0.0,0.0,0.0,0.0,0.060000000000000005,0.04,0.20000000000000004,2.2635355986642125,2.263535598664212,-4.440892098500626e-16,6.017749786376953,0.06323581421027229,90,,,
chesca_commitment_full_mesh,110,15,6,2,2,0,0.04000000000000001,0.0,0.04000000000000001,0.0,0.10000000000000002,0.04,0.20333333333333334,4.334656649915413,4.188656649915413,-0.1459999999999999,6.001532554626465,0.08674310207970681,90,,,
chesca_commitment_full_mesh,111,16,6,0,0,0,0.0,0.0,0.0,0.0,0.10000000000000002,0.04,0.20333333333333334,5.570662053978014,5.570662053978014,0.0,5.985315322875977,0.08453470467353033,90,,,
chesca_commitment_full_mesh,112,17,6,4,0,4,0.0,0.1,0.0,0.12000000000000001,3.469446951953614e-18,3.469446951953614e-18,0.2233333333333333,6.225823537721782,6.513883604242279,0.2880600665204973,6.015432834625244,-0.16349640704794965,90,,,
chesca_commitment_full_mesh,113,18,6,0,0,0,0.0,0.0,0.0,0.0,3.469446951953614e-18,3.469446951953614e-18,0.2233333333333333,6.179168210202355,6.179168210202356,8.881784197001252e-16,6.025238037109375,-0.0570628900252496,90,,,
chesca_commitment_full_mesh,114,19,6,5,5,0,0.1,0.0,0.1,0.0,0.1,0.020000000000000007,0.24,8.18438641024148,7.812386410241478,-0.37200000000000166,6.024819850921631,0.6324604083179324,90,,,
chesca_commitment_full_mesh,115,20,6,1,1,0,0.01999999999999999,0.0,0.01999999999999999,0.0,0.12,0.020000000000000007,0.20666666666666667,7.822298903989017,7.756298903989016,-0.06600000000000072,6.025596618652344,0.3238289175303337,90,,,
chesca_commitment_full_mesh,116,21,6,0,0,0,0.0,0.0,0.0,0.0,0.12,0.020000000000000007,0.1666666666666667,6.978376159008549,6.978376159008549,0.0,6.0357666015625,0.0401614721975406,90,,,
chesca_commitment_full_mesh,117,22,6,6,0,6,0.0,0.12,0.0,0.12000000000000002,6.938893903907228e-18,3.469446951953614e-18,0.17333333333333334,6.569258898428309,7.00725889842831,0.4380000000000006,6.0510478019714355,-0.039933621170132966,90,,,
chesca_commitment_full_mesh,118,23,6,0,0,0,0.0,0.0,0.0,0.0,6.938893903907228e-18,3.469446951953614e-18,0.1566666666666667,6.523357333624101,6.523357333624101,0.0,6.043170928955078,-0.05892237686647517,90,,,
chesca_commitment_full_mesh,119,24,6,6,0,6,0.0,6.938893903907228e-18,0.0,0.24000000000000005,0.0,0.0,0.18666666666666668,6.040966386658802,6.916966386658803,0.8760000000000012,6.053885459899902,-0.0931427404850208,90,,,
chesca_commitment_full_mesh,120,1,6,6,0,6,0.0,0.0,0.0,0.2,0.0,0.0,0.21,4.916009102914346,5.657051363799585,0.741042260885239,6.060033321380615,-0.5419684224306821,90,,,
chesca_commitment_full_mesh,121,2,6,5,0,5,0.0,0.0,0.0,0.16000000000000003,0.0,0.0,0.22333333333333336,4.337735501626939,4.9497355016269395,0.6120000000000001,6.056722640991211,-0.5159583236738733,90,,,
chesca_commitment_full_mesh,122,3,6,2,0,2,0.0,0.0,0.0,0.04000000000000001,0.0,0.0,0.23,4.911160191862857,5.026070934386821,0.11491074252396416,6.053412437438965,-0.3807757121661714,90,,,
chesca_commitment_full_mesh,123,4,6,1,0,1,0.0,0.0,0.0,0.020000000000000004,0.0,0.0,0.23333333333333336,3.794555385041758,3.8605553850417587,0.06600000000000072,6.049340724945068,-0.44312835945927265,90,,,
chesca_commitment_full_mesh,124,5,6,0,0,0,0.0,0.0,0.0,0.0,0.0,0.0,0.21,3.9485929835028153,3.9485929835028144,-8.881784197001252e-16,6.040702819824219,-0.29733222388872915,90,,,
chesca_commitment_full_mesh,125,6,6,3,0,3,0.0,0.0,0.0,0.06000000000000001,0.0,0.0,0.22,4.458377450992359,4.6492092161377565,0.1908317651453979,6.032064914703369,-0.267395982290182,90,,,
chesca_commitment_full_mesh,126,7,6,6,0,6,0.0,0.0,0.0,0.16,0.0,0.0,0.24666666666666667,3.737172636972476,4.187929804840998,0.45075716786852205,6.048106670379639,-1.335863931667526,90,,,
chesca_commitment_full_mesh,127,8,6,0,0,0,0.0,0.0,0.0,0.0,0.0,0.0,0.22333333333333336,3.3329092490076095,3.33290924900761,4.440892098500626e-16,6.039468765258789,-0.25175286804153196,90,,,
chesca_commitment_full_mesh,128,9,6,3,0,3,0.0,0.0,0.0,0.060000000000000005,0.0,0.0,0.23333333333333336,2.7569143092125223,2.9418215425191745,0.18490723330665215,6.0308308601379395,-0.38864420326758276,90,,,
chesca_commitment_full_mesh,129,10,6,4,0,4,0.0,0.0,0.0,0.08000000000000002,0.0,0.0,0.24666666666666667,2.678347686545047,2.8787782467454486,0.2004305602004015,6.046872615814209,-0.6533083512508568,90,,,
chesca_commitment_full_mesh,130,11,6,0,0,0,0.0,0.0,0.0,0.0,0.0,0.0,0.2366666666666667,1.9953427096175638,1.9953427096175638,0.0,6.038234710693359,-0.14166520499581187,90,,,
chesca_commitment_full_mesh,131,12,6,1,1,0,0.020000000000000004,0.0,0.020000000000000004,0.0,0.020000000000000004,0.020000000000000004,0.24000000000000002,3.100685572288677,3.0346855722886765,-0.06600000000000028,6.02959680557251,0.09345317945926887,90,,,
chesca_commitment_full_mesh,132,13,6,1,1,0,0.02,0.0,0.02,0.0,0.04000000000000001,0.020000000000000004,0.24333333333333337,3.435967622106087,3.3699676221060866,-0.06600000000000028,6.025656223297119,0.35291698446036635,90,,,
chesca_commitment_full_mesh,133,14,6,0,0,0,0.0,0.0,0.0,0.0,0.04000000000000001,0.020000000000000004,0.24333333333333337,3.6634773746518614,3.6634773746518614,0.0,6.025238037109375,0.1543093335929146,90,,,
chesca_commitment_full_mesh,134,15,6,4,0,4,0.0,0.04,0.0,0.08,3.469446951953614e-18,3.469446951953614e-18,0.25,2.8533628801603768,3.090469544839401,0.23710666467902408,6.028363227844238,-0.8307319350380901,90,,,
chesca_commitment_full_mesh,135,16,6,0,0,0,0.0,0.0,0.0,0.0,3.469446951953614e-18,3.469446951953614e-18,0.25,3.544470262949037,3.544470262949037,0.0,6.025596618652344,0.3120346828021364,90,,,
chesca_commitment_full_mesh,136,17,6,0,0,0,0.0,0.0,0.0,0.0,3.469446951953614e-18,3.469446951953614e-18,0.23,3.856038817248658,3.856038817248658,0.0,6.025177955627441,0.1762744205253789,90,,,
chesca_commitment_full_mesh,137,18,6,1,1,0,0.02,0.0,0.02,0.0,0.020000000000000004,0.020000000000000004,0.23333333333333336,5.710125384421132,5.644125384421132,-0.06599999999999984,6.024759769439697,0.18365021472073295,90,,,
chesca_commitment_full_mesh,138,19,6,3,2,1,0.04000000000000001,0.0,0.04000000000000001,0.03999999999999998,0.06000000000000001,0.020000000000000004,0.23,7.401349208671082,7.255349208671082,-0.1459999999999999,6.012726306915283,0.4472046528442064,90,,,
chesca_commitment_full_mesh,139,20,6,0,0,0,0.0,0.0,0.0,0.0,0.06000000000000001,0.020000000000000004,0.22666666666666668,7.784399946578977,7.784399946578977,0.0,6.025118350982666,0.5245966655136951,90,,,
chesca_commitment_full_mesh,140,21,6,3,0,3,0.0,0.060000000000000005,0.0,0.060000000000000005,6.938893903907228e-18,3.469446951953614e-18,0.2366666666666667,7.287865904609037,7.499865904609037,0.21200000000000063,6.025895118713379,-0.16617451532888505,90,,,
chesca_commitment_full_mesh,141,22,6,0,0,0,0.0,0.0,0.0,0.0,6.938893903907228e-18,3.469446951953614e-18,0.21666666666666667,6.385007144489906,6.385007144489906,0.0,6.041936874389648,-0.057709987585187215,90,,,
chesca_commitment_full_mesh,142,23,6,6,6,0,0.12000000000000002,0.0,0.12000000000000002,0.0,0.12000000000000002,0.020000000000000007,0.2366666666666667,7.387182278465183,6.949182278465183,-0.4379999999999997,6.033298969268799,0.3662078630036447,90,,,
chesca_commitment_full_mesh,143,24,6,0,0,0,0.0,0.0,0.0,0.0,0.12000000000000002,0.020000000000000007,0.19666666666666666,7.919417608110569,7.919417608110569,0.0,6.049340724945068,0.4875322220679354,90,,,
chesca_commitment_full_mesh,144,1,6,6,0,6,0.0,0.12000000000000002,0.0,0.14,0.0,0.0,0.18666666666666668,6.26980498866894,6.773804988668941,0.5040000000000004,6.056250095367432,-0.10344017096672563,90,,,
chesca_commitment_full_mesh,145,2,6,6,0,6,0.0,0.0,0.0,0.2,0.0,0.0,0.19333333333333336,6.238784369383508,6.977138357653249,0.7383539882697416,6.066559314727783,-0.24659732555055383,90,,,
chesca_commitment_full_mesh,146,3,6,5,0,5,0.0,0.0,0.0,0.16000000000000003,0.0,0.0,0.21333333333333335,5.766750928923114,6.347346024158424,0.58059509523531,6.083527088165283,-0.1532858894995942,90,,,
chesca_commitment_full_mesh,147,4,6,2,0,2,0.0,0.0,0.0,0.04000000000000001,0.0,0.0,0.21666666666666667,5.117222468061649,5.2163620112413644,0.09913954317971552,6.13948392868042,-0.2973842074689235,90,,,
chesca_commitment_full_mesh,148,5,6,1,0,1,0.0,0.0,0.0,0.020000000000000004,0.0,0.0,0.22,5.0006257352638945,5.066625735263895,0.06600000000000072,6.105536460876465,-0.11043215091362601,90,,,
chesca_commitment_full_mesh,149,6,6,0,0,0,0.0,0.0,0.0,0.0,0.0,0.0,0.21,5.61876697280108,5.61876697280108,0.0,6.082221984863281,-0.032228293947617254,90,,,
chesca_commitment_full_mesh,150,7,6,3,0,3,0.0,0.0,0.0,0.06000000000000001,0.0,0.0,0.19333333333333333,4.228561283316128,4.454561283316128,0.22599999999999998,6.073085784912109,-0.09497373940943529,90,,,
chesca_commitment_full_mesh,151,8,6,0,0,0,0.0,0.0,0.0,0.0,0.0,0.0,0.19333333333333333,5.1852102878398005,5.1852102878398005,0.0,6.063948631286621,0.029377884430636953,90,,,
chesca_commitment_full_mesh,152,9,6,5,0,5,0.0,0.0,0.0,0.12,0.0,0.0,0.20333333333333334,4.9413199058575765,5.393319905857578,0.45200000000000173,6.058141708374023,-0.09527663720661929,90,,,
chesca_commitment_full_mesh,153,10,6,0,0,0,0.0,0.0,0.0,0.0,0.0,0.0,0.19000000000000003,5.31936119535169,5.319361195351689,-8.881784197001252e-16,6.054831027984619,-0.04305805507608267,90,,,
chesca_commitment_full_mesh,154,11,6,5,0,5,0.0,0.0,0.0,0.14,0.0,0.0,0.21333333333333335,4.473936756963275,4.93023345278112,0.45629669581784427,6.051520824432373,-0.12885827074621725,90,,,
chesca_commitment_full_mesh,155,12,6,6,0,6,0.0,0.0,0.0,0.22000000000000003,0.0,0.0,0.24666666666666667,4.891372766977833,5.668691649885208,0.7773188829073749,6.057668685913086,-0.9643279743307175,90,,,
chesca_commitment_full_mesh,156,13,6,0,0,0,0.0,0.0,0.0,0.0,0.0,0.0,0.24333333333333332,6.1972272375128306,6.1972272375128306,0.0,6.054358005523682,0.12009283163581567,90,,,
chesca_commitment_full_mesh,157,14,6,0,0,0,0.0,0.0,0.0,0.0,0.0,0.0,0.24333333333333332,5.088550776083483,5.088550776083483,0.0,6.0510478019714355,0.22166731592214278,90,,,
chesca_commitment_full_mesh,158,15,6,0,0,0,0.0,0.0,0.0,0.0,0.0,0.0,0.22999999999999998,5.536927930928907,5.536927930928906,-8.881784197001252e-16,6.043170928955078,-0.04245546601091087,90,,,
chesca_commitment_full_mesh,159,16,6,1,1,0,0.020000000000000004,0.0,0.020000000000000004,0.0,0.020000000000000004,0.020000000000000004,0.2333333333333333,4.976747541779194,4.896747541779195,-0.07999999999999918,6.0345330238342285,0.34021404398555083,90,,,
chesca_commitment_full_mesh,160,17,6,4,4,0,0.08000000000000002,0.0,0.08000000000000002,0.0,0.10000000000000002,0.020000000000000004,0.24666666666666667,6.56572668583334,6.287726685833339,-0.27800000000000136,6.025895118713379,0.6695957019101929,90,,,
chesca_commitment_full_mesh,161,18,6,0,0,0,0.0,0.0,0.0,0.0,0.10000000000000002,0.020000000000000004,0.24333333333333332,7.29071726672822,7.290717266728219,-8.881784197001252e-16,6.041936874389648,0.6864615113208363,90,,,
chesca_commitment_full_mesh,162,19,6,5,0,5,0.0,0.1,0.0,0.1,1.0408340855860843e-17,3.469446951953614e-18,0.24666666666666667,8.094350062244219,8.452350062244218,0.35799999999999876,6.053412437438965,-0.09177371886618725,90,,,
chesca_commitment_full_mesh,163,20,6,0,0,0,0.0,0.0,0.0,0.0,1.0408340855860843e-17,3.469446951953614e-18,0.24666666666666667,7.4650142046686145,7.465014204668615,8.881784197001252e-16,6.059560298919678,0.31344214062413017,90,,,
chesca_commitment_full_mesh,164,21,6,6,6,0,0.12000000000000001,0.0,0.12000000000000001,0.0,0.12000000000000001,0.020000000000000007,0.25666666666666665,8.728391216880697,8.290391216880696,-0.4380000000000006,6.075695991516113,0.8337403295776719,90,,,
chesca_commitment_full_mesh,165,22,6,0,0,0,0.0,0.0,0.0,0.0,0.12000000000000001,0.020000000000000007,0.25666666666666665,8.720619177102316,8.720619177102316,0.0,6.110385417938232,0.6769881199230476,90,,,
chesca_commitment_full_mesh,166,23,6,0,0,0,0.0,0.0,0.0,0.0,0.12000000000000001,0.020000000000000007,0.23666666666666666,7.6127788257465685,7.6127788257465685,0.0,6.083527088165283,0.4712076514277847,90,,,
chesca_commitment_full_mesh,167,24,6,6,0,6,0.0,0.12000000000000001,0.0,0.12000000000000002,6.938893903907228e-18,3.469446951953614e-18,0.25666666666666665,7.248126283620677,7.686126283620679,0.4380000000000015,6.13948392868042,-0.0347733733666635,90,,,
chesca_commitment_full_mesh,168,1,6,0,0,0,0.0,0.0,0.0,0.0,6.938893903907228e-18,3.469446951953614e-18,0.2333333333333333,7.114657650703984,7.114657650703983,-8.881784197001252e-16,6.191677093505859,0.08382728056850436,90,,,
chesca_commitment_full_mesh,169,2,6,1,0,1,0.0,0.0,0.0,0.020000000000000004,6.938893903907228e-18,3.469446951953614e-18,0.20333333333333337,6.5945680913950895,6.660568091395089,0.06599999999999984,6.2218403816223145,-0.09589149876338274,90,,,
chesca_commitment_full_mesh,170,3,6,4,0,4,0.0,3.469446951953614e-18,0.0,0.10000000000000002,3.469446951953614e-18,3.469446951953614e-18,0.19333333333333336,5.613126216636658,5.9571262166366585,0.3440000000000003,6.2218403816223145,-0.2554872897497677,90,,,
chesca_commitment_full_mesh,171,4,6,5,0,5,0.0,3.469446951953614e-18,0.0,0.14,0.0,0.0,0.21000000000000005,5.734673744269989,6.260857018885884,0.526183274615895,6.191677093505859,-0.106493923313713,90,,,
chesca_commitment_full_mesh,172,5,6,3,0,3,0.0,0.0,0.0,0.06000000000000001,0.0,0.0,0.2166666666666667,4.586453255135891,4.760592682581043,0.17413942744515243,6.191677093505859,-0.2512990041711104,90,,,
chesca_commitment_full_mesh,173,6,6,0,0,0,0.0,0.0,0.0,0.0,0.0,0.0,0.2166666666666667,5.566947569109136,5.566947569109136,0.0,6.13948392868042,-0.04195013838289385,90,,,
chesca_commitment_full_mesh,174,7,6,1,0,1,0.0,0.0,0.0,0.02,0.0,0.0,0.21,4.168731520140891,4.207170835492099,0.038439315351207703,6.074390411376953,-0.12343708221158746,90,,,
chesca_commitment_full_mesh,175,8,6,3,0,3,0.0,0.0,0.0,0.06,0.0,0.0,0.22,4.40656974436755,4.598103287867583,0.19153354350003315,6.074390411376953,-0.16241925922669762,90,,,
chesca_commitment_full_mesh,176,9,6,0,0,0,0.0,0.0,0.0,0.0,0.0,0.0,0.19999999999999998,4.051425290346827,4.051425290346827,0.0,6.055777072906494,-0.22306681488301755,90,,,
chesca_commitment_full_mesh,177,10,6,0,0,0,0.0,0.0,0.0,0.0,0.0,0.0,0.19999999999999998,3.832152703257848,3.8321527032578477,-4.440892098500626e-16,6.055777072906494,-0.016886631294651552,90,,,
chesca_commitment_full_mesh,178,11,6,5,0,5,0.0,0.0,0.0,0.10000000000000002,0.0,0.0,0.19333333333333336,1.8762836373377485,2.207687514127736,0.3314038767899874,6.0438408851623535,-0.15998514180713747,90,,,
chesca_commitment_full_mesh,179,12,6,0,0,0,0.0,0.0,0.0,0.0,0.0,0.0,0.15666666666666668,1.8213900038666866,1.8213900038666866,0.0,6.0438408851623535,-0.024040076006461686,90,,,
chesca_commitment_full_mesh,180,13,6,0,0,0,0.0,0.0,0.0,0.0,0.0,0.0,0.15666666666666668,2.7136489906268375,2.7136489906268375,0.0,6.0438408851623535,0.07393337064638426,90,,,
chesca_commitment_full_mesh,181,14,6,6,6,0,0.24000000000000002,0.0,0.24000000000000002,0.0,0.24000000000000002,0.04000000000000001,0.19666666666666666,3.8572193950901137,2.9812193950901142,-0.8759999999999994,6.0438408851623535,0.13987545161120601,90,,,
chesca_commitment_full_mesh,182,15,6,0,0,0,0.0,0.0,0.0,0.0,0.24000000000000002,0.04000000000000001,0.19666666666666666,4.509860521762774,4.509860521762774,0.0,6.0438408851623535,0.20917571008584454,90,,,
chesca_commitment_full_mesh,183,16,6,0,0,0,0.0,0.0,0.0,0.0,0.24000000000000002,0.04000000000000001,0.19333333333333336,4.8258232501236815,4.825823250123681,-8.881784197001252e-16,6.0438408851623535,0.5070242723877475,90,,,
chesca_commitment_full_mesh,184,17,6,0,0,0,0.0,0.0,0.0,0.0,0.24000000000000002,0.04000000000000001,0.18000000000000002,5.617527139441117,5.617527139441118,8.881784197001252e-16,6.031238555908203,0.554598569371608,90,,,
chesca_commitment_full_mesh,185,18,6,1,0,1,0.0,0.04000000000000001,0.0,0.04000000000000001,0.2,0.04,0.18666666666666668,6.746718370895015,6.746718370895014,-8.881784197001252e-16,6.025357246398926,0.703822639726867,90,,,
chesca_commitment_full_mesh,186,19,6,0,0,0,0.0,0.0,0.0,0.0,0.2,0.04,0.17000000000000004,6.571862353851092,6.571862353851092,0.0,6.025357246398926,0.2238666925883833,90,,,
chesca_commitment_full_mesh,187,20,6,5,0,5,0.0,0.2,0.0,0.2,0.0,0.0,0.20333333333333334,7.970045812724411,8.714045812724411,0.7439999999999998,6.025357246398926,-0.23524567497794702,90,,,
chesca_commitment_full_mesh,188,21,6,4,4,0,0.10000000000000002,0.0,0.10000000000000002,0.0,0.10000000000000002,0.04000000000000001,0.20000000000000004,7.801159766365089,7.429159766365089,-0.3719999999999999,6.025357246398926,0.2600540849513221,90,,,
chesca_commitment_full_mesh,189,22,6,2,2,0,0.04000000000000001,0.0,0.04000000000000001,0.0,0.14,0.04000000000000001,0.20666666666666667,6.839016272304545,6.707016272304545,-0.13200000000000056,6.025357246398926,0.17941763006011835,90,,,
chesca_commitment_full_mesh,190,23,6,0,0,0,0.0,0.0,0.0,0.0,0.14,0.04000000000000001,0.20666666666666667,6.640998788861557,6.640998788861557,0.0,6.00744104385376,0.2083854648524618,90,,,
chesca_commitment_full_mesh,191,24,6,0,0,0,0.0,0.0,0.0,0.0,0.14,0.04000000000000001,0.18666666666666668,7.190790244859691,7.190790244859691,0.0,6.00744104385376,0.3323802546938181,90,,,
chesca_commitment_full_mesh,192,1,6,0,0,0,0.0,0.0,0.0,0.0,0.14,0.04000000000000001,0.18666666666666668,7.599741224270595,7.599741224270595,0.0,6.00744104385376,0.3854723099283636,90,,,
chesca_commitment_full_mesh,193,2,6,6,0,6,0.0,0.14,0.0,0.20000000000000004,0.0,0.0,0.21666666666666667,6.452045735516212,7.196045735516213,0.7440000000000007,6.025357246398926,-0.1532925641760474,90,,,
chesca_commitment_full_mesh,194,3,6,6,0,6,0.0,0.0,0.0,0.18000000000000005,0.0,0.0,0.23,4.7489664666835,5.405667698900075,0.6567012322165748,6.031238555908203,-0.8067798008240004,90,,,
chesca_commitment_full_mesh,195,4,6,1,0,1,0.0,0.0,0.0,0.020000000000000004,0.0,0.0,0.21,4.421566817951702,4.487566817951702,0.06599999999999984,6.031238555908203,-0.21581622175015708,90,,,
chesca_commitment_full_mesh,196,5,6,0,0,0,0.0,0.0,0.0,0.0,0.0,0.0,0.20000000000000004,4.9136602839548384,4.913660283954839,8.881784197001252e-16,6.031238555908203,-0.0738412156747783,90,,,
chesca_commitment_full_mesh,197,6,6,0,0,0,0.0,0.0,0.0,0.0,0.0,0.0,0.20000000000000004,5.085092873365145,5.085092873365145,0.0,6.031238555908203,-0.01090343375401815,90,,,
chesca_commitment_full_mesh,198,7,6,4,0,4,0.0,0.0,0.0,0.1,0.0,0.0,0.21333333333333335,4.446179912879502,4.76102308077774,0.3148431678982382,6.031238555908203,-0.0978809472214572,90,,,
chesca_commitment_full_mesh,199,8,6,1,0,1,0.0,0.0,0.0,0.02,0.0,0.0,0.20666666666666667,3.2829414150713827,3.317370103849349,0.03442868877796634,6.031238555908203,-0.1405093266314244,90,,,
chesca_commitment_full_mesh,200,9,6,4,4,0,0.08000000000000002,0.0,0.08000000000000002,0.0,0.08000000000000002,0.020000000000000004,0.22,5.241314769174206,4.949314769174205,-0.2920000000000007,6.031238555908203,0.21239484999021319,90,,,
chesca_commitment_full_mesh,201,10,6,4,0,4,0.0,0.08,0.0,0.08000000000000002,3.469446951953614e-18,3.469446951953614e-18,0.23333333333333336,3.3936047673109653,3.6236806894355627,0.23007592212459738,6.031238555908203,-0.13982137962755453,90,,,
chesca_commitment_full_mesh,202,11,6,0,0,0,0.0,0.0,0.0,0.0,3.469446951953614e-18,3.469446951953614e-18,0.21666666666666667,3.7507910824733464,3.750791082473346,-4.440892098500626e-16,6.031238555908203,0.09438566825471806,90,,,
chesca_commitment_full_mesh,203,12,6,2,2,0,0.04000000000000001,0.0,0.04000000000000001,0.0,0.04000000000000001,0.020000000000000004,0.22333333333333336,3.281509558162938,3.135509558162938,-0.1459999999999999,6.031238555908203,0.11957549483883576,90,,,
chesca_commitment_full_mesh,204,13,6,0,0,0,0.0,0.0,0.0,0.0,0.04000000000000001,0.020000000000000004,0.22333333333333336,4.8868184450546694,4.8868184450546694,0.0,6.031238555908203,0.25512799325615854,90,,,
chesca_commitment_full_mesh,205,14,6,5,0,5,0.0,0.04000000000000001,0.0,0.10000000000000002,3.469446951953614e-18,3.469446951953614e-18,0.20000000000000004,5.261301725137125,5.633301725137125,0.3719999999999999,6.031238555908203,-0.3769023169963214,90,,,
chesca_commitment_full_mesh,206,15,6,6,6,0,0.12000000000000001,0.0,0.12000000000000001,0.0,0.12000000000000001,0.020000000000000007,0.22,6.369025265946712,5.931025265946713,-0.4379999999999997,6.031238555908203,0.1471777219310138,90,,,
chesca_commitment_full_mesh,207,16,6,6,6,0,0.12000000000000001,0.0,0.12000000000000001,0.0,0.24000000000000002,0.04000000000000001,0.24000000000000002,6.816626843831654,6.378626843831653,-0.4380000000000006,6.031238555908203,0.8400997327097126,90,,,
chesca_commitment_full_mesh,208,17,6,6,6,0,0.18,0.0,0.18,0.0,0.42,0.08000000000000002,0.27,9.954707396711507,9.276707396711506,-0.6780000000000008,6.031238555908203,1.8317760448961888,90,,,
chesca_commitment_full_mesh,209,18,6,0,0,0,0.0,0.0,0.0,0.0,0.42,0.08000000000000002,0.26333333333333336,9.539454627920358,9.539454627920358,0.0,6.04904317855835,1.1229874155607498,90,,,
chesca_commitment_full_mesh,210,19,6,0,0,0,0.0,0.0,0.0,0.0,0.42,0.08000000000000002,0.26333333333333336,11.027320457399773,11.027320457399773,0.0,6.04904317855835,1.5572879392994785,90,,,
chesca_commitment_full_mesh,211,20,6,0,0,0,0.0,0.0,0.0,0.0,0.42,0.08000000000000002,0.23,10.85522986628622,10.85522986628622,0.0,6.04904317855835,1.3956931536776513,90,,,
chesca_commitment_full_mesh,212,21,6,0,0,0,0.0,0.0,0.0,0.0,0.42,0.08000000000000002,0.21333333333333337,9.236989178557536,9.236989178557536,0.0,6.04904317855835,0.8784910806217536,90,,,
chesca_commitment_full_mesh,213,22,6,0,0,0,0.0,0.0,0.0,0.0,0.42,0.08000000000000002,0.2066666666666667,7.193486802468501,7.193486802468501,0.0,6.074390411376953,0.17310173368965948,90,,,
chesca_commitment_full_mesh,214,23,6,0,0,0,0.0,0.0,0.0,0.0,0.42,0.08000000000000002,0.2066666666666667,9.354907636708326,9.354907636708326,0.0,6.074390411376953,1.0708757512378462,90,,,
chesca_commitment_full_mesh,215,24,6,0,0,0,0.0,0.0,0.0,0.0,0.42,0.08000000000000002,0.2066666666666667,8.329928957310894,8.329928957310894,0.0,6.074390411376953,0.5909881882484231,90,,,
chesca_commitment_full_mesh,216,1,6,0,0,0,0.0,0.0,0.0,0.0,0.42,0.08000000000000002,0.2066666666666667,7.930156696448542,7.930156696448542,0.0,6.074390411376953,0.4461346943773833,90,,,
chesca_commitment_full_mesh,217,2,6,0,0,0,0.0,0.0,0.0,0.0,0.42,0.08000000000000002,0.17333333333333334,6.927543942377635,6.927543942377634,-8.881784197001252e-16,6.13948392868042,0.05464019443927781,90,,,
chesca_commitment_full_mesh,218,3,6,0,0,0,0.0,0.0,0.0,0.0,0.42,0.08000000000000002,0.14333333333333334,6.85706882844139,6.85706882844139,0.0,6.191677093505859,0.12589827171604606,90,,,
chesca_commitment_full_mesh,219,4,6,6,0,6,0.0,0.24000000000000005,0.0,0.24000000000000005,0.18,0.04000000000000001,0.18000000000000002,6.142633764332074,7.018633764332074,0.8760000000000003,6.2218403816223145,-0.1599217710076911,90,,,
chesca_commitment_full_mesh,220,5,6,6,0,6,0.0,0.18,0.0,0.22000000000000003,1.3877787807814457e-17,6.938893903907228e-18,0.21666666666666667,4.811029610985033,5.616591644496312,0.8055620335112792,6.319121360778809,-0.2589299935479961,90,,,
chesca_commitment_full_mesh,221,6,6,0,0,0,0.0,0.0,0.0,0.0,1.3877787807814457e-17,6.938893903907228e-18,0.21666666666666667,5.296601489492035,5.296601489492034,-8.881784197001252e-16,6.319121360778809,-0.043036407586033804,90,,,
chesca_commitment_full_mesh,222,7,6,0,0,0,0.0,0.0,0.0,0.0,1.3877787807814457e-17,6.938893903907228e-18,0.19999999999999998,3.959675372037004,3.9596753720370037,-4.440892098500626e-16,6.319121360778809,0.012518382832087616,90,,,
chesca_commitment_full_mesh,223,8,6,0,0,0,0.0,0.0,0.0,0.0,1.3877787807814457e-17,6.938893903907228e-18,0.19666666666666666,4.522769926383598,4.522769926383598,0.0,6.319121360778809,-0.015649560648264185,90,,,
chesca_commitment_full_mesh,224,9,6,6,0,6,0.0,1.3877787807814457e-17,0.0,0.14,0.0,0.0,0.2066666666666667,3.2776923960410946,3.718968703695304,0.44127630765420944,6.415008068084717,-0.4967943915494934,90,,,
chesca_commitment_full_mesh,225,10,6,0,0,0,0.0,0.0,0.0,0.0,0.0,0.0,0.19333333333333336,2.8385106637139765,2.8385106637139765,0.0,6.415008068084717,0.05461934173714948,90,,,
chesca_commitment_full_mesh,226,11,6,5,5,0,0.14,0.0,0.14,0.0,0.14,0.04,0.21666666666666667,2.6332344051413727,2.143234405141372,-0.49000000000000066,6.415008068084717,0.1538069093187332,90,,,
chesca_commitment_full_mesh,227,12,6,0,0,0,0.0,0.0,0.0,0.0,0.14,0.04,0.21,3.4888112887638307,3.4888112887638307,0.0,6.415008068084717,0.3072546525731939,90,,,
chesca_commitment_full_mesh,228,13,6,2,1,1,0.020000000000000004,0.02,0.020000000000000004,0.03999999999999998,0.14,0.04,0.22,4.42057864041263,4.340578640412631,-0.07999999999999918,6.319121360778809,0.3590343394702923,90,,,
chesca_commitment_full_mesh,229,14,6,5,0,5,0.0,0.14,0.0,0.14,3.469446951953614e-18,3.469446951953614e-18,0.22666666666666668,4.8190273937132,5.194396790988373,0.3753693972751728,6.319121360778809,-0.19747170562850522,90,,,
chesca_commitment_full_mesh,230,15,6,0,0,0,0.0,0.0,0.0,0.0,3.469446951953614e-18,3.469446951953614e-18,0.20666666666666667,5.333265584743536,5.333265584743536,0.0,6.2218403816223145,0.0739584031289126,90,,,
chesca_commitment_full_mesh,231,16,6,6,6,0,0.12000000000000001,0.0,0.12000000000000001,0.0,0.12000000000000001,0.020000000000000007,0.20666666666666667,5.577420033757541,5.139420033757541,-0.4379999999999997,6.191677093505859,0.4220969022922691,90,,,
chesca_commitment_full_mesh,232,17,6,6,0,6,0.0,0.12000000000000001,0.0,0.12000000000000002,6.938893903907228e-18,3.469446951953614e-18,0.19666666666666666,8.129106464382371,8.524535095019568,0.3954286306371966,6.2218403816223145,0.0036485544592872545,90,,,
chesca_commitment_full_mesh,233,18,6,6,5,1,0.18000000000000005,0.0,0.18000000000000005,0.04000000000000001,0.18000000000000005,0.04000000000000001,0.23333333333333336,8.288958015833398,7.610958015833397,-0.6780000000000008,6.319121360778809,0.6901242391340068,90,,,
chesca_commitment_full_mesh,234,19,6,1,1,0,0.01999999999999999,0.0,0.01999999999999999,0.0,0.20000000000000004,0.04000000000000001,0.2366666666666667,9.6690172908015,9.6030172908015,-0.06600000000000072,6.319121360778809,1.09298521891713,90,,,
chesca_commitment_full_mesh,235,20,6,0,0,0,0.0,0.0,0.0,0.0,0.20000000000000004,0.04000000000000001,0.2366666666666667,9.553725160008625,9.553725160008625,0.0,6.415008068084717,0.7686961127424108,90,,,
chesca_commitment_full_mesh,236,21,6,0,0,0,0.0,0.0,0.0,0.0,0.20000000000000004,0.04000000000000001,0.2366666666666667,8.907371020189531,8.907371020189531,0.0,6.444741725921631,0.648764713043856,90,,,
chesca_commitment_full_mesh,237,22,6,0,0,0,0.0,0.0,0.0,0.0,0.20000000000000004,0.04000000000000001,0.2366666666666667,8.95106306865157,8.95106306865157,0.0,6.444741725921631,0.7109878230437617,90,,,
chesca_commitment_full_mesh,238,23,6,0,0,0,0.0,0.0,0.0,0.0,0.20000000000000004,0.04000000000000001,0.2366666666666667,9.797824086882493,9.79782408688249,-1.7763568394002505e-15,6.444741725921631,0.832796585120551,90,,,
chesca_commitment_full_mesh,239,24,6,0,0,0,0.0,0.0,0.0,0.0,0.20000000000000004,0.04000000000000001,0.2366666666666667,10.728227829753786,10.728227829753786,0.0,6.488386631011963,1.0830978922169694,90,,,
chesca_commitment_full_mesh,240,1,6,0,0,0,0.0,0.0,0.0,0.0,0.20000000000000004,0.04000000000000001,0.2366666666666667,9.174721514966397,9.174721514966397,0.0,6.52321195602417,0.7045853715811138,90,,,
chesca_commitment_full_mesh,241,2,6,0,0,0,0.0,0.0,0.0,0.0,0.20000000000000004,0.04000000000000001,0.2366666666666667,8.431601493809042,8.431601493809042,0.0,6.525238990783691,0.3337505900223354,90,,,
chesca_commitment_full_mesh,242,3,6,6,0,6,0.0,0.2,0.0,0.2,3.469446951953614e-18,3.469446951953614e-18,0.27,6.718747276139805,7.462747276139804,0.7439999999999989,6.547687530517578,-0.24365430950744396,90,,,
chesca_commitment_full_mesh,243,4,6,0,0,0,0.0,0.0,0.0,0.0,3.469446951953614e-18,3.469446951953614e-18,0.23,5.012292415171209,5.012292415171209,0.0,6.565720558166504,-0.3859022570106057,90,,,
chesca_commitment_full_mesh,244,5,6,0,0,0,0.0,0.0,0.0,0.0,3.469446951953614e-18,3.469446951953614e-18,0.19333333333333333,5.344020486833363,5.344020486833363,0.0,6.547687530517578,-0.13662923044953304,90,,,
chesca_commitment_full_mesh,245,6,6,4,0,4,0.0,3.469446951953614e-18,0.0,0.14,0.0,0.0,0.21666666666666667,5.45958597506707,5.958802157689113,0.4992161826220425,6.547687530517578,-0.09416514985758204,90,,,
chesca_commitment_full_mesh,246,7,6,1,0,1,0.0,0.0,0.0,0.02,0.0,0.0,0.22,4.487691390236591,4.528168563348247,0.04047717311165577,6.547687530517578,-0.19234255726004282,90,,,
chesca_commitment_full_mesh,247,8,6,0,0,0,0.0,0.0,0.0,0.0,0.0,0.0,0.22,4.413403066795378,4.413403066795378,0.0,6.547687530517578,-0.1610316112785783,90,,,
chesca_commitment_full_mesh,248,9,6,0,0,0,0.0,0.0,0.0,0.0,0.0,0.0,0.19666666666666666,4.912778976232258,4.912778976232259,8.881784197001252e-16,6.547687530517578,-0.06219230998943323,90,,,
chesca_commitment_full_mesh,249,10,6,6,0,6,0.0,0.0,0.0,0.14,0.0,0.0,0.22,3.1903023901112073,3.5784116099007117,0.3881092197895044,6.565720558166504,-0.5331464232651086,90,,,
chesca_commitment_full_mesh,250,11,6,0,0,0,0.0,0.0,0.0,0.0,0.0,0.0,0.19666666666666666,0.6865006881496118,0.6865006881496118,0.0,6.565720558166504,-0.2662927270088209,90,,,
chesca_commitment_full_mesh,251,12,6,0,0,0,0.0,0.0,0.0,0.0,0.0,0.0,0.19666666666666666,0.3141140627207928,0.31411406272079273,-5.551115123125783e-17,6.565720558166504,0.0413913826964482,90,,,
chesca_commitment_full_mesh,252,13,6,5,5,0,0.14,0.0,0.14,0.0,0.14,0.04,0.21,2.9431107706627775,2.4531107706627777,-0.48999999999999977,6.565720558166504,0.11018441659607967,90,,,
chesca_commitment_full_mesh,253,14,6,1,1,0,0.020000000000000004,0.0,0.020000000000000004,0.0,0.16,0.04,0.18999999999999997,3.237607094787135,3.1576070947871355,-0.07999999999999963,6.565720558166504,0.3244434139398644,90,,,
chesca_commitment_full_mesh,254,15,6,6,0,6,0.0,0.16,0.0,0.16,6.938893903907228e-18,3.469446951953614e-18,0.21666666666666667,4.3880715536092945,4.696136427643422,0.30806487403412763,6.5773844718933105,-0.21329065396180186,90,,,
chesca_commitment_full_mesh,255,16,6,5,4,1,0.16000000000000003,0.0,0.16000000000000003,0.03999999999999998,0.16000000000000003,0.04000000000000001,0.23,9.196854079657657,8.584854079657656,-0.6120000000000001,6.5773844718933105,1.413526592840486,90,,,
chesca_commitment_full_mesh,256,17,6,4,0,4,0.0,0.10000000000000002,0.0,0.10000000000000002,0.06000000000000001,0.020000000000000007,0.22666666666666668,7.3461946748885065,7.718194674888506,0.3719999999999999,6.63423490524292,-0.05484089204995808,90,,,
chesca_commitment_full_mesh,257,18,6,3,3,0,0.10000000000000002,0.0,0.10000000000000002,0.0,0.16000000000000003,0.04000000000000001,0.20666666666666667,8.424188035806406,8.094188035806406,-0.33000000000000007,6.63423490524292,0.948086911044562,90,,,
chesca_commitment_full_mesh,258,19,6,6,6,0,0.22000000000000003,0.0,0.22000000000000003,0.0,0.38000000000000006,0.08000000000000002,0.24000000000000002,12.337014355254043,11.527014355254044,-0.8099999999999987,6.70948600769043,1.7293777828264765,90,,,
chesca_commitment_full_mesh,259,20,6,0,0,0,0.0,0.0,0.0,0.0,0.38000000000000006,0.08000000000000002,0.24000000000000002,11.181550061809084,11.181550061809084,0.0,6.70948600769043,1.3919538604301065,90,,,
chesca_commitment_full_mesh,260,21,6,0,0,0,0.0,0.0,0.0,0.0,0.38000000000000006,0.08000000000000002,0.24000000000000002,9.82892443404253,9.82892443404253,0.0,6.70948600769043,0.838471048698987,90,,,
chesca_commitment_full_mesh,261,22,6,6,0,6,0.0,0.24000000000000002,0.0,0.24000000000000002,0.14000000000000004,0.040000000000000015,0.28,8.189386308500485,9.065386308500484,0.8759999999999994,6.70948600769043,-0.13256496037876686,90,,,
chesca_commitment_full_mesh,262,23,6,0,0,0,0.0,0.0,0.0,0.0,0.14000000000000004,0.040000000000000015,0.28,8.944543100190002,8.944543100190002,0.0,6.70948600769043,0.6979787842460591,90,,,
chesca_commitment_full_mesh,263,24,6,0,0,0,0.0,0.0,0.0,0.0,0.14000000000000004,0.040000000000000015,0.28,9.613183316679475,9.613183316679475,0.0,6.770686626434326,0.7719214013046907,90,,,
chesca_commitment_full_mesh,264,1,6,0,0,0,0.0,0.0,0.0,0.0,0.14000000000000004,0.040000000000000015,0.28,8.779363624553552,8.779363624553552,0.0,6.836557865142822,0.3927171971155814,90,,,
chesca_commitment_full_mesh,265,2,6,0,0,0,0.0,0.0,0.0,0.0,0.14000000000000004,0.040000000000000015,0.28,8.230260679807003,8.230260679807003,0.0,6.874843597412109,0.2865938632963906,90,,,
chesca_commitment_full_mesh,266,3,6,6,0,6,0.0,0.14,0.0,0.14,4.163336342344337e-17,1.3877787807814457e-17,0.27,6.16732629894079,6.671326298940792,0.5040000000000013,6.89419412612915,-0.17236778545201265,90,,,
chesca_commitment_full_mesh,267,4,6,0,0,0,0.0,0.0,0.0,0.0,4.163336342344337e-17,1.3877787807814457e-17,0.27,5.2852919259893625,5.285291925989363,8.881784197001252e-16,6.89419412612915,-0.17569550384791355,90,,,
chesca_commitment_full_mesh,268,5,6,0,0,0,0.0,0.0,0.0,0.0,4.163336342344337e-17,1.3877787807814457e-17,0.27,4.862826077881204,4.862826077881203,-8.881784197001252e-16,6.89419412612915,-0.09007752421151839,90,,,
chesca_commitment_full_mesh,269,6,6,0,0,0,0.0,0.0,0.0,0.0,4.163336342344337e-17,1.3877787807814457e-17,0.2466666666666667,5.175955957240654,5.175955957240654,0.0,6.89419412612915,-0.011718998085675073,90,,,
chesca_commitment_full_mesh,270,7,6,0,0,0,0.0,0.0,0.0,0.0,4.163336342344337e-17,1.3877787807814457e-17,0.24333333333333337,4.243114779153258,4.243114779153258,0.0,6.89419412612915,0.004417472619640938,90,,,
chesca_commitment_full_mesh,271,8,6,0,0,0,0.0,0.0,0.0,0.0,4.163336342344337e-17,1.3877787807814457e-17,0.24333333333333337,3.9398838679110244,3.939883867911024,-4.440892098500626e-16,6.89419412612915,0.07519338303309908,90,,,
chesca_commitment_full_mesh,272,9,6,0,0,0,0.0,0.0,0.0,0.0,4.163336342344337e-17,1.3877787807814457e-17,0.24333333333333337,2.3855230019822495,2.3855230019822495,0.0,6.89419412612915,0.09097048375567052,90,,,
chesca_commitment_full_mesh,273,10,6,1,0,1,0.0,6.938893903907228e-18,0.0,0.03999999999999998,3.469446951953614e-17,1.3877787807814457e-17,0.22666666666666668,4.876762461596691,4.876762461596691,0.0,6.89419412612915,0.2754202415511403,90,,,
chesca_commitment_full_mesh,274,11,6,0,0,0,0.0,0.0,0.0,0.0,3.469446951953614e-17,1.3877787807814457e-17,0.22666666666666668,2.511938858068382,2.5119388580683824,4.440892098500626e-16,6.89419412612915,-0.011849767979893108,90,,,
chesca_commitment_full_mesh,275,12,6,3,3,0,0.06000000000000001,0.0,0.06000000000000001,0.0,0.060000000000000046,0.02000000000000001,0.2366666666666667,2.884716711505522,2.6447167115055215,-0.24000000000000066,6.89419412612915,0.11087789521098843,90,,,
chesca_commitment_full_mesh,276,13,6,0,0,0,0.0,0.0,0.0,0.0,0.060000000000000046,0.02000000000000001,0.21333333333333335,4.749533268629256,4.749533268629256,0.0,6.89419412612915,0.4262216100905286,90,,,
chesca_commitment_full_mesh,277,14,6,1,1,0,0.02,0.0,0.02,0.0,0.08000000000000004,0.02000000000000001,0.21333333333333335,3.646136150043036,3.580136150043036,-0.06599999999999984,6.89419412612915,0.271645855819201,90,,,
chesca_commitment_full_mesh,278,15,6,0,0,0,0.0,0.0,0.0,0.0,0.08000000000000004,0.02000000000000001,0.18666666666666668,3.742346135819416,3.7423461358194166,4.440892098500626e-16,6.89419412612915,0.2673769772785698,90,,,
chesca_commitment_full_mesh,279,16,6,3,2,1,0.04000000000000001,0.020000000000000007,0.04000000000000001,0.03999999999999998,0.10000000000000003,0.020000000000000014,0.16666666666666666,7.672876806345078,7.540876806345078,-0.13200000000000056,6.89419412612915,0.473521537897261,90,,,
chesca_commitment_full_mesh,280,17,6,5,0,5,0.0,0.10000000000000002,0.0,0.10000000000000002,3.122502256758253e-17,1.3877787807814457e-17,0.16666666666666666,7.3908507642403976,7.748850764240398,0.35800000000000054,6.89419412612915,-0.030730106982992042,90,,,
chesca_commitment_full_mesh,281,18,6,6,6,0,0.24,0.0,0.24,0.0,0.24000000000000002,0.04000000000000002,0.19000000000000003,10.49899341910341,9.622993419103409,-0.8760000000000012,6.914859294891357,0.8773369688118474,90,,,
chesca_commitment_full_mesh,282,19,6,6,6,0,0.24000000000000005,0.0,0.24000000000000005,0.0,0.4800000000000001,0.08000000000000003,0.19333333333333336,13.09964752511275,12.22364752511275,-0.8760000000000012,6.934140205383301,1.8065938096977574,90,,,
chesca_commitment_full_mesh,283,20,6,0,0,0,0.0,0.0,0.0,0.0,0.4800000000000001,0.08000000000000003,0.19333333333333336,10.914920698600106,10.914920698600106,0.0,6.934140205383301,1.0119532737122054,90,,,
chesca_commitment_full_mesh,284,21,6,0,0,0,0.0,0.0,0.0,0.0,0.4800000000000001,0.08000000000000003,0.19333333333333336,11.283540964570461,11.283540964570461,0.0,6.934140205383301,1.012065411639187,90,,,
chesca_commitment_full_mesh,285,22,6,0,0,0,0.0,0.0,0.0,0.0,0.4800000000000001,0.08000000000000003,0.15333333333333335,10.76199326537285,10.76199326537285,0.0,6.982502460479736,0.5839740365003896,90,,,
chesca_commitment_full_mesh,286,23,6,6,0,6,0.0,0.24000000000000005,0.0,0.24000000000000005,0.24000000000000002,0.04000000000000002,0.19333333333333336,10.19771864618238,11.07371864618238,0.8759999999999994,7.089648246765137,0.011647218947641064,90,,,
chesca_commitment_full_mesh,287,24,6,0,0,0,0.0,0.0,0.0,0.0,0.24000000000000002,0.04000000000000002,0.19333333333333336,9.005562918660853,9.005562918660853,0.0,7.160322189331055,0.37395189592557293,90,,,
chesca_commitment_full_mesh,288,1,6,0,0,0,0.0,0.0,0.0,0.0,0.24000000000000002,0.04000000000000002,0.19333333333333336,7.907854627501003,7.907854627501003,0.0,7.198720932006836,0.10888887357588531,90,,,
chesca_commitment_full_mesh,289,2,6,0,0,0,0.0,0.0,0.0,0.0,0.24000000000000002,0.04000000000000002,0.19333333333333336,7.95365629386306,7.95365629386306,0.0,7.321946144104004,0.19490614801584746,90,,,
chesca_commitment_full_mesh,290,3,6,6,0,6,0.0,0.22,0.0,0.22000000000000003,0.01999999999999999,0.019999999999999976,0.20666666666666667,7.1172309510815985,7.927230951081599,0.8100000000000005,7.446618556976318,-0.0178037124901083,90,,,
chesca_commitment_full_mesh,291,4,6,1,0,1,0.0,0.019999999999999976,0.0,0.020000000000000004,1.3877787807814457e-17,1.3877787807814457e-17,0.21,6.54901860088898,6.61501860088898,0.06600000000000072,7.5623250007629395,-0.010431931530960184,90,,,
chesca_commitment_full_mesh,292,5,6,0,0,0,0.0,0.0,0.0,0.0,1.3877787807814457e-17,1.3877787807814457e-17,0.21,5.193206790479812,5.193206790479812,0.0,7.5623250007629395,0.04062474529961836,90,,,
chesca_commitment_full_mesh,293,6,6,4,4,0,0.08000000000000002,0.0,0.08000000000000002,0.0,0.08000000000000003,0.020000000000000018,0.22333333333333336,5.765781125184386,5.473781125184386,-0.2919999999999998,7.5623250007629395,0.1658861378813427,90,,,
chesca_commitment_full_mesh,294,7,6,0,0,0,0.0,0.0,0.0,0.0,0.08000000000000003,0.020000000000000018,0.22333333333333336,5.299953302926341,5.299953302926341,0.0,7.446618556976318,0.27155808962006844,90,,,
chesca_commitment_full_mesh,295,8,6,0,0,0,0.0,0.0,0.0,0.0,0.08000000000000003,0.020000000000000018,0.22333333333333336,4.002516750106281,4.002516750106281,0.0,7.446618556976318,0.09968755994092758,90,,,
chesca_commitment_full_mesh,296,9,6,0,0,0,0.0,0.0,0.0,0.0,0.08000000000000003,0.020000000000000018,0.22333333333333336,2.5891293517457896,2.5891293517457896,0.0,7.446618556976318,0.1469900433286702,90,,,
chesca_commitment_full_mesh,297,10,6,0,0,0,0.0,0.0,0.0,0.0,0.08000000000000003,0.020000000000000018,0.21666666666666667,1.8133126106601454,1.8133126106601454,0.0,7.446618556976318,0.25684060960177174,90,,,
chesca_commitment_full_mesh,298,11,6,1,1,0,0.02,0.0,0.02,0.0,0.10000000000000003,0.020000000000000018,0.22,2.2503267689148476,2.184326768914847,-0.06600000000000072,7.446618556976318,0.17192034591167052,90,,,
chesca_commitment_full_mesh,299,12,6,1,1,0,0.02,0.0,0.02,0.0,0.12000000000000002,0.020000000000000018,0.21333333333333335,4.578698624893298,4.498698624893297,-0.08000000000000096,7.446618556976318,0.44518795974723757,90,,,
chesca_commitment_full_mesh,300,13,6,0,0,0,0.0,0.0,0.0,0.0,0.12000000000000002,0.020000000000000018,0.21333333333333335,5.23744593499059,5.23744593499059,0.0,7.446618556976318,0.10825130429098787,90,,,
chesca_commitment_full_mesh,301,14,6,0,0,0,0.0,0.0,0.0,0.0,0.12000000000000002,0.020000000000000018,0.21,4.408967762517653,4.408967762517653,0.0,7.446618556976318,0.2681943943485742,90,,,
chesca_commitment_full_mesh,302,15,6,0,0,0,0.0,0.0,0.0,0.0,0.12000000000000002,0.020000000000000018,0.21,6.05185698013228,6.05185698013228,0.0,7.321946144104004,0.2477111994844067,90,,,
chesca_commitment_full_mesh,303,16,6,0,0,0,0.0,0.0,0.0,0.0,0.12000000000000002,0.020000000000000018,0.19666666666666666,8.084237788101378,8.084237788101378,0.0,7.321946144104004,0.5433370734733071,90,,,
chesca_commitment_full_mesh,304,17,6,6,6,0,0.24000000000000005,0.0,0.24000000000000005,0.0,0.36000000000000004,0.060000000000000026,0.22,11.177378302888696,10.301378302888697,-0.8759999999999994,7.321946144104004,1.2681625999142805,90,,,
chesca_commitment_full_mesh,305,18,6,0,0,0,0.0,0.0,0.0,0.0,0.36000000000000004,0.060000000000000026,0.18000000000000002,10.18069357509507,10.18069357509507,0.0,7.446618556976318,1.0004289911374586,90,,,
chesca_commitment_full_mesh,306,19,6,3,3,0,0.12,0.0,0.12,0.0,0.48000000000000004,0.1,0.16,12.291420333941025,11.811420333941024,-0.4800000000000004,7.5623250007629395,1.539439499736794,90,,,
chesca_commitment_full_mesh,307,20,6,0,0,0,0.0,0.0,0.0,0.0,0.48000000000000004,0.1,0.16,13.413804304952032,13.413804304952032,0.0,7.628600120544434,1.5240625213468357,90,,,
chesca_commitment_full_mesh,308,21,6,0,0,0,0.0,0.0,0.0,0.0,0.48000000000000004,0.1,0.16,9.39289675495791,9.392896754957912,1.7763568394002505e-15,7.628600120544434,0.3876129209296164,90,,,
chesca_commitment_full_mesh,309,22,6,0,0,0,0.0,0.0,0.0,0.0,0.48000000000000004,0.1,0.16,7.848775193519653,7.848775193519653,0.0,7.643982887268066,0.09919323465132909,90,,,
chesca_commitment_full_mesh,310,23,6,0,0,0,0.0,0.0,0.0,0.0,0.48000000000000004,0.1,0.12000000000000001,9.12626099982541,9.12626099982541,0.0,7.643982887268066,0.6599974733342283,90,,,
chesca_commitment_full_mesh,311,24,6,0,0,0,0.0,0.0,0.0,0.0,0.48000000000000004,0.1,0.12000000000000001,9.238510641102373,9.238510641102373,0.0,7.678473472595215,0.48790303698942195,90,,,
chesca_commitment_full_mesh,312,1,6,0,0,0,0.0,0.0,0.0,0.0,0.48000000000000004,0.1,0.12000000000000001,8.98732274097656,8.98732274097656,0.0,7.678473472595215,0.40442256934088416,90,,,
chesca_commitment_full_mesh,313,2,6,0,0,0,0.0,0.0,0.0,0.0,0.48000000000000004,0.1,0.12000000000000001,8.87114113492127,8.87114113492127,0.0,7.699297904968262,0.3720321335950745,90,,,
chesca_commitment_full_mesh,314,3,6,6,0,6,0.0,0.24000000000000005,0.0,0.24000000000000005,0.24000000000000002,0.06,0.12333333333333335,6.2877933133252695,7.16379331332527,0.8760000000000003,7.7188849449157715,-0.025551218447182597,90,,,
chesca_commitment_full_mesh,315,4,6,6,0,6,0.0,0.18000000000000002,0.0,0.18000000000000005,0.06,0.019999999999999997,0.15000000000000002,5.62584454499501,6.30384454499501,0.6779999999999999,7.7188849449157715,0.03785869019453403,90,,,
chesca_commitment_full_mesh,316,5,6,3,0,3,0.0,0.059999999999999984,0.0,0.06000000000000001,1.3877787807814457e-17,1.3877787807814457e-17,0.16,5.13957716551458,5.37756953455949,0.2379923690449104,7.7188849449157715,0.029489471476557172,90,,,
chesca_commitment_full_mesh,317,6,6,6,6,0,0.18000000000000002,0.0,0.18000000000000002,0.0,0.18000000000000002,0.040000000000000015,0.17666666666666667,4.988472797716344,4.352472797716345,-0.6359999999999992,7.7188849449157715,0.09928249555964064,90,,,
chesca_commitment_full_mesh,318,7,6,0,0,0,0.0,0.0,0.0,0.0,0.18000000000000002,0.040000000000000015,0.17666666666666667,5.36194668983112,5.36194668983112,0.0,7.7188849449157715,0.22908008309828634,90,,,
chesca_commitment_full_mesh,319,8,6,5,0,5,0.0,0.16,0.0,0.16000000000000003,0.02000000000000001,0.020000000000000004,0.20333333333333334,4.76905740217652,5.090557543085553,0.3215001409090332,7.7188849449157715,0.03249973817313051,90,,,
chesca_commitment_full_mesh,320,9,6,2,0,2,0.0,0.020000000000000004,0.0,0.060000000000000005,6.938893903907228e-18,6.938893903907228e-18,0.21333333333333335,2.569740208258359,2.781740208258359,0.2120000000000002,7.7188849449157715,-0.09494060071747984,90,,,
chesca_commitment_full_mesh,321,10,6,2,2,0,0.06,0.0,0.06,0.0,0.06000000000000001,0.04000000000000001,0.22333333333333336,3.394137876253768,3.196137876253768,-0.19799999999999995,7.7188849449157715,0.22039120116507954,90,,,
chesca_commitment_full_mesh,322,11,6,0,0,0,0.0,0.0,0.0,0.0,0.06000000000000001,0.04000000000000001,0.22,2.7840718673108826,2.7840718673108826,0.0,7.7188849449157715,0.14031447346399606,90,,,
chesca_commitment_full_mesh,323,12,6,0,0,0,0.0,0.0,0.0,0.0,0.06000000000000001,0.04000000000000001,0.21666666666666667,3.8776232667881176,3.8776232667881176,0.0,7.699297904968262,0.1607109262308308,90,,,
chesca_commitment_full_mesh,324,13,6,1,0,1,0.0,0.02,0.0,0.02,0.04000000000000001,0.04000000000000001,0.22,4.1521697364844625,4.189957161528341,0.03778742504387811,7.699297904968262,0.02021526978753453,90,,,
chesca_commitment_full_mesh,325,14,6,0,0,0,0.0,0.0,0.0,0.0,0.04000000000000001,0.04000000000000001,0.22,4.080637330023107,4.080637330023107,0.0,7.699297904968262,0.1042271043723905,90,,,
chesca_commitment_full_mesh,326,15,6,3,3,0,0.06000000000000001,0.0,0.06000000000000001,0.0,0.10000000000000002,0.04000000000000001,0.23,4.687078686535967,4.447078686535967,-0.2400000000000002,7.699297904968262,0.3391417453750704,90,,,
chesca_commitment_full_mesh,327,16,6,2,2,0,0.04000000000000001,0.0,0.04000000000000001,0.0,0.14,0.04000000000000001,0.2366666666666667,6.710266489118687,6.578266489118686,-0.13200000000000056,7.699297904968262,0.65104122201207,90,,,
chesca_commitment_full_mesh,328,17,6,3,3,0,0.06,0.0,0.06,0.0,0.2,0.04000000000000001,0.20666666666666667,9.663593177705485,9.423593177705484,-0.2400000000000002,7.699297904968262,1.1429542745323085,90,,,
chesca_commitment_full_mesh,329,18,6,6,6,0,0.24000000000000002,0.0,0.24000000000000002,0.0,0.44000000000000006,0.08000000000000002,0.24666666666666667,14.844710349845526,13.968710349845527,-0.8759999999999994,7.7188849449157715,2.4412965560772344,90,,,
chesca_commitment_full_mesh,330,19,6,0,0,0,0.0,0.0,0.0,0.0,0.44000000000000006,0.08000000000000002,0.22666666666666668,13.599707884884818,13.599707884884817,-1.7763568394002505e-15,7.7188849449157715,1.0712506796102397,90,,,
chesca_commitment_full_mesh,331,20,6,0,0,0,0.0,0.0,0.0,0.0,0.44000000000000006,0.08000000000000002,0.22666666666666668,10.592883968725488,10.592883968725488,0.0,7.7188849449157715,0.5867917985840941,90,,,
chesca_commitment_full_mesh,332,21,6,0,0,0,0.0,0.0,0.0,0.0,0.44000000000000006,0.08000000000000002,0.22666666666666668,11.449988601174548,11.449988601174546,-1.7763568394002505e-15,7.734546184539795,1.1078000011277327,90,,,
chesca_commitment_full_mesh,333,22,6,0,0,0,0.0,0.0,0.0,0.0,0.44000000000000006,0.08000000000000002,0.22666666666666668,10.585078785008422,10.58507878500842,-1.7763568394002505e-15,7.734546184539795,0.8499755397819334,90,,,
chesca_commitment_full_mesh,334,23,6,0,0,0,0.0,0.0,0.0,0.0,0.44000000000000006,0.08000000000000002,0.22666666666666668,11.310379979624605,11.310379979624607,1.7763568394002505e-15,7.737168312072754,1.1708931140495065,90,,,
chesca_commitment_full_mesh,335,24,6,0,0,0,0.0,0.0,0.0,0.0,0.44000000000000006,0.08000000000000002,0.22666666666666668,9.80541394228555,9.80541394228555,0.0,7.737168312072754,0.5461516472406005,90,,,
chesca_commitment_full_mesh,336,1,6,0,0,0,0.0,0.0,0.0,0.0,0.44000000000000006,0.08000000000000002,0.22666666666666668,10.331629019131352,10.33162901913135,-1.7763568394002505e-15,7.781918048858643,0.7918191745105548,90,,,
chesca_commitment_full_mesh,337,2,6,0,0,0,0.0,0.0,0.0,0.0,0.44000000000000006,0.08000000000000002,0.22666666666666668,9.963311095935886,9.963311095935886,0.0,7.891171932220459,0.63904839402749,90,,,
chesca_commitment_full_mesh,338,3,6,0,0,0,0.0,0.0,0.0,0.0,0.44000000000000006,0.08000000000000002,0.18666666666666665,8.424587676203698,8.424587676203698,0.0,7.9603753089904785,0.15702647908190365,90,,,
chesca_commitment_full_mesh,339,4,6,0,0,0,0.0,0.0,0.0,0.0,0.44000000000000006,0.08000000000000002,0.1566666666666667,7.185646197467889,7.1856461974678885,-8.881784197001252e-16,7.995386600494385,0.08475966319598202,90,,,
chesca_commitment_full_mesh,340,5,6,0,0,0,0.0,0.0,0.0,0.0,0.44000000000000006,0.08000000000000002,0.1466666666666667,6.2722617334504465,6.272261733450447,8.881784197001252e-16,7.995386600494385,0.10599219660310394,90,,,
chesca_commitment_full_mesh,341,6,6,6,0,6,0.0,0.24000000000000002,0.0,0.24000000000000002,0.20000000000000007,0.040000000000000015,0.1566666666666667,6.506106879447206,7.382106879447205,0.8759999999999994,8.019329071044922,0.03825297024514912,90,,,
chesca_commitment_full_mesh,342,7,6,0,0,0,0.0,0.0,0.0,0.0,0.20000000000000007,0.040000000000000015,0.1566666666666667,5.922422563832404,5.922422563832405,8.881784197001252e-16,8.019329071044922,0.15193130919778508,90,,,
chesca_commitment_full_mesh,343,8,6,6,0,6,0.0,0.2,0.0,0.2,3.8163916471489756e-17,1.3877787807814457e-17,0.16333333333333336,4.826064701753361,5.5085587386012556,0.6824940368478947,8.019329071044922,-0.01884921027987868,90,,,
chesca_commitment_full_mesh,344,9,6,6,0,6,0.0,3.8163916471489756e-17,0.0,0.22000000000000003,0.0,0.0,0.19000000000000003,3.4399349331595444,4.1460080825805425,0.7060731494209982,8.037479400634766,-0.3885830175120709,90,,,
chesca_commitment_full_mesh,345,10,6,6,0,6,0.0,0.0,0.0,0.14,0.0,0.0,0.20333333333333334,2.414258807773794,2.8390955614234525,0.42483675364965867,8.037479400634766,-0.11088789930013875,90,,,
chesca_commitment_full_mesh,346,11,6,4,4,0,0.1,0.0,0.1,0.0,0.1,0.04,0.22,2.7716323539545167,2.4276323539545173,-0.3439999999999994,8.037479400634766,0.09960907215041837,90,,,
chesca_commitment_full_mesh,347,12,6,0,0,0,0.0,0.0,0.0,0.0,0.1,0.04,0.22,2.5784164213972156,2.5784164213972156,0.0,8.037479400634766,0.1415091988344566,90,,,
chesca_commitment_full_mesh,348,13,6,0,0,0,0.0,0.0,0.0,0.0,0.1,0.04,0.21666666666666667,3.655836048103505,3.6558360481035055,4.440892098500626e-16,8.037479400634766,0.30160582764912003,90,,,
chesca_commitment_full_mesh,349,14,6,0,0,0,0.0,0.0,0.0,0.0,0.1,0.04,0.21666666666666667,2.8028287385687167,2.8028287385687167,0.0,8.037479400634766,0.18218103473934377,90,,,
chesca_commitment_full_mesh,350,15,6,0,0,0,0.0,0.0,0.0,0.0,0.1,0.04,0.20666666666666667,3.982602137061458,3.982602137061458,0.0,8.037479400634766,0.239986817038285,90,,,
chesca_commitment_full_mesh,351,16,6,3,3,0,0.10000000000000002,0.0,0.10000000000000002,0.0,0.2,0.04000000000000001,0.21666666666666667,7.026398306065809,6.626398306065808,-0.40000000000000036,8.037479400634766,0.6409961724038271,90,,,
chesca_commitment_full_mesh,352,17,6,2,2,0,0.04000000000000001,0.0,0.04000000000000001,0.0,0.24000000000000005,0.04000000000000001,0.21333333333333335,8.911876109198811,8.779876109198812,-0.13199999999999967,8.037479400634766,0.8985438058898888,90,,,
chesca_commitment_full_mesh,353,18,6,0,0,0,0.0,0.0,0.0,0.0,0.24000000000000005,0.04000000000000001,0.17333333333333334,10.028956778023915,10.028956778023915,0.0,8.091145515441895,0.9587161665791739,90,,,
chesca_commitment_full_mesh,354,19,6,3,3,0,0.12000000000000002,0.0,0.12000000000000002,0.0,0.3600000000000001,0.08000000000000002,0.19333333333333336,12.178021447177192,11.698021447177192,-0.4800000000000004,8.133030891418457,1.104068907655041,90,,,
chesca_commitment_full_mesh,355,20,6,3,3,0,0.12000000000000002,0.0,0.12000000000000002,0.0,0.4800000000000001,0.08000000000000002,0.21333333333333335,13.183851901021228,12.787851901021229,-0.395999999999999,8.133030891418457,1.378584844286764,90,,,
chesca_commitment_full_mesh,356,21,6,0,0,0,0.0,0.0,0.0,0.0,0.4800000000000001,0.08000000000000002,0.21333333333333335,11.95358636990865,11.95358636990865,0.0,8.133030891418457,1.0852083567294257,90,,,
chesca_commitment_full_mesh,357,22,6,6,0,6,0.0,0.24000000000000002,0.0,0.24000000000000002,0.24000000000000007,0.040000000000000015,0.25333333333333335,7.949704397651885,8.825704397651885,0.8759999999999994,8.161913871765137,-0.11946828181673536,90,,,
chesca_commitment_full_mesh,358,23,6,0,0,0,0.0,0.0,0.0,0.0,0.24000000000000007,0.040000000000000015,0.25333333333333335,10.21425195116117,10.214251951161168,-1.7763568394002505e-15,8.180768966674805,0.7256457131341094,90,,,
chesca_commitment_full_mesh,359,24,6,0,0,0,0.0,0.0,0.0,0.0,0.24000000000000007,0.040000000000000015,0.25333333333333335,9.42637830252267,9.426378302522672,1.7763568394002505e-15,8.184087753295898,0.35756535838976966,90,,,
chesca_commitment_full_mesh,360,1,6,0,0,0,0.0,0.0,0.0,0.0,0.24000000000000007,0.040000000000000015,0.25333333333333335,9.605447595893063,9.605447595893063,0.0,8.270210266113281,0.3122963196012237,90,,,
chesca_commitment_full_mesh,361,2,6,0,0,0,0.0,0.0,0.0,0.0,0.24000000000000007,0.040000000000000015,0.25333333333333335,9.761530364261983,9.761530364261983,0.0,8.363594055175781,0.27627065670336703,90,,,
chesca_commitment_full_mesh,362,3,6,6,0,6,0.0,0.24000000000000005,0.0,0.24000000000000005,4.163336342344337e-17,6.938893903907228e-18,0.2933333333333334,7.708376289013343,8.584376289013344,0.8760000000000003,8.363594055175781,-0.1223615813168205,90,,,
chesca_commitment_full_mesh,363,4,6,0,0,0,0.0,0.0,0.0,0.0,4.163336342344337e-17,6.938893903907228e-18,0.2933333333333334,5.475678672803268,5.475678672803268,0.0,8.363594055175781,-0.3440802784588348,90,,,
chesca_commitment_full_mesh,364,5,6,0,0,0,0.0,0.0,0.0,0.0,4.163336342344337e-17,6.938893903907228e-18,0.2933333333333334,5.2284213992088295,5.2284213992088295,0.0,8.363594055175781,-0.07561198278629475,90,,,
chesca_commitment_full_mesh,365,6,6,0,0,0,0.0,0.0,0.0,0.0,4.163336342344337e-17,6.938893903907228e-18,0.25333333333333335,5.6981621712378265,5.6981621712378265,0.0,8.363594055175781,0.04502097697074538,90,,,
chesca_commitment_full_mesh,366,7,6,0,0,0,0.0,0.0,0.0,0.0,4.163336342344337e-17,6.938893903907228e-18,0.25333333333333335,4.4081302142489855,4.4081302142489855,0.0,8.363594055175781,-0.0006922025663231718,90,,,
chesca_commitment_full_mesh,367,8,6,0,0,0,0.0,0.0,0.0,0.0,4.163336342344337e-17,6.938893903907228e-18,0.22,4.527143693259111,4.527143693259111,0.0,8.363594055175781,0.07260853675842074,90,,,
chesca_commitment_full_mesh,368,9,6,0,0,0,0.0,0.0,0.0,0.0,4.163336342344337e-17,6.938893903907228e-18,0.18333333333333332,3.533705193584082,3.5337051935840815,-4.440892098500626e-16,8.363594055175781,0.07554767621272926,90,,,
chesca_commitment_full_mesh,369,10,6,6,6,0,0.22000000000000003,0.0,0.22000000000000003,0.0,0.22000000000000006,0.040000000000000015,0.19666666666666666,3.965934917659416,3.1559349176594167,-0.8099999999999992,8.363594055175781,0.1027769474393232,90,,,
chesca_commitment_full_mesh,370,11,6,0,0,0,0.0,0.0,0.0,0.0,0.22000000000000006,0.040000000000000015,0.18000000000000002,2.681432622369411,2.681432622369411,0.0,8.363594055175781,0.048379713236819485,90,,,
chesca_commitment_full_mesh,371,12,6,0,0,0,0.0,0.0,0.0,0.0,0.22000000000000006,0.040000000000000015,0.18000000000000002,3.0304500946891606,3.0304500946891606,0.0,8.363594055175781,0.16356034526344593,90,,,
chesca_commitment_full_mesh,372,13,6,1,0,1,0.0,0.04000000000000001,0.0,0.04000000000000001,0.18000000000000005,0.040000000000000015,0.18666666666666668,5.060609338114891,5.060609338114891,0.0,8.363594055175781,0.08727077255019927,90,,,
chesca_commitment_full_mesh,373,14,6,1,1,0,0.020000000000000004,0.0,0.020000000000000004,0.0,0.20000000000000004,0.040000000000000015,0.19000000000000003,4.839079228196241,4.7730792281962415,-0.06599999999999984,8.321915626525879,0.27491261049903265,90,,,
chesca_commitment_full_mesh,374,15,6,0,0,0,0.0,0.0,0.0,0.0,0.20000000000000004,0.040000000000000015,0.19000000000000003,6.7021444748019725,6.7021444748019725,0.0,8.321915626525879,0.3420952059607485,90,,,
chesca_commitment_full_mesh,375,16,6,0,0,0,0.0,0.0,0.0,0.0,0.20000000000000004,0.040000000000000015,0.17333333333333334,8.275114716726485,8.275114716726485,0.0,8.321915626525879,0.5394590985359075,90,,,
chesca_commitment_full_mesh,376,17,6,1,1,0,0.04,0.0,0.04,0.0,0.24000000000000005,0.06000000000000001,0.17333333333333334,10.450143072565243,10.318143072565244,-0.13199999999999967,8.363594055175781,0.9730235116849459,90,,,
chesca_commitment_full_mesh,377,18,6,0,0,0,0.0,0.0,0.0,0.0,0.24000000000000005,0.06000000000000001,0.17333333333333334,10.376897339863948,10.376897339863948,0.0,8.363594055175781,0.8994677144219837,90,,,
chesca_commitment_full_mesh,378,19,6,0,0,0,0.0,0.0,0.0,0.0,0.24000000000000005,0.06000000000000001,0.15333333333333335,11.81193722880078,11.811937228800781,1.7763568394002505e-15,8.363594055175781,0.861123772665316,90,,,
chesca_commitment_full_mesh,379,20,6,0,0,0,0.0,0.0,0.0,0.0,0.24000000000000005,0.06000000000000001,0.13333333333333333,9.782185887255903,9.782185887255903,0.0,8.363594055175781,0.19762880677411765,90,,,
chesca_commitment_full_mesh,380,21,6,0,0,0,0.0,0.0,0.0,0.0,0.24000000000000005,0.06000000000000001,0.13333333333333333,8.93119920014898,8.931199200148981,1.7763568394002505e-15,8.363594055175781,0.07009234482752963,90,,,
chesca_commitment_full_mesh,381,22,6,6,0,6,0.0,0.22000000000000003,0.0,0.24000000000000002,0.020000000000000046,0.02000000000000001,0.13333333333333333,6.936887988062881,7.81288798806288,0.8759999999999994,8.363594055175781,-0.12389248046953177,90,,,
chesca_commitment_full_mesh,382,23,6,5,5,0,0.20000000000000004,0.0,0.20000000000000004,0.0,0.22000000000000006,0.040000000000000015,0.16666666666666666,8.172486358995872,7.428486358995871,-0.7440000000000015,8.363594055175781,0.09476768292391566,90,,,
chesca_commitment_full_mesh,383,24,6,0,0,0,0.0,0.0,0.0,0.0,0.22000000000000006,0.040000000000000015,0.16666666666666666,9.274521982149853,9.274521982149853,0.0,8.321915626525879,0.37451662516381995,90,,,
chesca_commitment_full_mesh,384,1,6,0,0,0,0.0,0.0,0.0,0.0,0.22000000000000006,0.040000000000000015,0.16666666666666666,9.803162595488809,9.803162595488809,0.0,8.363594055175781,0.3634890411970558,90,,,
chesca_commitment_full_mesh,385,2,6,6,0,6,0.0,0.22000000000000006,0.0,0.24000000000000005,1.3877787807814457e-17,6.938893903907228e-18,0.20666666666666667,6.912975582939783,7.788975582939781,0.8759999999999977,8.478745460510254,-0.20790050475722344,90,,,
chesca_commitment_full_mesh,386,3,6,5,0,5,0.0,1.3877787807814457e-17,0.0,0.12000000000000002,0.0,0.0,0.18666666666666665,5.592771154999119,6.030771154999119,0.4379999999999997,8.478745460510254,-0.21199648809237273,90,,,
chesca_commitment_full_mesh,387,4,6,5,0,5,0.0,0.0,0.0,0.20000000000000004,0.0,0.0,0.22,5.2741288502979184,6.018128850297919,0.7440000000000007,8.478745460510254,-0.0886827090226511,90,,,
chesca_commitment_full_mesh,388,5,6,0,0,0,0.0,0.0,0.0,0.0,0.0,0.0,0.22,5.14529043936392,5.14529043936392,0.0,8.478745460510254,-0.18717643435167944,90,,,
chesca_commitment_full_mesh,389,6,6,0,0,0,0.0,0.0,0.0,0.0,0.0,0.0,0.22,5.018937706320244,5.018937706320244,0.0,8.478745460510254,-0.025603219193151748,90,,,
chesca_commitment_full_mesh,390,7,6,0,0,0,0.0,0.0,0.0,0.0,0.0,0.0,0.22,4.2014396906574945,4.2014396906574945,0.0,8.478745460510254,-0.008497599571858885,90,,,
chesca_commitment_full_mesh,391,8,6,0,0,0,0.0,0.0,0.0,0.0,0.0,0.0,0.22,4.592542881545685,4.592542881545684,-8.881784197001252e-16,8.478745460510254,0.013925375529103189,90,,,
chesca_commitment_full_mesh,392,9,6,0,0,0,0.0,0.0,0.0,0.0,0.0,0.0,0.22,3.111569637127932,3.111569637127932,0.0,8.363594055175781,-0.10266283977316025,90,,,
chesca_commitment_full_mesh,393,10,6,0,0,0,0.0,0.0,0.0,0.0,0.0,0.0,0.18333333333333335,2.830213516341931,2.830213516341931,0.0,8.363594055175781,-0.03878024859689573,90,,,
chesca_commitment_full_mesh,394,11,6,0,0,0,0.0,0.0,0.0,0.0,0.0,0.0,0.18333333333333335,5.145927185505984,5.145927185505984,0.0,8.363594055175781,-0.019859752196048623,90,,,
chesca_commitment_full_mesh,395,12,6,6,0,6,0.0,0.0,0.0,0.2,0.0,0.0,0.21666666666666667,5.260320611429947,5.9478506569741105,0.6875300455441637,8.402472496032715,-0.20751168932014058,90,,,
chesca_commitment_full_mesh,396,13,6,0,0,0,0.0,0.0,0.0,0.0,0.0,0.0,0.21,6.363515391173118,6.363515391173119,8.881784197001252e-16,8.402472496032715,-0.11126937665002135,90,,,
chesca_commitment_full_mesh,397,14,6,2,2,0,0.06,0.0,0.06,0.0,0.06,0.04,0.21666666666666667,6.555834509290465,6.3578345092904645,-0.1980000000000004,8.402472496032715,0.09313814233392886,90,,,
chesca_commitment_full_mesh,398,15,6,2,0,2,0.0,0.06,0.0,0.06000000000000001,0.0,0.0,0.22666666666666668,6.196578198857144,6.3748949698098825,0.17831677095273868,8.402472496032715,-0.042689991775066355,90,,,
chesca_commitment_full_mesh,399,16,6,3,3,0,0.06000000000000001,0.0,0.06000000000000001,0.0,0.06000000000000001,0.020000000000000004,0.2366666666666667,9.114890718380837,8.888890718380836,-0.22600000000000087,8.402472496032715,0.6906855372608728,90,,,
chesca_commitment_full_mesh,400,17,6,6,6,0,0.18000000000000005,0.0,0.18000000000000005,0.0,0.24000000000000005,0.04000000000000001,0.26,11.873050764265102,11.2230507642651,-0.6500000000000021,8.402472496032715,1.3481274914891157,90,,,
chesca_commitment_full_mesh,401,18,6,1,1,0,0.020000000000000004,0.0,0.020000000000000004,0.0,0.26000000000000006,0.06000000000000001,0.26333333333333336,12.925825189501142,12.85982518950114,-0.06600000000000072,8.494303703308105,1.6138269768617814,90,,,
chesca_commitment_full_mesh,402,19,6,0,0,0,0.0,0.0,0.0,0.0,0.26000000000000006,0.06000000000000001,0.26333333333333336,15.065895831234409,15.06589583123441,1.7763568394002505e-15,8.634178161621094,1.7570261765171542,90,,,
chesca_commitment_full_mesh,403,20,6,0,0,0,0.0,0.0,0.0,0.0,0.26000000000000006,0.06000000000000001,0.26333333333333336,12.203733952267093,12.203733952267093,0.0,8.634178161621094,0.3765860987218274,90,,,
chesca_commitment_full_mesh,404,21,6,0,0,0,0.0,0.0,0.0,0.0,0.26000000000000006,0.06000000000000001,0.26333333333333336,11.37455928594565,11.37455928594565,0.0,8.634178161621094,0.7322863872838334,90,,,
chesca_commitment_full_mesh,405,22,6,0,0,0,0.0,0.0,0.0,0.0,0.26000000000000006,0.06000000000000001,0.22333333333333336,9.72440326564996,9.724403265649958,-1.7763568394002505e-15,8.717169761657715,0.16251037993186945,90,,,
chesca_commitment_full_mesh,406,23,6,0,0,0,0.0,0.0,0.0,0.0,0.26000000000000006,0.06000000000000001,0.19000000000000003,9.585286622798712,9.585286622798712,0.0,8.614316940307617,0.3047837439034698,90,,,
chesca_commitment_full_mesh,407,24,6,0,0,0,0.0,0.0,0.0,0.0,0.26000000000000006,0.06000000000000001,0.19000000000000003,9.476860689937503,9.476860689937501,-1.7763568394002505e-15,8.614316940307617,0.1849877189460036,90,,,
chesca_commitment_full_mesh,408,1,6,0,0,0,0.0,0.0,0.0,0.0,0.26000000000000006,0.06000000000000001,0.19000000000000003,10.171642540197244,10.171642540197244,0.0,8.614316940307617,0.25785368984466545,90,,,
chesca_commitment_full_mesh,409,2,6,6,0,6,0.0,0.24000000000000005,0.0,0.24000000000000005,0.020000000000000004,0.020000000000000004,0.19000000000000003,8.061469645153101,8.937469645153103,0.8760000000000012,8.614316940307617,-0.11551653073113742,90,,,
chesca_commitment_full_mesh,410,3,6,6,0,6,0.0,0.02,0.0,0.18000000000000002,3.469446951953614e-18,3.469446951953614e-18,0.19999999999999998,5.891037573131496,6.569037573131496,0.6779999999999999,8.678043365478516,-0.3084089535559138,90,,,
chesca_commitment_full_mesh,411,4,6,5,0,5,0.0,3.469446951953614e-18,0.0,0.12000000000000002,0.0,0.0,0.18666666666666668,6.042803908577261,6.480803908577259,0.43799999999999795,8.678043365478516,-0.12914406335440134,90,,,
chesca_commitment_full_mesh,412,5,6,5,0,5,0.0,0.0,0.0,0.18000000000000002,0.0,0.0,0.21666666666666667,6.466650233351932,7.113417083563336,0.6467668502114039,8.678043365478516,-0.09173417689669316,90,,,
chesca_commitment_full_mesh,413,6,6,1,0,1,0.0,0.0,0.0,0.02,0.0,0.0,0.22,5.898909046878248,5.940361081048225,0.04145203416997756,8.678043365478516,-0.23601410502948056,90,,,
chesca_commitment_full_mesh,414,7,6,0,0,0,0.0,0.0,0.0,0.0,0.0,0.0,0.22,5.641157096523515,5.641157096523515,0.0,8.678043365478516,-0.05299242363649029,90,,,
chesca_commitment_full_mesh,415,8,6,0,0,0,0.0,0.0,0.0,0.0,0.0,0.0,0.22,4.254105092720116,4.254105092720116,0.0,8.678043365478516,-0.08113653884538248,90,,,
chesca_commitment_full_mesh,416,9,6,0,0,0,0.0,0.0,0.0,0.0,0.0,0.0,0.22,2.9139913579745613,2.913991357974561,-4.440892098500626e-16,8.678043365478516,-0.05150995806385367,90,,,
chesca_commitment_full_mesh,417,10,6,0,0,0,0.0,0.0,0.0,0.0,0.0,0.0,0.22,2.9932547969672205,2.993254796967221,4.440892098500626e-16,8.678043365478516,0.001833380009627792,90,,,
chesca_commitment_full_mesh,418,11,6,0,0,0,0.0,0.0,0.0,0.0,0.0,0.0,0.22,3.6413567236654467,3.6413567236654463,-4.440892098500626e-16,8.678043365478516,0.0051889954066774375,90,,,
chesca_commitment_full_mesh,419,12,6,0,0,0,0.0,0.0,0.0,0.0,0.0,0.0,0.18666666666666668,2.338333084352584,2.338333084352584,0.0,8.678043365478516,-0.0011804139615090156,90,,,
chesca_commitment_full_mesh,420,13,6,6,6,0,0.2,0.0,0.2,0.0,0.2,0.04000000000000001,0.22,5.395536783406767,4.651536783406767,-0.7439999999999998,8.678043365478516,0.1787709607040391,90,,,
chesca_commitment_full_mesh,421,14,6,6,0,6,0.0,0.2,0.0,0.2,6.938893903907228e-18,6.938893903907228e-18,0.24333333333333332,4.101647854847464,4.5664566561606845,0.4648088013132208,8.678043365478516,-0.0996284101046669,90,,,
chesca_commitment_full_mesh,422,15,6,0,0,0,0.0,0.0,0.0,0.0,6.938893903907228e-18,6.938893903907228e-18,0.23333333333333336,4.759346905064899,4.759346905064899,0.0,8.678043365478516,0.20573104987538765,90,,,
chesca_commitment_full_mesh,423,16,6,2,2,0,0.06,0.0,0.06,0.0,0.06000000000000001,0.04,0.2333333333333333,7.398598201958581,7.200598201958581,-0.1980000000000004,8.678043365478516,0.6395221740666797,90,,,
chesca_commitment_full_mesh,424,17,6,3,3,0,0.06,0.0,0.06,0.0,0.12000000000000001,0.04,0.21333333333333337,8.577983070493161,8.35198307049316,-0.22600000000000087,8.590458869934082,0.622857778424482,90,,,
chesca_commitment_full_mesh,425,18,6,6,6,0,0.18000000000000005,0.0,0.18000000000000005,0.0,0.30000000000000004,0.08000000000000002,0.24,11.757884596531852,11.107884596531852,-0.6500000000000004,8.590458869934082,1.2675059907640351,90,,,
chesca_commitment_full_mesh,426,19,6,0,0,0,0.0,0.0,0.0,0.0,0.30000000000000004,0.08000000000000002,0.24,13.184801297581968,13.184801297581968,0.0,8.678043365478516,1.3837869753406453,90,,,
chesca_commitment_full_mesh,427,20,6,0,0,0,0.0,0.0,0.0,0.0,0.30000000000000004,0.08000000000000002,0.24,11.150714681818728,11.15071468181873,1.7763568394002505e-15,8.678043365478516,0.4938823537133267,90,,,
chesca_commitment_full_mesh,428,21,6,0,0,0,0.0,0.0,0.0,0.0,0.30000000000000004,0.08000000000000002,0.24,10.273271603849306,10.273271603849306,0.0,8.678043365478516,0.3093494773068382,90,,,
chesca_commitment_full_mesh,429,22,6,6,0,6,0.0,0.24000000000000002,0.0,0.24000000000000002,0.06000000000000005,0.040000000000000015,0.28,8.069097300661536,8.945097300661537,0.8760000000000012,8.678043365478516,-0.17037810562008437,90,,,
chesca_commitment_full_mesh,430,23,6,0,0,0,0.0,0.0,0.0,0.0,0.06000000000000005,0.040000000000000015,0.28,8.80019042232507,8.80019042232507,0.0,8.678043365478516,0.016035537664487273,90,,,
chesca_commitment_full_mesh,431,24,6,2,0,2,0.0,0.060000000000000005,0.0,0.060000000000000005,4.85722573273506e-17,1.3877787807814457e-17,0.29000000000000004,8.124771394044728,8.322771394044727,0.19799999999999862,8.678043365478516,-0.20214940719580793,90,,,
chesca_commitment_full_mesh,432,1,6,0,0,0,0.0,0.0,0.0,0.0,4.85722573273506e-17,1.3877787807814457e-17,0.29000000000000004,8.548681088287282,8.548681088287282,0.0,8.590458869934082,-0.1538015562027908,90,,,
chesca_commitment_full_mesh,433,2,6,0,0,0,0.0,0.0,0.0,0.0,4.85722573273506e-17,1.3877787807814457e-17,0.25,6.909517550514189,6.90951755051419,8.881784197001252e-16,8.4700288772583,-0.3486552726619728,90,,,
chesca_commitment_full_mesh,434,3,6,0,0,0,0.0,0.0,0.0,0.0,4.85722573273506e-17,1.3877787807814457e-17,0.22,5.391508757382518,5.391508757382518,0.0,8.4700288772583,-0.37067411325341604,90,,,
chesca_commitment_full_mesh,435,4,6,1,0,1,0.0,6.938893903907228e-18,0.0,0.020000000000000004,4.163336342344337e-17,1.3877787807814457e-17,0.20333333333333334,5.545310518861558,5.611310518861558,0.06599999999999984,8.4700288772583,-0.2524230585901694,90,,,
chesca_commitment_full_mesh,436,5,6,5,0,5,0.0,2.7755575615628914e-17,0.0,0.10000000000000002,1.3877787807814457e-17,1.3877787807814457e-17,0.19000000000000003,5.007787596379855,5.379787596379857,0.37200000000000166,8.4700288772583,-0.2794055839188655,90,,,
chesca_commitment_full_mesh,437,6,6,5,0,5,0.0,0.0,0.0,0.14,1.3877787807814457e-17,1.3877787807814457e-17,0.21,5.72831554522397,6.162027061321294,0.4337115160973237,8.4700288772583,-0.3210586678102089,90,,,
chesca_commitment_full_mesh,438,7,6,3,0,3,0.0,0.0,0.0,0.06,1.3877787807814457e-17,1.3877787807814457e-17,0.22,4.110508082038688,4.225442912205764,0.11493483016707629,8.4700288772583,-0.2919195829254531,90,,,
chesca_commitment_full_mesh,439,8,6,5,0,5,0.0,0.0,0.0,0.10000000000000002,1.3877787807814457e-17,1.3877787807814457e-17,0.2366666666666667,3.74800972880406,3.9793252174600977,0.2313154886560378,8.590458869934082,-0.7164798613455736,90,,,
chesca_commitment_full_mesh,440,9,6,0,0,0,0.0,0.0,0.0,0.0,1.3877787807814457e-17,1.3877787807814457e-17,0.2366666666666667,0.2012143864003143,0.2012143864003143,0.0,8.590458869934082,-0.3996162561387611,90,,,
chesca_commitment_full_mesh,441,10,6,0,0,0,0.0,0.0,0.0,0.0,1.3877787807814457e-17,1.3877787807814457e-17,0.2366666666666667,1.7252054123760345,1.7252054123760343,-2.220446049250313e-16,8.590458869934082,-0.14454533996572644,90,,,
chesca_commitment_full_mesh,442,11,6,0,0,0,0.0,0.0,0.0,0.0,1.3877787807814457e-17,1.3877787807814457e-17,0.2366666666666667,0.3782529453508766,0.3782529453508766,0.0,8.590458869934082,-0.025142014805808167,90,,,
chesca_commitment_full_mesh,443,12,6,0,0,0,0.0,0.0,0.0,0.0,1.3877787807814457e-17,1.3877787807814457e-17,0.2366666666666667,1.9363941229968706,1.9363941229968709,2.220446049250313e-16,8.590458869934082,0.14274647532272272,90,,,
chesca_commitment_full_mesh,444,13,6,0,0,0,0.0,0.0,0.0,0.0,1.3877787807814457e-17,1.3877787807814457e-17,0.20333333333333334,1.8627234372613966,1.8627234372613966,0.0,8.590458869934082,0.08711692323986933,90,,,
chesca_commitment_full_mesh,445,14,6,5,5,0,0.10000000000000002,0.0,0.10000000000000002,0.0,0.10000000000000003,0.020000000000000014,0.18666666666666665,2.396479070777694,2.0244790707776947,-0.37199999999999944,8.590458869934082,0.0903544303147841,90,,,
chesca_commitment_full_mesh,446,15,6,6,0,6,0.0,0.10000000000000002,0.0,0.14,1.0408340855860843e-17,1.0408340855860843e-17,0.21,4.52190812352187,4.926523833580901,0.40461571005903085,8.590458869934082,-0.1438346572503575,90,,,
chesca_commitment_full_mesh,447,16,6,4,3,1,0.06000000000000001,0.0,0.06000000000000001,0.04000000000000001,0.06000000000000002,0.02000000000000001,0.2166666666666667,6.332018115797779,6.106018115797779,-0.22599999999999998,8.590458869934082,0.1371483605319378,90,,,
chesca_commitment_full_mesh,448,17,6,1,1,0,0.020000000000000004,0.0,0.020000000000000004,0.0,0.08000000000000002,0.02000000000000001,0.21,8.773418999314282,8.707418999314283,-0.06599999999999895,8.4700288772583,0.3302087255700709,90,,,
chesca_commitment_full_mesh,449,18,6,5,4,1,0.12,0.020000000000000004,0.12,0.020000000000000018,0.18000000000000002,0.06000000000000002,0.20333333333333337,11.348275284925565,10.910275284925566,-0.43799999999999883,8.4700288772583,0.742273889193942,90,,,
chesca_commitment_full_mesh,450,19,6,5,5,0,0.16,0.0,0.16,0.0,0.34,0.07999999999999999,0.23,14.658728201489627,14.06072820148963,-0.5979999999999972,8.4700288772583,1.5689959830679245,90,,,
chesca_commitment_full_mesh,451,20,6,0,0,0,0.0,0.0,0.0,0.0,0.34,0.07999999999999999,0.23,13.172177212703387,13.172177212703387,0.0,8.4700288772583,1.1589030191180458,90,,,
chesca_commitment_full_mesh,452,21,6,0,0,0,0.0,0.0,0.0,0.0,0.34,0.07999999999999999,0.23,11.972576251735477,11.972576251735477,0.0,8.4700288772583,0.7613403895024705,90,,,
chesca_commitment_full_mesh,453,22,6,0,0,0,0.0,0.0,0.0,0.0,0.34,0.07999999999999999,0.19000000000000003,9.776976681796473,9.776976681796473,0.0,8.4700288772583,0.12264554938940782,90,,,
chesca_commitment_full_mesh,454,23,6,0,0,0,0.0,0.0,0.0,0.0,0.34,0.07999999999999999,0.19000000000000003,9.925871444263667,9.925871444263667,0.0,8.4700288772583,0.3394455726842574,90,,,
chesca_commitment_full_mesh,455,24,6,0,0,0,0.0,0.0,0.0,0.0,0.34,0.07999999999999999,0.18000000000000002,9.740655278980165,9.740655278980165,0.0,8.4700288772583,0.13100573359370146,90,,,
chesca_commitment_full_mesh,456,1,6,0,0,0,0.0,0.0,0.0,0.0,0.34,0.07999999999999999,0.18000000000000002,10.0986704411155,10.0986704411155,0.0,8.4700288772583,0.17272045634004599,90,,,
chesca_commitment_full_mesh,457,2,6,6,0,6,0.0,0.24000000000000005,0.0,0.24000000000000005,0.1,0.03999999999999998,0.22,7.998599526718765,8.874599526718766,0.8760000000000012,8.590458869934082,-0.2939991497971542,90,,,
chesca_commitment_full_mesh,458,3,6,5,0,5,0.0,0.1,0.0,0.14,3.469446951953614e-18,3.469446951953614e-18,0.24333333333333337,6.996566324622781,7.514566324622781,0.5180000000000007,8.640029907226562,-0.3881215554361941,90,,,
chesca_commitment_full_mesh,459,4,6,1,0,1,0.0,0.0,0.0,0.04000000000000001,3.469446951953614e-18,3.469446951953614e-18,0.24666666666666667,6.460364195538346,6.592364195538347,0.13200000000000145,8.640029907226562,-0.3571653114413584,90,,,
chesca_commitment_full_mesh,460,5,6,0,0,0,0.0,0.0,0.0,0.0,3.469446951953614e-18,3.469446951953614e-18,0.23,5.7243239619024395,5.7243239619024395,0.0,8.640029907226562,-0.42281139048151595,90,,,
chesca_commitment_full_mesh,461,6,6,4,0,4,0.0,3.469446951953614e-18,0.0,0.08000000000000002,0.0,0.0,0.22,6.5089475146951905,6.786947514695191,0.27800000000000047,8.640029907226562,-0.40023195418004903,90,,,
chesca_commitment_full_mesh,462,7,6,2,0,2,0.0,0.0,0.0,0.04000000000000001,0.0,0.0,0.21666666666666667,6.0208347732639975,6.166834773263998,0.1460000000000008,8.640029907226562,-0.140020634439529,90,,,
chesca_commitment_full_mesh,463,8,6,2,0,2,0.0,0.0,0.0,0.04000000000000001,0.0,0.0,0.2066666666666667,5.2256381846856925,5.371638184685692,0.1459999999999999,8.640029907226562,-0.2670343690852325,90,,,
chesca_commitment_full_mesh,464,9,6,5,0,5,0.0,0.0,0.0,0.1,0.0,0.0,0.22333333333333336,3.748785234689204,4.078278038743303,0.329492804054099,8.640029907226562,-0.32268567221931027,90,,,
chesca_commitment_full_mesh,465,10,6,0,0,0,0.0,0.0,0.0,0.0,0.0,0.0,0.22333333333333336,5.034046859349465,5.034046859349465,0.0,8.640029907226562,0.025595606209425553,90,,,
chesca_commitment_full_mesh,466,11,6,0,0,0,0.0,0.0,0.0,0.0,0.0,0.0,0.22333333333333336,1.5223324559324776,1.5223324559324776,0.0,8.640029907226562,-0.2483102670817928,90,,,
chesca_commitment_full_mesh,467,12,6,0,0,0,0.0,0.0,0.0,0.0,0.0,0.0,0.22333333333333336,4.176634641463664,4.176634641463664,0.0,8.640029907226562,-0.012472741197564086,90,,,
chesca_commitment_full_mesh,468,13,6,0,0,0,0.0,0.0,0.0,0.0,0.0,0.0,0.22333333333333336,5.555352731750715,5.555352731750715,0.0,8.640029907226562,0.0024530775720559977,90,,,
chesca_commitment_full_mesh,469,14,6,0,0,0,0.0,0.0,0.0,0.0,0.0,0.0,0.20666666666666667,4.894001359881628,4.894001359881628,0.0,8.640029907226562,-0.12415920685705473,90,,,
chesca_commitment_full_mesh,470,15,6,0,0,0,0.0,0.0,0.0,0.0,0.0,0.0,0.18333333333333335,5.687577365409315,5.6875773654093145,-8.881784197001252e-16,8.640029907226562,0.05949888566272481,90,,,
chesca_commitment_full_mesh,471,16,6,0,0,0,0.0,0.0,0.0,0.0,0.0,0.0,0.1666666666666667,6.73377274726959,6.733772747269589,-8.881784197001252e-16,8.640029907226562,0.061251914891408625,90,,,
chesca_commitment_full_mesh,472,17,6,6,5,1,0.20000000000000004,0.0,0.20000000000000004,0.019999999999999962,0.20000000000000004,0.04000000000000001,0.19999999999999998,9.797414052038327,9.053414052038326,-0.7440000000000015,8.66175365447998,0.4428215344601451,90,,,
chesca_commitment_full_mesh,473,18,6,1,1,0,0.04000000000000001,0.0,0.04000000000000001,0.0,0.24000000000000005,0.04000000000000001,0.18333333333333335,11.940562593005419,11.80856259300542,-0.13199999999999967,8.703841209411621,0.7184596139903486,90,,,
chesca_commitment_full_mesh,474,19,6,5,5,0,0.18000000000000002,0.0,0.18000000000000002,0.0,0.42000000000000004,0.08000000000000002,0.18666666666666668,13.241583700482515,12.577583700482515,-0.6639999999999997,8.703841209411621,1.2210763952109043,90,,,
chesca_commitment_full_mesh,475,20,6,0,0,0,0.0,0.0,0.0,0.0,0.42000000000000004,0.08000000000000002,0.18666666666666668,11.321036142193002,11.321036142193003,1.7763568394002505e-15,8.703841209411621,0.552269453507681,90,,,
chesca_commitment_full_mesh,476,21,6,0,0,0,0.0,0.0,0.0,0.0,0.42000000000000004,0.08000000000000002,0.18666666666666668,10.360167867365277,10.360167867365277,0.0,8.703841209411621,0.22400794211202035,90,,,
chesca_commitment_full_mesh,477,22,6,6,0,6,0.0,0.24000000000000002,0.0,0.24000000000000002,0.18000000000000005,0.040000000000000015,0.22666666666666668,8.910660328387262,9.786660328387262,0.8759999999999994,8.788604736328125,-0.058175953345761255,90,,,
chesca_commitment_full_mesh,478,23,6,5,0,5,0.0,0.18000000000000002,0.0,0.18000000000000002,5.898059818321144e-17,1.3877787807814457e-17,0.25666666666666665,9.154065415186915,9.818065415186915,0.6639999999999997,8.840312004089355,-0.2083801159425901,90,,,
chesca_commitment_full_mesh,479,24,6,0,0,0,0.0,0.0,0.0,0.0,5.898059818321144e-17,1.3877787807814457e-17,0.25666666666666665,8.76217372459169,8.76217372459169,0.0,8.886185646057129,-0.34042187192779866,90,,,
chesca_commitment_full_mesh,480,1,6,0,0,0,0.0,0.0,0.0,0.0,5.898059818321144e-17,1.3877787807814457e-17,0.25666666666666665,9.7788936003062,9.778893600306201,1.7763568394002505e-15,8.868349075317383,0.17753639147121314,90,,,
chesca_commitment_full_mesh,481,2,6,0,0,0,0.0,0.0,0.0,0.0,5.898059818321144e-17,1.3877787807814457e-17,0.21666666666666667,9.153636902124305,9.153636902124305,0.0,8.868349075317383,-0.1503547109654288,90,,,
chesca_commitment_full_mesh,482,3,6,2,0,2,0.0,1.734723475976807e-17,0.0,0.06000000000000001,4.163336342344337e-17,1.3877787807814457e-17,0.20333333333333334,8.906723306569063,9.118723306569063,0.21199999999999974,8.939204216003418,-0.09497715707031158,90,,,
chesca_commitment_full_mesh,483,4,6,4,0,4,0.0,1.3877787807814457e-17,0.0,0.10000000000000002,2.7755575615628914e-17,1.3877787807814457e-17,0.21333333333333335,8.001939123778223,8.387939123778223,0.38599999999999923,8.988115310668945,-0.3145130284018851,90,,,
chesca_commitment_full_mesh,484,5,6,1,0,1,0.0,1.3877787807814457e-17,0.0,0.04000000000000001,1.3877787807814457e-17,1.3877787807814457e-17,0.22,7.550091662712127,7.682091662712127,0.13199999999999967,8.988115310668945,-0.2760183052480844,90,,,
chesca_commitment_full_mesh,485,6,6,0,0,0,0.0,0.0,0.0,0.0,1.3877787807814457e-17,1.3877787807814457e-17,0.20666666666666667,6.281933010777788,6.281933010777788,0.0,8.988115310668945,-0.15770183683221561,90,,,
chesca_commitment_full_mesh,486,7,6,4,0,4,0.0,1.3877787807814457e-17,0.0,0.08,0.0,0.0,0.21333333333333335,5.726964483247073,6.004964483247074,0.27800000000000047,8.988115310668945,-0.11605166952644333,90,,,
chesca_commitment_full_mesh,487,8,6,2,0,2,0.0,0.0,0.0,0.04000000000000001,0.0,0.0,0.21333333333333335,5.1507163577935975,5.296716357793597,0.1459999999999999,8.988115310668945,-0.12137332460705952,90,,,
chesca_commitment_full_mesh,488,9,6,3,0,3,0.0,0.0,0.0,0.06,0.0,0.0,0.20666666666666667,3.813842765544833,4.005361256162758,0.19151849061792525,8.988115310668945,-0.3531256730630825,90,,,
chesca_commitment_full_mesh,489,10,6,4,0,4,0.0,0.0,0.0,0.08,0.0,0.0,0.22,1.7271595182809623,1.9196626270337227,0.19250310875276044,8.988115310668945,-0.31909396448154587,90,,,
chesca_commitment_full_mesh,490,11,6,0,0,0,0.0,0.0,0.0,0.0,0.0,0.0,0.22,2.2601642425661,2.2601642425661,0.0,8.988115310668945,-0.10230030945925692,90,,,
chesca_commitment_full_mesh,491,12,6,0,0,0,0.0,0.0,0.0,0.0,0.0,0.0,0.22,2.428759147490597,2.428759147490597,0.0,8.988115310668945,-0.15924149589391373,90,,,
chesca_commitment_full_mesh,492,13,6,0,0,0,0.0,0.0,0.0,0.0,0.0,0.0,0.22,3.6077930880326585,3.607793088032659,4.440892098500626e-16,8.988115310668945,0.089463087594817,90,,,
chesca_commitment_full_mesh,493,14,6,0,0,0,0.0,0.0,0.0,0.0,0.0,0.0,0.22,2.8367553191886845,2.8367553191886845,0.0,8.988115310668945,-0.061596470981987554,90,,,
chesca_commitment_full_mesh,494,15,6,0,0,0,0.0,0.0,0.0,0.0,0.0,0.0,0.22,5.524585212564378,5.524585212564378,0.0,8.988115310668945,0.09621472825694469,90,,,
chesca_commitment_full_mesh,495,16,6,6,6,0,0.12000000000000002,0.0,0.12000000000000002,0.0,0.12000000000000002,0.020000000000000004,0.24000000000000002,7.811555580139439,7.373555580139439,-0.4379999999999997,8.988115310668945,0.4397645736171049,90,,,
chesca_commitment_full_mesh,496,17,6,0,0,0,0.0,0.0,0.0,0.0,0.12000000000000002,0.020000000000000004,0.20333333333333334,9.149050492972469,9.14905049297247,1.7763568394002505e-15,8.988115310668945,0.4110815700401963,90,,,
chesca_commitment_full_mesh,497,18,6,6,6,0,0.12,0.0,0.12,0.0,0.24000000000000002,0.04000000000000001,0.21666666666666667,11.174262033211843,10.736262033211842,-0.4380000000000006,8.939204216003418,0.9541438435099062,90,,,
chesca_commitment_full_mesh,498,19,6,4,4,0,0.08000000000000002,0.0,0.08000000000000002,0.0,0.32000000000000006,0.06000000000000001,0.19999999999999998,13.53307657877577,13.227076578775767,-0.3060000000000027,8.939204216003418,1.3095196117731163,90,,,
chesca_commitment_full_mesh,499,20,6,0,0,0,0.0,0.0,0.0,0.0,0.32000000000000006,0.06000000000000001,0.19999999999999998,11.310258807168177,11.310258807168175,-1.7763568394002505e-15,8.939204216003418,0.42227036151067676,90,,,
chesca_commitment_full_mesh,500,21,6,0,0,0,0.0,0.0,0.0,0.0,0.32000000000000006,0.06000000000000001,0.19999999999999998,10.522380080046865,10.522380080046863,-1.7763568394002505e-15,8.939204216003418,0.2971126327085865,90,,,
chesca_commitment_full_mesh,501,22,6,6,0,6,0.0,0.24000000000000002,0.0,0.24000000000000002,0.08000000000000002,0.02000000000000001,0.19999999999999998,8.529163768899531,9.405163768899532,0.8760000000000012,8.939204216003418,-0.08180095180298565,90,,,
chesca_commitment_full_mesh,502,23,6,4,0,4,0.0,0.08,0.0,0.08000000000000002,3.122502256758253e-17,1.0408340855860843e-17,0.18333333333333335,8.83150283826756,9.13750283826756,0.30599999999999916,8.868349075317383,-0.04672334813156814,90,,,
chesca_commitment_full_mesh,503,24,6,4,4,0,0.16,0.0,0.16,0.0,0.16000000000000003,0.04000000000000001,0.21,9.34976841159321,8.76576841159321,-0.5839999999999996,8.800498008728027,0.17711187000811476,90,,,
chesca_commitment_full_mesh,504,1,6,1,1,0,0.020000000000000004,0.0,0.020000000000000004,0.0,0.18000000000000002,0.04000000000000001,0.21333333333333335,9.892710118174028,9.812710118174028,-0.08000000000000007,8.747746467590332,0.37910679841893824,90,,,
chesca_commitment_full_mesh,505,2,6,0,0,0,0.0,0.0,0.0,0.0,0.18000000000000002,0.04000000000000001,0.21333333333333335,9.138644229874583,9.138644229874583,0.0,8.747746467590332,0.0528980007109594,90,,,
chesca_commitment_full_mesh,506,3,6,5,0,5,0.0,0.18000000000000002,0.0,0.18000000000000002,0.0,0.0,0.2333333333333333,6.7920235715061095,7.456023571506109,0.6639999999999997,8.71574878692627,-0.08844912000561136,90,,,
chesca_commitment_full_mesh,507,4,6,1,0,1,0.0,0.0,0.0,0.020000000000000004,0.0,0.0,0.22,5.975149026861258,6.041149026861257,0.06599999999999895,8.71574878692627,-0.09550959755211601,90,,,
chesca_commitment_full_mesh,508,5,6,0,0,0,0.0,0.0,0.0,0.0,0.0,0.0,0.21333333333333335,5.119258267568987,5.119258267568987,0.0,8.71574878692627,-0.05144346272795812,90,,,
chesca_commitment_full_mesh,509,6,6,2,2,0,0.060000000000000005,0.0,0.060000000000000005,0.0,0.060000000000000005,0.04,0.22333333333333336,5.093952223501634,4.8959522235016335,-0.1980000000000004,8.71574878692627,0.08523556414618352,90,,,
chesca_commitment_full_mesh,510,7,6,5,0,5,0.0,0.060000000000000005,0.0,0.12000000000000002,0.0,0.0,0.23,3.9169158791008036,4.204069071290472,0.28715319218966817,8.747746467590332,-0.6032426919377362,90,,,
chesca_commitment_full_mesh,511,8,6,0,0,0,0.0,0.0,0.0,0.0,0.0,0.0,0.22333333333333336,3.937777739059472,3.937777739059472,0.0,8.747746467590332,0.08235160013750001,90,,,
chesca_commitment_full_mesh,512,9,6,2,0,2,0.0,0.0,0.0,0.04,0.0,0.0,0.22,2.951665300879484,3.0378256144799027,0.08616031360041854,8.71574878692627,-0.16974428153057605,90,,,
chesca_commitment_full_mesh,513,10,6,2,0,2,0.0,0.0,0.0,0.04,0.0,0.0,0.21333333333333335,3.5304042335519004,3.608742690958259,0.07833845740635859,8.71574878692627,-0.11247462201047519,90,,,
chesca_commitment_full_mesh,514,11,6,3,0,3,0.0,0.0,0.0,0.06000000000000001,0.0,0.0,0.22333333333333336,2.283661650812338,2.428522213819971,0.14486056300763295,8.71574878692627,-0.23851616230355097,90,,,
chesca_commitment_full_mesh,515,12,6,0,0,0,0.0,0.0,0.0,0.0,0.0,0.0,0.22333333333333336,2.1800056300108106,2.1800056300108106,0.0,8.71574878692627,-0.2398144756914416,90,,,
chesca_commitment_full_mesh,516,13,6,0,0,0,0.0,0.0,0.0,0.0,0.0,0.0,0.22333333333333336,2.4615478260878403,2.4615478260878403,0.0,8.71574878692627,0.06013274835536285,90,,,
chesca_commitment_full_mesh,517,14,6,0,0,0,0.0,0.0,0.0,0.0,0.0,0.0,0.22333333333333336,2.806958602949741,2.806958602949741,0.0,8.71574878692627,0.0385047282993725,90,,,
chesca_commitment_full_mesh,518,15,6,0,0,0,0.0,0.0,0.0,0.0,0.0,0.0,0.22333333333333336,1.5368266061646174,1.5368266061646172,-2.220446049250313e-16,8.71574878692627,0.0878831842471369,90,,,
chesca_commitment_full_mesh,519,16,6,5,5,0,0.10000000000000002,0.0,0.10000000000000002,0.0,0.10000000000000002,0.020000000000000004,0.22,4.539575737609028,4.167575737609029,-0.371999999999999,8.71574878692627,0.5947836485903246,90,,,
chesca_commitment_full_mesh,520,17,6,2,1,1,0.02,0.02,0.02,0.04000000000000001,0.10000000000000002,0.020000000000000004,0.23,5.88302695752087,5.81702695752087,-0.06599999999999984,8.71574878692627,0.5735150503766425,90,,,
chesca_commitment_full_mesh,521,18,6,0,0,0,0.0,0.0,0.0,0.0,0.10000000000000002,0.020000000000000004,0.21,7.6116403526643435,7.611640352664344,8.881784197001252e-16,8.692191123962402,0.6622591601742953,90,,,
chesca_commitment_full_mesh,522,19,6,0,0,0,0.0,0.0,0.0,0.0,0.10000000000000002,0.020000000000000004,0.19666666666666668,8.610521121814719,8.610521121814719,0.0,8.679791450500488,0.17342496583975883,90,,,
chesca_commitment_full_mesh,523,20,6,4,0,4,0.0,0.08000000000000002,0.0,0.08000000000000002,0.02,0.02,0.21000000000000005,8.299446350616135,8.605446350616134,0.30599999999999916,8.662679672241211,0.016331137999946333,90,,,
chesca_commitment_full_mesh,524,21,6,0,0,0,0.0,0.0,0.0,0.0,0.02,0.02,0.21000000000000005,8.432088233565537,8.432088233565535,-1.7763568394002505e-15,8.655317306518555,0.03949868518844438,90,,,
chesca_commitment_full_mesh,525,22,6,0,0,0,0.0,0.0,0.0,0.0,0.02,0.02,0.17000000000000004,7.585922544459153,7.585922544459154,8.881784197001252e-16,8.651936531066895,0.03517562091011385,90,,,
chesca_commitment_full_mesh,526,23,6,5,5,0,0.18000000000000002,0.0,0.18000000000000002,0.0,0.2,0.04000000000000001,0.18666666666666668,7.394309163043909,6.716309163043908,-0.6780000000000008,8.651936531066895,0.0922290354575679,90,,,
chesca_commitment_full_mesh,527,24,6,0,0,0,0.0,0.0,0.0,0.0,0.2,0.04000000000000001,0.16000000000000003,7.406868936534886,7.406868936534886,0.0,8.63971996307373,0.05939929193551317,90,,,
chesca_commitment_full_mesh,528,1,6,6,0,6,0.0,0.2,0.0,0.2,6.938893903907228e-18,6.938893903907228e-18,0.19000000000000003,8.097839149828916,8.841839149828916,0.7439999999999998,8.62570858001709,-0.01541146699472571,90,,,
chesca_commitment_full_mesh,529,2,6,5,0,5,0.0,6.938893903907228e-18,0.0,0.14,0.0,0.0,0.21333333333333335,5.8604589193650884,6.349894135488498,0.48943521612340923,8.586002349853516,-0.31777142328708563,90,,,
chesca_commitment_full_mesh,530,3,6,2,0,2,0.0,0.0,0.0,0.04000000000000001,0.0,0.0,0.19000000000000003,4.753624332837237,4.860386860476452,0.10676252763921479,8.528271675109863,-0.2463300597882314,90,,,
chesca_commitment_full_mesh,531,4,6,4,0,4,0.0,0.0,0.0,0.10000000000000002,0.0,0.0,0.20333333333333334,4.913358860848815,5.251085019905615,0.3377261590567997,8.528271675109863,-0.0969868198319092,90,,,
chesca_commitment_full_mesh,532,5,6,4,0,4,0.0,0.0,0.0,0.08,0.0,0.0,0.21666666666666667,4.401201536068119,4.589374260028704,0.1881727239605846,8.528271675109863,-0.18484970341769721,90,,,
chesca_commitment_full_mesh,533,6,6,0,0,0,0.0,0.0,0.0,0.0,0.0,0.0,0.20666666666666667,4.738089386041788,4.738089386041788,0.0,8.528271675109863,-0.08255671501588976,90,,,
chesca_commitment_full_mesh,534,7,6,0,0,0,0.0,0.0,0.0,0.0,0.0,0.0,0.18666666666666668,4.2547862070757425,4.254786207075742,-8.881784197001252e-16,8.528271675109863,-0.08215449023880186,90,,,
chesca_commitment_full_mesh,535,8,6,6,0,6,0.0,0.0,0.0,0.12000000000000001,0.0,0.0,0.20666666666666667,3.8243476043622353,4.075342287564116,0.25099468320188034,8.528271675109863,-0.17535277010791978,90,,,
chesca_commitment_full_mesh,536,9,6,2,0,2,0.0,0.0,0.0,0.04,0.0,0.0,0.20666666666666667,3.223346787100709,3.290115271326143,0.06676848422543413,8.528271675109863,-0.26286365865298966,90,,,
chesca_commitment_full_mesh,537,10,6,6,0,6,0.0,0.0,0.0,0.14,0.0,0.0,0.22333333333333336,2.3026835406101185,2.658532402732585,0.3558488621224667,8.586002349853516,-0.9503919752059548,90,,,
chesca_commitment_full_mesh,538,11,6,2,0,2,0.0,0.0,0.0,0.04,0.0,0.0,0.22,2.8958617254055135,2.9693759658968912,0.07351424049137778,8.586002349853516,-0.6093832612722531,90,,,
chesca_commitment_full_mesh,539,12,6,0,0,0,0.0,0.0,0.0,0.0,0.0,0.0,0.22,3.7210316612447096,3.72103166124471,4.440892098500626e-16,8.586002349853516,0.08027786043364439,90,,,
chesca_commitment_full_mesh,540,13,6,2,2,0,0.04000000000000001,0.0,0.04000000000000001,0.0,0.04000000000000001,0.020000000000000004,0.22666666666666668,5.619043188561274,5.487043188561273,-0.13200000000000056,8.586002349853516,0.11153039914299837,90,,,
chesca_commitment_full_mesh,541,14,6,0,0,0,0.0,0.0,0.0,0.0,0.04000000000000001,0.020000000000000004,0.22666666666666668,6.217499452431839,6.217499452431839,0.0,8.586002349853516,0.16402028059111567,90,,,
chesca_commitment_full_mesh,542,15,6,2,0,2,0.0,0.04,0.0,0.04,3.469446951953614e-18,3.469446951953614e-18,0.23333333333333336,6.963342695005899,7.0409575253792775,0.07761483037337857,8.618677139282227,-0.21722317818112769,90,,,
chesca_commitment_full_mesh,543,16,6,1,0,1,0.0,0.0,0.0,0.04000000000000001,3.469446951953614e-18,3.469446951953614e-18,0.22333333333333336,8.245301490286916,8.245301490286916,0.0,8.62570858001709,0.0253464843428311,90,,,
chesca_commitment_full_mesh,544,17,6,6,6,0,0.22000000000000003,0.0,0.22000000000000003,0.0,0.22000000000000003,0.04000000000000001,0.25,10.665022494881422,9.855022494881421,-0.8100000000000005,8.618677139282227,0.9187266267884223,90,,,
chesca_commitment_full_mesh,545,18,6,0,0,0,0.0,0.0,0.0,0.0,0.22000000000000003,0.04000000000000001,0.25,11.176238687042305,11.176238687042305,0.0,8.618677139282227,1.1105376647050975,90,,,
chesca_commitment_full_mesh,546,19,6,5,5,0,0.1,0.0,0.1,0.0,0.32,0.06000000000000001,0.26666666666666666,13.803178837789678,13.431178837789677,-0.37200000000000166,8.618677139282227,1.6863638868989692,90,,,
chesca_commitment_full_mesh,547,20,6,0,0,0,0.0,0.0,0.0,0.0,0.32,0.06000000000000001,0.25333333333333335,12.298430149245984,12.298430149245986,1.7763568394002505e-15,8.618677139282227,0.9883109596468888,90,,,
chesca_commitment_full_mesh,548,21,6,0,0,0,0.0,0.0,0.0,0.0,0.32,0.06000000000000001,0.25333333333333335,12.007839003116827,12.007839003116825,-1.7763568394002505e-15,8.618677139282227,0.9211525253011551,90,,,
chesca_commitment_full_mesh,549,22,6,6,0,6,0.0,0.22,0.0,0.22,0.10000000000000003,0.02000000000000001,0.29000000000000004,8.977894287265144,9.787894287265143,0.8099999999999987,8.618677139282227,-0.1761475543901504,90,,,
chesca_commitment_full_mesh,550,23,6,0,0,0,0.0,0.0,0.0,0.0,0.10000000000000003,0.02000000000000001,0.26,9.547294803815596,9.547294803815596,0.0,8.62570858001709,0.1997336231575452,90,,,
chesca_commitment_full_mesh,551,24,6,4,0,4,0.0,0.08,0.0,0.08000000000000002,0.020000000000000014,0.019999999999999997,0.2733333333333334,9.939375883758027,10.245375883758026,0.30599999999999916,8.63971996307373,-0.059067698304630364,90,,,
chesca_commitment_full_mesh,552,1,6,1,1,0,0.020000000000000004,0.0,0.020000000000000004,0.0,0.04000000000000002,0.020000000000000007,0.24333333333333332,11.529117942691423,11.463117942691422,-0.06600000000000072,8.63971996307373,0.7601395081031384,90,,,
chesca_commitment_full_mesh,553,2,6,2,0,2,0.0,0.04,0.0,0.04000000000000001,1.734723475976807e-17,6.938893903907228e-18,0.22666666666666668,8.499401008041094,8.631401008041093,0.13199999999999967,8.63971996307373,-0.17571973330208684,90,,,
chesca_commitment_full_mesh,554,3,6,2,0,2,0.0,6.938893903907228e-18,0.0,0.04000000000000001,1.0408340855860843e-17,6.938893903907228e-18,0.22666666666666668,6.911306610181483,7.071306610181482,0.15999999999999925,8.63971996307373,-0.21674820644974396,90,,,
chesca_commitment_full_mesh,555,4,6,0,0,0,0.0,0.0,0.0,0.0,1.0408340855860843e-17,6.938893903907228e-18,0.21,7.4215765167198295,7.42157651671983,8.881784197001252e-16,8.63971996307373,-0.05986532888032041,90,,,
chesca_commitment_full_mesh,556,5,6,6,0,6,0.0,1.0408340855860843e-17,0.0,0.22000000000000003,0.0,0.0,0.23333333333333336,6.112878330662035,6.922878330662035,0.8100000000000005,8.651936531066895,-0.994305136915772,90,,,
chesca_commitment_full_mesh,557,6,6,0,0,0,0.0,0.0,0.0,0.0,0.0,0.0,0.23333333333333336,5.80309001706966,5.8030900170696595,-8.881784197001252e-16,8.651936531066895,-0.14379413338482233,90,,,
chesca_commitment_full_mesh,558,7,6,0,0,0,0.0,0.0,0.0,0.0,0.0,0.0,0.23333333333333336,5.564784232323528,5.564784232323528,0.0,8.651936531066895,-0.016583607417382774,90,,,
chesca_commitment_full_mesh,559,8,6,0,0,0,0.0,0.0,0.0,0.0,0.0,0.0,0.21333333333333335,4.940045652202478,4.940045652202477,-8.881784197001252e-16,8.651936531066895,-0.0897227054068647,90,,,
chesca_commitment_full_mesh,560,9,6,3,0,3,0.0,0.0,0.0,0.06000000000000001,0.0,0.0,0.21666666666666667,2.5058578906278393,2.7113777792456153,0.20551988861777604,8.651936531066895,-0.32099399683725127,90,,,
chesca_commitment_full_mesh,561,10,6,0,0,0,0.0,0.0,0.0,0.0,0.0,0.0,0.19333333333333336,3.6622745419355,3.6622745419355,0.0,8.651936531066895,-0.0036575480269428473,90,,,
chesca_commitment_full_mesh,562,11,6,0,0,0,0.0,0.0,0.0,0.0,0.0,0.0,0.18666666666666668,3.7548389148878125,3.754838914887813,4.440892098500626e-16,8.651936531066895,-0.035199363374531674,90,,,
chesca_commitment_full_mesh,563,12,6,0,0,0,0.0,0.0,0.0,0.0,0.0,0.0,0.18666666666666668,4.421240447034121,4.421240447034121,0.0,8.651936531066895,-0.035765867563179045,90,,,
chesca_commitment_full_mesh,564,13,6,6,0,6,0.0,0.0,0.0,0.14,0.0,0.0,0.20333333333333334,5.628038219877327,5.9923522422724975,0.3643140223951704,8.655317306518555,-0.37122486354828205,90,,,
chesca_commitment_full_mesh,565,14,6,3,0,3,0.0,0.0,0.0,0.1,0.0,0.0,0.22,5.1017900972532,5.212905154566241,0.11111505731304039,8.655317306518555,-0.23249559588345994,90,,,
chesca_commitment_full_mesh,566,15,6,0,0,0,0.0,0.0,0.0,0.0,0.0,0.0,0.21333333333333335,5.360222729130493,5.360222729130493,0.0,8.655317306518555,0.054206223051671776,90,,,
chesca_commitment_full_mesh,567,16,6,5,4,1,0.1,0.0,0.1,0.03999999999999998,0.1,0.04,0.23,9.05448731567228,8.69648731567228,-0.35799999999999876,8.655317306518555,0.5739774693988723,90,,,
chesca_commitment_full_mesh,568,17,6,0,0,0,0.0,0.0,0.0,0.0,0.1,0.04,0.19333333333333336,11.731488743432704,11.731488743432704,0.0,8.655317306518555,0.6244551958387178,90,,,
chesca_commitment_full_mesh,569,18,6,5,5,0,0.20000000000000004,0.0,0.20000000000000004,0.0,0.30000000000000004,0.06000000000000001,0.22666666666666668,12.11342893954451,11.36942893954451,-0.7439999999999998,8.655317306518555,1.1133008657738614,90,,,
chesca_commitment_full_mesh,570,19,6,3,3,0,0.08000000000000002,0.0,0.08000000000000002,0.0,0.38000000000000006,0.08000000000000002,0.22333333333333336,14.884525256857913,14.606525256857914,-0.2779999999999987,8.655317306518555,1.8494251330624074,90,,,
chesca_commitment_full_mesh,571,20,6,0,0,0,0.0,0.0,0.0,0.0,0.38000000000000006,0.08000000000000002,0.22333333333333336,13.540374301012392,13.54037430101239,-1.7763568394002505e-15,8.655317306518555,1.1996804237275516,90,,,
chesca_commitment_full_mesh,572,21,6,0,0,0,0.0,0.0,0.0,0.0,0.38000000000000006,0.08000000000000002,0.22333333333333336,12.69947869776345,12.69947869776345,0.0,8.655317306518555,1.0390231649885553,90,,,
chesca_commitment_full_mesh,573,22,6,0,0,0,0.0,0.0,0.0,0.0,0.38000000000000006,0.08000000000000002,0.18666666666666665,9.67935035936804,9.67935035936804,0.0,8.655317306518555,0.12979610491741372,90,,,
chesca_commitment_full_mesh,574,23,6,0,0,0,0.0,0.0,0.0,0.0,0.38000000000000006,0.08000000000000002,0.18666666666666665,10.107511174726689,10.107511174726689,0.0,8.662679672241211,0.37973629433800077,90,,,
chesca_commitment_full_mesh,575,24,6,0,0,0,0.0,0.0,0.0,0.0,0.38000000000000006,0.08000000000000002,0.17333333333333334,10.705355020449893,10.705355020449893,0.0,8.662679672241211,0.6178734200906107,90,,,
chesca_commitment_full_mesh,576,1,6,0,0,0,0.0,0.0,0.0,0.0,0.38000000000000006,0.08000000000000002,0.17,10.059133999406011,10.059133999406011,0.0,8.662679672241211,0.2819680114122296,90,,,
chesca_commitment_full_mesh,577,2,6,6,0,6,0.0,0.24000000000000005,0.0,0.24000000000000005,0.14,0.04000000000000001,0.20333333333333334,9.038192498591588,9.91419249859159,0.8760000000000012,8.662679672241211,-0.026521790633680816,90,,,
chesca_commitment_full_mesh,578,3,6,6,0,6,0.0,0.14,0.0,0.16,1.3877787807814457e-17,6.938893903907228e-18,0.22333333333333336,6.860426834276443,7.430426834276444,0.5700000000000012,8.679791450500488,-0.25599787325506546,90,,,
chesca_commitment_full_mesh,579,4,6,1,0,1,0.0,0.0,0.0,0.02,1.3877787807814457e-17,6.938893903907228e-18,0.22666666666666668,6.60326803072398,6.683268030723981,0.08000000000000096,8.679791450500488,-0.13836084241219623,90,,,
chesca_commitment_full_mesh,580,5,6,0,0,0,0.0,0.0,0.0,0.0,1.3877787807814457e-17,6.938893903907228e-18,0.19000000000000003,6.334981661428558,6.334981661428558,0.0,8.679791450500488,-0.06676804848433421,90,,,
chesca_commitment_full_mesh,581,6,6,4,0,4,0.0,1.3877787807814457e-17,0.0,0.1,0.0,0.0,0.20666666666666667,6.45319216101704,6.818316467002233,0.3651243059851925,8.679791450500488,-0.08364977509952545,90,,,
chesca_commitment_full_mesh,582,7,6,2,0,2,0.0,0.0,0.0,0.04,0.0,0.0,0.21333333333333335,5.606197269852642,5.6895429457151225,0.0833456758624802,8.679791450500488,-0.1816762614138926,90,,,
chesca_commitment_full_mesh,583,8,6,2,0,2,0.0,0.0,0.0,0.04,0.0,0.0,0.22,4.666758969580512,4.7405215913390535,0.07376262175854187,8.679791450500488,-0.1652601390136897,90,,,
chesca_commitment_full_mesh,584,9,6,0,0,0,0.0,0.0,0.0,0.0,0.0,0.0,0.21,3.471090196509234,3.471090196509234,0.0,8.679791450500488,-0.13865869453090565,90,,,
chesca_commitment_full_mesh,585,10,6,3,0,3,0.0,0.0,0.0,0.06000000000000001,0.0,0.0,0.22,2.438557664570503,2.6099341321885787,0.1713764676180758,8.679791450500488,-0.10732097952013253,90,,,
chesca_commitment_full_mesh,586,11,6,0,0,0,0.0,0.0,0.0,0.0,0.0,0.0,0.22,1.7452787169805242,1.7452787169805242,0.0,8.679791450500488,-0.22286113940762292,90,,,
chesca_commitment_full_mesh,587,12,6,0,0,0,0.0,0.0,0.0,0.0,0.0,0.0,0.22,2.3068025426489998,2.3068025426489998,0.0,8.679791450500488,0.06458437931789254,90,,,
chesca_commitment_full_mesh,588,13,6,0,0,0,0.0,0.0,0.0,0.0,0.0,0.0,0.19666666666666666,4.279686500157829,4.279686500157829,0.0,8.679791450500488,0.23143459786429077,90,,,
chesca_commitment_full_mesh,589,14,6,6,6,0,0.14,0.0,0.14,0.0,0.14,0.04000000000000001,0.20333333333333337,4.763428921840702,4.245428921840702,-0.5179999999999998,8.679791450500488,0.11827581287092538,90,,,
chesca_commitment_full_mesh,590,15,6,0,0,0,0.0,0.0,0.0,0.0,0.14,0.04000000000000001,0.20333333333333337,6.727211694030068,6.727211694030067,-8.881784197001252e-16,8.679791450500488,0.20593768341433866,90,,,
chesca_commitment_full_mesh,591,16,6,0,0,0,0.0,0.0,0.0,0.0,0.14,0.04000000000000001,0.18000000000000002,8.055666075532423,8.055666075532423,0.0,8.679791450500488,0.46330334075847485,90,,,
chesca_commitment_full_mesh,592,17,6,0,0,0,0.0,0.0,0.0,0.0,0.14,0.04000000000000001,0.18000000000000002,9.098417217066629,9.09841721706663,1.7763568394002505e-15,8.692191123962402,0.41633170742914094,90,,,
chesca_commitment_full_mesh,593,18,6,5,5,0,0.18000000000000002,0.0,0.18000000000000002,0.0,0.32,0.06000000000000001,0.17666666666666672,10.314246903798999,9.678246903799,-0.6359999999999992,8.730283737182617,0.7286655386421921,90,,,
chesca_commitment_full_mesh,594,19,6,0,0,0,0.0,0.0,0.0,0.0,0.32,0.06000000000000001,0.16333333333333336,11.85042022963844,11.850420229638438,-1.7763568394002505e-15,8.730283737182617,0.9667407994099291,90,,,
chesca_commitment_full_mesh,595,20,6,0,0,0,0.0,0.0,0.0,0.0,0.32,0.06000000000000001,0.16333333333333336,11.857408711041632,11.857408711041632,0.0,8.730283737182617,0.775364287875717,90,,,
chesca_commitment_full_mesh,596,21,6,0,0,0,0.0,0.0,0.0,0.0,0.32,0.06000000000000001,0.16333333333333336,10.95520307779312,10.95520307779312,0.0,8.730283737182617,0.4302628745048225,90,,,
chesca_commitment_full_mesh,597,22,6,6,0,6,0.0,0.24000000000000005,0.0,0.24000000000000005,0.08000000000000004,0.02000000000000001,0.20333333333333334,9.88167637012657,10.75767637012657,0.8759999999999994,8.730283737182617,-0.17709457388635663,90,,,
chesca_commitment_full_mesh,598,23,6,1,1,0,0.02,0.0,0.02,0.0,0.10000000000000006,0.02000000000000001,0.20666666666666667,9.725779458009935,9.645779458009935,-0.08000000000000007,8.834918975830078,0.13452456802593607,90,,,
chesca_commitment_full_mesh,599,24,6,0,0,0,0.0,0.0,0.0,0.0,0.10000000000000006,0.02000000000000001,0.20666666666666667,9.874828647366027,9.874828647366025,-1.7763568394002505e-15,8.834918975830078,0.22212066119765247,90,,,
chesca_commitment_full_mesh,600,1,6,5,0,5,0.0,0.10000000000000002,0.0,0.10000000000000002,3.469446951953614e-17,6.938893903907228e-18,0.22333333333333336,8.73741253883518,9.095412538835179,0.35799999999999876,8.939204216003418,-0.07634980462758212,90,,,
chesca_commitment_full_mesh,601,2,6,1,0,1,0.0,6.938893903907228e-18,0.0,0.020000000000000004,2.7755575615628914e-17,6.938893903907228e-18,0.18666666666666668,8.443439055803404,8.509439055803405,0.06600000000000072,9.002723693847656,-0.16475378532740087,90,,,
chesca_commitment_full_mesh,602,3,6,6,0,6,0.0,2.7755575615628914e-17,0.0,0.20000000000000004,0.0,0.0,0.19333333333333336,7.499725910611144,8.229725910611144,0.7300000000000004,9.002723693847656,-0.1520311178876024,90,,,
chesca_commitment_full_mesh,603,4,6,6,0,6,0.0,0.0,0.0,0.16000000000000003,0.0,0.0,0.21666666666666667,6.00068290927064,6.553173670767445,0.5524907614968049,9.002723693847656,-0.30658449816020483,90,,,
chesca_commitment_full_mesh,604,5,6,1,0,1,0.0,0.0,0.0,0.02,0.0,0.0,0.22,5.77863498653832,5.85863498653832,0.08000000000000007,9.002723693847656,-0.14321882228040725,90,,,
chesca_commitment_full_mesh,605,6,6,0,0,0,0.0,0.0,0.0,0.0,0.0,0.0,0.20333333333333334,5.786436837918395,5.786436837918394,-8.881784197001252e-16,9.002723693847656,-0.0744886052388217,90,,,
chesca_commitment_full_mesh,606,7,6,0,0,0,0.0,0.0,0.0,0.0,0.0,0.0,0.19666666666666666,5.477090096544719,5.477090096544719,0.0,9.002723693847656,-0.060752227727985365,90,,,
chesca_commitment_full_mesh,607,8,6,6,6,0,0.14,0.0,0.14,0.0,0.14,0.04,0.21333333333333335,5.488825318983599,4.970825318983599,-0.5179999999999998,8.939204216003418,0.08613545273390681,90,,,
chesca_commitment_full_mesh,608,9,6,6,0,6,0.0,0.14,0.0,0.14,0.0,0.0,0.2366666666666667,5.526945169229752,6.002400651911628,0.475455482681876,9.002723693847656,-0.33354682565033983,90,,,
chesca_commitment_full_mesh,609,10,6,0,0,0,0.0,0.0,0.0,0.0,0.0,0.0,0.22666666666666668,2.254373719726834,2.254373719726834,0.0,9.002723693847656,-0.2282250883280076,90,,,
chesca_commitment_full_mesh,610,11,6,1,0,1,0.0,0.0,0.0,0.02,0.0,0.0,0.23,2.993693930742991,3.0736939307429916,0.08000000000000052,9.002723693847656,-0.09066830988086594,90,,,
chesca_commitment_full_mesh,611,12,6,0,0,0,0.0,0.0,0.0,0.0,0.0,0.0,0.23,5.374713032794251,5.374713032794251,0.0,9.002723693847656,0.16723553595373922,90,,,
chesca_commitment_full_mesh,612,13,6,4,0,4,0.0,0.0,0.0,0.08,0.0,0.0,0.24333333333333337,5.251672384820697,5.4809475964496,0.22927521162890319,9.040265083312988,-0.7289966222182148,90,,,
chesca_commitment_full_mesh,613,14,6,0,0,0,0.0,0.0,0.0,0.0,0.0,0.0,0.22,3.860466851052006,3.860466851052006,0.0,9.040265083312988,0.07162233604425278,90,,,
chesca_commitment_full_mesh,614,15,6,1,1,0,0.020000000000000004,0.0,0.020000000000000004,0.0,0.020000000000000004,0.020000000000000004,0.22333333333333336,6.437025219646842,6.357025219646843,-0.07999999999999918,9.040265083312988,0.27052624988774476,90,,,
chesca_commitment_full_mesh,615,16,6,0,0,0,0.0,0.0,0.0,0.0,0.020000000000000004,0.020000000000000004,0.22333333333333336,7.62794696733819,7.62794696733819,0.0,9.040265083312988,0.2588368410892155,90,,,
chesca_commitment_full_mesh,616,17,6,1,0,1,0.0,0.0,0.0,0.04000000000000001,0.020000000000000004,0.020000000000000004,0.23,8.83033351555649,8.83033351555649,0.0,9.040265083312988,0.21061112844397037,90,,,
chesca_commitment_full_mesh,617,18,6,5,5,0,0.14,0.0,0.14,0.0,0.16,0.04000000000000001,0.22333333333333336,11.741634838856758,11.209634838856758,-0.532,9.002723693847656,0.9152511888947948,90,,,
chesca_commitment_full_mesh,618,19,6,6,6,0,0.20000000000000004,0.0,0.20000000000000004,0.0,0.36000000000000004,0.08000000000000002,0.25666666666666665,14.798324755733601,14.082324755733602,-0.7159999999999993,9.002723693847656,1.7217839895562994,90,,,
chesca_commitment_full_mesh,619,20,6,0,0,0,0.0,0.0,0.0,0.0,0.36000000000000004,0.08000000000000002,0.25666666666666665,13.986614518948056,13.986614518948057,1.7763568394002505e-15,9.002723693847656,1.297968780348545,90,,,
chesca_commitment_full_mesh,620,21,6,0,0,0,0.0,0.0,0.0,0.0,0.36000000000000004,0.08000000000000002,0.25666666666666665,11.283107087898793,11.283107087898793,0.0,9.002723693847656,0.5053218597431237,90,,,
chesca_commitment_full_mesh,621,22,6,6,0,6,0.0,0.24000000000000002,0.0,0.24000000000000002,0.12000000000000002,0.040000000000000015,0.25666666666666665,8.674357513804434,9.550357513804435,0.8760000000000012,9.002723693847656,-0.16675076320704982,90,,,
chesca_commitment_full_mesh,622,23,6,5,0,5,0.0,0.09999999999999998,0.0,0.1,0.020000000000000035,0.020000000000000014,0.27,9.28763912437913,9.659639124379128,0.3719999999999981,9.040265083312988,-0.0468594947134995,90,,,
chesca_commitment_full_mesh,623,24,6,0,0,0,0.0,0.0,0.0,0.0,0.020000000000000035,0.020000000000000014,0.27,9.833490356980477,9.833490356980477,0.0,9.040265083312988,0.23724474993886083,90,,,
chesca_commitment_full_mesh,624,1,6,0,0,0,0.0,0.0,0.0,0.0,0.020000000000000035,0.020000000000000014,0.25333333333333335,9.398769362442767,9.398769362442767,0.0,9.040265083312988,0.020754215951609464,90,,,
chesca_commitment_full_mesh,625,2,6,0,0,0,0.0,0.0,0.0,0.0,0.020000000000000035,0.020000000000000014,0.25,9.411652515858892,9.411652515858892,0.0,9.040265083312988,0.13133920401852175,90,,,
chesca_commitment_full_mesh,626,3,6,1,0,1,0.0,0.020000000000000004,0.0,0.020000000000000004,3.122502256758253e-17,1.0408340855860843e-17,0.22,7.0789754488015095,7.1589754488015105,0.08000000000000096,9.040265083312988,-0.14589420969309552,90,,,
chesca_commitment_full_mesh,627,4,6,1,1,0,0.04,0.0,0.04,0.0,0.040000000000000036,0.04,0.20000000000000004,7.127692458572266,6.9956924585722655,-0.13200000000000056,9.040265083312988,0.08605833021572153,90,,,
chesca_commitment_full_mesh,628,5,6,3,3,0,0.1,0.0,0.1,0.0,0.14000000000000004,0.04,0.21333333333333335,6.582704560744503,6.238704560744502,-0.3440000000000012,9.040265083312988,0.12312979496753741,90,,,
chesca_commitment_full_mesh,629,6,6,1,1,0,0.02,0.0,0.02,0.0,0.16000000000000003,0.04,0.21666666666666667,6.3469109764903475,6.2669109764903475,-0.08000000000000007,9.040265083312988,0.22145477675538774,90,,,
chesca_commitment_full_mesh,630,7,6,0,0,0,0.0,0.0,0.0,0.0,0.16000000000000003,0.04,0.21666666666666667,4.8978503015203225,4.897850301520322,-8.881784197001252e-16,9.040265083312988,0.1615453477425702,90,,,
chesca_commitment_full_mesh,631,8,6,0,0,0,0.0,0.0,0.0,0.0,0.16000000000000003,0.04,0.19333333333333333,4.988062963021387,4.988062963021387,0.0,9.040265083312988,0.20112170999591844,90,,,
chesca_commitment_full_mesh,632,9,6,1,1,0,0.02,0.0,0.02,0.0,0.18000000000000005,0.04,0.1733333333333333,4.934110161084176,4.854110161084176,-0.08000000000000007,9.040265083312988,0.20073754866846222,90,,,
chesca_commitment_full_mesh,633,10,6,0,0,0,0.0,0.0,0.0,0.0,0.18000000000000005,0.04,0.1733333333333333,3.6373418340381547,3.637341834038155,4.440892098500626e-16,9.040265083312988,0.11076206931881415,90,,,
chesca_commitment_full_mesh,634,11,6,0,0,0,0.0,0.0,0.0,0.0,0.18000000000000005,0.04,0.17,4.473051861792371,4.473051861792372,8.881784197001252e-16,9.040265083312988,0.3846326802341101,90,,,
chesca_commitment_full_mesh,635,12,6,0,0,0,0.0,0.0,0.0,0.0,0.18000000000000005,0.04,0.17,1.5263861854564817,1.5263861854564817,0.0,9.040265083312988,0.22741942791708045,90,,,
chesca_commitment_full_mesh,636,13,6,0,0,0,0.0,0.0,0.0,0.0,0.18000000000000005,0.04,0.15666666666666668,1.2450811249772482,1.2450811249772482,0.0,9.040265083312988,0.2721265215202076,90,,,
chesca_commitment_full_mesh,637,14,6,0,0,0,0.0,0.0,0.0,0.0,0.18000000000000005,0.04,0.15666666666666668,3.870158347275296,3.870158347275296,0.0,9.040265083312988,0.35358123489515847,90,,,
chesca_commitment_full_mesh,638,15,6,0,0,0,0.0,0.0,0.0,0.0,0.18000000000000005,0.04,0.15333333333333335,7.076338646565889,7.076338646565888,-8.881784197001252e-16,9.040265083312988,0.15727657821169727,90,,,
chesca_commitment_full_mesh,639,16,6,6,0,6,0.0,0.18,0.0,0.18,4.163336342344337e-17,2.0816681711721685e-17,0.18333333333333332,7.875039639740454,8.416801173933044,0.5417615341925899,9.117532730102539,0.010874945929538582,90,,,
chesca_commitment_full_mesh,640,17,6,0,0,0,0.0,0.0,0.0,0.0,4.163336342344337e-17,2.0816681711721685e-17,0.17666666666666667,7.1661831366745705,7.166183136674571,8.881784197001252e-16,9.040265083312988,0.016935854727744143,90,,,
chesca_commitment_full_mesh,641,18,6,0,0,0,0.0,0.0,0.0,0.0,4.163336342344337e-17,2.0816681711721685e-17,0.15333333333333335,7.396361671719999,7.396361671719999,0.0,9.019750595092773,0.074403855794457,90,,,
chesca_commitment_full_mesh,642,19,6,6,6,0,0.24000000000000005,0.0,0.24000000000000005,0.0,0.24000000000000007,0.04000000000000002,0.16,8.599416721904118,7.723416721904117,-0.8760000000000012,8.99494457244873,0.17634625060078465,90,,,
chesca_commitment_full_mesh,643,20,6,6,0,6,0.0,0.24000000000000005,0.0,0.24000000000000005,4.85722573273506e-17,1.3877787807814457e-17,0.19999999999999998,8.853117578583998,9.729117578583997,0.8759999999999994,8.99494457244873,-0.14704663134026572,90,,,
chesca_commitment_full_mesh,644,21,6,4,0,4,0.0,3.469446951953614e-17,0.0,0.12000000000000001,1.3877787807814457e-17,6.938893903907228e-18,0.22,7.385146638526766,7.851146638526767,0.4660000000000011,8.99494457244873,-0.0851089751453534,90,,,
chesca_commitment_full_mesh,645,22,6,0,0,0,0.0,0.0,0.0,0.0,1.3877787807814457e-17,6.938893903907228e-18,0.18000000000000002,6.9432094413020415,6.9432094413020415,0.0,8.99494457244873,-0.30697549431919346,90,,,
chesca_commitment_full_mesh,646,23,6,6,6,0,0.24000000000000002,0.0,0.24000000000000002,0.0,0.24000000000000002,0.040000000000000015,0.20333333333333334,7.827442590533932,6.951442590533931,-0.8760000000000012,8.939204216003418,0.14819400325112697,90,,,
chesca_commitment_full_mesh,647,24,6,0,0,0,0.0,0.0,0.0,0.0,0.24000000000000002,0.040000000000000015,0.20333333333333334,8.507524131783375,8.507524131783375,0.0,8.834918975830078,0.15072158344394102,90,,,
chesca_commitment_full_mesh,648,1,6,0,0,0,0.0,0.0,0.0,0.0,0.24000000000000002,0.040000000000000015,0.20333333333333334,7.478504876866903,7.478504876866903,0.0,8.730283737182617,0.09677766026243419,90,,,
chesca_commitment_full_mesh,649,2,6,0,0,0,0.0,0.0,0.0,0.0,0.24000000000000002,0.040000000000000015,0.20333333333333334,7.908715630072773,7.908715630072772,-8.881784197001252e-16,8.692191123962402,0.20101958981845353,90,,,
chesca_commitment_full_mesh,650,3,6,5,0,5,0.0,0.10000000000000002,0.0,0.10000000000000002,0.14,0.04,0.21666666666666667,5.996865820164038,6.359024545815866,0.3621587256518284,8.674525260925293,0.026906741782497995,90,,,
chesca_commitment_full_mesh,651,4,6,0,0,0,0.0,0.0,0.0,0.0,0.14,0.04,0.21,5.119655230959751,5.119655230959751,0.0,8.653068542480469,0.0794996050133207,90,,,
chesca_commitment_full_mesh,652,5,6,0,0,0,0.0,0.0,0.0,0.0,0.14,0.04,0.19333333333333336,5.207530011751026,5.207530011751026,0.0,8.63971996307373,0.19533219125714618,90,,,
chesca_commitment_full_mesh,653,6,6,0,0,0,0.0,0.0,0.0,0.0,0.14,0.04,0.19000000000000003,5.508267991522864,5.508267991522865,8.881784197001252e-16,8.63971996307373,0.12969699665245135,90,,,
chesca_commitment_full_mesh,654,7,6,0,0,0,0.0,0.0,0.0,0.0,0.14,0.04,0.19000000000000003,4.680370335573938,4.680370335573938,0.0,8.63971996307373,0.05720573725809819,90,,,
chesca_commitment_full_mesh,655,8,6,6,0,6,0.0,0.13999999999999999,0.0,0.14,1.3877787807814457e-17,1.0408340855860843e-17,0.21333333333333335,4.435608137021841,4.722840744836544,0.28723260781470294,8.63971996307373,-0.0886707066953478,90,,,
chesca_commitment_full_mesh,656,9,6,3,2,1,0.04000000000000001,0.0,0.04000000000000001,0.04000000000000001,0.04000000000000002,0.02000000000000001,0.22333333333333336,5.484898436395128,5.352898436395128,-0.13200000000000056,8.63971996307373,0.08255996100792753,90,,,
chesca_commitment_full_mesh,657,10,6,4,0,4,0.0,0.04000000000000001,0.0,0.08000000000000002,1.3877787807814457e-17,6.938893903907228e-18,0.23666666666666666,4.189148927165031,4.427579393820358,0.23843046665532697,8.653068542480469,-0.4466774814004094,90,,,
chesca_commitment_full_mesh,658,11,6,0,0,0,0.0,0.0,0.0,0.0,1.3877787807814457e-17,6.938893903907228e-18,0.23666666666666666,3.9898800920211146,3.989880092021115,4.440892098500626e-16,8.653068542480469,0.1251669852206457,90,,,
chesca_commitment_full_mesh,659,12,6,0,0,0,0.0,0.0,0.0,0.0,1.3877787807814457e-17,6.938893903907228e-18,0.23666666666666666,3.778803266798647,3.7788032667986466,-4.440892098500626e-16,8.653068542480469,0.07946687242463171,90,,,
chesca_commitment_full_mesh,660,13,6,0,0,0,0.0,0.0,0.0,0.0,1.3877787807814457e-17,6.938893903907228e-18,0.23666666666666666,2.468542991540331,2.468542991540331,0.0,8.653068542480469,0.06658787750357278,90,,,
chesca_commitment_full_mesh,661,14,6,0,0,0,0.0,0.0,0.0,0.0,1.3877787807814457e-17,6.938893903907228e-18,0.23666666666666666,2.909885741040278,2.9098857410402785,4.440892098500626e-16,8.653068542480469,0.10443119979794838,90,,,
chesca_commitment_full_mesh,662,15,6,0,0,0,0.0,0.0,0.0,0.0,1.3877787807814457e-17,6.938893903907228e-18,0.23666666666666666,3.4487508102789217,3.4487508102789217,0.0,8.653068542480469,0.08131336447239632,90,,,
chesca_commitment_full_mesh,663,16,6,2,2,0,0.04,0.0,0.04,0.0,0.040000000000000015,0.02,0.21333333333333335,3.74203560402483,3.5960356040248302,-0.1459999999999999,8.653068542480469,0.44110374065434554,90,,,
chesca_commitment_full_mesh,664,17,6,3,3,0,0.06000000000000001,0.0,0.06000000000000001,0.0,0.10000000000000002,0.02000000000000001,0.2233333333333333,6.234700254188255,6.022700254188256,-0.21199999999999886,8.653068542480469,0.3356875365289266,90,,,
chesca_commitment_full_mesh,665,18,6,0,0,0,0.0,0.0,0.0,0.0,0.10000000000000002,0.02000000000000001,0.2233333333333333,7.4794776750110135,7.4794776750110135,0.0,8.643599510192871,0.4157543701547088,90,,,
chesca_commitment_full_mesh,666,19,6,0,0,0,0.0,0.0,0.0,0.0,0.10000000000000002,0.02000000000000001,0.18333333333333335,7.284200344979137,7.284200344979137,0.0,8.621657371520996,0.07032941395639186,90,,,
chesca_commitment_full_mesh,667,20,6,0,0,0,0.0,0.0,0.0,0.0,0.10000000000000002,0.02000000000000001,0.14333333333333334,7.769132495401077,7.769132495401077,0.0,8.581049919128418,0.057148770149470125,90,,,
chesca_commitment_full_mesh,668,21,6,0,0,0,0.0,0.0,0.0,0.0,0.10000000000000002,0.02000000000000001,0.12333333333333335,7.957653926027982,7.957653926027982,0.0,8.527021408081055,0.06538595219458143,90,,,
chesca_commitment_full_mesh,669,22,6,6,0,6,0.0,0.10000000000000002,0.0,0.24000000000000002,0.0,0.0,0.16333333333333336,7.49858386760779,8.37458386760779,0.8759999999999994,8.527021408081055,-1.0718651955016203,90,,,
chesca_commitment_full_mesh,670,23,6,0,0,0,0.0,0.0,0.0,0.0,0.0,0.0,0.12333333333333334,7.727095251363295,7.727095251363295,0.0,8.527021408081055,-0.056831020164813575,90,,,
chesca_commitment_full_mesh,671,24,6,0,0,0,0.0,0.0,0.0,0.0,0.0,0.0,0.12333333333333334,7.502456411442509,7.502456411442509,0.0,8.496803283691406,0.04834214333391125,90,,,
chesca_commitment_full_mesh,672,1,6,6,6,0,0.24000000000000005,0.0,0.24000000000000005,0.0,0.24000000000000005,0.04000000000000001,0.16333333333333336,7.678033480759101,6.802033480759101,-0.8760000000000003,8.43513011932373,0.08454537168862403,90,,,
chesca_commitment_full_mesh,673,2,6,0,0,0,0.0,0.0,0.0,0.0,0.24000000000000005,0.04000000000000001,0.16333333333333336,7.21353595176903,7.213535951769029,-8.881784197001252e-16,8.363327026367188,0.15477939379187738,90,,,
chesca_commitment_full_mesh,674,3,6,6,0,6,0.0,0.24000000000000002,0.0,0.24000000000000005,6.938893903907228e-18,6.938893903907228e-18,0.18666666666666665,6.441849910803126,7.317849910803125,0.8759999999999994,8.363327026367188,0.0038301676771688165,90,,,
chesca_commitment_full_mesh,675,4,6,0,0,0,0.0,0.0,0.0,0.0,6.938893903907228e-18,6.938893903907228e-18,0.18666666666666665,5.193842682682289,5.1938426826822885,-8.881784197001252e-16,8.363327026367188,-0.04609065536271459,90,,,
chesca_commitment_full_mesh,676,5,6,6,6,0,0.2,0.0,0.2,0.0,0.2,0.04000000000000001,0.22,4.902925536315773,4.158925536315773,-0.7439999999999998,8.363327026367188,0.09530914546889935,90,,,
chesca_commitment_full_mesh,677,6,6,0,0,0,0.0,0.0,0.0,0.0,0.2,0.04000000000000001,0.22,4.856534713508718,4.856534713508719,8.881784197001252e-16,8.363327026367188,0.23975976238419167,90,,,
chesca_commitment_full_mesh,678,7,6,0,0,0,0.0,0.0,0.0,0.0,0.2,0.04000000000000001,0.22,4.842899244982977,4.842899244982978,8.881784197001252e-16,8.2869873046875,0.15447595610732462,90,,,
chesca_commitment_full_mesh,679,8,6,1,0,1,0.0,0.03999999999999998,0.0,0.03999999999999998,0.16000000000000003,0.04000000000000001,0.20333333333333334,6.602664940825036,6.602664940825036,0.0,8.2869873046875,0.2984805353767205,90,,,
chesca_commitment_full_mesh,680,9,6,0,0,0,0.0,0.0,0.0,0.0,0.16000000000000003,0.04000000000000001,0.18999999999999997,1.326320990296969,1.3263209902969693,2.220446049250313e-16,8.2869873046875,0.1757293689640292,90,,,
chesca_commitment_full_mesh,681,10,6,0,0,0,0.0,0.0,0.0,0.0,0.16000000000000003,0.04000000000000001,0.17666666666666667,2.81429072706901,2.8142907270690105,4.440892098500626e-16,8.2869873046875,0.16321582705398674,90,,,
chesca_commitment_full_mesh,682,11,6,0,0,0,0.0,0.0,0.0,0.0,0.16000000000000003,0.04000000000000001,0.17666666666666667,1.852488569904533,1.8524885699045326,-4.440892098500626e-16,8.2869873046875,0.11680847297020552,90,,,
chesca_commitment_full_mesh,683,12,6,0,0,0,0.0,0.0,0.0,0.0,0.16000000000000003,0.04000000000000001,0.17666666666666667,1.0781131126376184,1.0781131126376184,0.0,8.2869873046875,0.23748166011432664,90,,,
chesca_commitment_full_mesh,684,13,6,0,0,0,0.0,0.0,0.0,0.0,0.16000000000000003,0.04000000000000001,0.17666666666666667,3.551840935011966,3.551840935011965,-8.881784197001252e-16,8.2869873046875,0.32310416178078827,90,,,
chesca_commitment_full_mesh,685,14,6,5,0,5,0.0,0.16,0.0,0.16,3.122502256758253e-17,2.0816681711721685e-17,0.20333333333333334,4.096841300917463,4.451627104300754,0.35478580338329113,8.2869873046875,0.014971677213493316,90,,,
chesca_commitment_full_mesh,686,15,6,0,0,0,0.0,0.0,0.0,0.0,3.122502256758253e-17,2.0816681711721685e-17,0.20333333333333334,6.2838594141102035,6.2838594141102035,0.0,8.2869873046875,0.076810898761482,90,,,
chesca_commitment_full_mesh,687,16,6,5,5,0,0.14,0.0,0.14,0.0,0.14000000000000007,0.04000000000000001,0.22,6.670012080188847,6.166012080188848,-0.5039999999999996,8.2869873046875,0.37448957155785534,90,,,
chesca_commitment_full_mesh,688,17,6,1,1,0,0.020000000000000004,0.0,0.020000000000000004,0.0,0.16000000000000003,0.04000000000000001,0.21333333333333335,7.541397088233298,7.475397088233297,-0.06600000000000072,8.2869873046875,0.5220957537252531,90,,,
chesca_commitment_full_mesh,689,18,6,0,0,0,0.0,0.0,0.0,0.0,0.16000000000000003,0.04000000000000001,0.21333333333333335,7.856778627743428,7.856778627743427,-8.881784197001252e-16,8.2869873046875,0.3641179816030319,90,,,
chesca_commitment_full_mesh,690,19,6,6,0,6,0.0,0.16000000000000003,0.0,0.16000000000000003,3.122502256758253e-17,2.42861286636753e-17,0.24000000000000002,8.77849700857777,9.34849700857777,0.5700000000000003,8.363327026367188,-0.1290829164189859,90,,,
chesca_commitment_full_mesh,691,20,6,0,0,0,0.0,0.0,0.0,0.0,3.122502256758253e-17,2.42861286636753e-17,0.24000000000000002,8.101365351918256,8.101365351918256,0.0,8.363327026367188,0.14645602800371632,90,,,
chesca_commitment_full_mesh,692,21,6,0,0,0,0.0,0.0,0.0,0.0,3.122502256758253e-17,2.42861286636753e-17,0.24000000000000002,8.619846466491829,8.619846466491829,0.0,8.43513011932373,0.09370915812071709,90,,,
chesca_commitment_full_mesh,693,22,6,0,0,0,0.0,0.0,0.0,0.0,3.122502256758253e-17,2.42861286636753e-17,0.19999999999999998,7.605352587528799,7.605352587528799,0.0,8.43513011932373,0.15997587653462972,90,,,
chesca_commitment_full_mesh,694,23,6,6,6,0,0.12000000000000002,0.0,0.12000000000000002,0.0,0.12000000000000005,0.020000000000000028,0.22,7.497479980501161,7.0594799805011625,-0.43799999999999883,8.43513011932373,0.08911701731053655,90,,,
chesca_commitment_full_mesh,695,24,6,0,0,0,0.0,0.0,0.0,0.0,0.12000000000000005,0.020000000000000028,0.22,7.983093236631022,7.983093236631022,0.0,8.43513011932373,0.14489877790087835,90,,,
chesca_commitment_full_mesh,696,1,6,6,0,6,0.0,0.12000000000000002,0.0,0.12000000000000002,3.469446951953614e-17,2.42861286636753e-17,0.19999999999999998,7.6686098339741715,8.07450658243026,0.4058967484560885,8.43513011932373,0.002340849071263404,90,,,
chesca_commitment_full_mesh,697,2,6,5,0,5,0.0,3.122502256758253e-17,0.0,0.10000000000000002,3.469446951953614e-18,3.469446951953614e-18,0.21666666666666667,6.404412940242859,6.762412940242859,0.35799999999999965,8.363327026367188,-0.09661839326538131,90,,,
chesca_commitment_full_mesh,698,3,6,0,0,0,0.0,0.0,0.0,0.0,3.469446951953614e-18,3.469446951953614e-18,0.17666666666666667,5.627838633095404,5.627838633095404,0.0,8.363327026367188,-0.035653727736490344,90,,,
chesca_commitment_full_mesh,699,4,6,0,0,0,0.0,0.0,0.0,0.0,3.469446951953614e-18,3.469446951953614e-18,0.17666666666666667,4.79029728818426,4.79029728818426,0.0,8.363327026367188,-0.031199195006268755,90,,,
chesca_commitment_full_mesh,700,5,6,0,0,0,0.0,0.0,0.0,0.0,3.469446951953614e-18,3.469446951953614e-18,0.14333333333333334,4.87169833350301,4.87169833350301,0.0,8.363327026367188,0.07187863052816097,90,,,
chesca_commitment_full_mesh,701,6,6,6,6,0,0.24000000000000002,0.0,0.24000000000000002,0.0,0.24000000000000005,0.04000000000000001,0.18333333333333332,4.915285920767479,4.03928592076748,-0.8759999999999994,8.363327026367188,0.11237315444011495,90,,,
chesca_commitment_full_mesh,702,7,6,0,0,0,0.0,0.0,0.0,0.0,0.24000000000000005,0.04000000000000001,0.18333333333333332,4.286656039364254,4.286656039364254,0.0,8.363327026367188,0.21552595907562117,90,,,
chesca_commitment_full_mesh,703,8,6,0,0,0,0.0,0.0,0.0,0.0,0.24000000000000005,0.04000000000000001,0.17666666666666667,3.8660763937052356,3.8660763937052356,0.0,8.363327026367188,0.08402499401160825,90,,,
chesca_commitment_full_mesh,704,9,6,6,0,6,0.0,0.2,0.0,0.2,0.04000000000000001,0.02,0.21000000000000005,3.5786959016138664,3.849856367099826,0.2711604654859596,8.363327026367188,0.01947736308884801,90,,,
chesca_commitment_full_mesh,705,10,6,2,0,2,0.0,0.039999999999999994,0.0,0.04,6.938893903907228e-18,6.938893903907228e-18,0.21666666666666667,1.7986221081697449,1.866539173766058,0.06791706559631305,8.2869873046875,-0.06738537251816104,90,,,
chesca_commitment_full_mesh,706,11,6,0,0,0,0.0,0.0,0.0,0.0,6.938893903907228e-18,6.938893903907228e-18,0.21666666666666667,3.320816829299976,3.320816829299976,0.0,8.2869873046875,-0.03515897100272393,90,,,
chesca_commitment_full_mesh,707,12,6,2,2,0,0.06,0.0,0.06,0.0,0.06000000000000001,0.04,0.22666666666666668,3.079692225634102,2.8676922256341024,-0.21199999999999974,8.2869873046875,0.09261901456065189,90,,,
chesca_commitment_full_mesh,708,13,6,0,0,0,0.0,0.0,0.0,0.0,0.06000000000000001,0.04,0.22666666666666668,4.302951849029104,4.302951849029104,0.0,8.2869873046875,0.2134393710562306,90,,,
chesca_commitment_full_mesh,709,14,6,2,0,2,0.0,0.04000000000000001,0.0,0.04000000000000001,0.020000000000000004,0.02,0.20666666666666667,4.630700168356427,4.749408505454452,0.11870833709802575,8.2869873046875,-0.016553902666582652,90,,,
chesca_commitment_full_mesh,710,15,6,3,3,0,0.1,0.0,0.1,0.0,0.12000000000000002,0.04,0.22333333333333336,5.3486986625834785,4.948698662583479,-0.39999999999999947,8.207845687866211,0.0945937487380643,90,,,
chesca_commitment_full_mesh,711,16,6,2,2,0,0.04000000000000001,0.0,0.04000000000000001,0.0,0.16,0.04,0.20666666666666667,7.45987126073199,7.327871260731991,-0.13199999999999967,8.179459571838379,0.3943830318985752,90,,,
chesca_commitment_full_mesh,712,17,6,1,1,0,0.020000000000000004,0.0,0.020000000000000004,0.0,0.18000000000000002,0.04000000000000001,0.20666666666666667,8.35880935550705,8.27880935550705,-0.08000000000000007,8.179459571838379,0.5694192238402375,90,,,
chesca_commitment_full_mesh,713,18,6,3,3,0,0.059999999999999984,0.0,0.059999999999999984,0.0,0.24000000000000005,0.04000000000000001,0.21666666666666667,9.843573333618277,9.645573333618277,-0.1980000000000004,8.068178176879883,0.9892361387437392,90,,,
chesca_commitment_full_mesh,714,19,6,2,2,0,0.04000000000000001,0.0,0.04000000000000001,0.0,0.28,0.060000000000000005,0.19666666666666666,11.078156064081934,10.918156064081936,-0.15999999999999837,8.068178176879883,1.0565549966322774,90,,,
chesca_commitment_full_mesh,715,20,6,0,0,0,0.0,0.0,0.0,0.0,0.28,0.060000000000000005,0.19666666666666666,10.51868171625009,10.51868171625009,0.0,8.068178176879883,0.701953233334065,90,,,
chesca_commitment_full_mesh,716,21,6,0,0,0,0.0,0.0,0.0,0.0,0.28,0.060000000000000005,0.19666666666666666,10.34592988868739,10.34592988868739,0.0,8.068178176879883,0.6088015139218856,90,,,
chesca_commitment_full_mesh,717,22,6,0,0,0,0.0,0.0,0.0,0.0,0.28,0.060000000000000005,0.19666666666666666,9.2352408188006,9.2352408188006,0.0,8.068178176879883,0.2383242388317684,90,,,
chesca_commitment_full_mesh,718,23,6,0,0,0,0.0,0.0,0.0,0.0,0.28,0.060000000000000005,0.17666666666666667,8.20228980508201,8.20228980508201,0.0,7.95273494720459,0.22801193310988183,90,,,
chesca_commitment_full_mesh,719,24,6,0,0,0,0.0,0.0,0.0,0.0,0.28,0.060000000000000005,0.17666666666666667,9.991247806125903,9.991247806125902,-1.7763568394002505e-15,7.906655788421631,0.8042238643925361,90,,,
chesca_commitment_full_mesh,720,1,6,0,0,0,0.0,0.0,0.0,0.0,0.28,0.060000000000000005,0.15666666666666665,8.95092165725066,8.950921657250658,-1.7763568394002505e-15,7.906655788421631,0.21875300289645366,90,,,
chesca_commitment_full_mesh,721,2,6,0,0,0,0.0,0.0,0.0,0.0,0.28,0.060000000000000005,0.14,9.301790462869729,9.301790462869729,0.0,7.906655788421631,0.41825727294790443,90,,,
chesca_commitment_full_mesh,722,3,6,6,0,6,0.0,0.24000000000000005,0.0,0.24000000000000005,0.039999999999999994,0.019999999999999997,0.18000000000000002,7.003787905680309,7.87978790568031,0.8760000000000003,7.906655788421631,-0.15626756025795654,90,,,
chesca_commitment_full_mesh,723,4,6,6,0,6,0.0,0.039999999999999994,0.0,0.20000000000000004,0.0,0.0,0.21333333333333335,6.088041650806274,6.818041650806273,0.7299999999999986,7.906655788421631,-0.0916432368591457,90,,,
chesca_commitment_full_mesh,724,5,6,2,0,2,0.0,0.0,0.0,0.04000000000000001,0.0,0.0,0.22,5.560460417831866,5.692460417831866,0.13199999999999967,7.826182842254639,-0.10192917293245055,90,,,
chesca_commitment_full_mesh,725,6,6,0,0,0,0.0,0.0,0.0,0.0,0.0,0.0,0.18000000000000002,5.379877574732256,5.379877574732255,-8.881784197001252e-16,7.826182842254639,0.0023623349557269566,90,,,
chesca_commitment_full_mesh,726,7,6,0,0,0,0.0,0.0,0.0,0.0,0.0,0.0,0.18000000000000002,5.001956748343819,5.001956748343819,0.0,7.826182842254639,0.07409909847719875,90,,,
chesca_commitment_full_mesh,727,8,6,0,0,0,0.0,0.0,0.0,0.0,0.0,0.0,0.18000000000000002,4.424129985363249,4.424129985363249,0.0,7.826182842254639,0.00698042341022765,90,,,
chesca_commitment_full_mesh,728,9,6,6,0,6,0.0,0.0,0.0,0.14,0.0,0.0,0.17,2.7591928728122186,3.1737731045038675,0.4145802316916489,7.826182842254639,-0.20188049421105114,90,,,
chesca_commitment_full_mesh,729,10,6,6,0,6,0.0,0.0,0.0,0.14,0.0,0.0,0.18666666666666668,1.140595777228615,1.4845341474798082,0.3439383702511931,7.826182842254639,-0.15982385769528396,90,,,
chesca_commitment_full_mesh,730,11,6,0,0,0,0.0,0.0,0.0,0.0,0.0,0.0,0.18666666666666668,2.0590839165430648,2.0590839165430648,0.0,7.826182842254639,0.0712351718076725,90,,,
chesca_commitment_full_mesh,731,12,6,5,5,0,0.2,0.0,0.2,0.0,0.2,0.04,0.21,2.5954529525348358,1.8794529525348356,-0.7160000000000002,7.826182842254639,0.09630944711614749,90,,,
chesca_commitment_full_mesh,732,13,6,1,1,0,0.020000000000000004,0.0,0.020000000000000004,0.0,0.22000000000000003,0.04,0.21333333333333335,4.587614452311993,4.5076144523119925,-0.08000000000000007,7.777957916259766,0.26527780212062146,90,,,
chesca_commitment_full_mesh,733,14,6,0,0,0,0.0,0.0,0.0,0.0,0.22000000000000003,0.04,0.20666666666666667,7.120553631938689,7.120553631938689,0.0,7.777957916259766,0.3302891662302791,90,,,
chesca_commitment_full_mesh,734,15,6,0,0,0,0.0,0.0,0.0,0.0,0.22000000000000003,0.04,0.19000000000000003,7.610557899083304,7.610557899083304,0.0,7.777957916259766,0.10700475148998911,90,,,
chesca_commitment_full_mesh,735,16,6,0,0,0,0.0,0.0,0.0,0.0,0.22000000000000003,0.04,0.18333333333333335,9.319527460361327,9.319527460361327,0.0,7.826182842254639,0.33958600430667085,90,,,
chesca_commitment_full_mesh,736,17,6,6,6,0,0.2,0.0,0.2,0.0,0.42000000000000004,0.08000000000000002,0.21333333333333335,11.654376339814464,10.91037633981446,-0.7440000000000033,7.777957916259766,1.5467231688655034,90,,,
chesca_commitment_full_mesh,737,18,6,1,1,0,0.020000000000000004,0.0,0.020000000000000004,0.0,0.44000000000000006,0.08000000000000002,0.2066666666666667,12.233476847654742,12.153476847654744,-0.0799999999999983,7.777957916259766,1.7754887465563303,90,,,
chesca_commitment_full_mesh,738,19,6,2,2,0,0.039999999999999994,0.0,0.039999999999999994,0.0,0.4800000000000001,0.08000000000000002,0.20666666666666667,13.398257769137325,13.266257769137326,-0.13199999999999967,7.777957916259766,1.7593869684692223,90,,,
chesca_commitment_full_mesh,739,20,6,0,0,0,0.0,0.0,0.0,0.0,0.4800000000000001,0.08000000000000002,0.20666666666666667,13.573364397943063,13.573364397943063,0.0,7.777957916259766,1.6926807324606385,90,,,
chesca_commitment_full_mesh,740,21,6,0,0,0,0.0,0.0,0.0,0.0,0.4800000000000001,0.08000000000000002,0.20666666666666667,12.721148205617443,12.721148205617443,0.0,7.777957916259766,1.5246622912456618,90,,,
chesca_commitment_full_mesh,741,22,6,0,0,0,0.0,0.0,0.0,0.0,0.4800000000000001,0.08000000000000002,0.20666666666666667,10.306704971714803,10.306704971714803,0.0,7.777957916259766,0.3723516668674764,90,,,
chesca_commitment_full_mesh,742,23,6,0,0,0,0.0,0.0,0.0,0.0,0.4800000000000001,0.08000000000000002,0.20666666666666667,11.004754487310569,11.004754487310567,-1.7763568394002505e-15,7.7554121017456055,1.2429458631470374,90,,,
chesca_commitment_full_mesh,743,24,6,0,0,0,0.0,0.0,0.0,0.0,0.4800000000000001,0.08000000000000002,0.20666666666666667,9.861291069167327,9.861291069167327,0.0,7.7554121017456055,0.546525296653775,90,,,
chesca_commitment_full_mesh,744,1,6,0,0,0,0.0,0.0,0.0,0.0,0.4800000000000001,0.08000000000000002,0.20666666666666667,10.090257707958385,10.090257707958385,0.0,7.7554121017456055,0.6918349302070576,90,,,
chesca_commitment_full_mesh,745,2,6,0,0,0,0.0,0.0,0.0,0.0,0.4800000000000001,0.08000000000000002,0.20666666666666667,9.533431860744386,9.533431860744386,0.0,7.7554121017456055,0.4108690805494559,90,,,
chesca_commitment_full_mesh,746,3,6,0,0,0,0.0,0.0,0.0,0.0,0.4800000000000001,0.08000000000000002,0.16666666666666666,8.767308128118199,8.767308128118199,0.0,7.7554121017456055,0.21752255454779085,90,,,
chesca_commitment_full_mesh,747,4,6,6,0,6,0.0,0.24000000000000005,0.0,0.24000000000000005,0.24,0.04000000000000001,0.17333333333333334,8.174781461892332,9.050781461892331,0.8759999999999994,7.777957916259766,-0.014631893199631762,90,,,
chesca_commitment_full_mesh,748,5,6,6,0,6,0.0,0.23999999999999994,0.0,0.24000000000000002,2.0816681711721685e-17,6.938893903907228e-18,0.20666666666666667,6.494455458038915,7.370455458038914,0.8759999999999994,7.826182842254639,-0.2367054602894534,90,,,
chesca_commitment_full_mesh,749,6,6,5,0,5,0.0,1.3877787807814457e-17,0.0,0.10000000000000002,6.938893903907228e-18,6.938893903907228e-18,0.22333333333333336,5.2997398362726305,5.630651697865705,0.3309118615930746,7.826182842254639,-0.10666271724680618,90,,,
chesca_commitment_full_mesh,750,7,6,0,0,0,0.0,0.0,0.0,0.0,6.938893903907228e-18,6.938893903907228e-18,0.22333333333333336,5.299782454153759,5.299782454153758,-8.881784197001252e-16,7.826182842254639,-0.13216937851727673,90,,,
chesca_commitment_full_mesh,751,8,6,0,0,0,0.0,0.0,0.0,0.0,6.938893903907228e-18,6.938893903907228e-18,0.22333333333333336,4.550982423304456,4.550982423304456,0.0,7.826182842254639,0.0027724088224631988,90,,,
chesca_commitment_full_mesh,752,9,6,0,0,0,0.0,0.0,0.0,0.0,6.938893903907228e-18,6.938893903907228e-18,0.19999999999999998,3.657416648175322,3.657416648175322,0.0,7.826182842254639,-0.02077287559589367,90,,,
chesca_commitment_full_mesh,753,10,6,0,0,0,0.0,0.0,0.0,0.0,6.938893903907228e-18,6.938893903907228e-18,0.17666666666666667,3.2053002577718734,3.2053002577718734,0.0,7.826182842254639,-0.012728486762165678,90,,,
chesca_commitment_full_mesh,754,11,6,0,0,0,0.0,0.0,0.0,0.0,6.938893903907228e-18,6.938893903907228e-18,0.17666666666666667,2.496520652850858,2.496520652850858,0.0,7.826182842254639,0.029212355560098206,90,,,
chesca_commitment_full_mesh,755,12,6,6,6,0,0.24000000000000005,0.0,0.24000000000000005,0.0,0.24000000000000005,0.040000000000000015,0.18333333333333335,4.0906287825193,3.2146287825193,-0.8759999999999999,7.826182842254639,0.198728849615488,90,,,
chesca_commitment_full_mesh,756,13,6,0,0,0,0.0,0.0,0.0,0.0,0.24000000000000005,0.040000000000000015,0.18000000000000002,5.063169023723525,5.063169023723525,0.0,7.826182842254639,0.32724274387064656,90,,,
chesca_commitment_full_mesh,757,14,6,0,0,0,0.0,0.0,0.0,0.0,0.24000000000000005,0.040000000000000015,0.18000000000000002,6.567950984110923,6.567950984110922,-8.881784197001252e-16,7.826182842254639,0.11628551932564231,90,,,
chesca_commitment_full_mesh,758,15,6,0,0,0,0.0,0.0,0.0,0.0,0.24000000000000005,0.040000000000000015,0.18000000000000002,7.149005548247788,7.149005548247788,0.0,7.826182842254639,0.08509563071018808,90,,,
chesca_commitment_full_mesh,759,16,6,0,0,0,0.0,0.0,0.0,0.0,0.24000000000000005,0.040000000000000015,0.18000000000000002,9.426253557843989,9.426253557843987,-1.7763568394002505e-15,7.826182842254639,0.930273681835137,90,,,
chesca_commitment_full_mesh,760,17,6,6,5,1,0.20000000000000004,0.03999999999999998,0.20000000000000004,0.03999999999999998,0.4000000000000001,0.08000000000000002,0.18666666666666668,13.246277171130496,12.529505853648502,-0.7167713174819941,7.826182842254639,1.9137039242869,90,,,
chesca_commitment_full_mesh,761,18,6,1,1,0,0.04000000000000001,0.0,0.04000000000000001,0.0,0.4400000000000001,0.08000000000000002,0.19000000000000003,10.05122377904662,9.919223779046622,-0.1319999999999979,7.826182842254639,0.39793549987931387,90,,,
chesca_commitment_full_mesh,762,19,6,0,0,0,0.0,0.0,0.0,0.0,0.4400000000000001,0.08000000000000002,0.18333333333333335,13.3591116352415,13.3591116352415,0.0,7.826182842254639,1.3853392653412187,90,,,
chesca_commitment_full_mesh,763,20,6,0,0,0,0.0,0.0,0.0,0.0,0.4400000000000001,0.08000000000000002,0.18333333333333335,11.324580087661744,11.324580087661742,-1.7763568394002505e-15,7.826182842254639,0.8457788845564018,90,,,
chesca_commitment_full_mesh,764,21,6,0,0,0,0.0,0.0,0.0,0.0,0.4400000000000001,0.08000000000000002,0.18333333333333335,12.065028449735793,12.065028449735793,0.0,7.826182842254639,1.1544836426191227,90,,,
chesca_commitment_full_mesh,765,22,6,0,0,0,0.0,0.0,0.0,0.0,0.4400000000000001,0.08000000000000002,0.18333333333333335,10.661873501416766,10.661873501416766,0.0,7.826182842254639,0.6866161853528284,90,,,
chesca_commitment_full_mesh,766,23,6,0,0,0,0.0,0.0,0.0,0.0,0.4400000000000001,0.08000000000000002,0.18333333333333335,9.531344093112208,9.531344093112208,0.0,7.826182842254639,0.5517326919692892,90,,,
chesca_commitment_full_mesh,767,24,6,0,0,0,0.0,0.0,0.0,0.0,0.4400000000000001,0.08000000000000002,0.18333333333333335,10.894633657115174,10.894633657115172,-1.7763568394002505e-15,7.826182842254639,1.0063946832622384,90,,,
chesca_commitment_full_mesh,768,1,6,0,0,0,0.0,0.0,0.0,0.0,0.4400000000000001,0.08000000000000002,0.18333333333333335,10.306719377909955,10.306719377909955,0.0,7.826182842254639,0.6425502049870457,90,,,
chesca_commitment_full_mesh,769,2,6,0,0,0,0.0,0.0,0.0,0.0,0.4400000000000001,0.08000000000000002,0.18333333333333335,9.249790903215668,9.249790903215668,0.0,7.826182842254639,0.3159927306868032,90,,,
chesca_commitment_full_mesh,770,3,6,0,0,0,0.0,0.0,0.0,0.0,0.4400000000000001,0.08000000000000002,0.18333333333333335,9.368265189300121,9.368265189300121,0.0,7.826182842254639,0.39166522118811653,90,,,
chesca_commitment_full_mesh,771,4,6,6,0,6,0.0,0.24000000000000005,0.0,0.24000000000000005,0.20000000000000007,0.04000000000000001,0.18333333333333335,7.767555669018925,8.643555669018927,0.8760000000000012,7.826182842254639,-0.14272082369551709,90,,,
chesca_commitment_full_mesh,772,5,6,5,0,5,0.0,0.20000000000000004,0.0,0.20000000000000004,3.469446951953614e-17,2.0816681711721685e-17,0.17666666666666672,6.325302900367533,7.069302900367533,0.7439999999999998,7.906655788421631,-0.0772761316371215,90,,,
chesca_commitment_full_mesh,773,6,6,0,0,0,0.0,0.0,0.0,0.0,3.469446951953614e-17,2.0816681711721685e-17,0.16000000000000003,6.05613780110058,6.05613780110058,0.0,7.906655788421631,-0.024515895708161622,90,,,
chesca_commitment_full_mesh,774,7,6,6,6,0,0.24000000000000002,0.0,0.24000000000000002,0.0,0.24000000000000005,0.04000000000000002,0.19999999999999998,5.63838564625866,4.762385646258659,-0.8760000000000012,7.906655788421631,0.09046140723171897,90,,,
chesca_commitment_full_mesh,775,8,6,0,0,0,0.0,0.0,0.0,0.0,0.24000000000000005,0.04000000000000002,0.19999999999999998,6.19860999384085,6.19860999384085,0.0,7.906655788421631,0.17560875508559148,90,,,
chesca_commitment_full_mesh,776,9,6,6,0,6,0.0,0.24000000000000005,0.0,0.24000000000000005,1.3877787807814457e-17,1.3877787807814457e-17,0.24000000000000002,3.4312590100528633,4.065514388858809,0.6342553788059453,7.826182842254639,-0.04254633750548552,90,,,
chesca_commitment_full_mesh,777,10,6,0,0,0,0.0,0.0,0.0,0.0,1.3877787807814457e-17,1.3877787807814457e-17,0.24000000000000002,3.6789328065560007,3.6789328065560007,0.0,7.826182842254639,0.011471785231372031,90,,,
chesca_commitment_full_mesh,778,11,6,0,0,0,0.0,0.0,0.0,0.0,1.3877787807814457e-17,1.3877787807814457e-17,0.24000000000000002,3.7181338795753938,3.7181338795753938,0.0,7.826182842254639,0.0455896620774502,90,,,
chesca_commitment_full_mesh,779,12,6,0,0,0,0.0,0.0,0.0,0.0,1.3877787807814457e-17,1.3877787807814457e-17,0.19999999999999998,4.193113464194941,4.193113464194941,0.0,7.826182842254639,0.029634346658371877,90,,,
chesca_commitment_full_mesh,780,13,6,6,6,0,0.12000000000000002,0.0,0.12000000000000002,0.0,0.12000000000000004,0.020000000000000018,0.22,6.519920942749632,6.0819209427496315,-0.4380000000000006,7.777957916259766,0.09281540554757488,90,,,
chesca_commitment_full_mesh,781,14,6,6,0,6,0.0,0.12000000000000001,0.0,0.12000000000000001,2.0816681711721685e-17,1.734723475976807e-17,0.24000000000000002,6.278909292275566,6.694043080904578,0.41513378862901185,7.826182842254639,-0.12581186523789367,90,,,
chesca_commitment_full_mesh,782,15,6,0,0,0,0.0,0.0,0.0,0.0,2.0816681711721685e-17,1.734723475976807e-17,0.24000000000000002,6.311312469867964,6.311312469867964,0.0,7.826182842254639,-0.013060043568703456,90,,,
chesca_commitment_full_mesh,783,16,6,0,0,0,0.0,0.0,0.0,0.0,2.0816681711721685e-17,1.734723475976807e-17,0.24000000000000002,6.773899395094189,6.773899395094189,0.0,7.826182842254639,0.18895268225547002,90,,,
chesca_commitment_full_mesh,784,17,6,1,0,1,0.0,1.734723475976807e-17,0.0,0.020000000000000018,3.469446951953614e-18,3.469446951953614e-18,0.20333333333333334,8.32336733845923,8.323367338459231,1.7763568394002505e-15,7.826182842254639,0.27769108242932616,90,,,
chesca_commitment_full_mesh,785,18,6,0,0,0,0.0,0.0,0.0,0.0,3.469446951953614e-18,3.469446951953614e-18,0.19666666666666668,7.371888593220273,7.371888593220273,0.0,7.777957916259766,0.02167056761299927,90,,,
chesca_commitment_full_mesh,786,19,6,6,6,0,0.14000000000000004,0.0,0.14000000000000004,0.0,0.14000000000000004,0.04000000000000001,0.22,8.855364223344417,8.351364223344415,-0.5040000000000013,7.7554121017456055,0.2357111706040481,90,,,
chesca_commitment_full_mesh,787,20,6,0,0,0,0.0,0.0,0.0,0.0,0.14000000000000004,0.04000000000000001,0.22,9.125184689935772,9.125184689935772,0.0,7.732053279876709,0.5200405458812154,90,,,
chesca_commitment_full_mesh,788,21,6,0,0,0,0.0,0.0,0.0,0.0,0.14000000000000004,0.04000000000000001,0.22,8.10519140518612,8.10519140518612,0.0,7.732053279876709,0.09748921781132416,90,,,
chesca_commitment_full_mesh,789,22,6,0,0,0,0.0,0.0,0.0,0.0,0.14000000000000004,0.04000000000000001,0.22,8.089571535279624,8.089571535279623,-1.7763568394002505e-15,7.703986644744873,0.15551764569602455,90,,,
chesca_commitment_full_mesh,790,23,6,6,0,6,0.0,0.14,0.0,0.14,1.734723475976807e-17,1.3877787807814457e-17,0.24333333333333337,6.888103365316137,7.359261807293203,0.4711584419770656,7.703986644744873,-0.701564383200267,90,,,
chesca_commitment_full_mesh,791,24,6,0,0,0,0.0,0.0,0.0,0.0,1.734723475976807e-17,1.3877787807814457e-17,0.24333333333333337,7.853617272751998,7.853617272751998,0.0,7.680567741394043,0.12847970956010413,90,,,
chesca_commitment_full_mesh,792,1,6,0,0,0,0.0,0.0,0.0,0.0,1.734723475976807e-17,1.3877787807814457e-17,0.24333333333333337,9.120207891165641,9.120207891165641,0.0,7.680567741394043,0.2687209288474301,90,,,
chesca_commitment_full_mesh,793,2,6,0,0,0,0.0,0.0,0.0,0.0,1.734723475976807e-17,1.3877787807814457e-17,0.24333333333333337,9.310803544419478,9.310803544419478,0.0,7.680567741394043,0.4479722039056374,90,,,
chesca_commitment_full_mesh,794,3,6,0,0,0,0.0,0.0,0.0,0.0,1.734723475976807e-17,1.3877787807814457e-17,0.24333333333333337,5.434532123088837,5.434532123088838,8.881784197001252e-16,7.680567741394043,-0.5106037646891043,90,,,
chesca_commitment_full_mesh,795,4,6,0,0,0,0.0,0.0,0.0,0.0,1.734723475976807e-17,1.3877787807814457e-17,0.20333333333333334,6.485765567659807,6.485765567659806,-8.881784197001252e-16,7.680567741394043,0.15614633651043314,90,,,
chesca_commitment_full_mesh,796,5,6,0,0,0,0.0,0.0,0.0,0.0,1.734723475976807e-17,1.3877787807814457e-17,0.17000000000000004,6.135024125385733,6.135024125385733,0.0,7.680567741394043,0.04072200787763785,90,,,
chesca_commitment_full_mesh,797,6,6,5,5,0,0.20000000000000004,0.0,0.20000000000000004,0.0,0.20000000000000004,0.040000000000000015,0.20333333333333334,6.853471129936382,6.109471129936382,-0.7440000000000007,7.680567741394043,0.1227904114862898,90,,,
chesca_commitment_full_mesh,798,7,6,5,0,5,0.0,0.20000000000000004,0.0,0.20000000000000004,6.938893903907228e-18,6.938893903907228e-18,0.19666666666666668,5.731166361076158,6.31777280673545,0.5866064456592914,7.680567741394043,-0.036747993967861325,90,,,
chesca_commitment_full_mesh,799,8,6,6,0,6,0.0,6.938893903907228e-18,0.0,0.14,0.0,0.0,0.22,5.074451066884754,5.4807164150335375,0.4062653481487839,7.680567741394043,-0.10790279016050514,90,,,
chesca_commitment_full_mesh,800,9,6,0,0,0,0.0,0.0,0.0,0.0,0.0,0.0,0.18000000000000002,5.218972593265859,5.218972593265859,0.0,7.680567741394043,-0.009712594830176592,90,,,
chesca_commitment_full_mesh,801,10,6,0,0,0,0.0,0.0,0.0,0.0,0.0,0.0,0.18000000000000002,6.209043141135406,6.209043141135407,8.881784197001252e-16,7.680567741394043,-0.02460141891555511,90,,,
chesca_commitment_full_mesh,802,11,6,0,0,0,0.0,0.0,0.0,0.0,0.0,0.0,0.18000000000000002,4.855677578651396,4.855677578651396,0.0,7.680567741394043,0.0338825186916521,90,,,
chesca_commitment_full_mesh,803,12,6,6,0,6,0.0,0.0,0.0,0.22,0.0,0.0,0.21666666666666667,4.885125925184514,5.646639311477406,0.7615133862928918,7.680567741394043,-0.20328150178374688,90,,,
chesca_commitment_full_mesh,804,13,6,1,1,0,0.02,0.0,0.02,0.0,0.02,0.02,0.20000000000000004,5.809172904508184,5.729172904508184,-0.08000000000000007,7.680567741394043,0.0950827023245199,90,,,
chesca_commitment_full_mesh,805,14,6,1,0,1,0.0,0.02,0.0,0.020000000000000004,0.0,0.0,0.18333333333333335,6.095574150763808,6.153044012054479,0.057469861290671,7.680567741394043,-0.0012588880122744416,90,,,
chesca_commitment_full_mesh,806,15,6,0,0,0,0.0,0.0,0.0,0.0,0.0,0.0,0.18333333333333335,5.464776539651439,5.464776539651439,0.0,7.680567741394043,-0.03166157966674343,90,,,
chesca_commitment_full_mesh,807,16,6,0,0,0,0.0,0.0,0.0,0.0,0.0,0.0,0.18333333333333335,5.960544954763517,5.960544954763517,0.0,7.670476913452148,0.04475063083238426,90,,,
chesca_commitment_full_mesh,808,17,6,0,0,0,0.0,0.0,0.0,0.0,0.0,0.0,0.18000000000000002,7.193324248880238,7.193324248880238,0.0,7.653241157531738,0.029842105921322873,90,,,
chesca_commitment_full_mesh,809,18,6,0,0,0,0.0,0.0,0.0,0.0,0.0,0.0,0.18000000000000002,7.9224771924697155,7.9224771924697155,0.0,7.653241157531738,0.033175882871914975,90,,,
chesca_commitment_full_mesh,810,19,6,6,6,0,0.22000000000000003,0.0,0.22000000000000003,0.0,0.22000000000000003,0.04000000000000001,0.19333333333333336,8.695835162780003,7.899835162780003,-0.7960000000000003,7.670476913452148,0.4878368063838871,90,,,
chesca_commitment_full_mesh,811,20,6,1,1,0,0.02,0.0,0.02,0.0,0.24000000000000002,0.04000000000000001,0.19666666666666668,9.963912826155603,9.883912826155603,-0.08000000000000007,7.670476913452148,0.6283301092071802,90,,,
chesca_commitment_full_mesh,812,21,6,2,2,0,0.04,0.0,0.04,0.0,0.28,0.06000000000000001,0.20333333333333337,10.907011795559601,10.747011795559601,-0.16000000000000014,7.670476913452148,0.9235969245919611,90,,,
chesca_commitment_full_mesh,813,22,6,0,0,0,0.0,0.0,0.0,0.0,0.28,0.06000000000000001,0.20333333333333337,9.990333048458986,9.990333048458986,0.0,7.670476913452148,0.6079700879496386,90,,,
chesca_commitment_full_mesh,814,23,6,6,0,6,0.0,0.20000000000000004,0.0,0.20000000000000004,0.07999999999999999,0.04000000000000001,0.21333333333333337,7.932911368742549,8.561795186241884,0.628883817499335,7.670476913452148,-0.031037654824224936,90,,,
chesca_commitment_full_mesh,815,24,6,4,0,4,0.0,0.07999999999999999,0.0,0.12000000000000001,6.938893903907228e-18,6.938893903907228e-18,0.23333333333333336,7.143038541363543,7.557151211741795,0.41411267037825183,7.670476913452148,-0.2537916054572481,90,,,
chesca_commitment_full_mesh,816,1,6,1,1,0,0.02,0.0,0.02,0.0,0.020000000000000007,0.02,0.23666666666666666,8.754652302732723,8.688652302732724,-0.06599999999999895,7.653241157531738,0.31418187227101646,90,,,
chesca_commitment_full_mesh,817,2,6,1,0,1,0.0,0.02,0.0,0.020000000000000004,6.938893903907228e-18,6.938893903907228e-18,0.24,7.60952594540999,7.67552594540999,0.06599999999999984,7.670476913452148,-0.2319711431392652,90,,,
chesca_commitment_full_mesh,818,3,6,0,0,0,0.0,0.0,0.0,0.0,6.938893903907228e-18,6.938893903907228e-18,0.24,5.971902381856003,5.971902381856003,0.0,7.670476913452148,-0.32222555510995277,90,,,
chesca_commitment_full_mesh,819,4,6,0,0,0,0.0,0.0,0.0,0.0,6.938893903907228e-18,6.938893903907228e-18,0.24,6.294402837670204,6.294402837670205,8.881784197001252e-16,7.670476913452148,-0.029210019405433905,90,,,
chesca_commitment_full_mesh,820,5,6,0,0,0,0.0,0.0,0.0,0.0,6.938893903907228e-18,6.938893903907228e-18,0.24,5.790698100663763,5.790698100663763,0.0,7.670476913452148,-0.05137029234538529,90,,,
chesca_commitment_full_mesh,821,6,6,0,0,0,0.0,0.0,0.0,0.0,6.938893903907228e-18,6.938893903907228e-18,0.20666666666666667,6.518329230265529,6.518329230265529,0.0,7.670476913452148,0.09063394444968108,90,,,
chesca_commitment_full_mesh,822,7,6,3,0,3,0.0,6.938893903907228e-18,0.0,0.08000000000000002,0.0,0.0,0.18666666666666668,5.586126341259031,5.849919988945265,0.26379364768623415,7.670476913452148,-0.12349707729564477,90,,,
chesca_commitment_full_mesh,823,8,6,0,0,0,0.0,0.0,0.0,0.0,0.0,0.0,0.16333333333333336,4.23944875993274,4.23944875993274,0.0,7.670476913452148,-0.05668078762637579,90,,,
chesca_commitment_full_mesh,824,9,6,0,0,0,0.0,0.0,0.0,0.0,0.0,0.0,0.16333333333333336,3.9824479487199835,3.982447948719983,-4.440892098500626e-16,7.670476913452148,0.041072194753822344,90,,,
chesca_commitment_full_mesh,825,10,6,6,0,6,0.0,0.0,0.0,0.14,0.0,0.0,0.18666666666666668,1.3936183347621172,1.7406674487546465,0.34704911399252936,7.653241157531738,-0.12382362721703169,90,,,
chesca_commitment_full_mesh,826,11,6,0,0,0,0.0,0.0,0.0,0.0,0.0,0.0,0.18666666666666668,1.0006120213490841,1.0006120213490841,0.0,7.653241157531738,-0.060965459733916386,90,,,
chesca_commitment_full_mesh,827,12,6,5,5,0,0.2,0.0,0.2,0.0,0.2,0.04,0.18333333333333335,2.1589217901385416,1.414921790138542,-0.7439999999999996,7.653241157531738,0.10271946352884913,90,,,
chesca_commitment_full_mesh,828,13,6,1,1,0,0.04,0.0,0.04,0.0,0.24000000000000002,0.04,0.18666666666666665,4.120682747639714,3.988682747639714,-0.13200000000000012,7.653241157531738,0.16027599515132482,90,,,
chesca_commitment_full_mesh,829,14,6,5,0,5,0.0,0.2,0.0,0.2,0.04,0.04,0.21666666666666667,4.187366975593169,4.5186416251691455,0.33127464957597663,7.653241157531738,0.020645506046001218,90,,,
chesca_commitment_full_mesh,830,15,6,1,0,1,0.0,0.02,0.0,0.02,0.02,0.02,0.22,6.047400892892165,6.113400892892165,0.06599999999999984,7.653241157531738,-0.009179871599646866,90,,,
chesca_commitment_full_mesh,831,16,6,1,1,0,0.02,0.0,0.02,0.0,0.04,0.02,0.22333333333333336,6.003454291055258,5.923454291055258,-0.08000000000000007,7.653241157531738,0.1209822469273597,90,,,
chesca_commitment_full_mesh,832,17,6,3,0,3,0.0,0.04,0.0,0.060000000000000005,0.0,0.0,0.23333333333333336,6.317662614820785,6.5207751733590475,0.2031125585382627,7.670476913452148,-0.30879856272800016,90,,,
chesca_commitment_full_mesh,833,18,6,1,0,1,0.0,0.0,0.0,0.04000000000000001,0.0,0.0,0.24000000000000002,7.730290253435356,7.730290253435356,0.0,7.670476913452148,0.2721193299184476,90,,,
chesca_commitment_full_mesh,834,19,6,3,0,3,0.0,0.0,0.0,0.06,0.0,0.0,0.21333333333333335,8.26713971778277,8.47913971778277,0.21199999999999974,7.680567741394043,-0.4109638367270475,90,,,
chesca_commitment_full_mesh,835,20,6,4,0,4,0.0,0.0,0.0,0.08000000000000002,0.0,0.0,0.22333333333333336,8.339200007677078,8.631200007677077,0.29199999999999804,7.6872076988220215,-0.09274788758396948,90,,,
chesca_commitment_full_mesh,836,21,6,4,0,4,0.0,0.0,0.0,0.08000000000000002,0.0,0.0,0.23,8.370790847855849,8.662790847855847,0.29199999999999804,7.704339504241943,-0.421624876501038,90,,,
chesca_commitment_full_mesh,837,22,6,3,2,1,0.04000000000000001,0.0,0.04000000000000001,0.04000000000000001,0.04000000000000001,0.020000000000000004,0.24333333333333337,9.215694149319614,9.055694149319613,-0.16000000000000014,7.704339504241943,0.4904832695728635,90,,,
chesca_commitment_full_mesh,838,23,6,2,0,2,0.0,0.04,0.0,0.04000000000000001,3.469446951953614e-18,3.469446951953614e-18,0.21666666666666667,7.661310525445199,7.821310525445199,0.16000000000000014,7.704339504241943,-0.30956508111276476,90,,,
chesca_commitment_full_mesh,839,24,6,2,2,0,0.04000000000000001,0.0,0.04000000000000001,0.0,0.04000000000000001,0.020000000000000004,0.20333333333333334,7.863150202577051,7.731150202577051,-0.13200000000000056,7.6872076988220215,0.09026120953022418,90,,,
chesca_commitment_full_mesh,840,1,6,2,0,2,0.0,0.04000000000000001,0.0,0.04000000000000001,6.938893903907228e-18,3.469446951953614e-18,0.20666666666666667,7.371576098648813,7.503576098648813,0.13200000000000056,7.6872076988220215,0.013804377968912838,90,,,
chesca_commitment_full_mesh,841,2,6,0,0,0,0.0,0.0,0.0,0.0,6.938893903907228e-18,3.469446951953614e-18,0.20333333333333334,6.6199797617993825,6.6199797617993825,0.0,7.6872076988220215,-0.07444484038387404,90,,,
chesca_commitment_full_mesh,842,3,6,0,0,0,0.0,0.0,0.0,0.0,6.938893903907228e-18,3.469446951953614e-18,0.20333333333333334,6.189712748181309,6.189712748181309,0.0,7.680567741394043,-0.004081554029484152,90,,,
chesca_commitment_full_mesh,843,4,6,0,0,0,0.0,0.0,0.0,0.0,6.938893903907228e-18,3.469446951953614e-18,0.20333333333333334,5.781109823240712,5.781109823240712,0.0,7.680567741394043,0.025419246880828597,90,,,
chesca_commitment_full_mesh,844,5,6,0,0,0,0.0,0.0,0.0,0.0,6.938893903907228e-18,3.469446951953614e-18,0.20333333333333334,5.110852633851117,5.110852633851117,0.0,7.680567741394043,0.008370683153905795,90,,,
chesca_commitment_full_mesh,845,6,6,4,4,0,0.10000000000000002,0.0,0.10000000000000002,0.0,0.10000000000000002,0.04,0.22,6.126538381044805,5.754538381044805,-0.3719999999999999,7.680567741394043,0.1895124194074415,90,,,
chesca_commitment_full_mesh,846,7,6,0,0,0,0.0,0.0,0.0,0.0,0.10000000000000002,0.04,0.20666666666666667,5.420036277121552,5.420036277121552,0.0,7.680567741394043,0.23098479705337915,90,,,
chesca_commitment_full_mesh,847,8,6,0,0,0,0.0,0.0,0.0,0.0,0.10000000000000002,0.04,0.20666666666666667,4.728373298677616,4.728373298677616,0.0,7.680567741394043,0.07794284129079977,90,,,
chesca_commitment_full_mesh,848,9,6,2,2,0,0.04,0.0,0.04,0.0,0.14,0.04,0.21333333333333335,5.079076705773456,4.947076705773457,-0.13199999999999967,7.680567741394043,0.1126706428519105,90,,,
chesca_commitment_full_mesh,849,10,6,0,0,0,0.0,0.0,0.0,0.0,0.14,0.04,0.18999999999999997,3.3208463871954956,3.3208463871954956,0.0,7.680567741394043,0.05527238803500995,90,,,
chesca_commitment_full_mesh,850,11,6,6,0,6,0.0,0.13999999999999999,0.0,0.13999999999999999,3.469446951953614e-17,2.0816681711721685e-17,0.21333333333333335,1.3794417718013532,1.6993338840694339,0.3198921122680807,7.680567741394043,-0.30106761130770326,90,,,
chesca_commitment_full_mesh,851,12,6,2,0,2,0.0,3.469446951953614e-18,0.0,0.04,3.122502256758253e-17,2.0816681711721685e-17,0.18666666666666668,0.008315729822438112,0.0832822178002327,0.0749664879777946,7.680567741394043,-0.10261672036735081,90,,,
chesca_commitment_full_mesh,852,13,6,5,5,0,0.2,0.0,0.2,0.0,0.20000000000000007,0.04000000000000001,0.21333333333333335,2.174298572752737,1.4302985727527362,-0.7440000000000009,7.680567741394043,0.16650992106262175,90,,,
chesca_commitment_full_mesh,853,14,6,5,0,5,0.0,0.10000000000000002,0.0,0.10000000000000002,0.1,0.020000000000000004,0.19666666666666666,1.8334646475953844,2.1615459841771765,0.32808133658179206,7.680567741394043,0.005842328463759629,90,,,
chesca_commitment_full_mesh,854,15,6,0,0,0,0.0,0.0,0.0,0.0,0.1,0.020000000000000004,0.19333333333333333,3.537299501454301,3.5372995014543007,-4.440892098500626e-16,7.680567741394043,0.07218305637798497,90,,,
chesca_commitment_full_mesh,855,16,6,1,1,0,0.04,0.0,0.04,0.0,0.14,0.04000000000000002,0.19666666666666668,4.747141777104005,4.6151417771040055,-0.13199999999999967,7.680567741394043,0.3609918980477022,90,,,
chesca_commitment_full_mesh,856,17,6,3,3,0,0.08000000000000002,0.0,0.08000000000000002,0.0,0.22000000000000003,0.06,0.19999999999999998,7.328213655530774,7.008213655530775,-0.3199999999999994,7.680567741394043,0.570771890119561,90,,,
chesca_commitment_full_mesh,857,18,6,3,2,1,0.04000000000000001,0.03999999999999998,0.04000000000000001,0.03999999999999998,0.22000000000000006,0.06,0.20666666666666667,10.082148887758056,9.950148887758056,-0.13199999999999967,7.680567741394043,0.6176695840524684,90,,,
chesca_commitment_full_mesh,858,19,6,1,1,0,0.01999999999999999,0.0,0.01999999999999999,0.0,0.24000000000000007,0.06,0.19999999999999998,8.693052968134333,8.627052968134333,-0.06600000000000072,7.670476913452148,0.35885618575335354,90,,,
chesca_commitment_full_mesh,859,20,6,0,0,0,0.0,0.0,0.0,0.0,0.24000000000000007,0.06,0.18666666666666668,9.3282267304257,9.3282267304257,0.0,7.680567741394043,0.5488254357431783,90,,,
chesca_commitment_full_mesh,860,21,6,0,0,0,0.0,0.0,0.0,0.0,0.24000000000000007,0.06,0.17333333333333334,9.275197210184189,9.275197210184189,0.0,7.680567741394043,0.5674860534136373,90,,,
chesca_commitment_full_mesh,861,22,6,6,0,6,0.0,0.22,0.0,0.22000000000000003,0.020000000000000042,0.019999999999999997,0.19666666666666666,7.965471088877808,8.775471088877808,0.8099999999999996,7.6872076988220215,-0.18604029036992753,90,,,
chesca_commitment_full_mesh,862,23,6,0,0,0,0.0,0.0,0.0,0.0,0.020000000000000042,0.019999999999999997,0.18999999999999997,7.154672974483201,7.1546729744832005,-8.881784197001252e-16,7.6872076988220215,0.04988631368131169,90,,,
chesca_commitment_full_mesh,863,24,6,4,4,0,0.14,0.0,0.14,0.0,0.16000000000000006,0.04000000000000001,0.20666666666666667,8.167862626474815,7.649862626474815,-0.5179999999999998,7.6872076988220215,0.15438466422663427,90,,,
chesca_commitment_full_mesh,864,1,6,1,1,0,0.020000000000000004,0.0,0.020000000000000004,0.0,0.18000000000000005,0.04000000000000001,0.20333333333333334,8.440644369105668,8.374644369105667,-0.06600000000000072,7.680567741394043,0.38119261595065584,90,,,
chesca_commitment_full_mesh,865,2,6,6,0,6,0.0,0.16,0.0,0.16,0.020000000000000046,0.02000000000000001,0.23,6.4124681863252775,7.010468186325277,0.5979999999999999,7.680567741394043,-0.01999067750972297,90,,,
chesca_commitment_full_mesh,866,3,6,0,0,0,0.0,0.0,0.0,0.0,0.020000000000000046,0.02000000000000001,0.23,5.658068243899812,5.6580682438998116,-8.881784197001252e-16,7.680567741394043,0.040152929246979024,90,,,
chesca_commitment_full_mesh,867,4,6,1,1,0,0.020000000000000004,0.0,0.020000000000000004,0.0,0.04000000000000005,0.02000000000000001,0.23333333333333336,5.81240521843044,5.746405218430441,-0.06599999999999895,7.680567741394043,0.18884284364786555,90,,,
chesca_commitment_full_mesh,868,5,6,0,0,0,0.0,0.0,0.0,0.0,0.04000000000000005,0.02000000000000001,0.23333333333333336,4.719075432691665,4.719075432691665,0.0,7.680567741394043,0.11885757067909516,90,,,
chesca_commitment_full_mesh,869,6,6,0,0,0,0.0,0.0,0.0,0.0,0.04000000000000005,0.02000000000000001,0.21666666666666667,5.004080342501395,5.004080342501394,-8.881784197001252e-16,7.680567741394043,0.23231362032004937,90,,,
chesca_commitment_full_mesh,870,7,6,2,2,0,0.04,0.0,0.04,0.0,0.08000000000000004,0.02000000000000003,0.22333333333333336,4.416760941857,4.2707609418570005,-0.1459999999999999,7.680567741394043,0.1668349187924468,90,,,
chesca_commitment_full_mesh,871,8,6,0,0,0,0.0,0.0,0.0,0.0,0.08000000000000004,0.02000000000000003,0.22333333333333336,3.4165217700126806,3.4165217700126806,0.0,7.680567741394043,0.0756962639112375,90,,,
chesca_commitment_full_mesh,872,9,6,4,0,4,0.0,0.08,0.0,0.08,4.85722573273506e-17,3.122502256758253e-17,0.23,4.196258870341643,4.384494626460775,0.18823575611913235,7.680567741394043,-0.0313102022161212,90,,,
chesca_commitment_full_mesh,873,10,6,3,0,3,0.0,6.938893903907228e-18,0.0,0.08,4.163336342344337e-17,3.122502256758253e-17,0.24333333333333332,2.744343631326992,3.001616705298568,0.2572730739715756,7.6872076988220215,-0.8161122573473274,90,,,
chesca_commitment_full_mesh,874,11,6,0,0,0,0.0,0.0,0.0,0.0,4.163336342344337e-17,3.122502256758253e-17,0.22,3.616743437778004,3.616743437778004,0.0,7.6872076988220215,-0.21066499623226878,90,,,
chesca_commitment_full_mesh,875,12,6,1,0,1,0.0,3.122502256758253e-17,0.0,0.02,1.0408340855860843e-17,1.0408340855860843e-17,0.21666666666666667,3.032566601593106,3.0703384921262105,0.03777189053310437,7.6872076988220215,-0.22492352177535618,90,,,
chesca_commitment_full_mesh,876,13,6,2,2,0,0.04,0.0,0.04,0.0,0.04000000000000001,0.02000000000000001,0.18999999999999997,4.3738289877001595,4.227828987700159,-0.1460000000000008,7.6872076988220215,0.20796310976320045,90,,,
chesca_commitment_full_mesh,877,14,6,3,3,0,0.10000000000000003,0.0,0.10000000000000003,0.0,0.14000000000000004,0.04000000000000001,0.19000000000000003,6.567907997108119,6.195907997108119,-0.3719999999999999,7.6872076988220215,0.3132579936957722,90,,,
chesca_commitment_full_mesh,878,15,6,5,0,5,0.0,0.14,0.0,0.18000000000000002,1.734723475976807e-17,1.0408340855860843e-17,0.22,5.533845953622796,6.092841637900941,0.5589956842781447,7.704339504241943,-0.5274255047731446,90,,,
chesca_commitment_full_mesh,879,16,6,2,2,0,0.06,0.0,0.06,0.0,0.06000000000000001,0.04000000000000001,0.22333333333333336,5.9713708811141055,5.759370881114105,-0.21200000000000063,7.704339504241943,0.1700357862976643,90,,,
chesca_commitment_full_mesh,880,17,6,3,3,0,0.08,0.0,0.08,0.0,0.14,0.04000000000000001,0.22333333333333336,7.730419959388263,7.438419959388263,-0.2920000000000007,7.704339504241943,0.5704837569708585,90,,,
chesca_commitment_full_mesh,881,18,6,2,2,0,0.06000000000000001,0.0,0.06000000000000001,0.0,0.20000000000000004,0.06000000000000001,0.22,8.750124774105537,8.524124774105536,-0.22600000000000087,7.704339504241943,0.7509712273051595,90,,,
chesca_commitment_full_mesh,882,19,6,0,0,0,0.0,0.0,0.0,0.0,0.20000000000000004,0.06000000000000001,0.2166666666666667,8.760997417333618,8.760997417333618,0.0,7.6872076988220215,0.3960563917809224,90,,,
chesca_commitment_full_mesh,883,20,6,6,0,6,0.0,0.18000000000000002,0.0,0.18000000000000002,0.020000000000000028,0.02000000000000001,0.24666666666666667,7.078234947125497,7.728234947125497,0.6499999999999995,7.6872076988220215,-0.11359242538868199,90,,,
chesca_commitment_full_mesh,884,21,6,1,1,0,0.020000000000000004,0.0,0.020000000000000004,0.0,0.04000000000000003,0.02000000000000001,0.25,7.7898862906483295,7.72388629064833,-0.06599999999999984,7.680567741394043,0.1075605236004066,90,,,
chesca_commitment_full_mesh,885,22,6,0,0,0,0.0,0.0,0.0,0.0,0.04000000000000003,0.02000000000000001,0.21333333333333335,7.720149552166129,7.720149552166129,0.0,7.670476913452148,0.2091125042760909,90,,,
chesca_commitment_full_mesh,886,23,6,1,1,0,0.02,0.0,0.02,0.0,0.060000000000000026,0.02000000000000001,0.21666666666666667,7.925576620398536,7.859576620398536,-0.06599999999999984,7.670476913452148,0.24341406051387293,90,,,
chesca_commitment_full_mesh,887,24,6,0,0,0,0.0,0.0,0.0,0.0,0.060000000000000026,0.02000000000000001,0.19333333333333333,7.95829223664736,7.958292236647359,-8.881784197001252e-16,7.670476913452148,0.1707859734412226,90,,,
chesca_commitment_full_mesh,888,1,6,3,3,0,0.1,0.0,0.1,0.0,0.16000000000000006,0.04,0.20666666666666667,8.318335454601048,7.9323354546010485,-0.38599999999999923,7.667018890380859,0.216467754531798,90,,,
chesca_commitment_full_mesh,889,2,6,6,0,6,0.0,0.16,0.0,0.16,2.42861286636753e-17,1.0408340855860843e-17,0.20666666666666667,6.2327761881138795,6.83077618811388,0.5980000000000008,7.667018890380859,-0.07606541286380712,90,,,
chesca_commitment_full_mesh,890,3,6,2,0,2,0.0,6.938893903907228e-18,0.0,0.08000000000000002,1.734723475976807e-17,1.0408340855860843e-17,0.22,5.407172666005897,5.671172666005896,0.26399999999999935,7.6466755867004395,-0.09681573596699608,90,,,
chesca_commitment_full_mesh,891,4,6,0,0,0,0.0,0.0,0.0,0.0,1.734723475976807e-17,1.0408340855860843e-17,0.21666666666666667,4.955578147228489,4.955578147228489,0.0,7.616454601287842,-0.06399217683129649,90,,,
chesca_commitment_full_mesh,892,5,6,0,0,0,0.0,0.0,0.0,0.0,1.734723475976807e-17,1.0408340855860843e-17,0.21666666666666667,5.116730455980457,5.116730455980457,0.0,7.616454601287842,0.03740562805362595,90,,,
chesca_commitment_full_mesh,893,6,6,0,0,0,0.0,0.0,0.0,0.0,1.734723475976807e-17,1.0408340855860843e-17,0.21666666666666667,4.826377114533291,4.826377114533292,8.881784197001252e-16,7.616454601287842,-0.008296146121680913,90,,,
chesca_commitment_full_mesh,894,7,6,0,0,0,0.0,0.0,0.0,0.0,1.734723475976807e-17,1.0408340855860843e-17,0.21,4.479467026530983,4.479467026530983,0.0,7.616454601287842,0.07082361426568133,90,,,
chesca_commitment_full_mesh,895,8,6,0,0,0,0.0,0.0,0.0,0.0,1.734723475976807e-17,1.0408340855860843e-17,0.21,2.9851227101605025,2.9851227101605025,0.0,7.616454601287842,-0.06172409144596974,90,,,
chesca_commitment_full_mesh,896,9,6,5,0,5,0.0,1.734723475976807e-17,0.0,0.10000000000000002,0.0,0.0,0.21333333333333335,2.1130646452901205,2.389056557700864,0.2759919124107433,7.616454601287842,-0.5565132460285035,90,,,
chesca_commitment_full_mesh,897,10,6,5,0,5,0.0,0.0,0.0,0.1,0.0,0.0,0.21666666666666667,0.9718841393860812,1.1969143316845516,0.22503019229847043,7.6466755867004395,-0.8085420422691225,90,,,
chesca_commitment_full_mesh,898,11,6,6,0,6,0.0,0.0,0.0,0.12000000000000002,0.0,0.0,0.2366666666666667,1.753950064841215,2.019450736034812,0.2655006711935972,7.667018890380859,-0.6826656073259512,90,,,
chesca_commitment_full_mesh,899,12,6,0,0,0,0.0,0.0,0.0,0.0,0.0,0.0,0.23333333333333336,3.37404158604649,3.3740415860464896,-4.440892098500626e-16,7.667018890380859,0.14051729165160948,90,,,
chesca_commitment_full_mesh,900,13,6,0,0,0,0.0,0.0,0.0,0.0,0.0,0.0,0.22666666666666668,5.909580467828586,5.909580467828585,-8.881784197001252e-16,7.667018890380859,0.28546228556128916,90,,,
chesca_commitment_full_mesh,901,14,6,0,0,0,0.0,0.0,0.0,0.0,0.0,0.0,0.21,6.408232961311315,6.408232961311315,0.0,7.667018890380859,0.021761603931795298,90,,,
chesca_commitment_full_mesh,902,15,6,0,0,0,0.0,0.0,0.0,0.0,0.0,0.0,0.18000000000000002,7.35156035949562,7.351560359495619,-8.881784197001252e-16,7.667018890380859,-0.07315451203163752,90,,,
chesca_commitment_full_mesh,903,16,6,5,5,0,0.18000000000000002,0.0,0.18000000000000002,0.0,0.18000000000000002,0.04000000000000001,0.19999999999999998,8.595219313000785,7.9172193130007855,-0.677999999999999,7.667018890380859,0.2966945795804843,90,,,
chesca_commitment_full_mesh,904,17,6,5,5,0,0.20000000000000004,0.0,0.20000000000000004,0.0,0.38000000000000006,0.08000000000000002,0.22,12.53648172171994,11.79248172171994,-0.7439999999999998,7.670476913452148,1.8264268567913946,90,,,
chesca_commitment_full_mesh,905,18,6,1,1,0,0.04000000000000001,0.0,0.04000000000000001,0.0,0.42000000000000004,0.08000000000000002,0.21666666666666667,10.226065636198243,10.094065636198243,-0.13199999999999967,7.670476913452148,0.9490503624692908,90,,,
chesca_commitment_full_mesh,906,19,6,0,0,0,0.0,0.0,0.0,0.0,0.42000000000000004,0.08000000000000002,0.21666666666666667,11.354145030483958,11.354145030483958,0.0,7.670476913452148,1.0874232183170336,90,,,
chesca_commitment_full_mesh,907,20,6,0,0,0,0.0,0.0,0.0,0.0,0.42000000000000004,0.08000000000000002,0.18666666666666668,9.275600797098566,9.275600797098566,0.0,7.670476913452148,0.27778152085740376,90,,,
chesca_commitment_full_mesh,908,21,6,0,0,0,0.0,0.0,0.0,0.0,0.42000000000000004,0.08000000000000002,0.18333333333333335,8.544458662557146,8.544458662557146,0.0,7.670476913452148,0.17066028532262884,90,,,
chesca_commitment_full_mesh,909,22,6,6,0,6,0.0,0.24000000000000005,0.0,0.24000000000000005,0.18000000000000002,0.040000000000000015,0.2233333333333333,8.26291753404895,9.138917534048952,0.8760000000000012,7.670476913452148,-0.06753884111167917,90,,,
chesca_commitment_full_mesh,910,23,6,6,0,6,0.0,0.18,0.0,0.2,4.85722573273506e-17,1.3877787807814457e-17,0.25333333333333335,8.163817237730461,8.90781723773046,0.7439999999999998,7.678064823150635,-0.08344307527275743,90,,,
chesca_commitment_full_mesh,911,24,6,0,0,0,0.0,0.0,0.0,0.0,4.85722573273506e-17,1.3877787807814457e-17,0.25333333333333335,8.582897958189173,8.582897958189173,0.0,7.678064823150635,-0.013985493955989164,90,,,
chesca_commitment_full_mesh,912,1,6,3,3,0,0.06000000000000001,0.0,0.06000000000000001,0.0,0.06000000000000006,0.020000000000000018,0.24666666666666667,9.944047209616139,9.732047209616141,-0.21199999999999797,7.678064823150635,0.5232182949863708,90,,,
chesca_commitment_full_mesh,913,2,6,3,0,3,0.0,0.06000000000000001,0.0,0.06000000000000001,4.85722573273506e-17,1.3877787807814457e-17,0.23,8.162032399218536,8.374032399218535,0.21199999999999974,7.678064823150635,-0.2174346538065135,90,,,
chesca_commitment_full_mesh,914,3,6,3,0,3,0.0,3.469446951953614e-17,0.0,0.08000000000000002,1.3877787807814457e-17,1.3877787807814457e-17,0.23,6.132345453960372,6.438345453960372,0.30600000000000005,7.678064823150635,-0.4915885951119856,90,,,
chesca_commitment_full_mesh,915,4,6,2,0,2,0.0,0.0,0.0,0.04000000000000001,1.3877787807814457e-17,1.3877787807814457e-17,0.2366666666666667,5.860179066461852,5.99217906646185,0.13199999999999878,7.667018890380859,-0.29756992407129695,90,,,
chesca_commitment_full_mesh,916,5,6,0,0,0,0.0,0.0,0.0,0.0,1.3877787807814457e-17,1.3877787807814457e-17,0.2366666666666667,5.30700931211384,5.30700931211384,0.0,7.6466755867004395,-0.28711366996474713,90,,,
chesca_commitment_full_mesh,917,6,6,0,0,0,0.0,0.0,0.0,0.0,1.3877787807814457e-17,1.3877787807814457e-17,0.2366666666666667,5.918936309412486,5.918936309412486,0.0,7.6466755867004395,-0.11023889725368294,90,,,
chesca_commitment_full_mesh,918,7,6,0,0,0,0.0,0.0,0.0,0.0,1.3877787807814457e-17,1.3877787807814457e-17,0.2366666666666667,6.42259500362581,6.422595003625811,8.881784197001252e-16,7.6466755867004395,-0.13089675520453836,90,,,
chesca_commitment_full_mesh,919,8,6,4,0,4,0.0,1.3877787807814457e-17,0.0,0.08000000000000002,0.0,0.0,0.25000000000000006,5.320455732435827,5.562787606195622,0.24233187375979526,7.667018890380859,-0.7879557184179713,90,,,
chesca_commitment_full_mesh,920,9,6,0,0,0,0.0,0.0,0.0,0.0,0.0,0.0,0.23333333333333336,2.8152028117355927,2.8152028117355923,-4.440892098500626e-16,7.667018890380859,-0.4809638700212684,90,,,
chesca_commitment_full_mesh,921,10,6,0,0,0,0.0,0.0,0.0,0.0,0.0,0.0,0.21666666666666667,4.062908564010427,4.062908564010427,0.0,7.667018890380859,-0.1383716450893525,90,,,
chesca_commitment_full_mesh,922,11,6,2,0,2,0.0,0.0,0.0,0.04,0.0,0.0,0.20333333333333334,4.913616975233956,4.9968971187119,0.08328014347794355,7.667018890380859,-0.23471833010022622,90,,,
chesca_commitment_full_mesh,923,12,6,5,0,5,0.0,0.0,0.0,0.10000000000000002,0.0,0.0,0.22,4.692572058523739,4.9721303259965755,0.2795582674728365,7.667018890380859,-0.11506745234300306,90,,,
chesca_commitment_full_mesh,924,13,6,0,0,0,0.0,0.0,0.0,0.0,0.0,0.0,0.22,5.414689353517385,5.414689353517385,0.0,7.667018890380859,-0.1908686221085998,90,,,
chesca_commitment_full_mesh,925,14,6,0,0,0,0.0,0.0,0.0,0.0,0.0,0.0,0.22,4.6397240684788095,4.639724068478809,-8.881784197001252e-16,7.667018890380859,-0.15433929598147186,90,,,
chesca_commitment_full_mesh,926,15,6,0,0,0,0.0,0.0,0.0,0.0,0.0,0.0,0.22,6.479596936963806,6.479596936963807,8.881784197001252e-16,7.667018890380859,0.08816193361327129,90,,,
chesca_commitment_full_mesh,927,16,6,0,0,0,0.0,0.0,0.0,0.0,0.0,0.0,0.19000000000000003,6.447970174678519,6.447970174678519,0.0,7.6466755867004395,0.2262376873827216,90,,,
chesca_commitment_full_mesh,928,17,6,5,5,0,0.18,0.0,0.18,0.0,0.18,0.04000000000000001,0.18666666666666668,6.51539995851947,5.83739995851947,-0.6780000000000008,7.616454601287842,0.12589759743893486,90,,,
chesca_commitment_full_mesh,929,18,6,1,1,0,0.020000000000000004,0.0,0.020000000000000004,0.0,0.2,0.04000000000000001,0.18333333333333335,7.7073539318873925,7.641353931887393,-0.06599999999999984,7.587411403656006,0.43032110498258164,90,,,
chesca_commitment_full_mesh,930,19,6,0,0,0,0.0,0.0,0.0,0.0,0.2,0.04000000000000001,0.18333333333333335,8.536860144393128,8.536860144393128,0.0,7.587411403656006,0.17650165119715017,90,,,
chesca_commitment_full_mesh,931,20,6,6,0,6,0.0,0.2,0.0,0.2,6.938893903907228e-18,6.938893903907228e-18,0.21666666666666667,8.033251522450811,8.777251522450811,0.7439999999999998,7.587411403656006,0.012880848016746632,90,,,
chesca_commitment_full_mesh,932,21,6,3,0,3,0.0,6.938893903907228e-18,0.0,0.06,0.0,0.0,0.22666666666666668,6.741372455876601,6.9673724558766015,0.22600000000000087,7.587411403656006,-0.264734452798908,90,,,
chesca_commitment_full_mesh,933,22,6,0,0,0,0.0,0.0,0.0,0.0,0.0,0.0,0.18666666666666668,6.5924890483248975,6.5924890483248975,0.0,7.5432209968566895,-0.06502548598273962,90,,,
chesca_commitment_full_mesh,934,23,6,6,6,0,0.2,0.0,0.2,0.0,0.2,0.04000000000000001,0.18666666666666668,7.340623732310753,6.624623732310752,-0.7160000000000011,7.521597862243652,0.07716953335597114,90,,,
chesca_commitment_full_mesh,935,24,6,0,0,0,0.0,0.0,0.0,0.0,0.2,0.04000000000000001,0.18666666666666668,8.777497149736137,8.777497149736137,0.0,7.521597862243652,0.3661570663510814,90,,,
chesca_commitment_full_mesh,936,1,6,6,0,6,0.0,0.2,0.0,0.24000000000000005,0.0,0.0,0.21666666666666667,7.217278596667506,8.005488708285547,0.7882101116180413,7.521597862243652,-0.15440353814560057,90,,,
chesca_commitment_full_mesh,937,2,6,6,0,6,0.0,0.0,0.0,0.14,0.0,0.0,0.23,6.136286647217915,6.6163660256927574,0.4800793784748425,7.521597862243652,-0.4488425367982153,90,,,
chesca_commitment_full_mesh,938,3,6,3,0,3,0.0,0.0,0.0,0.06000000000000001,0.0,0.0,0.22666666666666668,5.672891482776749,5.884891482776749,0.21199999999999974,7.4904046058654785,-0.30969344578815106,90,,,
chesca_commitment_full_mesh,939,4,6,1,0,1,0.0,0.0,0.0,0.020000000000000004,0.0,0.0,0.22333333333333336,5.294534839880327,5.374534839880328,0.08000000000000096,7.452304363250732,-0.24436559453818288,90,,,
chesca_commitment_full_mesh,940,5,6,0,0,0,0.0,0.0,0.0,0.0,0.0,0.0,0.22333333333333336,5.345410303156429,5.345410303156429,0.0,7.447455406188965,-0.14027252350101,90,,,
chesca_commitment_full_mesh,941,6,6,0,0,0,0.0,0.0,0.0,0.0,0.0,0.0,0.22333333333333336,5.658687839172569,5.658687839172569,0.0,7.447455406188965,-0.06960350862346694,90,,,
chesca_commitment_full_mesh,942,7,6,0,0,0,0.0,0.0,0.0,0.0,0.0,0.0,0.22333333333333336,4.949676493465172,4.949676493465171,-8.881784197001252e-16,7.447455406188965,-0.11988527859060116,90,,,
chesca_commitment_full_mesh,943,8,6,0,0,0,0.0,0.0,0.0,0.0,0.0,0.0,0.21,5.684032766104506,5.684032766104507,8.881784197001252e-16,7.447455406188965,-0.16799144770034527,90,,,
chesca_commitment_full_mesh,944,9,6,4,0,4,0.0,0.0,0.0,0.08000000000000002,0.0,0.0,0.22333333333333336,4.427858235301176,4.621205705241791,0.19334746994061458,7.447455406188965,-0.31759722167086785,90,,,
chesca_commitment_full_mesh,945,10,6,0,0,0,0.0,0.0,0.0,0.0,0.0,0.0,0.22333333333333336,4.162185654808846,4.162185654808846,0.0,7.447455406188965,-0.07718361248614626,90,,,
chesca_commitment_full_mesh,946,11,6,0,0,0,0.0,0.0,0.0,0.0,0.0,0.0,0.21666666666666667,2.8402226268725754,2.8402226268725754,0.0,7.447455406188965,-0.13294352451532196,90,,,
chesca_commitment_full_mesh,947,12,6,4,0,4,0.0,0.0,0.0,0.08,0.0,0.0,0.21333333333333335,1.4182379807470946,1.6270341808912518,0.20879620014415723,7.447455406188965,-0.43876256676233855,90,,,
chesca_commitment_full_mesh,948,13,6,4,4,0,0.08,0.0,0.08,0.0,0.08,0.02,0.22666666666666668,2.979996929766542,2.7019969297665423,-0.2779999999999996,7.447455406188965,0.15383638680259482,90,,,
chesca_commitment_full_mesh,949,14,6,4,0,4,0.0,0.08,0.0,0.08000000000000002,0.0,0.0,0.24000000000000002,2.6235770774914493,2.8428284049230523,0.21925132743160303,7.407765865325928,-0.05552145787751936,90,,,
chesca_commitment_full_mesh,950,15,6,0,0,0,0.0,0.0,0.0,0.0,0.0,0.0,0.24000000000000002,4.125758788780949,4.125758788780949,0.0,7.407765865325928,-0.019534065083732843,90,,,
chesca_commitment_full_mesh,951,16,6,0,0,0,0.0,0.0,0.0,0.0,0.0,0.0,0.24000000000000002,6.120854430575315,6.120854430575315,0.0,7.407765865325928,0.15336436064599177,90,,,
chesca_commitment_full_mesh,952,17,6,0,0,0,0.0,0.0,0.0,0.0,0.0,0.0,0.21,7.681248431828294,7.681248431828293,-8.881784197001252e-16,7.407765865325928,0.08569379757635454,90,,,
chesca_commitment_full_mesh,953,18,6,6,6,0,0.18,0.0,0.18,0.0,0.18,0.04000000000000001,0.2366666666666667,9.588391052550836,8.910391052550834,-0.6780000000000026,7.407765865325928,0.6556622655644786,90,,,
chesca_commitment_full_mesh,954,19,6,6,6,0,0.24000000000000002,0.0,0.24000000000000002,0.0,0.42,0.08000000000000002,0.27666666666666667,12.03937564371172,11.163375643711719,-0.8760000000000012,7.447455406188965,1.5847712658975763,90,,,
chesca_commitment_full_mesh,955,20,6,0,0,0,0.0,0.0,0.0,0.0,0.42,0.08000000000000002,0.24333333333333337,10.129316650629043,10.129316650629043,0.0,7.447455406188965,0.6700846364658121,90,,,
chesca_commitment_full_mesh,956,21,6,0,0,0,0.0,0.0,0.0,0.0,0.42,0.08000000000000002,0.23333333333333336,9.838687621355056,9.838687621355056,0.0,7.447455406188965,0.794819431594995,90,,,
chesca_commitment_full_mesh,957,22,6,0,0,0,0.0,0.0,0.0,0.0,0.42,0.08000000000000002,0.23333333333333336,10.072870144335255,10.072870144335255,0.0,7.447455406188965,0.985702100113866,90,,,
chesca_commitment_full_mesh,958,23,6,6,0,6,0.0,0.22000000000000003,0.0,0.22000000000000003,0.2,0.04000000000000001,0.2366666666666667,7.820581734020269,8.63058173402027,0.8100000000000005,7.447455406188965,-0.05986175007591925,90,,,
chesca_commitment_full_mesh,959,24,6,0,0,0,0.0,0.0,0.0,0.0,0.2,0.04000000000000001,0.2366666666666667,9.079194914647838,9.079194914647838,0.0,7.452304363250732,0.5182059086883015,90,,,
chesca_commitment_full_mesh,960,1,6,0,0,0,0.0,0.0,0.0,0.0,0.2,0.04000000000000001,0.19666666666666666,8.480504307974789,8.480504307974789,0.0,7.452304363250732,0.12528666561917162,90,,,
chesca_commitment_full_mesh,961,2,6,0,0,0,0.0,0.0,0.0,0.0,0.2,0.04000000000000001,0.17333333333333337,8.421471468726596,8.421471468726594,-1.7763568394002505e-15,7.452304363250732,0.11469830931464103,90,,,
chesca_commitment_full_mesh,962,3,6,6,0,6,0.0,0.2,0.0,0.24000000000000005,0.0,0.0,0.20333333333333334,6.872538399784083,7.748538399784083,0.8760000000000003,7.452304363250732,-0.17839690456698307,90,,,
chesca_commitment_full_mesh,963,4,6,6,0,6,0.0,0.0,0.0,0.14,0.0,0.0,0.22333333333333336,5.641016519090403,6.15836234706004,0.5173458279696366,7.452304363250732,-0.29921291034510156,90,,,
chesca_commitment_full_mesh,964,5,6,0,0,0,0.0,0.0,0.0,0.0,0.0,0.0,0.22333333333333336,5.132248160438941,5.132248160438941,0.0,7.452304363250732,-0.22223097640437517,90,,,
chesca_commitment_full_mesh,965,6,6,0,0,0,0.0,0.0,0.0,0.0,0.0,0.0,0.22333333333333336,5.847585207394754,5.847585207394754,0.0,7.452304363250732,0.001393655921802836,90,,,
chesca_commitment_full_mesh,966,7,6,0,0,0,0.0,0.0,0.0,0.0,0.0,0.0,0.22333333333333336,4.824994054238981,4.8249940542389815,8.881784197001252e-16,7.447455406188965,-0.0946179009780449,90,,,
chesca_commitment_full_mesh,967,8,6,0,0,0,0.0,0.0,0.0,0.0,0.0,0.0,0.22333333333333336,5.2335781827700885,5.2335781827700885,0.0,7.447455406188965,-0.08080460994813496,90,,,
chesca_commitment_full_mesh,968,9,6,0,0,0,0.0,0.0,0.0,0.0,0.0,0.0,0.21,5.708288263016238,5.708288263016238,0.0,7.447455406188965,-0.1675672190461149,90,,,
chesca_commitment_full_mesh,969,10,6,4,0,4,0.0,0.0,0.0,0.08,0.0,0.0,0.22333333333333336,3.435557797486196,3.6289053646694454,0.1933475671832494,7.447455406188965,-0.21555820567239475,90,,,
chesca_commitment_full_mesh,970,11,6,0,0,0,0.0,0.0,0.0,0.0,0.0,0.0,0.22333333333333336,1.7014633679560356,1.7014633679560356,0.0,7.447455406188965,-0.16937416894357665,90,,,
chesca_commitment_full_mesh,971,12,6,0,0,0,0.0,0.0,0.0,0.0,0.0,0.0,0.21,2.9280479407301083,2.9280479407301083,0.0,7.447455406188965,0.08600483997051651,90,,,
chesca_commitment_full_mesh,972,13,6,3,3,0,0.06,0.0,0.06,0.0,0.06,0.02,0.20666666666666667,3.823198906970902,3.597198906970902,-0.22599999999999998,7.447455406188965,0.16584103603045725,90,,,
chesca_commitment_full_mesh,973,14,6,3,3,0,0.06000000000000001,0.0,0.06000000000000001,0.0,0.12000000000000002,0.020000000000000004,0.20333333333333334,3.783778991911721,3.5717789919117204,-0.21200000000000063,7.447455406188965,0.1862468628096749,90,,,
chesca_commitment_full_mesh,974,15,6,0,0,0,0.0,0.0,0.0,0.0,0.12000000000000002,0.020000000000000004,0.20333333333333334,4.249134218986614,4.249134218986614,0.0,7.447455406188965,0.2082534401993655,90,,,
chesca_commitment_full_mesh,975,16,6,0,0,0,0.0,0.0,0.0,0.0,0.12000000000000002,0.020000000000000004,0.20333333333333334,6.815498129745919,6.815498129745919,0.0,7.447455406188965,0.3236523157087256,90,,,
chesca_commitment_full_mesh,976,17,6,4,4,0,0.10000000000000002,0.0,0.10000000000000002,0.0,0.22000000000000003,0.06000000000000001,0.22,8.368739491475472,8.024739491475472,-0.3439999999999994,7.447455406188965,0.568597658324341,90,,,
chesca_commitment_full_mesh,977,18,6,3,3,0,0.06000000000000001,0.0,0.06000000000000001,0.0,0.28,0.06000000000000001,0.19999999999999998,10.13087828737911,9.89087828737911,-0.2400000000000002,7.452304363250732,0.9816637440452721,90,,,
chesca_commitment_full_mesh,978,19,6,2,2,0,0.04000000000000001,0.0,0.04000000000000001,0.0,0.32,0.06000000000000001,0.1666666666666667,10.242450754268988,10.082450754268987,-0.16000000000000192,7.452304363250732,0.9012623022405066,90,,,
chesca_commitment_full_mesh,979,20,6,0,0,0,0.0,0.0,0.0,0.0,0.32,0.06000000000000001,0.1666666666666667,9.430928529262543,9.430928529262541,-1.7763568394002505e-15,7.452304363250732,0.6779775807631812,90,,,
chesca_commitment_full_mesh,980,21,6,0,0,0,0.0,0.0,0.0,0.0,0.32,0.06000000000000001,0.1666666666666667,8.459966151237488,8.459966151237488,0.0,7.452304363250732,0.23010847448547642,90,,,
chesca_commitment_full_mesh,981,22,6,0,0,0,0.0,0.0,0.0,0.0,0.32,0.06000000000000001,0.1666666666666667,8.202025633886167,8.202025633886167,0.0,7.452304363250732,0.05988120777254615,90,,,
chesca_commitment_full_mesh,982,23,6,0,0,0,0.0,0.0,0.0,0.0,0.32,0.06000000000000001,0.13,9.420981952154731,9.420981952154731,0.0,7.4904046058654785,0.8697065341458264,90,,,
chesca_commitment_full_mesh,983,24,6,0,0,0,0.0,0.0,0.0,0.0,0.32,0.06000000000000001,0.13,9.273842995157697,9.273842995157697,0.0,7.4904046058654785,0.6468871251238344,90,,,
chesca_commitment_full_mesh,984,1,6,6,0,6,0.0,0.24000000000000005,0.0,0.24000000000000005,0.08000000000000002,0.020000000000000004,0.17000000000000004,7.95385774481244,8.82985774481244,0.8759999999999994,7.521597862243652,-0.04533855332182446,90,,,
chesca_commitment_full_mesh,985,2,6,4,0,4,0.0,0.08000000000000002,0.0,0.08000000000000002,0.0,0.0,0.18333333333333335,7.608240678135042,7.914240678135042,0.30600000000000005,7.521597862243652,-0.07150190877856438,90,,,
chesca_commitment_full_mesh,986,3,6,6,0,6,0.0,0.0,0.0,0.18000000000000002,0.0,0.0,0.17333333333333337,6.353699241669862,7.00369924166986,0.6499999999999986,7.521597862243652,-0.09812481781026347,90,,,
chesca_commitment_full_mesh,987,4,6,0,0,0,0.0,0.0,0.0,0.0,0.0,0.0,0.15000000000000002,7.0323409760591495,7.03234097605915,8.881784197001252e-16,7.521597862243652,0.01398229842476019,90,,,
chesca_commitment_full_mesh,988,5,6,0,0,0,0.0,0.0,0.0,0.0,0.0,0.0,0.15000000000000002,5.997317167716864,5.997317167716865,8.881784197001252e-16,7.521597862243652,-0.0050177011230722185,90,,,
chesca_commitment_full_mesh,989,6,6,3,3,0,0.12,0.0,0.12,0.0,0.12,0.04,0.17,5.9312888639223775,5.451288863922377,-0.4800000000000004,7.521597862243652,0.07377203075318614,90,,,
chesca_commitment_full_mesh,990,7,6,0,0,0,0.0,0.0,0.0,0.0,0.12,0.04,0.17,5.43272369914547,5.43272369914547,0.0,7.521597862243652,0.06625308089659193,90,,,
chesca_commitment_full_mesh,991,8,6,0,0,0,0.0,0.0,0.0,0.0,0.12,0.04,0.17,4.707796550273434,4.707796550273434,0.0,7.521597862243652,0.04778436877699248,90,,,
chesca_commitment_full_mesh,992,9,6,3,0,3,0.0,0.12,0.0,0.12000000000000002,0.0,0.0,0.19000000000000003,3.0695692423465823,3.3490645262536924,0.2794952839071101,7.521597862243652,-0.06752741973450892,90,,,
chesca_commitment_full_mesh,993,10,6,0,0,0,0.0,0.0,0.0,0.0,0.0,0.0,0.17666666666666672,4.0899082377183715,4.0899082377183715,0.0,7.521597862243652,0.054980548154786424,90,,,
chesca_commitment_full_mesh,994,11,6,0,0,0,0.0,0.0,0.0,0.0,0.0,0.0,0.17666666666666672,1.461987290354869,1.461987290354869,0.0,7.521597862243652,-0.024173778595801228,90,,,
chesca_commitment_full_mesh,995,12,6,0,0,0,0.0,0.0,0.0,0.0,0.0,0.0,0.17666666666666672,4.292025843082779,4.292025843082779,0.0,7.521597862243652,-0.07220842324354812,90,,,
chesca_commitment_full_mesh,996,13,6,3,3,0,0.10000000000000002,0.0,0.10000000000000002,0.0,0.10000000000000002,0.04000000000000001,0.18333333333333335,5.691174660780082,5.361174660780082,-0.33000000000000007,7.521597862243652,0.11136641292080876,90,,,
chesca_commitment_full_mesh,997,14,6,3,0,3,0.0,0.10000000000000002,0.0,0.10000000000000002,0.0,0.0,0.19000000000000003,6.139928281504716,6.413799884640028,0.2738716031353121,7.521597862243652,0.027437364277623402,90,,,
chesca_commitment_full_mesh,998,15,6,2,2,0,0.04,0.0,0.04,0.0,0.04,0.02,0.19666666666666668,4.713999087535279,4.55399908753528,-0.15999999999999925,7.521597862243652,0.07553104542765333,90,,,
chesca_commitment_full_mesh,999,16,6,4,4,0,0.12,0.0,0.12,0.0,0.16,0.04,0.21666666666666667,5.549159664380316,5.1391596643803155,-0.41000000000000014,7.521597862243652,0.49452079722187375,90,,,
chesca_commitment_full_mesh,1000,17,6,0,0,0,0.0,0.0,0.0,0.0,0.16,0.04,0.20000000000000004,6.533485243151562,6.533485243151563,8.881784197001252e-16,7.4904046058654785,0.5010447624614848,90,,,
chesca_commitment_full_mesh,1001,18,6,3,3,0,0.08000000000000002,0.0,0.08000000000000002,0.0,0.24000000000000005,0.06000000000000001,0.20333333333333337,8.263343162108212,7.971343162108213,-0.2919999999999989,7.4904046058654785,0.6350056513086797,90,,,
chesca_commitment_full_mesh,1002,19,6,6,0,6,0.0,0.22,0.0,0.22,0.020000000000000028,0.020000000000000004,0.2333333333333333,8.784212303425429,9.58021230342543,0.7960000000000012,7.4904046058654785,-0.13940245712028188,90,,,
chesca_commitment_full_mesh,1003,20,6,5,0,5,0.0,0.020000000000000018,0.0,0.14,1.0408340855860843e-17,6.938893903907228e-18,0.25666666666666665,7.8100605702400205,8.31406057024002,0.5039999999999996,7.4904046058654785,-0.6236931274543028,90,,,
chesca_commitment_full_mesh,1004,21,6,0,0,0,0.0,0.0,0.0,0.0,1.0408340855860843e-17,6.938893903907228e-18,0.25666666666666665,7.398248890732505,7.398248890732505,0.0,7.4904046058654785,-0.0966746802899819,90,,,
chesca_commitment_full_mesh,1005,22,6,0,0,0,0.0,0.0,0.0,0.0,1.0408340855860843e-17,6.938893903907228e-18,0.25666666666666665,7.971757832289689,7.971757832289689,0.0,7.4904046058654785,0.15944562689457226,90,,,
chesca_commitment_full_mesh,1006,23,6,0,0,0,0.0,0.0,0.0,0.0,1.0408340855860843e-17,6.938893903907228e-18,0.25666666666666665,7.908858997017106,7.908858997017105,-8.881784197001252e-16,7.4904046058654785,0.08530238034719376,90,,,
chesca_commitment_full_mesh,1007,24,6,0,0,0,0.0,0.0,0.0,0.0,1.0408340855860843e-17,6.938893903907228e-18,0.25666666666666665,7.391706735513133,7.391706735513133,0.0,7.4904046058654785,-0.06034947348963002,90,,,
chesca_commitment_full_mesh,1008,1,6,0,0,0,0.0,0.0,0.0,0.0,1.0408340855860843e-17,6.938893903907228e-18,0.21666666666666667,8.029941343479027,8.029941343479027,0.0,7.4904046058654785,0.09775517534868738,90,,,
chesca_commitment_full_mesh,1009,2,6,2,0,2,0.0,0.0,0.0,0.04000000000000001,1.0408340855860843e-17,6.938893903907228e-18,0.21,7.246088677963217,7.392088677963218,0.1460000000000008,7.567991733551025,-0.23374098472999755,90,,,
chesca_commitment_full_mesh,1010,3,6,3,0,3,0.0,6.938893903907228e-18,0.0,0.06000000000000001,3.469446951953614e-18,3.469446951953614e-18,0.19000000000000003,6.154466644685927,6.394466644685927,0.2400000000000002,7.567991733551025,-0.28774488798725206,90,,,
chesca_commitment_full_mesh,1011,4,6,6,0,6,0.0,3.469446951953614e-18,0.0,0.16000000000000003,0.0,0.0,0.21666666666666667,5.363942612941782,5.897222775753062,0.5332801628112795,7.567991733551025,-0.2281832744608095,90,,,
chesca_commitment_full_mesh,1012,5,6,2,0,2,0.0,0.0,0.0,0.04000000000000001,0.0,0.0,0.22333333333333336,4.420766150288127,4.541058624861435,0.12029247457330783,7.567991733551025,-0.29465057209102297,90,,,
chesca_commitment_full_mesh,1013,6,6,0,0,0,0.0,0.0,0.0,0.0,0.0,0.0,0.20333333333333334,5.053477831922835,5.053477831922835,0.0,7.567991733551025,-0.038492002928708455,90,,,
chesca_commitment_full_mesh,1014,7,6,0,0,0,0.0,0.0,0.0,0.0,0.0,0.0,0.20333333333333334,4.982757758049786,4.982757758049785,-8.881784197001252e-16,7.567991733551025,-0.05620555929170648,90,,,
chesca_commitment_full_mesh,1015,8,6,3,0,3,0.0,0.0,0.0,0.06,0.0,0.0,0.21333333333333335,4.326725872989318,4.464965186895207,0.13823931390588928,7.567991733551025,-0.08690129582981855,90,,,
chesca_commitment_full_mesh,1016,9,6,2,0,2,0.0,0.0,0.0,0.04,0.0,0.0,0.19999999999999998,2.449252171562873,2.5301375931424066,0.08088542157953382,7.567991733551025,-0.10668966166343045,90,,,
chesca_commitment_full_mesh,1017,10,6,3,3,0,0.12,0.0,0.12,0.0,0.12,0.04,0.22,4.579584376136717,4.099584376136716,-0.4800000000000013,7.567991733551025,0.25798649796591344,90,,,
chesca_commitment_full_mesh,1018,11,6,3,0,3,0.0,0.12,0.0,0.12000000000000002,0.0,0.0,0.24,1.6337439010857502,1.9316038637225241,0.29785996263677395,7.567991733551025,-0.0904322538442904,90,,,
chesca_commitment_full_mesh,1019,12,6,0,0,0,0.0,0.0,0.0,0.0,0.0,0.0,0.24,2.3435469881222355,2.3435469881222355,0.0,7.567991733551025,0.13556246320410822,90,,,
chesca_commitment_full_mesh,1020,13,6,0,0,0,0.0,0.0,0.0,0.0,0.0,0.0,0.22333333333333336,2.8212907600652133,2.8212907600652133,0.0,7.567991733551025,0.15858077517305474,90,,,
chesca_commitment_full_mesh,1021,14,6,0,0,0,0.0,0.0,0.0,0.0,0.0,0.0,0.20666666666666667,2.6935287679138984,2.693528767913899,4.440892098500626e-16,7.567991733551025,0.016037805853289525,90,,,
chesca_commitment_full_mesh,1022,15,6,0,0,0,0.0,0.0,0.0,0.0,0.0,0.0,0.19999999999999998,3.6529748242409257,3.6529748242409252,-4.440892098500626e-16,7.567991733551025,0.003237612498482631,90,,,
chesca_commitment_full_mesh,1023,16,6,3,3,0,0.12,0.0,0.12,0.0,0.12,0.04,0.19999999999999998,5.507317554142397,5.111317554142398,-0.395999999999999,7.567991733551025,0.2657247228363526,90,,,
chesca_commitment_full_mesh,1024,17,6,0,0,0,0.0,0.0,0.0,0.0,0.12,0.04,0.19999999999999998,6.794304240058717,6.794304240058718,8.881784197001252e-16,7.567991733551025,0.39603660203204377,90,,,
chesca_commitment_full_mesh,1025,18,6,2,2,0,0.04000000000000001,0.0,0.04000000000000001,0.0,0.16000000000000003,0.04,0.19333333333333333,8.083205451190436,7.923205451190436,-0.15999999999999925,7.4904046058654785,0.5694461782521982,90,,,
chesca_commitment_full_mesh,1026,19,6,0,0,0,0.0,0.0,0.0,0.0,0.16000000000000003,0.04,0.15666666666666668,8.368116046585754,8.368116046585754,0.0,7.4904046058654785,0.3722989194620794,90,,,
chesca_commitment_full_mesh,1027,20,6,1,1,0,0.02,0.0,0.02,0.0,0.18000000000000002,0.04,0.13666666666666666,8.373057015657423,8.293057015657423,-0.08000000000000007,7.457115650177002,0.3029724284480051,90,,,
chesca_commitment_full_mesh,1028,21,6,6,0,6,0.0,0.18000000000000002,0.0,0.20000000000000004,0.0,0.0,0.17,7.259796628902182,7.975796628902181,0.7159999999999993,7.457115650177002,-0.11775784001446488,90,,,
chesca_commitment_full_mesh,1029,22,6,3,0,3,0.0,0.0,0.0,0.12000000000000002,0.0,0.0,0.19000000000000003,6.923665616678045,7.319665616678044,0.395999999999999,7.457115650177002,-0.13622693542849706,90,,,
chesca_commitment_full_mesh,1030,23,6,0,0,0,0.0,0.0,0.0,0.0,0.0,0.0,0.19000000000000003,7.500513052229462,7.500513052229463,8.881784197001252e-16,7.457115650177002,0.011301260557073436,90,,,
chesca_commitment_full_mesh,1031,24,6,6,0,6,0.0,0.0,0.0,0.18000000000000002,0.0,0.0,0.22,6.462241277380729,7.098241277380728,0.6359999999999992,7.457115650177002,-0.2741566006118162,90,,,
chesca_commitment_full_mesh,1032,1,6,3,0,3,0.0,0.0,0.0,0.08000000000000002,0.0,0.0,0.23333333333333336,6.242050052737889,6.503121583655946,0.26107153091805735,7.4476637840271,-0.30762302449041584,90,,,
chesca_commitment_full_mesh,1033,2,6,0,0,0,0.0,0.0,0.0,0.0,0.0,0.0,0.22666666666666668,6.49523889917799,6.49523889917799,0.0,7.434725284576416,-0.257954810062879,90,,,
chesca_commitment_full_mesh,1034,3,6,3,0,3,0.0,0.0,0.0,0.06000000000000001,0.0,0.0,0.22666666666666668,5.570558932215706,5.782558932215705,0.21199999999999974,7.434725284576416,-0.3342498291965983,90,,,
chesca_commitment_full_mesh,1035,4,6,3,0,3,0.0,0.0,0.0,0.06000000000000001,0.0,0.0,0.21,5.016861630643687,5.256861630643686,0.23999999999999932,7.434725284576416,-0.32309056390617363,90,,,
chesca_commitment_full_mesh,1036,5,6,2,0,2,0.0,0.0,0.0,0.04,0.0,0.0,0.21,4.987048837696114,5.063261842569156,0.07621300487304161,7.434725284576416,-0.24511762814017402,90,,,
chesca_commitment_full_mesh,1037,6,6,3,0,3,0.0,0.0,0.0,0.06000000000000001,0.0,0.0,0.22,4.976274363004199,5.136123974722959,0.15984961171875955,7.434725284576416,-0.1514659676933973,90,,,
chesca_commitment_full_mesh,1038,7,6,0,0,0,0.0,0.0,0.0,0.0,0.0,0.0,0.22,4.250894722529938,4.250894722529937,-8.881784197001252e-16,7.434725284576416,-0.08778034633371398,90,,,
chesca_commitment_full_mesh,1039,8,6,1,0,1,0.0,0.0,0.0,0.03999999999999998,0.0,0.0,0.21666666666666667,6.649872547831185,6.649872547831186,8.881784197001252e-16,7.434725284576416,0.18688865010525635,90,,,
chesca_commitment_full_mesh,1040,9,6,0,0,0,0.0,0.0,0.0,0.0,0.0,0.0,0.21,1.9078741853869237,1.9078741853869237,0.0,7.434725284576416,-0.0801854646994591,90,,,
chesca_commitment_full_mesh,1041,10,6,6,0,6,0.0,0.0,0.0,0.14,0.0,0.0,0.21333333333333335,0.4375483837773343,0.8019248353407553,0.364376451563421,7.417431831359863,-0.787784213560943,90,,,
chesca_commitment_full_mesh,1042,11,6,0,0,0,0.0,0.0,0.0,0.0,0.0,0.0,0.19333333333333336,0.3400566782096196,0.3400566782096196,0.0,7.417431831359863,-0.08495403872574232,90,,,
chesca_commitment_full_mesh,1043,12,6,0,0,0,0.0,0.0,0.0,0.0,0.0,0.0,0.19333333333333336,1.5124093093772233,1.5124093093772233,0.0,7.417431831359863,0.02634761958788888,90,,,
chesca_commitment_full_mesh,1044,13,6,3,3,0,0.12,0.0,0.12,0.0,0.12,0.04,0.21333333333333335,2.849720958091609,2.36972095809161,-0.4799999999999991,7.417431831359863,0.18469024958235308,90,,,
chesca_commitment_full_mesh,1045,14,6,3,0,3,0.0,0.12,0.0,0.12000000000000002,0.0,0.0,0.23333333333333336,1.4090309216813617,1.7065542589588605,0.2975233372774988,7.417431831359863,-0.08579148943459813,90,,,
chesca_commitment_full_mesh,1046,15,6,1,1,0,0.02,0.0,0.02,0.0,0.02,0.02,0.2366666666666667,4.324096820865821,4.24409682086582,-0.08000000000000096,7.3665337562561035,0.09463948725918801,90,,,
chesca_commitment_full_mesh,1047,16,6,2,0,2,0.0,0.02,0.0,0.04,0.0,0.0,0.22333333333333336,6.206363029404515,6.366363029404515,0.16000000000000014,7.417431831359863,-0.34730784300894285,90,,,
chesca_commitment_full_mesh,1048,17,6,3,3,0,0.06000000000000001,0.0,0.06000000000000001,0.0,0.06000000000000001,0.020000000000000004,0.2333333333333333,7.658654764901832,7.460654764901832,-0.1979999999999995,7.434725284576416,0.10940464898257198,90,,,
chesca_commitment_full_mesh,1049,18,6,0,0,0,0.0,0.0,0.0,0.0,0.06000000000000001,0.020000000000000004,0.22666666666666668,7.8321663023750006,7.8321663023750006,0.0,7.434725284576416,0.4038019770925674,90,,,
chesca_commitment_full_mesh,1050,19,6,1,1,0,0.01999999999999999,0.0,0.01999999999999999,0.0,0.08,0.020000000000000004,0.22999999999999998,8.62072937925064,8.540729379250642,-0.0799999999999983,7.424911975860596,0.4002285900056517,90,,,
chesca_commitment_full_mesh,1051,20,6,4,0,4,0.0,0.08,0.0,0.08000000000000002,6.938893903907228e-18,3.469446951953614e-18,0.24,7.824967568473293,8.102967568473293,0.2779999999999996,7.424911975860596,-0.03975610993962471,90,,,
chesca_commitment_full_mesh,1052,21,6,0,0,0,0.0,0.0,0.0,0.0,6.938893903907228e-18,3.469446951953614e-18,0.20666666666666667,7.634144518813848,7.634144518813848,0.0,7.424911975860596,-0.0305915083879999,90,,,
chesca_commitment_full_mesh,1053,22,6,0,0,0,0.0,0.0,0.0,0.0,6.938893903907228e-18,3.469446951953614e-18,0.18666666666666668,7.655067311400039,7.655067311400039,0.0,7.424911975860596,0.06741600555700458,90,,,
chesca_commitment_full_mesh,1054,23,6,6,6,0,0.20000000000000004,0.0,0.20000000000000004,0.0,0.20000000000000004,0.04000000000000001,0.21999999999999997,9.393578515483615,8.677578515483615,-0.7159999999999993,7.434725284576416,0.4611427786898215,90,,,
chesca_commitment_full_mesh,1055,24,6,0,0,0,0.0,0.0,0.0,0.0,0.20000000000000004,0.04000000000000001,0.19000000000000003,8.910450980437577,8.910450980437577,0.0,7.434725284576416,0.43441514884833227,90,,,
chesca_commitment_full_mesh,1056,1,6,0,0,0,0.0,0.0,0.0,0.0,0.20000000000000004,0.04000000000000001,0.17666666666666667,8.471046212973821,8.471046212973821,0.0,7.434725284576416,0.16612198657775457,90,,,
chesca_commitment_full_mesh,1057,2,6,6,0,6,0.0,0.20000000000000004,0.0,0.20000000000000004,0.0,0.0,0.21,6.793542138505144,7.509542138505144,0.7160000000000002,7.434725284576416,-0.34541824258431275,90,,,
chesca_commitment_full_mesh,1058,3,6,6,0,6,0.0,0.0,0.0,0.18000000000000002,0.0,0.0,0.23,5.5009125522234745,6.136912552223474,0.6359999999999992,7.452304840087891,-0.6567468994334296,90,,,
chesca_commitment_full_mesh,1059,4,6,3,0,3,0.0,0.0,0.0,0.08000000000000002,0.0,0.0,0.2333333333333333,5.261541981036848,5.522401984915409,0.26086000387856156,7.474915504455566,-0.48949410813307226,90,,,
chesca_commitment_full_mesh,1060,5,6,0,0,0,0.0,0.0,0.0,0.0,0.0,0.0,0.22666666666666666,5.350144811906207,5.350144811906208,8.881784197001252e-16,7.474915504455566,-0.22814285933502826,90,,,
chesca_commitment_full_mesh,1061,6,6,1,0,1,0.0,0.0,0.0,0.02,0.0,0.0,0.21999999999999997,5.428277637417783,5.466734821102979,0.03845718368519613,7.474915504455566,-0.14304551085484313,90,,,
chesca_commitment_full_mesh,1062,7,6,1,0,1,0.0,0.0,0.0,0.02,0.0,0.0,0.2233333333333333,4.778796015522882,4.844796015522882,0.06599999999999984,7.474915504455566,-0.08185269685059116,90,,,
chesca_commitment_full_mesh,1063,8,6,0,0,0,0.0,0.0,0.0,0.0,0.0,0.0,0.21666666666666667,4.348477036008941,4.348477036008941,0.0,7.474915504455566,-0.06129291155155647,90,,,
chesca_commitment_full_mesh,1064,9,6,6,0,6,0.0,0.0,0.0,0.14,0.0,0.0,0.24000000000000002,1.8571774431308865,2.223894453130422,0.3667170099995356,7.529611587524414,-0.9500862807069198,90,,,
chesca_commitment_full_mesh,1065,10,6,5,0,5,0.0,0.0,0.0,0.1,0.0,0.0,0.23333333333333336,2.8312959167613974,3.0228146015450754,0.19151868478367806,7.529611587524414,-1.057225347964085,90,,,
chesca_commitment_full_mesh,1066,11,6,1,0,1,0.0,0.0,0.0,0.02,0.0,0.0,0.2366666666666667,2.488602236649705,2.5293606678242435,0.04075843117453859,7.529611587524414,-0.7609570667661061,90,,,
chesca_commitment_full_mesh,1067,12,6,0,0,0,0.0,0.0,0.0,0.0,0.0,0.0,0.2366666666666667,1.2841687997472424,1.2841687997472424,0.0,7.529611587524414,-0.217287449436108,90,,,
chesca_commitment_full_mesh,1068,13,6,2,0,2,0.0,0.0,0.0,0.04,0.0,0.0,0.22333333333333336,4.68833724550499,4.848337245504991,0.16000000000000103,7.587589740753174,-0.5149895483358712,90,,,
chesca_commitment_full_mesh,1069,14,6,2,0,2,0.0,0.0,0.0,0.04,0.0,0.0,0.21,3.664800856999615,3.824800856999615,0.16000000000000014,7.587589740753174,-0.0799133504109695,90,,,
chesca_commitment_full_mesh,1070,15,6,3,3,0,0.12,0.0,0.12,0.0,0.12,0.04000000000000001,0.22666666666666666,6.611215340420586,6.161453125759941,-0.4497622146606446,7.587589740753174,0.3024261315963882,90,,,
chesca_commitment_full_mesh,1071,16,6,3,0,3,0.0,0.12,0.0,0.12000000000000001,0.0,0.0,0.24,6.291580866487077,6.771580866487078,0.4800000000000004,7.587589740753174,-0.19431501284313432,90,,,
chesca_commitment_full_mesh,1072,17,6,1,1,0,0.020000000000000004,0.0,0.020000000000000004,0.0,0.020000000000000004,0.020000000000000004,0.2333333333333333,7.929072075536163,7.849072075536162,-0.08000000000000096,7.587589740753174,0.29102775458679797,90,,,
chesca_commitment_full_mesh,1073,18,6,5,5,0,0.16000000000000003,0.0,0.16000000000000003,0.0,0.18000000000000002,0.04000000000000001,0.26,9.945215444125989,9.361215444125989,-0.5839999999999996,7.587589740753174,0.9030883344019766,90,,,
chesca_commitment_full_mesh,1074,19,6,1,1,0,0.04000000000000001,0.0,0.04000000000000001,0.0,0.22000000000000003,0.04000000000000001,0.26333333333333336,10.584382746457091,10.452382746457092,-0.13199999999999967,7.587589740753174,1.1819422518889924,90,,,
chesca_commitment_full_mesh,1075,20,6,0,0,0,0.0,0.0,0.0,0.0,0.22000000000000003,0.04000000000000001,0.25,10.31275537800922,10.31275537800922,0.0,7.587589740753174,0.9687259429979355,90,,,
chesca_commitment_full_mesh,1076,21,6,0,0,0,0.0,0.0,0.0,0.0,0.22000000000000003,0.04000000000000001,0.25,9.564850178979784,9.564850178979784,0.0,7.587589740753174,0.5856075207835408,90,,,
chesca_commitment_full_mesh,1077,22,6,0,0,0,0.0,0.0,0.0,0.0,0.22000000000000003,0.04000000000000001,0.25,8.371719203509112,8.371719203509112,0.0,7.587589740753174,0.15128690885739865,90,,,
chesca_commitment_full_mesh,1078,23,6,0,0,0,0.0,0.0,0.0,0.0,0.22000000000000003,0.04000000000000001,0.21666666666666667,9.242714934247205,9.242714934247205,0.0,7.587589740753174,0.6230350349345435,90,,,
chesca_commitment_full_mesh,1079,24,6,0,0,0,0.0,0.0,0.0,0.0,0.22000000000000003,0.04000000000000001,0.21666666666666667,8.407990178960036,8.407990178960036,0.0,7.587589740753174,0.14193681575437836,90,,,
chesca_commitment_full_mesh,1080,1,6,6,0,6,0.0,0.22000000000000003,0.0,0.22000000000000003,0.0,0.0,0.25333333333333335,7.225664121805,7.927428962247145,0.701764840442145,7.587589740753174,-0.16411408993356286,90,,,
chesca_commitment_full_mesh,1081,2,6,0,0,0,0.0,0.0,0.0,0.0,0.0,0.0,0.22,6.031183451117449,6.03118345111745,8.881784197001252e-16,7.587589740753174,-0.4908936933718294,90,,,
chesca_commitment_full_mesh,1082,3,6,3,0,3,0.0,0.0,0.0,0.06000000000000001,0.0,0.0,0.19999999999999998,5.158441363722739,5.328392569672842,0.16995120595010338,7.529611587524414,-0.20350612834995147,90,,,
chesca_commitment_full_mesh,1083,4,6,0,0,0,0.0,0.0,0.0,0.0,0.0,0.0,0.18666666666666668,6.459877218713621,6.459877218713621,0.0,7.529611587524414,0.01990017104623397,90,,,
chesca_commitment_full_mesh,1084,5,6,4,0,4,0.0,0.0,0.0,0.12000000000000002,0.0,0.0,0.20666666666666667,5.275961524230012,5.657912073792337,0.3819505495623252,7.529611587524414,-0.14665670223728863,90,,,
chesca_commitment_full_mesh,1085,6,6,0,0,0,0.0,0.0,0.0,0.0,0.0,0.0,0.20333333333333334,5.58442997611034,5.584429976110341,8.881784197001252e-16,7.529611587524414,-0.027423573495803488,90,,,
chesca_commitment_full_mesh,1086,7,6,0,0,0,0.0,0.0,0.0,0.0,0.0,0.0,0.19999999999999998,5.151749771096946,5.151749771096946,0.0,7.529611587524414,0.04423759043685514,90,,,
chesca_commitment_full_mesh,1087,8,6,0,0,0,0.0,0.0,0.0,0.0,0.0,0.0,0.19999999999999998,3.766849787162183,3.7668497871621835,4.440892098500626e-16,7.474915504455566,-0.051445526957093084,90,,,
chesca_commitment_full_mesh,1088,9,6,3,0,3,0.0,0.0,0.0,0.06,0.0,0.0,0.18666666666666668,2.7779440241675775,2.891350739182924,0.11340671501534638,7.474915504455566,-0.21547828067060637,90,,,
chesca_commitment_full_mesh,1089,10,6,0,0,0,0.0,0.0,0.0,0.0,0.0,0.0,0.17,2.0222999112923183,2.0222999112923183,0.0,7.474915504455566,0.039252856039907136,90,,,
chesca_commitment_full_mesh,1090,11,6,6,6,0,0.22,0.0,0.22,0.0,0.22,0.04,0.20333333333333337,3.800196027603143,3.004196027603143,-0.7959999999999998,7.474915504455566,0.10163298780826227,90,,,
chesca_commitment_full_mesh,1091,12,6,4,0,4,0.0,0.1,0.0,0.10000000000000002,0.11999999999999998,0.04,0.22,4.378020236581276,4.622911359131383,0.24489112255010692,7.474915504455566,0.020012809106802584,90,,,
chesca_commitment_full_mesh,1092,13,6,0,0,0,0.0,0.0,0.0,0.0,0.11999999999999998,0.04,0.21333333333333335,3.206393107233415,3.206393107233415,0.0,7.474915504455566,0.0339985165000848,90,,,
chesca_commitment_full_mesh,1093,14,6,2,0,2,0.0,0.04,0.0,0.04,0.07999999999999999,0.02,0.21333333333333335,3.400267485556292,3.527429991486412,0.1271625059301198,7.474915504455566,0.018428387987414942,90,,,
chesca_commitment_full_mesh,1094,15,6,2,2,0,0.04000000000000001,0.0,0.04000000000000001,0.0,0.12000000000000001,0.020000000000000004,0.20000000000000004,5.679100388692595,5.533100388692596,-0.14599999999999902,7.474915504455566,0.39237515578723,90,,,
chesca_commitment_full_mesh,1095,16,6,3,3,0,0.12000000000000002,0.0,0.12000000000000002,0.0,0.24,0.06000000000000001,0.20000000000000004,6.877437272022263,6.397437272022263,-0.47999999999999954,7.474915504455566,0.6333202938583902,90,,,
chesca_commitment_full_mesh,1096,17,6,2,2,0,0.04000000000000001,0.0,0.04000000000000001,0.0,0.28,0.06000000000000001,0.20333333333333337,8.004992781518107,7.872992781518107,-0.13199999999999967,7.474915504455566,0.7987872867559989,90,,,
chesca_commitment_full_mesh,1097,18,6,0,0,0,0.0,0.0,0.0,0.0,0.28,0.06000000000000001,0.17666666666666667,10.25688195717986,10.256881957179862,1.7763568394002505e-15,7.529611587524414,0.976600868866337,90,,,
chesca_commitment_full_mesh,1098,19,6,5,5,0,0.18000000000000002,0.0,0.18000000000000002,0.0,0.46,0.10000000000000002,0.20000000000000004,11.178567302834807,10.500567302834808,-0.677999999999999,7.529611587524414,1.3707413944414317,90,,,
chesca_commitment_full_mesh,1099,20,6,1,1,0,0.04,0.0,0.04,0.0,0.5000000000000001,0.10000000000000002,0.20666666666666667,11.624222083579633,11.492222083579634,-0.13199999999999967,7.529611587524414,1.6250551394256036,90,,,
chesca_commitment_full_mesh,1100,21,6,0,0,0,0.0,0.0,0.0,0.0,0.5000000000000001,0.10000000000000002,0.20666666666666667,10.935837111184313,10.935837111184313,0.0,7.529611587524414,1.19947922597218,90,,,
chesca_commitment_full_mesh,1101,22,6,0,0,0,0.0,0.0,0.0,0.0,0.5000000000000001,0.10000000000000002,0.20666666666666667,8.299536685718662,8.299536685718662,0.0,7.587589740753174,0.1654780350464663,90,,,
chesca_commitment_full_mesh,1102,23,6,0,0,0,0.0,0.0,0.0,0.0,0.5000000000000001,0.10000000000000002,0.20666666666666667,8.551586993364024,8.551586993364024,0.0,7.587589740753174,0.43189111773611033,90,,,
chesca_commitment_full_mesh,1103,24,6,0,0,0,0.0,0.0,0.0,0.0,0.5000000000000001,0.10000000000000002,0.20666666666666667,8.586626009552157,8.586626009552157,0.0,7.587589740753174,0.277449070846407,90,,,
chesca_commitment_full_mesh,1104,1,6,0,0,0,0.0,0.0,0.0,0.0,0.5000000000000001,0.10000000000000002,0.17,8.6699939438235,8.6699939438235,0.0,7.587589740753174,0.31656353338394727,90,,,
chesca_commitment_full_mesh,1105,2,6,6,0,6,0.0,0.24000000000000005,0.0,0.24000000000000005,0.26,0.06000000000000001,0.21,7.7772109678395,8.561212170066527,0.7840012022270271,7.587589740753174,-0.13842571597682338,90,,,
chesca_commitment_full_mesh,1106,3,6,6,0,6,0.0,0.2,0.0,0.2,0.06,0.020000000000000004,0.23333333333333336,5.453376340200348,6.164893987051513,0.7115176468511644,7.613945007324219,-0.32363801083336086,90,,,
chesca_commitment_full_mesh,1107,4,6,3,0,3,0.0,0.05999999999999999,0.0,0.06000000000000001,1.0408340855860843e-17,1.0408340855860843e-17,0.24333333333333332,5.236512275067418,5.476116245334973,0.23960397026755498,7.613945007324219,-0.18904039573571396,90,,,
chesca_commitment_full_mesh,1108,5,6,0,0,0,0.0,0.0,0.0,0.0,1.0408340855860843e-17,1.0408340855860843e-17,0.2233333333333333,5.046563647481655,5.046563647481655,0.0,7.613945007324219,-0.14122140916227244,90,,,
chesca_commitment_full_mesh,1109,6,6,2,0,2,0.0,0.0,0.0,0.06,1.0408340855860843e-17,1.0408340855860843e-17,0.2333333333333333,5.876049050176796,6.054627809890403,0.1785787597136066,7.613945007324219,-0.09352207949170416,90,,,
chesca_commitment_full_mesh,1110,7,6,0,0,0,0.0,0.0,0.0,0.0,1.0408340855860843e-17,1.0408340855860843e-17,0.2333333333333333,4.610269854190737,4.610269854190737,0.0,7.613945007324219,-0.03342469172409121,90,,,
chesca_commitment_full_mesh,1111,8,6,0,0,0,0.0,0.0,0.0,0.0,1.0408340855860843e-17,1.0408340855860843e-17,0.2333333333333333,3.833159849236388,3.833159849236388,0.0,7.613945007324219,-0.04964600914881668,90,,,
chesca_commitment_full_mesh,1112,9,6,0,0,0,0.0,0.0,0.0,0.0,1.0408340855860843e-17,1.0408340855860843e-17,0.2233333333333333,1.6052123359482096,1.6052123359482096,0.0,7.613945007324219,-0.2026962053594402,90,,,
chesca_commitment_full_mesh,1113,10,6,3,0,3,0.0,1.0408340855860843e-17,0.0,0.06,0.0,0.0,0.2333333333333333,0.328293634592308,0.44158219980740826,0.11328856521510028,7.613945007324219,-0.13195020156644158,90,,,
chesca_commitment_full_mesh,1114,11,6,0,0,0,0.0,0.0,0.0,0.0,0.0,0.0,0.19666666666666668,1.4646279091844916,1.4646279091844916,0.0,7.613945007324219,0.09447179331430565,90,,,
chesca_commitment_full_mesh,1115,12,6,0,0,0,0.0,0.0,0.0,0.0,0.0,0.0,0.18000000000000002,0.4280481970450727,0.4280481970450728,1.1102230246251565e-16,7.613945007324219,0.0036879702541036466,90,,,
chesca_commitment_full_mesh,1116,13,6,6,6,0,0.18,0.0,0.18,0.0,0.18,0.04,0.21,2.7008449128886816,2.064844912888682,-0.6359999999999997,7.613945007324219,0.34380545831784176,90,,,
chesca_commitment_full_mesh,1117,14,6,5,0,5,0.0,0.12000000000000002,0.0,0.12000000000000002,0.05999999999999999,0.02,0.22333333333333336,3.8119794799534388,4.114037526852315,0.3020580468988765,7.613945007324219,-0.0014521714816293219,90,,,
chesca_commitment_full_mesh,1118,15,6,1,1,0,0.020000000000000004,0.0,0.020000000000000004,0.0,0.08,0.020000000000000004,0.22,5.546080411032642,5.4660804110326415,-0.08000000000000007,7.613945007324219,0.28454510934899596,90,,,
chesca_commitment_full_mesh,1119,16,6,1,1,0,0.02,0.0,0.02,0.0,0.1,0.020000000000000004,0.20333333333333334,7.5619075078683,7.4959075078683,-0.06599999999999984,7.613945007324219,0.2833795069844102,90,,,
chesca_commitment_full_mesh,1120,17,6,6,6,0,0.16000000000000003,0.0,0.16000000000000003,0.0,0.26,0.06000000000000001,0.22333333333333336,10.927139475547744,10.329139475547745,-0.597999999999999,7.624370574951172,0.8198896197812775,90,,,
chesca_commitment_full_mesh,1121,18,6,5,5,0,0.1,0.0,0.1,0.0,0.36,0.08000000000000002,0.24000000000000002,11.535420790540785,11.163420790540787,-0.3719999999999981,7.634449005126953,1.4154544840038876,90,,,
chesca_commitment_full_mesh,1122,19,6,1,1,0,0.020000000000000004,0.0,0.020000000000000004,0.0,0.38,0.08000000000000002,0.21333333333333335,11.741079809548188,11.675079809548187,-0.06600000000000072,7.634449005126953,1.5410381703493254,90,,,
chesca_commitment_full_mesh,1123,20,6,1,1,0,0.02,0.0,0.02,0.0,0.4,0.08000000000000002,0.21,11.564607291737268,11.484607291737268,-0.08000000000000007,7.634449005126953,1.256766211562073,90,,,
chesca_commitment_full_mesh,1124,21,6,0,0,0,0.0,0.0,0.0,0.0,0.4,0.08000000000000002,0.21,10.562869634431529,10.562869634431529,0.0,7.634449005126953,0.33264968951691953,90,,,
chesca_commitment_full_mesh,1125,22,6,0,0,0,0.0,0.0,0.0,0.0,0.4,0.08000000000000002,0.21,9.098242603483298,9.0982426034833,1.7763568394002505e-15,7.634449005126953,0.4080334587285723,90,,,
chesca_commitment_full_mesh,1126,23,6,0,0,0,0.0,0.0,0.0,0.0,0.4,0.08000000000000002,0.21,9.409802393269771,9.409802393269771,0.0,7.634449005126953,0.7084996937998722,90,,,
chesca_commitment_full_mesh,1127,24,6,0,0,0,0.0,0.0,0.0,0.0,0.4,0.08000000000000002,0.21,9.25559455789871,9.25559455789871,0.0,7.634449005126953,0.5432486449483119,90,,,
chesca_commitment_full_mesh,1128,1,6,6,0,6,0.0,0.24000000000000005,0.0,0.24000000000000005,0.16000000000000003,0.04000000000000001,0.25,7.729033743023345,8.605033743023347,0.8760000000000012,7.634449005126953,-0.06328978963488607,90,,,
chesca_commitment_full_mesh,1129,2,6,6,0,6,0.0,0.16000000000000003,0.0,0.16000000000000003,0.0,0.0,0.2366666666666667,6.286549418956084,6.884549418956084,0.5979999999999999,7.634449005126953,-0.13887037691965334,90,,,
chesca_commitment_full_mesh,1130,3,6,0,0,0,0.0,0.0,0.0,0.0,0.0,0.0,0.20333333333333334,5.448911755084993,5.448911755084993,0.0,7.624370574951172,-0.09334350552425551,90,,,
chesca_commitment_full_mesh,1131,4,6,0,0,0,0.0,0.0,0.0,0.0,0.0,0.0,0.19333333333333336,5.494527383645376,5.494527383645376,0.0,7.624370574951172,0.07326198810214064,90,,,
chesca_commitment_full_mesh,1132,5,6,4,4,0,0.14,0.0,0.14,0.0,0.14,0.04,0.21666666666666667,5.285489945715056,4.753489945715056,-0.532,7.624370574951172,0.08686031328819951,90,,,
chesca_commitment_full_mesh,1133,6,6,0,0,0,0.0,0.0,0.0,0.0,0.14,0.04,0.20666666666666667,5.512276524913402,5.512276524913401,-8.881784197001252e-16,7.624370574951172,0.20821641420094764,90,,,
chesca_commitment_full_mesh,1134,7,6,1,1,0,0.04,0.0,0.04,0.0,0.18000000000000002,0.04,0.21333333333333335,5.084510520236447,4.952510520236447,-0.13199999999999967,7.624370574951172,0.16317542409687663,90,,,
chesca_commitment_full_mesh,1135,8,6,5,0,5,0.0,0.18000000000000002,0.0,0.18000000000000002,0.0,0.0,0.24333333333333332,4.084856279221818,4.521765832489557,0.4369095532677383,7.634449005126953,-0.3599560325950622,90,,,
chesca_commitment_full_mesh,1136,9,6,0,0,0,0.0,0.0,0.0,0.0,0.0,0.0,0.24333333333333332,2.822853934392521,2.822853934392521,0.0,7.634449005126953,0.04224874629376056,90,,,
chesca_commitment_full_mesh,1137,10,6,0,0,0,0.0,0.0,0.0,0.0,0.0,0.0,0.23333333333333336,3.1363971040770573,3.136397104077057,-4.440892098500626e-16,7.634449005126953,0.19602776532525795,90,,,
chesca_commitment_full_mesh,1138,11,6,1,1,0,0.02,0.0,0.02,0.0,0.02,0.02,0.2366666666666667,2.7210817982131488,2.655081798213149,-0.06599999999999984,7.634449005126953,0.2880628466661923,90,,,
chesca_commitment_full_mesh,1139,12,6,0,0,0,0.0,0.0,0.0,0.0,0.02,0.02,0.2366666666666667,3.164329023411762,3.1643290234117623,4.440892098500626e-16,7.634449005126953,0.21014712970241986,90,,,
chesca_commitment_full_mesh,1140,13,6,0,0,0,0.0,0.0,0.0,0.0,0.02,0.02,0.2066666666666667,4.331424473763465,4.331424473763465,0.0,7.634449005126953,0.4230114002266687,90,,,
chesca_commitment_full_mesh,1141,14,6,5,5,0,0.10000000000000002,0.0,0.10000000000000002,0.0,0.12000000000000002,0.020000000000000004,0.20333333333333337,5.493479238160829,5.12147923816083,-0.371999999999999,7.634449005126953,0.35494642789475983,90,,,
chesca_commitment_full_mesh,1142,15,6,0,0,0,0.0,0.0,0.0,0.0,0.12000000000000002,0.020000000000000004,0.20000000000000004,6.201584600925537,6.201584600925537,0.0,7.634449005126953,0.3444448061801262,90,,,
chesca_commitment_full_mesh,1143,16,6,0,0,0,0.0,0.0,0.0,0.0,0.12000000000000002,0.020000000000000004,0.19666666666666668,7.566181727439423,7.566181727439424,8.881784197001252e-16,7.634449005126953,0.3126339676676456,90,,,
chesca_commitment_full_mesh,1144,17,6,4,4,0,0.1,0.0,0.1,0.0,0.22,0.06,0.18666666666666668,8.970875350663347,8.626875350663346,-0.3440000000000012,7.634449005126953,0.5979364962244864,90,,,
chesca_commitment_full_mesh,1145,18,6,5,5,0,0.14,0.0,0.14,0.0,0.36000000000000004,0.06000000000000001,0.19333333333333336,10.969617949384999,10.437617949384999,-0.532,7.634449005126953,1.2263912906856567,90,,,
chesca_commitment_full_mesh,1146,19,6,6,6,0,0.14,0.0,0.14,0.0,0.5,0.1,0.21333333333333337,13.464039277895187,12.960039277895186,-0.5040000000000013,7.634449005126953,1.689130002727246,90,,,
chesca_commitment_full_mesh,1147,20,6,0,0,0,0.0,0.0,0.0,0.0,0.5,0.1,0.21000000000000005,13.002348649911337,13.002348649911335,-1.7763568394002505e-15,7.634449005126953,1.060861270061597,90,,,
chesca_commitment_full_mesh,1148,21,6,0,0,0,0.0,0.0,0.0,0.0,0.5,0.1,0.21000000000000005,10.902711536607564,10.902711536607564,0.0,7.634449005126953,0.8612539412997812,90,,,
chesca_commitment_full_mesh,1149,22,6,0,0,0,0.0,0.0,0.0,0.0,0.5,0.1,0.21000000000000005,9.535247744985083,9.535247744985083,0.0,7.634449005126953,0.5321460363203645,90,,,
chesca_commitment_full_mesh,1150,23,6,0,0,0,0.0,0.0,0.0,0.0,0.5,0.1,0.21000000000000005,9.672324360531874,9.672324360531874,0.0,7.668598651885986,0.7339649109323931,90,,,
chesca_commitment_full_mesh,1151,24,6,0,0,0,0.0,0.0,0.0,0.0,0.5,0.1,0.21000000000000005,10.035241876317738,10.03524187631774,1.7763568394002505e-15,7.668598651885986,0.8101975411631366,90,,,
chesca_commitment_full_mesh,1152,1,6,0,0,0,0.0,0.0,0.0,0.0,0.5,0.1,0.17,9.815628545875981,9.815628545875983,1.7763568394002505e-15,7.668598651885986,0.6702375504103183,90,,,
chesca_commitment_full_mesh,1153,2,6,0,0,0,0.0,0.0,0.0,0.0,0.5,0.1,0.14333333333333334,8.663897344409854,8.663897344409852,-1.7763568394002505e-15,7.668598651885986,0.25732228189808304,90,,,
chesca_commitment_full_mesh,1154,3,6,6,0,6,0.0,0.24000000000000005,0.0,0.24000000000000005,0.26,0.06,0.18333333333333335,6.54080400138141,7.4168040013814105,0.8760000000000003,7.704866886138916,-0.026286552188084525,90,,,
chesca_commitment_full_mesh,1155,4,6,6,0,6,0.0,0.16000000000000003,0.0,0.16000000000000003,0.09999999999999998,0.020000000000000004,0.21,5.943974549163679,6.477288840970609,0.5333142918069305,7.704866886138916,-0.0070878957600221115,90,,,
chesca_commitment_full_mesh,1156,5,6,5,0,5,0.0,0.09999999999999996,0.0,0.10000000000000002,6.938893903907228e-18,6.938893903907228e-18,0.20333333333333334,4.8846642461234495,5.212557554832626,0.3278933087091769,7.704866886138916,-3.799931291145753e-05,90,,,
chesca_commitment_full_mesh,1157,6,6,5,5,0,0.12000000000000001,0.0,0.12000000000000001,0.0,0.12000000000000002,0.04000000000000001,0.22333333333333336,5.557671753411976,5.105671753411976,-0.45199999999999996,7.704866886138916,0.1401003780651645,90,,,
chesca_commitment_full_mesh,1158,7,6,0,0,0,0.0,0.0,0.0,0.0,0.12000000000000002,0.04000000000000001,0.21666666666666667,5.471985562252874,5.471985562252875,8.881784197001252e-16,7.704866886138916,0.23220479386880838,90,,,
chesca_commitment_full_mesh,1159,8,6,6,0,6,0.0,0.12000000000000002,0.0,0.14,3.469446951953614e-18,3.469446951953614e-18,0.21,5.035999891240283,5.503795000080015,0.4677951088397325,7.725755214691162,-0.5686377927728199,90,,,
chesca_commitment_full_mesh,1160,9,6,0,0,0,0.0,0.0,0.0,0.0,3.469446951953614e-18,3.469446951953614e-18,0.21,3.024095659407505,3.0240956594075046,-4.440892098500626e-16,7.725755214691162,0.01606877403620316,90,,,
chesca_commitment_full_mesh,1161,10,6,4,4,0,0.1,0.0,0.1,0.0,0.1,0.04,0.22666666666666668,3.4119181639843097,3.0539181639843096,-0.3580000000000001,7.725755214691162,0.11352142515870917,90,,,
chesca_commitment_full_mesh,1162,11,6,0,0,0,0.0,0.0,0.0,0.0,0.1,0.04,0.22333333333333336,2.386118876940425,2.386118876940425,0.0,7.725755214691162,0.1676751112974883,90,,,
chesca_commitment_full_mesh,1163,12,6,0,0,0,0.0,0.0,0.0,0.0,0.1,0.04,0.22333333333333336,2.6904457816232092,2.6904457816232092,0.0,7.725755214691162,0.2565135128361693,90,,,
chesca_commitment_full_mesh,1164,13,6,1,1,0,0.020000000000000004,0.0,0.020000000000000004,0.0,0.12000000000000001,0.04,0.22666666666666668,4.770838164791513,4.7048381647915125,-0.06600000000000072,7.725755214691162,0.4235283372401272,90,,,
chesca_commitment_full_mesh,1165,14,6,5,0,5,0.0,0.12000000000000001,0.0,0.12000000000000001,3.469446951953614e-18,3.469446951953614e-18,0.23,4.120152692560055,4.4814304860868255,0.3612777935267708,7.7497944831848145,-0.2606937977483098,90,,,
chesca_commitment_full_mesh,1166,15,6,0,0,0,0.0,0.0,0.0,0.0,3.469446951953614e-18,3.469446951953614e-18,0.23,6.457617896445685,6.457617896445685,0.0,7.825613975524902,-0.13834151801809835,90,,,
chesca_commitment_full_mesh,1167,16,6,4,4,0,0.08,0.0,0.08,0.0,0.08,0.020000000000000007,0.24333333333333337,8.574457163056673,8.268457163056672,-0.30600000000000094,7.899699687957764,0.44587721896172045,90,,,
chesca_commitment_full_mesh,1168,17,6,0,0,0,0.0,0.0,0.0,0.0,0.08,0.020000000000000007,0.22666666666666668,9.29812345630415,9.29812345630415,0.0,7.9680914878845215,0.5179763120218172,90,,,
chesca_commitment_full_mesh,1169,18,6,2,2,0,0.04000000000000001,0.0,0.04000000000000001,0.0,0.12000000000000001,0.020000000000000007,0.21,8.462526435604762,8.330526435604762,-0.13199999999999967,8.05385971069336,0.45518154126180477,90,,,
chesca_commitment_full_mesh,1170,19,6,6,6,0,0.2,0.0,0.2,0.0,0.32,0.06000000000000001,0.22,11.921155172304971,11.177155172304971,-0.7439999999999998,7.9680914878845215,1.2816230679662246,90,,,
chesca_commitment_full_mesh,1171,20,6,2,2,0,0.04,0.0,0.04,0.0,0.36000000000000004,0.06000000000000001,0.22666666666666668,12.5982299888134,12.4662299888134,-0.13200000000000145,7.9680914878845215,1.5544552310714383,90,,,
chesca_commitment_full_mesh,1172,21,6,0,0,0,0.0,0.0,0.0,0.0,0.36000000000000004,0.06000000000000001,0.22666666666666668,11.153290827685446,11.153290827685446,0.0,8.05385971069336,0.8531516700479711,90,,,
chesca_commitment_full_mesh,1173,22,6,6,0,6,0.0,0.24000000000000002,0.0,0.24000000000000002,0.12000000000000002,0.02000000000000001,0.26666666666666666,8.380114778433596,9.256114778433595,0.8759999999999994,8.10148811340332,-0.3211234243486297,90,,,
chesca_commitment_full_mesh,1174,23,6,0,0,0,0.0,0.0,0.0,0.0,0.12000000000000002,0.02000000000000001,0.26666666666666666,8.448223856357265,8.448223856357265,0.0,8.144943237304688,0.08712000328773922,90,,,
chesca_commitment_full_mesh,1175,24,6,0,0,0,0.0,0.0,0.0,0.0,0.12000000000000002,0.02000000000000001,0.26666666666666666,9.565230512439637,9.565230512439639,1.7763568394002505e-15,8.216225624084473,0.5636930647371048,90,,,
chesca_commitment_full_mesh,1176,1,6,0,0,0,0.0,0.0,0.0,0.0,0.12000000000000002,0.02000000000000001,0.26666666666666666,9.18304804007997,9.18304804007997,0.0,8.25859260559082,0.1802083061961342,90,,,
chesca_commitment_full_mesh,1177,2,6,0,0,0,0.0,0.0,0.0,0.0,0.12000000000000002,0.02000000000000001,0.26666666666666666,8.27488853580624,8.27488853580624,0.0,8.274153709411621,0.03887511468333038,90,,,
chesca_commitment_full_mesh,1178,3,6,0,0,0,0.0,0.0,0.0,0.0,0.12000000000000002,0.02000000000000001,0.22666666666666668,7.250295889447114,7.250295889447113,-8.881784197001252e-16,8.274153709411621,0.018217311554574872,90,,,
chesca_commitment_full_mesh,1179,4,6,3,3,0,0.06000000000000001,0.0,0.06000000000000001,0.0,0.18000000000000005,0.040000000000000015,0.21,10.294765737819455,10.054765737819453,-0.240000000000002,8.274153709411621,0.8790301293658738,90,,,
chesca_commitment_full_mesh,1180,5,6,0,0,0,0.0,0.0,0.0,0.0,0.18000000000000005,0.040000000000000015,0.19333333333333333,5.537733830075624,5.537733830075624,0.0,8.274153709411621,0.05323280460114674,90,,,
chesca_commitment_full_mesh,1181,6,6,0,0,0,0.0,0.0,0.0,0.0,0.18000000000000005,0.040000000000000015,0.17333333333333334,5.807392330053963,5.807392330053963,0.0,8.274153709411621,0.15000275026210863,90,,,
chesca_commitment_full_mesh,1182,7,6,0,0,0,0.0,0.0,0.0,0.0,0.18000000000000005,0.040000000000000015,0.17333333333333334,5.2286590835481945,5.2286590835481945,0.0,8.274153709411621,0.13599150549805555,90,,,
chesca_commitment_full_mesh,1183,8,6,0,0,0,0.0,0.0,0.0,0.0,0.18000000000000005,0.040000000000000015,0.15000000000000002,4.402083521346404,4.402083521346403,-8.881784197001252e-16,8.274153709411621,0.0847716201402156,90,,,
chesca_commitment_full_mesh,1184,9,6,6,0,6,0.0,0.18000000000000002,0.0,0.22000000000000003,3.8163916471489756e-17,1.3877787807814457e-17,0.18666666666666668,5.638502164247604,6.081412404501067,0.4429102402534628,8.316520690917969,-0.14347131407424352,90,,,
chesca_commitment_full_mesh,1185,10,6,0,0,0,0.0,0.0,0.0,0.0,3.8163916471489756e-17,1.3877787807814457e-17,0.17,2.3649306819355087,2.364930681935509,4.440892098500626e-16,8.316520690917969,0.024193353101542178,90,,,
chesca_commitment_full_mesh,1186,11,6,0,0,0,0.0,0.0,0.0,0.0,3.8163916471489756e-17,1.3877787807814457e-17,0.17,0.8179328945934077,0.8179328945934077,0.0,8.316520690917969,-0.030095403223174944,90,,,
chesca_commitment_full_mesh,1187,12,6,6,6,0,0.24000000000000002,0.0,0.24000000000000002,0.0,0.24000000000000005,0.040000000000000015,0.21,1.9662198550865684,1.0902198550865687,-0.8759999999999997,8.316520690917969,0.10736124621016593,90,,,
chesca_commitment_full_mesh,1188,13,6,0,0,0,0.0,0.0,0.0,0.0,0.24000000000000005,0.040000000000000015,0.20666666666666667,4.218235303320453,4.218235303320453,0.0,8.316520690917969,0.2240209537096853,90,,,
chesca_commitment_full_mesh,1189,14,6,3,0,3,0.0,0.060000000000000005,0.0,0.060000000000000005,0.18000000000000002,0.040000000000000015,0.19666666666666666,4.519824862494055,4.6630002473672,0.14317538487314518,8.316520690917969,0.039937545448615545,90,,,
chesca_commitment_full_mesh,1190,15,6,6,0,6,0.0,0.18,0.0,0.18,2.7755575615628914e-17,1.3877787807814457e-17,0.22666666666666666,3.5408586931652772,3.9124407311913334,0.37158203802605616,8.316520690917969,-0.16425378835755783,90,,,
chesca_commitment_full_mesh,1191,16,6,3,3,0,0.060000000000000005,0.0,0.060000000000000005,0.0,0.06000000000000003,0.020000000000000004,0.22333333333333336,5.265454375335769,5.067454375335768,-0.1980000000000004,8.316520690917969,0.4290853374786952,90,,,
chesca_commitment_full_mesh,1192,17,6,3,3,0,0.06000000000000001,0.0,0.06000000000000001,0.0,0.12000000000000005,0.020000000000000018,0.2333333333333333,6.584222309462844,6.344222309462844,-0.2400000000000002,8.316520690917969,0.5881995278403354,90,,,
chesca_commitment_full_mesh,1193,18,6,0,0,0,0.0,0.0,0.0,0.0,0.12000000000000005,0.020000000000000018,0.22666666666666666,7.673796587856253,7.673796587856253,0.0,8.316520690917969,0.4777066517430574,90,,,
chesca_commitment_full_mesh,1194,19,6,0,0,0,0.0,0.0,0.0,0.0,0.12000000000000005,0.020000000000000018,0.19333333333333333,8.352279568866058,8.352279568866058,0.0,8.316520690917969,0.14413736731142815,90,,,
chesca_commitment_full_mesh,1195,20,6,0,0,0,0.0,0.0,0.0,0.0,0.12000000000000005,0.020000000000000018,0.18666666666666665,9.22814584032004,9.22814584032004,0.0,8.316520690917969,0.4176666550071102,90,,,
chesca_commitment_full_mesh,1196,21,6,0,0,0,0.0,0.0,0.0,0.0,0.12000000000000005,0.020000000000000018,0.18666666666666665,9.136956153737636,9.136956153737636,0.0,8.316520690917969,0.3015820707347794,90,,,
chesca_commitment_full_mesh,1197,22,6,6,0,6,0.0,0.12000000000000002,0.0,0.12000000000000002,3.122502256758253e-17,1.734723475976807e-17,0.16666666666666666,8.019786389650578,8.457786389650579,0.4380000000000006,8.356260299682617,-0.0005362782323298648,90,,,
chesca_commitment_full_mesh,1198,23,6,0,0,0,0.0,0.0,0.0,0.0,3.122502256758253e-17,1.734723475976807e-17,0.16666666666666666,8.109788146730429,8.109788146730427,-1.7763568394002505e-15,8.356260299682617,0.05865568370748005,90,,,
chesca_commitment_full_mesh,1199,24,6,0,0,0,0.0,0.0,0.0,0.0,3.122502256758253e-17,1.734723475976807e-17,0.16666666666666666,7.770180800889178,7.770180800889177,-8.881784197001252e-16,8.356260299682617,0.05751293893403517,90,,,
chesca_commitment_full_mesh,1200,1,6,0,0,0,0.0,0.0,0.0,0.0,3.122502256758253e-17,1.734723475976807e-17,0.16666666666666666,8.344035096424816,8.344035096424816,0.0,8.366463661193848,0.007543106651587486,90,,,
chesca_commitment_full_mesh,1201,2,6,0,0,0,0.0,0.0,0.0,0.0,3.122502256758253e-17,1.734723475976807e-17,0.16666666666666666,6.973726805225029,6.973726805225029,0.0,8.366463661193848,-0.054085348042184025,90,,,
chesca_commitment_full_mesh,1202,3,6,0,0,0,0.0,0.0,0.0,0.0,3.122502256758253e-17,1.734723475976807e-17,0.16666666666666666,6.845983031133687,6.845983031133687,0.0,8.366463661193848,0.06384279246914118,90,,,
chesca_commitment_full_mesh,1203,4,6,0,0,0,0.0,0.0,0.0,0.0,3.122502256758253e-17,1.734723475976807e-17,0.15666666666666668,4.967874758781199,4.9678747587812,8.881784197001252e-16,8.366463661193848,-0.05597811933535235,90,,,
chesca_commitment_full_mesh,1204,5,6,6,6,0,0.24000000000000002,0.0,0.24000000000000002,0.0,0.24000000000000007,0.04000000000000002,0.19666666666666666,8.03117699895251,7.155176998952509,-0.8760000000000012,8.366463661193848,0.30043403987678374,90,,,
chesca_commitment_full_mesh,1205,6,6,0,0,0,0.0,0.0,0.0,0.0,0.24000000000000007,0.04000000000000002,0.19666666666666666,6.318018660762685,6.318018660762684,-8.881784197001252e-16,8.366463661193848,0.3624784014184397,90,,,
chesca_commitment_full_mesh,1206,7,6,0,0,0,0.0,0.0,0.0,0.0,0.24000000000000007,0.04000000000000002,0.19666666666666666,5.243154532450659,5.243154532450659,0.0,8.366463661193848,0.11909423855781054,90,,,
chesca_commitment_full_mesh,1207,8,6,0,0,0,0.0,0.0,0.0,0.0,0.24000000000000007,0.04000000000000002,0.19666666666666666,3.987558586630259,3.987558586630259,0.0,8.366463661193848,0.08144746365302905,90,,,
chesca_commitment_full_mesh,1208,9,6,6,0,6,0.0,0.24000000000000002,0.0,0.24000000000000002,3.469446951953614e-17,2.0816681711721685e-17,0.19999999999999998,3.3359810291748797,3.7022291488469383,0.3662481196720586,8.366463661193848,-0.03852163865299539,90,,,
chesca_commitment_full_mesh,1209,10,6,6,0,6,0.0,3.469446951953614e-17,0.0,0.12,0.0,0.0,0.22,2.5508526310581594,2.8063046442704374,0.25545201321227795,8.366463661193848,-0.11555278172420472,90,,,
chesca_commitment_full_mesh,1210,11,6,0,0,0,0.0,0.0,0.0,0.0,0.0,0.0,0.22,2.40785316514728,2.40785316514728,0.0,8.366463661193848,0.022972404039612482,90,,,
chesca_commitment_full_mesh,1211,12,6,0,0,0,0.0,0.0,0.0,0.0,0.0,0.0,0.17999999999999997,4.925230751672234,4.925230751672234,0.0,8.366463661193848,-0.2542522089690637,90,,,
chesca_commitment_full_mesh,1212,13,6,6,6,0,0.24000000000000005,0.0,0.24000000000000005,0.0,0.24000000000000005,0.04000000000000001,0.22,5.74289445380634,4.8668944538063394,-0.8760000000000003,8.366463661193848,0.1962938203525414,90,,,
chesca_commitment_full_mesh,1213,14,6,0,0,0,0.0,0.0,0.0,0.0,0.24000000000000005,0.04000000000000001,0.21,4.44128904573751,4.44128904573751,0.0,8.366463661193848,0.07408522624985793,90,,,
chesca_commitment_full_mesh,1214,15,6,0,0,0,0.0,0.0,0.0,0.0,0.24000000000000005,0.04000000000000001,0.17999999999999997,6.398064482716453,6.398064482716452,-8.881784197001252e-16,8.366463661193848,0.2396171066960856,90,,,
chesca_commitment_full_mesh,1215,16,6,0,0,0,0.0,0.0,0.0,0.0,0.24000000000000005,0.04000000000000001,0.17,8.091680025519167,8.091680025519167,0.0,8.356260299682617,0.5616410111654377,90,,,
chesca_commitment_full_mesh,1216,17,6,6,6,0,0.24000000000000005,0.0,0.24000000000000005,0.0,0.4800000000000001,0.08000000000000002,0.19999999999999998,10.012499295086247,9.136499295086248,-0.8759999999999994,8.316520690917969,1.1599137001117144,90,,,
chesca_commitment_full_mesh,1217,18,6,0,0,0,0.0,0.0,0.0,0.0,0.4800000000000001,0.08000000000000002,0.19999999999999998,11.102816235156775,11.102816235156775,0.0,8.316520690917969,1.4392443995653894,90,,,
chesca_commitment_full_mesh,1218,19,6,0,0,0,0.0,0.0,0.0,0.0,0.4800000000000001,0.08000000000000002,0.19999999999999998,10.700146527912597,10.7001465279126,1.7763568394002505e-15,8.356260299682617,0.6887245366979149,90,,,
chesca_commitment_full_mesh,1219,20,6,0,0,0,0.0,0.0,0.0,0.0,0.4800000000000001,0.08000000000000002,0.19999999999999998,9.011627029922172,9.011627029922172,0.0,8.356260299682617,0.16947877171773595,90,,,
chesca_commitment_full_mesh,1220,21,6,0,0,0,0.0,0.0,0.0,0.0,0.4800000000000001,0.08000000000000002,0.19999999999999998,8.415389946356699,8.4153899463567,1.7763568394002505e-15,8.356260299682617,0.10840835644196721,90,,,
chesca_commitment_full_mesh,1221,22,6,6,0,6,0.0,0.24000000000000005,0.0,0.24000000000000005,0.24000000000000005,0.040000000000000015,0.22,8.130102597678391,9.00610259767839,0.8759999999999994,8.366463661193848,-0.022018131119686438,90,,,
chesca_commitment_full_mesh,1222,23,6,6,0,6,0.0,0.24000000000000002,0.0,0.24000000000000002,6.245004513516506e-17,1.3877787807814457e-17,0.26,7.214608658927153,8.090608658927152,0.8759999999999994,8.420452117919922,-0.09265406124816039,90,,,
chesca_commitment_full_mesh,1223,24,6,0,0,0,0.0,0.0,0.0,0.0,6.245004513516506e-17,1.3877787807814457e-17,0.26,6.782357983208328,6.782357983208328,0.0,8.468335151672363,-0.2522503835854085,90,,,
chesca_commitment_full_mesh,1224,1,6,0,0,0,0.0,0.0,0.0,0.0,6.245004513516506e-17,1.3877787807814457e-17,0.26,8.101588567491536,8.101588567491536,0.0,8.420452117919922,0.06959088243952495,90,,,
chesca_commitment_full_mesh,1225,2,6,0,0,0,0.0,0.0,0.0,0.0,6.245004513516506e-17,1.3877787807814457e-17,0.26,6.66607813238492,6.66607813238492,0.0,8.479601860046387,-0.2434094548943666,90,,,
chesca_commitment_full_mesh,1226,3,6,0,0,0,0.0,0.0,0.0,0.0,6.245004513516506e-17,1.3877787807814457e-17,0.26,5.667374300765482,5.667374300765483,8.881784197001252e-16,8.420452117919922,-0.12555493176821542,90,,,
chesca_commitment_full_mesh,1227,4,6,0,0,0,0.0,0.0,0.0,0.0,6.245004513516506e-17,1.3877787807814457e-17,0.26,5.314672410876565,5.3146724108765655,8.881784197001252e-16,8.420452117919922,-0.06530551555640163,90,,,
chesca_commitment_full_mesh,1228,5,6,0,0,0,0.0,0.0,0.0,0.0,6.245004513516506e-17,1.3877787807814457e-17,0.22,5.108034400959737,5.1080344009597365,-8.881784197001252e-16,8.420452117919922,-0.05487279632806007,90,,,
chesca_commitment_full_mesh,1229,6,6,0,0,0,0.0,0.0,0.0,0.0,6.245004513516506e-17,1.3877787807814457e-17,0.22,5.5547087851933,5.5547087851933,0.0,8.420452117919922,0.02871339063625273,90,,,
chesca_commitment_full_mesh,1230,7,6,0,0,0,0.0,0.0,0.0,0.0,6.245004513516506e-17,1.3877787807814457e-17,0.22,5.415983719231266,5.415983719231266,0.0,8.420452117919922,0.08957070127595242,90,,,
chesca_commitment_full_mesh,1231,8,6,0,0,0,0.0,0.0,0.0,0.0,6.245004513516506e-17,1.3877787807814457e-17,0.22,4.025277511077798,4.025277511077798,0.0,8.420452117919922,0.004441871771215619,90,,,
chesca_commitment_full_mesh,1232,9,6,6,0,6,0.0,6.245004513516506e-17,0.0,0.12000000000000001,0.0,0.0,0.19999999999999998,2.28290906099629,2.6238609669628254,0.3409519059665356,8.420452117919922,-0.6997172821472035,90,,,
chesca_commitment_full_mesh,1233,10,6,5,0,5,0.0,0.0,0.0,0.1,0.0,0.0,0.19666666666666666,1.407783127105541,1.6545399659179452,0.24675683881240418,8.356993675231934,-0.10503310544929044,90,,,
chesca_commitment_full_mesh,1234,11,6,5,5,0,0.12000000000000002,0.0,0.12000000000000002,0.0,0.12000000000000002,0.04,0.21666666666666667,4.217946770505361,3.7799467705053615,-0.4379999999999997,8.356993675231934,0.09813050484506568,90,,,
chesca_commitment_full_mesh,1235,12,6,1,1,0,0.020000000000000004,0.0,0.020000000000000004,0.0,0.14,0.04,0.22,5.745535005842271,5.679535005842271,-0.06599999999999984,8.356993675231934,0.37068151575992536,90,,,
chesca_commitment_full_mesh,1236,13,6,0,0,0,0.0,0.0,0.0,0.0,0.14,0.04,0.18000000000000002,4.606587403334535,4.606587403334535,0.0,8.316520690917969,0.08102468605471111,90,,,
chesca_commitment_full_mesh,1237,14,6,6,0,6,0.0,0.13999999999999999,0.0,0.14,1.734723475976807e-17,1.3877787807814457e-17,0.20333333333333334,4.952064999661895,5.347074457432253,0.39500945777035845,8.316520690917969,-0.04513782463224073,90,,,
chesca_commitment_full_mesh,1238,15,6,5,5,0,0.1,0.0,0.1,0.0,0.10000000000000002,0.020000000000000014,0.22,6.4389957720906,6.0669957720906,-0.3719999999999999,8.316520690917969,0.12501322124894756,90,,,
chesca_commitment_full_mesh,1239,16,6,1,1,0,0.020000000000000004,0.0,0.020000000000000004,0.0,0.12000000000000002,0.020000000000000014,0.22333333333333336,8.076199803504256,8.010199803504255,-0.06600000000000072,8.274153709411621,0.40151314646134056,90,,,
chesca_commitment_full_mesh,1240,17,6,0,0,0,0.0,0.0,0.0,0.0,0.12000000000000002,0.020000000000000014,0.18333333333333332,9.749699475395357,9.749699475395357,0.0,8.274153709411621,0.5372866909240719,90,,,
chesca_commitment_full_mesh,1241,18,6,6,6,0,0.22000000000000003,0.0,0.22000000000000003,0.0,0.3400000000000001,0.060000000000000026,0.22,9.789961405700696,8.979961405700694,-0.8100000000000023,8.274153709411621,0.6404376995958156,90,,,
chesca_commitment_full_mesh,1242,19,6,1,1,0,0.020000000000000004,0.0,0.020000000000000004,0.0,0.36000000000000004,0.060000000000000026,0.22333333333333336,12.528798386448415,12.462798386448414,-0.06600000000000072,8.316520690917969,1.4925487238091335,90,,,
chesca_commitment_full_mesh,1243,20,6,6,0,6,0.0,0.24000000000000002,0.0,0.24000000000000002,0.12000000000000008,0.020000000000000025,0.26333333333333336,9.321024550713954,10.197024550713957,0.876000000000003,8.316520690917969,-0.0780620526492258,90,,,
chesca_commitment_full_mesh,1244,21,6,6,0,6,0.0,0.12000000000000001,0.0,0.12000000000000002,6.245004513516506e-17,2.42861286636753e-17,0.2833333333333334,8.483824910982118,8.921824910982117,0.43799999999999883,8.316520690917969,-0.1558734920216505,90,,,
chesca_commitment_full_mesh,1245,22,6,0,0,0,0.0,0.0,0.0,0.0,6.245004513516506e-17,2.42861286636753e-17,0.24333333333333337,8.644737440560395,8.644737440560395,0.0,8.268301963806152,0.12524946376286775,90,,,
chesca_commitment_full_mesh,1246,23,6,0,0,0,0.0,0.0,0.0,0.0,6.245004513516506e-17,2.42861286636753e-17,0.20333333333333334,9.241085948126981,9.241085948126983,1.7763568394002505e-15,8.316520690917969,0.11047983276947705,90,,,
chesca_commitment_full_mesh,1247,24,6,5,0,5,0.0,5.204170427930421e-17,0.0,0.10000000000000002,1.0408340855860843e-17,1.0408340855860843e-17,0.22,8.627663223351353,8.999663223351355,0.37200000000000166,8.316520690917969,-0.11300543542949186,90,,,
chesca_commitment_full_mesh,1248,1,6,3,0,3,0.0,0.0,0.0,0.06000000000000001,1.0408340855860843e-17,1.0408340855860843e-17,0.23,7.554388398605813,7.794388398605813,0.2400000000000002,8.356993675231934,-0.32844578543861697,90,,,
chesca_commitment_full_mesh,1249,2,6,0,0,0,0.0,0.0,0.0,0.0,1.0408340855860843e-17,1.0408340855860843e-17,0.23,7.921198316612363,7.921198316612363,0.0,8.316520690917969,-0.2227662382712086,90,,,
chesca_commitment_full_mesh,1250,3,6,0,0,0,0.0,0.0,0.0,0.0,1.0408340855860843e-17,1.0408340855860843e-17,0.23,7.221816559230605,7.2218165592306045,-8.881784197001252e-16,8.316520690917969,-0.3209136597033456,90,,,
chesca_commitment_full_mesh,1251,4,6,0,0,0,0.0,0.0,0.0,0.0,1.0408340855860843e-17,1.0408340855860843e-17,0.23,6.284916231982578,6.284916231982578,0.0,8.316520690917969,-0.3205544270026256,90,,,
chesca_commitment_full_mesh,1252,5,6,0,0,0,0.0,0.0,0.0,0.0,1.0408340855860843e-17,1.0408340855860843e-17,0.23,5.675205490118412,5.675205490118411,-8.881784197001252e-16,8.316520690917969,-0.32865131348431986,90,,,
chesca_commitment_full_mesh,1253,6,6,0,0,0,0.0,0.0,0.0,0.0,1.0408340855860843e-17,1.0408340855860843e-17,0.23,6.121241111674922,6.121241111674922,0.0,8.316520690917969,-0.28444779625359246,90,,,
chesca_commitment_full_mesh,1254,7,6,0,0,0,0.0,0.0,0.0,0.0,1.0408340855860843e-17,1.0408340855860843e-17,0.23,5.421379565154989,5.421379565154989,0.0,8.316520690917969,-0.22516921313227412,90,,,
chesca_commitment_full_mesh,1255,8,6,0,0,0,0.0,0.0,0.0,0.0,1.0408340855860843e-17,1.0408340855860843e-17,0.23,4.103310649435591,4.103310649435591,0.0,8.316520690917969,-0.20743476736366387,90,,,
chesca_commitment_full_mesh,1256,9,6,0,0,0,0.0,0.0,0.0,0.0,1.0408340855860843e-17,1.0408340855860843e-17,0.21,3.4174897418076697,3.41748974180767,4.440892098500626e-16,8.316520690917969,-0.12306252477090394,90,,,
chesca_commitment_full_mesh,1257,10,6,3,0,3,0.0,1.0408340855860843e-17,0.0,0.06000000000000001,0.0,0.0,0.20333333333333334,3.1175805885700734,3.2884929407141215,0.1709123521440481,8.316520690917969,-0.13243553049881132,90,,,
chesca_commitment_full_mesh,1258,11,6,6,0,6,0.0,0.0,0.0,0.14,0.0,0.0,0.20666666666666667,1.2915436359848111,1.6729275310826957,0.3813838950978845,8.316520690917969,-0.7233668077812025,90,,,
chesca_commitment_full_mesh,1259,12,6,0,0,0,0.0,0.0,0.0,0.0,0.0,0.0,0.20333333333333334,0.861181793602952,0.861181793602952,0.0,8.316520690917969,-0.043250693030104745,90,,,
chesca_commitment_full_mesh,1260,13,6,5,5,0,0.1,0.0,0.1,0.0,0.1,0.02,0.22,3.6152851652551607,3.243285165255161,-0.3719999999999999,8.316520690917969,0.2285659581097147,90,,,
chesca_commitment_full_mesh,1261,14,6,0,0,0,0.0,0.0,0.0,0.0,0.1,0.02,0.19666666666666666,4.814398234994561,4.814398234994562,8.881784197001252e-16,8.316520690917969,0.21243643892299885,90,,,
chesca_commitment_full_mesh,1262,15,6,5,0,5,0.0,0.1,0.0,0.1,0.0,0.0,0.19666666666666666,3.4400708372163415,3.688994091428125,0.24892325421178363,8.316520690917969,-0.06744735969993014,90,,,
chesca_commitment_full_mesh,1263,16,6,6,6,0,0.2,0.0,0.2,0.0,0.2,0.04000000000000001,0.22666666666666668,7.241256554336691,6.497256554336691,-0.7439999999999998,8.316520690917969,0.6173538651937908,90,,,
chesca_commitment_full_mesh,1264,17,6,0,0,0,0.0,0.0,0.0,0.0,0.2,0.04000000000000001,0.22666666666666668,7.952146150732456,7.952146150732456,0.0,8.316520690917969,0.5407665795056396,90,,,
chesca_commitment_full_mesh,1265,18,6,1,1,0,0.020000000000000004,0.0,0.020000000000000004,0.0,0.22000000000000003,0.04000000000000001,0.19333333333333336,9.549962363562264,9.483962363562263,-0.06600000000000072,8.258458137512207,0.7687425399311092,90,,,
chesca_commitment_full_mesh,1266,19,6,1,1,0,0.04000000000000001,0.0,0.04000000000000001,0.0,0.26,0.06000000000000001,0.19666666666666666,11.103335807554414,10.971335807554414,-0.13199999999999967,8.258458137512207,0.8115225609152413,90,,,
chesca_commitment_full_mesh,1267,20,6,0,0,0,0.0,0.0,0.0,0.0,0.26,0.06000000000000001,0.15666666666666668,11.59121711977705,11.59121711977705,0.0,8.258458137512207,0.7891087141825344,90,,,
chesca_commitment_full_mesh,1268,21,6,6,0,6,0.0,0.24000000000000002,0.0,0.24000000000000002,0.020000000000000025,0.02000000000000001,0.17666666666666664,9.798977373631669,10.674977373631668,0.8759999999999994,8.258458137512207,-0.10860369836205715,90,,,
chesca_commitment_full_mesh,1269,22,6,1,0,1,0.0,0.020000000000000004,0.0,0.020000000000000004,2.0816681711721685e-17,6.938893903907228e-18,0.17999999999999997,9.050161651141522,9.116161651141525,0.0660000000000025,8.258458137512207,0.026880943367446605,90,,,
chesca_commitment_full_mesh,1270,23,6,5,5,0,0.2,0.0,0.2,0.0,0.20000000000000004,0.04000000000000001,0.21333333333333335,10.559579118049413,9.815579118049415,-0.743999999999998,8.316520690917969,0.08685933215048423,90,,,
chesca_commitment_full_mesh,1271,24,6,0,0,0,0.0,0.0,0.0,0.0,0.20000000000000004,0.04000000000000001,0.19666666666666666,9.259794080674606,9.259794080674606,0.0,8.316520690917969,0.0726501708563593,90,,,
chesca_commitment_full_mesh,1272,1,6,1,1,0,0.020000000000000004,0.0,0.020000000000000004,0.0,0.22000000000000003,0.04000000000000001,0.18999999999999997,9.367492385804612,9.301492385804611,-0.06600000000000072,8.316520690917969,0.09593921350911067,90,,,
chesca_commitment_full_mesh,1273,2,6,6,0,6,0.0,0.22000000000000003,0.0,0.22000000000000003,6.938893903907228e-18,6.938893903907228e-18,0.22666666666666668,8.252862734319711,9.062862734319712,0.8100000000000005,8.316520690917969,-0.024976633351342814,90,,,
chesca_commitment_full_mesh,1274,3,6,4,0,4,0.0,0.0,0.0,0.08000000000000002,6.938893903907228e-18,6.938893903907228e-18,0.24000000000000002,6.308198807411806,6.614198807411806,0.30600000000000005,8.356993675231934,-0.38729173534789896,90,,,
chesca_commitment_full_mesh,1275,4,6,0,0,0,0.0,0.0,0.0,0.0,6.938893903907228e-18,6.938893903907228e-18,0.24000000000000002,5.65105665658862,5.65105665658862,0.0,8.356993675231934,-0.32843334296974946,90,,,
chesca_commitment_full_mesh,1276,5,6,0,0,0,0.0,0.0,0.0,0.0,6.938893903907228e-18,6.938893903907228e-18,0.24000000000000002,5.373176403349124,5.373176403349124,0.0,8.356993675231934,-0.2302217618775182,90,,,
chesca_commitment_full_mesh,1277,6,6,0,0,0,0.0,0.0,0.0,0.0,6.938893903907228e-18,6.938893903907228e-18,0.24000000000000002,5.995692281481028,5.995692281481028,0.0,8.356993675231934,-0.10830680977658547,90,,,
chesca_commitment_full_mesh,1278,7,6,0,0,0,0.0,0.0,0.0,0.0,6.938893903907228e-18,6.938893903907228e-18,0.24000000000000002,5.539467292799501,5.539467292799501,0.0,8.356993675231934,-0.13346853293842909,90,,,
chesca_commitment_full_mesh,1279,8,6,0,0,0,0.0,0.0,0.0,0.0,6.938893903907228e-18,6.938893903907228e-18,0.24000000000000002,4.919538786733346,4.919538786733347,8.881784197001252e-16,8.356993675231934,-0.2569512101916589,90,,,
chesca_commitment_full_mesh,1280,9,6,0,0,0,0.0,0.0,0.0,0.0,6.938893903907228e-18,6.938893903907228e-18,0.24000000000000002,3.6087737150330526,3.6087737150330526,0.0,8.356993675231934,-0.32685935350160317,90,,,
chesca_commitment_full_mesh,1281,10,6,0,0,0,0.0,0.0,0.0,0.0,6.938893903907228e-18,6.938893903907228e-18,0.23,3.313381377042549,3.313381377042549,0.0,8.356993675231934,-0.07910519035088094,90,,,
chesca_commitment_full_mesh,1282,11,6,0,0,0,0.0,0.0,0.0,0.0,6.938893903907228e-18,6.938893903907228e-18,0.20666666666666667,3.435562212813899,3.4355622128138985,-4.440892098500626e-16,8.356993675231934,-0.10778823620070196,90,,,
chesca_commitment_full_mesh,1283,12,6,3,0,3,0.0,6.938893903907228e-18,0.0,0.060000000000000005,0.0,0.0,0.21666666666666667,2.147106145077124,2.288632519711856,0.14152637463473194,8.356993675231934,-0.3781499111172014,90,,,
chesca_commitment_full_mesh,1284,13,6,0,0,0,0.0,0.0,0.0,0.0,0.0,0.0,0.19999999999999998,4.116275168344139,4.116275168344139,0.0,8.356993675231934,0.05976072716965773,90,,,
chesca_commitment_full_mesh,1285,14,6,0,0,0,0.0,0.0,0.0,0.0,0.0,0.0,0.19999999999999998,3.6173558934660117,3.617355893466012,4.440892098500626e-16,8.356993675231934,-0.022005284968165614,90,,,
chesca_commitment_full_mesh,1286,15,6,6,6,0,0.12000000000000002,0.0,0.12000000000000002,0.0,0.12000000000000002,0.020000000000000004,0.20333333333333334,6.673616082073053,6.235616082073054,-0.43799999999999883,8.356993675231934,0.3256255251513642,90,,,
chesca_commitment_full_mesh,1287,16,6,0,0,0,0.0,0.0,0.0,0.0,0.12000000000000002,0.020000000000000004,0.17,8.060686781984797,8.060686781984797,0.0,8.356993675231934,0.28582309030974795,90,,,
chesca_commitment_full_mesh,1288,17,6,6,6,0,0.22000000000000003,0.0,0.22000000000000003,0.0,0.3400000000000001,0.06000000000000001,0.20666666666666667,10.345396524086365,9.535396524086366,-0.8099999999999987,8.316520690917969,0.6579668962633076,90,,,
chesca_commitment_full_mesh,1289,18,6,4,4,0,0.08,0.0,0.08,0.0,0.42000000000000004,0.08000000000000002,0.21666666666666667,12.976291453629376,12.670291453629376,-0.30599999999999916,8.316520690917969,1.5641471351795708,90,,,
chesca_commitment_full_mesh,1290,19,6,6,6,0,0.12000000000000001,0.0,0.12000000000000001,0.0,0.54,0.10000000000000002,0.23,15.481398331646934,15.043398331646934,-0.4380000000000006,8.316520690917969,2.134320102000701,90,,,
chesca_commitment_full_mesh,1291,20,6,0,0,0,0.0,0.0,0.0,0.0,0.54,0.10000000000000002,0.23,12.384103198433777,12.384103198433777,0.0,8.316520690917969,0.9384289955241185,90,,,
chesca_commitment_full_mesh,1292,21,6,0,0,0,0.0,0.0,0.0,0.0,0.54,0.10000000000000002,0.19000000000000003,11.271512514676438,11.271512514676438,0.0,8.316520690917969,0.7709395569088417,90,,,
chesca_commitment_full_mesh,1293,22,6,6,0,6,0.0,0.16,0.0,0.16,0.38,0.08000000000000002,0.21333333333333335,9.540091238607502,10.110091238607502,0.5700000000000003,8.316520690917969,0.023799483279816583,90,,,
chesca_commitment_full_mesh,1294,23,6,0,0,0,0.0,0.0,0.0,0.0,0.38,0.08000000000000002,0.18000000000000005,9.33388578990238,9.33388578990238,0.0,8.328828811645508,0.22470665676712953,90,,,
chesca_commitment_full_mesh,1295,24,6,0,0,0,0.0,0.0,0.0,0.0,0.38,0.08000000000000002,0.18000000000000005,9.429824247579448,9.429824247579447,-1.7763568394002505e-15,8.328828811645508,0.2520900699395908,90,,,
chesca_commitment_full_mesh,1296,1,6,0,0,0,0.0,0.0,0.0,0.0,0.38,0.08000000000000002,0.17666666666666672,9.960051231442602,9.960051231442604,1.7763568394002505e-15,8.328828811645508,0.4173908543018451,90,,,
chesca_commitment_full_mesh,1297,2,6,6,0,6,0.0,0.24000000000000005,0.0,0.24000000000000005,0.14,0.04000000000000001,0.18000000000000005,7.793320365708326,8.669320365708325,0.8759999999999986,8.415712356567383,-0.17586154613380717,90,,,
chesca_commitment_full_mesh,1298,3,6,6,0,6,0.0,0.14,0.0,0.24000000000000005,6.938893903907228e-18,6.938893903907228e-18,0.20666666666666667,6.830136855018438,7.706136855018438,0.8760000000000003,8.475723266601562,-0.25579226759094315,90,,,
chesca_commitment_full_mesh,1299,4,6,4,0,4,0.0,6.938893903907228e-18,0.0,0.08000000000000002,0.0,0.0,0.22,6.018657664623673,6.321121070254722,0.3024634056310491,8.475723266601562,-0.3142858438553151,90,,,
chesca_commitment_full_mesh,1300,5,6,2,0,2,0.0,0.0,0.0,0.04000000000000001,0.0,0.0,0.22666666666666668,5.3347668852074355,5.494766885207436,0.16000000000000014,8.475723266601562,-0.3360993904859254,90,,,
chesca_commitment_full_mesh,1301,6,6,0,0,0,0.0,0.0,0.0,0.0,0.0,0.0,0.22666666666666668,5.391433636560523,5.391433636560523,0.0,8.475723266601562,-0.15205820254253655,90,,,
chesca_commitment_full_mesh,1302,7,6,0,0,0,0.0,0.0,0.0,0.0,0.0,0.0,0.22666666666666668,4.814496487768662,4.814496487768662,0.0,8.475723266601562,-0.08110411197120437,90,,,
chesca_commitment_full_mesh,1303,8,6,0,0,0,0.0,0.0,0.0,0.0,0.0,0.0,0.22666666666666668,3.709806545423869,3.709806545423869,0.0,8.415712356567383,-0.1505534052115206,90,,,
chesca_commitment_full_mesh,1304,9,6,0,0,0,0.0,0.0,0.0,0.0,0.0,0.0,0.22666666666666668,1.6537879215310065,1.6537879215310065,0.0,8.415712356567383,-0.12973764946736743,90,,,
chesca_commitment_full_mesh,1305,10,6,0,0,0,0.0,0.0,0.0,0.0,0.0,0.0,0.22666666666666668,1.889149942550013,1.8891499425500133,4.440892098500626e-16,8.415712356567383,-0.07357019330158444,90,,,
chesca_commitment_full_mesh,1306,11,6,0,0,0,0.0,0.0,0.0,0.0,0.0,0.0,0.22666666666666668,3.5381458887639647,3.5381458887639647,0.0,8.415712356567383,0.06357446196800941,90,,,
chesca_commitment_full_mesh,1307,12,6,0,0,0,0.0,0.0,0.0,0.0,0.0,0.0,0.21666666666666667,2.508895748710658,2.508895748710658,0.0,8.415712356567383,0.11956684246183139,90,,,
chesca_commitment_full_mesh,1308,13,6,3,3,0,0.06,0.0,0.06,0.0,0.06,0.02,0.22666666666666668,4.208230049580286,4.010230049580286,-0.1980000000000004,8.415712356567383,0.2916004672014934,90,,,
chesca_commitment_full_mesh,1309,14,6,1,1,0,0.020000000000000004,0.0,0.020000000000000004,0.0,0.08000000000000002,0.020000000000000004,0.23,4.6677442226773955,4.587744222677396,-0.07999999999999918,8.415712356567383,0.3364428083367173,90,,,
chesca_commitment_full_mesh,1310,15,6,0,0,0,0.0,0.0,0.0,0.0,0.08000000000000002,0.020000000000000004,0.21,7.252134560328068,7.252134560328068,0.0,8.415712356567383,0.3618008693141328,90,,,
chesca_commitment_full_mesh,1311,16,6,5,5,0,0.09999999999999998,0.0,0.09999999999999998,0.0,0.18,0.04000000000000001,0.22666666666666668,10.335522831964516,9.977522831964517,-0.35799999999999876,8.415712356567383,0.7458596547981341,90,,,
chesca_commitment_full_mesh,1312,17,6,6,6,0,0.18,0.0,0.18,0.0,0.36,0.060000000000000005,0.22,14.143234067830846,13.465234067830846,-0.6780000000000008,8.475723266601562,1.7967505601302984,90,,,
chesca_commitment_full_mesh,1313,18,6,0,0,0,0.0,0.0,0.0,0.0,0.36,0.060000000000000005,0.20666666666666667,13.863119667262698,13.863119667262698,0.0,8.511741638183594,1.6084490476002362,90,,,
chesca_commitment_full_mesh,1314,19,6,6,6,0,0.14,0.0,0.14,0.0,0.49999999999999994,0.1,0.21,15.909322226938542,15.391322226938543,-0.5179999999999989,8.511741638183594,2.105108511548691,90,,,
chesca_commitment_full_mesh,1315,20,6,0,0,0,0.0,0.0,0.0,0.0,0.49999999999999994,0.1,0.21,11.998533529334388,11.998533529334388,0.0,8.511741638183594,0.822990894443887,90,,,
chesca_commitment_full_mesh,1316,21,6,0,0,0,0.0,0.0,0.0,0.0,0.49999999999999994,0.1,0.21,10.747723966803392,10.747723966803392,0.0,8.511741638183594,0.6091098450188251,90,,,
chesca_commitment_full_mesh,1317,22,6,6,0,6,0.0,0.24000000000000002,0.0,0.24000000000000002,0.25999999999999995,0.060000000000000005,0.22333333333333336,8.730131634375866,9.606131634375867,0.8760000000000012,8.511741638183594,-0.03441731292213749,90,,,
chesca_commitment_full_mesh,1318,23,6,0,0,0,0.0,0.0,0.0,0.0,0.25999999999999995,0.060000000000000005,0.22333333333333336,9.803996228768192,9.803996228768193,1.7763568394002505e-15,8.511741638183594,0.39592655696410556,90,,,
chesca_commitment_full_mesh,1319,24,6,6,0,6,0.0,0.23999999999999996,0.0,0.24000000000000005,0.019999999999999997,0.019999999999999997,0.26333333333333336,8.146067568395173,9.022067568395174,0.8760000000000012,8.511741638183594,-0.16698889547462975,90,,,
chesca_commitment_full_mesh,1320,1,6,1,0,1,0.0,0.019999999999999997,0.0,0.02,0.0,0.0,0.26666666666666666,7.9820700118730405,8.06207001187304,0.07999999999999918,8.511741638183594,-0.09789185046501313,90,,,
chesca_commitment_full_mesh,1321,2,6,0,0,0,0.0,0.0,0.0,0.0,0.0,0.0,0.22666666666666666,7.0182481091430144,7.0182481091430144,0.0,8.475723266601562,-0.1313369834246981,90,,,
chesca_commitment_full_mesh,1322,3,6,0,0,0,0.0,0.0,0.0,0.0,0.0,0.0,0.18666666666666668,6.551933189726022,6.5519331897260225,8.881784197001252e-16,8.415712356567383,-0.060110889616867995,90,,,
chesca_commitment_full_mesh,1323,4,6,0,0,0,0.0,0.0,0.0,0.0,0.0,0.0,0.17333333333333334,6.120660054910488,6.120660054910488,0.0,8.415712356567383,-0.05957382490441534,90,,,
chesca_commitment_full_mesh,1324,5,6,2,0,2,0.0,0.0,0.0,0.08000000000000002,0.0,0.0,0.18000000000000002,5.888945067455799,6.208945067455799,0.3200000000000003,8.415712356567383,-0.07800230517577873,90,,,
chesca_commitment_full_mesh,1325,6,6,0,0,0,0.0,0.0,0.0,0.0,0.0,0.0,0.18000000000000002,5.751386547409307,5.751386547409306,-8.881784197001252e-16,8.415712356567383,0.029080981695555806,90,,,
chesca_commitment_full_mesh,1326,7,6,0,0,0,0.0,0.0,0.0,0.0,0.0,0.0,0.18000000000000002,5.4806033421419915,5.4806033421419915,0.0,8.415712356567383,-0.0720420157067822,90,,,
chesca_commitment_full_mesh,1342,23,6,6,6,0,0.23999999999999988,0.0,0.23999999999999988,0.0,0.23999999999999988,0.03999999999999998,0.21999999999999997,27.54593208907901,26.66993208907901,-0.8760000000000012,7.767635345458984,7.128516535811394,90,,,
chesca_commitment_full_mesh,1343,24,6,6,0,6,0.0,0.23999999999999988,0.0,0.24000000000000005,0.0,0.0,0.26,10.74362008536297,11.619620085362971,0.8760000000000012,7.767635345458984,-0.2734776942761193,90,,,
chesca_commitment_full_mesh,1344,1,6,0,0,0,0.0,0.0,0.0,0.0,0.0,0.0,0.26,8.421527187351762,8.421527187351762,0.0,7.767635345458984,-0.17299341963574705,90,,,
chesca_commitment_full_mesh,1345,2,6,0,0,0,0.0,0.0,0.0,0.0,0.0,0.0,0.26,9.318823457206157,9.318823457206157,0.0,7.767635345458984,0.3162022564959846,90,,,
chesca_commitment_full_mesh,1346,3,6,0,0,0,0.0,0.0,0.0,0.0,0.0,0.0,0.26,8.471000137430565,8.471000137430567,1.7763568394002505e-15,7.767635345458984,0.1410608211825508,90,,,
chesca_commitment_full_mesh,1347,4,6,0,0,0,0.0,0.0,0.0,0.0,0.0,0.0,0.25,8.520744765356373,8.520744765356374,1.7763568394002505e-15,7.798964023590088,0.2296445586493358,90,,,
chesca_commitment_full_mesh,1348,5,6,0,0,0,0.0,0.0,0.0,0.0,0.0,0.0,0.24666666666666667,5.659179249927885,5.659179249927885,0.0,7.944520473480225,-0.2836564506595665,90,,,
chesca_commitment_full_mesh,1349,6,6,0,0,0,0.0,0.0,0.0,0.0,0.0,0.0,0.24666666666666667,5.788221543065126,5.788221543065126,0.0,7.944520473480225,0.07981469969769875,90,,,
chesca_commitment_full_mesh,1350,7,6,0,0,0,0.0,0.0,0.0,0.0,0.0,0.0,0.22999999999999998,5.233301237381144,5.233301237381144,0.0,7.944520473480225,0.11407353379183693,90,,,
chesca_commitment_full_mesh,1351,8,6,0,0,0,0.0,0.0,0.0,0.0,0.0,0.0,0.19999999999999998,4.742298876073747,4.742298876073747,0.0,7.944520473480225,0.056567145236697446,90,,,
chesca_commitment_full_mesh,1352,9,6,3,0,3,0.0,0.0,0.0,0.08000000000000002,0.0,0.0,0.21333333333333335,2.4035028936563307,2.6121708481922985,0.20866795453596776,7.798964023590088,-0.27922895673607073,90,,,
chesca_commitment_full_mesh,1353,10,6,2,2,0,0.04,0.0,0.04,0.0,0.04,0.02,0.19666666666666666,1.905677478256769,1.773677478256769,-0.1319999999999999,7.798964023590088,0.12685865163992774,90,,,
chesca_commitment_full_mesh,1354,11,6,2,0,2,0.0,0.04,0.0,0.04000000000000001,0.0,0.0,0.20333333333333334,1.9258674281978398,2.019055860883285,0.09318843268544508,7.798964023590088,0.012205454980575778,90,,,
chesca_commitment_full_mesh,1355,12,6,4,4,0,0.10000000000000002,0.0,0.10000000000000002,0.0,0.10000000000000002,0.04000000000000001,0.22,3.571882143182844,3.1858821431828432,-0.38600000000000056,7.798964023590088,0.13959922863641697,90,,,
chesca_commitment_full_mesh,1356,13,6,0,0,0,0.0,0.0,0.0,0.0,0.10000000000000002,0.04000000000000001,0.17999999999999997,6.346616835687611,6.346616835687611,0.0,7.798964023590088,0.21953170144310188,90,,,
chesca_commitment_full_mesh,1357,14,6,2,2,0,0.08,0.0,0.08,0.0,0.18000000000000002,0.04000000000000001,0.19333333333333333,5.319838964318656,5.0558389643186565,-0.26399999999999935,7.798964023590088,0.09876971300069942,90,,,
chesca_commitment_full_mesh,1358,15,6,0,0,0,0.0,0.0,0.0,0.0,0.18000000000000002,0.04000000000000001,0.15333333333333335,8.102288955043202,8.102288955043202,0.0,7.798964023590088,0.3635755946615807,90,,,
chesca_commitment_full_mesh,1359,16,6,0,0,0,0.0,0.0,0.0,0.0,0.18000000000000002,0.04000000000000001,0.15000000000000002,8.586455200803393,8.586455200803393,0.0,7.944520473480225,0.24818059682014854,90,,,
chesca_commitment_full_mesh,1360,17,6,4,4,0,0.16000000000000003,0.0,0.16000000000000003,0.0,0.34,0.08000000000000002,0.17666666666666664,11.796303740704108,11.184303740704106,-0.6120000000000019,8.073759078979492,1.3054656757468122,90,,,
chesca_commitment_full_mesh,1361,18,6,5,5,0,0.20000000000000004,0.0,0.20000000000000004,0.0,0.54,0.10000000000000002,0.21,13.720663939536271,13.004663939536272,-0.7159999999999993,8.10350513458252,1.9886899869142027,90,,,
chesca_commitment_full_mesh,1362,19,6,1,1,0,0.04,0.0,0.04,0.0,0.5800000000000001,0.12000000000000002,0.21666666666666667,15.828582045219484,15.668582045219486,-0.15999999999999837,8.131817817687988,2.1561535642543745,90,,,
chesca_commitment_full_mesh,1363,20,6,0,0,0,0.0,0.0,0.0,0.0,0.5800000000000001,0.12000000000000002,0.20333333333333334,12.358679256735819,12.358679256735819,0.0,8.159252166748047,0.853751699302883,90,,,
chesca_commitment_full_mesh,1364,21,6,0,0,0,0.0,0.0,0.0,0.0,0.5800000000000001,0.12000000000000002,0.20333333333333334,10.527167964897393,10.527167964897393,0.0,8.159252166748047,0.5340339911144063,90,,,
chesca_commitment_full_mesh,1365,22,6,0,0,0,0.0,0.0,0.0,0.0,0.5800000000000001,0.12000000000000002,0.20333333333333334,9.684717524032719,9.684717524032719,0.0,8.159252166748047,0.24149621365171958,90,,,
chesca_commitment_full_mesh,1366,23,6,0,0,0,0.0,0.0,0.0,0.0,0.5800000000000001,0.12000000000000002,0.16333333333333336,9.933012643335989,9.933012643335989,0.0,8.204011917114258,0.4843868381242319,90,,,
chesca_commitment_full_mesh,1367,24,6,6,0,6,0.0,0.24000000000000005,0.0,0.24000000000000005,0.3400000000000001,0.08000000000000002,0.16333333333333336,8.306223190277422,9.182223190277423,0.8760000000000012,8.309613227844238,-0.1347763292375715,90,,,
chesca_commitment_full_mesh,1368,1,6,6,0,6,0.0,0.24000000000000005,0.0,0.24000000000000005,0.1,0.04000000000000001,0.20333333333333334,8.438001943656502,9.314001943656502,0.8759999999999994,8.309613227844238,0.012176856563497561,90,,,
chesca_commitment_full_mesh,1369,2,6,4,0,4,0.0,0.1,0.0,0.14,0.0,0.0,0.22666666666666668,7.347952241888303,7.893952241888303,0.5459999999999994,8.419331550598145,-0.11076564438122921,90,,,
chesca_commitment_full_mesh,1370,3,6,0,0,0,0.0,0.0,0.0,0.0,0.0,0.0,0.22666666666666668,6.801571301788371,6.801571301788371,0.0,8.419331550598145,-0.0776498894229604,90,,,
chesca_commitment_full_mesh,1371,4,6,0,0,0,0.0,0.0,0.0,0.0,0.0,0.0,0.22666666666666668,6.936355941132237,6.936355941132237,0.0,8.419331550598145,0.03692116693907972,90,,,
chesca_commitment_full_mesh,1372,5,6,0,0,0,0.0,0.0,0.0,0.0,0.0,0.0,0.22666666666666668,5.50356463426416,5.50356463426416,0.0,8.419331550598145,-0.07514715109412237,90,,,
chesca_commitment_full_mesh,1373,6,6,0,0,0,0.0,0.0,0.0,0.0,0.0,0.0,0.22666666666666668,6.1406512824410555,6.1406512824410555,0.0,8.419331550598145,0.10299662015269273,90,,,
chesca_commitment_full_mesh,1374,7,6,0,0,0,0.0,0.0,0.0,0.0,0.0,0.0,0.22666666666666668,5.478891280514651,5.478891280514651,0.0,8.419331550598145,0.0946235017239507,90,,,
chesca_commitment_full_mesh,1375,8,6,0,0,0,0.0,0.0,0.0,0.0,0.0,0.0,0.22666666666666668,5.039594944194357,5.039594944194357,0.0,8.419331550598145,0.08509776066673859,90,,,
chesca_commitment_full_mesh,1376,9,6,0,0,0,0.0,0.0,0.0,0.0,0.0,0.0,0.21333333333333335,4.908803026377791,4.908803026377791,0.0,8.419331550598145,0.0472311156697346,90,,,
chesca_commitment_full_mesh,1377,10,6,3,3,0,0.060000000000000005,0.0,0.060000000000000005,0.0,0.060000000000000005,0.020000000000000004,0.21666666666666667,4.840000060225719,4.64200006022572,-0.1979999999999995,8.419331550598145,0.11244517806159349,90,,,
chesca_commitment_full_mesh,1378,11,6,2,0,2,0.0,0.039999999999999994,0.0,0.039999999999999994,0.020000000000000014,0.02,0.21666666666666667,4.145986726901354,4.258311496060736,0.11232476915938161,8.419331550598145,0.02387127978690083,90,,,
chesca_commitment_full_mesh,1379,12,6,3,0,3,0.0,0.020000000000000014,0.0,0.060000000000000005,0.0,0.0,0.21,2.775685674966967,2.913840720414691,0.13815504544772406,8.495208740234375,-0.4706605414790559,90,,,
chesca_commitment_full_mesh,1380,13,6,0,0,0,0.0,0.0,0.0,0.0,0.0,0.0,0.21,4.200596262809681,4.200596262809682,8.881784197001252e-16,8.495208740234375,0.07352633602107757,90,,,
chesca_commitment_full_mesh,1381,14,6,0,0,0,0.0,0.0,0.0,0.0,0.0,0.0,0.19666666666666668,4.042663733125359,4.042663733125358,-8.881784197001252e-16,8.495208740234375,0.0038882326951848595,90,,,
chesca_commitment_full_mesh,1382,15,6,6,0,6,0.0,0.0,0.0,0.12000000000000002,0.0,0.0,0.21666666666666667,6.100749335729336,6.449979215770289,0.34922988004095235,8.550545692443848,-0.6537987273343643,90,,,
chesca_commitment_full_mesh,1383,16,6,5,5,0,0.1,0.0,0.1,0.0,0.1,0.020000000000000004,0.23333333333333336,6.882804377474759,6.51080437747476,-0.371999999999999,8.550545692443848,0.4146149919142897,90,,,
chesca_commitment_full_mesh,1384,17,6,1,1,0,0.01999999999999999,0.0,0.01999999999999999,0.0,0.12,0.020000000000000004,0.21,9.14451124537183,9.07851124537183,-0.06599999999999895,8.550545692443848,0.8366310668748029,90,,,
chesca_commitment_full_mesh,1385,18,6,4,3,1,0.06,0.02,0.06,0.03999999999999998,0.15999999999999998,0.04000000000000001,0.19333333333333333,10.525037235688796,10.285037235688796,-0.2400000000000002,8.582115173339844,0.7747834829453344,90,,,
chesca_commitment_full_mesh,1386,19,6,3,3,0,0.1,0.0,0.1,0.0,0.25999999999999995,0.06000000000000001,0.20333333333333334,11.92180700506862,11.59180700506862,-0.33000000000000007,8.582115173339844,0.780596551120224,90,,,
chesca_commitment_full_mesh,1387,20,6,0,0,0,0.0,0.0,0.0,0.0,0.25999999999999995,0.06000000000000001,0.20333333333333334,10.307930970205197,10.307930970205197,0.0,8.582115173339844,0.3884055576395631,90,,,
chesca_commitment_full_mesh,1388,21,6,0,0,0,0.0,0.0,0.0,0.0,0.25999999999999995,0.06000000000000001,0.20333333333333334,11.50580500198092,11.50580500198092,0.0,8.702439308166504,0.8129826130936708,90,,,
chesca_commitment_full_mesh,1389,22,6,0,0,0,0.0,0.0,0.0,0.0,0.25999999999999995,0.06000000000000001,0.20333333333333334,9.57112735046811,9.57112735046811,0.0,8.702439308166504,0.19286406061305955,90,,,
chesca_commitment_full_mesh,1390,23,6,0,0,0,0.0,0.0,0.0,0.0,0.25999999999999995,0.06000000000000001,0.20333333333333334,10.786771608652368,10.786771608652368,0.0,8.669384956359863,0.7253097916306789,90,,,
chesca_commitment_full_mesh,1391,24,6,0,0,0,0.0,0.0,0.0,0.0,0.25999999999999995,0.06000000000000001,0.16333333333333336,9.853481823580932,9.853481823580932,0.0,8.669384956359863,0.2954443104909285,90,,,
chesca_commitment_full_mesh,1392,1,6,0,0,0,0.0,0.0,0.0,0.0,0.25999999999999995,0.06000000000000001,0.12333333333333334,10.360557020135891,10.36055702013589,-1.7763568394002505e-15,8.765231132507324,0.48176364976624186,90,,,
chesca_commitment_full_mesh,1393,2,6,6,0,6,0.0,0.22,0.0,0.22000000000000003,0.03999999999999999,0.020000000000000004,0.1366666666666667,8.963822185107576,9.773822185107576,0.8100000000000005,8.765231132507324,0.016946655628400198,90,,,
chesca_commitment_full_mesh,1394,3,6,2,0,2,0.0,0.03999999999999998,0.0,0.04,3.469446951953614e-18,3.469446951953614e-18,0.14333333333333334,7.497840721828002,7.629840721828002,0.13200000000000056,8.825735092163086,-0.062460411888317635,90,,,
chesca_commitment_full_mesh,1395,4,6,0,0,0,0.0,0.0,0.0,0.0,3.469446951953614e-18,3.469446951953614e-18,0.14333333333333334,6.8139400345049825,6.8139400345049825,0.0,8.825735092163086,0.054004834639861055,90,,,
chesca_commitment_full_mesh,1396,5,6,0,0,0,0.0,0.0,0.0,0.0,3.469446951953614e-18,3.469446951953614e-18,0.14333333333333334,5.641222017188673,5.641222017188673,0.0,8.825735092163086,0.037232760708219306,90,,,
chesca_commitment_full_mesh,1397,6,6,6,6,0,0.22,0.0,0.22,0.0,0.22000000000000003,0.04,0.18000000000000002,5.948190016302015,5.1381900163020156,-0.8099999999999996,8.825735092163086,0.09827294413582602,90,,,
chesca_commitment_full_mesh,1398,7,6,0,0,0,0.0,0.0,0.0,0.0,0.22000000000000003,0.04,0.18000000000000002,5.7479875271011025,5.747987527101103,8.881784197001252e-16,8.825735092163086,0.24776394225183204,90,,,
chesca_commitment_full_mesh,1399,8,6,0,0,0,0.0,0.0,0.0,0.0,0.22000000000000003,0.04,0.18000000000000002,5.361900211293557,5.361900211293557,0.0,8.825735092163086,0.11443906172308552,90,,,
chesca_commitment_full_mesh,1400,9,6,6,0,6,0.0,0.18,0.0,0.18000000000000002,0.04000000000000001,0.02,0.21,3.8358743270476676,4.313925444096233,0.4780511170485653,8.765231132507324,-0.022051635285823046,90,,,
chesca_commitment_full_mesh,1401,10,6,0,0,0,0.0,0.0,0.0,0.0,0.04000000000000001,0.02,0.19999999999999998,3.062307561829158,3.062307561829158,0.0,8.765231132507324,0.060104458867350594,90,,,
chesca_commitment_full_mesh,1402,11,6,5,0,5,0.0,0.04,0.0,0.12000000000000001,3.469446951953614e-18,3.469446951953614e-18,0.21333333333333335,5.150602960683804,5.498282042385085,0.3476790817012816,8.825735092163086,-0.29532525494677236,90,,,
chesca_commitment_full_mesh,1403,12,6,0,0,0,0.0,0.0,0.0,0.0,3.469446951953614e-18,3.469446951953614e-18,0.20333333333333334,5.051438696916744,5.051438696916743,-8.881784197001252e-16,8.825735092163086,0.0006104818905608156,90,,,
chesca_commitment_full_mesh,1404,13,6,5,0,5,0.0,3.469446951953614e-18,0.0,0.12,0.0,0.0,0.22333333333333336,5.933341882310921,6.30912616221532,0.37578427990439955,8.85575008392334,-0.49452709218388147,90,,,
chesca_commitment_full_mesh,1405,14,6,0,0,0,0.0,0.0,0.0,0.0,0.0,0.0,0.22333333333333336,6.212544166085995,6.212544166085995,0.0,8.85575008392334,-0.015541151621798976,90,,,
chesca_commitment_full_mesh,1406,15,6,0,0,0,0.0,0.0,0.0,0.0,0.0,0.0,0.20333333333333334,8.731686786403777,8.731686786403777,0.0,8.85575008392334,0.27034677445146815,90,,,
chesca_commitment_full_mesh,1407,16,6,6,6,0,0.11999999999999998,0.0,0.11999999999999998,0.0,0.11999999999999998,0.020000000000000004,0.20666666666666667,9.561097976494876,9.123097976494876,-0.4380000000000006,8.87985610961914,0.391533034107958,90,,,
chesca_commitment_full_mesh,1408,17,6,5,5,0,0.09999999999999999,0.0,0.09999999999999999,0.0,0.21999999999999997,0.04000000000000001,0.22,11.536025898954097,11.164025898954097,-0.3719999999999999,8.87985610961914,1.0172091495681297,90,,,
chesca_commitment_full_mesh,1409,18,6,1,1,0,0.020000000000000004,0.0,0.020000000000000004,0.0,0.23999999999999994,0.04000000000000001,0.20666666666666667,13.017932668791303,12.951932668791304,-0.06599999999999895,8.87985610961914,1.3830104252735995,90,,,
chesca_commitment_full_mesh,1410,19,6,4,4,0,0.1,0.0,0.1,0.0,0.33999999999999997,0.07999999999999999,0.20666666666666667,14.851338556055385,14.479338556055383,-0.37200000000000166,8.913163185119629,1.4440641875743176,90,,,
chesca_commitment_full_mesh,1411,20,6,0,0,0,0.0,0.0,0.0,0.0,0.33999999999999997,0.07999999999999999,0.20666666666666667,13.641605224982108,13.641605224982108,0.0,8.913163185119629,1.0326698400602068,90,,,
chesca_commitment_full_mesh,1412,21,6,0,0,0,0.0,0.0,0.0,0.0,0.33999999999999997,0.07999999999999999,0.20666666666666667,10.981433821358701,10.981433821358701,0.0,8.913163185119629,0.38262343473900545,90,,,
chesca_commitment_full_mesh,1413,22,6,6,0,6,0.0,0.24,0.0,0.24000000000000002,0.09999999999999998,0.03999999999999999,0.24666666666666667,8.3662049289619,9.242204928961899,0.8759999999999994,8.978721618652344,-0.06477007145833706,90,,,
chesca_commitment_full_mesh,1414,23,6,1,0,1,0.0,0.020000000000000004,0.0,0.020000000000000004,0.07999999999999999,0.02000000000000001,0.25,9.11505445766114,9.18105445766114,0.06600000000000072,8.978721618652344,-0.014334121306846775,90,,,
chesca_commitment_full_mesh,1415,24,6,0,0,0,0.0,0.0,0.0,0.0,0.07999999999999999,0.02000000000000001,0.25,10.079923690904593,10.079923690904591,-1.7763568394002505e-15,8.978721618652344,0.3165274704942658,90,,,
chesca_commitment_full_mesh,1416,1,6,0,0,0,0.0,0.0,0.0,0.0,0.07999999999999999,0.02000000000000001,0.25,9.602161526907894,9.602161526907894,0.0,9.04130744934082,0.07671946114034137,90,,,
chesca_commitment_full_mesh,1417,2,6,4,0,4,0.0,0.07999999999999999,0.0,0.08000000000000002,6.938893903907228e-18,6.938893903907228e-18,0.22666666666666666,7.854717522555343,8.160717522555343,0.30600000000000005,9.076952934265137,-0.09105868948421753,90,,,
chesca_commitment_full_mesh,1418,3,6,0,0,0,0.0,0.0,0.0,0.0,6.938893903907228e-18,6.938893903907228e-18,0.21999999999999997,7.1801670681439,7.1801670681439,0.0,9.076952934265137,-0.04580550016894021,90,,,
chesca_commitment_full_mesh,1419,4,6,0,0,0,0.0,0.0,0.0,0.0,6.938893903907228e-18,6.938893903907228e-18,0.21999999999999997,7.223910446804052,7.223910446804051,-8.881784197001252e-16,9.076952934265137,0.04499626868238936,90,,,
chesca_commitment_full_mesh,1420,5,6,0,0,0,0.0,0.0,0.0,0.0,6.938893903907228e-18,6.938893903907228e-18,0.21999999999999997,5.821342877573296,5.821342877573296,0.0,9.076952934265137,-0.029242323811143917,90,,,
chesca_commitment_full_mesh,1421,6,6,2,2,0,0.08,0.0,0.08,0.0,0.08000000000000002,0.04,0.19666666666666666,6.266152967453991,6.0021529674539895,-0.2640000000000011,9.076952934265137,0.09502306134179289,90,,,
chesca_commitment_full_mesh,1422,7,6,2,2,0,0.04000000000000001,0.0,0.04000000000000001,0.0,0.12000000000000002,0.04,0.20333333333333334,5.228446290019563,5.068446290019563,-0.16000000000000014,9.076952934265137,0.10002307590643048,90,,,
chesca_commitment_full_mesh,1423,8,6,0,0,0,0.0,0.0,0.0,0.0,0.12000000000000002,0.04,0.20333333333333334,5.17062429641167,5.17062429641167,0.0,9.076952934265137,0.15210322204209847,90,,,
chesca_commitment_full_mesh,1424,9,6,2,0,2,0.0,0.08,0.0,0.08000000000000002,0.04000000000000001,0.020000000000000004,0.18666666666666665,3.76307676369753,3.9538123914317893,0.19073562773425934,9.076952934265137,0.03347031121810094,90,,,
chesca_commitment_full_mesh,1425,10,6,2,0,2,0.0,0.04,0.0,0.04,1.0408340855860843e-17,6.938893903907228e-18,0.19333333333333333,3.348904499118714,3.4433054256219826,0.09440092650326859,9.076952934265137,0.0101803769411207,90,,,
chesca_commitment_full_mesh,1426,11,6,6,0,6,0.0,1.0408340855860843e-17,0.0,0.16000000000000003,0.0,0.0,0.19999999999999998,3.254038909296839,3.732100984590792,0.47806207529395284,9.076952934265137,-0.1711252222861145,90,,,
chesca_commitment_full_mesh,1427,12,6,5,5,0,0.12000000000000002,0.0,0.12000000000000002,0.0,0.12000000000000002,0.04000000000000001,0.22,3.9946572896685377,3.5426572896685378,-0.45199999999999996,9.076952934265137,0.11187128761927592,90,,,
chesca_commitment_full_mesh,1428,13,6,0,0,0,0.0,0.0,0.0,0.0,0.12000000000000002,0.04000000000000001,0.19999999999999998,4.983941772020675,4.983941772020675,0.0,9.076952934265137,0.2430993262053034,90,,,
chesca_commitment_full_mesh,1429,14,6,1,1,0,0.04,0.0,0.04,0.0,0.16000000000000003,0.04000000000000001,0.20666666666666667,5.387344692193585,5.255344692193585,-0.13199999999999967,9.076952934265137,0.17256766490615516,90,,,
chesca_commitment_full_mesh,1430,15,6,0,0,0,0.0,0.0,0.0,0.0,0.16000000000000003,0.04000000000000001,0.20666666666666667,7.546125752462062,7.546125752462062,0.0,9.076952934265137,0.20510788142694902,90,,,
chesca_commitment_full_mesh,1431,16,6,0,0,0,0.0,0.0,0.0,0.0,0.16000000000000003,0.04000000000000001,0.18666666666666665,8.771049031713549,8.771049031713549,0.0,9.076952934265137,0.3821032026255109,90,,,
chesca_commitment_full_mesh,1432,17,6,4,4,0,0.14,0.0,0.14,0.0,0.3,0.06000000000000001,0.19333333333333333,11.367774223540165,10.849774223540164,-0.5180000000000007,9.076952934265137,1.032830009461464,90,,,
chesca_commitment_full_mesh,1433,18,6,2,2,0,0.08000000000000002,0.0,0.08000000000000002,0.0,0.38000000000000006,0.08000000000000002,0.20333333333333334,13.84899732996032,13.556997329960318,-0.2920000000000016,9.15252685546875,1.5309221331240501,90,,,
chesca_commitment_full_mesh,1434,19,6,3,3,0,0.06,0.0,0.06,0.0,0.44000000000000006,0.08000000000000002,0.19666666666666668,16.517940178628546,16.291940178628547,-0.2259999999999991,9.15252685546875,1.8683026722619949,90,,,
chesca_commitment_full_mesh,1435,20,6,0,0,0,0.0,0.0,0.0,0.0,0.44000000000000006,0.08000000000000002,0.19666666666666668,13.822746011137832,13.822746011137832,0.0,9.15252685546875,0.9673691965393127,90,,,
chesca_commitment_full_mesh,1436,21,6,0,0,0,0.0,0.0,0.0,0.0,0.44000000000000006,0.08000000000000002,0.19666666666666668,13.779696248349218,13.779696248349216,-1.7763568394002505e-15,9.15252685546875,0.9803689840059752,90,,,
chesca_commitment_full_mesh,1437,22,6,0,0,0,0.0,0.0,0.0,0.0,0.44000000000000006,0.08000000000000002,0.1566666666666667,10.271807082960239,10.271807082960239,0.0,9.15252685546875,0.08571837625786954,90,,,
chesca_commitment_full_mesh,1438,23,6,0,0,0,0.0,0.0,0.0,0.0,0.44000000000000006,0.08000000000000002,0.15333333333333335,10.488570112084782,10.488570112084782,0.0,9.15252685546875,0.2908461500671827,90,,,
chesca_commitment_full_mesh,1439,24,6,0,0,0,0.0,0.0,0.0,0.0,0.44000000000000006,0.08000000000000002,0.15333333333333335,10.483965587990951,10.483965587990951,0.0,9.15252685546875,0.3024491784865606,90,,,
chesca_commitment_full_mesh,1440,1,6,6,0,6,0.0,0.24000000000000005,0.0,0.24000000000000005,0.20000000000000004,0.04000000000000001,0.19333333333333336,9.728898878991561,10.604898878991559,0.8759999999999977,9.15252685546875,-0.0043225702569393565,90,,,
chesca_commitment_full_mesh,1441,2,6,6,0,6,0.0,0.20000000000000004,0.0,0.22000000000000003,0.0,0.0,0.21666666666666667,8.38382794217422,9.193827942174218,0.8099999999999987,9.203737258911133,-0.21630083705902098,90,,,
chesca_commitment_full_mesh,1442,3,6,2,0,2,0.0,0.0,0.0,0.06000000000000001,0.0,0.0,0.22666666666666668,7.282653433096201,7.494653433096202,0.21200000000000063,9.203737258911133,-0.242122863249599,90,,,
chesca_commitment_full_mesh,1443,4,6,1,0,1,0.0,0.0,0.0,0.02,0.0,0.0,0.23,7.7063928168608715,7.772392816860871,0.06599999999999984,9.203737258911133,-0.2023528349404732,90,,,
chesca_commitment_full_mesh,1444,5,6,0,0,0,0.0,0.0,0.0,0.0,0.0,0.0,0.23,5.811950820166439,5.811950820166439,0.0,9.203737258911133,-0.23130240152194895,90,,,
chesca_commitment_full_mesh,1445,6,6,0,0,0,0.0,0.0,0.0,0.0,0.0,0.0,0.21666666666666667,6.036750404435504,6.036750404435504,0.0,9.203737258911133,-0.05137341380973267,90,,,
chesca_commitment_full_mesh,1446,7,6,0,0,0,0.0,0.0,0.0,0.0,0.0,0.0,0.21,5.707695117255683,5.707695117255683,0.0,9.203737258911133,-0.05637161735052222,90,,,
chesca_commitment_full_mesh,1447,8,6,0,0,0,0.0,0.0,0.0,0.0,0.0,0.0,0.21,5.165002120995968,5.165002120995968,0.0,9.203737258911133,-0.010989034080743688,90,,,
chesca_commitment_full_mesh,1448,9,6,0,0,0,0.0,0.0,0.0,0.0,0.0,0.0,0.19666666666666668,4.620965161158618,4.620965161158619,8.881784197001252e-16,9.203737258911133,-0.06530596593723391,90,,,
chesca_commitment_full_mesh,1449,10,6,2,0,2,0.0,0.0,0.0,0.060000000000000005,0.0,0.0,0.20000000000000004,3.284944152541195,3.490914963691486,0.2059708111502907,9.203737258911133,-0.09222927260824068,90,,,
chesca_commitment_full_mesh,1450,11,6,3,0,3,0.0,0.0,0.0,0.06,0.0,0.0,0.18333333333333335,1.8236807062504947,1.949278327029947,0.12559762077945225,9.203737258911133,-0.24699927594206939,90,,,
chesca_commitment_full_mesh,1451,12,6,0,0,0,0.0,0.0,0.0,0.0,0.0,0.0,0.16333333333333336,1.478130711883376,1.478130711883376,0.0,9.203737258911133,-0.04104362483303105,90,,,
chesca_commitment_full_mesh,1452,13,6,6,6,0,0.22000000000000003,0.0,0.22000000000000003,0.0,0.22000000000000003,0.04000000000000001,0.19999999999999998,5.436874650770045,4.626874650770046,-0.8099999999999996,9.203737258911133,0.22298900910615205,90,,,
chesca_commitment_full_mesh,1453,14,6,0,0,0,0.0,0.0,0.0,0.0,0.22000000000000003,0.04000000000000001,0.19333333333333336,4.740125068869828,4.740125068869828,0.0,9.203737258911133,0.10326356345520389,90,,,
chesca_commitment_full_mesh,1454,15,6,4,0,4,0.0,0.12000000000000001,0.0,0.12000000000000001,0.10000000000000002,0.04,0.21333333333333335,6.584211423063907,6.89586726847318,0.3116558454092724,9.203737258911133,0.029236474581909262,90,,,
chesca_commitment_full_mesh,1455,16,6,0,0,0,0.0,0.0,0.0,0.0,0.10000000000000002,0.04,0.21333333333333335,7.331474243263129,7.331474243263129,0.0,9.203737258911133,0.06253053160380206,90,,,
chesca_commitment_full_mesh,1456,17,6,2,2,0,0.04000000000000001,0.0,0.04000000000000001,0.0,0.14,0.04,0.19666666666666668,9.2029048078405,9.0709048078405,-0.13199999999999967,9.203737258911133,0.11007845567577171,90,,,
chesca_commitment_full_mesh,1485,22,6,6,6,0,0.23999999999999988,0.0,0.23999999999999988,0.0,0.3799999999999999,0.07999999999999999,0.2233333333333333,30.792441545787057,29.916441545787055,-0.8760000000000012,7.890701770782471,6.254586678489885,90,,,
chesca_commitment_full_mesh,1486,23,6,6,0,6,0.0,0.24000000000000002,0.0,0.24000000000000005,0.1399999999999999,0.03999999999999998,0.25333333333333335,11.077038862369061,11.953038862369063,0.8760000000000012,7.890701770782471,-0.2922463326960105,90,,,
chesca_commitment_full_mesh,1487,24,6,5,0,5,0.0,0.1399999999999999,0.0,0.14,0.0,0.0,0.27666666666666667,7.506479592200078,8.010479592200078,0.5039999999999996,7.890701770782471,-0.3283871163721955,90,,,
chesca_commitment_full_mesh,1488,1,6,0,0,0,0.0,0.0,0.0,0.0,0.0,0.0,0.27666666666666667,9.039720039735908,9.039720039735908,0.0,7.838081359863281,0.3617898156844222,90,,,
chesca_commitment_full_mesh,1489,2,6,0,0,0,0.0,0.0,0.0,0.0,0.0,0.0,0.27666666666666667,9.326536117842661,9.326536117842661,0.0,7.838081359863281,0.35305463659586145,90,,,
chesca_commitment_full_mesh,1490,3,6,0,0,0,0.0,0.0,0.0,0.0,0.0,0.0,0.27666666666666667,8.85014670249155,8.850146702491548,-1.7763568394002505e-15,7.954331398010254,0.1850601038433293,90,,,
chesca_commitment_full_mesh,1491,4,6,0,0,0,0.0,0.0,0.0,0.0,0.0,0.0,0.27666666666666667,7.642947037367494,7.6429470373674935,-8.881784197001252e-16,8.184154510498047,-0.04424216559931597,90,,,
chesca_commitment_full_mesh,1492,5,6,0,0,0,0.0,0.0,0.0,0.0,0.0,0.0,0.23666666666666666,5.657549264777661,5.657549264777661,0.0,8.184154510498047,-0.07620328472447199,90,,,
chesca_commitment_full_mesh,1493,6,6,0,0,0,0.0,0.0,0.0,0.0,0.0,0.0,0.19999999999999998,5.979708759288115,5.979708759288115,0.0,8.184154510498047,0.08523571705034852,90,,,
chesca_commitment_full_mesh,1494,7,6,0,0,0,0.0,0.0,0.0,0.0,0.0,0.0,0.18999999999999997,5.8736528352706925,5.873652835270692,-8.881784197001252e-16,8.184154510498047,0.07481162324678596,90,,,
chesca_commitment_full_mesh,1495,8,6,0,0,0,0.0,0.0,0.0,0.0,0.0,0.0,0.18666666666666665,4.654974854553847,4.654974854553847,0.0,8.184154510498047,-0.0739959130294949,90,,,
chesca_commitment_full_mesh,1496,9,6,5,5,0,0.16,0.0,0.16,0.0,0.16,0.04000000000000001,0.2133333333333333,5.779102098985474,5.181102098985474,-0.5979999999999999,8.184154510498047,0.12050811307859483,90,,,
chesca_commitment_full_mesh,1497,10,6,5,0,5,0.0,0.14,0.0,0.14,0.020000000000000004,0.019999999999999997,0.23666666666666666,5.04963788921537,5.5367155140436335,0.4870776248282631,8.184154510498047,-0.029128555962589703,90,,,
chesca_commitment_full_mesh,1498,11,6,0,0,0,0.0,0.0,0.0,0.0,0.020000000000000004,0.019999999999999997,0.23666666666666666,6.254945794651405,6.254945794651405,0.0,8.184154510498047,-0.002778807717999779,90,,,
chesca_commitment_full_mesh,1499,12,6,0,0,0,0.0,0.0,0.0,0.0,0.020000000000000004,0.019999999999999997,0.23666666666666666,4.597481487706271,4.597481487706271,0.0,8.184154510498047,0.02185026357322184,90,,,
chesca_commitment_full_mesh,1500,13,6,1,0,1,0.0,0.019999999999999997,0.0,0.02,6.938893903907228e-18,6.938893903907228e-18,0.24,5.5024628536547056,5.547989082039244,0.04552622838453857,8.184154510498047,-0.04240068616122928,90,,,
chesca_commitment_full_mesh,1501,14,6,0,0,0,0.0,0.0,0.0,0.0,6.938893903907228e-18,6.938893903907228e-18,0.22999999999999998,4.231237427926482,4.231237427926482,0.0,8.184154510498047,-0.09657640043641733,90,,,
chesca_commitment_full_mesh,1502,15,6,1,1,0,0.02,0.0,0.02,0.0,0.020000000000000007,0.02,0.2233333333333333,4.993672623709516,4.927672623709516,-0.06599999999999984,8.184154510498047,0.09615702481752335,90,,,
chesca_commitment_full_mesh,1503,16,6,2,2,0,0.04,0.0,0.04,0.0,0.06000000000000001,0.02,0.22999999999999998,4.606767696686371,4.4607676966863705,-0.1460000000000008,8.184154510498047,0.2327060120255942,90,,,
chesca_commitment_full_mesh,1504,17,6,0,0,0,0.0,0.0,0.0,0.0,0.06000000000000001,0.02,0.19333333333333333,5.818390055978152,5.818390055978151,-8.881784197001252e-16,8.184154510498047,0.285057494032682,90,,,
chesca_commitment_full_mesh,1505,18,6,3,3,0,0.06,0.0,0.06,0.0,0.12000000000000001,0.020000000000000007,0.20333333333333334,7.541819550006156,7.377193581073049,-0.16462596893310621,8.184154510498047,0.3411440135511777,90,,,
chesca_commitment_full_mesh,1506,19,6,6,0,6,0.0,0.12000000000000001,0.0,0.12000000000000001,3.469446951953614e-18,3.469446951953614e-18,0.20333333333333334,7.703279031429857,8.113041975640638,0.4097629442107804,8.184154510498047,0.005523437977658134,90,,,
chesca_commitment_full_mesh,1507,20,6,0,0,0,0.0,0.0,0.0,0.0,3.469446951953614e-18,3.469446951953614e-18,0.20333333333333334,8.111324730090946,8.111324730090946,0.0,8.184154510498047,-0.013485744238837104,90,,,
chesca_commitment_full_mesh,1508,21,6,4,4,0,0.10000000000000002,0.0,0.10000000000000002,0.0,0.10000000000000002,0.04000000000000001,0.2133333333333333,8.44503455627686,8.087034556276862,-0.35799999999999876,8.184154510498047,0.13147583023569742,90,,,
chesca_commitment_full_mesh,1509,22,6,5,0,5,0.0,0.10000000000000002,0.0,0.12000000000000002,6.938893903907228e-18,6.938893903907228e-18,0.19333333333333333,7.913228482019234,8.351228482019234,0.4380000000000006,8.357943534851074,-0.47670642122021295,90,,,
chesca_commitment_full_mesh,1510,23,6,6,0,6,0.0,6.938893903907228e-18,0.0,0.16000000000000003,0.0,0.0,0.18000000000000002,7.465980873707874,8.035980873707874,0.5700000000000003,8.494750022888184,-0.09902911984395132,90,,,
chesca_commitment_full_mesh,1511,24,6,6,0,6,0.0,0.0,0.0,0.24000000000000005,0.0,0.0,0.19666666666666668,6.941584927915004,7.817584927915004,0.8759999999999994,8.494750022888184,-0.16191219308541063,90,,,
chesca_commitment_full_mesh,1512,1,6,0,0,0,0.0,0.0,0.0,0.0,0.0,0.0,0.19666666666666668,7.65959700771473,7.659597007714729,-8.881784197001252e-16,8.357943534851074,0.037245658032657517,90,,,
chesca_commitment_full_mesh,1513,2,6,0,0,0,0.0,0.0,0.0,0.0,0.0,0.0,0.19666666666666668,6.504744950691217,6.504744950691218,8.881784197001252e-16,8.184154510498047,-0.02652052792619017,90,,,
chesca_commitment_full_mesh,1514,3,6,5,5,0,0.14,0.0,0.14,0.0,0.14,0.04,0.22,6.847475198124132,6.343475198124131,-0.5040000000000013,7.965692520141602,0.10770048474160206,90,,,
chesca_commitment_full_mesh,1515,4,6,0,0,0,0.0,0.0,0.0,0.0,0.14,0.04,0.22,6.095554278291486,6.095554278291486,0.0,7.9155964851379395,0.14510333181232965,90,,,
chesca_commitment_full_mesh,1516,5,6,5,0,5,0.0,0.10000000000000002,0.0,0.10000000000000002,0.039999999999999994,0.02,0.2366666666666667,5.054977269642216,5.386277717138352,0.33130044749613585,7.838081359863281,-0.01408916543540506,90,,,
chesca_commitment_full_mesh,1517,6,6,0,0,0,0.0,0.0,0.0,0.0,0.039999999999999994,0.02,0.2366666666666667,5.600695699097722,5.600695699097722,0.0,7.838081359863281,0.09368268904363883,90,,,
chesca_commitment_full_mesh,1518,7,6,2,0,2,0.0,0.039999999999999994,0.0,0.04000000000000001,0.0,0.0,0.24333333333333337,4.5944654082729635,4.733214074949571,0.1387486666766078,7.9155964851379395,-0.46113135531582583,90,,,
chesca_commitment_full_mesh,1519,8,6,0,0,0,0.0,0.0,0.0,0.0,0.0,0.0,0.24333333333333337,3.8715375420862506,3.8715375420862506,0.0,7.9155964851379395,0.10104629029865811,90,,,
chesca_commitment_full_mesh,1520,9,6,0,0,0,0.0,0.0,0.0,0.0,0.0,0.0,0.21666666666666667,5.000854731325476,5.000854731325476,0.0,7.9155964851379395,0.1701232290354993,90,,,
chesca_commitment_full_mesh,1521,10,6,0,0,0,0.0,0.0,0.0,0.0,0.0,0.0,0.19333333333333336,2.961561570636455,2.9615615706364546,-4.440892098500626e-16,7.9155964851379395,-0.0025261253360648467,90,,,
chesca_commitment_full_mesh,1522,11,6,0,0,0,0.0,0.0,0.0,0.0,0.0,0.0,0.19333333333333336,3.3321508503289525,3.332150850328952,-4.440892098500626e-16,7.9155964851379395,0.032364951014548116,90,,,
chesca_commitment_full_mesh,1523,12,6,0,0,0,0.0,0.0,0.0,0.0,0.0,0.0,0.19333333333333336,1.1456824328076378,1.1456824328076376,-2.220446049250313e-16,7.9155964851379395,-0.011133195559571962,90,,,
chesca_commitment_full_mesh,1524,13,6,4,4,0,0.13999999999999999,0.0,0.13999999999999999,0.0,0.13999999999999999,0.04,0.21333333333333335,4.033580310315543,3.515580310315542,-0.5180000000000007,7.9155964851379395,0.10154051530359554,90,,,
chesca_commitment_full_mesh,1525,14,6,0,0,0,0.0,0.0,0.0,0.0,0.13999999999999999,0.04,0.21333333333333335,4.6194691823045675,4.619469182304568,8.881784197001252e-16,7.9155964851379395,0.0950663117393217,90,,,
chesca_commitment_full_mesh,1526,15,6,2,0,2,0.0,0.06,0.0,0.06,0.08,0.04,0.22,4.7421909314265625,4.949140356170215,0.20694942474365252,7.9155964851379395,0.038549158875415816,90,,,
chesca_commitment_full_mesh,1527,16,6,2,2,0,0.04000000000000001,0.0,0.04000000000000001,0.0,0.12000000000000002,0.04,0.22,6.739478687417535,6.579478687417536,-0.15999999999999925,7.838081359863281,0.5286371662949644,90,,,
chesca_commitment_full_mesh,1528,17,6,1,1,0,0.02,0.0,0.02,0.0,0.14,0.04,0.22333333333333336,7.853204818891733,7.787204818891733,-0.06599999999999984,7.67764949798584,0.4761403946506435,90,,,
chesca_commitment_full_mesh,1529,18,6,0,0,0,0.0,0.0,0.0,0.0,0.14,0.04,0.21333333333333335,9.099397480021489,9.099397480021489,0.0,7.597058296203613,0.7287645176461842,90,,,
chesca_commitment_full_mesh,1530,19,6,0,0,0,0.0,0.0,0.0,0.0,0.14,0.04,0.19333333333333336,9.350558986961326,9.350558986961328,1.7763568394002505e-15,7.597058296203613,0.4518359014738476,90,,,
chesca_commitment_full_mesh,1531,20,6,6,0,6,0.0,0.14,0.0,0.14,3.469446951953614e-18,3.469446951953614e-18,0.21666666666666667,8.748495111227035,9.252495111227034,0.5039999999999996,7.597058296203613,-0.003653752716350607,90,,,
chesca_commitment_full_mesh,1532,21,6,4,0,4,0.0,3.469446951953614e-18,0.0,0.08000000000000002,0.0,0.0,0.21333333333333335,8.004451138561935,8.310451138561936,0.30600000000000094,7.597058296203613,-0.43919590141308806,90,,,
chesca_commitment_full_mesh,1533,22,6,0,0,0,0.0,0.0,0.0,0.0,0.0,0.0,0.19333333333333333,7.423414408696682,7.423414408696681,-8.881784197001252e-16,7.597058296203613,0.02070390619160034,90,,,
chesca_commitment_full_mesh,1534,23,6,3,3,0,0.06000000000000001,0.0,0.06000000000000001,0.0,0.06000000000000001,0.020000000000000004,0.17666666666666667,7.001017518008018,6.761017518008018,-0.2400000000000002,7.574863433837891,0.08473035963687596,90,,,
chesca_commitment_full_mesh,1535,24,6,3,3,0,0.1,0.0,0.1,0.0,0.16000000000000003,0.04,0.15333333333333335,7.992089148638461,7.6620891486384615,-0.3299999999999992,7.527256488800049,0.15276437226494247,90,,,
chesca_commitment_full_mesh,1536,1,6,0,0,0,0.0,0.0,0.0,0.0,0.16000000000000003,0.04,0.15333333333333335,8.436782468226365,8.436782468226365,0.0,7.527256488800049,0.20634661592777387,90,,,
chesca_commitment_full_mesh,1537,2,6,0,0,0,0.0,0.0,0.0,0.0,0.16000000000000003,0.04,0.15333333333333335,8.408223936672158,8.408223936672158,0.0,7.527256488800049,0.24493481717537188,90,,,
chesca_commitment_full_mesh,1538,3,6,6,0,6,0.0,0.16000000000000003,0.0,0.16000000000000003,0.0,0.0,0.1566666666666667,5.9488399966788,6.518839996678801,0.5700000000000003,7.527256488800049,-0.06796340682670018,90,,,
chesca_commitment_full_mesh,1539,4,6,0,0,0,0.0,0.0,0.0,0.0,0.0,0.0,0.1566666666666667,5.545151508896758,5.545151508896758,0.0,7.527256488800049,0.009614411007888693,90,,,
chesca_commitment_full_mesh,1540,5,6,3,3,0,0.12,0.0,0.12,0.0,0.12,0.04,0.16000000000000003,5.46165399252186,4.981653992521862,-0.47999999999999865,7.527256488800049,0.08431310656628159,90,,,
chesca_commitment_full_mesh,1541,6,6,3,3,0,0.12000000000000002,0.0,0.12000000000000002,0.0,0.24000000000000002,0.04000000000000001,0.18000000000000002,6.0257753714648725,5.629775371464873,-0.3959999999999999,7.527256488800049,0.12343257326378548,90,,,
chesca_commitment_full_mesh,1542,7,6,0,0,0,0.0,0.0,0.0,0.0,0.24000000000000002,0.04000000000000001,0.17333333333333334,5.6429922696726225,5.6429922696726225,0.0,7.527256488800049,0.22446039188461092,90,,,
chesca_commitment_full_mesh,1543,8,6,6,0,6,0.0,0.24000000000000002,0.0,0.24000000000000005,0.0,0.0,0.21333333333333335,4.216222268099003,4.678506430214885,0.46228416211588197,7.536482810974121,-0.07272082684394965,90,,,
chesca_commitment_full_mesh,1544,9,6,0,0,0,0.0,0.0,0.0,0.0,0.0,0.0,0.21333333333333335,3.113674050611284,3.113674050611284,0.0,7.536482810974121,0.0019752737589223274,90,,,
chesca_commitment_full_mesh,1545,10,6,1,0,1,0.0,0.0,0.0,0.02,0.0,0.0,0.21666666666666667,3.2812095549988225,3.3472095549988232,0.06600000000000072,7.536482810974121,-0.09338775610211683,90,,,
chesca_commitment_full_mesh,1546,11,6,2,2,0,0.06,0.0,0.06,0.0,0.06,0.04,0.22666666666666666,4.1195164510550235,3.8935164510550235,-0.22599999999999998,7.536482810974121,0.09352506863760787,90,,,
chesca_commitment_full_mesh,1547,12,6,4,0,4,0.0,0.06,0.0,0.09999999999999999,0.0,0.0,0.24333333333333332,6.423308838751044,6.775636865538662,0.35232802678761743,7.536482810974121,-0.46497182160820216,90,,,
chesca_commitment_full_mesh,1548,13,6,0,0,0,0.0,0.0,0.0,0.0,0.0,0.0,0.21999999999999997,6.0872287254246675,6.087228725424667,-8.881784197001252e-16,7.536482810974121,0.025324689778964127,90,,,
chesca_commitment_full_mesh,1549,14,6,0,0,0,0.0,0.0,0.0,0.0,0.0,0.0,0.21999999999999997,5.700627766360561,5.700627766360561,0.0,7.536482810974121,-0.0792486076212135,90,,,
chesca_commitment_full_mesh,1550,15,6,3,3,0,0.06000000000000001,0.0,0.06000000000000001,0.0,0.06000000000000001,0.020000000000000004,0.22,6.938881407056586,6.726881407056586,-0.21199999999999974,7.482970237731934,0.13842837809480743,90,,,
chesca_commitment_full_mesh,1551,16,6,1,1,0,0.04000000000000001,0.0,0.04000000000000001,0.0,0.10000000000000002,0.04000000000000001,0.22,8.047173570125576,7.887173570125576,-0.16000000000000014,7.536482810974121,0.09450187109330185,90,,,
chesca_commitment_full_mesh,1552,17,6,6,6,0,0.12000000000000002,0.0,0.12000000000000002,0.0,0.22000000000000003,0.06000000000000001,0.2366666666666667,11.083585023225877,10.645585023225877,-0.4380000000000006,7.574863433837891,1.220631670275342,90,,,
chesca_commitment_full_mesh,1553,18,6,2,2,0,0.039999999999999994,0.0,0.039999999999999994,0.0,0.26,0.06000000000000001,0.24333333333333332,12.355336068091452,12.209336068091451,-0.1460000000000008,7.574863433837891,1.517798432018539,90,,,
chesca_commitment_full_mesh,1554,19,6,1,1,0,0.02,0.0,0.02,0.0,0.28,0.06000000000000001,0.24666666666666667,14.256504463476896,14.176504463476896,-0.08000000000000007,7.574863433837891,1.6037529591775876,90,,,
chesca_commitment_full_mesh,1555,20,6,0,0,0,0.0,0.0,0.0,0.0,0.28,0.06000000000000001,0.2233333333333333,10.288255381488838,10.288255381488838,0.0,7.574863433837891,0.3876319216788605,90,,,
chesca_commitment_full_mesh,1556,21,6,0,0,0,0.0,0.0,0.0,0.0,0.28,0.06000000000000001,0.21,9.131868347637763,9.131868347637763,0.0,7.574863433837891,0.32307701368589337,90,,,
chesca_commitment_full_mesh,1557,22,6,0,0,0,0.0,0.0,0.0,0.0,0.28,0.06000000000000001,0.21,9.4602253905177,9.4602253905177,0.0,7.574863433837891,0.5172339890371803,90,,,
chesca_commitment_full_mesh,1558,23,6,6,0,6,0.0,0.24000000000000005,0.0,0.24000000000000005,0.04000000000000002,0.02000000000000001,0.24,9.543341186963048,10.419341186963047,0.8759999999999994,7.574863433837891,-0.20825541456778895,90,,,
chesca_commitment_full_mesh,1559,24,6,2,0,2,0.0,0.04000000000000001,0.0,0.04000000000000001,1.3877787807814457e-17,6.938893903907228e-18,0.22999999999999998,8.153878175351734,8.313878175351734,0.16000000000000014,7.574863433837891,-0.020808466960797068,90,,,
chesca_commitment_full_mesh,1560,1,6,1,1,0,0.020000000000000004,0.0,0.020000000000000004,0.0,0.020000000000000018,0.020000000000000004,0.2333333333333333,9.349688670162738,9.283688670162737,-0.06600000000000072,7.574863433837891,0.3328894255049851,90,,,
chesca_commitment_full_mesh,1561,2,6,0,0,0,0.0,0.0,0.0,0.0,0.020000000000000018,0.020000000000000004,0.2333333333333333,8.64329670647828,8.64329670647828,0.0,7.574863433837891,0.08812841025695665,90,,,
chesca_commitment_full_mesh,1562,3,6,1,0,1,0.0,0.020000000000000004,0.0,0.020000000000000004,1.3877787807814457e-17,6.938893903907228e-18,0.21,7.001668446886778,7.067668446886778,0.06599999999999984,7.574863433837891,-0.20464013865565706,90,,,
chesca_commitment_full_mesh,1563,4,6,1,0,1,0.0,6.938893903907228e-18,0.0,0.020000000000000004,6.938893903907228e-18,6.938893903907228e-18,0.21333333333333335,7.011592438416068,7.091592438416068,0.08000000000000007,7.574863433837891,-0.08474685094746764,90,,,
chesca_commitment_full_mesh,1564,5,6,3,0,3,0.0,0.0,0.0,0.06000000000000001,6.938893903907228e-18,6.938893903907228e-18,0.20333333333333334,6.327758428366512,6.525758428366512,0.1979999999999995,7.574863433837891,-0.1120378290714891,90,,,
chesca_commitment_full_mesh,1565,6,6,3,0,3,0.0,6.938893903907228e-18,0.0,0.06000000000000001,0.0,0.0,0.19333333333333336,6.477316214177188,6.704397871500159,0.22708165732297125,7.597058296203613,-0.16767783669518588,90,,,
chesca_commitment_full_mesh,1566,7,6,0,0,0,0.0,0.0,0.0,0.0,0.0,0.0,0.19333333333333336,5.401656059296695,5.401656059296694,-8.881784197001252e-16,7.597058296203613,-0.008354805732933242,90,,,
chesca_commitment_full_mesh,1567,8,6,2,2,0,0.04,0.0,0.04,0.0,0.04,0.02,0.16,5.589455797931328,5.429455797931328,-0.16000000000000014,7.597058296203613,0.08451188288890898,90,,,
chesca_commitment_full_mesh,1568,9,6,2,0,2,0.0,0.04,0.0,0.04000000000000001,0.0,0.0,0.16666666666666666,5.109482781163424,5.246603175003173,0.1371203938397496,7.597058296203613,0.005674915005404457,90,,,
chesca_commitment_full_mesh,1569,10,6,0,0,0,0.0,0.0,0.0,0.0,0.0,0.0,0.16333333333333336,5.063791607395466,5.063791607395466,0.0,7.597058296203613,-0.011669674572411866,90,,,
chesca_commitment_full_mesh,1570,11,6,5,0,5,0.0,0.0,0.0,0.16000000000000003,0.0,0.0,0.18000000000000002,4.939004048993902,5.490631685036409,0.5516276360425074,7.574863433837891,-0.09351066909097025,90,,,
chesca_commitment_full_mesh,1571,12,6,3,0,3,0.0,0.0,0.0,0.12000000000000002,0.0,0.0,0.18333333333333335,5.069080322679266,5.465080322679267,0.3960000000000008,7.574863433837891,-0.09513992203264227,90,,,
chesca_commitment_full_mesh,1572,13,6,0,0,0,0.0,0.0,0.0,0.0,0.0,0.0,0.18333333333333335,6.086333747963259,6.086333747963259,0.0,7.536482810974121,0.043882793913926826,90,,,
chesca_commitment_full_mesh,1573,14,6,0,0,0,0.0,0.0,0.0,0.0,0.0,0.0,0.18333333333333335,5.421319274297064,5.421319274297063,-8.881784197001252e-16,7.536482810974121,-0.05997922040875174,90,,,
chesca_commitment_full_mesh,1574,15,6,0,0,0,0.0,0.0,0.0,0.0,0.0,0.0,0.17333333333333334,6.08311640460885,6.08311640460885,0.0,7.536482810974121,0.04190337782788692,90,,,
chesca_commitment_full_mesh,1575,16,6,5,5,0,0.18000000000000002,0.0,0.18000000000000002,0.0,0.18000000000000002,0.04000000000000001,0.19666666666666666,6.122069862661726,5.4720698626617255,-0.6500000000000004,7.482970237731934,0.3628357286075684,90,,,
chesca_commitment_full_mesh,1576,17,6,1,1,0,0.04,0.0,0.04,0.0,0.22000000000000003,0.04000000000000001,0.18333333333333335,6.856778032347804,6.696778032347804,-0.16000000000000014,7.4676713943481445,0.4883640984711882,90,,,
chesca_commitment_full_mesh,1577,18,6,0,0,0,0.0,0.0,0.0,0.0,0.22000000000000003,0.04000000000000001,0.17666666666666667,7.8325914744486305,7.832591474448631,8.881784197001252e-16,7.4676713943481445,0.3640194022354229,90,,,
chesca_commitment_full_mesh,1578,19,6,0,0,0,0.0,0.0,0.0,0.0,0.22000000000000003,0.04000000000000001,0.17333333333333337,8.603684582633981,8.603684582633981,0.0,7.4676713943481445,0.16120600325179732,90,,,
chesca_commitment_full_mesh,1579,20,6,0,0,0,0.0,0.0,0.0,0.0,0.22000000000000003,0.04000000000000001,0.17333333333333337,8.005087234585401,8.005087234585401,0.0,7.4676713943481445,0.10758842120749271,90,,,
chesca_commitment_full_mesh,1580,21,6,0,0,0,0.0,0.0,0.0,0.0,0.22000000000000003,0.04000000000000001,0.17333333333333337,9.129903169562832,9.129903169562832,0.0,7.4676713943481445,0.43919371011687225,90,,,
chesca_commitment_full_mesh,1581,22,6,0,0,0,0.0,0.0,0.0,0.0,0.22000000000000003,0.04000000000000001,0.17333333333333337,8.468795613997697,8.468795613997697,0.0,7.4676713943481445,0.19941829784829487,90,,,
chesca_commitment_full_mesh,1582,23,6,0,0,0,0.0,0.0,0.0,0.0,0.22000000000000003,0.04000000000000001,0.13333333333333333,8.562380606340916,8.562380606340916,0.0,7.4676713943481445,0.1877994823789078,90,,,
chesca_commitment_full_mesh,1583,24,6,0,0,0,0.0,0.0,0.0,0.0,0.22000000000000003,0.04000000000000001,0.12666666666666668,8.193754407508358,8.193754407508358,0.0,7.4676713943481445,0.048509251945380305,90,,,
chesca_commitment_full_mesh,1584,1,6,0,0,0,0.0,0.0,0.0,0.0,0.22000000000000003,0.04000000000000001,0.12333333333333334,8.990645417987734,8.990645417987732,-1.7763568394002505e-15,7.4676713943481445,0.17123172502532533,90,,,
chesca_commitment_full_mesh,1585,2,6,6,0,6,0.0,0.22000000000000003,0.0,0.24000000000000005,0.0,0.0,0.16333333333333336,7.104541489186721,7.980541489186721,0.8760000000000003,7.4676713943481445,-0.2020552687864438,90,,,
chesca_commitment_full_mesh,1586,3,6,6,0,6,0.0,0.0,0.0,0.24000000000000005,0.0,0.0,0.19999999999999998,6.05381057738754,6.929810577387539,0.8759999999999994,7.4676713943481445,-0.3777273062623893,90,,,
chesca_commitment_full_mesh,1587,4,6,3,0,3,0.0,0.0,0.0,0.08000000000000002,0.0,0.0,0.21,4.815454097056801,5.09774832010795,0.2822942230511494,7.4676713943481445,-0.43091495061196794,90,,,
chesca_commitment_full_mesh,1588,5,6,3,0,3,0.0,0.0,0.0,0.06000000000000001,0.0,0.0,0.21000000000000005,4.308972464938797,4.477626734243938,0.16865426930514182,7.4676713943481445,-0.30428133002602287,90,,,
chesca_commitment_full_mesh,1589,6,6,3,0,3,0.0,0.0,0.0,0.06,0.0,0.0,0.21,5.024662128307881,5.166431220556948,0.14176909224906709,7.4676713943481445,-0.17454460528546273,90,,,
chesca_commitment_full_mesh,1590,7,6,3,0,3,0.0,0.0,0.0,0.06000000000000001,0.0,0.0,0.22,4.486161343795825,4.650195413030499,0.164034069234674,7.4676713943481445,-0.15972278096446954,90,,,
chesca_commitment_full_mesh,1591,8,6,0,0,0,0.0,0.0,0.0,0.0,0.0,0.0,0.21333333333333335,4.127449021455699,4.1274490214557,8.881784197001252e-16,7.4676713943481445,-0.11028669886213764,90,,,
chesca_commitment_full_mesh,1592,9,6,0,0,0,0.0,0.0,0.0,0.0,0.0,0.0,0.20666666666666667,4.0030187680870615,4.003018768087062,8.881784197001252e-16,7.4676713943481445,-0.06903974681082287,90,,,
chesca_commitment_full_mesh,1593,10,6,2,0,2,0.0,0.0,0.0,0.04,0.0,0.0,0.21333333333333335,2.2520648355334245,2.343128931464044,0.0910640959306197,7.4676713943481445,-0.2020219027148823,90,,,
chesca_commitment_full_mesh,1594,11,6,2,0,2,0.0,0.0,0.0,0.04,0.0,0.0,0.19333333333333336,1.4427638910360439,1.5237648914404014,0.08100100040435754,7.4676713943481445,-0.28154396997993325,90,,,
chesca_commitment_full_mesh,1595,12,6,0,0,0,0.0,0.0,0.0,0.0,0.0,0.0,0.17333333333333334,3.533745950136227,3.533745950136227,0.0,7.4676713943481445,0.03428240850101767,90,,,
chesca_commitment_full_mesh,1596,13,6,5,0,5,0.0,0.0,0.0,0.12,0.0,0.0,0.19333333333333336,3.677954769739734,4.010996787759485,0.33304201801975086,7.4676713943481445,-0.304183303670331,90,,,
chesca_commitment_full_mesh,1597,14,6,3,0,3,0.0,0.0,0.0,0.08000000000000002,0.0,0.0,0.2066666666666667,4.126020326474743,4.324900177826706,0.19887985135196296,7.4676713943481445,-0.15727372248433152,90,,,
chesca_commitment_full_mesh,1598,15,6,1,1,0,0.04,0.0,0.04,0.0,0.04,0.04,0.21333333333333337,7.128958845122263,6.996958845122263,-0.13199999999999967,7.4676713943481445,0.10271069559032706,90,,,
chesca_commitment_full_mesh,1599,16,6,1,1,0,0.04000000000000001,0.0,0.04000000000000001,0.0,0.08000000000000002,0.04000000000000001,0.19000000000000003,7.320467961267912,7.1884679612679125,-0.13199999999999967,7.450046062469482,0.3463012452261549,90,,,
chesca_commitment_full_mesh,1600,17,6,3,3,0,0.10000000000000002,0.0,0.10000000000000002,0.0,0.18000000000000005,0.04000000000000001,0.20000000000000004,9.355971287459026,8.969971287459025,-0.386000000000001,7.4676713943481445,0.36267025012804077,90,,,
chesca_commitment_full_mesh,1601,18,6,2,2,0,0.06000000000000001,0.0,0.06000000000000001,0.0,0.24000000000000005,0.04000000000000001,0.21000000000000005,11.022964455493945,10.796964455493942,-0.22600000000000264,7.450046062469482,1.3112357409549975,90,,,
chesca_commitment_full_mesh,1602,19,6,0,0,0,0.0,0.0,0.0,0.0,0.24000000000000005,0.04000000000000001,0.21000000000000005,12.136755493360106,12.136755493360106,0.0,7.450046062469482,1.125797472355458,90,,,
chesca_commitment_full_mesh,1603,20,6,0,0,0,0.0,0.0,0.0,0.0,0.24000000000000005,0.04000000000000001,0.21000000000000005,10.596913175068046,10.596913175068046,0.0,7.450046062469482,0.5675838746685905,90,,,
chesca_commitment_full_mesh,1604,21,6,0,0,0,0.0,0.0,0.0,0.0,0.24000000000000005,0.04000000000000001,0.21000000000000005,10.396209340593751,10.396209340593751,0.0,7.450046062469482,0.6531241217244312,90,,,
chesca_commitment_full_mesh,1605,22,6,0,0,0,0.0,0.0,0.0,0.0,0.24000000000000005,0.04000000000000001,0.21000000000000005,9.385094275237112,9.385094275237112,0.0,7.450046062469482,0.2876821380457991,90,,,
chesca_commitment_full_mesh,1606,23,6,0,0,0,0.0,0.0,0.0,0.0,0.24000000000000005,0.04000000000000001,0.21000000000000005,9.71654375171505,9.71654375171505,0.0,7.450046062469482,0.4357159458619584,90,,,
chesca_commitment_full_mesh,1607,24,6,0,0,0,0.0,0.0,0.0,0.0,0.24000000000000005,0.04000000000000001,0.21000000000000005,9.754100493307547,9.754100493307547,0.0,7.450046062469482,0.3256161902436824,90,,,
chesca_commitment_full_mesh,1608,1,6,6,0,6,0.0,0.24000000000000005,0.0,0.24000000000000005,0.0,0.0,0.25,8.501315735656249,9.37731573565625,0.8760000000000012,7.450046062469482,-0.18988402141027955,90,,,
chesca_commitment_full_mesh,1609,2,6,0,0,0,0.0,0.0,0.0,0.0,0.0,0.0,0.21000000000000005,7.7735826240666395,7.77358262406664,8.881784197001252e-16,7.450046062469482,-0.37200911196468817,90,,,
chesca_commitment_full_mesh,1610,3,6,5,0,5,0.0,0.0,0.0,0.14,0.0,0.0,0.19333333333333336,6.4494817211125675,6.953481721112569,0.5040000000000013,7.450046062469482,-0.3971923818579386,90,,,
chesca_commitment_full_mesh,1611,4,6,6,0,6,0.0,0.0,0.0,0.16000000000000003,0.0,0.0,0.20666666666666667,5.908185324826102,6.478185324826101,0.5699999999999994,7.424900531768799,-0.3618218911214731,90,,,
chesca_commitment_full_mesh,1612,5,6,3,0,3,0.0,0.0,0.0,0.08000000000000002,0.0,0.0,0.21,5.579818463782566,5.885818463782566,0.30600000000000005,7.323740482330322,-0.3522546393175201,90,,,
chesca_commitment_full_mesh,1613,6,6,3,0,3,0.0,0.0,0.0,0.06000000000000001,0.0,0.0,0.21000000000000005,6.046914379029364,6.264532520203678,0.21761814117431477,7.323740482330322,-0.29527528799923813,90,,,
chesca_commitment_full_mesh,1614,7,6,4,0,4,0.0,0.0,0.0,0.08000000000000002,0.0,0.0,0.21333333333333335,5.499209017651996,5.748985673074165,0.24977665542216876,7.450046062469482,-0.3922423894947158,90,,,
chesca_commitment_full_mesh,1615,8,6,2,0,2,0.0,0.0,0.0,0.04,0.0,0.0,0.22,5.143711928412159,5.23519318099575,0.09148125258359041,7.450046062469482,-0.10206376450913147,90,,,
chesca_commitment_full_mesh,1616,9,6,0,0,0,0.0,0.0,0.0,0.0,0.0,0.0,0.22,3.3999286071509864,3.399928607150987,4.440892098500626e-16,7.450046062469482,-0.25124485294329435,90,,,
chesca_commitment_full_mesh,1617,10,6,0,0,0,0.0,0.0,0.0,0.0,0.0,0.0,0.21333333333333335,3.141061656877366,3.1410616568773664,4.440892098500626e-16,7.450046062469482,-0.15789375831278746,90,,,
chesca_commitment_full_mesh,1618,11,6,2,0,2,0.0,0.0,0.0,0.04,0.0,0.0,0.21333333333333335,1.2146429265908003,1.3401749420444862,0.12553201545368586,7.450046062469482,-0.31826869032758587,90,,,
chesca_commitment_full_mesh,1619,12,6,0,0,0,0.0,0.0,0.0,0.0,0.0,0.0,0.21333333333333335,2.8290755683779607,2.8290755683779607,0.0,7.450046062469482,-0.05930289879485273,90,,,
chesca_commitment_full_mesh,1620,13,6,0,0,0,0.0,0.0,0.0,0.0,0.0,0.0,0.19333333333333336,4.55556147287712,4.5555614728771205,8.881784197001252e-16,7.450046062469482,0.07231397336890363,90,,,
chesca_commitment_full_mesh,1621,14,6,4,0,4,0.0,0.0,0.0,0.1,0.0,0.0,0.19666666666666668,5.057192811013176,5.408724858978486,0.3515320479653097,7.450046062469482,-0.10413115393789932,90,,,
chesca_commitment_full_mesh,1622,15,6,1,0,1,0.0,0.0,0.0,0.04,0.0,0.0,0.19666666666666668,6.456710155090863,6.5887101550908636,0.13200000000000056,7.450046062469482,-0.09423493403874231,90,,,
chesca_commitment_full_mesh,1623,16,6,5,4,1,0.10000000000000002,0.0,0.10000000000000002,0.019999999999999962,0.10000000000000002,0.04000000000000001,0.21,9.323909462015482,8.951909462015482,-0.3719999999999999,7.450046062469482,0.4286405701295434,90,,,
chesca_commitment_full_mesh,1624,17,6,2,2,0,0.08000000000000002,0.0,0.08000000000000002,0.0,0.18000000000000002,0.04000000000000001,0.20666666666666667,9.677566718582652,9.41356671858265,-0.2640000000000011,7.450046062469482,0.44381445354629245,90,,,
chesca_commitment_full_mesh,1625,18,6,2,2,0,0.04000000000000001,0.0,0.04000000000000001,0.0,0.22000000000000003,0.04000000000000001,0.20333333333333334,11.203464255478464,11.043464255478463,-0.16000000000000014,7.4676713943481445,0.8386171218855648,90,,,
chesca_commitment_full_mesh,1626,19,6,5,5,0,0.16,0.0,0.16,0.0,0.38000000000000006,0.08000000000000002,0.23,13.829162670499406,13.245162670499404,-0.5840000000000014,7.482970237731934,1.445005497626518,90,,,
chesca_commitment_full_mesh,1627,20,6,0,0,0,0.0,0.0,0.0,0.0,0.38000000000000006,0.08000000000000002,0.23,12.715611905736042,12.715611905736042,0.0,7.536482810974121,1.0480517030084389,90,,,
chesca_commitment_full_mesh,1628,21,6,0,0,0,0.0,0.0,0.0,0.0,0.38000000000000006,0.08000000000000002,0.23,10.59354631793528,10.593546317935278,-1.7763568394002505e-15,7.574863433837891,0.4168420174691283,90,,,
chesca_commitment_full_mesh,1629,22,6,3,0,3,0.0,0.06,0.0,0.06,0.32000000000000006,0.06000000000000001,0.24000000000000002,8.518150918092584,8.716150918092584,0.1980000000000004,7.592126846313477,0.013734903169710044,90,,,
chesca_commitment_full_mesh,1630,23,6,0,0,0,0.0,0.0,0.0,0.0,0.32000000000000006,0.06000000000000001,0.24000000000000002,10.213619961140992,10.21361996114099,-1.7763568394002505e-15,7.609747409820557,0.41780980973119525,90,,,
chesca_commitment_full_mesh,1631,24,6,0,0,0,0.0,0.0,0.0,0.0,0.32000000000000006,0.06000000000000001,0.24000000000000002,9.932673006899293,9.932673006899293,0.0,7.617012023925781,0.35643317384021067,90,,,
chesca_commitment_full_mesh,1632,1,6,0,0,0,0.0,0.0,0.0,0.0,0.32000000000000006,0.06000000000000001,0.19999999999999998,9.24769732431221,9.24769732431221,0.0,7.640564441680908,0.14564982834122742,90,,,
chesca_commitment_full_mesh,1633,2,6,6,0,6,0.0,0.22000000000000003,0.0,0.22000000000000003,0.1,0.020000000000000004,0.2366666666666667,8.719912879502436,9.529912879502437,0.8100000000000005,7.775588035583496,-0.058838749635528875,90,,,
chesca_commitment_full_mesh,1634,3,6,5,0,5,0.0,0.1,0.0,0.10000000000000002,1.0408340855860843e-17,3.469446951953614e-18,0.23,7.239780392686596,7.611780392686596,0.3719999999999999,7.877264022827148,-0.3893425046219424,90,,,
chesca_commitment_full_mesh,1635,4,6,1,0,1,0.0,3.469446951953614e-18,0.0,0.04000000000000001,6.938893903907228e-18,3.469446951953614e-18,0.21,6.96109390234715,7.0930939023471495,0.13199999999999967,7.877264022827148,-0.3100804210465233,90,,,
chesca_commitment_full_mesh,1636,5,6,2,0,2,0.0,0.0,0.0,0.08000000000000002,6.938893903907228e-18,3.469446951953614e-18,0.21,5.962422153298117,6.226422153298118,0.26400000000000023,7.877264022827148,-0.30523123416875486,90,,,
chesca_commitment_full_mesh,1637,6,6,2,0,2,0.0,3.469446951953614e-18,0.0,0.060000000000000005,3.469446951953614e-18,3.469446951953614e-18,0.21,6.12151417774318,6.36151417774318,0.2400000000000002,7.877264022827148,-0.21625790725603122,90,,,
chesca_commitment_full_mesh,1638,7,6,6,0,6,0.0,3.469446951953614e-18,0.0,0.12000000000000002,0.0,0.0,0.21666666666666667,5.70207408752238,6.08095856200347,0.3788844744810902,7.889773845672607,-0.607273306163466,90,,,
chesca_commitment_full_mesh,1639,8,6,1,0,1,0.0,0.0,0.0,0.020000000000000004,0.0,0.0,0.21333333333333335,4.357494637991516,4.437494637991516,0.08000000000000007,7.889773845672607,-0.2350342254246156,90,,,
chesca_commitment_full_mesh,1640,9,6,2,0,2,0.0,0.0,0.0,0.04,0.0,0.0,0.22,1.8015914931348718,1.893190502822122,0.09159900968725032,7.889773845672607,-0.31870800863367554,90,,,
chesca_commitment_full_mesh,1641,10,6,0,0,0,0.0,0.0,0.0,0.0,0.0,0.0,0.22,2.733074554550769,2.733074554550769,0.0,7.889773845672607,-0.021670066311736264,90,,,
chesca_commitment_full_mesh,1642,11,6,0,0,0,0.0,0.0,0.0,0.0,0.0,0.0,0.21333333333333335,4.139017204624904,4.1390172046249045,8.881784197001252e-16,7.889773845672607,-0.0033168698423757526,90,,,
chesca_commitment_full_mesh,1643,12,6,0,0,0,0.0,0.0,0.0,0.0,0.0,0.0,0.21333333333333335,3.842526813583781,3.842526813583781,0.0,7.889773845672607,-0.017097679517124015,90,,,
chesca_commitment_full_mesh,1644,13,6,2,0,2,0.0,0.0,0.0,0.04,0.0,0.0,0.22,4.947381083766096,5.072894437547363,0.12551335378126627,7.889773845672607,-0.2611798850217444,90,,,
chesca_commitment_full_mesh,1645,14,6,0,0,0,0.0,0.0,0.0,0.0,0.0,0.0,0.20333333333333334,4.53154615421329,4.53154615421329,0.0,7.889773845672607,-0.01639583594702898,90,,,
chesca_commitment_full_mesh,1646,15,6,4,4,0,0.10000000000000002,0.0,0.10000000000000002,0.0,0.10000000000000002,0.04000000000000001,0.21333333333333335,6.29262693180941,5.90662693180941,-0.3860000000000001,7.889773845672607,0.09010123733546885,90,,,
chesca_commitment_full_mesh,1647,16,6,1,1,0,0.04000000000000001,0.0,0.04000000000000001,0.0,0.14,0.04000000000000001,0.19999999999999998,7.802682001060102,7.670682001060102,-0.13200000000000056,7.889773845672607,0.08533008832696175,90,,,
chesca_commitment_full_mesh,1648,17,6,4,4,0,0.08,0.0,0.08,0.0,0.22000000000000006,0.04000000000000002,0.19999999999999998,11.61173163053423,11.319731630534228,-0.2920000000000016,7.899379253387451,0.9419322497186786,90,,,
chesca_commitment_full_mesh,1649,18,6,6,6,0,0.18000000000000002,0.0,0.18000000000000002,0.0,0.4000000000000001,0.08000000000000002,0.22333333333333336,13.297822112555759,12.66182211255576,-0.6359999999999992,7.9155964851379395,1.4593129223165584,90,,,
chesca_commitment_full_mesh,1650,19,6,3,3,0,0.06,0.0,0.06,0.0,0.4600000000000001,0.08000000000000003,0.20666666666666667,15.328138958043523,15.088138958043524,-0.23999999999999844,7.953318119049072,2.1512161932535783,90,,,
chesca_commitment_full_mesh,1651,20,6,0,0,0,0.0,0.0,0.0,0.0,0.4600000000000001,0.08000000000000003,0.20666666666666667,13.168466272318506,13.168466272318506,0.0,8.002899169921875,1.1408060904922797,90,,,
chesca_commitment_full_mesh,1652,21,6,6,0,6,0.0,0.24000000000000002,0.0,0.24000000000000002,0.22000000000000006,0.04000000000000003,0.24666666666666667,11.327986443978926,12.203986443978925,0.8759999999999994,8.04904556274414,-0.07234611997614923,90,,,
chesca_commitment_full_mesh,1653,22,6,0,0,0,0.0,0.0,0.0,0.0,0.22000000000000006,0.04000000000000003,0.23666666666666666,9.727555622896089,9.727555622896089,0.0,8.098172187805176,0.032734943739724624,90,,,
chesca_commitment_full_mesh,1654,23,6,0,0,0,0.0,0.0,0.0,0.0,0.22000000000000006,0.04000000000000003,0.23666666666666666,10.350648699423832,10.350648699423834,1.7763568394002505e-15,8.098172187805176,0.7262147566863274,90,,,
chesca_commitment_full_mesh,1655,24,6,0,0,0,0.0,0.0,0.0,0.0,0.22000000000000006,0.04000000000000003,0.23666666666666666,9.871542410799039,9.871542410799039,0.0,8.098172187805176,0.39657326115785113,90,,,
chesca_commitment_full_mesh,1656,1,6,0,0,0,0.0,0.0,0.0,0.0,0.22000000000000006,0.04000000000000003,0.23666666666666666,10.62758746785737,10.627587467857373,1.7763568394002505e-15,8.134995460510254,0.6742676468683103,90,,,
chesca_commitment_full_mesh,1657,2,6,6,0,6,0.0,0.22,0.0,0.22000000000000003,4.163336342344337e-17,2.0816681711721685e-17,0.23666666666666666,7.984620961714192,8.794620961714191,0.8099999999999987,8.134995460510254,-0.102448040221076,90,,,
chesca_commitment_full_mesh,1658,3,6,2,0,2,0.0,1.3877787807814457e-17,0.0,0.04,2.7755575615628914e-17,2.0816681711721685e-17,0.22666666666666668,7.181801078221912,7.313801078221911,0.13199999999999967,8.134995460510254,-0.31537326746955296,90,,,
chesca_commitment_full_mesh,1659,4,6,2,0,2,0.0,0.0,0.0,0.04000000000000001,2.7755575615628914e-17,2.0816681711721685e-17,0.22666666666666668,6.48251780825345,6.61451780825345,0.13200000000000056,8.098172187805176,-0.2286037768574969,90,,,
chesca_commitment_full_mesh,1660,5,6,0,0,0,0.0,0.0,0.0,0.0,2.7755575615628914e-17,2.0816681711721685e-17,0.21333333333333335,5.689170726192007,5.689170726192007,0.0,8.098172187805176,-0.24599345217959456,90,,,
chesca_commitment_full_mesh,1661,6,6,0,0,0,0.0,0.0,0.0,0.0,2.7755575615628914e-17,2.0816681711721685e-17,0.20333333333333334,6.409753798776744,6.409753798776744,0.0,8.098172187805176,-0.06894036035000041,90,,,
chesca_commitment_full_mesh,1662,7,6,3,0,3,0.0,0.0,0.0,0.1,2.7755575615628914e-17,2.0816681711721685e-17,0.19999999999999998,5.601943089970501,5.945943089970501,0.3440000000000003,8.098172187805176,-0.10716557157435365,90,,,
chesca_commitment_full_mesh,1663,8,6,6,0,6,0.0,2.7755575615628914e-17,0.0,0.12000000000000002,0.0,0.0,0.21666666666666667,4.616837888801338,4.982861825471182,0.3660239366698441,8.098172187805176,-0.1963256706782184,90,,,
chesca_commitment_full_mesh,1664,9,6,1,0,1,0.0,0.0,0.0,0.020000000000000004,0.0,0.0,0.21333333333333335,2.886209562003631,2.9491577945676903,0.06294823256405913,8.098172187805176,-0.3038495518693104,90,,,
chesca_commitment_full_mesh,1665,10,6,2,0,2,0.0,0.0,0.0,0.04,0.0,0.0,0.22,2.499235078005972,2.5909054507088305,0.0916703727028585,8.098172187805176,-0.09546176635290901,90,,,
chesca_commitment_full_mesh,1666,11,6,0,0,0,0.0,0.0,0.0,0.0,0.0,0.0,0.22,2.2552372604629256,2.2552372604629256,0.0,8.098172187805176,-0.06408465997032706,90,,,
chesca_commitment_full_mesh,1667,12,6,0,0,0,0.0,0.0,0.0,0.0,0.0,0.0,0.22,3.6282836235520572,3.6282836235520577,4.440892098500626e-16,8.098172187805176,0.1299356099240833,90,,,
chesca_commitment_full_mesh,1668,13,6,0,0,0,0.0,0.0,0.0,0.0,0.0,0.0,0.21333333333333335,4.382527223580917,4.382527223580917,0.0,8.098172187805176,0.1381884477064576,90,,,
chesca_commitment_full_mesh,1669,14,6,0,0,0,0.0,0.0,0.0,0.0,0.0,0.0,0.21333333333333335,4.809155546816449,4.809155546816449,0.0,8.098172187805176,0.006343418468772073,90,,,
chesca_commitment_full_mesh,1670,15,6,2,2,0,0.04000000000000001,0.0,0.04000000000000001,0.0,0.04000000000000001,0.020000000000000004,0.20333333333333334,7.253112058792758,7.093112058792759,-0.15999999999999925,8.098172187805176,0.19299020468379674,90,,,
chesca_commitment_full_mesh,1671,16,6,4,4,0,0.08,0.0,0.08,0.0,0.12000000000000001,0.020000000000000004,0.21,8.272589205161289,7.994589205161289,-0.2779999999999996,8.098172187805176,0.43265782327953867,90,,,
chesca_commitment_full_mesh,1672,17,6,6,6,0,0.2,0.0,0.2,0.0,0.32,0.06000000000000001,0.23,11.55763900328704,10.81363900328704,-0.7439999999999998,8.098172187805176,1.3942155670621663,90,,,
chesca_commitment_full_mesh,1673,18,6,5,5,0,0.09999999999999999,0.0,0.09999999999999999,0.0,0.42000000000000004,0.08000000000000002,0.21666666666666667,13.367187338680266,12.995187338680266,-0.3719999999999999,8.134995460510254,1.970303840109708,90,,,
chesca_commitment_full_mesh,1674,19,6,6,6,0,0.16,0.0,0.16,0.0,0.5800000000000001,0.10000000000000002,0.23333333333333336,15.795767619399584,15.225767619399583,-0.5700000000000003,8.147650718688965,2.320665558993945,90,,,
chesca_commitment_full_mesh,1675,20,6,0,0,0,0.0,0.0,0.0,0.0,0.5800000000000001,0.10000000000000002,0.23333333333333336,13.289320250749588,13.289320250749588,0.0,8.176033020019531,1.2571229142492628,90,,,
chesca_commitment_full_mesh,1676,21,6,0,0,0,0.0,0.0,0.0,0.0,0.5800000000000001,0.10000000000000002,0.19333333333333336,11.3335013746167,11.3335013746167,0.0,8.19913101196289,0.6913294820905952,90,,,
chesca_commitment_full_mesh,1677,22,6,6,0,6,0.0,0.24000000000000002,0.0,0.24000000000000002,0.34,0.06000000000000002,0.23333333333333336,8.790147792864763,9.666147792864763,0.8759999999999994,8.19913101196289,-0.061364192223185975,90,,,
chesca_commitment_full_mesh,1678,23,6,0,0,0,0.0,0.0,0.0,0.0,0.34,0.06000000000000002,0.23333333333333336,9.25486044555973,9.25486044555973,0.0,8.19913101196289,0.1901533418188932,90,,,
chesca_commitment_full_mesh,1679,24,6,0,0,0,0.0,0.0,0.0,0.0,0.34,0.06000000000000002,0.23333333333333336,9.687219976858866,9.687219976858866,0.0,8.19913101196289,0.32452258570278364,90,,,
chesca_commitment_full_mesh,1680,1,6,0,0,0,0.0,0.0,0.0,0.0,0.34,0.06000000000000002,0.23333333333333336,9.085868859162062,9.085868859162062,0.0,8.211857795715332,0.061298347992304936,90,,,
chesca_commitment_full_mesh,1681,2,6,6,0,6,0.0,0.24000000000000005,0.0,0.24000000000000005,0.09999999999999998,0.02000000000000001,0.2366666666666667,8.291208595646507,9.167208595646509,0.8760000000000012,8.257680892944336,-0.18429971552098573,90,,,
chesca_commitment_full_mesh,1682,3,6,5,0,5,0.0,0.09999999999999995,0.0,0.10000000000000002,1.734723475976807e-17,1.0408340855860843e-17,0.24666666666666667,7.107619290322436,7.479619290322435,0.371999999999999,8.31008243560791,-0.2917618209809838,90,,,
chesca_commitment_full_mesh,1683,4,6,0,0,0,0.0,0.0,0.0,0.0,1.734723475976807e-17,1.0408340855860843e-17,0.24,6.850272639104508,6.850272639104508,0.0,8.31008243560791,-0.19369040469888255,90,,,
chesca_commitment_full_mesh,1684,5,6,0,0,0,0.0,0.0,0.0,0.0,1.734723475976807e-17,1.0408340855860843e-17,0.24,5.422138548380523,5.422138548380523,0.0,8.31008243560791,-0.2737835189002812,90,,,
chesca_commitment_full_mesh,1685,6,6,0,0,0,0.0,0.0,0.0,0.0,1.734723475976807e-17,1.0408340855860843e-17,0.24,6.129466770851512,6.129466770851512,0.0,8.31008243560791,-0.05588917517500226,90,,,
chesca_commitment_full_mesh,1686,7,6,0,0,0,0.0,0.0,0.0,0.0,1.734723475976807e-17,1.0408340855860843e-17,0.22333333333333336,5.427350156851873,5.427350156851874,8.881784197001252e-16,8.257680892944336,-0.07463911981686323,90,,,
chesca_commitment_full_mesh,1687,8,6,1,0,1,0.0,0.0,0.0,0.020000000000000004,1.734723475976807e-17,1.0408340855860843e-17,0.20666666666666667,4.178391053497026,4.236902318164108,0.05851126466708223,8.257680892944336,-0.3551323082161068,90,,,
chesca_commitment_full_mesh,1688,9,6,3,0,3,0.0,0.0,0.0,0.06000000000000001,1.734723475976807e-17,1.0408340855860843e-17,0.21333333333333335,2.7612937112770624,2.9205951399031553,0.15930142862609298,8.257680892944336,-0.26283977863783986,90,,,
chesca_commitment_full_mesh,1689,10,6,2,0,2,0.0,0.0,0.0,0.04,1.734723475976807e-17,1.0408340855860843e-17,0.21333333333333335,1.0031387125460334,1.0819213460849082,0.07878263353887482,8.257680892944336,-0.16735922950549542,90,,,
chesca_commitment_full_mesh,1690,11,6,0,0,0,0.0,0.0,0.0,0.0,1.734723475976807e-17,1.0408340855860843e-17,0.21333333333333335,1.3590514410467258,1.3590514410467256,-2.220446049250313e-16,8.257680892944336,0.011774036527475149,90,,,
chesca_commitment_full_mesh,1691,12,6,2,0,2,0.0,1.734723475976807e-17,0.0,0.04,0.0,0.0,0.22,2.260567336101981,2.3860794544415196,0.12551211833953868,8.257680892944336,-0.25398225470244074,90,,,
chesca_commitment_full_mesh,1692,13,6,0,0,0,0.0,0.0,0.0,0.0,0.0,0.0,0.22,5.111340157341073,5.111340157341072,-8.881784197001252e-16,8.257680892944336,0.08809660425198777,90,,,
chesca_commitment_full_mesh,1693,14,6,0,0,0,0.0,0.0,0.0,0.0,0.0,0.0,0.22,4.920952448704135,4.920952448704135,0.0,8.257680892944336,-0.23185223887335676,90,,,
chesca_commitment_full_mesh,1694,15,6,0,0,0,0.0,0.0,0.0,0.0,0.0,0.0,0.21333333333333335,8.561385064806524,8.561385064806524,0.0,8.257680892944336,0.26389976593150033,90,,,
chesca_commitment_full_mesh,1695,16,6,6,6,0,0.12,0.0,0.12,0.0,0.12,0.020000000000000004,0.22,8.706140708744561,8.26814070874456,-0.4380000000000006,8.257680892944336,0.4750381533544324,90,,,
chesca_commitment_full_mesh,1696,17,6,6,6,0,0.24,0.0,0.24,0.0,0.36,0.06000000000000001,0.22666666666666666,12.87500036679068,11.999000366790678,-0.8760000000000012,8.257680892944336,1.8004054659966233,90,,,
chesca_commitment_full_mesh,1697,18,6,4,4,0,0.14,0.0,0.14,0.0,0.5,0.1,0.2333333333333333,14.700136959171825,14.154136959171824,-0.5460000000000012,8.31008243560791,2.1807458028736475,90,,,
chesca_commitment_full_mesh,1698,19,6,2,2,0,0.04,0.0,0.04,0.0,0.54,0.1,0.21333333333333335,16.738257579307085,16.606257579307083,-0.13200000000000145,8.331002235412598,2.3551531187594934,90,,,
chesca_commitment_full_mesh,1699,20,6,0,0,0,0.0,0.0,0.0,0.0,0.54,0.1,0.21333333333333335,14.754651634964162,14.754651634964162,0.0,8.331002235412598,1.1817257290839862,90,,,
chesca_commitment_full_mesh,1700,21,6,0,0,0,0.0,0.0,0.0,0.0,0.54,0.1,0.21333333333333335,12.152663583362422,12.152663583362424,1.7763568394002505e-15,8.331002235412598,0.22835545161782855,90,,,
chesca_commitment_full_mesh,1701,22,6,6,0,6,0.0,0.24000000000000002,0.0,0.24000000000000002,0.30000000000000004,0.060000000000000005,0.21333333333333335,8.152688319153256,9.028688319153257,0.8760000000000012,8.362802505493164,-0.11587670595956526,90,,,
chesca_commitment_full_mesh,1702,23,6,6,0,6,0.0,0.24000000000000002,0.0,0.24000000000000002,0.06000000000000004,0.020000000000000004,0.25333333333333335,8.160703021995461,9.03670302199546,0.8759999999999994,8.42037582397461,-0.05124651919380324,90,,,
chesca_commitment_full_mesh,1703,24,6,0,0,0,0.0,0.0,0.0,0.0,0.06000000000000004,0.020000000000000004,0.25333333333333335,9.099009387103735,9.099009387103735,0.0,8.459305763244629,0.14173141114667875,90,,,
chesca_commitment_full_mesh,1704,1,6,0,0,0,0.0,0.0,0.0,0.0,0.06000000000000004,0.020000000000000004,0.25333333333333335,9.418782619933953,9.418782619933953,0.0,8.498344421386719,0.1844810732143314,90,,,
chesca_commitment_full_mesh,1705,2,6,3,0,3,0.0,0.06000000000000001,0.0,0.06000000000000001,2.7755575615628914e-17,1.3877787807814457e-17,0.22333333333333336,7.738829907041373,7.978829907041374,0.2400000000000011,8.612078666687012,-0.6733788283535459,90,,,
chesca_commitment_full_mesh,1706,3,6,2,0,2,0.0,2.7755575615628914e-17,0.0,0.04000000000000001,0.0,0.0,0.21333333333333335,7.377888600466932,7.509888600466932,0.13200000000000056,8.612078666687012,-0.15908340535823587,90,,,
chesca_commitment_full_mesh,1707,4,6,2,0,2,0.0,0.0,0.0,0.04000000000000001,0.0,0.0,0.22,6.964237164533281,7.096237164533282,0.13200000000000056,8.639667510986328,-0.2535956515860208,90,,,
chesca_commitment_full_mesh,1708,5,6,0,0,0,0.0,0.0,0.0,0.0,0.0,0.0,0.22,5.703690617977849,5.703690617977849,0.0,8.639667510986328,-0.20373986807263234,90,,,
chesca_commitment_full_mesh,1709,6,6,0,0,0,0.0,0.0,0.0,0.0,0.0,0.0,0.22,6.4034497672695645,6.4034497672695645,0.0,8.639667510986328,-0.013712596482605123,90,,,
chesca_commitment_full_mesh,1710,7,6,0,0,0,0.0,0.0,0.0,0.0,0.0,0.0,0.22,5.372121489970501,5.372121489970501,0.0,8.639667510986328,-0.014667625862456228,90,,,
chesca_commitment_full_mesh,1711,8,6,0,0,0,0.0,0.0,0.0,0.0,0.0,0.0,0.21666666666666667,4.818361425334114,4.818361425334114,0.0,8.639667510986328,-0.07222179365870576,90,,,
chesca_commitment_full_mesh,1712,9,6,6,0,6,0.0,0.0,0.0,0.14,0.0,0.0,0.23,6.591829267694397,6.8735689216392455,0.28173965394484846,8.7886381149292,-0.6917950314751146,90,,,
chesca_commitment_full_mesh,1713,10,6,3,0,3,0.0,0.0,0.0,0.06,0.0,0.0,0.23333333333333336,4.240813308787026,4.344705172419765,0.10389186363273861,8.876997947692871,-0.7630378074493838,90,,,
chesca_commitment_full_mesh,1714,11,6,1,0,1,0.0,0.0,0.0,0.02,0.0,0.0,0.2366666666666667,4.410696557239767,4.443896609648458,0.03320005240869062,8.885430335998535,-0.5119803862747953,90,,,
chesca_commitment_full_mesh,1715,12,6,0,0,0,0.0,0.0,0.0,0.0,0.0,0.0,0.23,4.472784435277747,4.472784435277747,0.0,8.876997947692871,-0.009656538885711838,90,,,
chesca_commitment_full_mesh,1716,13,6,0,0,0,0.0,0.0,0.0,0.0,0.0,0.0,0.23,6.72965079942602,6.72965079942602,0.0,8.876997947692871,0.24530738041866218,90,,,
chesca_commitment_full_mesh,1717,14,6,0,0,0,0.0,0.0,0.0,0.0,0.0,0.0,0.23,6.8076029514791845,6.8076029514791845,0.0,8.876997947692871,0.15318701916455488,90,,,
chesca_commitment_full_mesh,1718,15,6,0,0,0,0.0,0.0,0.0,0.0,0.0,0.0,0.23,8.328308532343923,8.328308532343923,0.0,8.876997947692871,0.17467885872758887,90,,,
chesca_commitment_full_mesh,1719,16,6,6,6,0,0.12,0.0,0.12,0.0,0.12,0.020000000000000004,0.23,10.049281064462434,9.611281064462434,-0.4380000000000006,8.7886381149292,0.7402212737358908,90,,,
chesca_commitment_full_mesh,1720,17,6,4,4,0,0.07999999999999999,0.0,0.07999999999999999,0.0,0.19999999999999998,0.04000000000000001,0.20333333333333334,13.147957244177048,12.841957244177047,-0.30600000000000094,8.876997947692871,1.1816662815344736,90,,,
chesca_commitment_full_mesh,1721,18,6,6,6,0,0.16000000000000003,0.0,0.16000000000000003,0.0,0.36,0.06000000000000001,0.20666666666666667,13.75539871136136,13.18539871136136,-0.5700000000000003,8.876997947692871,1.5321338976897534,90,,,
chesca_commitment_full_mesh,1722,19,6,3,3,0,0.1,0.0,0.1,0.0,0.46,0.1,0.21666666666666667,15.620569417081503,15.220569417081501,-0.40000000000000213,8.876997947692871,1.851160267827131,90,,,
chesca_commitment_full_mesh,1723,20,6,0,0,0,0.0,0.0,0.0,0.0,0.46,0.1,0.21666666666666667,13.090728964840167,13.090728964840167,0.0,8.876997947692871,0.9768539661749089,90,,,
chesca_commitment_full_mesh,1724,21,6,0,0,0,0.0,0.0,0.0,0.0,0.46,0.1,0.21666666666666667,11.506299543333178,11.506299543333178,0.0,8.876997947692871,0.6113589353209191,90,,,
chesca_commitment_full_mesh,1725,22,6,0,0,0,0.0,0.0,0.0,0.0,0.46,0.1,0.17666666666666664,10.234595337181258,10.234595337181258,0.0,8.885430335998535,0.23830030494947363,90,,,
chesca_commitment_full_mesh,1726,23,6,0,0,0,0.0,0.0,0.0,0.0,0.46,0.1,0.1366666666666667,10.443492999548383,10.443492999548381,-1.7763568394002505e-15,8.885430335998535,0.4154855964729232,90,,,
chesca_commitment_full_mesh,1727,24,6,0,0,0,0.0,0.0,0.0,0.0,0.46,0.1,0.1366666666666667,9.821075863021088,9.821075863021086,-1.7763568394002505e-15,8.885430335998535,0.14289109190912824,90,,,
chesca_commitment_full_mesh,1728,1,6,0,0,0,0.0,0.0,0.0,0.0,0.46,0.1,0.1366666666666667,10.157263459264666,10.157263459264664,-1.7763568394002505e-15,8.898390769958496,0.3045331622823841,90,,,
chesca_commitment_full_mesh,1729,2,6,6,0,6,0.0,0.24000000000000005,0.0,0.24000000000000005,0.21999999999999997,0.06,0.1666666666666667,9.279837011782908,10.155837011782907,0.8759999999999994,8.898390769958496,-0.1736900951606124,90,,,
chesca_commitment_full_mesh,1730,3,6,6,0,6,0.0,0.18,0.0,0.24000000000000005,0.03999999999999998,0.01999999999999999,0.19999999999999998,7.33656444738798,8.21256444738798,0.8759999999999994,8.92717170715332,-0.27027522610343807,90,,,
chesca_commitment_full_mesh,1731,4,6,6,0,6,0.0,0.03999999999999998,0.0,0.12000000000000002,0.0,0.0,0.21333333333333335,6.880475757627938,7.318079727895494,0.43760397026755626,8.92717170715332,-0.19959636959651247,90,,,
chesca_commitment_full_mesh,1732,5,6,2,0,2,0.0,0.0,0.0,0.04000000000000001,0.0,0.0,0.22,5.568404319251329,5.700404319251329,0.13200000000000056,8.92717170715332,-0.2285413981520115,90,,,
chesca_commitment_full_mesh,1733,6,6,0,0,0,0.0,0.0,0.0,0.0,0.0,0.0,0.22,5.946063779163266,5.946063779163265,-8.881784197001252e-16,8.92717170715332,-0.02811769656773707,90,,,
chesca_commitment_full_mesh,1734,7,6,0,0,0,0.0,0.0,0.0,0.0,0.0,0.0,0.22,5.259499683136326,5.259499683136327,8.881784197001252e-16,8.92717170715332,-0.02754873742905581,90,,,
chesca_commitment_full_mesh,1735,8,6,0,0,0,0.0,0.0,0.0,0.0,0.0,0.0,0.22,4.657279728075554,4.657279728075554,0.0,8.92717170715332,-0.04629071864810609,90,,,
chesca_commitment_full_mesh,1736,9,6,1,0,1,0.0,0.0,0.0,0.02,0.0,0.0,0.19999999999999998,2.647493932929236,2.7134939329292367,0.06600000000000072,8.92717170715332,-0.4498911687162814,90,,,
chesca_commitment_full_mesh,1737,10,6,5,0,5,0.0,0.0,0.0,0.1,0.0,0.0,0.20666666666666667,2.5086302310732815,2.7554007585581153,0.24677052748483375,8.92717170715332,-0.11228829261239075,90,,,
chesca_commitment_full_mesh,1738,11,6,4,0,4,0.0,0.0,0.0,0.08000000000000002,0.0,0.0,0.21666666666666667,2.9843465945447667,3.1500733876612865,0.16572679311651983,8.92717170715332,-0.1526315963498028,90,,,
chesca_commitment_full_mesh,1739,12,6,1,0,1,0.0,0.0,0.0,0.02,0.0,0.0,0.22,4.439709994673217,4.474315762287603,0.034605767614385385,8.92717170715332,-0.25076253710772634,90,,,
chesca_commitment_full_mesh,1740,13,6,0,0,0,0.0,0.0,0.0,0.0,0.0,0.0,0.22,5.906357513682151,5.906357513682151,0.0,8.92717170715332,0.28037702283330085,90,,,
chesca_commitment_full_mesh,1741,14,6,0,0,0,0.0,0.0,0.0,0.0,0.0,0.0,0.22,6.257178389610104,6.257178389610104,0.0,8.92717170715332,0.11040915932226758,90,,,
chesca_commitment_full_mesh,1742,15,6,0,0,0,0.0,0.0,0.0,0.0,0.0,0.0,0.22,6.316654130172553,6.316654130172553,0.0,8.92717170715332,-0.018113047329372245,90,,,
chesca_commitment_full_mesh,1743,16,6,5,4,1,0.08000000000000002,0.0,0.08000000000000002,0.01999999999999999,0.08000000000000002,0.020000000000000004,0.21666666666666667,8.580113552892923,8.274113552892922,-0.30600000000000094,8.92717170715332,0.5548559699147303,90,,,
chesca_commitment_full_mesh,1744,17,6,2,2,0,0.039999999999999994,0.0,0.039999999999999994,0.0,0.12000000000000001,0.020000000000000004,0.21,10.299456415076973,10.167456415076972,-0.13200000000000145,8.985441207885742,0.6050380646035004,90,,,
chesca_commitment_full_mesh,1745,18,6,6,6,0,0.18,0.0,0.18,0.0,0.30000000000000004,0.06000000000000001,0.21333333333333335,12.061085398649563,11.383085398649563,-0.6780000000000008,9.064497947692871,1.1424021148301573,90,,,
chesca_commitment_full_mesh,1746,19,6,3,3,0,0.06,0.0,0.06,0.0,0.36,0.06000000000000001,0.20666666666666667,14.321929374757849,14.123929374757848,-0.1980000000000004,9.12707233428955,1.7033175840502424,90,,,
chesca_commitment_full_mesh,1747,20,6,0,0,0,0.0,0.0,0.0,0.0,0.36,0.06000000000000001,0.20666666666666667,12.336450632153717,12.336450632153717,0.0,9.151015281677246,0.8406736371143716,90,,,
chesca_commitment_full_mesh,1748,21,6,0,0,0,0.0,0.0,0.0,0.0,0.36,0.06000000000000001,0.20666666666666667,11.123955312730086,11.123955312730086,0.0,9.169702529907227,0.5753734297576736,90,,,
chesca_commitment_full_mesh,1749,22,6,0,0,0,0.0,0.0,0.0,0.0,0.36,0.06000000000000001,0.20666666666666667,10.465336775506106,10.465336775506106,0.0,9.22658634185791,0.41763799535783686,90,,,
chesca_commitment_full_mesh,1750,23,6,0,0,0,0.0,0.0,0.0,0.0,0.36,0.06000000000000001,0.20666666666666667,10.222633789035685,10.222633789035685,0.0,9.271703720092773,0.27614802879875,90,,,
chesca_commitment_full_mesh,1751,24,6,0,0,0,0.0,0.0,0.0,0.0,0.36,0.06000000000000001,0.20666666666666667,9.294965839803178,9.294965839803178,0.0,9.325414657592773,0.044683782093451085,90,,,
chesca_commitment_full_mesh,1752,1,6,0,0,0,0.0,0.0,0.0,0.0,0.36,0.06000000000000001,0.20666666666666667,10.002417125958203,10.002417125958202,-1.7763568394002505e-15,9.482795715332031,0.26028209895792,90,,,
chesca_commitment_full_mesh,1753,2,6,5,0,5,0.0,0.14,0.0,0.14,0.22,0.06,0.19000000000000003,8.779386983722775,9.311386983722775,0.532,9.583965301513672,0.0005338165412481499,90,,,
chesca_commitment_full_mesh,1754,3,6,6,0,6,0.0,0.2,0.0,0.20000000000000004,0.020000000000000004,0.01999999999999999,0.18333333333333335,7.294548207091783,8.010548207091782,0.7159999999999993,9.583965301513672,-0.01371930041390497,90,,,
chesca_commitment_full_mesh,1755,4,6,1,0,1,0.0,0.01999999999999999,0.0,0.020000000000000004,1.3877787807814457e-17,6.938893903907228e-18,0.16666666666666666,6.192592441149853,6.258592441149853,0.06599999999999984,9.583965301513672,-0.05012913788786362,90,,,
chesca_commitment_full_mesh,1756,5,6,3,3,0,0.12,0.0,0.12,0.0,0.12000000000000002,0.04000000000000001,0.18000000000000002,5.800245018074348,5.320245018074347,-0.4800000000000004,9.583965301513672,0.08202724694222659,90,,,
chesca_commitment_full_mesh,1757,6,6,3,3,0,0.1,0.0,0.1,0.0,0.22000000000000003,0.04000000000000001,0.19666666666666666,6.4662528959506815,6.136252895950682,-0.3299999999999992,9.583965301513672,0.20595359095351873,90,,,
chesca_commitment_full_mesh,1758,7,6,0,0,0,0.0,0.0,0.0,0.0,0.22000000000000003,0.04000000000000001,0.19666666666666666,6.052844279477866,6.052844279477866,0.0,9.583965301513672,0.1662029735071478,90,,,
chesca_commitment_full_mesh,1759,8,6,2,0,2,0.0,0.06,0.0,0.06,0.16000000000000003,0.04000000000000001,0.20666666666666667,5.5441579402406544,5.638585656322447,0.09442771608179257,9.583965301513672,0.04000127672719497,90,,,
chesca_commitment_full_mesh,1760,9,6,5,0,5,0.0,0.12000000000000001,0.0,0.12000000000000002,0.04000000000000001,0.020000000000000004,0.22333333333333336,4.006249444073462,4.338015267252635,0.3317658231791727,9.583965301513672,0.015196672821687074,90,,,
chesca_commitment_full_mesh,1761,10,6,2,0,2,0.0,0.04,0.0,0.04000000000000001,6.938893903907228e-18,6.938893903907228e-18,0.21333333333333335,1.496627731438487,1.5972718369613077,0.10064410552282066,9.583965301513672,-0.021510239267879566,90,,,
chesca_commitment_full_mesh,1762,11,6,2,2,0,0.04,0.0,0.04,0.0,0.04000000000000001,0.02,0.20666666666666667,1.1895078940747577,1.0295078940747577,-0.15999999999999992,9.583965301513672,0.12064846994587945,90,,,
chesca_commitment_full_mesh,1763,12,6,2,0,2,0.0,0.04,0.0,0.04000000000000001,6.938893903907228e-18,6.938893903907228e-18,0.21,3.585347182981062,3.722474599331687,0.1371274163506251,9.583965301513672,-0.028615827648510256,90,,,
chesca_commitment_full_mesh,1764,13,6,4,4,0,0.1,0.0,0.1,0.0,0.1,0.04,0.22666666666666668,4.595091434622669,4.251091434622668,-0.3440000000000003,9.583965301513672,0.30662475242127835,90,,,
chesca_commitment_full_mesh,1765,14,6,0,0,0,0.0,0.0,0.0,0.0,0.1,0.04,0.22666666666666668,4.151584756948665,4.151584756948665,0.0,9.583965301513672,0.27126912994382923,90,,,
chesca_commitment_full_mesh,1766,15,6,0,0,0,0.0,0.0,0.0,0.0,0.1,0.04,0.22666666666666668,6.635731842376577,6.635731842376577,0.0,9.583965301513672,0.27269790332229316,90,,,
chesca_commitment_full_mesh,1767,16,6,2,2,0,0.04000000000000001,0.0,0.04000000000000001,0.0,0.14,0.04,0.21666666666666667,7.906070709449133,7.746070709449134,-0.15999999999999925,9.583965301513672,0.6199991905270208,90,,,
chesca_commitment_full_mesh,1768,17,6,3,2,1,0.039999999999999994,0.04,0.039999999999999994,0.04000000000000001,0.14,0.04000000000000001,0.22333333333333336,10.45392364386399,10.307923643863989,-0.1460000000000008,9.482795715332031,0.909704292965135,90,,,
chesca_commitment_full_mesh,1769,18,6,4,4,0,0.09999999999999999,0.0,0.09999999999999999,0.0,0.24000000000000002,0.04000000000000001,0.21,11.511901250933766,11.153901250933767,-0.35799999999999876,9.482795715332031,1.113906173293679,90,,,
chesca_commitment_full_mesh,1770,19,6,5,5,0,0.12000000000000001,0.0,0.12000000000000001,0.0,0.36000000000000004,0.07999999999999999,0.22,13.620201357300353,13.168201357300354,-0.4519999999999982,9.482795715332031,1.3175362942823678,90,,,
chesca_commitment_full_mesh,1771,20,6,0,0,0,0.0,0.0,0.0,0.0,0.36000000000000004,0.07999999999999999,0.22,12.719233303867007,12.719233303867005,-1.7763568394002505e-15,9.482795715332031,0.9429536539583827,90,,,
chesca_commitment_full_mesh,1772,21,6,0,0,0,0.0,0.0,0.0,0.0,0.36000000000000004,0.07999999999999999,0.22,11.494817697413076,11.494817697413078,1.7763568394002505e-15,9.482795715332031,0.5808671261680031,90,,,
chesca_commitment_full_mesh,1773,22,6,6,0,6,0.0,0.16,0.0,0.16,0.2,0.059999999999999984,0.24666666666666667,9.257829223783155,9.827829223783155,0.5700000000000003,9.482795715332031,-0.026398327125918386,90,,,
chesca_commitment_full_mesh,1774,23,6,0,0,0,0.0,0.0,0.0,0.0,0.2,0.059999999999999984,0.24666666666666667,10.460879081722444,10.460879081722442,-1.7763568394002505e-15,9.583965301513672,0.15708769356923413,90,,,
chesca_commitment_full_mesh,1775,24,6,0,0,0,0.0,0.0,0.0,0.0,0.2,0.059999999999999984,0.24666666666666667,10.607400375979614,10.607400375979612,-1.7763568394002505e-15,9.619226455688477,0.3864432117783491,90,,,
chesca_commitment_full_mesh,1776,1,6,0,0,0,0.0,0.0,0.0,0.0,0.2,0.059999999999999984,0.24666666666666667,10.361472322600552,10.361472322600553,1.7763568394002505e-15,9.619226455688477,0.21188555647032795,90,,,
chesca_commitment_full_mesh,1777,2,6,0,0,0,0.0,0.0,0.0,0.0,0.2,0.059999999999999984,0.22333333333333336,10.101090452869071,10.101090452869071,0.0,9.678964614868164,0.1827372051585146,90,,,
chesca_commitment_full_mesh,1778,3,6,5,0,5,0.0,0.09999999999999999,0.0,0.10000000000000002,0.09999999999999998,0.03999999999999998,0.20666666666666667,8.528518247135422,8.900518247135421,0.3719999999999999,9.721014976501465,0.01237833737701663,90,,,
chesca_commitment_full_mesh,1779,4,6,4,0,4,0.0,0.09999999999999998,0.0,0.10000000000000002,1.0408340855860843e-17,6.938893903907228e-18,0.22,6.226733317059201,6.612733317059201,0.38599999999999923,9.721014976501465,-0.02013483919658532,90,,,
chesca_commitment_full_mesh,1780,5,6,3,3,0,0.06,0.0,0.06,0.0,0.06000000000000001,0.020000000000000007,0.21,6.09753363210606,5.899533632106061,-0.1979999999999995,9.721014976501465,0.10137380221882208,90,,,
chesca_commitment_full_mesh,1781,6,6,3,3,0,0.06,0.0,0.06,0.0,0.12000000000000001,0.020000000000000007,0.20333333333333334,6.405127064168227,6.165127064168227,-0.2400000000000002,9.721014976501465,0.1997141513643389,90,,,
chesca_commitment_full_mesh,1782,7,6,0,0,0,0.0,0.0,0.0,0.0,0.12000000000000001,0.020000000000000007,0.20333333333333334,5.45611974795492,5.4561197479549195,-8.881784197001252e-16,9.721014976501465,0.09693846989539716,90,,,
chesca_commitment_full_mesh,1783,8,6,6,0,6,0.0,0.12000000000000001,0.0,0.16000000000000003,3.469446951953614e-18,3.469446951953614e-18,0.22,5.423266581957825,5.925765090757986,0.5024985088001612,9.73523998260498,-0.3698900633395563,90,,,
chesca_commitment_full_mesh,1784,9,6,1,1,0,0.020000000000000004,0.0,0.020000000000000004,0.0,0.020000000000000007,0.020000000000000004,0.20333333333333334,4.817353194101642,4.737353194101642,-0.08000000000000007,9.73523998260498,0.14663979030066582,90,,,
chesca_commitment_full_mesh,1785,10,6,1,0,1,0.0,0.020000000000000004,0.0,0.020000000000000004,3.469446951953614e-18,3.469446951953614e-18,0.19999999999999998,3.3870784696454654,3.4670784696454664,0.08000000000000096,9.73523998260498,0.0002196531576584837,90,,,
chesca_commitment_full_mesh,1786,11,6,5,5,0,0.14,0.0,0.14,0.0,0.14,0.04000000000000001,0.21666666666666667,3.9267675259543746,3.436767525954375,-0.48999999999999977,9.73523998260498,0.247346350025623,90,,,
chesca_commitment_full_mesh,1787,12,6,0,0,0,0.0,0.0,0.0,0.0,0.14,0.04000000000000001,0.21,4.6810066695777355,4.6810066695777355,0.0,9.73523998260498,0.3025525897426256,90,,,
chesca_commitment_full_mesh,1788,13,6,1,1,0,0.020000000000000004,0.0,0.020000000000000004,0.0,0.16000000000000003,0.04000000000000001,0.19666666666666666,4.797113998652272,4.717113998652272,-0.08000000000000007,9.73523998260498,0.22005679516876409,90,,,
chesca_commitment_full_mesh,1789,14,6,0,0,0,0.0,0.0,0.0,0.0,0.16000000000000003,0.04000000000000001,0.19666666666666666,5.513612127543574,5.513612127543574,0.0,9.73523998260498,0.2755378524540307,90,,,
chesca_commitment_full_mesh,1790,15,6,0,0,0,0.0,0.0,0.0,0.0,0.16000000000000003,0.04000000000000001,0.19666666666666666,7.718883675268806,7.718883675268806,0.0,9.73523998260498,0.4331863406537726,90,,,
chesca_commitment_full_mesh,1791,16,6,0,0,0,0.0,0.0,0.0,0.0,0.16000000000000003,0.04000000000000001,0.18999999999999997,8.198051287393866,8.198051287393866,0.0,9.73523998260498,0.16316894829268788,90,,,
chesca_commitment_full_mesh,1792,17,6,3,3,0,0.08,0.0,0.08,0.0,0.24000000000000002,0.06000000000000001,0.18999999999999997,11.115827292997672,10.795827292997673,-0.3199999999999985,9.73523998260498,0.6453413197095473,90,,,
chesca_commitment_full_mesh,1793,18,6,4,4,0,0.12000000000000002,0.0,0.12000000000000002,0.0,0.36000000000000004,0.08000000000000002,0.19333333333333333,13.38484882178301,12.974848821783008,-0.4100000000000019,9.73523998260498,1.2987875915986835,90,,,
chesca_commitment_full_mesh,1794,19,6,2,2,0,0.08000000000000002,0.0,0.08000000000000002,0.0,0.44000000000000006,0.10000000000000002,0.18666666666666668,14.782613825221793,14.462613825221794,-0.3199999999999985,9.73523998260498,1.6019591785081115,90,,,
chesca_commitment_full_mesh,1795,20,6,0,0,0,0.0,0.0,0.0,0.0,0.44000000000000006,0.10000000000000002,0.18666666666666668,12.898541846275329,12.898541846275329,0.0,9.73523998260498,0.7999634091172149,90,,,
chesca_commitment_full_mesh,1796,21,6,0,0,0,0.0,0.0,0.0,0.0,0.44000000000000006,0.10000000000000002,0.18666666666666668,11.532185282707214,11.532185282707214,0.0,9.73523998260498,0.48421069030262687,90,,,
chesca_commitment_full_mesh,1797,22,6,6,0,6,0.0,0.18000000000000002,0.0,0.18000000000000002,0.26000000000000006,0.08000000000000002,0.19000000000000003,9.541535604265961,10.191535604265962,0.6500000000000004,9.749846458435059,-0.002470674254037325,90,,,
chesca_commitment_full_mesh,1798,23,6,0,0,0,0.0,0.0,0.0,0.0,0.26000000000000006,0.08000000000000002,0.19000000000000003,10.113153955026258,10.11315395502626,1.7763568394002505e-15,9.749846458435059,0.19487018598964925,90,,,
chesca_commitment_full_mesh,1799,24,6,1,1,0,0.02,0.0,0.02,0.0,0.28,0.08000000000000002,0.19333333333333336,10.770209849968357,10.690209849968356,-0.08000000000000007,9.73523998260498,0.6112285344936417,90,,,
chesca_commitment_full_mesh,1800,1,6,6,0,6,0.0,0.14,0.0,0.14,0.14,0.06000000000000001,0.21666666666666667,9.190422665088434,9.694422665088435,0.5040000000000013,9.749846458435059,0.01069067975912008,90,,,
chesca_commitment_full_mesh,1801,2,6,2,0,2,0.0,0.04000000000000001,0.0,0.04000000000000001,0.1,0.04000000000000001,0.22333333333333336,7.467643089005649,7.61364308900565,0.1460000000000008,9.749846458435059,0.0067242180747240365,90,,,
chesca_commitment_full_mesh,1802,3,6,2,2,0,0.06,0.0,0.06,0.0,0.16000000000000003,0.04000000000000001,0.21666666666666667,6.9192424634061345,6.721242463406134,-0.1980000000000004,9.749846458435059,0.09112883092459188,90,,,
chesca_commitment_full_mesh,1803,4,6,0,0,0,0.0,0.0,0.0,0.0,0.16000000000000003,0.04000000000000001,0.19999999999999998,7.01025592862863,7.010255928628629,-8.881784197001252e-16,9.749846458435059,0.18664454351453358,90,,,
chesca_commitment_full_mesh,1804,5,6,0,0,0,0.0,0.0,0.0,0.0,0.16000000000000003,0.04000000000000001,0.19000000000000003,6.1617756118628915,6.161775611862892,8.881784197001252e-16,9.749846458435059,0.09831214976958351,90,,,
chesca_commitment_full_mesh,1805,6,6,1,1,0,0.02,0.0,0.02,0.0,0.18000000000000002,0.04000000000000001,0.18333333333333335,6.935017163571231,6.869017163571231,-0.06600000000000072,9.749846458435059,0.2149566943774276,90,,,
chesca_commitment_full_mesh,1806,7,6,6,0,6,0.0,0.18,0.0,0.2,2.0816681711721685e-17,6.938893903907228e-18,0.21666666666666667,5.820026297745551,6.4029551629181976,0.5829288651726463,9.749846458435059,-0.18647964017942956,90,,,
chesca_commitment_full_mesh,1807,8,6,0,0,0,0.0,0.0,0.0,0.0,2.0816681711721685e-17,6.938893903907228e-18,0.19000000000000003,5.138222781060231,5.138222781060231,0.0,9.749846458435059,-0.05018518389067472,90,,,
chesca_commitment_full_mesh,1808,9,6,6,6,0,0.16000000000000003,0.0,0.16000000000000003,0.0,0.16000000000000003,0.04000000000000001,0.21333333333333335,4.66687594923982,4.08287594923982,-0.5840000000000005,9.749846458435059,0.16749981068648612,90,,,
chesca_commitment_full_mesh,1809,10,6,0,0,0,0.0,0.0,0.0,0.0,0.16000000000000003,0.04000000000000001,0.21,4.0995035744754516,4.0995035744754516,0.0,9.749846458435059,0.21991855678341082,90,,,
chesca_commitment_full_mesh,1810,11,6,0,0,0,0.0,0.0,0.0,0.0,0.16000000000000003,0.04000000000000001,0.18666666666666668,4.506493744669271,4.506493744669271,0.0,9.749846458435059,0.05372110150409444,90,,,
chesca_commitment_full_mesh,1811,12,6,0,0,0,0.0,0.0,0.0,0.0,0.16000000000000003,0.04000000000000001,0.18666666666666668,4.67623214676353,4.676232146763529,-8.881784197001252e-16,9.749846458435059,0.1820987694509008,90,,,
chesca_commitment_full_mesh,1812,13,6,0,0,0,0.0,0.0,0.0,0.0,0.16000000000000003,0.04000000000000001,0.18333333333333335,5.182872899559598,5.182872899559598,0.0,9.749846458435059,0.10757622540242343,90,,,
chesca_commitment_full_mesh,1813,14,6,0,0,0,0.0,0.0,0.0,0.0,0.16000000000000003,0.04000000000000001,0.18333333333333335,6.623176985371728,6.623176985371729,8.881784197001252e-16,9.749846458435059,0.21933638822836055,90,,,
chesca_commitment_full_mesh,1814,15,6,0,0,0,0.0,0.0,0.0,0.0,0.16000000000000003,0.04000000000000001,0.18333333333333335,7.652846131784156,7.652846131784156,0.0,9.749846458435059,0.1345712301586563,90,,,
chesca_commitment_full_mesh,1815,16,6,0,0,0,0.0,0.0,0.0,0.0,0.16000000000000003,0.04000000000000001,0.18333333333333335,6.848543968765963,6.848543968765963,0.0,9.749846458435059,0.057865714196749636,90,,,
chesca_commitment_full_mesh,1816,17,6,6,0,6,0.0,0.16,0.0,0.16,2.7755575615628914e-17,6.938893903907228e-18,0.19666666666666666,7.9474098020320465,8.416921920371585,0.469512118339539,9.73523998260498,0.005966370422888084,90,,,
chesca_commitment_full_mesh,1817,18,6,4,3,1,0.1,0.0,0.1,0.020000000000000018,0.10000000000000002,0.04000000000000001,0.19666666666666668,8.713772626791686,8.327772626791687,-0.38599999999999923,9.73523998260498,0.09364307321344262,90,,,
chesca_commitment_full_mesh,1818,19,6,4,4,0,0.14,0.0,0.14,0.0,0.24000000000000005,0.06000000000000001,0.20666666666666667,11.773156355633661,11.283156355633661,-0.4900000000000002,9.66729736328125,0.6852257591939165,90,,,
chesca_commitment_full_mesh,1819,20,6,0,0,0,0.0,0.0,0.0,0.0,0.24000000000000005,0.06000000000000001,0.20666666666666667,11.091754325841656,11.091754325841656,0.0,9.583965301513672,0.7803092040152024,90,,,
chesca_commitment_full_mesh,1820,21,6,6,0,6,0.0,0.21999999999999997,0.0,0.22,0.02000000000000005,0.02000000000000001,0.24333333333333337,8.481719383916907,9.291719383916908,0.8100000000000005,9.583965301513672,-0.26984971194228247,90,,,
chesca_commitment_full_mesh,1821,22,6,1,0,1,0.0,0.02,0.0,0.02,4.85722573273506e-17,1.3877787807814457e-17,0.21666666666666667,8.295414577861683,8.361414577861684,0.06600000000000072,9.583965301513672,-0.06489909444153662,90,,,
chesca_commitment_full_mesh,1822,23,6,0,0,0,0.0,0.0,0.0,0.0,4.85722573273506e-17,1.3877787807814457e-17,0.21666666666666667,8.066964128821981,8.066964128821981,0.0,9.583965301513672,0.07672008510315083,90,,,
chesca_commitment_full_mesh,1823,24,6,0,0,0,0.0,0.0,0.0,0.0,4.85722573273506e-17,1.3877787807814457e-17,0.21333333333333335,7.222672733567208,7.222672733567208,0.0,9.482795715332031,0.01783942191157542,90,,,
chesca_commitment_full_mesh,1824,1,6,3,3,0,0.08000000000000002,0.0,0.08000000000000002,0.0,0.08000000000000006,0.04000000000000001,0.20333333333333334,9.3995920015617,9.0935920015617,-0.30600000000000094,9.342730522155762,0.1945770840256667,90,,,
chesca_commitment_full_mesh,1825,2,6,3,0,3,0.0,0.06000000000000001,0.0,0.06000000000000001,0.020000000000000046,0.020000000000000004,0.20666666666666667,8.093798184072076,8.319798184072077,0.22600000000000087,9.263799667358398,-0.0026414442466505123,90,,,
chesca_commitment_full_mesh,1826,3,6,5,0,5,0.0,0.020000000000000035,0.0,0.10000000000000002,1.0408340855860843e-17,1.0408340855860843e-17,0.21333333333333335,5.79278690084597,6.1647869008459715,0.37200000000000166,9.263799667358398,-0.1328079786154593,90,,,
chesca_commitment_full_mesh,1827,4,6,0,0,0,0.0,0.0,0.0,0.0,1.0408340855860843e-17,1.0408340855860843e-17,0.21333333333333335,5.522322084903063,5.522322084903063,0.0,9.263799667358398,-0.03239584633401642,90,,,
chesca_commitment_full_mesh,1828,5,6,0,0,0,0.0,0.0,0.0,0.0,1.0408340855860843e-17,1.0408340855860843e-17,0.21333333333333335,5.139143178515065,5.139143178515065,0.0,9.263799667358398,0.007765124660445988,90,,,
chesca_commitment_full_mesh,1829,6,6,2,2,0,0.06,0.0,0.06,0.0,0.06000000000000001,0.04,0.22,5.4570679591754985,5.259067959175498,-0.1980000000000004,9.263799667358398,0.08500284249602061,90,,,
chesca_commitment_full_mesh,1830,7,6,1,1,0,0.020000000000000004,0.0,0.020000000000000004,0.0,0.08000000000000002,0.04,0.19000000000000003,4.620402854987995,4.554402854987996,-0.06599999999999984,9.263799667358398,0.10700486936939121,90,,,
chesca_commitment_full_mesh,1831,8,6,0,0,0,0.0,0.0,0.0,0.0,0.08000000000000002,0.04,0.19000000000000003,3.421829051538836,3.421829051538836,0.0,9.263799667358398,0.0472808286193241,90,,,
chesca_commitment_full_mesh,1832,9,6,3,3,0,0.08,0.0,0.08,0.0,0.16000000000000003,0.04,0.17666666666666667,3.2981967420243503,2.9781967420243505,-0.31999999999999984,9.263799667358398,0.09661118690352735,90,,,
chesca_commitment_full_mesh,1833,10,6,6,0,6,0.0,0.16,0.0,0.16,1.3877787807814457e-17,1.0408340855860843e-17,0.20333333333333337,0.8993473992407905,1.1956965661157786,0.296349166874988,9.263799667358398,-0.05032482826058264,90,,,
chesca_commitment_full_mesh,1834,11,6,4,4,0,0.1,0.0,0.1,0.0,0.10000000000000002,0.04000000000000001,0.22,2.2947289396344983,1.9507289396344991,-0.3439999999999992,9.263799667358398,0.16214274991784153,90,,,
chesca_commitment_full_mesh,1835,12,6,0,0,0,0.0,0.0,0.0,0.0,0.10000000000000002,0.04000000000000001,0.22,2.8907155000076017,2.8907155000076017,0.0,9.263799667358398,0.2517561156669334,90,,,
chesca_commitment_full_mesh,1836,13,6,0,0,0,0.0,0.0,0.0,0.0,0.10000000000000002,0.04000000000000001,0.22,3.256536127133274,3.256536127133274,0.0,9.263799667358398,0.18077492468271283,90,,,
chesca_commitment_full_mesh,1837,14,6,0,0,0,0.0,0.0,0.0,0.0,0.10000000000000002,0.04000000000000001,0.22,2.766724168850132,2.7667241688501325,4.440892098500626e-16,9.263799667358398,0.11884681916060255,90,,,
chesca_commitment_full_mesh,1838,15,6,0,0,0,0.0,0.0,0.0,0.0,0.10000000000000002,0.04000000000000001,0.22,5.421802957197444,5.421802957197444,0.0,9.263799667358398,0.2718068510840671,90,,,
chesca_commitment_full_mesh,1839,16,6,2,2,0,0.04000000000000001,0.0,0.04000000000000001,0.0,0.14,0.04000000000000001,0.22666666666666666,7.27301513240122,7.11301513240122,-0.16000000000000014,9.263799667358398,0.5942707721540764,90,,,
chesca_commitment_full_mesh,1840,17,6,0,0,0,0.0,0.0,0.0,0.0,0.14,0.04000000000000001,0.20000000000000004,8.851316789864269,8.851316789864269,0.0,9.342730522155762,0.28721360001681073,90,,,
chesca_commitment_full_mesh,1841,18,6,0,0,0,0.0,0.0,0.0,0.0,0.14,0.04000000000000001,0.18000000000000002,10.081101496287538,10.081101496287536,-1.7763568394002505e-15,9.342730522155762,0.15105811312419867,90,,,
chesca_commitment_full_mesh,1842,19,6,5,5,0,0.16,0.0,0.16,0.0,0.30000000000000004,0.06000000000000001,0.18333333333333335,12.28107743920898,11.683077439208981,-0.597999999999999,9.338777542114258,0.8107267351743004,90,,,
chesca_commitment_full_mesh,1843,20,6,0,0,0,0.0,0.0,0.0,0.0,0.30000000000000004,0.06000000000000001,0.18333333333333335,12.700670922994613,12.700670922994613,0.0,9.338777542114258,1.0094420188411775,90,,,
chesca_commitment_full_mesh,1844,21,6,0,0,0,0.0,0.0,0.0,0.0,0.30000000000000004,0.06000000000000001,0.14666666666666667,11.022126990556716,11.022126990556718,1.7763568394002505e-15,9.338777542114258,0.3184930582298016,90,,,
chesca_commitment_full_mesh,1845,22,6,6,0,6,0.0,0.24000000000000002,0.0,0.24000000000000002,0.060000000000000026,0.02000000000000001,0.18333333333333335,8.181684377480945,9.057684377480944,0.8759999999999994,9.338777542114258,-0.11332662102687535,90,,,
chesca_commitment_full_mesh,1846,23,6,3,0,3,0.0,0.060000000000000005,0.0,0.06000000000000001,2.0816681711721685e-17,6.938893903907228e-18,0.19333333333333336,8.199526871722718,8.425526871722717,0.2259999999999991,9.263799667358398,0.00809106537671004,90,,,
chesca_commitment_full_mesh,1847,24,6,0,0,0,0.0,0.0,0.0,0.0,2.0816681711721685e-17,6.938893903907228e-18,0.19333333333333336,9.171412521975707,9.171412521975707,0.0,9.154780387878418,0.03693286474711249,90,,,
chesca_commitment_full_mesh,1848,1,6,4,4,0,0.16,0.0,0.16,0.0,0.16000000000000003,0.04000000000000001,0.20666666666666667,9.814151589928779,9.25815158992878,-0.5559999999999992,9.154780387878418,0.14407555577124953,90,,,
chesca_commitment_full_mesh,1849,2,6,4,0,4,0.0,0.10000000000000002,0.0,0.10000000000000002,0.060000000000000005,0.019999999999999997,0.21333333333333335,8.456809550732821,8.800809550732819,0.34399999999999764,9.154780387878418,-0.018799232664291697,90,,,
chesca_commitment_full_mesh,1850,3,6,6,0,6,0.0,0.060000000000000005,0.0,0.16000000000000003,0.0,0.0,0.22333333333333336,6.032139574162548,6.630139574162548,0.5980000000000008,9.14309310913086,-0.15085408256787824,90,,,
chesca_commitment_full_mesh,1851,4,6,0,0,0,0.0,0.0,0.0,0.0,0.0,0.0,0.22333333333333336,5.863434981418648,5.863434981418648,0.0,9.14309310913086,-0.01616344841725159,90,,,
chesca_commitment_full_mesh,1852,5,6,0,0,0,0.0,0.0,0.0,0.0,0.0,0.0,0.22333333333333336,5.41148418440328,5.41148418440328,0.0,9.14309310913086,0.012001204911324378,90,,,
chesca_commitment_full_mesh,1853,6,6,0,0,0,0.0,0.0,0.0,0.0,0.0,0.0,0.21333333333333335,5.917948799107422,5.917948799107422,0.0,9.14309310913086,0.010257660820447642,90,,,
chesca_commitment_full_mesh,1854,7,6,1,0,1,0.0,0.0,0.0,0.019999999999999962,0.0,0.0,0.21333333333333335,6.618935729240075,6.618935729240075,0.0,9.14309310913086,0.004270340158519695,90,,,
chesca_commitment_full_mesh,1855,8,6,3,0,3,0.0,0.0,0.0,0.06000000000000001,0.0,0.0,0.22333333333333336,3.8827084443587943,4.0599572827045725,0.1772488383457782,9.14309310913086,-0.11089348452423044,90,,,
chesca_commitment_full_mesh,1856,9,6,0,0,0,0.0,0.0,0.0,0.0,0.0,0.0,0.21,2.9018144727179775,2.901814472717978,4.440892098500626e-16,9.14309310913086,0.05123839928045257,90,,,
chesca_commitment_full_mesh,1857,10,6,0,0,0,0.0,0.0,0.0,0.0,0.0,0.0,0.18333333333333332,3.328739950483356,3.3287399504833557,-4.440892098500626e-16,9.14309310913086,0.020941985272599578,90,,,
chesca_commitment_full_mesh,1858,11,6,0,0,0,0.0,0.0,0.0,0.0,0.0,0.0,0.16666666666666666,2.504082342424504,2.504082342424504,0.0,9.14309310913086,-0.02934759239204876,90,,,
chesca_commitment_full_mesh,1859,12,6,0,0,0,0.0,0.0,0.0,0.0,0.0,0.0,0.16666666666666666,3.0132321655256833,3.0132321655256833,0.0,9.14309310913086,-0.022862549143311428,90,,,
chesca_commitment_full_mesh,1860,13,6,6,6,0,0.24000000000000005,0.0,0.24000000000000005,0.0,0.24000000000000005,0.04000000000000001,0.20666666666666667,4.441765954609993,3.5657659546099936,-0.8759999999999994,9.14309310913086,0.15951170265021059,90,,,
chesca_commitment_full_mesh,1861,14,6,0,0,0,0.0,0.0,0.0,0.0,0.24000000000000005,0.04000000000000001,0.20666666666666667,5.23912424067371,5.239124240673709,-8.881784197001252e-16,9.14309310913086,0.357357789108793,90,,,
chesca_commitment_full_mesh,1862,15,6,0,0,0,0.0,0.0,0.0,0.0,0.24000000000000005,0.04000000000000001,0.20666666666666667,6.007029032579969,6.007029032579969,0.0,9.14309310913086,0.120282682010235,90,,,
chesca_commitment_full_mesh,1863,16,6,0,0,0,0.0,0.0,0.0,0.0,0.24000000000000005,0.04000000000000001,0.19999999999999998,6.868277126233755,6.868277126233755,0.0,9.14309310913086,0.3422669783183362,90,,,
chesca_commitment_full_mesh,1864,17,6,0,0,0,0.0,0.0,0.0,0.0,0.24000000000000005,0.04000000000000001,0.19999999999999998,7.895051609829938,7.895051609829938,0.0,9.14309310913086,0.33867182920201755,90,,,
chesca_commitment_full_mesh,1865,18,6,0,0,0,0.0,0.0,0.0,0.0,0.24000000000000005,0.04000000000000001,0.19999999999999998,8.110736198523997,8.110736198523997,0.0,9.055536270141602,0.38449919434130714,90,,,
chesca_commitment_full_mesh,1866,19,6,0,0,0,0.0,0.0,0.0,0.0,0.24000000000000005,0.04000000000000001,0.1733333333333333,9.163141700283765,9.163141700283765,0.0,9.025111198425293,0.12616950757288498,90,,,
chesca_commitment_full_mesh,1867,20,6,0,0,0,0.0,0.0,0.0,0.0,0.24000000000000005,0.04000000000000001,0.1733333333333333,10.280198978185652,10.280198978185652,0.0,8.98197078704834,0.4764935893868845,90,,,
chesca_commitment_full_mesh,1868,21,6,6,0,6,0.0,0.24000000000000002,0.0,0.24000000000000002,1.3877787807814457e-17,6.938893903907228e-18,0.21333333333333335,9.102641001701356,9.978641001701355,0.8759999999999994,8.98197078704834,-0.2241771176119969,90,,,
chesca_commitment_full_mesh,1869,22,6,6,0,6,0.0,1.3877787807814457e-17,0.0,0.18,0.0,0.0,0.20333333333333334,7.442770324707016,8.120770324707015,0.677999999999999,8.98197078704834,-0.8093583856069295,90,,,
chesca_commitment_full_mesh,1870,23,6,4,0,4,0.0,0.0,0.0,0.10000000000000002,0.0,0.0,0.21,7.417767885130949,7.789767885130948,0.371999999999999,8.98197078704834,-0.15356195274988096,90,,,
chesca_commitment_full_mesh,1871,24,6,0,0,0,0.0,0.0,0.0,0.0,0.0,0.0,0.21,8.624991008328465,8.624991008328463,-1.7763568394002505e-15,8.98197078704834,0.06565479740214482,90,,,
chesca_commitment_full_mesh,1872,1,6,0,0,0,0.0,0.0,0.0,0.0,0.0,0.0,0.18333333333333335,8.62052767085101,8.62052767085101,0.0,8.913872718811035,-0.0551334426860883,90,,,
chesca_commitment_full_mesh,1873,2,6,5,0,5,0.0,0.0,0.0,0.18000000000000002,0.0,0.0,0.19666666666666668,7.226507015537111,7.862507015537111,0.6360000000000001,8.861230850219727,-0.08253245912893287,90,,,
chesca_commitment_full_mesh,1874,3,6,4,0,4,0.0,0.0,0.0,0.14,0.0,0.0,0.19333333333333336,5.83524019173376,6.32524019173376,0.4900000000000002,8.861230850219727,-0.17313859539587473,90,,,
chesca_commitment_full_mesh,1875,4,6,0,0,0,0.0,0.0,0.0,0.0,0.0,0.0,0.19333333333333336,6.001678283704988,6.0016782837049885,8.881784197001252e-16,8.861230850219727,-0.05071436088244035,90,,,
chesca_commitment_full_mesh,1876,5,6,0,0,0,0.0,0.0,0.0,0.0,0.0,0.0,0.19333333333333336,6.183011584542832,6.183011584542832,0.0,8.861230850219727,0.014038164885164597,90,,,
chesca_commitment_full_mesh,1877,6,6,0,0,0,0.0,0.0,0.0,0.0,0.0,0.0,0.19333333333333336,6.266091306523897,6.266091306523896,-8.881784197001252e-16,8.861230850219727,0.02112610223628509,90,,,
chesca_commitment_full_mesh,1878,7,6,0,0,0,0.0,0.0,0.0,0.0,0.0,0.0,0.19000000000000006,5.25231494290799,5.252314942907991,8.881784197001252e-16,8.861230850219727,-0.02412499917798798,90,,,
chesca_commitment_full_mesh,1879,8,6,6,0,6,0.0,0.0,0.0,0.14,0.0,0.0,0.20333333333333337,5.692726175531819,6.133199743881195,0.44047356834937634,8.913872718811035,-0.4243977410327122,90,,,
chesca_commitment_full_mesh,1880,9,6,5,0,5,0.0,0.0,0.0,0.12,0.0,0.0,0.22333333333333336,5.799528073746288,6.190015211235393,0.3904871374891048,8.913872718811035,-0.47829285034457314,90,,,
chesca_commitment_full_mesh,1881,10,6,0,0,0,0.0,0.0,0.0,0.0,0.0,0.0,0.22333333333333336,5.692413330658832,5.692413330658832,0.0,8.861230850219727,-0.0962224420832008,90,,,
chesca_commitment_full_mesh,1882,11,6,2,0,2,0.0,0.0,0.0,0.04,0.0,0.0,0.23,5.308483100158864,5.454483100158864,0.1459999999999999,8.809442520141602,-0.3758270532866206,90,,,
chesca_commitment_full_mesh,1883,12,6,0,0,0,0.0,0.0,0.0,0.0,0.0,0.0,0.23,5.460008201269478,5.460008201269478,0.0,8.809442520141602,0.08440076612522565,90,,,
chesca_commitment_full_mesh,1884,13,6,0,0,0,0.0,0.0,0.0,0.0,0.0,0.0,0.19000000000000003,6.884928356713497,6.884928356713497,0.0,8.809442520141602,0.022285451825859212,90,,,
chesca_commitment_full_mesh,1885,14,6,0,0,0,0.0,0.0,0.0,0.0,0.0,0.0,0.19000000000000003,7.3072661675355235,7.307266167535524,8.881784197001252e-16,8.809442520141602,-0.03331397136286712,90,,,
chesca_commitment_full_mesh,1886,15,6,5,4,1,0.12000000000000002,0.0,0.12000000000000002,0.020000000000000018,0.12000000000000002,0.04000000000000001,0.21333333333333337,9.933394247222571,9.467394247222572,-0.4659999999999993,8.861230850219727,0.0807396348931191,90,,,
chesca_commitment_full_mesh,1887,16,6,3,3,0,0.08,0.0,0.08,0.0,0.2,0.04000000000000001,0.22666666666666668,10.69800493844818,10.42000493844818,-0.27800000000000047,8.913872718811035,0.7195789739000252,90,,,
chesca_commitment_full_mesh,1888,17,6,4,4,0,0.08000000000000002,0.0,0.08000000000000002,0.0,0.28,0.06000000000000001,0.24,12.974804187626827,12.682804187626827,-0.2919999999999998,8.913872718811035,1.140726751271217,90,,,
chesca_commitment_full_mesh,1889,18,6,0,0,0,0.0,0.0,0.0,0.0,0.28,0.06000000000000001,0.24,11.338800506481977,11.338800506481977,0.0,8.913872718811035,0.8838317128108824,90,,,
chesca_commitment_full_mesh,1890,19,6,0,0,0,0.0,0.0,0.0,0.0,0.28,0.06000000000000001,0.24,12.621846548648818,12.621846548648818,0.0,8.913872718811035,1.2057840392304895,90,,,
chesca_commitment_full_mesh,1891,20,6,0,0,0,0.0,0.0,0.0,0.0,0.28,0.06000000000000001,0.24,11.204969130834309,11.204969130834309,0.0,8.913872718811035,0.04140291852689003,90,,,
chesca_commitment_full_mesh,1892,21,6,6,0,6,0.0,0.24,0.0,0.24000000000000002,0.04000000000000004,0.02000000000000001,0.24,10.580563889156352,11.45656388915635,0.8759999999999977,8.913872718811035,-0.09379694833311078,90,,,
chesca_commitment_full_mesh,1893,22,6,4,0,4,0.0,0.04000000000000002,0.0,0.08000000000000002,2.42861286636753e-17,1.0408340855860843e-17,0.22333333333333336,7.923330576704578,8.229330576704578,0.30600000000000005,8.913872718811035,-0.6230472983458443,90,,,
chesca_commitment_full_mesh,1894,23,6,6,0,6,0.0,2.42861286636753e-17,0.0,0.18000000000000002,0.0,0.0,0.2366666666666667,8.894984621490238,9.572984621490237,0.677999999999999,8.913872718811035,-0.8098921652408346,90,,,
chesca_commitment_full_mesh,1895,24,6,0,0,0,0.0,0.0,0.0,0.0,0.0,0.0,0.2366666666666667,8.276033358522426,8.276033358522426,0.0,8.913872718811035,-0.2446939411061862,90,,,
chesca_commitment_full_mesh,1896,1,6,2,2,0,0.04000000000000001,0.0,0.04000000000000001,0.0,0.04000000000000001,0.020000000000000004,0.24333333333333337,10.660616475769054,10.514616475769053,-0.1460000000000008,8.861230850219727,0.47978189627069273,90,,,
chesca_commitment_full_mesh,1897,2,6,2,0,2,0.0,0.04000000000000001,0.0,0.04000000000000001,0.0,0.0,0.22,9.569505742415675,9.715505742415674,0.14599999999999902,8.861230850219727,-0.04897193751424614,90,,,
chesca_commitment_full_mesh,1898,3,6,5,0,5,0.0,0.0,0.0,0.10000000000000002,0.0,0.0,0.21333333333333335,7.709864928803903,8.067864928803903,0.35800000000000054,8.861230850219727,-0.3722926221134336,90,,,
chesca_commitment_full_mesh,1899,4,6,3,0,3,0.0,0.0,0.0,0.10000000000000002,0.0,0.0,0.22999999999999998,7.134444651361859,7.478444651361858,0.3439999999999994,8.861230850219727,-0.27707092400488426,90,,,
chesca_commitment_full_mesh,1900,5,6,1,0,1,0.0,0.0,0.0,0.020000000000000004,0.0,0.0,0.2333333333333333,6.4397324824671704,6.51973248246717,0.07999999999999918,8.861230850219727,-0.3188483238346181,90,,,
chesca_commitment_full_mesh,1901,6,6,0,0,0,0.0,0.0,0.0,0.0,0.0,0.0,0.2333333333333333,6.89738699537322,6.897386995373221,8.881784197001252e-16,8.861230850219727,-0.15473373943590377,90,,,
chesca_commitment_full_mesh,1902,7,6,0,0,0,0.0,0.0,0.0,0.0,0.0,0.0,0.2333333333333333,5.972457254954058,5.972457254954058,0.0,8.861230850219727,-0.2098095918325722,90,,,
chesca_commitment_full_mesh,1903,8,6,0,0,0,0.0,0.0,0.0,0.0,0.0,0.0,0.21000000000000005,5.598133260827887,5.598133260827887,0.0,8.861230850219727,-0.13170361703513433,90,,,
chesca_commitment_full_mesh,1904,9,6,6,0,6,0.0,0.0,0.0,0.16000000000000003,0.0,0.0,0.2166666666666667,4.434572810934834,4.949775213095731,0.515202402160897,8.913872718811035,-0.8727756998449892,90,,,
chesca_commitment_full_mesh,1905,10,6,3,0,3,0.0,0.0,0.0,0.06000000000000001,0.0,0.0,0.22666666666666668,3.115878475119808,3.2474070842911504,0.13152860917134257,8.913872718811035,-0.3955447049180543,90,,,
chesca_commitment_full_mesh,1906,11,6,0,0,0,0.0,0.0,0.0,0.0,0.0,0.0,0.22,3.0575414994529098,3.0575414994529098,0.0,8.913872718811035,-0.1380547147521332,90,,,
chesca_commitment_full_mesh,1907,12,6,1,0,1,0.0,0.0,0.0,0.02,0.0,0.0,0.22333333333333336,3.019112630467625,3.064644710944559,0.045532080476934134,8.913872718811035,-0.10919655845914167,90,,,
chesca_commitment_full_mesh,1908,13,6,0,0,0,0.0,0.0,0.0,0.0,0.0,0.0,0.22333333333333336,4.805631421497019,4.8056314214970195,8.881784197001252e-16,8.913872718811035,0.06619050652534653,90,,,
chesca_commitment_full_mesh,1909,14,6,0,0,0,0.0,0.0,0.0,0.0,0.0,0.0,0.22333333333333336,4.818702702520012,4.818702702520012,0.0,8.913872718811035,-0.19263751826150116,90,,,
chesca_commitment_full_mesh,1910,15,6,0,0,0,0.0,0.0,0.0,0.0,0.0,0.0,0.19999999999999998,6.707497397122172,6.707497397122172,0.0,8.913872718811035,0.12659807646055632,90,,,
chesca_commitment_full_mesh,1911,16,6,6,6,0,0.18000000000000005,0.0,0.18000000000000005,0.0,0.18000000000000005,0.04000000000000001,0.21666666666666667,11.285453259453016,10.607453259453019,-0.6779999999999973,8.955463409423828,0.5809265269282977,90,,,
chesca_commitment_full_mesh,1912,17,6,0,0,0,0.0,0.0,0.0,0.0,0.18000000000000005,0.04000000000000001,0.20333333333333337,11.004927399291295,11.004927399291294,-1.7763568394002505e-15,8.955463409423828,0.4545242171235391,90,,,
chesca_commitment_full_mesh,1913,18,6,4,4,0,0.09999999999999999,0.0,0.09999999999999999,0.0,0.28,0.06000000000000001,0.22,11.693675780991095,11.349675780991094,-0.3440000000000012,8.955463409423828,1.0020089724901373,90,,,
chesca_commitment_full_mesh,1914,19,6,2,2,0,0.04,0.0,0.04,0.0,0.32,0.06000000000000001,0.22666666666666668,15.274101889368563,15.114101889368563,-0.16000000000000014,8.955463409423828,1.2850946893013468,90,,,
chesca_commitment_full_mesh,1915,20,6,0,0,0,0.0,0.0,0.0,0.0,0.32,0.06000000000000001,0.22666666666666668,12.809867908594,12.809867908594,0.0,8.955463409423828,0.6086773610437121,90,,,
chesca_commitment_full_mesh,1916,21,6,6,0,6,0.0,0.24,0.0,0.24000000000000002,0.08000000000000003,0.02000000000000001,0.22666666666666668,11.45003816823966,12.326038168239661,0.8760000000000012,8.955463409423828,-0.19593198591949396,90,,,
chesca_commitment_full_mesh,1917,22,6,6,0,6,0.0,0.08000000000000002,0.0,0.12000000000000002,2.42861286636753e-17,1.0408340855860843e-17,0.23333333333333336,8.60050473844159,9.038504738441588,0.43799999999999883,8.955463409423828,-0.5709612576449433,90,,,
chesca_commitment_full_mesh,1918,23,6,0,0,0,0.0,0.0,0.0,0.0,2.42861286636753e-17,1.0408340855860843e-17,0.20333333333333334,9.8698975576202,9.869897557620199,-1.7763568394002505e-15,8.913872718811035,0.18780001303199148,90,,,
chesca_commitment_full_mesh,1919,24,6,4,0,4,0.0,1.734723475976807e-17,0.0,0.10000000000000002,6.938893903907228e-18,6.938893903907228e-18,0.22,9.653367637344372,10.039367637344371,0.38599999999999923,8.913872718811035,-0.08515287217882417,90,,,
chesca_commitment_full_mesh,1920,1,6,0,0,0,0.0,0.0,0.0,0.0,6.938893903907228e-18,6.938893903907228e-18,0.21333333333333335,10.603694536345671,10.603694536345671,0.0,8.913872718811035,0.30545608567520754,90,,,
chesca_commitment_full_mesh,1921,2,6,2,0,2,0.0,0.0,0.0,0.04000000000000001,6.938893903907228e-18,6.938893903907228e-18,0.21333333333333335,9.287772916336303,9.433772916336304,0.1460000000000008,8.913872718811035,-0.16020211615073024,90,,,
chesca_commitment_full_mesh,1922,3,6,2,0,2,0.0,0.0,0.0,0.04000000000000001,6.938893903907228e-18,6.938893903907228e-18,0.20333333333333334,7.477807721944467,7.623807721944467,0.1459999999999999,8.913872718811035,-0.3256241143219828,90,,,
chesca_commitment_full_mesh,1923,4,6,5,0,5,0.0,6.938893903907228e-18,0.0,0.10000000000000002,0.0,0.0,0.20333333333333334,8.54314096087321,8.901140960873208,0.35799999999999876,8.913872718811035,-0.20344116894393582,90,,,
chesca_commitment_full_mesh,1924,5,6,5,0,5,0.0,0.0,0.0,0.14,0.0,0.0,0.22333333333333336,5.974512091203487,6.478512091203488,0.5040000000000004,8.913872718811035,-0.3781021106493565,90,,,
chesca_commitment_full_mesh,1925,6,6,1,0,1,0.0,0.0,0.0,0.02,0.0,0.0,0.22666666666666668,6.8112298494075585,6.891229849407559,0.08000000000000007,8.913872718811035,-0.14614561937539394,90,,,
chesca_commitment_full_mesh,1926,7,6,0,0,0,0.0,0.0,0.0,0.0,0.0,0.0,0.22666666666666668,6.223670554606299,6.223670554606299,0.0,8.913872718811035,-0.15049059578738955,90,,,
chesca_commitment_full_mesh,1927,8,6,0,0,0,0.0,0.0,0.0,0.0,0.0,0.0,0.22666666666666668,5.807023051790148,5.807023051790148,0.0,8.913872718811035,-0.1280369150452878,90,,,
chesca_commitment_full_mesh,1928,9,6,0,0,0,0.0,0.0,0.0,0.0,0.0,0.0,0.19999999999999998,4.8724657873667,4.8724657873667,0.0,8.913872718811035,-0.1042789689660587,90,,,
chesca_commitment_full_mesh,1929,10,6,6,0,6,0.0,0.0,0.0,0.12000000000000001,0.0,0.0,0.21,3.5422606098977303,3.879300228113935,0.33703961821620476,8.955463409423828,-0.585319745590468,90,,,
chesca_commitment_full_mesh,1930,11,6,4,0,4,0.0,0.0,0.0,0.08,0.0,0.0,0.22333333333333336,1.3146346461673613,1.513766035043237,0.19913138887587567,8.955463409423828,-0.3746809656483016,90,,,
chesca_commitment_full_mesh,1931,12,6,1,1,0,0.02,0.0,0.02,0.0,0.02,0.02,0.22333333333333336,4.545040689043777,4.479040689043777,-0.06599999999999984,8.955463409423828,0.11757578814061938,90,,,
chesca_commitment_full_mesh,1932,13,6,0,0,0,0.0,0.0,0.0,0.0,0.02,0.02,0.22333333333333336,5.339417067612209,5.339417067612209,0.0,8.955463409423828,0.1334770110970866,90,,,
chesca_commitment_full_mesh,1933,14,6,1,0,1,0.0,0.02,0.0,0.02,0.0,0.0,0.22666666666666668,4.764277269102228,4.802525429745753,0.03824816064352454,8.955463409423828,-0.0067187186722578035,90,,,
chesca_commitment_full_mesh,1934,15,6,0,0,0,0.0,0.0,0.0,0.0,0.0,0.0,0.22666666666666668,6.6983101281499415,6.6983101281499415,0.0,8.955463409423828,0.1680157521629928,90,,,
chesca_commitment_full_mesh,1935,16,6,2,2,0,0.04000000000000001,0.0,0.04000000000000001,0.0,0.04000000000000001,0.020000000000000004,0.20333333333333334,8.670609561579614,8.510609561579614,-0.16000000000000014,8.955463409423828,0.39938549172826165,90,,,
chesca_commitment_full_mesh,1936,17,6,6,5,1,0.12000000000000001,0.0,0.12000000000000001,0.019999999999999962,0.16000000000000003,0.04000000000000001,0.22666666666666668,10.241960001620807,9.789960001620807,-0.45199999999999996,8.955463409423828,0.6425685344613817,90,,,
chesca_commitment_full_mesh,1937,18,6,5,5,0,0.12,0.0,0.12,0.0,0.28,0.06000000000000001,0.23,12.99138783193002,12.567387831930017,-0.42400000000000304,8.932141304016113,1.4529831819623356,90,,,
chesca_commitment_full_mesh,1938,19,6,2,2,0,0.04,0.0,0.04,0.0,0.32,0.06000000000000001,0.23,15.213336166164332,15.067336166164331,-0.1460000000000008,8.932141304016113,1.6783804791421353,90,,,
chesca_commitment_full_mesh,1939,20,6,0,0,0,0.0,0.0,0.0,0.0,0.32,0.06000000000000001,0.23,13.873257357583366,13.873257357583368,1.7763568394002505e-15,8.932141304016113,0.8506540113179352,90,,,
chesca_commitment_full_mesh,1940,21,6,0,0,0,0.0,0.0,0.0,0.0,0.32,0.06000000000000001,0.18999999999999997,12.780318657611014,12.780318657611014,0.0,8.932141304016113,0.900078736111479,90,,,
chesca_commitment_full_mesh,1941,22,6,6,0,6,0.0,0.24000000000000002,0.0,0.24000000000000002,0.08000000000000002,0.02000000000000001,0.21,10.3754424201355,11.2514424201355,0.8760000000000012,8.932141304016113,-0.04920199695770422,90,,,
chesca_commitment_full_mesh,1942,23,6,4,0,4,0.0,0.07999999999999999,0.0,0.08000000000000002,3.122502256758253e-17,1.0408340855860843e-17,0.22333333333333336,9.57394829810454,9.879948298104539,0.30599999999999916,8.932141304016113,-0.2079520416283583,90,,,
chesca_commitment_full_mesh,1943,24,6,0,0,0,0.0,0.0,0.0,0.0,3.122502256758253e-17,1.0408340855860843e-17,0.20666666666666667,9.975817185315636,9.975817185315638,1.7763568394002505e-15,8.932141304016113,0.07647548899084017,90,,,
chesca_commitment_full_mesh,1944,1,6,0,0,0,0.0,0.0,0.0,0.0,3.122502256758253e-17,1.0408340855860843e-17,0.20666666666666667,9.762123401462464,9.762123401462464,0.0,8.932141304016113,-0.00198394429247635,90,,,
chesca_commitment_full_mesh,1945,2,6,4,0,4,0.0,2.42861286636753e-17,0.0,0.08000000000000002,6.938893903907228e-18,6.938893903907228e-18,0.21333333333333335,8.66306542140906,8.969065421409061,0.30600000000000094,8.932141304016113,-0.2158801506267859,90,,,
chesca_commitment_full_mesh,1946,3,6,2,0,2,0.0,0.0,0.0,0.04000000000000001,6.938893903907228e-18,6.938893903907228e-18,0.21333333333333335,7.677084032372829,7.8230840323728295,0.1460000000000008,8.872978210449219,-0.27321095165831993,90,,,
chesca_commitment_full_mesh,1947,4,6,2,0,2,0.0,0.0,0.0,0.04000000000000001,6.938893903907228e-18,6.938893903907228e-18,0.20333333333333334,6.630201316688437,6.776201316688438,0.1460000000000008,8.872978210449219,-0.27007149697402516,90,,,
chesca_commitment_full_mesh,1948,5,6,5,0,5,0.0,6.938893903907228e-18,0.0,0.10000000000000002,0.0,0.0,0.19666666666666666,5.86820865185725,6.22620865185725,0.35799999999999965,8.872978210449219,-0.2150829435271937,90,,,
chesca_commitment_full_mesh,1949,6,6,5,0,5,0.0,0.0,0.0,0.14,0.0,0.0,0.21666666666666667,6.391709052779865,6.878548371402107,0.48683931862224217,8.872978210449219,-0.1020151553138865,90,,,
chesca_commitment_full_mesh,1950,7,6,5,0,5,0.0,0.0,0.0,0.10000000000000002,0.0,0.0,0.23333333333333336,5.647822121887475,5.96905094884379,0.3212288269563155,8.932141304016113,-0.4401575978430123,90,,,
chesca_commitment_full_mesh,1951,8,6,0,0,0,0.0,0.0,0.0,0.0,0.0,0.0,0.23333333333333336,5.22752978623024,5.227529786230239,-8.881784197001252e-16,8.872978210449219,-0.09367861430245636,90,,,
chesca_commitment_full_mesh,1952,9,6,0,0,0,0.0,0.0,0.0,0.0,0.0,0.0,0.23333333333333336,3.14563869621142,3.14563869621142,0.0,8.872978210449219,-0.38698604527086083,90,,,
chesca_commitment_full_mesh,1953,10,6,0,0,0,0.0,0.0,0.0,0.0,0.0,0.0,0.21333333333333335,4.0216887207410705,4.021688720741071,8.881784197001252e-16,8.872978210449219,-0.07069864855566257,90,,,
chesca_commitment_full_mesh,1954,11,6,0,0,0,0.0,0.0,0.0,0.0,0.0,0.0,0.19999999999999998,4.398636560752278,4.398636560752279,8.881784197001252e-16,8.872978210449219,-0.02828549543504956,90,,,
chesca_commitment_full_mesh,1955,12,6,5,0,5,0.0,0.0,0.0,0.12000000000000001,0.0,0.0,0.21666666666666667,3.765404277095718,4.140678116204387,0.37527383910866874,8.872978210449219,-0.350968043897261,90,,,
chesca_commitment_full_mesh,1956,13,6,1,1,0,0.02,0.0,0.02,0.0,0.02,0.02,0.22,4.8953407388801615,4.829340738880162,-0.06599999999999984,8.872978210449219,0.10170864672160751,90,,,
chesca_commitment_full_mesh,1957,14,6,0,0,0,0.0,0.0,0.0,0.0,0.02,0.02,0.21666666666666667,6.068969626212991,6.068969626212991,0.0,8.872978210449219,0.03914973070473515,90,,,
chesca_commitment_full_mesh,1958,15,6,0,0,0,0.0,0.0,0.0,0.0,0.02,0.02,0.21666666666666667,7.288299019990328,7.288299019990327,-8.881784197001252e-16,8.872978210449219,0.11511824517197229,90,,,
chesca_commitment_full_mesh,1959,16,6,0,0,0,0.0,0.0,0.0,0.0,0.02,0.02,0.21,8.921588066307056,8.921588066307056,0.0,8.872978210449219,0.12404665335124142,90,,,
chesca_commitment_full_mesh,1960,17,6,6,6,0,0.15999999999999998,0.0,0.15999999999999998,0.0,0.18,0.04000000000000001,0.21333333333333335,11.8307066051835,11.232706605183498,-0.5980000000000025,8.872978210449219,0.8407249691445556,90,,,
chesca_commitment_full_mesh,1961,18,6,6,6,0,0.14,0.0,0.14,0.0,0.31999999999999995,0.06000000000000001,0.21666666666666667,14.727514629537097,14.209514629537098,-0.5179999999999989,8.872978210449219,1.4618862136007897,90,,,
chesca_commitment_full_mesh,1962,19,6,4,4,0,0.08,0.0,0.08,0.0,0.4,0.08000000000000002,0.22333333333333336,16.534251328907708,16.24225132890771,-0.29199999999999804,8.872978210449219,1.897925257238485,90,,,
chesca_commitment_full_mesh,1963,20,6,0,0,0,0.0,0.0,0.0,0.0,0.4,0.08000000000000002,0.22333333333333336,13.621656813621522,13.62165681362152,-1.7763568394002505e-15,8.872978210449219,0.5141934869987539,90,,,
chesca_commitment_full_mesh,1964,21,6,0,0,0,0.0,0.0,0.0,0.0,0.4,0.08000000000000002,0.22333333333333336,12.050403800010681,12.050403800010681,0.0,8.872978210449219,0.6641337643819545,90,,,
chesca_commitment_full_mesh,1965,22,6,6,0,6,0.0,0.24000000000000002,0.0,0.24000000000000002,0.16,0.040000000000000015,0.22333333333333336,9.18257614446174,10.058576144461739,0.8759999999999994,8.872978210449219,-0.06325741534927974,90,,,
chesca_commitment_full_mesh,1966,23,6,0,0,0,0.0,0.0,0.0,0.0,0.16,0.040000000000000015,0.21,9.165704717001736,9.165704717001736,0.0,8.872978210449219,0.04830616261385933,90,,,
chesca_commitment_full_mesh,1967,24,6,0,0,0,0.0,0.0,0.0,0.0,0.16,0.040000000000000015,0.21,9.925937805685251,9.925937805685251,0.0,8.872978210449219,0.30672746580715843,90,,,
chesca_commitment_full_mesh,1968,1,6,6,0,6,0.0,0.15999999999999998,0.0,0.16000000000000003,2.0816681711721685e-17,6.938893903907228e-18,0.2366666666666667,8.814724409008802,9.412724409008803,0.5980000000000008,8.872978210449219,-0.048401341546588386,90,,,
chesca_commitment_full_mesh,1969,2,6,0,0,0,0.0,0.0,0.0,0.0,2.0816681711721685e-17,6.938893903907228e-18,0.22333333333333336,6.872478009450324,6.872478009450324,0.0,8.872978210449219,-0.26729640940888094,90,,,
chesca_commitment_full_mesh,1970,3,6,0,0,0,0.0,0.0,0.0,0.0,2.0816681711721685e-17,6.938893903907228e-18,0.21666666666666667,7.168247461358833,7.168247461358833,0.0,8.872978210449219,-0.05623834351488838,90,,,
chesca_commitment_full_mesh,1971,4,6,2,0,2,0.0,6.938893903907228e-18,0.0,0.06000000000000001,1.3877787807814457e-17,6.938893903907228e-18,0.22,6.545477919524007,6.771477919524007,0.22599999999999998,8.872978210449219,-0.10950219815713584,90,,,
chesca_commitment_full_mesh,1972,5,6,2,0,2,0.0,0.0,0.0,0.04000000000000001,1.3877787807814457e-17,6.938893903907228e-18,0.21,5.521107029798096,5.667107029798096,0.1459999999999999,8.872978210449219,-0.19221795504985434,90,,,
chesca_commitment_full_mesh,1973,6,6,0,0,0,0.0,0.0,0.0,0.0,1.3877787807814457e-17,6.938893903907228e-18,0.18666666666666668,6.73067221257371,6.730672212573712,1.7763568394002505e-15,8.872978210449219,0.0020632572016132944,90,,,
chesca_commitment_full_mesh,1974,7,6,0,0,0,0.0,0.0,0.0,0.0,1.3877787807814457e-17,6.938893903907228e-18,0.17,5.6742236591264,5.6742236591264,0.0,8.846088409423828,-0.06634749926998708,90,,,
chesca_commitment_full_mesh,1975,8,6,6,0,6,0.0,1.3877787807814457e-17,0.0,0.15999999999999998,0.0,0.0,0.19666666666666668,5.342841799895439,5.842103737596496,0.499261937701057,8.846088409423828,-0.10295442333277813,90,,,
chesca_commitment_full_mesh,1976,9,6,4,0,4,0.0,0.0,0.0,0.1,0.0,0.0,0.21333333333333335,4.12833827832258,4.3701153796327885,0.24177710131020813,8.846088409423828,-0.20122935472279543,90,,,
chesca_commitment_full_mesh,1977,10,6,1,0,1,0.0,0.0,0.0,0.02,0.0,0.0,0.21666666666666667,2.219358671893235,2.252642401588437,0.03328372969520199,8.846088409423828,-0.20009781634947874,90,,,
chesca_commitment_full_mesh,1978,11,6,0,0,0,0.0,0.0,0.0,0.0,0.0,0.0,0.21666666666666667,1.7156693079242904,1.7156693079242906,2.220446049250313e-16,8.846088409423828,0.04372452400826195,90,,,
chesca_commitment_full_mesh,1979,12,6,1,1,0,0.020000000000000004,0.0,0.020000000000000004,0.0,0.020000000000000004,0.020000000000000004,0.19999999999999998,4.765188921187434,4.699188921187434,-0.06599999999999984,8.846088409423828,0.22041663832113342,90,,,
chesca_commitment_full_mesh,1980,13,6,4,4,0,0.1,0.0,0.1,0.0,0.12000000000000001,0.04,0.21333333333333335,5.6039608566879275,5.231960856687928,-0.3719999999999999,8.846088409423828,0.16980732928623293,90,,,
chesca_commitment_full_mesh,1981,14,6,0,0,0,0.0,0.0,0.0,0.0,0.12000000000000001,0.04,0.21333333333333335,7.0132477332011165,7.0132477332011165,0.0,8.846088409423828,0.1753802785551682,90,,,
chesca_commitment_full_mesh,1982,15,6,0,0,0,0.0,0.0,0.0,0.0,0.12000000000000001,0.04,0.21333333333333335,8.20303329371621,8.20303329371621,0.0,8.846088409423828,0.07781584229363613,90,,,
chesca_commitment_full_mesh,1983,16,6,1,0,1,0.0,0.02,0.0,0.04000000000000001,0.1,0.04,0.22,9.184718127000226,9.184718127000226,0.0,8.846088409423828,0.14278829081203143,90,,,
chesca_commitment_full_mesh,1984,17,6,2,2,0,0.03999999999999998,0.0,0.03999999999999998,0.0,0.13999999999999999,0.04,0.19999999999999998,11.2592621564254,11.113262156425401,-0.14599999999999902,8.846088409423828,0.7302940790257906,90,,,
chesca_commitment_full_mesh,1985,18,6,4,4,0,0.1,0.0,0.1,0.0,0.24,0.06000000000000001,0.19333333333333333,13.42842544825104,13.05642544825104,-0.3719999999999999,8.872978210449219,1.1225106170600971,90,,,
chesca_commitment_full_mesh,1986,19,6,5,5,0,0.14,0.0,0.14,0.0,0.38,0.08,0.20333333333333334,15.304727661767988,14.800727661767986,-0.5040000000000013,8.932141304016113,1.4671590840506687,90,,,
chesca_commitment_full_mesh,1987,20,6,0,0,0,0.0,0.0,0.0,0.0,0.38,0.08,0.20333333333333334,13.862593186822153,13.862593186822153,0.0,9.025019645690918,1.0367611582458756,90,,,
chesca_commitment_full_mesh,1988,21,6,0,0,0,0.0,0.0,0.0,0.0,0.38,0.08,0.20333333333333334,11.258995925873306,11.258995925873304,-1.7763568394002505e-15,9.025019645690918,0.31779887007618546,90,,,
chesca_commitment_full_mesh,1989,22,6,0,0,0,0.0,0.0,0.0,0.0,0.38,0.08,0.16333333333333336,10.229645835800827,10.229645835800827,0.0,9.025019645690918,0.16420655732928569,90,,,
chesca_commitment_full_mesh,1990,23,6,6,0,6,0.0,0.24000000000000005,0.0,0.24000000000000005,0.13999999999999996,0.04,0.20333333333333334,9.524565047550498,10.400565047550499,0.8760000000000012,9.073205947875977,-0.013481644257660873,90,,,
chesca_commitment_full_mesh,1991,24,6,5,0,5,0.0,0.13999999999999996,0.0,0.14,6.938893903907228e-18,6.938893903907228e-18,0.22666666666666668,9.786398207961946,10.304398207961947,0.5180000000000007,9.112309455871582,-0.0318863914647705,90,,,
chesca_commitment_full_mesh,1992,1,6,1,0,1,0.0,0.0,0.0,0.020000000000000004,6.938893903907228e-18,6.938893903907228e-18,0.20333333333333334,8.954071460274912,9.034071460274912,0.08000000000000007,9.171370506286621,-0.29716082646933556,90,,,
chesca_commitment_full_mesh,1993,2,6,3,0,3,0.0,0.0,0.0,0.10000000000000002,6.938893903907228e-18,6.938893903907228e-18,0.22,8.365557615552579,8.75155761555258,0.386000000000001,9.171370506286621,-0.22695227515144809,90,,,
chesca_commitment_full_mesh,1994,3,6,0,0,0,0.0,0.0,0.0,0.0,6.938893903907228e-18,6.938893903907228e-18,0.22,7.44771066825185,7.44771066825185,0.0,9.171370506286621,-0.32680305372944163,90,,,
chesca_commitment_full_mesh,1995,4,6,0,0,0,0.0,0.0,0.0,0.0,6.938893903907228e-18,6.938893903907228e-18,0.21,7.036009732397515,7.036009732397516,8.881784197001252e-16,9.171370506286621,-0.2566882314810077,90,,,
chesca_commitment_full_mesh,1996,5,6,2,0,2,0.0,6.938893903907228e-18,0.0,0.06000000000000001,0.0,0.0,0.21333333333333335,5.641673542029016,5.867673542029016,0.22599999999999998,9.171370506286621,-0.3192419330107449,90,,,
chesca_commitment_full_mesh,1997,6,6,2,0,2,0.0,0.0,0.0,0.04000000000000001,0.0,0.0,0.22,5.564746913263651,5.696288555249083,0.13154164198543228,9.171370506286621,-0.21351040499677976,90,,,
chesca_commitment_full_mesh,1998,7,6,0,0,0,0.0,0.0,0.0,0.0,0.0,0.0,0.22,4.729780336019109,4.729780336019109,0.0,9.171370506286621,-0.20054638557486787,90,,,
chesca_commitment_full_mesh,1999,8,6,0,0,0,0.0,0.0,0.0,0.0,0.0,0.0,0.19333333333333336,3.6719276488910038,3.6719276488910038,0.0,9.171370506286621,-0.16263375067893737,90,,,
chesca_commitment_full_mesh,2000,9,6,6,0,6,0.0,0.0,0.0,0.12000000000000001,0.0,0.0,0.19666666666666668,2.3377313329582883,2.62331481563801,0.2855834826797219,9.171370506286621,-0.1280887557898556,90,,,
chesca_commitment_full_mesh,2001,10,6,0,0,0,0.0,0.0,0.0,0.0,0.0,0.0,0.19333333333333336,3.2859502980153454,3.2859502980153454,0.0,9.171370506286621,0.04837910336582701,90,,,
chesca_commitment_full_mesh,2002,11,6,5,5,0,0.14,0.0,0.14,0.0,0.14,0.04,0.21666666666666667,2.707935594680226,2.217935594680226,-0.48999999999999977,9.171370506286621,0.10673907436724121,90,,,
chesca_commitment_full_mesh,2003,12,6,0,0,0,0.0,0.0,0.0,0.0,0.14,0.04,0.21333333333333335,4.625190162788119,4.625190162788119,0.0,9.171370506286621,0.08373347810613857,90,,,
chesca_commitment_full_mesh,2004,13,6,0,0,0,0.0,0.0,0.0,0.0,0.14,0.04,0.19666666666666666,3.8803074775166015,3.8803074775166015,0.0,9.171370506286621,0.04484236345944613,90,,,
chesca_commitment_full_mesh,2005,14,6,1,1,0,0.04000000000000001,0.0,0.04000000000000001,0.0,0.18000000000000002,0.04000000000000001,0.20333333333333334,5.9588197897968325,5.798819789796833,-0.15999999999999925,9.171370506286621,0.21540071506648423,90,,,
chesca_commitment_full_mesh,2006,15,6,0,0,0,0.0,0.0,0.0,0.0,0.18000000000000002,0.04000000000000001,0.20333333333333334,7.4453775214654305,7.445377521465431,8.881784197001252e-16,9.171370506286621,0.22192995848253386,90,,,
chesca_commitment_full_mesh,2007,16,6,0,0,0,0.0,0.0,0.0,0.0,0.18000000000000002,0.04000000000000001,0.19666666666666666,8.170515848614382,8.170515848614382,0.0,9.171370506286621,0.4618969904527557,90,,,
chesca_commitment_full_mesh,2008,17,6,2,2,0,0.06000000000000001,0.0,0.06000000000000001,0.0,0.24000000000000005,0.06000000000000001,0.19999999999999998,10.292207066467391,10.08020706646739,-0.21200000000000152,9.112309455871582,0.8068937691102651,90,,,
chesca_commitment_full_mesh,2009,18,6,1,1,0,0.020000000000000004,0.0,0.020000000000000004,0.0,0.26,0.06000000000000001,0.18666666666666668,11.885283742432023,11.805283742432023,-0.08000000000000007,9.112309455871582,0.9928942833040703,90,,,
chesca_commitment_full_mesh,2010,19,6,0,0,0,0.0,0.0,0.0,0.0,0.26,0.06000000000000001,0.16333333333333336,12.630397790935005,12.630397790935005,0.0,9.112309455871582,0.8645664463077567,90,,,
chesca_commitment_full_mesh,2011,20,6,0,0,0,0.0,0.0,0.0,0.0,0.26,0.06000000000000001,0.16333333333333336,12.036563829183578,12.036563829183578,0.0,9.112309455871582,0.7019074157286299,90,,,
chesca_commitment_full_mesh,2012,21,6,0,0,0,0.0,0.0,0.0,0.0,0.26,0.06000000000000001,0.16333333333333336,11.280032017230987,11.280032017230987,0.0,9.112309455871582,0.4720321836856662,90,,,
chesca_commitment_full_mesh,2013,22,6,0,0,0,0.0,0.0,0.0,0.0,0.26,0.06000000000000001,0.16333333333333336,10.434897974131873,10.434897974131875,1.7763568394002505e-15,9.112309455871582,0.18643782558665944,90,,,
chesca_commitment_full_mesh,2014,23,6,6,0,6,0.0,0.24000000000000005,0.0,0.24000000000000005,0.02000000000000001,0.020000000000000004,0.16333333333333336,9.353256936467488,10.229256936467488,0.8759999999999994,9.112309455871582,0.023708938287577447,90,,,
chesca_commitment_full_mesh,2015,24,6,6,0,6,0.0,0.02000000000000001,0.0,0.24000000000000002,0.0,0.0,0.18000000000000002,8.936156488436461,9.812156488436461,0.8759999999999994,9.171370506286621,-0.17824310208191013,90,,,
chesca_commitment_full_mesh,2016,1,6,6,0,6,0.0,0.0,0.0,0.18000000000000002,0.0,0.0,0.2066666666666667,9.493099054354428,10.143099054354428,0.6500000000000004,9.171370506286621,-0.21489232273051656,90,,,
chesca_commitment_full_mesh,2017,2,6,3,0,3,0.0,0.0,0.0,0.08000000000000002,0.0,0.0,0.20333333333333337,8.161960956602838,8.439960956602839,0.27800000000000047,9.203230857849121,-0.3192694060818041,90,,,
chesca_commitment_full_mesh,2018,3,6,3,0,3,0.0,0.0,0.0,0.1,0.0,0.0,0.22,6.771116031450246,7.157116031450247,0.386000000000001,9.203230857849121,-0.3134329551749694,90,,,
chesca_commitment_full_mesh,2019,4,6,0,0,0,0.0,0.0,0.0,0.0,0.0,0.0,0.22,6.554921243418696,6.554921243418695,-8.881784197001252e-16,9.203230857849121,-0.2579513863819886,90,,,
chesca_commitment_full_mesh,2020,5,6,0,0,0,0.0,0.0,0.0,0.0,0.0,0.0,0.21,5.569568524153647,5.569568524153647,0.0,9.203230857849121,-0.2936723009028569,90,,,
chesca_commitment_full_mesh,2021,6,6,2,0,2,0.0,0.0,0.0,0.06,0.0,0.0,0.21333333333333335,5.881637886792904,6.1076378867929035,0.22599999999999998,9.203230857849121,-0.10628504208992606,90,,,
chesca_commitment_full_mesh,2022,7,6,0,0,0,0.0,0.0,0.0,0.0,0.0,0.0,0.21333333333333335,5.4114426450264475,5.4114426450264475,0.0,9.203230857849121,-0.07287928361925022,90,,,
chesca_commitment_full_mesh,2023,8,6,1,0,1,0.0,0.0,0.0,0.020000000000000004,0.0,0.0,0.21666666666666667,4.275782065555849,4.333627388354996,0.05784532279914689,9.203230857849121,-0.093206170389861,90,,,
chesca_commitment_full_mesh,2024,9,6,1,0,1,0.0,0.0,0.0,0.02,0.0,0.0,0.20000000000000004,1.682265673989062,1.7278999059899327,0.04563423200087069,9.203230857849121,-0.2681399278683451,90,,,
chesca_commitment_full_mesh,2025,10,6,6,0,6,0.0,0.0,0.0,0.12000000000000001,0.0,0.0,0.22,2.537132431118055,2.7821287532214254,0.2449963221033702,9.203230857849121,-0.4984807250323641,90,,,
chesca_commitment_full_mesh,2026,11,6,0,0,0,0.0,0.0,0.0,0.0,0.0,0.0,0.19666666666666668,2.1092376415465983,2.1092376415465983,0.0,9.203230857849121,-0.10155856636998148,90,,,
chesca_commitment_full_mesh,2027,12,6,5,5,0,0.14,0.0,0.14,0.0,0.14,0.04,0.22,4.130760055144034,3.6407600551440336,-0.4900000000000002,9.203230857849121,0.15177651360725145,90,,,
chesca_commitment_full_mesh,2028,13,6,0,0,0,0.0,0.0,0.0,0.0,0.14,0.04,0.22,5.112701128821442,5.112701128821443,8.881784197001252e-16,9.203230857849121,0.26327464290811303,90,,,
chesca_commitment_full_mesh,2029,14,6,0,0,0,0.0,0.0,0.0,0.0,0.14,0.04,0.21333333333333335,6.0508042811865845,6.050804281186585,8.881784197001252e-16,9.203230857849121,0.10634840572421968,90,,,
chesca_commitment_full_mesh,2030,15,6,1,1,0,0.04000000000000001,0.0,0.04000000000000001,0.0,0.18000000000000002,0.04000000000000001,0.22,7.6604046961421925,7.500404696142192,-0.16000000000000014,9.203230857849121,0.11588610768655373,90,,,
chesca_commitment_full_mesh,2031,16,6,0,0,0,0.0,0.0,0.0,0.0,0.18000000000000002,0.04000000000000001,0.22,8.832308304984505,8.832308304984505,0.0,9.203230857849121,0.46969312699029453,90,,,
chesca_commitment_full_mesh,2032,17,6,3,3,0,0.06,0.0,0.06,0.0,0.24000000000000002,0.04000000000000001,0.22,12.70367130436352,12.47767130436352,-0.2259999999999991,9.220641136169434,1.3059745102258815,90,,,
chesca_commitment_full_mesh,2033,18,6,3,3,0,0.06,0.0,0.06,0.0,0.3,0.06000000000000001,0.22666666666666668,13.034253981508979,12.808253981508978,-0.22600000000000087,9.335113525390625,1.4028553739747434,90,,,
chesca_commitment_full_mesh,2034,19,6,1,1,0,0.02,0.0,0.02,0.0,0.32,0.06000000000000001,0.23,15.113124136352676,15.033124136352674,-0.08000000000000185,9.521687507629395,1.528048869116934,90,,,
chesca_commitment_full_mesh,2035,20,6,0,0,0,0.0,0.0,0.0,0.0,0.32,0.06000000000000001,0.23,13.015921535491941,13.015921535491941,0.0,9.63040828704834,0.7192494153101324,90,,,
chesca_commitment_full_mesh,2036,21,6,0,0,0,0.0,0.0,0.0,0.0,0.32,0.06000000000000001,0.23,11.458120074272156,11.458120074272156,0.0,9.63040828704834,0.2434335185237119,90,,,
chesca_commitment_full_mesh,2037,22,6,6,0,6,0.0,0.24000000000000002,0.0,0.24000000000000002,0.08000000000000002,0.02000000000000001,0.27,9.306631633611257,10.182631633611257,0.8759999999999994,9.63040828704834,-0.4132641033365509,90,,,
chesca_commitment_full_mesh,2038,23,6,0,0,0,0.0,0.0,0.0,0.0,0.08000000000000002,0.02000000000000001,0.23,8.971304758463383,8.971304758463383,0.0,9.63040828704834,-0.02160311036376458,90,,,
chesca_commitment_full_mesh,2039,24,6,4,0,4,0.0,0.08,0.0,0.08000000000000002,1.3877787807814457e-17,6.938893903907228e-18,0.20333333333333337,9.286777233932131,9.592777233932132,0.30600000000000094,9.63040828704834,-0.03977880266511218,90,,,
chesca_commitment_full_mesh,2040,1,6,3,0,3,0.0,0.0,0.0,0.1,1.3877787807814457e-17,6.938893903907228e-18,0.19000000000000003,9.421878672071468,9.751878672071467,0.3299999999999983,9.691753387451172,-0.10167986692955076,90,,,
chesca_commitment_full_mesh,2041,2,6,6,0,6,0.0,1.3877787807814457e-17,0.0,0.18000000000000002,0.0,0.0,0.2066666666666667,8.704899970453681,9.354899970453681,0.6500000000000004,9.691753387451172,-0.14649506497668913,90,,,
chesca_commitment_full_mesh,2042,3,6,3,0,3,0.0,0.0,0.0,0.08000000000000002,0.0,0.0,0.20333333333333337,6.188217677505852,6.466217677505853,0.27800000000000047,9.691753387451172,-0.3474232784092614,90,,,
chesca_commitment_full_mesh,2043,4,6,3,0,3,0.0,0.0,0.0,0.10000000000000002,0.0,0.0,0.22,5.918341514363788,6.304341514363787,0.38599999999999923,9.691753387451172,-0.15633445513965627,90,,,
chesca_commitment_full_mesh,2044,5,6,0,0,0,0.0,0.0,0.0,0.0,0.0,0.0,0.22,5.73524190883353,5.7352419088335305,8.881784197001252e-16,9.691753387451172,-0.1548938008738866,90,,,
chesca_commitment_full_mesh,2045,6,6,0,0,0,0.0,0.0,0.0,0.0,0.0,0.0,0.21,5.720220165590999,5.720220165590999,0.0,9.691753387451172,-0.045631376680064145,90,,,
chesca_commitment_full_mesh,2046,7,6,0,0,0,0.0,0.0,0.0,0.0,0.0,0.0,0.21,5.364325814280314,5.364325814280314,0.0,9.691753387451172,0.05997462222330053,90,,,
chesca_commitment_full_mesh,2047,8,6,2,2,0,0.06,0.0,0.06,0.0,0.06,0.04,0.21666666666666667,5.405032410079574,5.179032410079575,-0.2259999999999991,9.638169288635254,0.09680579005734849,90,,,
chesca_commitment_full_mesh,2048,9,6,0,0,0,0.0,0.0,0.0,0.0,0.06,0.04,0.21333333333333335,4.017987630828558,4.017987630828557,-8.881784197001252e-16,9.613237380981445,0.04535049633750299,90,,,
chesca_commitment_full_mesh,2049,10,6,2,0,2,0.0,0.06,0.0,0.060000000000000005,0.0,0.0,0.20333333333333337,5.184152910078341,5.290859344571022,0.10670643449268091,9.613237380981445,-0.09049075071616174,90,,,
chesca_commitment_full_mesh,2050,11,6,5,5,0,0.1,0.0,0.1,0.0,0.1,0.020000000000000004,0.22,3.8143211248520954,3.456321124852095,-0.35800000000000054,9.613237380981445,0.08890040641295496,90,,,
chesca_commitment_full_mesh,2051,12,6,0,0,0,0.0,0.0,0.0,0.0,0.1,0.020000000000000004,0.19666666666666668,3.9901689700185283,3.990168970018529,8.881784197001252e-16,9.613237380981445,0.2014090108923478,90,,,
chesca_commitment_full_mesh,2052,13,6,1,1,0,0.020000000000000004,0.0,0.020000000000000004,0.0,0.12000000000000002,0.020000000000000004,0.20000000000000004,5.2625766848820135,5.182576684882014,-0.07999999999999918,9.613237380981445,0.3129826712129261,90,,,
chesca_commitment_full_mesh,2053,14,6,0,0,0,0.0,0.0,0.0,0.0,0.12000000000000002,0.020000000000000004,0.20000000000000004,6.920912066700483,6.920912066700483,0.0,9.613237380981445,0.33436716107084286,90,,,
chesca_commitment_full_mesh,2054,15,6,6,0,6,0.0,0.12000000000000001,0.0,0.12000000000000001,6.938893903907228e-18,3.469446951953614e-18,0.21333333333333335,7.888880664822006,8.270406796350155,0.3815261315281493,9.638169288635254,-0.024679937739210733,90,,,
chesca_commitment_full_mesh,2055,16,6,5,5,0,0.09999999999999999,0.0,0.09999999999999999,0.0,0.09999999999999999,0.020000000000000004,0.23,8.531177817189871,8.17317781718987,-0.35800000000000054,9.613237380981445,0.44737725585012683,90,,,
chesca_commitment_full_mesh,2056,17,6,4,4,0,0.08,0.0,0.08,0.0,0.18,0.04000000000000001,0.23333333333333336,11.425747952121203,11.133747952121203,-0.2919999999999998,9.491796493530273,1.1553058135010568,90,,,
chesca_commitment_full_mesh,2057,18,6,1,1,0,0.020000000000000004,0.0,0.020000000000000004,0.0,0.19999999999999998,0.04000000000000001,0.22666666666666668,11.840464560928261,11.76046456092826,-0.08000000000000185,9.491796493530273,1.0703272718063994,90,,,
chesca_commitment_full_mesh,2058,19,6,1,1,0,0.02,0.0,0.02,0.0,0.22,0.04000000000000001,0.22666666666666668,12.525335745703742,12.459335745703742,-0.06600000000000072,9.491796493530273,0.855073484156868,90,,,
chesca_commitment_full_mesh,2059,20,6,0,0,0,0.0,0.0,0.0,0.0,0.22,0.04000000000000001,0.22666666666666668,10.768834349155425,10.768834349155426,1.7763568394002505e-15,9.491796493530273,0.3237380627890174,90,,,
chesca_commitment_full_mesh,2060,21,6,0,0,0,0.0,0.0,0.0,0.0,0.22,0.04000000000000001,0.22666666666666668,10.54877192785731,10.548771927857308,-1.7763568394002505e-15,9.491796493530273,0.3998072430027117,90,,,
chesca_commitment_full_mesh,2061,22,6,0,0,0,0.0,0.0,0.0,0.0,0.22,0.04000000000000001,0.18666666666666668,9.56219686799131,9.56219686799131,0.0,9.491796493530273,0.10439654851883191,90,,,
chesca_commitment_full_mesh,2062,23,6,0,0,0,0.0,0.0,0.0,0.0,0.22,0.04000000000000001,0.18666666666666668,10.05127459829949,10.05127459829949,0.0,9.459214210510254,0.2821597540306114,90,,,
chesca_commitment_full_mesh,2063,24,6,6,0,6,0.0,0.22,0.0,0.22000000000000003,0.0,0.0,0.21,9.109156305569408,9.905156305569411,0.7960000000000029,9.577094078063965,-0.059343327190460565,90,,,
chesca_commitment_full_mesh,2064,1,6,0,0,0,0.0,0.0,0.0,0.0,0.0,0.0,0.19333333333333333,8.482698304671047,8.482698304671047,0.0,9.613237380981445,-0.043582345294823424,90,,,
chesca_commitment_full_mesh,2065,2,6,0,0,0,0.0,0.0,0.0,0.0,0.0,0.0,0.16333333333333336,7.9027501525252974,7.902750152525297,-8.881784197001252e-16,9.577094078063965,0.005517786135209438,90,,,
chesca_commitment_full_mesh,2066,3,6,3,0,3,0.0,0.0,0.0,0.12000000000000002,0.0,0.0,0.17000000000000004,6.295292953636947,6.775292953636947,0.47999999999999954,9.459214210510254,-0.08351818636724907,90,,,
chesca_commitment_full_mesh,2067,4,6,0,0,0,0.0,0.0,0.0,0.0,0.0,0.0,0.15333333333333335,6.109782480016235,6.109782480016234,-8.881784197001252e-16,9.459214210510254,0.009642288735223728,90,,,
chesca_commitment_full_mesh,2068,5,6,0,0,0,0.0,0.0,0.0,0.0,0.0,0.0,0.15333333333333335,5.577582119347456,5.577582119347456,0.0,9.459214210510254,0.04149011618828931,90,,,
chesca_commitment_full_mesh,2069,6,6,6,6,0,0.22000000000000003,0.0,0.22000000000000003,0.0,0.22000000000000003,0.04,0.19000000000000003,6.161429915317421,5.365429915317421,-0.7960000000000003,9.459214210510254,0.11328224072705362,90,,,
chesca_commitment_full_mesh,2070,7,6,0,0,0,0.0,0.0,0.0,0.0,0.22000000000000003,0.04,0.19000000000000003,5.577032936620664,5.577032936620665,8.881784197001252e-16,9.459214210510254,0.2306252668798999,90,,,
chesca_commitment_full_mesh,2071,8,6,0,0,0,0.0,0.0,0.0,0.0,0.22000000000000003,0.04,0.18000000000000002,4.976714222103341,4.976714222103341,0.0,9.459214210510254,0.07812817752860145,90,,,
chesca_commitment_full_mesh,2072,9,6,0,0,0,0.0,0.0,0.0,0.0,0.22000000000000003,0.04,0.18000000000000002,3.4235896538657205,3.4235896538657205,0.0,9.307609558105469,0.13918226197920097,90,,,
chesca_commitment_full_mesh,2073,10,6,2,0,2,0.0,0.08,0.0,0.08000000000000002,0.14,0.04,0.18333333333333332,3.060849990002053,3.158567085082439,0.09771709508038606,9.307609558105469,0.04273690008495043,90,,,
chesca_commitment_full_mesh,2074,11,6,2,2,0,0.04,0.0,0.04,0.0,0.18,0.04,0.17333333333333334,4.424711674854233,4.2927116748542336,-0.13199999999999967,9.307609558105469,0.17774331524459563,90,,,
chesca_commitment_full_mesh,2075,12,6,0,0,0,0.0,0.0,0.0,0.0,0.18,0.04,0.17333333333333334,5.151064704991224,5.151064704991225,8.881784197001252e-16,9.307609558105469,0.12877689836389866,90,,,
chesca_commitment_full_mesh,2076,13,6,0,0,0,0.0,0.0,0.0,0.0,0.18,0.04,0.17,5.579692256082188,5.579692256082188,0.0,9.307609558105469,0.313295700019934,90,,,
chesca_commitment_full_mesh,2077,14,6,0,0,0,0.0,0.0,0.0,0.0,0.18,0.04,0.17,5.8725808524857745,5.8725808524857745,0.0,9.307609558105469,0.21137908245937023,90,,,
chesca_commitment_full_mesh,2078,15,6,0,0,0,0.0,0.0,0.0,0.0,0.18,0.04,0.15000000000000002,8.476638358279867,8.476638358279867,0.0,9.307609558105469,0.36514106160762644,90,,,
chesca_commitment_full_mesh,2079,16,6,1,1,0,0.04,0.0,0.04,0.0,0.22,0.06,0.14,9.4303524792117,9.2703524792117,-0.16000000000000014,9.240704536437988,0.6143974990302534,90,,,
chesca_commitment_full_mesh,2080,17,6,4,4,0,0.16000000000000003,0.0,0.16000000000000003,0.0,0.38000000000000006,0.08,0.15333333333333335,12.089114663110577,11.505114663110579,-0.5839999999999979,9.220641136169434,1.2160488907171576,90,,,
chesca_commitment_full_mesh,2081,18,6,1,1,0,0.04000000000000001,0.0,0.04000000000000001,0.0,0.42000000000000004,0.08000000000000002,0.1566666666666667,12.817750098893395,12.685750098893395,-0.13199999999999967,9.220641136169434,1.366487565937936,90,,,
chesca_commitment_full_mesh,2082,19,6,0,0,0,0.0,0.0,0.0,0.0,0.42000000000000004,0.08000000000000002,0.15333333333333335,13.394673307020806,13.394673307020806,0.0,9.220641136169434,1.151612989141272,90,,,
chesca_commitment_full_mesh,2083,20,6,0,0,0,0.0,0.0,0.0,0.0,0.42000000000000004,0.08000000000000002,0.15333333333333335,12.525192589932491,12.525192589932491,0.0,9.220641136169434,0.920823830533137,90,,,
chesca_commitment_full_mesh,2084,21,6,0,0,0,0.0,0.0,0.0,0.0,0.42000000000000004,0.08000000000000002,0.15333333333333335,11.147313007146082,11.14731300714608,-1.7763568394002505e-15,9.220641136169434,0.544861109029568,90,,,
chesca_commitment_full_mesh,2085,22,6,6,0,6,0.0,0.24000000000000005,0.0,0.24000000000000005,0.18000000000000005,0.040000000000000015,0.19333333333333333,9.94230475343236,10.81830475343236,0.8759999999999994,9.220641136169434,-0.04058406892822446,90,,,
chesca_commitment_full_mesh,2086,23,6,6,0,6,0.0,0.18,0.0,0.2,2.7755575615628914e-17,1.3877787807814457e-17,0.22666666666666668,9.89743570730195,10.64143570730195,0.7439999999999998,9.240704536437988,-0.12342721731123756,90,,,
chesca_commitment_full_mesh,2087,24,6,0,0,0,0.0,0.0,0.0,0.0,2.7755575615628914e-17,1.3877787807814457e-17,0.18999999999999997,9.47373111583072,9.47373111583072,0.0,9.240704536437988,-0.04322571835945718,90,,,
chesca_commitment_full_mesh,2088,1,6,6,6,0,0.16000000000000003,0.0,0.16000000000000003,0.0,0.16000000000000003,0.040000000000000015,0.21666666666666667,9.853384099598365,9.269384099598364,-0.5840000000000014,9.240704536437988,0.2353791993332111,90,,,
chesca_commitment_full_mesh,2089,2,6,6,0,6,0.0,0.14,0.0,0.14,0.020000000000000018,0.019999999999999997,0.24000000000000002,8.209816928455007,8.713816928455007,0.5039999999999996,9.220641136169434,-0.02025410436643532,90,,,
chesca_commitment_full_mesh,2090,3,6,1,0,1,0.0,0.019999999999999997,0.0,0.02,2.0816681711721685e-17,6.938893903907228e-18,0.22333333333333336,6.692246267933429,6.77224626793343,0.08000000000000096,9.231677055358887,-0.2350168058203193,90,,,
chesca_commitment_full_mesh,2091,4,6,0,0,0,0.0,0.0,0.0,0.0,2.0816681711721685e-17,6.938893903907228e-18,0.22333333333333336,5.954290686687789,5.954290686687788,-8.881784197001252e-16,9.231677055358887,0.051356546789661436,90,,,
chesca_commitment_full_mesh,2092,5,6,0,0,0,0.0,0.0,0.0,0.0,2.0816681711721685e-17,6.938893903907228e-18,0.22333333333333336,5.542769426470066,5.542769426470066,0.0,9.231677055358887,0.07201659600727395,90,,,
chesca_commitment_full_mesh,2093,6,6,2,2,0,0.04,0.0,0.04,0.0,0.04000000000000002,0.02,0.19333333333333336,6.118832928945901,5.9588329289459,-0.16000000000000103,9.231677055358887,0.1664741987386361,90,,,
chesca_commitment_full_mesh,2094,7,6,4,4,0,0.08,0.0,0.08,0.0,0.12000000000000002,0.020000000000000007,0.20666666666666667,5.487342077493559,5.209342077493558,-0.27800000000000136,9.231677055358887,0.14062713219811906,90,,,
chesca_commitment_full_mesh,2095,8,6,0,0,0,0.0,0.0,0.0,0.0,0.12000000000000002,0.020000000000000007,0.20666666666666667,5.58925711423986,5.589257114239859,-8.881784197001252e-16,9.231677055358887,0.09411917367468396,90,,,
chesca_commitment_full_mesh,2096,9,6,0,0,0,0.0,0.0,0.0,0.0,0.12000000000000002,0.020000000000000007,0.20666666666666667,3.6921866761653632,3.6921866761653632,0.0,9.231677055358887,0.10262540664682569,90,,,
chesca_commitment_full_mesh,2097,10,6,2,0,2,0.0,0.04,0.0,0.04,0.08000000000000002,0.020000000000000007,0.20000000000000004,2.3673296159874133,2.458359379642643,0.09102976365522952,9.231677055358887,0.02691859081114087,90,,,
chesca_commitment_full_mesh,2098,11,6,2,2,0,0.04,0.0,0.04,0.0,0.12000000000000002,0.020000000000000007,0.20000000000000004,1.8883843448113395,1.7283843448113396,-0.15999999999999992,9.231677055358887,0.08186399595083863,90,,,
chesca_commitment_full_mesh,2099,12,6,0,0,0,0.0,0.0,0.0,0.0,0.12000000000000002,0.020000000000000007,0.20000000000000004,3.362947038887204,3.362947038887204,0.0,9.231677055358887,0.2895126201742003,90,,,
chesca_commitment_full_mesh,2100,13,6,0,0,0,0.0,0.0,0.0,0.0,0.12000000000000002,0.020000000000000007,0.20000000000000004,4.545646391569146,4.545646391569146,0.0,9.231677055358887,0.25759871598380146,90,,,
chesca_commitment_full_mesh,2101,14,6,0,0,0,0.0,0.0,0.0,0.0,0.12000000000000002,0.020000000000000007,0.20000000000000004,6.108943552264312,6.108943552264312,0.0,9.231677055358887,0.3109389792815829,90,,,
chesca_commitment_full_mesh,2102,15,6,6,0,6,0.0,0.12000000000000001,0.0,0.16,6.938893903907228e-18,6.938893903907228e-18,0.22666666666666668,6.0330991381617345,6.54037321334498,0.5072740751832452,9.291878700256348,-0.747247707280321,90,,,
chesca_commitment_full_mesh,2103,16,6,2,2,0,0.039999999999999994,0.0,0.039999999999999994,0.0,0.04,0.020000000000000004,0.22666666666666668,8.526479430991344,8.454494101056813,-0.071985329934531,9.291878700256348,0.5525432129466377,90,,,
chesca_commitment_full_mesh,2104,17,6,4,4,0,0.10000000000000002,0.0,0.10000000000000002,0.0,0.14,0.04000000000000001,0.21666666666666667,10.232532165644093,9.846532165644092,-0.386000000000001,9.291878700256348,0.7689609726585791,90,,,
chesca_commitment_full_mesh,2105,18,6,2,2,0,0.08000000000000002,0.0,0.08000000000000002,0.0,0.22000000000000003,0.06000000000000001,0.22333333333333336,10.740586192083445,10.476586192083442,-0.2640000000000029,9.34209156036377,0.7602259197386063,90,,,
chesca_commitment_full_mesh,2106,19,6,0,0,0,0.0,0.0,0.0,0.0,0.22000000000000003,0.06000000000000001,0.22333333333333336,11.189481089390872,11.189481089390872,0.0,9.291878700256348,0.6953592871468423,90,,,
chesca_commitment_full_mesh,2107,20,6,0,0,0,0.0,0.0,0.0,0.0,0.22000000000000003,0.06000000000000001,0.22333333333333336,10.315741345034803,10.315741345034803,0.0,9.291878700256348,0.25226779835845353,90,,,
chesca_commitment_full_mesh,2108,21,6,0,0,0,0.0,0.0,0.0,0.0,0.22000000000000003,0.06000000000000001,0.22333333333333336,10.137407286210939,10.13740728621094,1.7763568394002505e-15,9.291878700256348,0.3171453841264987,90,,,
chesca_commitment_full_mesh,2109,22,6,6,0,6,0.0,0.18,0.0,0.18,0.04000000000000003,0.02000000000000001,0.21333333333333335,9.052016243670124,9.702016243670123,0.6499999999999986,9.291878700256348,-0.1307668797097369,90,,,
chesca_commitment_full_mesh,2110,23,6,2,0,2,0.0,0.04,0.0,0.04000000000000001,2.7755575615628914e-17,1.0408340855860843e-17,0.18666666666666668,8.368317565225318,8.50031756522532,0.13200000000000145,9.231677055358887,-0.05641825587709006,90,,,
chesca_commitment_full_mesh,2111,24,6,0,0,0,0.0,0.0,0.0,0.0,2.7755575615628914e-17,1.0408340855860843e-17,0.18666666666666668,8.524777485434527,8.524777485434527,0.0,9.195718765258789,-0.05062465724684141,90,,,
chesca_commitment_full_mesh,2112,1,6,0,0,0,0.0,0.0,0.0,0.0,2.7755575615628914e-17,1.0408340855860843e-17,0.16000000000000003,9.430170223765892,9.430170223765892,0.0,9.195718765258789,0.011474377064916899,90,,,
chesca_commitment_full_mesh,2113,2,6,6,0,6,0.0,2.7755575615628914e-17,0.0,0.2,0.0,0.0,0.17000000000000004,8.91847847897746,9.66247847897746,0.7439999999999998,9.195718765258789,-0.162984837962217,90,,,
chesca_commitment_full_mesh,2114,3,6,6,0,6,0.0,0.0,0.0,0.2,0.0,0.0,0.19999999999999998,7.090894048235714,7.8348940482357134,0.7439999999999998,9.216617584228516,-0.26233736578597383,90,,,
chesca_commitment_full_mesh,2115,4,6,4,0,4,0.0,0.0,0.0,0.10000000000000002,0.0,0.0,0.21666666666666667,5.841815422160928,6.213815422160929,0.3720000000000008,9.216617584228516,-0.16100651007103145,90,,,
chesca_commitment_full_mesh,2116,5,6,0,0,0,0.0,0.0,0.0,0.0,0.0,0.0,0.21666666666666667,5.596646248091357,5.596646248091357,0.0,9.216617584228516,-0.05804162375371283,90,,,
chesca_commitment_full_mesh,2117,6,6,0,0,0,0.0,0.0,0.0,0.0,0.0,0.0,0.21,5.8188665742050345,5.8188665742050345,0.0,9.216617584228516,0.053247276964895014,90,,,
chesca_commitment_full_mesh,2118,7,6,0,0,0,0.0,0.0,0.0,0.0,0.0,0.0,0.19666666666666668,5.056925801772705,5.056925801772705,0.0,9.195718765258789,0.04643649666140083,90,,,
chesca_commitment_full_mesh,2119,8,6,6,6,0,0.14,0.0,0.14,0.0,0.14,0.04,0.22,4.644624723498696,4.140624723498696,-0.5039999999999996,9.195718765258789,0.0935465504631249,90,,,
chesca_commitment_full_mesh,2120,9,6,0,0,0,0.0,0.0,0.0,0.0,0.14,0.04,0.22,4.491919480454375,4.491919480454375,0.0,9.195718765258789,0.1365664386554402,90,,,
chesca_commitment_full_mesh,2121,10,6,6,0,6,0.0,0.13999999999999999,0.0,0.13999999999999999,1.734723475976807e-17,1.3877787807814457e-17,0.2366666666666667,1.201993326813023,1.5234087158255336,0.32141538901251065,9.195718765258789,-0.13741875330185313,90,,,
chesca_commitment_full_mesh,2122,11,6,0,0,0,0.0,0.0,0.0,0.0,1.734723475976807e-17,1.3877787807814457e-17,0.23,1.2363388019628951,1.2363388019628951,0.0,9.195718765258789,-0.020515352498228175,90,,,
chesca_commitment_full_mesh,2123,12,6,2,2,0,0.04,0.0,0.04,0.0,0.04000000000000002,0.02,0.2366666666666667,3.0849785106847656,2.9249785106847654,-0.16000000000000014,9.195718765258789,0.22559092561129096,90,,,
chesca_commitment_full_mesh,2124,13,6,0,0,0,0.0,0.0,0.0,0.0,0.04000000000000002,0.02,0.2366666666666667,4.569652134396593,4.569652134396593,0.0,9.195718765258789,0.12276795247168985,90,,,
chesca_commitment_full_mesh,2125,14,6,0,0,0,0.0,0.0,0.0,0.0,0.04000000000000002,0.02,0.2366666666666667,5.733066430719726,5.733066430719726,0.0,9.195718765258789,0.08288737999246232,90,,,
chesca_commitment_full_mesh,2126,15,6,2,0,2,0.0,0.04,0.0,0.04,1.734723475976807e-17,1.3877787807814457e-17,0.21666666666666667,6.304818927508823,6.430375391704073,0.12555646419525068,9.195718765258789,-0.10816133116550093,90,,,
chesca_commitment_full_mesh,2127,16,6,0,0,0,0.0,0.0,0.0,0.0,1.734723475976807e-17,1.3877787807814457e-17,0.21,7.594817834139902,7.594817834139901,-8.881784197001252e-16,9.195718765258789,0.0788252308865166,90,,,
chesca_commitment_full_mesh,2128,17,6,2,2,0,0.08000000000000002,0.0,0.08000000000000002,0.0,0.08000000000000003,0.04000000000000001,0.20666666666666667,8.737400900629364,8.473400900629363,-0.2640000000000011,9.195718765258789,0.179604300726702,90,,,
chesca_commitment_full_mesh,2129,18,6,4,4,0,0.10000000000000003,0.0,0.10000000000000003,0.0,0.18000000000000008,0.04000000000000002,0.21,10.48381193710434,10.097811937104339,-0.386000000000001,9.168228149414062,0.42775067402670985,90,,,
chesca_commitment_full_mesh,2130,19,6,2,2,0,0.04000000000000001,0.0,0.04000000000000001,0.0,0.22000000000000006,0.04000000000000002,0.21666666666666667,11.947329916031462,11.78732991603146,-0.16000000000000192,9.168228149414062,0.8714196652347527,90,,,
chesca_commitment_full_mesh,2131,20,6,0,0,0,0.0,0.0,0.0,0.0,0.22000000000000006,0.04000000000000002,0.21666666666666667,10.488711232255758,10.48871123225576,1.7763568394002505e-15,9.168228149414062,0.2867999596432851,90,,,
chesca_commitment_full_mesh,2132,21,6,0,0,0,0.0,0.0,0.0,0.0,0.22000000000000006,0.04000000000000002,0.21666666666666667,9.590554959058544,9.590554959058545,1.7763568394002505e-15,9.168228149414062,0.08958502916526187,90,,,
chesca_commitment_full_mesh,2133,22,6,0,0,0,0.0,0.0,0.0,0.0,0.22000000000000006,0.04000000000000002,0.18666666666666668,9.298483209064866,9.298483209064866,0.0,9.116820335388184,0.08600546143591159,90,,,
chesca_commitment_full_mesh,2134,23,6,3,0,3,0.0,0.12000000000000002,0.0,0.12000000000000002,0.10000000000000006,0.04000000000000002,0.20000000000000004,8.956673948457428,9.380673948457428,0.4239999999999995,9.066502571105957,0.031346443974011595,90,,,
chesca_commitment_full_mesh,2135,24,6,0,0,0,0.0,0.0,0.0,0.0,0.10000000000000006,0.04000000000000002,0.20000000000000004,9.644409611495366,9.644409611495366,0.0,9.168228149414062,0.07289695593283356,90,,,
chesca_commitment_full_mesh,2136,1,6,3,0,3,0.0,0.10000000000000002,0.0,0.10000000000000002,3.469446951953614e-17,1.3877787807814457e-17,0.2166666666666667,9.0589386046495,9.444938604649499,0.38599999999999923,9.168228149414062,-0.048881321196324844,90,,,
chesca_commitment_full_mesh,2137,2,6,2,0,2,0.0,6.938893903907228e-18,0.0,0.08000000000000002,2.7755575615628914e-17,1.3877787807814457e-17,0.19666666666666668,8.015134438718588,8.27913443871859,0.2640000000000011,9.168228149414062,-0.15534418891979124,90,,,
chesca_commitment_full_mesh,2138,3,6,4,0,4,0.0,1.3877787807814457e-17,0.0,0.14,1.3877787807814457e-17,1.3877787807814457e-17,0.18666666666666668,6.991327571077364,7.4813275710773635,0.4899999999999993,9.168228149414062,-0.10507087336606138,90,,,
chesca_commitment_full_mesh,2139,4,6,0,0,0,0.0,0.0,0.0,0.0,1.3877787807814457e-17,1.3877787807814457e-17,0.17000000000000004,6.764652694183981,6.764652694183981,0.0,9.168228149414062,-0.01683637799804412,90,,,
chesca_commitment_full_mesh,2140,5,6,0,0,0,0.0,0.0,0.0,0.0,1.3877787807814457e-17,1.3877787807814457e-17,0.17000000000000004,5.8134923218286945,5.8134923218286945,0.0,9.168228149414062,0.010347335588335949,90,,,
chesca_commitment_full_mesh,2141,6,6,6,6,0,0.2,0.0,0.2,0.0,0.2,0.040000000000000015,0.20333333333333334,6.012943303303853,5.268943303303853,-0.7439999999999998,9.168228149414062,0.14045469473946276,90,,,
chesca_commitment_full_mesh,2142,7,6,0,0,0,0.0,0.0,0.0,0.0,0.2,0.040000000000000015,0.20333333333333334,5.6497413574179465,5.6497413574179465,0.0,9.168228149414062,0.25135613044116645,90,,,
chesca_commitment_full_mesh,2143,8,6,0,0,0,0.0,0.0,0.0,0.0,0.2,0.040000000000000015,0.18000000000000002,4.620891014123423,4.620891014123422,-8.881784197001252e-16,9.168228149414062,0.12185255669868036,90,,,
chesca_commitment_full_mesh,2144,9,6,6,0,6,0.0,0.2,0.0,0.2,1.3877787807814457e-17,1.3877787807814457e-17,0.21333333333333335,3.6458909329720193,4.043588965597138,0.3976980326251187,9.168228149414062,0.02469703805271191,90,,,
chesca_commitment_full_mesh,2145,10,6,1,1,0,0.04,0.0,0.04,0.0,0.040000000000000015,0.04,0.19666666666666666,3.691194127684853,3.559194127684853,-0.13200000000000012,9.168228149414062,0.11579849988361106,90,,,
chesca_commitment_full_mesh,2146,11,6,0,0,0,0.0,0.0,0.0,0.0,0.040000000000000015,0.04,0.19666666666666666,2.515380881613276,2.5153808816132757,-4.440892098500626e-16,9.168228149414062,0.060028283960886004,90,,,
chesca_commitment_full_mesh,2147,12,6,5,5,0,0.1,0.0,0.1,0.0,0.14,0.04,0.20666666666666667,2.6074789748515443,2.235478974851544,-0.37200000000000033,9.168228149414062,0.09946116304327234,90,,,
chesca_commitment_full_mesh,2148,13,6,0,0,0,0.0,0.0,0.0,0.0,0.14,0.04,0.20666666666666667,4.590706221599803,4.590706221599803,0.0,9.168228149414062,0.2095828913449434,90,,,
chesca_commitment_full_mesh,2149,14,6,0,0,0,0.0,0.0,0.0,0.0,0.14,0.04,0.20666666666666667,4.369372836910401,4.369372836910401,0.0,9.168228149414062,0.26529929807612485,90,,,
chesca_commitment_full_mesh,2150,15,6,0,0,0,0.0,0.0,0.0,0.0,0.14,0.04,0.20000000000000004,6.198205781053995,6.198205781053994,-8.881784197001252e-16,9.168228149414062,0.13867753367995203,90,,,
chesca_commitment_full_mesh,2151,16,6,0,0,0,0.0,0.0,0.0,0.0,0.14,0.04,0.20000000000000004,7.333876774856078,7.333876774856077,-8.881784197001252e-16,9.168228149414062,0.2685423607235826,90,,,
chesca_commitment_full_mesh,2152,17,6,6,0,6,0.0,0.14,0.0,0.14,1.0408340855860843e-17,1.0408340855860843e-17,0.21000000000000005,8.313058557256618,8.817058557256617,0.5039999999999996,9.168228149414062,0.00170769757852645,90,,,
chesca_commitment_full_mesh,2153,18,6,4,4,0,0.08,0.0,0.08,0.0,0.08000000000000002,0.020000000000000028,0.20666666666666667,10.074859658071958,9.782859658071958,-0.2919999999999998,9.072561264038086,0.2888851611214347,90,,,
chesca_commitment_full_mesh,2154,19,6,6,6,0,0.2,0.0,0.2,0.0,0.28,0.060000000000000026,0.23333333333333336,13.812260066383402,13.068260066383402,-0.7439999999999998,9.072561264038086,1.2467046368918255,90,,,
chesca_commitment_full_mesh,2155,20,6,1,1,0,0.02,0.0,0.02,0.0,0.3,0.060000000000000026,0.2366666666666667,14.358822535561476,14.278822535561478,-0.0799999999999983,9.072561264038086,1.501087998325283,90,,,
chesca_commitment_full_mesh,2156,21,6,6,0,6,0.0,0.24,0.0,0.24000000000000002,0.06000000000000004,0.020000000000000025,0.27666666666666667,9.33972187924963,10.215721879249628,0.8759999999999977,9.072561264038086,-0.24079609141604646,90,,,
chesca_commitment_full_mesh,2157,22,6,0,0,0,0.0,0.0,0.0,0.0,0.06000000000000004,0.020000000000000025,0.27666666666666667,9.798473053903379,9.798473053903379,0.0,9.072561264038086,0.25558863144997945,90,,,
chesca_commitment_full_mesh,2158,23,6,0,0,0,0.0,0.0,0.0,0.0,0.06000000000000004,0.020000000000000025,0.25666666666666665,10.09998846604635,10.09998846604635,0.0,9.072561264038086,0.25463330138384166,90,,,
chesca_commitment_full_mesh,2159,24,6,0,0,0,0.0,0.0,0.0,0.0,0.06000000000000004,0.020000000000000025,0.25666666666666665,10.727796213958378,10.727796213958378,0.0,9.072561264038086,0.6073397627677299,90,,,
chesca_commitment_full_mesh,2160,1,6,0,0,0,0.0,0.0,0.0,0.0,0.06000000000000004,0.020000000000000025,0.24,11.010359288113783,11.010359288113783,0.0,9.072561264038086,0.6415609597900296,90,,,
chesca_commitment_full_mesh,2161,2,6,3,0,3,0.0,0.060000000000000005,0.0,0.06000000000000001,3.469446951953614e-17,2.0816681711721685e-17,0.23666666666666666,9.103086130384481,9.343086130384481,0.2400000000000002,9.168228149414062,-0.04378261845969267,90,,,
chesca_commitment_full_mesh,2162,3,6,0,0,0,0.0,0.0,0.0,0.0,3.469446951953614e-17,2.0816681711721685e-17,0.21333333333333335,7.83154121737068,7.831541217370681,8.881784197001252e-16,9.202729225158691,-0.04748979279725721,90,,,
chesca_commitment_full_mesh,2163,4,6,0,0,0,0.0,0.0,0.0,0.0,3.469446951953614e-17,2.0816681711721685e-17,0.21333333333333335,7.09396432414307,7.09396432414307,0.0,9.202729225158691,0.04033387937760502,90,,,
chesca_commitment_full_mesh,2164,5,6,0,0,0,0.0,0.0,0.0,0.0,3.469446951953614e-17,2.0816681711721685e-17,0.21333333333333335,5.827470040500997,5.827470040500997,0.0,9.202729225158691,-0.08190332818327759,90,,,
chesca_commitment_full_mesh,2165,6,6,2,2,0,0.08,0.0,0.08,0.0,0.08000000000000004,0.04,0.19333333333333333,6.16803460358819,5.904034603588189,-0.26400000000000023,9.202729225158691,0.13235502219024364,90,,,
chesca_commitment_full_mesh,2166,7,6,4,4,0,0.08000000000000002,0.0,0.08000000000000002,0.0,0.16000000000000003,0.04,0.20666666666666667,5.761998986303503,5.455998986303503,-0.30600000000000005,9.202729225158691,0.11659550666647972,90,,,
chesca_commitment_full_mesh,2167,8,6,6,0,6,0.0,0.16,0.0,0.16000000000000003,2.7755575615628914e-17,1.734723475976807e-17,0.23333333333333336,5.2963601076873985,5.770206547629067,0.47384643994166886,9.237412452697754,-0.3271589749671323,90,,,
chesca_commitment_full_mesh,2168,9,6,0,0,0,0.0,0.0,0.0,0.0,2.7755575615628914e-17,1.734723475976807e-17,0.19999999999999998,3.6905672655349875,3.6905672655349875,0.0,9.237412452697754,0.07265000088494289,90,,,
chesca_commitment_full_mesh,2169,10,6,6,6,0,0.12000000000000002,0.0,0.12000000000000002,0.0,0.12000000000000004,0.020000000000000018,0.21333333333333335,3.2904754473326605,2.8524754473326595,-0.43800000000000106,9.237412452697754,0.11438777590737656,90,,,
chesca_commitment_full_mesh,2170,11,6,0,0,0,0.0,0.0,0.0,0.0,0.12000000000000004,0.020000000000000018,0.21333333333333335,3.1668318675652793,3.1668318675652793,0.0,9.237412452697754,0.08153889370057217,90,,,
chesca_commitment_full_mesh,2171,12,6,0,0,0,0.0,0.0,0.0,0.0,0.12000000000000004,0.020000000000000018,0.19666666666666666,4.801408921492078,4.801408921492078,0.0,9.237412452697754,0.2531451713809314,90,,,
chesca_commitment_full_mesh,2172,13,6,0,0,0,0.0,0.0,0.0,0.0,0.12000000000000004,0.020000000000000018,0.19666666666666666,5.9050059415564515,5.905005941556451,-8.881784197001252e-16,9.237412452697754,0.21103675190968496,90,,,
chesca_commitment_full_mesh,2173,14,6,0,0,0,0.0,0.0,0.0,0.0,0.12000000000000004,0.020000000000000018,0.19666666666666666,5.928700745360985,5.928700745360985,0.0,9.237412452697754,0.06689469833682313,90,,,
chesca_commitment_full_mesh,2174,15,6,6,0,6,0.0,0.12000000000000001,0.0,0.12000000000000002,3.469446951953614e-17,1.734723475976807e-17,0.21666666666666667,7.309032937183076,7.6560684323298664,0.3470354951467902,9.25835132598877,-0.2734812609138363,90,,,
chesca_commitment_full_mesh,2175,16,6,6,6,0,0.12000000000000001,0.0,0.12000000000000001,0.0,0.12000000000000004,0.02000000000000002,0.2366666666666667,9.186983503337196,8.748983503337193,-0.4380000000000024,9.25835132598877,0.4696619719984395,90,,,
chesca_commitment_full_mesh,2176,17,6,4,4,0,0.07999999999999999,0.0,0.07999999999999999,0.0,0.20000000000000004,0.04000000000000002,0.22666666666666666,11.295807913937823,10.989807913937824,-0.30599999999999916,9.25835132598877,1.0460197356122167,90,,,
chesca_commitment_full_mesh,2177,18,6,3,3,0,0.059999999999999984,0.0,0.059999999999999984,0.0,0.26,0.059999999999999984,0.2233333333333333,12.25756281793754,12.05956281793754,-0.1980000000000004,9.25835132598877,1.361701339715985,90,,,
chesca_commitment_full_mesh,2178,19,6,5,5,0,0.13999999999999999,0.0,0.13999999999999999,0.0,0.4,0.08000000000000002,0.21333333333333335,15.058203935171903,14.526203935171903,-0.532,9.25835132598877,1.8173182773248011,90,,,
chesca_commitment_full_mesh,2179,20,6,0,0,0,0.0,0.0,0.0,0.0,0.4,0.08000000000000002,0.21,14.880567279165703,14.880567279165703,0.0,9.25835132598877,1.5832044407926624,90,,,
chesca_commitment_full_mesh,2180,21,6,0,0,0,0.0,0.0,0.0,0.0,0.4,0.08000000000000002,0.17,11.763681286738851,11.763681286738851,0.0,9.25835132598877,0.6386657235064213,90,,,
chesca_commitment_full_mesh,2181,22,6,0,0,0,0.0,0.0,0.0,0.0,0.4,0.08000000000000002,0.17,10.525309945141064,10.525309945141064,0.0,9.25835132598877,0.35194883864100823,90,,,
chesca_commitment_full_mesh,2182,23,6,0,0,0,0.0,0.0,0.0,0.0,0.4,0.08000000000000002,0.17,10.423524508617009,10.42352450861701,1.7763568394002505e-15,9.298928260803223,0.30882776390654293,90,,,
chesca_commitment_full_mesh,2183,24,6,0,0,0,0.0,0.0,0.0,0.0,0.4,0.08000000000000002,0.17,11.635987359660339,11.635987359660339,0.0,9.298928260803223,0.781032356212828,90,,,
chesca_commitment_full_mesh,2184,1,6,0,0,0,0.0,0.0,0.0,0.0,0.4,0.08000000000000002,0.17,11.164674581586748,11.164674581586747,-1.7763568394002505e-15,9.298928260803223,0.45763196146945206,90,,,
chesca_commitment_full_mesh,2185,2,6,6,0,6,0.0,0.24000000000000005,0.0,0.24000000000000005,0.15999999999999998,0.04000000000000001,0.19999999999999998,9.874619814512252,10.750619814512254,0.8760000000000012,9.298928260803223,0.0096279251174257,90,,,
chesca_commitment_full_mesh,2186,3,6,6,0,6,0.0,0.15999999999999995,0.0,0.2,1.0408340855860843e-17,6.938893903907228e-18,0.23333333333333336,7.6638624230714285,8.407862423071428,0.7439999999999998,9.34209156036377,-0.18540711927029735,90,,,
chesca_commitment_full_mesh,2187,4,6,0,0,0,0.0,0.0,0.0,0.0,1.0408340855860843e-17,6.938893903907228e-18,0.23333333333333336,7.483838734522849,7.483838734522849,0.0,9.357733726501465,-0.15319642589843205,90,,,
chesca_commitment_full_mesh,2188,5,6,0,0,0,0.0,0.0,0.0,0.0,1.0408340855860843e-17,6.938893903907228e-18,0.23333333333333336,5.991720522547583,5.991720522547583,0.0,9.357733726501465,-0.10424003883812072,90,,,
chesca_commitment_full_mesh,2189,6,6,0,0,0,0.0,0.0,0.0,0.0,1.0408340855860843e-17,6.938893903907228e-18,0.22,6.246651261391446,6.246651261391446,0.0,9.357733726501465,0.07241126293549324,90,,,
chesca_commitment_full_mesh,2190,7,6,2,0,2,0.0,3.469446951953614e-18,0.0,0.04000000000000001,6.938893903907228e-18,6.938893903907228e-18,0.21333333333333335,5.920871464919315,6.052871464919315,0.13200000000000056,9.357733726501465,-0.09102773944205161,90,,,
chesca_commitment_full_mesh,2191,8,6,0,0,0,0.0,0.0,0.0,0.0,6.938893903907228e-18,6.938893903907228e-18,0.18666666666666665,4.434659211629168,4.434659211629168,0.0,9.357733726501465,-0.04171577282821741,90,,,
chesca_commitment_full_mesh,2192,9,6,0,0,0,0.0,0.0,0.0,0.0,6.938893903907228e-18,6.938893903907228e-18,0.18666666666666665,3.6918358329687857,3.691835832968786,4.440892098500626e-16,9.357733726501465,-0.015929226510149844,90,,,
chesca_commitment_full_mesh,2193,10,6,3,0,3,0.0,6.938893903907228e-18,0.0,0.06,0.0,0.0,0.17666666666666667,3.6682829496920406,3.8065694379649684,0.13828648827292778,9.357733726501465,-0.09703900212113492,90,,,
chesca_commitment_full_mesh,2194,11,6,0,0,0,0.0,0.0,0.0,0.0,0.0,0.0,0.17666666666666667,3.4814444448805175,3.4814444448805175,0.0,9.357733726501465,0.04211533260965154,90,,,
chesca_commitment_full_mesh,2195,12,6,6,6,0,0.2,0.0,0.2,0.0,0.2,0.04,0.21,5.269560603594408,4.553560603594407,-0.7160000000000002,9.357733726501465,0.08942094702863787,90,,,
chesca_commitment_full_mesh,2196,13,6,0,0,0,0.0,0.0,0.0,0.0,0.2,0.04,0.21,6.179185183484627,6.179185183484627,0.0,9.357733726501465,0.31409042451966884,90,,,
chesca_commitment_full_mesh,2197,14,6,0,0,0,0.0,0.0,0.0,0.0,0.2,0.04,0.21,6.818165849890653,6.818165849890653,0.0,9.357733726501465,0.15109859332212672,90,,,
chesca_commitment_full_mesh,2198,15,6,0,0,0,0.0,0.0,0.0,0.0,0.2,0.04,0.18999999999999997,8.935840952221639,8.935840952221639,0.0,9.357733726501465,0.1952457253307297,90,,,
chesca_commitment_full_mesh,2199,16,6,3,2,1,0.039999999999999994,0.04,0.039999999999999994,0.04000000000000001,0.20000000000000004,0.04000000000000001,0.18333333333333335,10.68893980357236,10.528939803572362,-0.15999999999999837,9.357733726501465,0.8767522972389795,90,,,
chesca_commitment_full_mesh,2200,17,6,6,6,0,0.20000000000000004,0.0,0.20000000000000004,0.0,0.4,0.08000000000000002,0.20333333333333334,12.399403697395966,11.683403697395967,-0.7159999999999993,9.34209156036377,1.230079193598434,90,,,
chesca_commitment_full_mesh,2201,18,6,4,4,0,0.08000000000000002,0.0,0.08000000000000002,0.0,0.4800000000000001,0.10000000000000002,0.20666666666666667,14.501410072586491,14.195410072586492,-0.30599999999999916,9.34209156036377,1.8576605308820215,90,,,
chesca_commitment_full_mesh,2202,19,6,0,0,0,0.0,0.0,0.0,0.0,0.4800000000000001,0.10000000000000002,0.18333333333333335,15.666786710678103,15.666786710678101,-1.7763568394002505e-15,9.34209156036377,1.9338789836954953,90,,,
chesca_commitment_full_mesh,2203,20,6,0,0,0,0.0,0.0,0.0,0.0,0.4800000000000001,0.10000000000000002,0.18333333333333335,14.077099486874703,14.077099486874701,-1.7763568394002505e-15,9.34209156036377,1.2535676594980842,90,,,
chesca_commitment_full_mesh,2204,21,6,0,0,0,0.0,0.0,0.0,0.0,0.4800000000000001,0.10000000000000002,0.18333333333333335,13.216423488265459,13.216423488265459,0.0,9.34209156036377,1.053189989204532,90,,,
chesca_commitment_full_mesh,2205,22,6,6,0,6,0.0,0.24000000000000002,0.0,0.24000000000000002,0.24000000000000007,0.06000000000000002,0.22333333333333336,9.665430479149146,10.541430479149147,0.8760000000000012,9.34209156036377,-0.05612841101168811,90,,,
chesca_commitment_full_mesh,2206,23,6,2,0,2,0.0,0.04000000000000001,0.0,0.04000000000000001,0.20000000000000007,0.06000000000000002,0.23,10.161982798489415,10.293982798489415,0.13199999999999967,9.357733726501465,0.025031638522014704,90,,,
chesca_round_robin_commitment_full_mesh,1,2,6,6,6,0,0.24000000000000005,0.0,0.24000000000000005,0.0,0.24000000000000005,0.040000000000000036,0.04000000000000001,14.591872655066727,13.715872769507643,-0.875999885559084,14.591872655066727,2.1562115588092237,90,1.0,round_robin,chesca_planner_tool
chesca_round_robin_commitment_full_mesh,2,3,6,6,0,6,0.0,0.23999999999999996,0.0,0.24000000000000005,8.326672684688674e-17,2.7755575615628914e-17,0.08000000000000002,6.204107326152643,7.0801073261526435,0.8760000000000003,6.204107326152643,-0.3123500037849793,90,2.0,round_robin,chesca_planner_tool
chesca_round_robin_commitment_full_mesh,3,4,6,6,0,6,0.0,8.326672684688674e-17,0.0,0.22000000000000006,0.0,0.0,0.1166666666666667,5.192537087941776,5.988537087941776,0.7959999999999994,5.192537087941776,-0.1941129957619891,90,3.0,round_robin,chesca_planner_tool
chesca_round_robin_commitment_full_mesh,4,5,6,0,0,0,0.0,0.0,0.0,0.0,0.0,0.0,0.1166666666666667,4.711030065747744,4.711030065747743,-8.881784197001252e-16,4.711030065747744,-0.04868147801391834,90,4.0,round_robin,chesca_planner_tool
chesca_round_robin_commitment_full_mesh,5,6,6,6,0,6,0.0,0.0,0.0,0.18,0.0,0.0,0.1466666666666667,6.237404508867892,6.772583181138234,0.5351786722703418,6.237404508867892,-0.19209621228683554,90,5.0,round_robin,chesca_planner_tool
chesca_round_robin_commitment_full_mesh,6,7,6,6,0,6,0.0,0.0,0.0,0.15999999999999998,0.0,0.0,0.17333333333333334,4.990351398238254,5.416675363261937,0.4263239650236823,4.990351398238254,-0.1467055614586119,90,0.0,round_robin,chesca_planner_tool
chesca_round_robin_commitment_full_mesh,7,8,6,0,0,0,0.0,0.0,0.0,0.0,0.0,0.0,0.17333333333333334,5.958205647622158,5.958205647622158,0.0,5.958205647622158,0.030926627979021917,90,1.0,round_robin,chesca_planner_tool
chesca_round_robin_commitment_full_mesh,8,9,6,6,0,6,0.0,0.0,0.0,0.14,0.0,0.0,0.19666666666666668,6.376008958995863,6.789535459789824,0.413526500793961,6.376008958995863,-0.1836128694386483,90,2.0,round_robin,chesca_planner_tool
chesca_round_robin_commitment_full_mesh,9,10,6,4,4,0,0.12000000000000001,0.0,0.12000000000000001,0.0,0.12000000000000001,0.04000000000000001,0.21666666666666667,7.098647757443403,6.632647757443402,-0.4660000000000011,7.098647757443403,0.23974937698842755,90,3.0,round_robin,chesca_planner_tool
chesca_round_robin_commitment_full_mesh,10,11,6,4,0,4,0.0,0.12000000000000001,0.0,0.12000000000000001,6.938893903907228e-18,6.938893903907228e-18,0.2366666666666667,6.907030968257912,7.373030968257911,0.4659999999999993,6.907030968257912,-0.13755705061849452,90,4.0,round_robin,chesca_planner_tool
chesca_round_robin_commitment_full_mesh,11,12,6,2,2,0,0.04000000000000001,0.0,0.04000000000000001,0.0,0.04000000000000001,0.020000000000000004,0.24333333333333337,6.951558739919788,6.819558739919788,-0.13199999999999967,7.096320629119873,0.5753347775285321,90,5.0,round_robin,chesca_planner_tool
chesca_round_robin_commitment_full_mesh,12,13,6,0,0,0,0.0,0.0,0.0,0.0,0.04000000000000001,0.020000000000000004,0.24333333333333337,7.7012010350426285,7.7012010350426285,0.0,6.954711437225342,0.5853503675710477,90,0.0,round_robin,chesca_planner_tool
chesca_round_robin_commitment_full_mesh,13,14,6,3,3,0,0.06000000000000001,0.0,0.06000000000000001,0.0,0.10000000000000002,0.020000000000000004,0.25333333333333335,7.399337623476284,7.173337623476284,-0.22599999999999998,6.931127548217773,0.7880042840393442,90,1.0,round_robin,chesca_planner_tool
chesca_round_robin_commitment_full_mesh,14,15,6,0,0,0,0.0,0.0,0.0,0.0,0.10000000000000002,0.020000000000000004,0.25333333333333335,4.975002740554117,4.975002740554117,0.0,6.907543182373047,0.6243917686130132,90,2.0,round_robin,chesca_planner_tool
chesca_round_robin_commitment_full_mesh,15,16,6,1,1,0,0.020000000000000004,0.0,0.020000000000000004,0.0,0.12000000000000002,0.02000000000000001,0.25666666666666665,7.133499018053461,7.053499018053461,-0.08000000000000007,6.435116767883301,1.0812646419774359,90,3.0,round_robin,chesca_planner_tool
chesca_round_robin_commitment_full_mesh,16,17,6,0,0,0,0.0,0.0,0.0,0.0,0.12000000000000002,0.02000000000000001,0.25666666666666665,7.727875229375478,7.727875229375478,0.0,6.694179058074951,0.7336065413192467,90,4.0,round_robin,chesca_planner_tool
chesca_round_robin_commitment_full_mesh,17,18,6,0,0,0,0.0,0.0,0.0,0.0,0.12000000000000002,0.02000000000000001,0.25666666666666665,6.587409890681502,6.587409890681503,8.881784197001252e-16,6.904174327850342,0.08301602771911085,90,5.0,round_robin,chesca_planner_tool
chesca_round_robin_commitment_full_mesh,18,19,6,0,0,0,0.0,0.0,0.0,0.0,0.12000000000000002,0.02000000000000001,0.25666666666666665,9.612170232134021,9.612170232134021,0.0,6.797492027282715,1.23088261813842,90,0.0,round_robin,chesca_planner_tool
chesca_round_robin_commitment_full_mesh,19,20,6,0,0,0,0.0,0.0,0.0,0.0,0.12000000000000002,0.02000000000000001,0.25666666666666665,8.337066107872488,8.337066107872488,0.0,6.924388885498047,0.49485659338475785,90,1.0,round_robin,chesca_planner_tool
chesca_round_robin_commitment_full_mesh,20,21,6,0,0,0,0.0,0.0,0.0,0.0,0.12000000000000002,0.02000000000000001,0.25666666666666665,8.08901388514793,8.08901388514793,0.0,6.968188285827637,0.4108291797475954,90,2.0,round_robin,chesca_planner_tool
chesca_round_robin_commitment_full_mesh,21,22,6,6,0,6,0.0,0.12000000000000001,0.0,0.12000000000000001,2.0816681711721685e-17,1.0408340855860843e-17,0.27666666666666667,6.426781706489935,6.864781706489936,0.4380000000000006,7.523429870605469,-0.06020923154082056,90,3.0,round_robin,chesca_planner_tool
chesca_round_robin_commitment_full_mesh,22,23,6,0,0,0,0.0,0.0,0.0,0.0,2.0816681711721685e-17,1.0408340855860843e-17,0.27666666666666667,6.512989719906168,6.512989719906168,0.0,7.224452972412109,0.06889439695260097,90,4.0,round_robin,chesca_planner_tool
chesca_round_robin_commitment_full_mesh,23,24,6,0,0,0,0.0,0.0,0.0,0.0,2.0816681711721685e-17,1.0408340855860843e-17,0.27666666666666667,6.401975192769257,6.401975192769257,0.0,7.419575214385986,-0.015752346655749996,90,5.0,round_robin,chesca_planner_tool
chesca_round_robin_commitment_full_mesh,24,1,6,0,0,0,0.0,0.0,0.0,0.0,2.0816681711721685e-17,1.0408340855860843e-17,0.27666666666666667,6.106042007636097,6.106042007636097,0.0,7.253274440765381,0.007434175777916073,90,0.0,round_robin,chesca_planner_tool
chesca_round_robin_commitment_full_mesh,25,2,6,0,0,0,0.0,0.0,0.0,0.0,2.0816681711721685e-17,1.0408340855860843e-17,0.23666666666666666,4.5856730942016055,4.585673094201606,8.881784197001252e-16,7.086974143981934,-0.139996227148381,90,1.0,round_robin,chesca_planner_tool
chesca_round_robin_commitment_full_mesh,26,3,6,0,0,0,0.0,0.0,0.0,0.0,2.0816681711721685e-17,1.0408340855860843e-17,0.19666666666666666,4.319347407321968,4.319347407321967,-8.881784197001252e-16,6.961450099945068,-0.15245119101110122,90,2.0,round_robin,chesca_planner_tool
chesca_round_robin_commitment_full_mesh,27,4,6,5,0,5,0.0,1.0408340855860843e-17,0.0,0.12000000000000002,1.0408340855860843e-17,1.0408340855860843e-17,0.18000000000000002,4.4688324219439535,4.836414686782548,0.36758226483859424,6.937865734100342,-0.15730213652223413,90,3.0,round_robin,chesca_planner_tool
chesca_round_robin_commitment_full_mesh,28,5,6,6,0,6,0.0,1.0408340855860843e-17,0.0,0.18000000000000002,0.0,0.0,0.21,4.265504129198094,4.864125315143755,0.5986211859456612,6.914281368255615,-0.2041731405803944,90,4.0,round_robin,chesca_planner_tool
chesca_round_robin_commitment_full_mesh,29,6,6,0,0,0,0.0,0.0,0.0,0.0,0.0,0.0,0.18000000000000002,5.005329192823093,5.005329192823093,0.0,6.877306938171387,-0.05205595012712411,90,5.0,round_robin,chesca_planner_tool
chesca_round_robin_commitment_full_mesh,30,7,6,6,6,0,0.18000000000000002,0.0,0.18000000000000002,0.0,0.18000000000000002,0.04,0.18333333333333335,3.5164534064685222,2.8804534064685225,-0.6359999999999997,6.822479248046875,0.10591903606133023,90,0.0,round_robin,chesca_planner_tool
chesca_round_robin_commitment_full_mesh,31,8,6,0,0,0,0.0,0.0,0.0,0.0,0.18000000000000002,0.04,0.18333333333333335,2.8988684060178844,2.8988684060178844,0.0,6.767650604248047,0.18240838445351398,90,1.0,round_robin,chesca_planner_tool
chesca_round_robin_commitment_full_mesh,32,9,6,0,0,0,0.0,0.0,0.0,0.0,0.18000000000000002,0.04,0.16,2.0177702000049162,2.0177702000049162,0.0,6.706607818603516,0.04626553809147115,90,2.0,round_robin,chesca_planner_tool
chesca_round_robin_commitment_full_mesh,33,10,6,1,0,1,0.0,0.03999999999999998,0.0,0.03999999999999998,0.14,0.04,0.1466666666666667,4.383272405822112,4.383272405822112,0.0,6.640904426574707,0.2429895651815823,90,3.0,round_robin,chesca_planner_tool
chesca_round_robin_commitment_full_mesh,34,11,6,1,1,0,0.04,0.0,0.04,0.0,0.18000000000000002,0.04000000000000002,0.13333333333333333,2.105899872570176,1.9738998725701757,-0.13200000000000034,6.575201034545898,0.1392803360530016,90,4.0,round_robin,chesca_planner_tool
chesca_round_robin_commitment_full_mesh,35,12,6,0,0,0,0.0,0.0,0.0,0.0,0.18000000000000002,0.04000000000000002,0.12666666666666668,2.9947181407588412,2.9947181407588412,0.0,6.429965496063232,0.08954042640175758,90,5.0,round_robin,chesca_planner_tool
chesca_round_robin_commitment_full_mesh,36,13,6,6,0,6,0.0,0.18,0.0,0.2,2.42861286636753e-17,2.0816681711721685e-17,0.16,3.061830209770726,3.4293256497217017,0.36749543995097556,6.25291633605957,-0.25206472130179636,90,0.0,round_robin,chesca_planner_tool
chesca_round_robin_commitment_full_mesh,37,14,6,5,0,5,0.0,3.469446951953614e-18,0.0,0.12000000000000001,2.0816681711721685e-17,2.0816681711721685e-17,0.17,1.6716219590109382,1.9790057105138668,0.3073837515029285,6.565814971923828,-0.5801666094890582,90,1.0,round_robin,chesca_planner_tool
chesca_round_robin_commitment_full_mesh,38,15,6,5,5,0,0.18000000000000002,0.0,0.18000000000000002,0.0,0.18000000000000005,0.04000000000000001,0.19999999999999998,3.021529154230125,2.343529154230125,-0.6779999999999999,6.404672145843506,0.28624763309023615,90,2.0,round_robin,chesca_planner_tool
chesca_round_robin_commitment_full_mesh,39,16,6,2,1,1,0.02,0.01999999999999999,0.02,0.01999999999999999,0.18000000000000008,0.04000000000000001,0.20333333333333334,3.9500950358493236,3.8840950358493234,-0.06600000000000028,6.227622985839844,0.6393018456721773,90,3.0,round_robin,chesca_planner_tool
chesca_round_robin_commitment_full_mesh,40,17,6,1,1,0,0.020000000000000004,0.0,0.020000000000000004,0.0,0.20000000000000007,0.04000000000000001,0.20666666666666667,7.1144953259254295,7.048495325925431,-0.06599999999999895,6.050574779510498,0.8978269560896361,90,4.0,round_robin,chesca_planner_tool
chesca_round_robin_commitment_full_mesh,41,18,6,0,0,0,0.0,0.0,0.0,0.0,0.20000000000000007,0.04000000000000001,0.20666666666666667,6.720077441732858,6.720077441732858,0.0,6.025301456451416,0.571865697332841,90,5.0,round_robin,chesca_planner_tool
chesca_round_robin_commitment_full_mesh,42,19,6,0,0,0,0.0,0.0,0.0,0.0,0.20000000000000007,0.04000000000000001,0.20666666666666667,7.8709436111428905,7.8709436111428905,0.0,6.202330589294434,0.6014132823285216,90,0.0,round_robin,chesca_planner_tool
chesca_round_robin_commitment_full_mesh,43,20,6,0,0,0,0.0,0.0,0.0,0.0,0.20000000000000007,0.04000000000000001,0.20666666666666667,7.430260685993317,7.430260685993318,8.881784197001252e-16,6.531135559082031,0.23591570193416667,90,1.0,round_robin,chesca_planner_tool
chesca_round_robin_commitment_full_mesh,44,21,6,6,6,0,0.16000000000000003,0.0,0.16000000000000003,0.0,0.36000000000000004,0.08000000000000002,0.23333333333333336,11.512538009751736,10.914538009751736,-0.5980000000000008,6.560847282409668,1.51772558782799,90,2.0,round_robin,chesca_planner_tool
chesca_round_robin_commitment_full_mesh,45,22,6,0,0,0,0.0,0.0,0.0,0.0,0.36000000000000004,0.08000000000000002,0.21333333333333335,11.227520740556095,11.227520740556093,-1.7763568394002505e-15,6.55826997756958,1.8495840497466567,90,3.0,round_robin,chesca_planner_tool
chesca_round_robin_commitment_full_mesh,46,23,6,0,0,0,0.0,0.0,0.0,0.0,0.36000000000000004,0.08000000000000002,0.21333333333333335,6.764028457531348,6.764028457531348,0.0,6.563056468963623,0.048863448354240085,90,4.0,round_robin,chesca_planner_tool
chesca_round_robin_commitment_full_mesh,47,24,6,6,0,6,0.0,0.24000000000000005,0.0,0.24000000000000005,0.12000000000000002,0.04000000000000001,0.25333333333333335,6.001803702420904,6.8778037024209056,0.8760000000000012,6.560479164123535,-0.11014776659822409,90,5.0,round_robin,chesca_planner_tool
chesca_round_robin_commitment_full_mesh,48,1,6,4,0,4,0.0,0.12,0.0,0.12000000000000002,2.0816681711721685e-17,1.3877787807814457e-17,0.2733333333333334,5.401573314528861,5.864663856381855,0.4630905418529947,6.590540885925293,-0.25055594576523554,90,0.0,round_robin,chesca_planner_tool
chesca_round_robin_commitment_full_mesh,49,2,6,0,0,0,0.0,0.0,0.0,0.0,2.0816681711721685e-17,1.3877787807814457e-17,0.2733333333333334,5.195638139931468,5.195638139931468,0.0,6.56268835067749,-0.24036584812079714,90,1.0,round_robin,chesca_planner_tool
chesca_round_robin_commitment_full_mesh,50,3,6,0,0,0,0.0,0.0,0.0,0.0,2.0816681711721685e-17,1.3877787807814457e-17,0.2733333333333334,4.227303152510823,4.227303152510823,0.0,6.560111045837402,-0.292988066697383,90,2.0,round_robin,chesca_planner_tool
chesca_round_robin_commitment_full_mesh,51,4,6,0,0,0,0.0,0.0,0.0,0.0,2.0816681711721685e-17,1.3877787807814457e-17,0.25333333333333335,4.47020384645462,4.47020384645462,0.0,6.557533264160156,-0.2563092065303896,90,3.0,round_robin,chesca_planner_tool
chesca_round_robin_commitment_full_mesh,52,5,6,0,0,0,0.0,0.0,0.0,0.0,2.0816681711721685e-17,1.3877787807814457e-17,0.22333333333333336,4.343974411010742,4.343974411010742,0.0,6.530703067779541,-0.19043726687603513,90,4.0,round_robin,chesca_planner_tool
chesca_round_robin_commitment_full_mesh,53,6,6,0,0,0,0.0,0.0,0.0,0.0,2.0816681711721685e-17,1.3877787807814457e-17,0.22333333333333336,4.7902015001348435,4.7902015001348435,0.0,6.485682010650635,0.018159861016431703,90,5.0,round_robin,chesca_planner_tool
chesca_round_robin_commitment_full_mesh,54,7,6,0,0,0,0.0,0.0,0.0,0.0,2.0816681711721685e-17,1.3877787807814457e-17,0.19333333333333336,4.060717097189822,4.060717097189822,0.0,6.440661907196045,0.10103555045663329,90,0.0,round_robin,chesca_planner_tool
chesca_round_robin_commitment_full_mesh,55,8,6,0,0,0,0.0,0.0,0.0,0.0,2.0816681711721685e-17,1.3877787807814457e-17,0.19333333333333336,3.36254150191744,3.36254150191744,0.0,6.333493232727051,0.0569637103175073,90,1.0,round_robin,chesca_planner_tool
chesca_round_robin_commitment_full_mesh,56,9,6,6,0,6,0.0,2.0816681711721685e-17,0.0,0.14,0.0,0.0,0.21666666666666667,2.153981694807328,2.5554797258580564,0.40149803105072834,6.20146369934082,-0.12173873763335176,90,2.0,round_robin,chesca_planner_tool
chesca_round_robin_commitment_full_mesh,57,10,6,1,0,1,0.0,0.0,0.0,0.02,0.0,0.0,0.21333333333333335,2.1765801466294215,2.211077658881565,0.03449751225214337,6.0694355964660645,-0.3312727646566382,90,3.0,round_robin,chesca_planner_tool
chesca_round_robin_commitment_full_mesh,58,11,6,5,0,5,0.0,0.0,0.0,0.10000000000000002,0.0,0.0,0.22333333333333336,0.6930382378525103,0.9563936744123495,0.2633554365598392,6.043170928955078,-0.5486110365243838,90,4.0,round_robin,chesca_planner_tool
chesca_round_robin_commitment_full_mesh,59,12,6,2,0,2,0.0,0.0,0.0,0.04,0.0,0.0,0.23,0.604957467238608,0.6774379108501818,0.0724804436115738,6.053885459899902,-0.6008194123369924,90,5.0,round_robin,chesca_planner_tool
chesca_round_robin_commitment_full_mesh,60,13,6,6,0,6,0.0,0.0,0.0,0.14,0.0,0.0,0.22,1.9580533322327012,2.299203892215502,0.34115055998280064,6.060033321380615,-1.1507795582781306,90,0.0,round_robin,chesca_planner_tool
chesca_round_robin_commitment_full_mesh,61,14,6,6,0,6,0.0,0.0,0.0,0.12000000000000001,0.0,0.0,0.22,0.8901628546475556,1.1192410997323452,0.22907824508478958,6.2990803718566895,-1.612326028222336,90,1.0,round_robin,chesca_planner_tool
chesca_round_robin_commitment_full_mesh,62,15,6,2,0,2,0.0,0.0,0.0,0.04000000000000001,0.0,0.0,0.19666666666666668,1.3148609529222286,1.4279057817764789,0.11304482885425027,6.46638822555542,-0.5601629846873594,90,2.0,round_robin,chesca_planner_tool
chesca_round_robin_commitment_full_mesh,63,16,6,1,0,1,0.0,0.0,0.0,0.020000000000000018,0.0,0.0,0.19333333333333336,4.372044839509487,4.372044839509487,0.0,6.549996852874756,-0.012737568672844876,90,3.0,round_robin,chesca_planner_tool
chesca_round_robin_commitment_full_mesh,64,17,6,5,5,0,0.16,0.0,0.16,0.0,0.16,0.04,0.21666666666666667,4.841504520100999,4.257504520101,-0.5839999999999996,6.504976749420166,0.2600661254065051,90,4.0,round_robin,chesca_planner_tool
chesca_round_robin_commitment_full_mesh,65,18,6,0,0,0,0.0,0.0,0.0,0.0,0.16,0.04,0.21666666666666667,6.038779667545806,6.038779667545807,8.881784197001252e-16,6.459956645965576,0.3235393844194677,90,5.0,round_robin,chesca_planner_tool
chesca_round_robin_commitment_full_mesh,66,19,6,5,0,5,0.0,0.16,0.0,0.16,3.469446951953614e-18,3.469446951953614e-18,0.24333333333333332,6.372662231128805,6.843607396849658,0.47094516572085254,6.54356575012207,-0.048772695572362273,90,0.0,round_robin,chesca_planner_tool
chesca_round_robin_commitment_full_mesh,67,20,6,0,0,0,0.0,0.0,0.0,0.0,3.469446951953614e-18,3.469446951953614e-18,0.24333333333333332,5.3446110371007975,5.344611037100798,8.881784197001252e-16,6.4985456466674805,-0.08816443291137126,90,1.0,round_robin,chesca_planner_tool
chesca_round_robin_commitment_full_mesh,68,21,6,0,0,0,0.0,0.0,0.0,0.0,3.469446951953614e-18,3.469446951953614e-18,0.21666666666666667,6.069071187206878,6.069071187206878,0.0,6.453524589538574,0.05222805046176816,90,2.0,round_robin,chesca_planner_tool
chesca_round_robin_commitment_full_mesh,69,22,6,3,0,3,0.0,3.469446951953614e-18,0.0,0.06000000000000001,0.0,0.0,0.22666666666666668,5.799380822202259,6.018151019692888,0.21877019749062843,6.537134170532227,-0.12136867923056743,90,3.0,round_robin,chesca_planner_tool
chesca_round_robin_commitment_full_mesh,70,23,6,2,0,2,0.0,0.0,0.0,0.04,0.0,0.0,0.23333333333333336,5.793732463096365,5.953732463096365,0.16000000000000014,6.560111045837402,-0.31463338451787154,90,4.0,round_robin,chesca_planner_tool
chesca_round_robin_commitment_full_mesh,71,24,6,0,0,0,0.0,0.0,0.0,0.0,0.0,0.0,0.19333333333333333,5.155492768852605,5.155492768852605,0.0,6.557533264160156,-0.1458284081605961,90,5.0,round_robin,chesca_planner_tool
chesca_round_robin_commitment_full_mesh,72,1,6,6,0,6,0.0,0.0,0.0,0.14,0.0,0.0,0.19666666666666666,4.227564191408322,4.66281977317131,0.43525558176298773,6.530703067779541,-0.1019048396977389,90,0.0,round_robin,chesca_planner_tool
chesca_round_robin_commitment_full_mesh,73,2,6,4,0,4,0.0,0.0,0.0,0.10000000000000002,0.0,0.0,0.21333333333333335,3.319355578660306,3.595128715583641,0.27577313692333494,6.485682010650635,-0.20799098084591316,90,1.0,round_robin,chesca_planner_tool
chesca_round_robin_commitment_full_mesh,74,3,6,2,0,2,0.0,0.0,0.0,0.04,0.0,0.0,0.22,3.2346664114404953,3.3078683497791106,0.07320193833861532,6.440661907196045,-0.1205130786475101,90,2.0,round_robin,chesca_planner_tool
chesca_round_robin_commitment_full_mesh,75,4,6,0,0,0,0.0,0.0,0.0,0.0,0.0,0.0,0.22,4.2066130849997565,4.2066130849997565,0.0,6.33585786819458,0.11456676341780814,90,3.0,round_robin,chesca_planner_tool
chesca_round_robin_commitment_full_mesh,76,5,6,0,0,0,0.0,0.0,0.0,0.0,0.0,0.0,0.22,3.8045926112625166,3.804592611262517,4.440892098500626e-16,6.479250907897949,-0.2426227360006709,90,4.0,round_robin,chesca_planner_tool
chesca_round_robin_commitment_full_mesh,77,6,6,0,0,0,0.0,0.0,0.0,0.0,0.0,0.0,0.22,4.849259772322312,4.849259772322312,0.0,6.434230804443359,0.18831048601070777,90,5.0,round_robin,chesca_planner_tool
chesca_round_robin_commitment_full_mesh,78,7,6,0,0,0,0.0,0.0,0.0,0.0,0.0,0.0,0.22,3.691163044997303,3.691163044997304,8.881784197001252e-16,6.317468166351318,0.1855744741628431,90,0.0,round_robin,chesca_planner_tool
chesca_round_robin_commitment_full_mesh,79,8,6,0,0,0,0.0,0.0,0.0,0.0,0.0,0.0,0.22,2.243025351111707,2.243025351111707,0.0,6.188750743865967,0.08674980998811782,90,1.0,round_robin,chesca_planner_tool
chesca_round_robin_commitment_full_mesh,80,9,6,0,0,0,0.0,0.0,0.0,0.0,0.0,0.0,0.19666666666666666,2.554949465838474,2.554949465838474,0.0,6.060033321380615,0.1503218254523273,90,2.0,round_robin,chesca_planner_tool
chesca_round_robin_commitment_full_mesh,81,10,6,6,6,0,0.14,0.0,0.14,0.0,0.14,0.04,0.21666666666666667,3.8922710456962273,3.3882710456962277,-0.5039999999999996,6.056722640991211,0.219470590112048,90,3.0,round_robin,chesca_planner_tool
chesca_round_robin_commitment_full_mesh,82,11,6,0,0,0,0.0,0.0,0.0,0.0,0.14,0.04,0.19999999999999998,2.213116016237489,2.2131160162374894,4.440892098500626e-16,6.053412437438965,0.25230944017397156,90,4.0,round_robin,chesca_planner_tool
chesca_round_robin_commitment_full_mesh,83,12,6,1,0,1,0.0,0.03999999999999998,0.0,0.03999999999999998,0.10000000000000003,0.020000000000000004,0.19999999999999998,4.765870373039181,4.7658703730391805,-8.881784197001252e-16,6.049340724945068,0.45912155211498534,90,5.0,round_robin,chesca_planner_tool
chesca_round_robin_commitment_full_mesh,84,13,6,5,5,0,0.14,0.0,0.14,0.0,0.24000000000000005,0.06000000000000001,0.20000000000000004,5.622299064914374,5.118299064914373,-0.5040000000000013,6.040702819824219,0.6108205823965162,90,0.0,round_robin,chesca_planner_tool
chesca_round_robin_commitment_full_mesh,85,14,6,0,0,0,0.0,0.0,0.0,0.0,0.24000000000000005,0.06000000000000001,0.18000000000000002,1.7995377379206547,1.7995377379206547,0.0,6.032064914703369,0.12832375334785157,90,1.0,round_robin,chesca_planner_tool
chesca_round_robin_commitment_full_mesh,86,15,6,1,1,0,0.020000000000000004,0.0,0.020000000000000004,0.0,0.26000000000000006,0.06000000000000001,0.17666666666666667,3.6313030797853054,3.5653030797853056,-0.06599999999999984,6.02114200592041,0.23389001946252536,90,2.0,round_robin,chesca_planner_tool
chesca_round_robin_commitment_full_mesh,87,16,6,0,0,0,0.0,0.0,0.0,0.0,0.26000000000000006,0.06000000000000001,0.17333333333333334,3.583258312213811,3.583258312213811,0.0,6.004506587982178,0.4344630070454028,90,3.0,round_robin,chesca_planner_tool
chesca_round_robin_commitment_full_mesh,88,17,6,0,0,0,0.0,0.0,0.0,0.0,0.26000000000000006,0.06000000000000001,0.1466666666666667,6.472832757937382,6.472832757937382,0.0,5.987871170043945,0.772363383113352,90,4.0,round_robin,chesca_planner_tool
chesca_round_robin_commitment_full_mesh,89,18,6,0,0,0,0.0,0.0,0.0,0.0,0.26000000000000006,0.06000000000000001,0.1466666666666667,6.058317013741387,6.058317013741387,0.0,6.018765449523926,0.23625209486012813,90,5.0,round_robin,chesca_planner_tool
chesca_round_robin_commitment_full_mesh,90,19,6,0,0,0,0.0,0.0,0.0,0.0,0.26000000000000006,0.06000000000000001,0.12000000000000001,6.923283775533185,6.923283775533185,0.0,6.002130031585693,0.381588350855666,90,0.0,round_robin,chesca_planner_tool
chesca_round_robin_commitment_full_mesh,91,20,6,6,0,6,0.0,0.22000000000000003,0.0,0.22000000000000003,0.040000000000000036,0.02000000000000001,0.1566666666666667,6.30974676616696,7.119746766166959,0.8099999999999996,6.02959680557251,-0.057868973782435794,90,1.0,round_robin,chesca_planner_tool
chesca_round_robin_commitment_full_mesh,92,21,6,6,0,6,0.0,0.040000000000000036,0.0,0.24000000000000002,0.0,0.0,0.19666666666666666,6.29357952594757,7.16957952594757,0.8759999999999994,6.0456390380859375,-0.24384904657379508,90,2.0,round_robin,chesca_planner_tool
chesca_round_robin_commitment_full_mesh,93,22,6,3,0,3,0.0,0.0,0.0,0.08000000000000002,0.0,0.0,0.19999999999999998,5.509256973203541,5.759268652939591,0.2500116797360503,6.054831027984619,-0.25972167331524565,90,3.0,round_robin,chesca_planner_tool
chesca_round_robin_commitment_full_mesh,94,23,6,5,0,5,0.0,0.0,0.0,0.1,0.0,0.0,0.21,6.0601177351050515,6.392873045163645,0.3327553100585936,6.073896884918213,-0.2565904074435623,90,4.0,round_robin,chesca_planner_tool
chesca_round_robin_commitment_full_mesh,95,24,6,3,3,0,0.06,0.0,0.06,0.0,0.06,0.02,0.21999999999999997,6.25722100457847,6.017221004578471,-0.23999999999999932,6.057668685913086,0.11822184602858174,90,5.0,round_robin,chesca_planner_tool
chesca_round_robin_commitment_full_mesh,96,1,6,3,0,3,0.0,0.06,0.0,0.06000000000000001,0.0,0.0,0.20666666666666667,6.280270817305815,6.520270817305815,0.2400000000000002,6.054358005523682,-0.051497129032777866,90,0.0,round_robin,chesca_planner_tool
chesca_round_robin_commitment_full_mesh,97,2,6,3,0,3,0.0,0.0,0.0,0.08000000000000002,0.0,0.0,0.20333333333333334,4.844245189018644,5.108245189018645,0.2640000000000011,6.066965103149414,-0.10986733935839468,90,1.0,round_robin,chesca_planner_tool
chesca_round_robin_commitment_full_mesh,98,3,6,0,0,0,0.0,0.0,0.0,0.0,0.0,0.0,0.19666666666666666,4.62904821583651,4.62904821583651,0.0,6.057195663452148,0.019657239285565488,90,2.0,round_robin,chesca_planner_tool
chesca_round_robin_commitment_full_mesh,99,4,6,0,0,0,0.0,0.0,0.0,0.0,0.0,0.0,0.19666666666666666,4.041070467460201,4.041070467460202,8.881784197001252e-16,6.053885459899902,0.01624485962672248,90,3.0,round_robin,chesca_planner_tool
chesca_round_robin_commitment_full_mesh,100,5,6,4,4,0,0.14,0.0,0.14,0.0,0.14,0.04000000000000001,0.22,4.48242735940236,3.950427359402359,-0.5320000000000009,6.050574779510498,0.11626569897772707,90,4.0,round_robin,chesca_planner_tool
chesca_round_robin_commitment_full_mesh,101,6,6,0,0,0,0.0,0.0,0.0,0.0,0.14,0.04000000000000001,0.22,4.499452242331523,4.499452242331523,0.0,6.041936874389648,0.2434356749422414,90,5.0,round_robin,chesca_planner_tool
chesca_round_robin_commitment_full_mesh,102,7,6,0,0,0,0.0,0.0,0.0,0.0,0.14,0.04000000000000001,0.22,4.6790509401264195,4.6790509401264195,0.0,6.033298969268799,0.26759639971391813,90,0.0,round_robin,chesca_planner_tool
chesca_round_robin_commitment_full_mesh,103,8,6,4,0,4,0.0,0.14,0.0,0.14,0.0,0.0,0.24333333333333332,3.342251988713012,3.727022424739846,0.3847704360268338,6.0258355140686035,-0.13910817515763657,90,1.0,round_robin,chesca_planner_tool
chesca_round_robin_commitment_full_mesh,104,9,6,0,0,0,0.0,0.0,0.0,0.0,0.0,0.0,0.24333333333333332,3.054088338527865,3.0540883385278645,-4.440892098500626e-16,6.025417327880859,0.10502592725692853,90,2.0,round_robin,chesca_planner_tool
chesca_round_robin_commitment_full_mesh,105,10,6,0,0,0,0.0,0.0,0.0,0.0,0.0,0.0,0.22,3.7590038834028263,3.7590038834028263,0.0,6.032064914703369,-0.3125819892758565,90,3.0,round_robin,chesca_planner_tool
chesca_round_robin_commitment_full_mesh,106,11,6,2,2,0,0.060000000000000005,0.0,0.060000000000000005,0.0,0.060000000000000005,0.04,0.22999999999999998,2.9993516283755017,2.8013516283755022,-0.1979999999999995,6.02577543258667,0.2420316840585241,90,4.0,round_robin,chesca_planner_tool
chesca_round_robin_commitment_full_mesh,107,12,6,0,0,0,0.0,0.0,0.0,0.0,0.060000000000000005,0.04,0.22333333333333336,2.590356903821476,2.590356903821476,0.0,6.025357246398926,0.01975675184200404,90,5.0,round_robin,chesca_planner_tool
chesca_round_robin_commitment_full_mesh,108,13,6,0,0,0,0.0,0.0,0.0,0.0,0.060000000000000005,0.04,0.20000000000000004,3.395546826480142,3.3955468264801416,-4.440892098500626e-16,6.024939060211182,0.07918137953672036,90,0.0,round_robin,chesca_planner_tool
chesca_round_robin_commitment_full_mesh,109,14,6,0,0,0,0.0,0.0,0.0,0.0,0.060000000000000005,0.04,0.20000000000000004,2.2635355986642125,2.263535598664212,-4.440892098500626e-16,6.017749786376953,0.06323581421027229,90,1.0,round_robin,chesca_planner_tool
chesca_round_robin_commitment_full_mesh,110,15,6,2,2,0,0.04000000000000001,0.0,0.04000000000000001,0.0,0.10000000000000002,0.04,0.20333333333333334,4.334656649915413,4.188656649915413,-0.1459999999999999,6.001532554626465,0.08674310207970681,90,2.0,round_robin,chesca_planner_tool
chesca_round_robin_commitment_full_mesh,111,16,6,0,0,0,0.0,0.0,0.0,0.0,0.10000000000000002,0.04,0.20333333333333334,5.570662053978014,5.570662053978014,0.0,5.985315322875977,0.08453470467353033,90,3.0,round_robin,chesca_planner_tool
chesca_round_robin_commitment_full_mesh,112,17,6,4,0,4,0.0,0.1,0.0,0.12000000000000001,3.469446951953614e-18,3.469446951953614e-18,0.2233333333333333,6.225823537721782,6.513883604242279,0.2880600665204973,6.015432834625244,-0.16349640704794965,90,4.0,round_robin,chesca_planner_tool
chesca_round_robin_commitment_full_mesh,113,18,6,0,0,0,0.0,0.0,0.0,0.0,3.469446951953614e-18,3.469446951953614e-18,0.2233333333333333,6.179168210202355,6.179168210202356,8.881784197001252e-16,6.025238037109375,-0.0570628900252496,90,5.0,round_robin,chesca_planner_tool
chesca_round_robin_commitment_full_mesh,114,19,6,5,5,0,0.1,0.0,0.1,0.0,0.1,0.020000000000000007,0.24,8.18438641024148,7.812386410241478,-0.37200000000000166,6.024819850921631,0.6324604083179324,90,0.0,round_robin,chesca_planner_tool
chesca_round_robin_commitment_full_mesh,115,20,6,1,1,0,0.01999999999999999,0.0,0.01999999999999999,0.0,0.12,0.020000000000000007,0.20666666666666667,7.822298903989017,7.756298903989016,-0.06600000000000072,6.025596618652344,0.3238289175303337,90,1.0,round_robin,chesca_planner_tool
chesca_round_robin_commitment_full_mesh,116,21,6,0,0,0,0.0,0.0,0.0,0.0,0.12,0.020000000000000007,0.1666666666666667,6.978376159008549,6.978376159008549,0.0,6.0357666015625,0.0401614721975406,90,2.0,round_robin,chesca_planner_tool
chesca_round_robin_commitment_full_mesh,117,22,6,6,0,6,0.0,0.12,0.0,0.12000000000000002,6.938893903907228e-18,3.469446951953614e-18,0.17333333333333334,6.569258898428309,7.00725889842831,0.4380000000000006,6.0510478019714355,-0.039933621170132966,90,3.0,round_robin,chesca_planner_tool
chesca_round_robin_commitment_full_mesh,118,23,6,0,0,0,0.0,0.0,0.0,0.0,6.938893903907228e-18,3.469446951953614e-18,0.1566666666666667,6.523357333624101,6.523357333624101,0.0,6.043170928955078,-0.05892237686647517,90,4.0,round_robin,chesca_planner_tool
chesca_round_robin_commitment_full_mesh,119,24,6,6,0,6,0.0,6.938893903907228e-18,0.0,0.24000000000000005,0.0,0.0,0.18666666666666668,6.040966386658802,6.916966386658803,0.8760000000000012,6.053885459899902,-0.0931427404850208,90,5.0,round_robin,chesca_planner_tool
chesca_round_robin_commitment_full_mesh,120,1,6,6,0,6,0.0,0.0,0.0,0.2,0.0,0.0,0.21,4.916009102914346,5.657051363799585,0.741042260885239,6.060033321380615,-0.5419684224306821,90,0.0,round_robin,chesca_planner_tool
chesca_round_robin_commitment_full_mesh,121,2,6,5,0,5,0.0,0.0,0.0,0.16000000000000003,0.0,0.0,0.22333333333333336,4.337735501626939,4.9497355016269395,0.6120000000000001,6.056722640991211,-0.5159583236738733,90,1.0,round_robin,chesca_planner_tool
chesca_round_robin_commitment_full_mesh,122,3,6,2,0,2,0.0,0.0,0.0,0.04000000000000001,0.0,0.0,0.23,4.911160191862857,5.026070934386821,0.11491074252396416,6.053412437438965,-0.3807757121661714,90,2.0,round_robin,chesca_planner_tool
chesca_round_robin_commitment_full_mesh,123,4,6,1,0,1,0.0,0.0,0.0,0.020000000000000004,0.0,0.0,0.23333333333333336,3.794555385041758,3.8605553850417587,0.06600000000000072,6.049340724945068,-0.44312835945927265,90,3.0,round_robin,chesca_planner_tool
chesca_round_robin_commitment_full_mesh,124,5,6,0,0,0,0.0,0.0,0.0,0.0,0.0,0.0,0.21,3.9485929835028153,3.9485929835028144,-8.881784197001252e-16,6.040702819824219,-0.29733222388872915,90,4.0,round_robin,chesca_planner_tool
chesca_round_robin_commitment_full_mesh,125,6,6,3,0,3,0.0,0.0,0.0,0.06000000000000001,0.0,0.0,0.22,4.458377450992359,4.6492092161377565,0.1908317651453979,6.032064914703369,-0.267395982290182,90,5.0,round_robin,chesca_planner_tool
chesca_round_robin_commitment_full_mesh,126,7,6,6,0,6,0.0,0.0,0.0,0.16,0.0,0.0,0.24666666666666667,3.737172636972476,4.187929804840998,0.45075716786852205,6.048106670379639,-1.335863931667526,90,0.0,round_robin,chesca_planner_tool
chesca_round_robin_commitment_full_mesh,127,8,6,0,0,0,0.0,0.0,0.0,0.0,0.0,0.0,0.22333333333333336,3.3329092490076095,3.33290924900761,4.440892098500626e-16,6.039468765258789,-0.25175286804153196,90,1.0,round_robin,chesca_planner_tool
chesca_round_robin_commitment_full_mesh,128,9,6,3,0,3,0.0,0.0,0.0,0.060000000000000005,0.0,0.0,0.23333333333333336,2.7569143092125223,2.9418215425191745,0.18490723330665215,6.0308308601379395,-0.38864420326758276,90,2.0,round_robin,chesca_planner_tool
chesca_round_robin_commitment_full_mesh,129,10,6,4,0,4,0.0,0.0,0.0,0.08000000000000002,0.0,0.0,0.24666666666666667,2.678347686545047,2.8787782467454486,0.2004305602004015,6.046872615814209,-0.6533083512508568,90,3.0,round_robin,chesca_planner_tool
chesca_round_robin_commitment_full_mesh,130,11,6,0,0,0,0.0,0.0,0.0,0.0,0.0,0.0,0.2366666666666667,1.9953427096175638,1.9953427096175638,0.0,6.038234710693359,-0.14166520499581187,90,4.0,round_robin,chesca_planner_tool
chesca_round_robin_commitment_full_mesh,131,12,6,1,1,0,0.020000000000000004,0.0,0.020000000000000004,0.0,0.020000000000000004,0.020000000000000004,0.24000000000000002,3.100685572288677,3.0346855722886765,-0.06600000000000028,6.02959680557251,0.09345317945926887,90,5.0,round_robin,chesca_planner_tool
chesca_round_robin_commitment_full_mesh,132,13,6,1,1,0,0.02,0.0,0.02,0.0,0.04000000000000001,0.020000000000000004,0.24333333333333337,3.435967622106087,3.3699676221060866,-0.06600000000000028,6.025656223297119,0.35291698446036635,90,0.0,round_robin,chesca_planner_tool
chesca_round_robin_commitment_full_mesh,133,14,6,0,0,0,0.0,0.0,0.0,0.0,0.04000000000000001,0.020000000000000004,0.24333333333333337,3.6634773746518614,3.6634773746518614,0.0,6.025238037109375,0.1543093335929146,90,1.0,round_robin,chesca_planner_tool
chesca_round_robin_commitment_full_mesh,134,15,6,4,0,4,0.0,0.04,0.0,0.08,3.469446951953614e-18,3.469446951953614e-18,0.25,2.8533628801603768,3.090469544839401,0.23710666467902408,6.028363227844238,-0.8307319350380901,90,2.0,round_robin,chesca_planner_tool
chesca_round_robin_commitment_full_mesh,135,16,6,0,0,0,0.0,0.0,0.0,0.0,3.469446951953614e-18,3.469446951953614e-18,0.25,3.544470262949037,3.544470262949037,0.0,6.025596618652344,0.3120346828021364,90,3.0,round_robin,chesca_planner_tool
chesca_round_robin_commitment_full_mesh,136,17,6,0,0,0,0.0,0.0,0.0,0.0,3.469446951953614e-18,3.469446951953614e-18,0.23,3.856038817248658,3.856038817248658,0.0,6.025177955627441,0.1762744205253789,90,4.0,round_robin,chesca_planner_tool
chesca_round_robin_commitment_full_mesh,137,18,6,1,1,0,0.02,0.0,0.02,0.0,0.020000000000000004,0.020000000000000004,0.23333333333333336,5.710125384421132,5.644125384421132,-0.06599999999999984,6.024759769439697,0.18365021472073295,90,5.0,round_robin,chesca_planner_tool
chesca_round_robin_commitment_full_mesh,138,19,6,3,2,1,0.04000000000000001,0.0,0.04000000000000001,0.03999999999999998,0.06000000000000001,0.020000000000000004,0.23,7.401349208671082,7.255349208671082,-0.1459999999999999,6.012726306915283,0.4472046528442064,90,0.0,round_robin,chesca_planner_tool
chesca_round_robin_commitment_full_mesh,139,20,6,0,0,0,0.0,0.0,0.0,0.0,0.06000000000000001,0.020000000000000004,0.22666666666666668,7.784399946578977,7.784399946578977,0.0,6.025118350982666,0.5245966655136951,90,1.0,round_robin,chesca_planner_tool
chesca_round_robin_commitment_full_mesh,140,21,6,3,0,3,0.0,0.060000000000000005,0.0,0.060000000000000005,6.938893903907228e-18,3.469446951953614e-18,0.2366666666666667,7.287865904609037,7.499865904609037,0.21200000000000063,6.025895118713379,-0.16617451532888505,90,2.0,round_robin,chesca_planner_tool
chesca_round_robin_commitment_full_mesh,141,22,6,0,0,0,0.0,0.0,0.0,0.0,6.938893903907228e-18,3.469446951953614e-18,0.21666666666666667,6.385007144489906,6.385007144489906,0.0,6.041936874389648,-0.057709987585187215,90,3.0,round_robin,chesca_planner_tool
chesca_round_robin_commitment_full_mesh,142,23,6,6,6,0,0.12000000000000002,0.0,0.12000000000000002,0.0,0.12000000000000002,0.020000000000000007,0.2366666666666667,7.387182278465183,6.949182278465183,-0.4379999999999997,6.033298969268799,0.3662078630036447,90,4.0,round_robin,chesca_planner_tool
chesca_round_robin_commitment_full_mesh,143,24,6,0,0,0,0.0,0.0,0.0,0.0,0.12000000000000002,0.020000000000000007,0.19666666666666666,7.919417608110569,7.919417608110569,0.0,6.049340724945068,0.4875322220679354,90,5.0,round_robin,chesca_planner_tool
chesca_round_robin_commitment_full_mesh,144,1,6,6,0,6,0.0,0.12000000000000002,0.0,0.14,0.0,0.0,0.18666666666666668,6.26980498866894,6.773804988668941,0.5040000000000004,6.056250095367432,-0.10344017096672563,90,0.0,round_robin,chesca_planner_tool
chesca_round_robin_commitment_full_mesh,145,2,6,6,0,6,0.0,0.0,0.0,0.2,0.0,0.0,0.19333333333333336,6.238784369383508,6.977138357653249,0.7383539882697416,6.066559314727783,-0.24659732555055383,90,1.0,round_robin,chesca_planner_tool
chesca_round_robin_commitment_full_mesh,146,3,6,5,0,5,0.0,0.0,0.0,0.16000000000000003,0.0,0.0,0.21333333333333335,5.766750928923114,6.347346024158424,0.58059509523531,6.083527088165283,-0.1532858894995942,90,2.0,round_robin,chesca_planner_tool
chesca_round_robin_commitment_full_mesh,147,4,6,2,0,2,0.0,0.0,0.0,0.04000000000000001,0.0,0.0,0.21666666666666667,5.117222468061649,5.2163620112413644,0.09913954317971552,6.13948392868042,-0.2973842074689235,90,3.0,round_robin,chesca_planner_tool
chesca_round_robin_commitment_full_mesh,148,5,6,1,0,1,0.0,0.0,0.0,0.020000000000000004,0.0,0.0,0.22,5.0006257352638945,5.066625735263895,0.06600000000000072,6.105536460876465,-0.11043215091362601,90,4.0,round_robin,chesca_planner_tool
chesca_round_robin_commitment_full_mesh,149,6,6,0,0,0,0.0,0.0,0.0,0.0,0.0,0.0,0.21,5.61876697280108,5.61876697280108,0.0,6.082221984863281,-0.032228293947617254,90,5.0,round_robin,chesca_planner_tool
chesca_round_robin_commitment_full_mesh,150,7,6,3,0,3,0.0,0.0,0.0,0.06000000000000001,0.0,0.0,0.19333333333333333,4.228561283316128,4.454561283316128,0.22599999999999998,6.073085784912109,-0.09497373940943529,90,0.0,round_robin,chesca_planner_tool
chesca_round_robin_commitment_full_mesh,151,8,6,0,0,0,0.0,0.0,0.0,0.0,0.0,0.0,0.19333333333333333,5.1852102878398005,5.1852102878398005,0.0,6.063948631286621,0.029377884430636953,90,1.0,round_robin,chesca_planner_tool
chesca_round_robin_commitment_full_mesh,152,9,6,5,0,5,0.0,0.0,0.0,0.12,0.0,0.0,0.20333333333333334,4.9413199058575765,5.393319905857578,0.45200000000000173,6.058141708374023,-0.09527663720661929,90,2.0,round_robin,chesca_planner_tool
chesca_round_robin_commitment_full_mesh,153,10,6,0,0,0,0.0,0.0,0.0,0.0,0.0,0.0,0.19000000000000003,5.31936119535169,5.319361195351689,-8.881784197001252e-16,6.054831027984619,-0.04305805507608267,90,3.0,round_robin,chesca_planner_tool
chesca_round_robin_commitment_full_mesh,154,11,6,5,0,5,0.0,0.0,0.0,0.14,0.0,0.0,0.21333333333333335,4.473936756963275,4.93023345278112,0.45629669581784427,6.051520824432373,-0.12885827074621725,90,4.0,round_robin,chesca_planner_tool
chesca_round_robin_commitment_full_mesh,155,12,6,6,0,6,0.0,0.0,0.0,0.22000000000000003,0.0,0.0,0.24666666666666667,4.891372766977833,5.668691649885208,0.7773188829073749,6.057668685913086,-0.9643279743307175,90,5.0,round_robin,chesca_planner_tool
chesca_round_robin_commitment_full_mesh,156,13,6,0,0,0,0.0,0.0,0.0,0.0,0.0,0.0,0.24333333333333332,6.1972272375128306,6.1972272375128306,0.0,6.054358005523682,0.12009283163581567,90,0.0,round_robin,chesca_planner_tool
chesca_round_robin_commitment_full_mesh,157,14,6,0,0,0,0.0,0.0,0.0,0.0,0.0,0.0,0.24333333333333332,5.088550776083483,5.088550776083483,0.0,6.0510478019714355,0.22166731592214278,90,1.0,round_robin,chesca_planner_tool
chesca_round_robin_commitment_full_mesh,158,15,6,0,0,0,0.0,0.0,0.0,0.0,0.0,0.0,0.22999999999999998,5.536927930928907,5.536927930928906,-8.881784197001252e-16,6.043170928955078,-0.04245546601091087,90,2.0,round_robin,chesca_planner_tool
chesca_round_robin_commitment_full_mesh,159,16,6,1,1,0,0.020000000000000004,0.0,0.020000000000000004,0.0,0.020000000000000004,0.020000000000000004,0.2333333333333333,4.976747541779194,4.896747541779195,-0.07999999999999918,6.0345330238342285,0.34021404398555083,90,3.0,round_robin,chesca_planner_tool
chesca_round_robin_commitment_full_mesh,160,17,6,4,4,0,0.08000000000000002,0.0,0.08000000000000002,0.0,0.10000000000000002,0.020000000000000004,0.24666666666666667,6.56572668583334,6.287726685833339,-0.27800000000000136,6.025895118713379,0.6695957019101929,90,4.0,round_robin,chesca_planner_tool
chesca_round_robin_commitment_full_mesh,161,18,6,0,0,0,0.0,0.0,0.0,0.0,0.10000000000000002,0.020000000000000004,0.24333333333333332,7.29071726672822,7.290717266728219,-8.881784197001252e-16,6.041936874389648,0.6864615113208363,90,5.0,round_robin,chesca_planner_tool
chesca_round_robin_commitment_full_mesh,162,19,6,5,0,5,0.0,0.1,0.0,0.1,1.0408340855860843e-17,3.469446951953614e-18,0.24666666666666667,8.094350062244219,8.452350062244218,0.35799999999999876,6.053412437438965,-0.09177371886618725,90,0.0,round_robin,chesca_planner_tool
chesca_round_robin_commitment_full_mesh,163,20,6,0,0,0,0.0,0.0,0.0,0.0,1.0408340855860843e-17,3.469446951953614e-18,0.24666666666666667,7.4650142046686145,7.465014204668615,8.881784197001252e-16,6.059560298919678,0.31344214062413017,90,1.0,round_robin,chesca_planner_tool
chesca_round_robin_commitment_full_mesh,164,21,6,6,6,0,0.12000000000000001,0.0,0.12000000000000001,0.0,0.12000000000000001,0.020000000000000007,0.25666666666666665,8.728391216880697,8.290391216880696,-0.4380000000000006,6.075695991516113,0.8337403295776719,90,2.0,round_robin,chesca_planner_tool
chesca_round_robin_commitment_full_mesh,165,22,6,0,0,0,0.0,0.0,0.0,0.0,0.12000000000000001,0.020000000000000007,0.25666666666666665,8.720619177102316,8.720619177102316,0.0,6.110385417938232,0.6769881199230476,90,3.0,round_robin,chesca_planner_tool
chesca_round_robin_commitment_full_mesh,166,23,6,0,0,0,0.0,0.0,0.0,0.0,0.12000000000000001,0.020000000000000007,0.23666666666666666,7.6127788257465685,7.6127788257465685,0.0,6.083527088165283,0.4712076514277847,90,4.0,round_robin,chesca_planner_tool
chesca_round_robin_commitment_full_mesh,167,24,6,6,0,6,0.0,0.12000000000000001,0.0,0.12000000000000002,6.938893903907228e-18,3.469446951953614e-18,0.25666666666666665,7.248126283620677,7.686126283620679,0.4380000000000015,6.13948392868042,-0.0347733733666635,90,5.0,round_robin,chesca_planner_tool
chesca_round_robin_commitment_full_mesh,168,1,6,0,0,0,0.0,0.0,0.0,0.0,6.938893903907228e-18,3.469446951953614e-18,0.2333333333333333,7.114657650703984,7.114657650703983,-8.881784197001252e-16,6.191677093505859,0.08382728056850436,90,0.0,round_robin,chesca_planner_tool
chesca_round_robin_commitment_full_mesh,169,2,6,1,0,1,0.0,0.0,0.0,0.020000000000000004,6.938893903907228e-18,3.469446951953614e-18,0.20333333333333337,6.5945680913950895,6.660568091395089,0.06599999999999984,6.2218403816223145,-0.09589149876338274,90,1.0,round_robin,chesca_planner_tool
chesca_round_robin_commitment_full_mesh,170,3,6,4,0,4,0.0,3.469446951953614e-18,0.0,0.10000000000000002,3.469446951953614e-18,3.469446951953614e-18,0.19333333333333336,5.613126216636658,5.9571262166366585,0.3440000000000003,6.2218403816223145,-0.2554872897497677,90,2.0,round_robin,chesca_planner_tool
chesca_round_robin_commitment_full_mesh,171,4,6,5,0,5,0.0,3.469446951953614e-18,0.0,0.14,0.0,0.0,0.21000000000000005,5.734673744269989,6.260857018885884,0.526183274615895,6.191677093505859,-0.106493923313713,90,3.0,round_robin,chesca_planner_tool
chesca_round_robin_commitment_full_mesh,172,5,6,3,0,3,0.0,0.0,0.0,0.06000000000000001,0.0,0.0,0.2166666666666667,4.586453255135891,4.760592682581043,0.17413942744515243,6.191677093505859,-0.2512990041711104,90,4.0,round_robin,chesca_planner_tool
chesca_round_robin_commitment_full_mesh,173,6,6,0,0,0,0.0,0.0,0.0,0.0,0.0,0.0,0.2166666666666667,5.566947569109136,5.566947569109136,0.0,6.13948392868042,-0.04195013838289385,90,5.0,round_robin,chesca_planner_tool
chesca_round_robin_commitment_full_mesh,174,7,6,1,0,1,0.0,0.0,0.0,0.02,0.0,0.0,0.21,4.168731520140891,4.207170835492099,0.038439315351207703,6.074390411376953,-0.12343708221158746,90,0.0,round_robin,chesca_planner_tool
chesca_round_robin_commitment_full_mesh,175,8,6,3,0,3,0.0,0.0,0.0,0.06,0.0,0.0,0.22,4.40656974436755,4.598103287867583,0.19153354350003315,6.074390411376953,-0.16241925922669762,90,1.0,round_robin,chesca_planner_tool
chesca_round_robin_commitment_full_mesh,176,9,6,0,0,0,0.0,0.0,0.0,0.0,0.0,0.0,0.19999999999999998,4.051425290346827,4.051425290346827,0.0,6.055777072906494,-0.22306681488301755,90,2.0,round_robin,chesca_planner_tool
chesca_round_robin_commitment_full_mesh,177,10,6,0,0,0,0.0,0.0,0.0,0.0,0.0,0.0,0.19999999999999998,3.832152703257848,3.8321527032578477,-4.440892098500626e-16,6.055777072906494,-0.016886631294651552,90,3.0,round_robin,chesca_planner_tool
chesca_round_robin_commitment_full_mesh,178,11,6,5,0,5,0.0,0.0,0.0,0.10000000000000002,0.0,0.0,0.19333333333333336,1.8762836373377485,2.207687514127736,0.3314038767899874,6.0438408851623535,-0.15998514180713747,90,4.0,round_robin,chesca_planner_tool
chesca_round_robin_commitment_full_mesh,179,12,6,0,0,0,0.0,0.0,0.0,0.0,0.0,0.0,0.15666666666666668,1.8213900038666866,1.8213900038666866,0.0,6.0438408851623535,-0.024040076006461686,90,5.0,round_robin,chesca_planner_tool
chesca_round_robin_commitment_full_mesh,180,13,6,0,0,0,0.0,0.0,0.0,0.0,0.0,0.0,0.15666666666666668,2.7136489906268375,2.7136489906268375,0.0,6.0438408851623535,0.07393337064638426,90,0.0,round_robin,chesca_planner_tool
chesca_round_robin_commitment_full_mesh,181,14,6,6,6,0,0.24000000000000002,0.0,0.24000000000000002,0.0,0.24000000000000002,0.04000000000000001,0.19666666666666666,3.8572193950901137,2.9812193950901142,-0.8759999999999994,6.0438408851623535,0.13987545161120601,90,1.0,round_robin,chesca_planner_tool
chesca_round_robin_commitment_full_mesh,182,15,6,0,0,0,0.0,0.0,0.0,0.0,0.24000000000000002,0.04000000000000001,0.19666666666666666,4.509860521762774,4.509860521762774,0.0,6.0438408851623535,0.20917571008584454,90,2.0,round_robin,chesca_planner_tool
chesca_round_robin_commitment_full_mesh,183,16,6,0,0,0,0.0,0.0,0.0,0.0,0.24000000000000002,0.04000000000000001,0.19333333333333336,4.8258232501236815,4.825823250123681,-8.881784197001252e-16,6.0438408851623535,0.5070242723877475,90,3.0,round_robin,chesca_planner_tool
chesca_round_robin_commitment_full_mesh,184,17,6,0,0,0,0.0,0.0,0.0,0.0,0.24000000000000002,0.04000000000000001,0.18000000000000002,5.617527139441117,5.617527139441118,8.881784197001252e-16,6.031238555908203,0.554598569371608,90,4.0,round_robin,chesca_planner_tool
chesca_round_robin_commitment_full_mesh,185,18,6,1,0,1,0.0,0.04000000000000001,0.0,0.04000000000000001,0.2,0.04,0.18666666666666668,6.746718370895015,6.746718370895014,-8.881784197001252e-16,6.025357246398926,0.703822639726867,90,5.0,round_robin,chesca_planner_tool
chesca_round_robin_commitment_full_mesh,186,19,6,0,0,0,0.0,0.0,0.0,0.0,0.2,0.04,0.17000000000000004,6.571862353851092,6.571862353851092,0.0,6.025357246398926,0.2238666925883833,90,0.0,round_robin,chesca_planner_tool
chesca_round_robin_commitment_full_mesh,187,20,6,5,0,5,0.0,0.2,0.0,0.2,0.0,0.0,0.20333333333333334,7.970045812724411,8.714045812724411,0.7439999999999998,6.025357246398926,-0.23524567497794702,90,1.0,round_robin,chesca_planner_tool
chesca_round_robin_commitment_full_mesh,188,21,6,4,4,0,0.10000000000000002,0.0,0.10000000000000002,0.0,0.10000000000000002,0.04000000000000001,0.20000000000000004,7.801159766365089,7.429159766365089,-0.3719999999999999,6.025357246398926,0.2600540849513221,90,2.0,round_robin,chesca_planner_tool
chesca_round_robin_commitment_full_mesh,189,22,6,2,2,0,0.04000000000000001,0.0,0.04000000000000001,0.0,0.14,0.04000000000000001,0.20666666666666667,6.839016272304545,6.707016272304545,-0.13200000000000056,6.025357246398926,0.17941763006011835,90,3.0,round_robin,chesca_planner_tool
chesca_round_robin_commitment_full_mesh,190,23,6,0,0,0,0.0,0.0,0.0,0.0,0.14,0.04000000000000001,0.20666666666666667,6.640998788861557,6.640998788861557,0.0,6.00744104385376,0.2083854648524618,90,4.0,round_robin,chesca_planner_tool
chesca_round_robin_commitment_full_mesh,191,24,6,0,0,0,0.0,0.0,0.0,0.0,0.14,0.04000000000000001,0.18666666666666668,7.190790244859691,7.190790244859691,0.0,6.00744104385376,0.3323802546938181,90,5.0,round_robin,chesca_planner_tool
chesca_round_robin_commitment_full_mesh,192,1,6,0,0,0,0.0,0.0,0.0,0.0,0.14,0.04000000000000001,0.18666666666666668,7.599741224270595,7.599741224270595,0.0,6.00744104385376,0.3854723099283636,90,0.0,round_robin,chesca_planner_tool
chesca_round_robin_commitment_full_mesh,193,2,6,6,0,6,0.0,0.14,0.0,0.20000000000000004,0.0,0.0,0.21666666666666667,6.452045735516212,7.196045735516213,0.7440000000000007,6.025357246398926,-0.1532925641760474,90,1.0,round_robin,chesca_planner_tool
chesca_round_robin_commitment_full_mesh,194,3,6,6,0,6,0.0,0.0,0.0,0.18000000000000005,0.0,0.0,0.23,4.7489664666835,5.405667698900075,0.6567012322165748,6.031238555908203,-0.8067798008240004,90,2.0,round_robin,chesca_planner_tool
chesca_round_robin_commitment_full_mesh,195,4,6,1,0,1,0.0,0.0,0.0,0.020000000000000004,0.0,0.0,0.21,4.421566817951702,4.487566817951702,0.06599999999999984,6.031238555908203,-0.21581622175015708,90,3.0,round_robin,chesca_planner_tool
chesca_round_robin_commitment_full_mesh,196,5,6,0,0,0,0.0,0.0,0.0,0.0,0.0,0.0,0.20000000000000004,4.9136602839548384,4.913660283954839,8.881784197001252e-16,6.031238555908203,-0.0738412156747783,90,4.0,round_robin,chesca_planner_tool
chesca_round_robin_commitment_full_mesh,197,6,6,0,0,0,0.0,0.0,0.0,0.0,0.0,0.0,0.20000000000000004,5.085092873365145,5.085092873365145,0.0,6.031238555908203,-0.01090343375401815,90,5.0,round_robin,chesca_planner_tool
chesca_round_robin_commitment_full_mesh,198,7,6,4,0,4,0.0,0.0,0.0,0.1,0.0,0.0,0.21333333333333335,4.446179912879502,4.76102308077774,0.3148431678982382,6.031238555908203,-0.0978809472214572,90,0.0,round_robin,chesca_planner_tool
chesca_round_robin_commitment_full_mesh,199,8,6,1,0,1,0.0,0.0,0.0,0.02,0.0,0.0,0.20666666666666667,3.2829414150713827,3.317370103849349,0.03442868877796634,6.031238555908203,-0.1405093266314244,90,1.0,round_robin,chesca_planner_tool
chesca_round_robin_commitment_full_mesh,200,9,6,4,4,0,0.08000000000000002,0.0,0.08000000000000002,0.0,0.08000000000000002,0.020000000000000004,0.22,5.241314769174206,4.949314769174205,-0.2920000000000007,6.031238555908203,0.21239484999021319,90,2.0,round_robin,chesca_planner_tool
chesca_round_robin_commitment_full_mesh,201,10,6,4,0,4,0.0,0.08,0.0,0.08000000000000002,3.469446951953614e-18,3.469446951953614e-18,0.23333333333333336,3.3936047673109653,3.6236806894355627,0.23007592212459738,6.031238555908203,-0.13982137962755453,90,3.0,round_robin,chesca_planner_tool
chesca_round_robin_commitment_full_mesh,202,11,6,0,0,0,0.0,0.0,0.0,0.0,3.469446951953614e-18,3.469446951953614e-18,0.21666666666666667,3.7507910824733464,3.750791082473346,-4.440892098500626e-16,6.031238555908203,0.09438566825471806,90,4.0,round_robin,chesca_planner_tool
chesca_round_robin_commitment_full_mesh,203,12,6,2,2,0,0.04000000000000001,0.0,0.04000000000000001,0.0,0.04000000000000001,0.020000000000000004,0.22333333333333336,3.281509558162938,3.135509558162938,-0.1459999999999999,6.031238555908203,0.11957549483883576,90,5.0,round_robin,chesca_planner_tool
chesca_round_robin_commitment_full_mesh,204,13,6,0,0,0,0.0,0.0,0.0,0.0,0.04000000000000001,0.020000000000000004,0.22333333333333336,4.8868184450546694,4.8868184450546694,0.0,6.031238555908203,0.25512799325615854,90,0.0,round_robin,chesca_planner_tool
chesca_round_robin_commitment_full_mesh,205,14,6,5,0,5,0.0,0.04000000000000001,0.0,0.10000000000000002,3.469446951953614e-18,3.469446951953614e-18,0.20000000000000004,5.261301725137125,5.633301725137125,0.3719999999999999,6.031238555908203,-0.3769023169963214,90,1.0,round_robin,chesca_planner_tool
chesca_round_robin_commitment_full_mesh,206,15,6,6,6,0,0.12000000000000001,0.0,0.12000000000000001,0.0,0.12000000000000001,0.020000000000000007,0.22,6.369025265946712,5.931025265946713,-0.4379999999999997,6.031238555908203,0.1471777219310138,90,2.0,round_robin,chesca_planner_tool
chesca_round_robin_commitment_full_mesh,207,16,6,6,6,0,0.12000000000000001,0.0,0.12000000000000001,0.0,0.24000000000000002,0.04000000000000001,0.24000000000000002,6.816626843831654,6.378626843831653,-0.4380000000000006,6.031238555908203,0.8400997327097126,90,3.0,round_robin,chesca_planner_tool
chesca_round_robin_commitment_full_mesh,208,17,6,6,6,0,0.18,0.0,0.18,0.0,0.42,0.08000000000000002,0.27,9.954707396711507,9.276707396711506,-0.6780000000000008,6.031238555908203,1.8317760448961888,90,4.0,round_robin,chesca_planner_tool
chesca_round_robin_commitment_full_mesh,209,18,6,0,0,0,0.0,0.0,0.0,0.0,0.42,0.08000000000000002,0.26333333333333336,9.539454627920358,9.539454627920358,0.0,6.04904317855835,1.1229874155607498,90,5.0,round_robin,chesca_planner_tool
chesca_round_robin_commitment_full_mesh,210,19,6,0,0,0,0.0,0.0,0.0,0.0,0.42,0.08000000000000002,0.26333333333333336,11.027320457399773,11.027320457399773,0.0,6.04904317855835,1.5572879392994785,90,0.0,round_robin,chesca_planner_tool
chesca_round_robin_commitment_full_mesh,211,20,6,0,0,0,0.0,0.0,0.0,0.0,0.42,0.08000000000000002,0.23,10.85522986628622,10.85522986628622,0.0,6.04904317855835,1.3956931536776513,90,1.0,round_robin,chesca_planner_tool
chesca_round_robin_commitment_full_mesh,212,21,6,0,0,0,0.0,0.0,0.0,0.0,0.42,0.08000000000000002,0.21333333333333337,9.236989178557536,9.236989178557536,0.0,6.04904317855835,0.8784910806217536,90,2.0,round_robin,chesca_planner_tool
chesca_round_robin_commitment_full_mesh,213,22,6,0,0,0,0.0,0.0,0.0,0.0,0.42,0.08000000000000002,0.2066666666666667,7.193486802468501,7.193486802468501,0.0,6.074390411376953,0.17310173368965948,90,3.0,round_robin,chesca_planner_tool
chesca_round_robin_commitment_full_mesh,214,23,6,0,0,0,0.0,0.0,0.0,0.0,0.42,0.08000000000000002,0.2066666666666667,9.354907636708326,9.354907636708326,0.0,6.074390411376953,1.0708757512378462,90,4.0,round_robin,chesca_planner_tool
chesca_round_robin_commitment_full_mesh,215,24,6,0,0,0,0.0,0.0,0.0,0.0,0.42,0.08000000000000002,0.2066666666666667,8.329928957310894,8.329928957310894,0.0,6.074390411376953,0.5909881882484231,90,5.0,round_robin,chesca_planner_tool
chesca_round_robin_commitment_full_mesh,216,1,6,0,0,0,0.0,0.0,0.0,0.0,0.42,0.08000000000000002,0.2066666666666667,7.930156696448542,7.930156696448542,0.0,6.074390411376953,0.4461346943773833,90,0.0,round_robin,chesca_planner_tool
chesca_round_robin_commitment_full_mesh,217,2,6,0,0,0,0.0,0.0,0.0,0.0,0.42,0.08000000000000002,0.17333333333333334,6.927543942377635,6.927543942377634,-8.881784197001252e-16,6.13948392868042,0.05464019443927781,90,1.0,round_robin,chesca_planner_tool
chesca_round_robin_commitment_full_mesh,218,3,6,0,0,0,0.0,0.0,0.0,0.0,0.42,0.08000000000000002,0.14333333333333334,6.85706882844139,6.85706882844139,0.0,6.191677093505859,0.12589827171604606,90,2.0,round_robin,chesca_planner_tool
chesca_round_robin_commitment_full_mesh,219,4,6,6,0,6,0.0,0.24000000000000005,0.0,0.24000000000000005,0.18,0.04000000000000001,0.18000000000000002,6.142633764332074,7.018633764332074,0.8760000000000003,6.2218403816223145,-0.1599217710076911,90,3.0,round_robin,chesca_planner_tool
chesca_round_robin_commitment_full_mesh,220,5,6,6,0,6,0.0,0.18,0.0,0.22000000000000003,1.3877787807814457e-17,6.938893903907228e-18,0.21666666666666667,4.811029610985033,5.616591644496312,0.8055620335112792,6.319121360778809,-0.2589299935479961,90,4.0,round_robin,chesca_planner_tool
chesca_round_robin_commitment_full_mesh,221,6,6,0,0,0,0.0,0.0,0.0,0.0,1.3877787807814457e-17,6.938893903907228e-18,0.21666666666666667,5.296601489492035,5.296601489492034,-8.881784197001252e-16,6.319121360778809,-0.043036407586033804,90,5.0,round_robin,chesca_planner_tool
chesca_round_robin_commitment_full_mesh,222,7,6,0,0,0,0.0,0.0,0.0,0.0,1.3877787807814457e-17,6.938893903907228e-18,0.19999999999999998,3.959675372037004,3.9596753720370037,-4.440892098500626e-16,6.319121360778809,0.012518382832087616,90,0.0,round_robin,chesca_planner_tool
chesca_round_robin_commitment_full_mesh,223,8,6,0,0,0,0.0,0.0,0.0,0.0,1.3877787807814457e-17,6.938893903907228e-18,0.19666666666666666,4.522769926383598,4.522769926383598,0.0,6.319121360778809,-0.015649560648264185,90,1.0,round_robin,chesca_planner_tool
chesca_round_robin_commitment_full_mesh,224,9,6,6,0,6,0.0,1.3877787807814457e-17,0.0,0.14,0.0,0.0,0.2066666666666667,3.2776923960410946,3.718968703695304,0.44127630765420944,6.415008068084717,-0.4967943915494934,90,2.0,round_robin,chesca_planner_tool
chesca_round_robin_commitment_full_mesh,225,10,6,0,0,0,0.0,0.0,0.0,0.0,0.0,0.0,0.19333333333333336,2.8385106637139765,2.8385106637139765,0.0,6.415008068084717,0.05461934173714948,90,3.0,round_robin,chesca_planner_tool
chesca_round_robin_commitment_full_mesh,226,11,6,5,5,0,0.14,0.0,0.14,0.0,0.14,0.04,0.21666666666666667,2.6332344051413727,2.143234405141372,-0.49000000000000066,6.415008068084717,0.1538069093187332,90,4.0,round_robin,chesca_planner_tool
chesca_round_robin_commitment_full_mesh,227,12,6,0,0,0,0.0,0.0,0.0,0.0,0.14,0.04,0.21,3.4888112887638307,3.4888112887638307,0.0,6.415008068084717,0.3072546525731939,90,5.0,round_robin,chesca_planner_tool
chesca_round_robin_commitment_full_mesh,228,13,6,2,1,1,0.020000000000000004,0.02,0.020000000000000004,0.03999999999999998,0.14,0.04,0.22,4.42057864041263,4.340578640412631,-0.07999999999999918,6.319121360778809,0.3590343394702923,90,0.0,round_robin,chesca_planner_tool
chesca_round_robin_commitment_full_mesh,229,14,6,5,0,5,0.0,0.14,0.0,0.14,3.469446951953614e-18,3.469446951953614e-18,0.22666666666666668,4.8190273937132,5.194396790988373,0.3753693972751728,6.319121360778809,-0.19747170562850522,90,1.0,round_robin,chesca_planner_tool
chesca_round_robin_commitment_full_mesh,230,15,6,0,0,0,0.0,0.0,0.0,0.0,3.469446951953614e-18,3.469446951953614e-18,0.20666666666666667,5.333265584743536,5.333265584743536,0.0,6.2218403816223145,0.0739584031289126,90,2.0,round_robin,chesca_planner_tool
chesca_round_robin_commitment_full_mesh,231,16,6,6,6,0,0.12000000000000001,0.0,0.12000000000000001,0.0,0.12000000000000001,0.020000000000000007,0.20666666666666667,5.577420033757541,5.139420033757541,-0.4379999999999997,6.191677093505859,0.4220969022922691,90,3.0,round_robin,chesca_planner_tool
chesca_round_robin_commitment_full_mesh,232,17,6,6,0,6,0.0,0.12000000000000001,0.0,0.12000000000000002,6.938893903907228e-18,3.469446951953614e-18,0.19666666666666666,8.129106464382371,8.524535095019568,0.3954286306371966,6.2218403816223145,0.0036485544592872545,90,4.0,round_robin,chesca_planner_tool
chesca_round_robin_commitment_full_mesh,233,18,6,6,5,1,0.18000000000000005,0.0,0.18000000000000005,0.04000000000000001,0.18000000000000005,0.04000000000000001,0.23333333333333336,8.288958015833398,7.610958015833397,-0.6780000000000008,6.319121360778809,0.6901242391340068,90,5.0,round_robin,chesca_planner_tool
chesca_round_robin_commitment_full_mesh,234,19,6,1,1,0,0.01999999999999999,0.0,0.01999999999999999,0.0,0.20000000000000004,0.04000000000000001,0.2366666666666667,9.6690172908015,9.6030172908015,-0.06600000000000072,6.319121360778809,1.09298521891713,90,0.0,round_robin,chesca_planner_tool
chesca_round_robin_commitment_full_mesh,235,20,6,0,0,0,0.0,0.0,0.0,0.0,0.20000000000000004,0.04000000000000001,0.2366666666666667,9.553725160008625,9.553725160008625,0.0,6.415008068084717,0.7686961127424108,90,1.0,round_robin,chesca_planner_tool
chesca_round_robin_commitment_full_mesh,236,21,6,0,0,0,0.0,0.0,0.0,0.0,0.20000000000000004,0.04000000000000001,0.2366666666666667,8.907371020189531,8.907371020189531,0.0,6.444741725921631,0.648764713043856,90,2.0,round_robin,chesca_planner_tool
chesca_round_robin_commitment_full_mesh,237,22,6,0,0,0,0.0,0.0,0.0,0.0,0.20000000000000004,0.04000000000000001,0.2366666666666667,8.95106306865157,8.95106306865157,0.0,6.444741725921631,0.7109878230437617,90,3.0,round_robin,chesca_planner_tool
chesca_round_robin_commitment_full_mesh,238,23,6,0,0,0,0.0,0.0,0.0,0.0,0.20000000000000004,0.04000000000000001,0.2366666666666667,9.797824086882493,9.79782408688249,-1.7763568394002505e-15,6.444741725921631,0.832796585120551,90,4.0,round_robin,chesca_planner_tool
chesca_round_robin_commitment_full_mesh,239,24,6,0,0,0,0.0,0.0,0.0,0.0,0.20000000000000004,0.04000000000000001,0.2366666666666667,10.728227829753786,10.728227829753786,0.0,6.488386631011963,1.0830978922169694,90,5.0,round_robin,chesca_planner_tool
chesca_round_robin_commitment_full_mesh,240,1,6,0,0,0,0.0,0.0,0.0,0.0,0.20000000000000004,0.04000000000000001,0.2366666666666667,9.174721514966397,9.174721514966397,0.0,6.52321195602417,0.7045853715811138,90,0.0,round_robin,chesca_planner_tool
chesca_round_robin_commitment_full_mesh,241,2,6,0,0,0,0.0,0.0,0.0,0.0,0.20000000000000004,0.04000000000000001,0.2366666666666667,8.431601493809042,8.431601493809042,0.0,6.525238990783691,0.3337505900223354,90,1.0,round_robin,chesca_planner_tool
chesca_round_robin_commitment_full_mesh,242,3,6,6,0,6,0.0,0.2,0.0,0.2,3.469446951953614e-18,3.469446951953614e-18,0.27,6.718747276139805,7.462747276139804,0.7439999999999989,6.547687530517578,-0.24365430950744396,90,2.0,round_robin,chesca_planner_tool
chesca_round_robin_commitment_full_mesh,243,4,6,0,0,0,0.0,0.0,0.0,0.0,3.469446951953614e-18,3.469446951953614e-18,0.23,5.012292415171209,5.012292415171209,0.0,6.565720558166504,-0.3859022570106057,90,3.0,round_robin,chesca_planner_tool
chesca_round_robin_commitment_full_mesh,244,5,6,0,0,0,0.0,0.0,0.0,0.0,3.469446951953614e-18,3.469446951953614e-18,0.19333333333333333,5.344020486833363,5.344020486833363,0.0,6.547687530517578,-0.13662923044953304,90,4.0,round_robin,chesca_planner_tool
chesca_round_robin_commitment_full_mesh,245,6,6,4,0,4,0.0,3.469446951953614e-18,0.0,0.14,0.0,0.0,0.21666666666666667,5.45958597506707,5.958802157689113,0.4992161826220425,6.547687530517578,-0.09416514985758204,90,5.0,round_robin,chesca_planner_tool
chesca_round_robin_commitment_full_mesh,246,7,6,1,0,1,0.0,0.0,0.0,0.02,0.0,0.0,0.22,4.487691390236591,4.528168563348247,0.04047717311165577,6.547687530517578,-0.19234255726004282,90,0.0,round_robin,chesca_planner_tool
chesca_round_robin_commitment_full_mesh,247,8,6,0,0,0,0.0,0.0,0.0,0.0,0.0,0.0,0.22,4.413403066795378,4.413403066795378,0.0,6.547687530517578,-0.1610316112785783,90,1.0,round_robin,chesca_planner_tool
chesca_round_robin_commitment_full_mesh,248,9,6,0,0,0,0.0,0.0,0.0,0.0,0.0,0.0,0.19666666666666666,4.912778976232258,4.912778976232259,8.881784197001252e-16,6.547687530517578,-0.06219230998943323,90,2.0,round_robin,chesca_planner_tool
chesca_round_robin_commitment_full_mesh,249,10,6,6,0,6,0.0,0.0,0.0,0.14,0.0,0.0,0.22,3.1903023901112073,3.5784116099007117,0.3881092197895044,6.565720558166504,-0.5331464232651086,90,3.0,round_robin,chesca_planner_tool
chesca_round_robin_commitment_full_mesh,250,11,6,0,0,0,0.0,0.0,0.0,0.0,0.0,0.0,0.19666666666666666,0.6865006881496118,0.6865006881496118,0.0,6.565720558166504,-0.2662927270088209,90,4.0,round_robin,chesca_planner_tool
chesca_round_robin_commitment_full_mesh,251,12,6,0,0,0,0.0,0.0,0.0,0.0,0.0,0.0,0.19666666666666666,0.3141140627207928,0.31411406272079273,-5.551115123125783e-17,6.565720558166504,0.0413913826964482,90,5.0,round_robin,chesca_planner_tool
chesca_round_robin_commitment_full_mesh,252,13,6,5,5,0,0.14,0.0,0.14,0.0,0.14,0.04,0.21,2.9431107706627775,2.4531107706627777,-0.48999999999999977,6.565720558166504,0.11018441659607967,90,0.0,round_robin,chesca_planner_tool
chesca_round_robin_commitment_full_mesh,253,14,6,1,1,0,0.020000000000000004,0.0,0.020000000000000004,0.0,0.16,0.04,0.18999999999999997,3.237607094787135,3.1576070947871355,-0.07999999999999963,6.565720558166504,0.3244434139398644,90,1.0,round_robin,chesca_planner_tool
chesca_round_robin_commitment_full_mesh,254,15,6,6,0,6,0.0,0.16,0.0,0.16,6.938893903907228e-18,3.469446951953614e-18,0.21666666666666667,4.3880715536092945,4.696136427643422,0.30806487403412763,6.5773844718933105,-0.21329065396180186,90,2.0,round_robin,chesca_planner_tool
chesca_round_robin_commitment_full_mesh,255,16,6,5,4,1,0.16000000000000003,0.0,0.16000000000000003,0.03999999999999998,0.16000000000000003,0.04000000000000001,0.23,9.196854079657657,8.584854079657656,-0.6120000000000001,6.5773844718933105,1.413526592840486,90,3.0,round_robin,chesca_planner_tool
chesca_round_robin_commitment_full_mesh,256,17,6,4,0,4,0.0,0.10000000000000002,0.0,0.10000000000000002,0.06000000000000001,0.020000000000000007,0.22666666666666668,7.3461946748885065,7.718194674888506,0.3719999999999999,6.63423490524292,-0.05484089204995808,90,4.0,round_robin,chesca_planner_tool
chesca_round_robin_commitment_full_mesh,257,18,6,3,3,0,0.10000000000000002,0.0,0.10000000000000002,0.0,0.16000000000000003,0.04000000000000001,0.20666666666666667,8.424188035806406,8.094188035806406,-0.33000000000000007,6.63423490524292,0.948086911044562,90,5.0,round_robin,chesca_planner_tool
chesca_round_robin_commitment_full_mesh,258,19,6,6,6,0,0.22000000000000003,0.0,0.22000000000000003,0.0,0.38000000000000006,0.08000000000000002,0.24000000000000002,12.337014355254043,11.527014355254044,-0.8099999999999987,6.70948600769043,1.7293777828264765,90,0.0,round_robin,chesca_planner_tool
chesca_round_robin_commitment_full_mesh,259,20,6,0,0,0,0.0,0.0,0.0,0.0,0.38000000000000006,0.08000000000000002,0.24000000000000002,11.181550061809084,11.181550061809084,0.0,6.70948600769043,1.3919538604301065,90,1.0,round_robin,chesca_planner_tool
chesca_round_robin_commitment_full_mesh,260,21,6,0,0,0,0.0,0.0,0.0,0.0,0.38000000000000006,0.08000000000000002,0.24000000000000002,9.82892443404253,9.82892443404253,0.0,6.70948600769043,0.838471048698987,90,2.0,round_robin,chesca_planner_tool
chesca_round_robin_commitment_full_mesh,261,22,6,6,0,6,0.0,0.24000000000000002,0.0,0.24000000000000002,0.14000000000000004,0.040000000000000015,0.28,8.189386308500485,9.065386308500484,0.8759999999999994,6.70948600769043,-0.13256496037876686,90,3.0,round_robin,chesca_planner_tool
chesca_round_robin_commitment_full_mesh,262,23,6,0,0,0,0.0,0.0,0.0,0.0,0.14000000000000004,0.040000000000000015,0.28,8.944543100190002,8.944543100190002,0.0,6.70948600769043,0.6979787842460591,90,4.0,round_robin,chesca_planner_tool
chesca_round_robin_commitment_full_mesh,263,24,6,0,0,0,0.0,0.0,0.0,0.0,0.14000000000000004,0.040000000000000015,0.28,9.613183316679475,9.613183316679475,0.0,6.770686626434326,0.7719214013046907,90,5.0,round_robin,chesca_planner_tool
chesca_round_robin_commitment_full_mesh,264,1,6,0,0,0,0.0,0.0,0.0,0.0,0.14000000000000004,0.040000000000000015,0.28,8.779363624553552,8.779363624553552,0.0,6.836557865142822,0.3927171971155814,90,0.0,round_robin,chesca_planner_tool
chesca_round_robin_commitment_full_mesh,265,2,6,0,0,0,0.0,0.0,0.0,0.0,0.14000000000000004,0.040000000000000015,0.28,8.230260679807003,8.230260679807003,0.0,6.874843597412109,0.2865938632963906,90,1.0,round_robin,chesca_planner_tool
chesca_round_robin_commitment_full_mesh,266,3,6,6,0,6,0.0,0.14,0.0,0.14,4.163336342344337e-17,1.3877787807814457e-17,0.27,6.16732629894079,6.671326298940792,0.5040000000000013,6.89419412612915,-0.17236778545201265,90,2.0,round_robin,chesca_planner_tool
chesca_round_robin_commitment_full_mesh,267,4,6,0,0,0,0.0,0.0,0.0,0.0,4.163336342344337e-17,1.3877787807814457e-17,0.27,5.2852919259893625,5.285291925989363,8.881784197001252e-16,6.89419412612915,-0.17569550384791355,90,3.0,round_robin,chesca_planner_tool
chesca_round_robin_commitment_full_mesh,268,5,6,0,0,0,0.0,0.0,0.0,0.0,4.163336342344337e-17,1.3877787807814457e-17,0.27,4.862826077881204,4.862826077881203,-8.881784197001252e-16,6.89419412612915,-0.09007752421151839,90,4.0,round_robin,chesca_planner_tool
chesca_round_robin_commitment_full_mesh,269,6,6,0,0,0,0.0,0.0,0.0,0.0,4.163336342344337e-17,1.3877787807814457e-17,0.2466666666666667,5.175955957240654,5.175955957240654,0.0,6.89419412612915,-0.011718998085675073,90,5.0,round_robin,chesca_planner_tool
chesca_round_robin_commitment_full_mesh,270,7,6,0,0,0,0.0,0.0,0.0,0.0,4.163336342344337e-17,1.3877787807814457e-17,0.24333333333333337,4.243114779153258,4.243114779153258,0.0,6.89419412612915,0.004417472619640938,90,0.0,round_robin,chesca_planner_tool
chesca_round_robin_commitment_full_mesh,271,8,6,0,0,0,0.0,0.0,0.0,0.0,4.163336342344337e-17,1.3877787807814457e-17,0.24333333333333337,3.9398838679110244,3.939883867911024,-4.440892098500626e-16,6.89419412612915,0.07519338303309908,90,1.0,round_robin,chesca_planner_tool
chesca_round_robin_commitment_full_mesh,272,9,6,0,0,0,0.0,0.0,0.0,0.0,4.163336342344337e-17,1.3877787807814457e-17,0.24333333333333337,2.3855230019822495,2.3855230019822495,0.0,6.89419412612915,0.09097048375567052,90,2.0,round_robin,chesca_planner_tool
chesca_round_robin_commitment_full_mesh,273,10,6,1,0,1,0.0,6.938893903907228e-18,0.0,0.03999999999999998,3.469446951953614e-17,1.3877787807814457e-17,0.22666666666666668,4.876762461596691,4.876762461596691,0.0,6.89419412612915,0.2754202415511403,90,3.0,round_robin,chesca_planner_tool
chesca_round_robin_commitment_full_mesh,274,11,6,0,0,0,0.0,0.0,0.0,0.0,3.469446951953614e-17,1.3877787807814457e-17,0.22666666666666668,2.511938858068382,2.5119388580683824,4.440892098500626e-16,6.89419412612915,-0.011849767979893108,90,4.0,round_robin,chesca_planner_tool
chesca_round_robin_commitment_full_mesh,275,12,6,3,3,0,0.06000000000000001,0.0,0.06000000000000001,0.0,0.060000000000000046,0.02000000000000001,0.2366666666666667,2.884716711505522,2.6447167115055215,-0.24000000000000066,6.89419412612915,0.11087789521098843,90,5.0,round_robin,chesca_planner_tool
chesca_round_robin_commitment_full_mesh,276,13,6,0,0,0,0.0,0.0,0.0,0.0,0.060000000000000046,0.02000000000000001,0.21333333333333335,4.749533268629256,4.749533268629256,0.0,6.89419412612915,0.4262216100905286,90,0.0,round_robin,chesca_planner_tool
chesca_round_robin_commitment_full_mesh,277,14,6,1,1,0,0.02,0.0,0.02,0.0,0.08000000000000004,0.02000000000000001,0.21333333333333335,3.646136150043036,3.580136150043036,-0.06599999999999984,6.89419412612915,0.271645855819201,90,1.0,round_robin,chesca_planner_tool
chesca_round_robin_commitment_full_mesh,278,15,6,0,0,0,0.0,0.0,0.0,0.0,0.08000000000000004,0.02000000000000001,0.18666666666666668,3.742346135819416,3.7423461358194166,4.440892098500626e-16,6.89419412612915,0.2673769772785698,90,2.0,round_robin,chesca_planner_tool
chesca_round_robin_commitment_full_mesh,279,16,6,3,2,1,0.04000000000000001,0.020000000000000007,0.04000000000000001,0.03999999999999998,0.10000000000000003,0.020000000000000014,0.16666666666666666,7.672876806345078,7.540876806345078,-0.13200000000000056,6.89419412612915,0.473521537897261,90,3.0,round_robin,chesca_planner_tool
chesca_round_robin_commitment_full_mesh,280,17,6,5,0,5,0.0,0.10000000000000002,0.0,0.10000000000000002,3.122502256758253e-17,1.3877787807814457e-17,0.16666666666666666,7.3908507642403976,7.748850764240398,0.35800000000000054,6.89419412612915,-0.030730106982992042,90,4.0,round_robin,chesca_planner_tool
chesca_round_robin_commitment_full_mesh,281,18,6,6,6,0,0.24,0.0,0.24,0.0,0.24000000000000002,0.04000000000000002,0.19000000000000003,10.49899341910341,9.622993419103409,-0.8760000000000012,6.914859294891357,0.8773369688118474,90,5.0,round_robin,chesca_planner_tool
chesca_round_robin_commitment_full_mesh,282,19,6,6,6,0,0.24000000000000005,0.0,0.24000000000000005,0.0,0.4800000000000001,0.08000000000000003,0.19333333333333336,13.09964752511275,12.22364752511275,-0.8760000000000012,6.934140205383301,1.8065938096977574,90,0.0,round_robin,chesca_planner_tool
chesca_round_robin_commitment_full_mesh,283,20,6,0,0,0,0.0,0.0,0.0,0.0,0.4800000000000001,0.08000000000000003,0.19333333333333336,10.914920698600106,10.914920698600106,0.0,6.934140205383301,1.0119532737122054,90,1.0,round_robin,chesca_planner_tool
chesca_round_robin_commitment_full_mesh,284,21,6,0,0,0,0.0,0.0,0.0,0.0,0.4800000000000001,0.08000000000000003,0.19333333333333336,11.283540964570461,11.283540964570461,0.0,6.934140205383301,1.012065411639187,90,2.0,round_robin,chesca_planner_tool
chesca_round_robin_commitment_full_mesh,285,22,6,0,0,0,0.0,0.0,0.0,0.0,0.4800000000000001,0.08000000000000003,0.15333333333333335,10.76199326537285,10.76199326537285,0.0,6.982502460479736,0.5839740365003896,90,3.0,round_robin,chesca_planner_tool
chesca_round_robin_commitment_full_mesh,286,23,6,6,0,6,0.0,0.24000000000000005,0.0,0.24000000000000005,0.24000000000000002,0.04000000000000002,0.19333333333333336,10.19771864618238,11.07371864618238,0.8759999999999994,7.089648246765137,0.011647218947641064,90,4.0,round_robin,chesca_planner_tool
chesca_round_robin_commitment_full_mesh,287,24,6,0,0,0,0.0,0.0,0.0,0.0,0.24000000000000002,0.04000000000000002,0.19333333333333336,9.005562918660853,9.005562918660853,0.0,7.160322189331055,0.37395189592557293,90,5.0,round_robin,chesca_planner_tool
chesca_round_robin_commitment_full_mesh,288,1,6,0,0,0,0.0,0.0,0.0,0.0,0.24000000000000002,0.04000000000000002,0.19333333333333336,7.907854627501003,7.907854627501003,0.0,7.198720932006836,0.10888887357588531,90,0.0,round_robin,chesca_planner_tool
chesca_round_robin_commitment_full_mesh,289,2,6,0,0,0,0.0,0.0,0.0,0.0,0.24000000000000002,0.04000000000000002,0.19333333333333336,7.95365629386306,7.95365629386306,0.0,7.321946144104004,0.19490614801584746,90,1.0,round_robin,chesca_planner_tool
chesca_round_robin_commitment_full_mesh,290,3,6,6,0,6,0.0,0.22,0.0,0.22000000000000003,0.01999999999999999,0.019999999999999976,0.20666666666666667,7.1172309510815985,7.927230951081599,0.8100000000000005,7.446618556976318,-0.0178037124901083,90,2.0,round_robin,chesca_planner_tool
chesca_round_robin_commitment_full_mesh,291,4,6,1,0,1,0.0,0.019999999999999976,0.0,0.020000000000000004,1.3877787807814457e-17,1.3877787807814457e-17,0.21,6.54901860088898,6.61501860088898,0.06600000000000072,7.5623250007629395,-0.010431931530960184,90,3.0,round_robin,chesca_planner_tool
chesca_round_robin_commitment_full_mesh,292,5,6,0,0,0,0.0,0.0,0.0,0.0,1.3877787807814457e-17,1.3877787807814457e-17,0.21,5.193206790479812,5.193206790479812,0.0,7.5623250007629395,0.04062474529961836,90,4.0,round_robin,chesca_planner_tool
chesca_round_robin_commitment_full_mesh,293,6,6,4,4,0,0.08000000000000002,0.0,0.08000000000000002,0.0,0.08000000000000003,0.020000000000000018,0.22333333333333336,5.765781125184386,5.473781125184386,-0.2919999999999998,7.5623250007629395,0.1658861378813427,90,5.0,round_robin,chesca_planner_tool
chesca_round_robin_commitment_full_mesh,294,7,6,0,0,0,0.0,0.0,0.0,0.0,0.08000000000000003,0.020000000000000018,0.22333333333333336,5.299953302926341,5.299953302926341,0.0,7.446618556976318,0.27155808962006844,90,0.0,round_robin,chesca_planner_tool
chesca_round_robin_commitment_full_mesh,295,8,6,0,0,0,0.0,0.0,0.0,0.0,0.08000000000000003,0.020000000000000018,0.22333333333333336,4.002516750106281,4.002516750106281,0.0,7.446618556976318,0.09968755994092758,90,1.0,round_robin,chesca_planner_tool
chesca_round_robin_commitment_full_mesh,296,9,6,0,0,0,0.0,0.0,0.0,0.0,0.08000000000000003,0.020000000000000018,0.22333333333333336,2.5891293517457896,2.5891293517457896,0.0,7.446618556976318,0.1469900433286702,90,2.0,round_robin,chesca_planner_tool
chesca_round_robin_commitment_full_mesh,297,10,6,0,0,0,0.0,0.0,0.0,0.0,0.08000000000000003,0.020000000000000018,0.21666666666666667,1.8133126106601454,1.8133126106601454,0.0,7.446618556976318,0.25684060960177174,90,3.0,round_robin,chesca_planner_tool
chesca_round_robin_commitment_full_mesh,298,11,6,1,1,0,0.02,0.0,0.02,0.0,0.10000000000000003,0.020000000000000018,0.22,2.2503267689148476,2.184326768914847,-0.06600000000000072,7.446618556976318,0.17192034591167052,90,4.0,round_robin,chesca_planner_tool
chesca_round_robin_commitment_full_mesh,299,12,6,1,1,0,0.02,0.0,0.02,0.0,0.12000000000000002,0.020000000000000018,0.21333333333333335,4.578698624893298,4.498698624893297,-0.08000000000000096,7.446618556976318,0.44518795974723757,90,5.0,round_robin,chesca_planner_tool
chesca_round_robin_commitment_full_mesh,300,13,6,0,0,0,0.0,0.0,0.0,0.0,0.12000000000000002,0.020000000000000018,0.21333333333333335,5.23744593499059,5.23744593499059,0.0,7.446618556976318,0.10825130429098787,90,0.0,round_robin,chesca_planner_tool
chesca_round_robin_commitment_full_mesh,301,14,6,0,0,0,0.0,0.0,0.0,0.0,0.12000000000000002,0.020000000000000018,0.21,4.408967762517653,4.408967762517653,0.0,7.446618556976318,0.2681943943485742,90,1.0,round_robin,chesca_planner_tool
chesca_round_robin_commitment_full_mesh,302,15,6,0,0,0,0.0,0.0,0.0,0.0,0.12000000000000002,0.020000000000000018,0.21,6.05185698013228,6.05185698013228,0.0,7.321946144104004,0.2477111994844067,90,2.0,round_robin,chesca_planner_tool
chesca_round_robin_commitment_full_mesh,303,16,6,0,0,0,0.0,0.0,0.0,0.0,0.12000000000000002,0.020000000000000018,0.19666666666666666,8.084237788101378,8.084237788101378,0.0,7.321946144104004,0.5433370734733071,90,3.0,round_robin,chesca_planner_tool
chesca_round_robin_commitment_full_mesh,304,17,6,6,6,0,0.24000000000000005,0.0,0.24000000000000005,0.0,0.36000000000000004,0.060000000000000026,0.22,11.177378302888696,10.301378302888697,-0.8759999999999994,7.321946144104004,1.2681625999142805,90,4.0,round_robin,chesca_planner_tool
chesca_round_robin_commitment_full_mesh,305,18,6,0,0,0,0.0,0.0,0.0,0.0,0.36000000000000004,0.060000000000000026,0.18000000000000002,10.18069357509507,10.18069357509507,0.0,7.446618556976318,1.0004289911374586,90,5.0,round_robin,chesca_planner_tool
chesca_round_robin_commitment_full_mesh,306,19,6,3,3,0,0.12,0.0,0.12,0.0,0.48000000000000004,0.1,0.16,12.291420333941025,11.811420333941024,-0.4800000000000004,7.5623250007629395,1.539439499736794,90,0.0,round_robin,chesca_planner_tool
chesca_round_robin_commitment_full_mesh,307,20,6,0,0,0,0.0,0.0,0.0,0.0,0.48000000000000004,0.1,0.16,13.413804304952032,13.413804304952032,0.0,7.628600120544434,1.5240625213468357,90,1.0,round_robin,chesca_planner_tool
chesca_round_robin_commitment_full_mesh,308,21,6,0,0,0,0.0,0.0,0.0,0.0,0.48000000000000004,0.1,0.16,9.39289675495791,9.392896754957912,1.7763568394002505e-15,7.628600120544434,0.3876129209296164,90,2.0,round_robin,chesca_planner_tool
chesca_round_robin_commitment_full_mesh,309,22,6,0,0,0,0.0,0.0,0.0,0.0,0.48000000000000004,0.1,0.16,7.848775193519653,7.848775193519653,0.0,7.643982887268066,0.09919323465132909,90,3.0,round_robin,chesca_planner_tool
chesca_round_robin_commitment_full_mesh,310,23,6,0,0,0,0.0,0.0,0.0,0.0,0.48000000000000004,0.1,0.12000000000000001,9.12626099982541,9.12626099982541,0.0,7.643982887268066,0.6599974733342283,90,4.0,round_robin,chesca_planner_tool
chesca_round_robin_commitment_full_mesh,311,24,6,0,0,0,0.0,0.0,0.0,0.0,0.48000000000000004,0.1,0.12000000000000001,9.238510641102373,9.238510641102373,0.0,7.678473472595215,0.48790303698942195,90,5.0,round_robin,chesca_planner_tool
chesca_round_robin_commitment_full_mesh,312,1,6,0,0,0,0.0,0.0,0.0,0.0,0.48000000000000004,0.1,0.12000000000000001,8.98732274097656,8.98732274097656,0.0,7.678473472595215,0.40442256934088416,90,0.0,round_robin,chesca_planner_tool
chesca_round_robin_commitment_full_mesh,313,2,6,0,0,0,0.0,0.0,0.0,0.0,0.48000000000000004,0.1,0.12000000000000001,8.87114113492127,8.87114113492127,0.0,7.699297904968262,0.3720321335950745,90,1.0,round_robin,chesca_planner_tool
chesca_round_robin_commitment_full_mesh,314,3,6,6,0,6,0.0,0.24000000000000005,0.0,0.24000000000000005,0.24000000000000002,0.06,0.12333333333333335,6.2877933133252695,7.16379331332527,0.8760000000000003,7.7188849449157715,-0.025551218447182597,90,2.0,round_robin,chesca_planner_tool
chesca_round_robin_commitment_full_mesh,315,4,6,6,0,6,0.0,0.18000000000000002,0.0,0.18000000000000005,0.06,0.019999999999999997,0.15000000000000002,5.62584454499501,6.30384454499501,0.6779999999999999,7.7188849449157715,0.03785869019453403,90,3.0,round_robin,chesca_planner_tool
chesca_round_robin_commitment_full_mesh,316,5,6,3,0,3,0.0,0.059999999999999984,0.0,0.06000000000000001,1.3877787807814457e-17,1.3877787807814457e-17,0.16,5.13957716551458,5.37756953455949,0.2379923690449104,7.7188849449157715,0.029489471476557172,90,4.0,round_robin,chesca_planner_tool
chesca_round_robin_commitment_full_mesh,317,6,6,6,6,0,0.18000000000000002,0.0,0.18000000000000002,0.0,0.18000000000000002,0.040000000000000015,0.17666666666666667,4.988472797716344,4.352472797716345,-0.6359999999999992,7.7188849449157715,0.09928249555964064,90,5.0,round_robin,chesca_planner_tool
chesca_round_robin_commitment_full_mesh,318,7,6,0,0,0,0.0,0.0,0.0,0.0,0.18000000000000002,0.040000000000000015,0.17666666666666667,5.36194668983112,5.36194668983112,0.0,7.7188849449157715,0.22908008309828634,90,0.0,round_robin,chesca_planner_tool
chesca_round_robin_commitment_full_mesh,319,8,6,5,0,5,0.0,0.16,0.0,0.16000000000000003,0.02000000000000001,0.020000000000000004,0.20333333333333334,4.76905740217652,5.090557543085553,0.3215001409090332,7.7188849449157715,0.03249973817313051,90,1.0,round_robin,chesca_planner_tool
chesca_round_robin_commitment_full_mesh,320,9,6,2,0,2,0.0,0.020000000000000004,0.0,0.060000000000000005,6.938893903907228e-18,6.938893903907228e-18,0.21333333333333335,2.569740208258359,2.781740208258359,0.2120000000000002,7.7188849449157715,-0.09494060071747984,90,2.0,round_robin,chesca_planner_tool
chesca_round_robin_commitment_full_mesh,321,10,6,2,2,0,0.06,0.0,0.06,0.0,0.06000000000000001,0.04000000000000001,0.22333333333333336,3.394137876253768,3.196137876253768,-0.19799999999999995,7.7188849449157715,0.22039120116507954,90,3.0,round_robin,chesca_planner_tool
chesca_round_robin_commitment_full_mesh,322,11,6,0,0,0,0.0,0.0,0.0,0.0,0.06000000000000001,0.04000000000000001,0.22,2.7840718673108826,2.7840718673108826,0.0,7.7188849449157715,0.14031447346399606,90,4.0,round_robin,chesca_planner_tool
chesca_round_robin_commitment_full_mesh,323,12,6,0,0,0,0.0,0.0,0.0,0.0,0.06000000000000001,0.04000000000000001,0.21666666666666667,3.8776232667881176,3.8776232667881176,0.0,7.699297904968262,0.1607109262308308,90,5.0,round_robin,chesca_planner_tool
chesca_round_robin_commitment_full_mesh,324,13,6,1,0,1,0.0,0.02,0.0,0.02,0.04000000000000001,0.04000000000000001,0.22,4.1521697364844625,4.189957161528341,0.03778742504387811,7.699297904968262,0.02021526978753453,90,0.0,round_robin,chesca_planner_tool
chesca_round_robin_commitment_full_mesh,325,14,6,0,0,0,0.0,0.0,0.0,0.0,0.04000000000000001,0.04000000000000001,0.22,4.080637330023107,4.080637330023107,0.0,7.699297904968262,0.1042271043723905,90,1.0,round_robin,chesca_planner_tool
chesca_round_robin_commitment_full_mesh,326,15,6,3,3,0,0.06000000000000001,0.0,0.06000000000000001,0.0,0.10000000000000002,0.04000000000000001,0.23,4.687078686535967,4.447078686535967,-0.2400000000000002,7.699297904968262,0.3391417453750704,90,2.0,round_robin,chesca_planner_tool
chesca_round_robin_commitment_full_mesh,327,16,6,2,2,0,0.04000000000000001,0.0,0.04000000000000001,0.0,0.14,0.04000000000000001,0.2366666666666667,6.710266489118687,6.578266489118686,-0.13200000000000056,7.699297904968262,0.65104122201207,90,3.0,round_robin,chesca_planner_tool
chesca_round_robin_commitment_full_mesh,328,17,6,3,3,0,0.06,0.0,0.06,0.0,0.2,0.04000000000000001,0.20666666666666667,9.663593177705485,9.423593177705484,-0.2400000000000002,7.699297904968262,1.1429542745323085,90,4.0,round_robin,chesca_planner_tool
chesca_round_robin_commitment_full_mesh,329,18,6,6,6,0,0.24000000000000002,0.0,0.24000000000000002,0.0,0.44000000000000006,0.08000000000000002,0.24666666666666667,14.844710349845526,13.968710349845527,-0.8759999999999994,7.7188849449157715,2.4412965560772344,90,5.0,round_robin,chesca_planner_tool
chesca_round_robin_commitment_full_mesh,330,19,6,0,0,0,0.0,0.0,0.0,0.0,0.44000000000000006,0.08000000000000002,0.22666666666666668,13.599707884884818,13.599707884884817,-1.7763568394002505e-15,7.7188849449157715,1.0712506796102397,90,0.0,round_robin,chesca_planner_tool
chesca_round_robin_commitment_full_mesh,331,20,6,0,0,0,0.0,0.0,0.0,0.0,0.44000000000000006,0.08000000000000002,0.22666666666666668,10.592883968725488,10.592883968725488,0.0,7.7188849449157715,0.5867917985840941,90,1.0,round_robin,chesca_planner_tool
chesca_round_robin_commitment_full_mesh,332,21,6,0,0,0,0.0,0.0,0.0,0.0,0.44000000000000006,0.08000000000000002,0.22666666666666668,11.449988601174548,11.449988601174546,-1.7763568394002505e-15,7.734546184539795,1.1078000011277327,90,2.0,round_robin,chesca_planner_tool
chesca_round_robin_commitment_full_mesh,333,22,6,0,0,0,0.0,0.0,0.0,0.0,0.44000000000000006,0.08000000000000002,0.22666666666666668,10.585078785008422,10.58507878500842,-1.7763568394002505e-15,7.734546184539795,0.8499755397819334,90,3.0,round_robin,chesca_planner_tool
chesca_round_robin_commitment_full_mesh,334,23,6,0,0,0,0.0,0.0,0.0,0.0,0.44000000000000006,0.08000000000000002,0.22666666666666668,11.310379979624605,11.310379979624607,1.7763568394002505e-15,7.737168312072754,1.1708931140495065,90,4.0,round_robin,chesca_planner_tool
chesca_round_robin_commitment_full_mesh,335,24,6,0,0,0,0.0,0.0,0.0,0.0,0.44000000000000006,0.08000000000000002,0.22666666666666668,9.80541394228555,9.80541394228555,0.0,7.737168312072754,0.5461516472406005,90,5.0,round_robin,chesca_planner_tool
chesca_round_robin_commitment_full_mesh,336,1,6,0,0,0,0.0,0.0,0.0,0.0,0.44000000000000006,0.08000000000000002,0.22666666666666668,10.331629019131352,10.33162901913135,-1.7763568394002505e-15,7.781918048858643,0.7918191745105548,90,0.0,round_robin,chesca_planner_tool
chesca_round_robin_commitment_full_mesh,337,2,6,0,0,0,0.0,0.0,0.0,0.0,0.44000000000000006,0.08000000000000002,0.22666666666666668,9.963311095935886,9.963311095935886,0.0,7.891171932220459,0.63904839402749,90,1.0,round_robin,chesca_planner_tool
chesca_round_robin_commitment_full_mesh,338,3,6,0,0,0,0.0,0.0,0.0,0.0,0.44000000000000006,0.08000000000000002,0.18666666666666665,8.424587676203698,8.424587676203698,0.0,7.9603753089904785,0.15702647908190365,90,2.0,round_robin,chesca_planner_tool
chesca_round_robin_commitment_full_mesh,339,4,6,0,0,0,0.0,0.0,0.0,0.0,0.44000000000000006,0.08000000000000002,0.1566666666666667,7.185646197467889,7.1856461974678885,-8.881784197001252e-16,7.995386600494385,0.08475966319598202,90,3.0,round_robin,chesca_planner_tool
chesca_round_robin_commitment_full_mesh,340,5,6,0,0,0,0.0,0.0,0.0,0.0,0.44000000000000006,0.08000000000000002,0.1466666666666667,6.2722617334504465,6.272261733450447,8.881784197001252e-16,7.995386600494385,0.10599219660310394,90,4.0,round_robin,chesca_planner_tool
chesca_round_robin_commitment_full_mesh,341,6,6,6,0,6,0.0,0.24000000000000002,0.0,0.24000000000000002,0.20000000000000007,0.040000000000000015,0.1566666666666667,6.506106879447206,7.382106879447205,0.8759999999999994,8.019329071044922,0.03825297024514912,90,5.0,round_robin,chesca_planner_tool
chesca_round_robin_commitment_full_mesh,342,7,6,0,0,0,0.0,0.0,0.0,0.0,0.20000000000000007,0.040000000000000015,0.1566666666666667,5.922422563832404,5.922422563832405,8.881784197001252e-16,8.019329071044922,0.15193130919778508,90,0.0,round_robin,chesca_planner_tool
chesca_round_robin_commitment_full_mesh,343,8,6,6,0,6,0.0,0.2,0.0,0.2,3.8163916471489756e-17,1.3877787807814457e-17,0.16333333333333336,4.826064701753361,5.5085587386012556,0.6824940368478947,8.019329071044922,-0.01884921027987868,90,1.0,round_robin,chesca_planner_tool
chesca_round_robin_commitment_full_mesh,344,9,6,6,0,6,0.0,3.8163916471489756e-17,0.0,0.22000000000000003,0.0,0.0,0.19000000000000003,3.4399349331595444,4.1460080825805425,0.7060731494209982,8.037479400634766,-0.3885830175120709,90,2.0,round_robin,chesca_planner_tool
chesca_round_robin_commitment_full_mesh,345,10,6,6,0,6,0.0,0.0,0.0,0.14,0.0,0.0,0.20333333333333334,2.414258807773794,2.8390955614234525,0.42483675364965867,8.037479400634766,-0.11088789930013875,90,3.0,round_robin,chesca_planner_tool
chesca_round_robin_commitment_full_mesh,346,11,6,4,4,0,0.1,0.0,0.1,0.0,0.1,0.04,0.22,2.7716323539545167,2.4276323539545173,-0.3439999999999994,8.037479400634766,0.09960907215041837,90,4.0,round_robin,chesca_planner_tool
chesca_round_robin_commitment_full_mesh,347,12,6,0,0,0,0.0,0.0,0.0,0.0,0.1,0.04,0.22,2.5784164213972156,2.5784164213972156,0.0,8.037479400634766,0.1415091988344566,90,5.0,round_robin,chesca_planner_tool
chesca_round_robin_commitment_full_mesh,348,13,6,0,0,0,0.0,0.0,0.0,0.0,0.1,0.04,0.21666666666666667,3.655836048103505,3.6558360481035055,4.440892098500626e-16,8.037479400634766,0.30160582764912003,90,0.0,round_robin,chesca_planner_tool
chesca_round_robin_commitment_full_mesh,349,14,6,0,0,0,0.0,0.0,0.0,0.0,0.1,0.04,0.21666666666666667,2.8028287385687167,2.8028287385687167,0.0,8.037479400634766,0.18218103473934377,90,1.0,round_robin,chesca_planner_tool
chesca_round_robin_commitment_full_mesh,350,15,6,0,0,0,0.0,0.0,0.0,0.0,0.1,0.04,0.20666666666666667,3.982602137061458,3.982602137061458,0.0,8.037479400634766,0.239986817038285,90,2.0,round_robin,chesca_planner_tool
chesca_round_robin_commitment_full_mesh,351,16,6,3,3,0,0.10000000000000002,0.0,0.10000000000000002,0.0,0.2,0.04000000000000001,0.21666666666666667,7.026398306065809,6.626398306065808,-0.40000000000000036,8.037479400634766,0.6409961724038271,90,3.0,round_robin,chesca_planner_tool
chesca_round_robin_commitment_full_mesh,352,17,6,2,2,0,0.04000000000000001,0.0,0.04000000000000001,0.0,0.24000000000000005,0.04000000000000001,0.21333333333333335,8.911876109198811,8.779876109198812,-0.13199999999999967,8.037479400634766,0.8985438058898888,90,4.0,round_robin,chesca_planner_tool
chesca_round_robin_commitment_full_mesh,353,18,6,0,0,0,0.0,0.0,0.0,0.0,0.24000000000000005,0.04000000000000001,0.17333333333333334,10.028956778023915,10.028956778023915,0.0,8.091145515441895,0.9587161665791739,90,5.0,round_robin,chesca_planner_tool
chesca_round_robin_commitment_full_mesh,354,19,6,3,3,0,0.12000000000000002,0.0,0.12000000000000002,0.0,0.3600000000000001,0.08000000000000002,0.19333333333333336,12.178021447177192,11.698021447177192,-0.4800000000000004,8.133030891418457,1.104068907655041,90,0.0,round_robin,chesca_planner_tool
chesca_round_robin_commitment_full_mesh,355,20,6,3,3,0,0.12000000000000002,0.0,0.12000000000000002,0.0,0.4800000000000001,0.08000000000000002,0.21333333333333335,13.183851901021228,12.787851901021229,-0.395999999999999,8.133030891418457,1.378584844286764,90,1.0,round_robin,chesca_planner_tool
chesca_round_robin_commitment_full_mesh,356,21,6,0,0,0,0.0,0.0,0.0,0.0,0.4800000000000001,0.08000000000000002,0.21333333333333335,11.95358636990865,11.95358636990865,0.0,8.133030891418457,1.0852083567294257,90,2.0,round_robin,chesca_planner_tool
chesca_round_robin_commitment_full_mesh,357,22,6,6,0,6,0.0,0.24000000000000002,0.0,0.24000000000000002,0.24000000000000007,0.040000000000000015,0.25333333333333335,7.949704397651885,8.825704397651885,0.8759999999999994,8.161913871765137,-0.11946828181673536,90,3.0,round_robin,chesca_planner_tool
chesca_round_robin_commitment_full_mesh,358,23,6,0,0,0,0.0,0.0,0.0,0.0,0.24000000000000007,0.040000000000000015,0.25333333333333335,10.21425195116117,10.214251951161168,-1.7763568394002505e-15,8.180768966674805,0.7256457131341094,90,4.0,round_robin,chesca_planner_tool
chesca_round_robin_commitment_full_mesh,359,24,6,0,0,0,0.0,0.0,0.0,0.0,0.24000000000000007,0.040000000000000015,0.25333333333333335,9.42637830252267,9.426378302522672,1.7763568394002505e-15,8.184087753295898,0.35756535838976966,90,5.0,round_robin,chesca_planner_tool
chesca_round_robin_commitment_full_mesh,360,1,6,0,0,0,0.0,0.0,0.0,0.0,0.24000000000000007,0.040000000000000015,0.25333333333333335,9.605447595893063,9.605447595893063,0.0,8.270210266113281,0.3122963196012237,90,0.0,round_robin,chesca_planner_tool
chesca_round_robin_commitment_full_mesh,361,2,6,0,0,0,0.0,0.0,0.0,0.0,0.24000000000000007,0.040000000000000015,0.25333333333333335,9.761530364261983,9.761530364261983,0.0,8.363594055175781,0.27627065670336703,90,1.0,round_robin,chesca_planner_tool
chesca_round_robin_commitment_full_mesh,362,3,6,6,0,6,0.0,0.24000000000000005,0.0,0.24000000000000005,4.163336342344337e-17,6.938893903907228e-18,0.2933333333333334,7.708376289013343,8.584376289013344,0.8760000000000003,8.363594055175781,-0.1223615813168205,90,2.0,round_robin,chesca_planner_tool
chesca_round_robin_commitment_full_mesh,363,4,6,0,0,0,0.0,0.0,0.0,0.0,4.163336342344337e-17,6.938893903907228e-18,0.2933333333333334,5.475678672803268,5.475678672803268,0.0,8.363594055175781,-0.3440802784588348,90,3.0,round_robin,chesca_planner_tool
chesca_round_robin_commitment_full_mesh,364,5,6,0,0,0,0.0,0.0,0.0,0.0,4.163336342344337e-17,6.938893903907228e-18,0.2933333333333334,5.2284213992088295,5.2284213992088295,0.0,8.363594055175781,-0.07561198278629475,90,4.0,round_robin,chesca_planner_tool
chesca_round_robin_commitment_full_mesh,365,6,6,0,0,0,0.0,0.0,0.0,0.0,4.163336342344337e-17,6.938893903907228e-18,0.25333333333333335,5.6981621712378265,5.6981621712378265,0.0,8.363594055175781,0.04502097697074538,90,5.0,round_robin,chesca_planner_tool
chesca_round_robin_commitment_full_mesh,366,7,6,0,0,0,0.0,0.0,0.0,0.0,4.163336342344337e-17,6.938893903907228e-18,0.25333333333333335,4.4081302142489855,4.4081302142489855,0.0,8.363594055175781,-0.0006922025663231718,90,0.0,round_robin,chesca_planner_tool
chesca_round_robin_commitment_full_mesh,367,8,6,0,0,0,0.0,0.0,0.0,0.0,4.163336342344337e-17,6.938893903907228e-18,0.22,4.527143693259111,4.527143693259111,0.0,8.363594055175781,0.07260853675842074,90,1.0,round_robin,chesca_planner_tool
chesca_round_robin_commitment_full_mesh,368,9,6,0,0,0,0.0,0.0,0.0,0.0,4.163336342344337e-17,6.938893903907228e-18,0.18333333333333332,3.533705193584082,3.5337051935840815,-4.440892098500626e-16,8.363594055175781,0.07554767621272926,90,2.0,round_robin,chesca_planner_tool
chesca_round_robin_commitment_full_mesh,369,10,6,6,6,0,0.22000000000000003,0.0,0.22000000000000003,0.0,0.22000000000000006,0.040000000000000015,0.19666666666666666,3.965934917659416,3.1559349176594167,-0.8099999999999992,8.363594055175781,0.1027769474393232,90,3.0,round_robin,chesca_planner_tool
chesca_round_robin_commitment_full_mesh,370,11,6,0,0,0,0.0,0.0,0.0,0.0,0.22000000000000006,0.040000000000000015,0.18000000000000002,2.681432622369411,2.681432622369411,0.0,8.363594055175781,0.048379713236819485,90,4.0,round_robin,chesca_planner_tool
chesca_round_robin_commitment_full_mesh,371,12,6,0,0,0,0.0,0.0,0.0,0.0,0.22000000000000006,0.040000000000000015,0.18000000000000002,3.0304500946891606,3.0304500946891606,0.0,8.363594055175781,0.16356034526344593,90,5.0,round_robin,chesca_planner_tool
chesca_round_robin_commitment_full_mesh,372,13,6,1,0,1,0.0,0.04000000000000001,0.0,0.04000000000000001,0.18000000000000005,0.040000000000000015,0.18666666666666668,5.060609338114891,5.060609338114891,0.0,8.363594055175781,0.08727077255019927,90,0.0,round_robin,chesca_planner_tool
chesca_round_robin_commitment_full_mesh,373,14,6,1,1,0,0.020000000000000004,0.0,0.020000000000000004,0.0,0.20000000000000004,0.040000000000000015,0.19000000000000003,4.839079228196241,4.7730792281962415,-0.06599999999999984,8.321915626525879,0.27491261049903265,90,1.0,round_robin,chesca_planner_tool
chesca_round_robin_commitment_full_mesh,374,15,6,0,0,0,0.0,0.0,0.0,0.0,0.20000000000000004,0.040000000000000015,0.19000000000000003,6.7021444748019725,6.7021444748019725,0.0,8.321915626525879,0.3420952059607485,90,2.0,round_robin,chesca_planner_tool
chesca_round_robin_commitment_full_mesh,375,16,6,0,0,0,0.0,0.0,0.0,0.0,0.20000000000000004,0.040000000000000015,0.17333333333333334,8.275114716726485,8.275114716726485,0.0,8.321915626525879,0.5394590985359075,90,3.0,round_robin,chesca_planner_tool
chesca_round_robin_commitment_full_mesh,376,17,6,1,1,0,0.04,0.0,0.04,0.0,0.24000000000000005,0.06000000000000001,0.17333333333333334,10.450143072565243,10.318143072565244,-0.13199999999999967,8.363594055175781,0.9730235116849459,90,4.0,round_robin,chesca_planner_tool
chesca_round_robin_commitment_full_mesh,377,18,6,0,0,0,0.0,0.0,0.0,0.0,0.24000000000000005,0.06000000000000001,0.17333333333333334,10.376897339863948,10.376897339863948,0.0,8.363594055175781,0.8994677144219837,90,5.0,round_robin,chesca_planner_tool
chesca_round_robin_commitment_full_mesh,378,19,6,0,0,0,0.0,0.0,0.0,0.0,0.24000000000000005,0.06000000000000001,0.15333333333333335,11.81193722880078,11.811937228800781,1.7763568394002505e-15,8.363594055175781,0.861123772665316,90,0.0,round_robin,chesca_planner_tool
chesca_round_robin_commitment_full_mesh,379,20,6,0,0,0,0.0,0.0,0.0,0.0,0.24000000000000005,0.06000000000000001,0.13333333333333333,9.782185887255903,9.782185887255903,0.0,8.363594055175781,0.19762880677411765,90,1.0,round_robin,chesca_planner_tool
chesca_round_robin_commitment_full_mesh,380,21,6,0,0,0,0.0,0.0,0.0,0.0,0.24000000000000005,0.06000000000000001,0.13333333333333333,8.93119920014898,8.931199200148981,1.7763568394002505e-15,8.363594055175781,0.07009234482752963,90,2.0,round_robin,chesca_planner_tool
chesca_round_robin_commitment_full_mesh,381,22,6,6,0,6,0.0,0.22000000000000003,0.0,0.24000000000000002,0.020000000000000046,0.02000000000000001,0.13333333333333333,6.936887988062881,7.81288798806288,0.8759999999999994,8.363594055175781,-0.12389248046953177,90,3.0,round_robin,chesca_planner_tool
chesca_round_robin_commitment_full_mesh,382,23,6,5,5,0,0.20000000000000004,0.0,0.20000000000000004,0.0,0.22000000000000006,0.040000000000000015,0.16666666666666666,8.172486358995872,7.428486358995871,-0.7440000000000015,8.363594055175781,0.09476768292391566,90,4.0,round_robin,chesca_planner_tool
chesca_round_robin_commitment_full_mesh,383,24,6,0,0,0,0.0,0.0,0.0,0.0,0.22000000000000006,0.040000000000000015,0.16666666666666666,9.274521982149853,9.274521982149853,0.0,8.321915626525879,0.37451662516381995,90,5.0,round_robin,chesca_planner_tool
chesca_round_robin_commitment_full_mesh,384,1,6,0,0,0,0.0,0.0,0.0,0.0,0.22000000000000006,0.040000000000000015,0.16666666666666666,9.803162595488809,9.803162595488809,0.0,8.363594055175781,0.3634890411970558,90,0.0,round_robin,chesca_planner_tool
chesca_round_robin_commitment_full_mesh,385,2,6,6,0,6,0.0,0.22000000000000006,0.0,0.24000000000000005,1.3877787807814457e-17,6.938893903907228e-18,0.20666666666666667,6.912975582939783,7.788975582939781,0.8759999999999977,8.478745460510254,-0.20790050475722344,90,1.0,round_robin,chesca_planner_tool
chesca_round_robin_commitment_full_mesh,386,3,6,5,0,5,0.0,1.3877787807814457e-17,0.0,0.12000000000000002,0.0,0.0,0.18666666666666665,5.592771154999119,6.030771154999119,0.4379999999999997,8.478745460510254,-0.21199648809237273,90,2.0,round_robin,chesca_planner_tool
chesca_round_robin_commitment_full_mesh,387,4,6,5,0,5,0.0,0.0,0.0,0.20000000000000004,0.0,0.0,0.22,5.2741288502979184,6.018128850297919,0.7440000000000007,8.478745460510254,-0.0886827090226511,90,3.0,round_robin,chesca_planner_tool
chesca_round_robin_commitment_full_mesh,388,5,6,0,0,0,0.0,0.0,0.0,0.0,0.0,0.0,0.22,5.14529043936392,5.14529043936392,0.0,8.478745460510254,-0.18717643435167944,90,4.0,round_robin,chesca_planner_tool
chesca_round_robin_commitment_full_mesh,389,6,6,0,0,0,0.0,0.0,0.0,0.0,0.0,0.0,0.22,5.018937706320244,5.018937706320244,0.0,8.478745460510254,-0.025603219193151748,90,5.0,round_robin,chesca_planner_tool
chesca_round_robin_commitment_full_mesh,390,7,6,0,0,0,0.0,0.0,0.0,0.0,0.0,0.0,0.22,4.2014396906574945,4.2014396906574945,0.0,8.478745460510254,-0.008497599571858885,90,0.0,round_robin,chesca_planner_tool
chesca_round_robin_commitment_full_mesh,391,8,6,0,0,0,0.0,0.0,0.0,0.0,0.0,0.0,0.22,4.592542881545685,4.592542881545684,-8.881784197001252e-16,8.478745460510254,0.013925375529103189,90,1.0,round_robin,chesca_planner_tool
chesca_round_robin_commitment_full_mesh,392,9,6,0,0,0,0.0,0.0,0.0,0.0,0.0,0.0,0.22,3.111569637127932,3.111569637127932,0.0,8.363594055175781,-0.10266283977316025,90,2.0,round_robin,chesca_planner_tool
chesca_round_robin_commitment_full_mesh,393,10,6,0,0,0,0.0,0.0,0.0,0.0,0.0,0.0,0.18333333333333335,2.830213516341931,2.830213516341931,0.0,8.363594055175781,-0.03878024859689573,90,3.0,round_robin,chesca_planner_tool
chesca_round_robin_commitment_full_mesh,394,11,6,0,0,0,0.0,0.0,0.0,0.0,0.0,0.0,0.18333333333333335,5.145927185505984,5.145927185505984,0.0,8.363594055175781,-0.019859752196048623,90,4.0,round_robin,chesca_planner_tool
chesca_round_robin_commitment_full_mesh,395,12,6,6,0,6,0.0,0.0,0.0,0.2,0.0,0.0,0.21666666666666667,5.260320611429947,5.9478506569741105,0.6875300455441637,8.402472496032715,-0.20751168932014058,90,5.0,round_robin,chesca_planner_tool
chesca_round_robin_commitment_full_mesh,396,13,6,0,0,0,0.0,0.0,0.0,0.0,0.0,0.0,0.21,6.363515391173118,6.363515391173119,8.881784197001252e-16,8.402472496032715,-0.11126937665002135,90,0.0,round_robin,chesca_planner_tool
chesca_round_robin_commitment_full_mesh,397,14,6,2,2,0,0.06,0.0,0.06,0.0,0.06,0.04,0.21666666666666667,6.555834509290465,6.3578345092904645,-0.1980000000000004,8.402472496032715,0.09313814233392886,90,1.0,round_robin,chesca_planner_tool
chesca_round_robin_commitment_full_mesh,398,15,6,2,0,2,0.0,0.06,0.0,0.06000000000000001,0.0,0.0,0.22666666666666668,6.196578198857144,6.3748949698098825,0.17831677095273868,8.402472496032715,-0.042689991775066355,90,2.0,round_robin,chesca_planner_tool
chesca_round_robin_commitment_full_mesh,399,16,6,3,3,0,0.06000000000000001,0.0,0.06000000000000001,0.0,0.06000000000000001,0.020000000000000004,0.2366666666666667,9.114890718380837,8.888890718380836,-0.22600000000000087,8.402472496032715,0.6906855372608728,90,3.0,round_robin,chesca_planner_tool
chesca_round_robin_commitment_full_mesh,400,17,6,6,6,0,0.18000000000000005,0.0,0.18000000000000005,0.0,0.24000000000000005,0.04000000000000001,0.26,11.873050764265102,11.2230507642651,-0.6500000000000021,8.402472496032715,1.3481274914891157,90,4.0,round_robin,chesca_planner_tool
chesca_round_robin_commitment_full_mesh,401,18,6,1,1,0,0.020000000000000004,0.0,0.020000000000000004,0.0,0.26000000000000006,0.06000000000000001,0.26333333333333336,12.925825189501142,12.85982518950114,-0.06600000000000072,8.494303703308105,1.6138269768617814,90,5.0,round_robin,chesca_planner_tool
chesca_round_robin_commitment_full_mesh,402,19,6,0,0,0,0.0,0.0,0.0,0.0,0.26000000000000006,0.06000000000000001,0.26333333333333336,15.065895831234409,15.06589583123441,1.7763568394002505e-15,8.634178161621094,1.7570261765171542,90,0.0,round_robin,chesca_planner_tool
chesca_round_robin_commitment_full_mesh,403,20,6,0,0,0,0.0,0.0,0.0,0.0,0.26000000000000006,0.06000000000000001,0.26333333333333336,12.203733952267093,12.203733952267093,0.0,8.634178161621094,0.3765860987218274,90,1.0,round_robin,chesca_planner_tool
chesca_round_robin_commitment_full_mesh,404,21,6,0,0,0,0.0,0.0,0.0,0.0,0.26000000000000006,0.06000000000000001,0.26333333333333336,11.37455928594565,11.37455928594565,0.0,8.634178161621094,0.7322863872838334,90,2.0,round_robin,chesca_planner_tool
chesca_round_robin_commitment_full_mesh,405,22,6,0,0,0,0.0,0.0,0.0,0.0,0.26000000000000006,0.06000000000000001,0.22333333333333336,9.72440326564996,9.724403265649958,-1.7763568394002505e-15,8.717169761657715,0.16251037993186945,90,3.0,round_robin,chesca_planner_tool
chesca_round_robin_commitment_full_mesh,406,23,6,0,0,0,0.0,0.0,0.0,0.0,0.26000000000000006,0.06000000000000001,0.19000000000000003,9.585286622798712,9.585286622798712,0.0,8.614316940307617,0.3047837439034698,90,4.0,round_robin,chesca_planner_tool
chesca_round_robin_commitment_full_mesh,407,24,6,0,0,0,0.0,0.0,0.0,0.0,0.26000000000000006,0.06000000000000001,0.19000000000000003,9.476860689937503,9.476860689937501,-1.7763568394002505e-15,8.614316940307617,0.1849877189460036,90,5.0,round_robin,chesca_planner_tool
chesca_round_robin_commitment_full_mesh,408,1,6,0,0,0,0.0,0.0,0.0,0.0,0.26000000000000006,0.06000000000000001,0.19000000000000003,10.171642540197244,10.171642540197244,0.0,8.614316940307617,0.25785368984466545,90,0.0,round_robin,chesca_planner_tool
chesca_round_robin_commitment_full_mesh,409,2,6,6,0,6,0.0,0.24000000000000005,0.0,0.24000000000000005,0.020000000000000004,0.020000000000000004,0.19000000000000003,8.061469645153101,8.937469645153103,0.8760000000000012,8.614316940307617,-0.11551653073113742,90,1.0,round_robin,chesca_planner_tool
chesca_round_robin_commitment_full_mesh,410,3,6,6,0,6,0.0,0.02,0.0,0.18000000000000002,3.469446951953614e-18,3.469446951953614e-18,0.19999999999999998,5.891037573131496,6.569037573131496,0.6779999999999999,8.678043365478516,-0.3084089535559138,90,2.0,round_robin,chesca_planner_tool
chesca_round_robin_commitment_full_mesh,411,4,6,5,0,5,0.0,3.469446951953614e-18,0.0,0.12000000000000002,0.0,0.0,0.18666666666666668,6.042803908577261,6.480803908577259,0.43799999999999795,8.678043365478516,-0.12914406335440134,90,3.0,round_robin,chesca_planner_tool
chesca_round_robin_commitment_full_mesh,412,5,6,5,0,5,0.0,0.0,0.0,0.18000000000000002,0.0,0.0,0.21666666666666667,6.466650233351932,7.113417083563336,0.6467668502114039,8.678043365478516,-0.09173417689669316,90,4.0,round_robin,chesca_planner_tool
chesca_round_robin_commitment_full_mesh,413,6,6,1,0,1,0.0,0.0,0.0,0.02,0.0,0.0,0.22,5.898909046878248,5.940361081048225,0.04145203416997756,8.678043365478516,-0.23601410502948056,90,5.0,round_robin,chesca_planner_tool
chesca_round_robin_commitment_full_mesh,414,7,6,0,0,0,0.0,0.0,0.0,0.0,0.0,0.0,0.22,5.641157096523515,5.641157096523515,0.0,8.678043365478516,-0.05299242363649029,90,0.0,round_robin,chesca_planner_tool
chesca_round_robin_commitment_full_mesh,415,8,6,0,0,0,0.0,0.0,0.0,0.0,0.0,0.0,0.22,4.254105092720116,4.254105092720116,0.0,8.678043365478516,-0.08113653884538248,90,1.0,round_robin,chesca_planner_tool
chesca_round_robin_commitment_full_mesh,416,9,6,0,0,0,0.0,0.0,0.0,0.0,0.0,0.0,0.22,2.9139913579745613,2.913991357974561,-4.440892098500626e-16,8.678043365478516,-0.05150995806385367,90,2.0,round_robin,chesca_planner_tool
chesca_round_robin_commitment_full_mesh,417,10,6,0,0,0,0.0,0.0,0.0,0.0,0.0,0.0,0.22,2.9932547969672205,2.993254796967221,4.440892098500626e-16,8.678043365478516,0.001833380009627792,90,3.0,round_robin,chesca_planner_tool
chesca_round_robin_commitment_full_mesh,418,11,6,0,0,0,0.0,0.0,0.0,0.0,0.0,0.0,0.22,3.6413567236654467,3.6413567236654463,-4.440892098500626e-16,8.678043365478516,0.0051889954066774375,90,4.0,round_robin,chesca_planner_tool
chesca_round_robin_commitment_full_mesh,419,12,6,0,0,0,0.0,0.0,0.0,0.0,0.0,0.0,0.18666666666666668,2.338333084352584,2.338333084352584,0.0,8.678043365478516,-0.0011804139615090156,90,5.0,round_robin,chesca_planner_tool
chesca_round_robin_commitment_full_mesh,420,13,6,6,6,0,0.2,0.0,0.2,0.0,0.2,0.04000000000000001,0.22,5.395536783406767,4.651536783406767,-0.7439999999999998,8.678043365478516,0.1787709607040391,90,0.0,round_robin,chesca_planner_tool
chesca_round_robin_commitment_full_mesh,421,14,6,6,0,6,0.0,0.2,0.0,0.2,6.938893903907228e-18,6.938893903907228e-18,0.24333333333333332,4.101647854847464,4.5664566561606845,0.4648088013132208,8.678043365478516,-0.0996284101046669,90,1.0,round_robin,chesca_planner_tool
chesca_round_robin_commitment_full_mesh,422,15,6,0,0,0,0.0,0.0,0.0,0.0,6.938893903907228e-18,6.938893903907228e-18,0.23333333333333336,4.759346905064899,4.759346905064899,0.0,8.678043365478516,0.20573104987538765,90,2.0,round_robin,chesca_planner_tool
chesca_round_robin_commitment_full_mesh,423,16,6,2,2,0,0.06,0.0,0.06,0.0,0.06000000000000001,0.04,0.2333333333333333,7.398598201958581,7.200598201958581,-0.1980000000000004,8.678043365478516,0.6395221740666797,90,3.0,round_robin,chesca_planner_tool
chesca_round_robin_commitment_full_mesh,424,17,6,3,3,0,0.06,0.0,0.06,0.0,0.12000000000000001,0.04,0.21333333333333337,8.577983070493161,8.35198307049316,-0.22600000000000087,8.590458869934082,0.622857778424482,90,4.0,round_robin,chesca_planner_tool
chesca_round_robin_commitment_full_mesh,425,18,6,6,6,0,0.18000000000000005,0.0,0.18000000000000005,0.0,0.30000000000000004,0.08000000000000002,0.24,11.757884596531852,11.107884596531852,-0.6500000000000004,8.590458869934082,1.2675059907640351,90,5.0,round_robin,chesca_planner_tool
chesca_round_robin_commitment_full_mesh,426,19,6,0,0,0,0.0,0.0,0.0,0.0,0.30000000000000004,0.08000000000000002,0.24,13.184801297581968,13.184801297581968,0.0,8.678043365478516,1.3837869753406453,90,0.0,round_robin,chesca_planner_tool
chesca_round_robin_commitment_full_mesh,427,20,6,0,0,0,0.0,0.0,0.0,0.0,0.30000000000000004,0.08000000000000002,0.24,11.150714681818728,11.15071468181873,1.7763568394002505e-15,8.678043365478516,0.4938823537133267,90,1.0,round_robin,chesca_planner_tool
chesca_round_robin_commitment_full_mesh,428,21,6,0,0,0,0.0,0.0,0.0,0.0,0.30000000000000004,0.08000000000000002,0.24,10.273271603849306,10.273271603849306,0.0,8.678043365478516,0.3093494773068382,90,2.0,round_robin,chesca_planner_tool
chesca_round_robin_commitment_full_mesh,429,22,6,6,0,6,0.0,0.24000000000000002,0.0,0.24000000000000002,0.06000000000000005,0.040000000000000015,0.28,8.069097300661536,8.945097300661537,0.8760000000000012,8.678043365478516,-0.17037810562008437,90,3.0,round_robin,chesca_planner_tool
chesca_round_robin_commitment_full_mesh,430,23,6,0,0,0,0.0,0.0,0.0,0.0,0.06000000000000005,0.040000000000000015,0.28,8.80019042232507,8.80019042232507,0.0,8.678043365478516,0.016035537664487273,90,4.0,round_robin,chesca_planner_tool
chesca_round_robin_commitment_full_mesh,431,24,6,2,0,2,0.0,0.060000000000000005,0.0,0.060000000000000005,4.85722573273506e-17,1.3877787807814457e-17,0.29000000000000004,8.124771394044728,8.322771394044727,0.19799999999999862,8.678043365478516,-0.20214940719580793,90,5.0,round_robin,chesca_planner_tool
chesca_round_robin_commitment_full_mesh,432,1,6,0,0,0,0.0,0.0,0.0,0.0,4.85722573273506e-17,1.3877787807814457e-17,0.29000000000000004,8.548681088287282,8.548681088287282,0.0,8.590458869934082,-0.1538015562027908,90,0.0,round_robin,chesca_planner_tool
chesca_round_robin_commitment_full_mesh,433,2,6,0,0,0,0.0,0.0,0.0,0.0,4.85722573273506e-17,1.3877787807814457e-17,0.25,6.909517550514189,6.90951755051419,8.881784197001252e-16,8.4700288772583,-0.3486552726619728,90,1.0,round_robin,chesca_planner_tool
chesca_round_robin_commitment_full_mesh,434,3,6,0,0,0,0.0,0.0,0.0,0.0,4.85722573273506e-17,1.3877787807814457e-17,0.22,5.391508757382518,5.391508757382518,0.0,8.4700288772583,-0.37067411325341604,90,2.0,round_robin,chesca_planner_tool
chesca_round_robin_commitment_full_mesh,435,4,6,1,0,1,0.0,6.938893903907228e-18,0.0,0.020000000000000004,4.163336342344337e-17,1.3877787807814457e-17,0.20333333333333334,5.545310518861558,5.611310518861558,0.06599999999999984,8.4700288772583,-0.2524230585901694,90,3.0,round_robin,chesca_planner_tool
chesca_round_robin_commitment_full_mesh,436,5,6,5,0,5,0.0,2.7755575615628914e-17,0.0,0.10000000000000002,1.3877787807814457e-17,1.3877787807814457e-17,0.19000000000000003,5.007787596379855,5.379787596379857,0.37200000000000166,8.4700288772583,-0.2794055839188655,90,4.0,round_robin,chesca_planner_tool
chesca_round_robin_commitment_full_mesh,437,6,6,5,0,5,0.0,0.0,0.0,0.14,1.3877787807814457e-17,1.3877787807814457e-17,0.21,5.72831554522397,6.162027061321294,0.4337115160973237,8.4700288772583,-0.3210586678102089,90,5.0,round_robin,chesca_planner_tool
chesca_round_robin_commitment_full_mesh,438,7,6,3,0,3,0.0,0.0,0.0,0.06,1.3877787807814457e-17,1.3877787807814457e-17,0.22,4.110508082038688,4.225442912205764,0.11493483016707629,8.4700288772583,-0.2919195829254531,90,0.0,round_robin,chesca_planner_tool
chesca_round_robin_commitment_full_mesh,439,8,6,5,0,5,0.0,0.0,0.0,0.10000000000000002,1.3877787807814457e-17,1.3877787807814457e-17,0.2366666666666667,3.74800972880406,3.9793252174600977,0.2313154886560378,8.590458869934082,-0.7164798613455736,90,1.0,round_robin,chesca_planner_tool
chesca_round_robin_commitment_full_mesh,440,9,6,0,0,0,0.0,0.0,0.0,0.0,1.3877787807814457e-17,1.3877787807814457e-17,0.2366666666666667,0.2012143864003143,0.2012143864003143,0.0,8.590458869934082,-0.3996162561387611,90,2.0,round_robin,chesca_planner_tool
chesca_round_robin_commitment_full_mesh,441,10,6,0,0,0,0.0,0.0,0.0,0.0,1.3877787807814457e-17,1.3877787807814457e-17,0.2366666666666667,1.7252054123760345,1.7252054123760343,-2.220446049250313e-16,8.590458869934082,-0.14454533996572644,90,3.0,round_robin,chesca_planner_tool
chesca_round_robin_commitment_full_mesh,442,11,6,0,0,0,0.0,0.0,0.0,0.0,1.3877787807814457e-17,1.3877787807814457e-17,0.2366666666666667,0.3782529453508766,0.3782529453508766,0.0,8.590458869934082,-0.025142014805808167,90,4.0,round_robin,chesca_planner_tool
chesca_round_robin_commitment_full_mesh,443,12,6,0,0,0,0.0,0.0,0.0,0.0,1.3877787807814457e-17,1.3877787807814457e-17,0.2366666666666667,1.9363941229968706,1.9363941229968709,2.220446049250313e-16,8.590458869934082,0.14274647532272272,90,5.0,round_robin,chesca_planner_tool
chesca_round_robin_commitment_full_mesh,444,13,6,0,0,0,0.0,0.0,0.0,0.0,1.3877787807814457e-17,1.3877787807814457e-17,0.20333333333333334,1.8627234372613966,1.8627234372613966,0.0,8.590458869934082,0.08711692323986933,90,0.0,round_robin,chesca_planner_tool
chesca_round_robin_commitment_full_mesh,445,14,6,5,5,0,0.10000000000000002,0.0,0.10000000000000002,0.0,0.10000000000000003,0.020000000000000014,0.18666666666666665,2.396479070777694,2.0244790707776947,-0.37199999999999944,8.590458869934082,0.0903544303147841,90,1.0,round_robin,chesca_planner_tool
chesca_round_robin_commitment_full_mesh,446,15,6,6,0,6,0.0,0.10000000000000002,0.0,0.14,1.0408340855860843e-17,1.0408340855860843e-17,0.21,4.52190812352187,4.926523833580901,0.40461571005903085,8.590458869934082,-0.1438346572503575,90,2.0,round_robin,chesca_planner_tool
chesca_round_robin_commitment_full_mesh,447,16,6,4,3,1,0.06000000000000001,0.0,0.06000000000000001,0.04000000000000001,0.06000000000000002,0.02000000000000001,0.2166666666666667,6.332018115797779,6.106018115797779,-0.22599999999999998,8.590458869934082,0.1371483605319378,90,3.0,round_robin,chesca_planner_tool
chesca_round_robin_commitment_full_mesh,448,17,6,1,1,0,0.020000000000000004,0.0,0.020000000000000004,0.0,0.08000000000000002,0.02000000000000001,0.21,8.773418999314282,8.707418999314283,-0.06599999999999895,8.4700288772583,0.3302087255700709,90,4.0,round_robin,chesca_planner_tool
chesca_round_robin_commitment_full_mesh,449,18,6,5,4,1,0.12,0.020000000000000004,0.12,0.020000000000000018,0.18000000000000002,0.06000000000000002,0.20333333333333337,11.348275284925565,10.910275284925566,-0.43799999999999883,8.4700288772583,0.742273889193942,90,5.0,round_robin,chesca_planner_tool
chesca_round_robin_commitment_full_mesh,450,19,6,5,5,0,0.16,0.0,0.16,0.0,0.34,0.07999999999999999,0.23,14.658728201489627,14.06072820148963,-0.5979999999999972,8.4700288772583,1.5689959830679245,90,0.0,round_robin,chesca_planner_tool
chesca_round_robin_commitment_full_mesh,451,20,6,0,0,0,0.0,0.0,0.0,0.0,0.34,0.07999999999999999,0.23,13.172177212703387,13.172177212703387,0.0,8.4700288772583,1.1589030191180458,90,1.0,round_robin,chesca_planner_tool
chesca_round_robin_commitment_full_mesh,452,21,6,0,0,0,0.0,0.0,0.0,0.0,0.34,0.07999999999999999,0.23,11.972576251735477,11.972576251735477,0.0,8.4700288772583,0.7613403895024705,90,2.0,round_robin,chesca_planner_tool
chesca_round_robin_commitment_full_mesh,453,22,6,0,0,0,0.0,0.0,0.0,0.0,0.34,0.07999999999999999,0.19000000000000003,9.776976681796473,9.776976681796473,0.0,8.4700288772583,0.12264554938940782,90,3.0,round_robin,chesca_planner_tool
chesca_round_robin_commitment_full_mesh,454,23,6,0,0,0,0.0,0.0,0.0,0.0,0.34,0.07999999999999999,0.19000000000000003,9.925871444263667,9.925871444263667,0.0,8.4700288772583,0.3394455726842574,90,4.0,round_robin,chesca_planner_tool
chesca_round_robin_commitment_full_mesh,455,24,6,0,0,0,0.0,0.0,0.0,0.0,0.34,0.07999999999999999,0.18000000000000002,9.740655278980165,9.740655278980165,0.0,8.4700288772583,0.13100573359370146,90,5.0,round_robin,chesca_planner_tool
chesca_round_robin_commitment_full_mesh,456,1,6,0,0,0,0.0,0.0,0.0,0.0,0.34,0.07999999999999999,0.18000000000000002,10.0986704411155,10.0986704411155,0.0,8.4700288772583,0.17272045634004599,90,0.0,round_robin,chesca_planner_tool
chesca_round_robin_commitment_full_mesh,457,2,6,6,0,6,0.0,0.24000000000000005,0.0,0.24000000000000005,0.1,0.03999999999999998,0.22,7.998599526718765,8.874599526718766,0.8760000000000012,8.590458869934082,-0.2939991497971542,90,1.0,round_robin,chesca_planner_tool
chesca_round_robin_commitment_full_mesh,458,3,6,5,0,5,0.0,0.1,0.0,0.14,3.469446951953614e-18,3.469446951953614e-18,0.24333333333333337,6.996566324622781,7.514566324622781,0.5180000000000007,8.640029907226562,-0.3881215554361941,90,2.0,round_robin,chesca_planner_tool
chesca_round_robin_commitment_full_mesh,459,4,6,1,0,1,0.0,0.0,0.0,0.04000000000000001,3.469446951953614e-18,3.469446951953614e-18,0.24666666666666667,6.460364195538346,6.592364195538347,0.13200000000000145,8.640029907226562,-0.3571653114413584,90,3.0,round_robin,chesca_planner_tool
chesca_round_robin_commitment_full_mesh,460,5,6,0,0,0,0.0,0.0,0.0,0.0,3.469446951953614e-18,3.469446951953614e-18,0.23,5.7243239619024395,5.7243239619024395,0.0,8.640029907226562,-0.42281139048151595,90,4.0,round_robin,chesca_planner_tool
chesca_round_robin_commitment_full_mesh,461,6,6,4,0,4,0.0,3.469446951953614e-18,0.0,0.08000000000000002,0.0,0.0,0.22,6.5089475146951905,6.786947514695191,0.27800000000000047,8.640029907226562,-0.40023195418004903,90,5.0,round_robin,chesca_planner_tool
chesca_round_robin_commitment_full_mesh,462,7,6,2,0,2,0.0,0.0,0.0,0.04000000000000001,0.0,0.0,0.21666666666666667,6.0208347732639975,6.166834773263998,0.1460000000000008,8.640029907226562,-0.140020634439529,90,0.0,round_robin,chesca_planner_tool
chesca_round_robin_commitment_full_mesh,463,8,6,2,0,2,0.0,0.0,0.0,0.04000000000000001,0.0,0.0,0.2066666666666667,5.2256381846856925,5.371638184685692,0.1459999999999999,8.640029907226562,-0.2670343690852325,90,1.0,round_robin,chesca_planner_tool
chesca_round_robin_commitment_full_mesh,464,9,6,5,0,5,0.0,0.0,0.0,0.1,0.0,0.0,0.22333333333333336,3.748785234689204,4.078278038743303,0.329492804054099,8.640029907226562,-0.32268567221931027,90,2.0,round_robin,chesca_planner_tool
chesca_round_robin_commitment_full_mesh,465,10,6,0,0,0,0.0,0.0,0.0,0.0,0.0,0.0,0.22333333333333336,5.034046859349465,5.034046859349465,0.0,8.640029907226562,0.025595606209425553,90,3.0,round_robin,chesca_planner_tool
chesca_round_robin_commitment_full_mesh,466,11,6,0,0,0,0.0,0.0,0.0,0.0,0.0,0.0,0.22333333333333336,1.5223324559324776,1.5223324559324776,0.0,8.640029907226562,-0.2483102670817928,90,4.0,round_robin,chesca_planner_tool
chesca_round_robin_commitment_full_mesh,467,12,6,0,0,0,0.0,0.0,0.0,0.0,0.0,0.0,0.22333333333333336,4.176634641463664,4.176634641463664,0.0,8.640029907226562,-0.012472741197564086,90,5.0,round_robin,chesca_planner_tool
chesca_round_robin_commitment_full_mesh,468,13,6,0,0,0,0.0,0.0,0.0,0.0,0.0,0.0,0.22333333333333336,5.555352731750715,5.555352731750715,0.0,8.640029907226562,0.0024530775720559977,90,0.0,round_robin,chesca_planner_tool
chesca_round_robin_commitment_full_mesh,469,14,6,0,0,0,0.0,0.0,0.0,0.0,0.0,0.0,0.20666666666666667,4.894001359881628,4.894001359881628,0.0,8.640029907226562,-0.12415920685705473,90,1.0,round_robin,chesca_planner_tool
chesca_round_robin_commitment_full_mesh,470,15,6,0,0,0,0.0,0.0,0.0,0.0,0.0,0.0,0.18333333333333335,5.687577365409315,5.6875773654093145,-8.881784197001252e-16,8.640029907226562,0.05949888566272481,90,2.0,round_robin,chesca_planner_tool
chesca_round_robin_commitment_full_mesh,471,16,6,0,0,0,0.0,0.0,0.0,0.0,0.0,0.0,0.1666666666666667,6.73377274726959,6.733772747269589,-8.881784197001252e-16,8.640029907226562,0.061251914891408625,90,3.0,round_robin,chesca_planner_tool
chesca_round_robin_commitment_full_mesh,472,17,6,6,5,1,0.20000000000000004,0.0,0.20000000000000004,0.019999999999999962,0.20000000000000004,0.04000000000000001,0.19999999999999998,9.797414052038327,9.053414052038326,-0.7440000000000015,8.66175365447998,0.4428215344601451,90,4.0,round_robin,chesca_planner_tool
chesca_round_robin_commitment_full_mesh,473,18,6,1,1,0,0.04000000000000001,0.0,0.04000000000000001,0.0,0.24000000000000005,0.04000000000000001,0.18333333333333335,11.940562593005419,11.80856259300542,-0.13199999999999967,8.703841209411621,0.7184596139903486,90,5.0,round_robin,chesca_planner_tool
chesca_round_robin_commitment_full_mesh,474,19,6,5,5,0,0.18000000000000002,0.0,0.18000000000000002,0.0,0.42000000000000004,0.08000000000000002,0.18666666666666668,13.241583700482515,12.577583700482515,-0.6639999999999997,8.703841209411621,1.2210763952109043,90,0.0,round_robin,chesca_planner_tool
chesca_round_robin_commitment_full_mesh,475,20,6,0,0,0,0.0,0.0,0.0,0.0,0.42000000000000004,0.08000000000000002,0.18666666666666668,11.321036142193002,11.321036142193003,1.7763568394002505e-15,8.703841209411621,0.552269453507681,90,1.0,round_robin,chesca_planner_tool
chesca_round_robin_commitment_full_mesh,476,21,6,0,0,0,0.0,0.0,0.0,0.0,0.42000000000000004,0.08000000000000002,0.18666666666666668,10.360167867365277,10.360167867365277,0.0,8.703841209411621,0.22400794211202035,90,2.0,round_robin,chesca_planner_tool
chesca_round_robin_commitment_full_mesh,477,22,6,6,0,6,0.0,0.24000000000000002,0.0,0.24000000000000002,0.18000000000000005,0.040000000000000015,0.22666666666666668,8.910660328387262,9.786660328387262,0.8759999999999994,8.788604736328125,-0.058175953345761255,90,3.0,round_robin,chesca_planner_tool
chesca_round_robin_commitment_full_mesh,478,23,6,5,0,5,0.0,0.18000000000000002,0.0,0.18000000000000002,5.898059818321144e-17,1.3877787807814457e-17,0.25666666666666665,9.154065415186915,9.818065415186915,0.6639999999999997,8.840312004089355,-0.2083801159425901,90,4.0,round_robin,chesca_planner_tool
chesca_round_robin_commitment_full_mesh,479,24,6,0,0,0,0.0,0.0,0.0,0.0,5.898059818321144e-17,1.3877787807814457e-17,0.25666666666666665,8.76217372459169,8.76217372459169,0.0,8.886185646057129,-0.34042187192779866,90,5.0,round_robin,chesca_planner_tool
chesca_round_robin_commitment_full_mesh,480,1,6,0,0,0,0.0,0.0,0.0,0.0,5.898059818321144e-17,1.3877787807814457e-17,0.25666666666666665,9.7788936003062,9.778893600306201,1.7763568394002505e-15,8.868349075317383,0.17753639147121314,90,0.0,round_robin,chesca_planner_tool
chesca_round_robin_commitment_full_mesh,481,2,6,0,0,0,0.0,0.0,0.0,0.0,5.898059818321144e-17,1.3877787807814457e-17,0.21666666666666667,9.153636902124305,9.153636902124305,0.0,8.868349075317383,-0.1503547109654288,90,1.0,round_robin,chesca_planner_tool
chesca_round_robin_commitment_full_mesh,482,3,6,2,0,2,0.0,1.734723475976807e-17,0.0,0.06000000000000001,4.163336342344337e-17,1.3877787807814457e-17,0.20333333333333334,8.906723306569063,9.118723306569063,0.21199999999999974,8.939204216003418,-0.09497715707031158,90,2.0,round_robin,chesca_planner_tool
chesca_round_robin_commitment_full_mesh,483,4,6,4,0,4,0.0,1.3877787807814457e-17,0.0,0.10000000000000002,2.7755575615628914e-17,1.3877787807814457e-17,0.21333333333333335,8.001939123778223,8.387939123778223,0.38599999999999923,8.988115310668945,-0.3145130284018851,90,3.0,round_robin,chesca_planner_tool
chesca_round_robin_commitment_full_mesh,484,5,6,1,0,1,0.0,1.3877787807814457e-17,0.0,0.04000000000000001,1.3877787807814457e-17,1.3877787807814457e-17,0.22,7.550091662712127,7.682091662712127,0.13199999999999967,8.988115310668945,-0.2760183052480844,90,4.0,round_robin,chesca_planner_tool
chesca_round_robin_commitment_full_mesh,485,6,6,0,0,0,0.0,0.0,0.0,0.0,1.3877787807814457e-17,1.3877787807814457e-17,0.20666666666666667,6.281933010777788,6.281933010777788,0.0,8.988115310668945,-0.15770183683221561,90,5.0,round_robin,chesca_planner_tool
chesca_round_robin_commitment_full_mesh,486,7,6,4,0,4,0.0,1.3877787807814457e-17,0.0,0.08,0.0,0.0,0.21333333333333335,5.726964483247073,6.004964483247074,0.27800000000000047,8.988115310668945,-0.11605166952644333,90,0.0,round_robin,chesca_planner_tool
chesca_round_robin_commitment_full_mesh,487,8,6,2,0,2,0.0,0.0,0.0,0.04000000000000001,0.0,0.0,0.21333333333333335,5.1507163577935975,5.296716357793597,0.1459999999999999,8.988115310668945,-0.12137332460705952,90,1.0,round_robin,chesca_planner_tool
chesca_round_robin_commitment_full_mesh,488,9,6,3,0,3,0.0,0.0,0.0,0.06,0.0,0.0,0.20666666666666667,3.813842765544833,4.005361256162758,0.19151849061792525,8.988115310668945,-0.3531256730630825,90,2.0,round_robin,chesca_planner_tool
chesca_round_robin_commitment_full_mesh,489,10,6,4,0,4,0.0,0.0,0.0,0.08,0.0,0.0,0.22,1.7271595182809623,1.9196626270337227,0.19250310875276044,8.988115310668945,-0.31909396448154587,90,3.0,round_robin,chesca_planner_tool
chesca_round_robin_commitment_full_mesh,490,11,6,0,0,0,0.0,0.0,0.0,0.0,0.0,0.0,0.22,2.2601642425661,2.2601642425661,0.0,8.988115310668945,-0.10230030945925692,90,4.0,round_robin,chesca_planner_tool
chesca_round_robin_commitment_full_mesh,491,12,6,0,0,0,0.0,0.0,0.0,0.0,0.0,0.0,0.22,2.428759147490597,2.428759147490597,0.0,8.988115310668945,-0.15924149589391373,90,5.0,round_robin,chesca_planner_tool
chesca_round_robin_commitment_full_mesh,492,13,6,0,0,0,0.0,0.0,0.0,0.0,0.0,0.0,0.22,3.6077930880326585,3.607793088032659,4.440892098500626e-16,8.988115310668945,0.089463087594817,90,0.0,round_robin,chesca_planner_tool
chesca_round_robin_commitment_full_mesh,493,14,6,0,0,0,0.0,0.0,0.0,0.0,0.0,0.0,0.22,2.8367553191886845,2.8367553191886845,0.0,8.988115310668945,-0.061596470981987554,90,1.0,round_robin,chesca_planner_tool
chesca_round_robin_commitment_full_mesh,494,15,6,0,0,0,0.0,0.0,0.0,0.0,0.0,0.0,0.22,5.524585212564378,5.524585212564378,0.0,8.988115310668945,0.09621472825694469,90,2.0,round_robin,chesca_planner_tool
chesca_round_robin_commitment_full_mesh,495,16,6,6,6,0,0.12000000000000002,0.0,0.12000000000000002,0.0,0.12000000000000002,0.020000000000000004,0.24000000000000002,7.811555580139439,7.373555580139439,-0.4379999999999997,8.988115310668945,0.4397645736171049,90,3.0,round_robin,chesca_planner_tool
chesca_round_robin_commitment_full_mesh,496,17,6,0,0,0,0.0,0.0,0.0,0.0,0.12000000000000002,0.020000000000000004,0.20333333333333334,9.149050492972469,9.14905049297247,1.7763568394002505e-15,8.988115310668945,0.4110815700401963,90,4.0,round_robin,chesca_planner_tool
chesca_round_robin_commitment_full_mesh,497,18,6,6,6,0,0.12,0.0,0.12,0.0,0.24000000000000002,0.04000000000000001,0.21666666666666667,11.174262033211843,10.736262033211842,-0.4380000000000006,8.939204216003418,0.9541438435099062,90,5.0,round_robin,chesca_planner_tool
chesca_round_robin_commitment_full_mesh,498,19,6,4,4,0,0.08000000000000002,0.0,0.08000000000000002,0.0,0.32000000000000006,0.06000000000000001,0.19999999999999998,13.53307657877577,13.227076578775767,-0.3060000000000027,8.939204216003418,1.3095196117731163,90,0.0,round_robin,chesca_planner_tool
chesca_round_robin_commitment_full_mesh,499,20,6,0,0,0,0.0,0.0,0.0,0.0,0.32000000000000006,0.06000000000000001,0.19999999999999998,11.310258807168177,11.310258807168175,-1.7763568394002505e-15,8.939204216003418,0.42227036151067676,90,1.0,round_robin,chesca_planner_tool
chesca_round_robin_commitment_full_mesh,500,21,6,0,0,0,0.0,0.0,0.0,0.0,0.32000000000000006,0.06000000000000001,0.19999999999999998,10.522380080046865,10.522380080046863,-1.7763568394002505e-15,8.939204216003418,0.2971126327085865,90,2.0,round_robin,chesca_planner_tool
chesca_round_robin_commitment_full_mesh,501,22,6,6,0,6,0.0,0.24000000000000002,0.0,0.24000000000000002,0.08000000000000002,0.02000000000000001,0.19999999999999998,8.529163768899531,9.405163768899532,0.8760000000000012,8.939204216003418,-0.08180095180298565,90,3.0,round_robin,chesca_planner_tool
chesca_round_robin_commitment_full_mesh,502,23,6,4,0,4,0.0,0.08,0.0,0.08000000000000002,3.122502256758253e-17,1.0408340855860843e-17,0.18333333333333335,8.83150283826756,9.13750283826756,0.30599999999999916,8.868349075317383,-0.04672334813156814,90,4.0,round_robin,chesca_planner_tool
chesca_round_robin_commitment_full_mesh,503,24,6,4,4,0,0.16,0.0,0.16,0.0,0.16000000000000003,0.04000000000000001,0.21,9.34976841159321,8.76576841159321,-0.5839999999999996,8.800498008728027,0.17711187000811476,90,5.0,round_robin,chesca_planner_tool
chesca_round_robin_commitment_full_mesh,504,1,6,1,1,0,0.020000000000000004,0.0,0.020000000000000004,0.0,0.18000000000000002,0.04000000000000001,0.21333333333333335,9.892710118174028,9.812710118174028,-0.08000000000000007,8.747746467590332,0.37910679841893824,90,0.0,round_robin,chesca_planner_tool
chesca_round_robin_commitment_full_mesh,505,2,6,0,0,0,0.0,0.0,0.0,0.0,0.18000000000000002,0.04000000000000001,0.21333333333333335,9.138644229874583,9.138644229874583,0.0,8.747746467590332,0.0528980007109594,90,1.0,round_robin,chesca_planner_tool
chesca_round_robin_commitment_full_mesh,506,3,6,5,0,5,0.0,0.18000000000000002,0.0,0.18000000000000002,0.0,0.0,0.2333333333333333,6.7920235715061095,7.456023571506109,0.6639999999999997,8.71574878692627,-0.08844912000561136,90,2.0,round_robin,chesca_planner_tool
chesca_round_robin_commitment_full_mesh,507,4,6,1,0,1,0.0,0.0,0.0,0.020000000000000004,0.0,0.0,0.22,5.975149026861258,6.041149026861257,0.06599999999999895,8.71574878692627,-0.09550959755211601,90,3.0,round_robin,chesca_planner_tool
chesca_round_robin_commitment_full_mesh,508,5,6,0,0,0,0.0,0.0,0.0,0.0,0.0,0.0,0.21333333333333335,5.119258267568987,5.119258267568987,0.0,8.71574878692627,-0.05144346272795812,90,4.0,round_robin,chesca_planner_tool
chesca_round_robin_commitment_full_mesh,509,6,6,2,2,0,0.060000000000000005,0.0,0.060000000000000005,0.0,0.060000000000000005,0.04,0.22333333333333336,5.093952223501634,4.8959522235016335,-0.1980000000000004,8.71574878692627,0.08523556414618352,90,5.0,round_robin,chesca_planner_tool
chesca_round_robin_commitment_full_mesh,510,7,6,5,0,5,0.0,0.060000000000000005,0.0,0.12000000000000002,0.0,0.0,0.23,3.9169158791008036,4.204069071290472,0.28715319218966817,8.747746467590332,-0.6032426919377362,90,0.0,round_robin,chesca_planner_tool
chesca_round_robin_commitment_full_mesh,511,8,6,0,0,0,0.0,0.0,0.0,0.0,0.0,0.0,0.22333333333333336,3.937777739059472,3.937777739059472,0.0,8.747746467590332,0.08235160013750001,90,1.0,round_robin,chesca_planner_tool
chesca_round_robin_commitment_full_mesh,512,9,6,2,0,2,0.0,0.0,0.0,0.04,0.0,0.0,0.22,2.951665300879484,3.0378256144799027,0.08616031360041854,8.71574878692627,-0.16974428153057605,90,2.0,round_robin,chesca_planner_tool
chesca_round_robin_commitment_full_mesh,513,10,6,2,0,2,0.0,0.0,0.0,0.04,0.0,0.0,0.21333333333333335,3.5304042335519004,3.608742690958259,0.07833845740635859,8.71574878692627,-0.11247462201047519,90,3.0,round_robin,chesca_planner_tool
chesca_round_robin_commitment_full_mesh,514,11,6,3,0,3,0.0,0.0,0.0,0.06000000000000001,0.0,0.0,0.22333333333333336,2.283661650812338,2.428522213819971,0.14486056300763295,8.71574878692627,-0.23851616230355097,90,4.0,round_robin,chesca_planner_tool
chesca_round_robin_commitment_full_mesh,515,12,6,0,0,0,0.0,0.0,0.0,0.0,0.0,0.0,0.22333333333333336,2.1800056300108106,2.1800056300108106,0.0,8.71574878692627,-0.2398144756914416,90,5.0,round_robin,chesca_planner_tool
chesca_round_robin_commitment_full_mesh,516,13,6,0,0,0,0.0,0.0,0.0,0.0,0.0,0.0,0.22333333333333336,2.4615478260878403,2.4615478260878403,0.0,8.71574878692627,0.06013274835536285,90,0.0,round_robin,chesca_planner_tool
chesca_round_robin_commitment_full_mesh,517,14,6,0,0,0,0.0,0.0,0.0,0.0,0.0,0.0,0.22333333333333336,2.806958602949741,2.806958602949741,0.0,8.71574878692627,0.0385047282993725,90,1.0,round_robin,chesca_planner_tool
chesca_round_robin_commitment_full_mesh,518,15,6,0,0,0,0.0,0.0,0.0,0.0,0.0,0.0,0.22333333333333336,1.5368266061646174,1.5368266061646172,-2.220446049250313e-16,8.71574878692627,0.0878831842471369,90,2.0,round_robin,chesca_planner_tool
chesca_round_robin_commitment_full_mesh,519,16,6,5,5,0,0.10000000000000002,0.0,0.10000000000000002,0.0,0.10000000000000002,0.020000000000000004,0.22,4.539575737609028,4.167575737609029,-0.371999999999999,8.71574878692627,0.5947836485903246,90,3.0,round_robin,chesca_planner_tool
chesca_round_robin_commitment_full_mesh,520,17,6,2,1,1,0.02,0.02,0.02,0.04000000000000001,0.10000000000000002,0.020000000000000004,0.23,5.88302695752087,5.81702695752087,-0.06599999999999984,8.71574878692627,0.5735150503766425,90,4.0,round_robin,chesca_planner_tool
chesca_round_robin_commitment_full_mesh,521,18,6,0,0,0,0.0,0.0,0.0,0.0,0.10000000000000002,0.020000000000000004,0.21,7.6116403526643435,7.611640352664344,8.881784197001252e-16,8.692191123962402,0.6622591601742953,90,5.0,round_robin,chesca_planner_tool
chesca_round_robin_commitment_full_mesh,522,19,6,0,0,0,0.0,0.0,0.0,0.0,0.10000000000000002,0.020000000000000004,0.19666666666666668,8.610521121814719,8.610521121814719,0.0,8.679791450500488,0.17342496583975883,90,0.0,round_robin,chesca_planner_tool
chesca_round_robin_commitment_full_mesh,523,20,6,4,0,4,0.0,0.08000000000000002,0.0,0.08000000000000002,0.02,0.02,0.21000000000000005,8.299446350616135,8.605446350616134,0.30599999999999916,8.662679672241211,0.016331137999946333,90,1.0,round_robin,chesca_planner_tool
chesca_round_robin_commitment_full_mesh,524,21,6,0,0,0,0.0,0.0,0.0,0.0,0.02,0.02,0.21000000000000005,8.432088233565537,8.432088233565535,-1.7763568394002505e-15,8.655317306518555,0.03949868518844438,90,2.0,round_robin,chesca_planner_tool
chesca_round_robin_commitment_full_mesh,525,22,6,0,0,0,0.0,0.0,0.0,0.0,0.02,0.02,0.17000000000000004,7.585922544459153,7.585922544459154,8.881784197001252e-16,8.651936531066895,0.03517562091011385,90,3.0,round_robin,chesca_planner_tool
chesca_round_robin_commitment_full_mesh,526,23,6,5,5,0,0.18000000000000002,0.0,0.18000000000000002,0.0,0.2,0.04000000000000001,0.18666666666666668,7.394309163043909,6.716309163043908,-0.6780000000000008,8.651936531066895,0.0922290354575679,90,4.0,round_robin,chesca_planner_tool
chesca_round_robin_commitment_full_mesh,527,24,6,0,0,0,0.0,0.0,0.0,0.0,0.2,0.04000000000000001,0.16000000000000003,7.406868936534886,7.406868936534886,0.0,8.63971996307373,0.05939929193551317,90,5.0,round_robin,chesca_planner_tool
chesca_round_robin_commitment_full_mesh,528,1,6,6,0,6,0.0,0.2,0.0,0.2,6.938893903907228e-18,6.938893903907228e-18,0.19000000000000003,8.097839149828916,8.841839149828916,0.7439999999999998,8.62570858001709,-0.01541146699472571,90,0.0,round_robin,chesca_planner_tool
chesca_round_robin_commitment_full_mesh,529,2,6,5,0,5,0.0,6.938893903907228e-18,0.0,0.14,0.0,0.0,0.21333333333333335,5.8604589193650884,6.349894135488498,0.48943521612340923,8.586002349853516,-0.31777142328708563,90,1.0,round_robin,chesca_planner_tool
chesca_round_robin_commitment_full_mesh,530,3,6,2,0,2,0.0,0.0,0.0,0.04000000000000001,0.0,0.0,0.19000000000000003,4.753624332837237,4.860386860476452,0.10676252763921479,8.528271675109863,-0.2463300597882314,90,2.0,round_robin,chesca_planner_tool
chesca_round_robin_commitment_full_mesh,531,4,6,4,0,4,0.0,0.0,0.0,0.10000000000000002,0.0,0.0,0.20333333333333334,4.913358860848815,5.251085019905615,0.3377261590567997,8.528271675109863,-0.0969868198319092,90,3.0,round_robin,chesca_planner_tool
chesca_round_robin_commitment_full_mesh,532,5,6,4,0,4,0.0,0.0,0.0,0.08,0.0,0.0,0.21666666666666667,4.401201536068119,4.589374260028704,0.1881727239605846,8.528271675109863,-0.18484970341769721,90,4.0,round_robin,chesca_planner_tool
chesca_round_robin_commitment_full_mesh,533,6,6,0,0,0,0.0,0.0,0.0,0.0,0.0,0.0,0.20666666666666667,4.738089386041788,4.738089386041788,0.0,8.528271675109863,-0.08255671501588976,90,5.0,round_robin,chesca_planner_tool
chesca_round_robin_commitment_full_mesh,534,7,6,0,0,0,0.0,0.0,0.0,0.0,0.0,0.0,0.18666666666666668,4.2547862070757425,4.254786207075742,-8.881784197001252e-16,8.528271675109863,-0.08215449023880186,90,0.0,round_robin,chesca_planner_tool
chesca_round_robin_commitment_full_mesh,535,8,6,6,0,6,0.0,0.0,0.0,0.12000000000000001,0.0,0.0,0.20666666666666667,3.8243476043622353,4.075342287564116,0.25099468320188034,8.528271675109863,-0.17535277010791978,90,1.0,round_robin,chesca_planner_tool
chesca_round_robin_commitment_full_mesh,536,9,6,2,0,2,0.0,0.0,0.0,0.04,0.0,0.0,0.20666666666666667,3.223346787100709,3.290115271326143,0.06676848422543413,8.528271675109863,-0.26286365865298966,90,2.0,round_robin,chesca_planner_tool
chesca_round_robin_commitment_full_mesh,537,10,6,6,0,6,0.0,0.0,0.0,0.14,0.0,0.0,0.22333333333333336,2.3026835406101185,2.658532402732585,0.3558488621224667,8.586002349853516,-0.9503919752059548,90,3.0,round_robin,chesca_planner_tool
chesca_round_robin_commitment_full_mesh,538,11,6,2,0,2,0.0,0.0,0.0,0.04,0.0,0.0,0.22,2.8958617254055135,2.9693759658968912,0.07351424049137778,8.586002349853516,-0.6093832612722531,90,4.0,round_robin,chesca_planner_tool
chesca_round_robin_commitment_full_mesh,539,12,6,0,0,0,0.0,0.0,0.0,0.0,0.0,0.0,0.22,3.7210316612447096,3.72103166124471,4.440892098500626e-16,8.586002349853516,0.08027786043364439,90,5.0,round_robin,chesca_planner_tool
chesca_round_robin_commitment_full_mesh,540,13,6,2,2,0,0.04000000000000001,0.0,0.04000000000000001,0.0,0.04000000000000001,0.020000000000000004,0.22666666666666668,5.619043188561274,5.487043188561273,-0.13200000000000056,8.586002349853516,0.11153039914299837,90,0.0,round_robin,chesca_planner_tool
chesca_round_robin_commitment_full_mesh,541,14,6,0,0,0,0.0,0.0,0.0,0.0,0.04000000000000001,0.020000000000000004,0.22666666666666668,6.217499452431839,6.217499452431839,0.0,8.586002349853516,0.16402028059111567,90,1.0,round_robin,chesca_planner_tool
chesca_round_robin_commitment_full_mesh,542,15,6,2,0,2,0.0,0.04,0.0,0.04,3.469446951953614e-18,3.469446951953614e-18,0.23333333333333336,6.963342695005899,7.0409575253792775,0.07761483037337857,8.618677139282227,-0.21722317818112769,90,2.0,round_robin,chesca_planner_tool
chesca_round_robin_commitment_full_mesh,543,16,6,1,0,1,0.0,0.0,0.0,0.04000000000000001,3.469446951953614e-18,3.469446951953614e-18,0.22333333333333336,8.245301490286916,8.245301490286916,0.0,8.62570858001709,0.0253464843428311,90,3.0,round_robin,chesca_planner_tool
chesca_round_robin_commitment_full_mesh,544,17,6,6,6,0,0.22000000000000003,0.0,0.22000000000000003,0.0,0.22000000000000003,0.04000000000000001,0.25,10.665022494881422,9.855022494881421,-0.8100000000000005,8.618677139282227,0.9187266267884223,90,4.0,round_robin,chesca_planner_tool
chesca_round_robin_commitment_full_mesh,545,18,6,0,0,0,0.0,0.0,0.0,0.0,0.22000000000000003,0.04000000000000001,0.25,11.176238687042305,11.176238687042305,0.0,8.618677139282227,1.1105376647050975,90,5.0,round_robin,chesca_planner_tool
chesca_round_robin_commitment_full_mesh,546,19,6,5,5,0,0.1,0.0,0.1,0.0,0.32,0.06000000000000001,0.26666666666666666,13.803178837789678,13.431178837789677,-0.37200000000000166,8.618677139282227,1.6863638868989692,90,0.0,round_robin,chesca_planner_tool
chesca_round_robin_commitment_full_mesh,547,20,6,0,0,0,0.0,0.0,0.0,0.0,0.32,0.06000000000000001,0.25333333333333335,12.298430149245984,12.298430149245986,1.7763568394002505e-15,8.618677139282227,0.9883109596468888,90,1.0,round_robin,chesca_planner_tool
chesca_round_robin_commitment_full_mesh,548,21,6,0,0,0,0.0,0.0,0.0,0.0,0.32,0.06000000000000001,0.25333333333333335,12.007839003116827,12.007839003116825,-1.7763568394002505e-15,8.618677139282227,0.9211525253011551,90,2.0,round_robin,chesca_planner_tool
chesca_round_robin_commitment_full_mesh,549,22,6,6,0,6,0.0,0.22,0.0,0.22,0.10000000000000003,0.02000000000000001,0.29000000000000004,8.977894287265144,9.787894287265143,0.8099999999999987,8.618677139282227,-0.1761475543901504,90,3.0,round_robin,chesca_planner_tool
chesca_round_robin_commitment_full_mesh,550,23,6,0,0,0,0.0,0.0,0.0,0.0,0.10000000000000003,0.02000000000000001,0.26,9.547294803815596,9.547294803815596,0.0,8.62570858001709,0.1997336231575452,90,4.0,round_robin,chesca_planner_tool
chesca_round_robin_commitment_full_mesh,551,24,6,4,0,4,0.0,0.08,0.0,0.08000000000000002,0.020000000000000014,0.019999999999999997,0.2733333333333334,9.939375883758027,10.245375883758026,0.30599999999999916,8.63971996307373,-0.059067698304630364,90,5.0,round_robin,chesca_planner_tool
chesca_round_robin_commitment_full_mesh,552,1,6,1,1,0,0.020000000000000004,0.0,0.020000000000000004,0.0,0.04000000000000002,0.020000000000000007,0.24333333333333332,11.529117942691423,11.463117942691422,-0.06600000000000072,8.63971996307373,0.7601395081031384,90,0.0,round_robin,chesca_planner_tool
chesca_round_robin_commitment_full_mesh,553,2,6,2,0,2,0.0,0.04,0.0,0.04000000000000001,1.734723475976807e-17,6.938893903907228e-18,0.22666666666666668,8.499401008041094,8.631401008041093,0.13199999999999967,8.63971996307373,-0.17571973330208684,90,1.0,round_robin,chesca_planner_tool
chesca_round_robin_commitment_full_mesh,554,3,6,2,0,2,0.0,6.938893903907228e-18,0.0,0.04000000000000001,1.0408340855860843e-17,6.938893903907228e-18,0.22666666666666668,6.911306610181483,7.071306610181482,0.15999999999999925,8.63971996307373,-0.21674820644974396,90,2.0,round_robin,chesca_planner_tool
chesca_round_robin_commitment_full_mesh,555,4,6,0,0,0,0.0,0.0,0.0,0.0,1.0408340855860843e-17,6.938893903907228e-18,0.21,7.4215765167198295,7.42157651671983,8.881784197001252e-16,8.63971996307373,-0.05986532888032041,90,3.0,round_robin,chesca_planner_tool
chesca_round_robin_commitment_full_mesh,556,5,6,6,0,6,0.0,1.0408340855860843e-17,0.0,0.22000000000000003,0.0,0.0,0.23333333333333336,6.112878330662035,6.922878330662035,0.8100000000000005,8.651936531066895,-0.994305136915772,90,4.0,round_robin,chesca_planner_tool
chesca_round_robin_commitment_full_mesh,557,6,6,0,0,0,0.0,0.0,0.0,0.0,0.0,0.0,0.23333333333333336,5.80309001706966,5.8030900170696595,-8.881784197001252e-16,8.651936531066895,-0.14379413338482233,90,5.0,round_robin,chesca_planner_tool
chesca_round_robin_commitment_full_mesh,558,7,6,0,0,0,0.0,0.0,0.0,0.0,0.0,0.0,0.23333333333333336,5.564784232323528,5.564784232323528,0.0,8.651936531066895,-0.016583607417382774,90,0.0,round_robin,chesca_planner_tool
chesca_round_robin_commitment_full_mesh,559,8,6,0,0,0,0.0,0.0,0.0,0.0,0.0,0.0,0.21333333333333335,4.940045652202478,4.940045652202477,-8.881784197001252e-16,8.651936531066895,-0.0897227054068647,90,1.0,round_robin,chesca_planner_tool
chesca_round_robin_commitment_full_mesh,560,9,6,3,0,3,0.0,0.0,0.0,0.06000000000000001,0.0,0.0,0.21666666666666667,2.5058578906278393,2.7113777792456153,0.20551988861777604,8.651936531066895,-0.32099399683725127,90,2.0,round_robin,chesca_planner_tool
chesca_round_robin_commitment_full_mesh,561,10,6,0,0,0,0.0,0.0,0.0,0.0,0.0,0.0,0.19333333333333336,3.6622745419355,3.6622745419355,0.0,8.651936531066895,-0.0036575480269428473,90,3.0,round_robin,chesca_planner_tool
chesca_round_robin_commitment_full_mesh,562,11,6,0,0,0,0.0,0.0,0.0,0.0,0.0,0.0,0.18666666666666668,3.7548389148878125,3.754838914887813,4.440892098500626e-16,8.651936531066895,-0.035199363374531674,90,4.0,round_robin,chesca_planner_tool
chesca_round_robin_commitment_full_mesh,563,12,6,0,0,0,0.0,0.0,0.0,0.0,0.0,0.0,0.18666666666666668,4.421240447034121,4.421240447034121,0.0,8.651936531066895,-0.035765867563179045,90,5.0,round_robin,chesca_planner_tool
chesca_round_robin_commitment_full_mesh,564,13,6,6,0,6,0.0,0.0,0.0,0.14,0.0,0.0,0.20333333333333334,5.628038219877327,5.9923522422724975,0.3643140223951704,8.655317306518555,-0.37122486354828205,90,0.0,round_robin,chesca_planner_tool
chesca_round_robin_commitment_full_mesh,565,14,6,3,0,3,0.0,0.0,0.0,0.1,0.0,0.0,0.22,5.1017900972532,5.212905154566241,0.11111505731304039,8.655317306518555,-0.23249559588345994,90,1.0,round_robin,chesca_planner_tool
chesca_round_robin_commitment_full_mesh,566,15,6,0,0,0,0.0,0.0,0.0,0.0,0.0,0.0,0.21333333333333335,5.360222729130493,5.360222729130493,0.0,8.655317306518555,0.054206223051671776,90,2.0,round_robin,chesca_planner_tool
chesca_round_robin_commitment_full_mesh,567,16,6,5,4,1,0.1,0.0,0.1,0.03999999999999998,0.1,0.04,0.23,9.05448731567228,8.69648731567228,-0.35799999999999876,8.655317306518555,0.5739774693988723,90,3.0,round_robin,chesca_planner_tool
chesca_round_robin_commitment_full_mesh,568,17,6,0,0,0,0.0,0.0,0.0,0.0,0.1,0.04,0.19333333333333336,11.731488743432704,11.731488743432704,0.0,8.655317306518555,0.6244551958387178,90,4.0,round_robin,chesca_planner_tool
chesca_round_robin_commitment_full_mesh,569,18,6,5,5,0,0.20000000000000004,0.0,0.20000000000000004,0.0,0.30000000000000004,0.06000000000000001,0.22666666666666668,12.11342893954451,11.36942893954451,-0.7439999999999998,8.655317306518555,1.1133008657738614,90,5.0,round_robin,chesca_planner_tool
chesca_round_robin_commitment_full_mesh,570,19,6,3,3,0,0.08000000000000002,0.0,0.08000000000000002,0.0,0.38000000000000006,0.08000000000000002,0.22333333333333336,14.884525256857913,14.606525256857914,-0.2779999999999987,8.655317306518555,1.8494251330624074,90,0.0,round_robin,chesca_planner_tool
chesca_round_robin_commitment_full_mesh,571,20,6,0,0,0,0.0,0.0,0.0,0.0,0.38000000000000006,0.08000000000000002,0.22333333333333336,13.540374301012392,13.54037430101239,-1.7763568394002505e-15,8.655317306518555,1.1996804237275516,90,1.0,round_robin,chesca_planner_tool
chesca_round_robin_commitment_full_mesh,572,21,6,0,0,0,0.0,0.0,0.0,0.0,0.38000000000000006,0.08000000000000002,0.22333333333333336,12.69947869776345,12.69947869776345,0.0,8.655317306518555,1.0390231649885553,90,2.0,round_robin,chesca_planner_tool
chesca_round_robin_commitment_full_mesh,573,22,6,0,0,0,0.0,0.0,0.0,0.0,0.38000000000000006,0.08000000000000002,0.18666666666666665,9.67935035936804,9.67935035936804,0.0,8.655317306518555,0.12979610491741372,90,3.0,round_robin,chesca_planner_tool
chesca_round_robin_commitment_full_mesh,574,23,6,0,0,0,0.0,0.0,0.0,0.0,0.38000000000000006,0.08000000000000002,0.18666666666666665,10.107511174726689,10.107511174726689,0.0,8.662679672241211,0.37973629433800077,90,4.0,round_robin,chesca_planner_tool
chesca_round_robin_commitment_full_mesh,575,24,6,0,0,0,0.0,0.0,0.0,0.0,0.38000000000000006,0.08000000000000002,0.17333333333333334,10.705355020449893,10.705355020449893,0.0,8.662679672241211,0.6178734200906107,90,5.0,round_robin,chesca_planner_tool
chesca_round_robin_commitment_full_mesh,576,1,6,0,0,0,0.0,0.0,0.0,0.0,0.38000000000000006,0.08000000000000002,0.17,10.059133999406011,10.059133999406011,0.0,8.662679672241211,0.2819680114122296,90,0.0,round_robin,chesca_planner_tool
chesca_round_robin_commitment_full_mesh,577,2,6,6,0,6,0.0,0.24000000000000005,0.0,0.24000000000000005,0.14,0.04000000000000001,0.20333333333333334,9.038192498591588,9.91419249859159,0.8760000000000012,8.662679672241211,-0.026521790633680816,90,1.0,round_robin,chesca_planner_tool
chesca_round_robin_commitment_full_mesh,578,3,6,6,0,6,0.0,0.14,0.0,0.16,1.3877787807814457e-17,6.938893903907228e-18,0.22333333333333336,6.860426834276443,7.430426834276444,0.5700000000000012,8.679791450500488,-0.25599787325506546,90,2.0,round_robin,chesca_planner_tool
chesca_round_robin_commitment_full_mesh,579,4,6,1,0,1,0.0,0.0,0.0,0.02,1.3877787807814457e-17,6.938893903907228e-18,0.22666666666666668,6.60326803072398,6.683268030723981,0.08000000000000096,8.679791450500488,-0.13836084241219623,90,3.0,round_robin,chesca_planner_tool
chesca_round_robin_commitment_full_mesh,580,5,6,0,0,0,0.0,0.0,0.0,0.0,1.3877787807814457e-17,6.938893903907228e-18,0.19000000000000003,6.334981661428558,6.334981661428558,0.0,8.679791450500488,-0.06676804848433421,90,4.0,round_robin,chesca_planner_tool
chesca_round_robin_commitment_full_mesh,581,6,6,4,0,4,0.0,1.3877787807814457e-17,0.0,0.1,0.0,0.0,0.20666666666666667,6.45319216101704,6.818316467002233,0.3651243059851925,8.679791450500488,-0.08364977509952545,90,5.0,round_robin,chesca_planner_tool
chesca_round_robin_commitment_full_mesh,582,7,6,2,0,2,0.0,0.0,0.0,0.04,0.0,0.0,0.21333333333333335,5.606197269852642,5.6895429457151225,0.0833456758624802,8.679791450500488,-0.1816762614138926,90,0.0,round_robin,chesca_planner_tool
chesca_round_robin_commitment_full_mesh,583,8,6,2,0,2,0.0,0.0,0.0,0.04,0.0,0.0,0.22,4.666758969580512,4.7405215913390535,0.07376262175854187,8.679791450500488,-0.1652601390136897,90,1.0,round_robin,chesca_planner_tool
chesca_round_robin_commitment_full_mesh,584,9,6,0,0,0,0.0,0.0,0.0,0.0,0.0,0.0,0.21,3.471090196509234,3.471090196509234,0.0,8.679791450500488,-0.13865869453090565,90,2.0,round_robin,chesca_planner_tool
chesca_round_robin_commitment_full_mesh,585,10,6,3,0,3,0.0,0.0,0.0,0.06000000000000001,0.0,0.0,0.22,2.438557664570503,2.6099341321885787,0.1713764676180758,8.679791450500488,-0.10732097952013253,90,3.0,round_robin,chesca_planner_tool
chesca_round_robin_commitment_full_mesh,586,11,6,0,0,0,0.0,0.0,0.0,0.0,0.0,0.0,0.22,1.7452787169805242,1.7452787169805242,0.0,8.679791450500488,-0.22286113940762292,90,4.0,round_robin,chesca_planner_tool
chesca_round_robin_commitment_full_mesh,587,12,6,0,0,0,0.0,0.0,0.0,0.0,0.0,0.0,0.22,2.3068025426489998,2.3068025426489998,0.0,8.679791450500488,0.06458437931789254,90,5.0,round_robin,chesca_planner_tool
chesca_round_robin_commitment_full_mesh,588,13,6,0,0,0,0.0,0.0,0.0,0.0,0.0,0.0,0.19666666666666666,4.279686500157829,4.279686500157829,0.0,8.679791450500488,0.23143459786429077,90,0.0,round_robin,chesca_planner_tool
chesca_round_robin_commitment_full_mesh,589,14,6,6,6,0,0.14,0.0,0.14,0.0,0.14,0.04000000000000001,0.20333333333333337,4.763428921840702,4.245428921840702,-0.5179999999999998,8.679791450500488,0.11827581287092538,90,1.0,round_robin,chesca_planner_tool
chesca_round_robin_commitment_full_mesh,590,15,6,0,0,0,0.0,0.0,0.0,0.0,0.14,0.04000000000000001,0.20333333333333337,6.727211694030068,6.727211694030067,-8.881784197001252e-16,8.679791450500488,0.20593768341433866,90,2.0,round_robin,chesca_planner_tool
chesca_round_robin_commitment_full_mesh,591,16,6,0,0,0,0.0,0.0,0.0,0.0,0.14,0.04000000000000001,0.18000000000000002,8.055666075532423,8.055666075532423,0.0,8.679791450500488,0.46330334075847485,90,3.0,round_robin,chesca_planner_tool
chesca_round_robin_commitment_full_mesh,592,17,6,0,0,0,0.0,0.0,0.0,0.0,0.14,0.04000000000000001,0.18000000000000002,9.098417217066629,9.09841721706663,1.7763568394002505e-15,8.692191123962402,0.41633170742914094,90,4.0,round_robin,chesca_planner_tool
chesca_round_robin_commitment_full_mesh,593,18,6,5,5,0,0.18000000000000002,0.0,0.18000000000000002,0.0,0.32,0.06000000000000001,0.17666666666666672,10.314246903798999,9.678246903799,-0.6359999999999992,8.730283737182617,0.7286655386421921,90,5.0,round_robin,chesca_planner_tool
chesca_round_robin_commitment_full_mesh,594,19,6,0,0,0,0.0,0.0,0.0,0.0,0.32,0.06000000000000001,0.16333333333333336,11.85042022963844,11.850420229638438,-1.7763568394002505e-15,8.730283737182617,0.9667407994099291,90,0.0,round_robin,chesca_planner_tool
chesca_round_robin_commitment_full_mesh,595,20,6,0,0,0,0.0,0.0,0.0,0.0,0.32,0.06000000000000001,0.16333333333333336,11.857408711041632,11.857408711041632,0.0,8.730283737182617,0.775364287875717,90,1.0,round_robin,chesca_planner_tool
chesca_round_robin_commitment_full_mesh,596,21,6,0,0,0,0.0,0.0,0.0,0.0,0.32,0.06000000000000001,0.16333333333333336,10.95520307779312,10.95520307779312,0.0,8.730283737182617,0.4302628745048225,90,2.0,round_robin,chesca_planner_tool
chesca_round_robin_commitment_full_mesh,597,22,6,6,0,6,0.0,0.24000000000000005,0.0,0.24000000000000005,0.08000000000000004,0.02000000000000001,0.20333333333333334,9.88167637012657,10.75767637012657,0.8759999999999994,8.730283737182617,-0.17709457388635663,90,3.0,round_robin,chesca_planner_tool
chesca_round_robin_commitment_full_mesh,598,23,6,1,1,0,0.02,0.0,0.02,0.0,0.10000000000000006,0.02000000000000001,0.20666666666666667,9.725779458009935,9.645779458009935,-0.08000000000000007,8.834918975830078,0.13452456802593607,90,4.0,round_robin,chesca_planner_tool
chesca_round_robin_commitment_full_mesh,599,24,6,0,0,0,0.0,0.0,0.0,0.0,0.10000000000000006,0.02000000000000001,0.20666666666666667,9.874828647366027,9.874828647366025,-1.7763568394002505e-15,8.834918975830078,0.22212066119765247,90,5.0,round_robin,chesca_planner_tool
chesca_round_robin_commitment_full_mesh,600,1,6,5,0,5,0.0,0.10000000000000002,0.0,0.10000000000000002,3.469446951953614e-17,6.938893903907228e-18,0.22333333333333336,8.73741253883518,9.095412538835179,0.35799999999999876,8.939204216003418,-0.07634980462758212,90,0.0,round_robin,chesca_planner_tool
chesca_round_robin_commitment_full_mesh,601,2,6,1,0,1,0.0,6.938893903907228e-18,0.0,0.020000000000000004,2.7755575615628914e-17,6.938893903907228e-18,0.18666666666666668,8.443439055803404,8.509439055803405,0.06600000000000072,9.002723693847656,-0.16475378532740087,90,1.0,round_robin,chesca_planner_tool
chesca_round_robin_commitment_full_mesh,602,3,6,6,0,6,0.0,2.7755575615628914e-17,0.0,0.20000000000000004,0.0,0.0,0.19333333333333336,7.499725910611144,8.229725910611144,0.7300000000000004,9.002723693847656,-0.1520311178876024,90,2.0,round_robin,chesca_planner_tool
chesca_round_robin_commitment_full_mesh,603,4,6,6,0,6,0.0,0.0,0.0,0.16000000000000003,0.0,0.0,0.21666666666666667,6.00068290927064,6.553173670767445,0.5524907614968049,9.002723693847656,-0.30658449816020483,90,3.0,round_robin,chesca_planner_tool
chesca_round_robin_commitment_full_mesh,604,5,6,1,0,1,0.0,0.0,0.0,0.02,0.0,0.0,0.22,5.77863498653832,5.85863498653832,0.08000000000000007,9.002723693847656,-0.14321882228040725,90,4.0,round_robin,chesca_planner_tool
chesca_round_robin_commitment_full_mesh,605,6,6,0,0,0,0.0,0.0,0.0,0.0,0.0,0.0,0.20333333333333334,5.786436837918395,5.786436837918394,-8.881784197001252e-16,9.002723693847656,-0.0744886052388217,90,5.0,round_robin,chesca_planner_tool
chesca_round_robin_commitment_full_mesh,606,7,6,0,0,0,0.0,0.0,0.0,0.0,0.0,0.0,0.19666666666666666,5.477090096544719,5.477090096544719,0.0,9.002723693847656,-0.060752227727985365,90,0.0,round_robin,chesca_planner_tool
chesca_round_robin_commitment_full_mesh,607,8,6,6,6,0,0.14,0.0,0.14,0.0,0.14,0.04,0.21333333333333335,5.488825318983599,4.970825318983599,-0.5179999999999998,8.939204216003418,0.08613545273390681,90,1.0,round_robin,chesca_planner_tool
chesca_round_robin_commitment_full_mesh,608,9,6,6,0,6,0.0,0.14,0.0,0.14,0.0,0.0,0.2366666666666667,5.526945169229752,6.002400651911628,0.475455482681876,9.002723693847656,-0.33354682565033983,90,2.0,round_robin,chesca_planner_tool
chesca_round_robin_commitment_full_mesh,609,10,6,0,0,0,0.0,0.0,0.0,0.0,0.0,0.0,0.22666666666666668,2.254373719726834,2.254373719726834,0.0,9.002723693847656,-0.2282250883280076,90,3.0,round_robin,chesca_planner_tool
chesca_round_robin_commitment_full_mesh,610,11,6,1,0,1,0.0,0.0,0.0,0.02,0.0,0.0,0.23,2.993693930742991,3.0736939307429916,0.08000000000000052,9.002723693847656,-0.09066830988086594,90,4.0,round_robin,chesca_planner_tool
chesca_round_robin_commitment_full_mesh,611,12,6,0,0,0,0.0,0.0,0.0,0.0,0.0,0.0,0.23,5.374713032794251,5.374713032794251,0.0,9.002723693847656,0.16723553595373922,90,5.0,round_robin,chesca_planner_tool
chesca_round_robin_commitment_full_mesh,612,13,6,4,0,4,0.0,0.0,0.0,0.08,0.0,0.0,0.24333333333333337,5.251672384820697,5.4809475964496,0.22927521162890319,9.040265083312988,-0.7289966222182148,90,0.0,round_robin,chesca_planner_tool
chesca_round_robin_commitment_full_mesh,613,14,6,0,0,0,0.0,0.0,0.0,0.0,0.0,0.0,0.22,3.860466851052006,3.860466851052006,0.0,9.040265083312988,0.07162233604425278,90,1.0,round_robin,chesca_planner_tool
chesca_round_robin_commitment_full_mesh,614,15,6,1,1,0,0.020000000000000004,0.0,0.020000000000000004,0.0,0.020000000000000004,0.020000000000000004,0.22333333333333336,6.437025219646842,6.357025219646843,-0.07999999999999918,9.040265083312988,0.27052624988774476,90,2.0,round_robin,chesca_planner_tool
chesca_round_robin_commitment_full_mesh,615,16,6,0,0,0,0.0,0.0,0.0,0.0,0.020000000000000004,0.020000000000000004,0.22333333333333336,7.62794696733819,7.62794696733819,0.0,9.040265083312988,0.2588368410892155,90,3.0,round_robin,chesca_planner_tool
chesca_round_robin_commitment_full_mesh,616,17,6,1,0,1,0.0,0.0,0.0,0.04000000000000001,0.020000000000000004,0.020000000000000004,0.23,8.83033351555649,8.83033351555649,0.0,9.040265083312988,0.21061112844397037,90,4.0,round_robin,chesca_planner_tool
chesca_round_robin_commitment_full_mesh,617,18,6,5,5,0,0.14,0.0,0.14,0.0,0.16,0.04000000000000001,0.22333333333333336,11.741634838856758,11.209634838856758,-0.532,9.002723693847656,0.9152511888947948,90,5.0,round_robin,chesca_planner_tool
chesca_round_robin_commitment_full_mesh,618,19,6,6,6,0,0.20000000000000004,0.0,0.20000000000000004,0.0,0.36000000000000004,0.08000000000000002,0.25666666666666665,14.798324755733601,14.082324755733602,-0.7159999999999993,9.002723693847656,1.7217839895562994,90,0.0,round_robin,chesca_planner_tool
chesca_round_robin_commitment_full_mesh,619,20,6,0,0,0,0.0,0.0,0.0,0.0,0.36000000000000004,0.08000000000000002,0.25666666666666665,13.986614518948056,13.986614518948057,1.7763568394002505e-15,9.002723693847656,1.297968780348545,90,1.0,round_robin,chesca_planner_tool
chesca_round_robin_commitment_full_mesh,620,21,6,0,0,0,0.0,0.0,0.0,0.0,0.36000000000000004,0.08000000000000002,0.25666666666666665,11.283107087898793,11.283107087898793,0.0,9.002723693847656,0.5053218597431237,90,2.0,round_robin,chesca_planner_tool
chesca_round_robin_commitment_full_mesh,621,22,6,6,0,6,0.0,0.24000000000000002,0.0,0.24000000000000002,0.12000000000000002,0.040000000000000015,0.25666666666666665,8.674357513804434,9.550357513804435,0.8760000000000012,9.002723693847656,-0.16675076320704982,90,3.0,round_robin,chesca_planner_tool
chesca_round_robin_commitment_full_mesh,622,23,6,5,0,5,0.0,0.09999999999999998,0.0,0.1,0.020000000000000035,0.020000000000000014,0.27,9.28763912437913,9.659639124379128,0.3719999999999981,9.040265083312988,-0.0468594947134995,90,4.0,round_robin,chesca_planner_tool
chesca_round_robin_commitment_full_mesh,623,24,6,0,0,0,0.0,0.0,0.0,0.0,0.020000000000000035,0.020000000000000014,0.27,9.833490356980477,9.833490356980477,0.0,9.040265083312988,0.23724474993886083,90,5.0,round_robin,chesca_planner_tool
chesca_round_robin_commitment_full_mesh,624,1,6,0,0,0,0.0,0.0,0.0,0.0,0.020000000000000035,0.020000000000000014,0.25333333333333335,9.398769362442767,9.398769362442767,0.0,9.040265083312988,0.020754215951609464,90,0.0,round_robin,chesca_planner_tool
chesca_round_robin_commitment_full_mesh,625,2,6,0,0,0,0.0,0.0,0.0,0.0,0.020000000000000035,0.020000000000000014,0.25,9.411652515858892,9.411652515858892,0.0,9.040265083312988,0.13133920401852175,90,1.0,round_robin,chesca_planner_tool
chesca_round_robin_commitment_full_mesh,626,3,6,1,0,1,0.0,0.020000000000000004,0.0,0.020000000000000004,3.122502256758253e-17,1.0408340855860843e-17,0.22,7.0789754488015095,7.1589754488015105,0.08000000000000096,9.040265083312988,-0.14589420969309552,90,2.0,round_robin,chesca_planner_tool
chesca_round_robin_commitment_full_mesh,627,4,6,1,1,0,0.04,0.0,0.04,0.0,0.040000000000000036,0.04,0.20000000000000004,7.127692458572266,6.9956924585722655,-0.13200000000000056,9.040265083312988,0.08605833021572153,90,3.0,round_robin,chesca_planner_tool
chesca_round_robin_commitment_full_mesh,628,5,6,3,3,0,0.1,0.0,0.1,0.0,0.14000000000000004,0.04,0.21333333333333335,6.582704560744503,6.238704560744502,-0.3440000000000012,9.040265083312988,0.12312979496753741,90,4.0,round_robin,chesca_planner_tool
chesca_round_robin_commitment_full_mesh,629,6,6,1,1,0,0.02,0.0,0.02,0.0,0.16000000000000003,0.04,0.21666666666666667,6.3469109764903475,6.2669109764903475,-0.08000000000000007,9.040265083312988,0.22145477675538774,90,5.0,round_robin,chesca_planner_tool
chesca_round_robin_commitment_full_mesh,630,7,6,0,0,0,0.0,0.0,0.0,0.0,0.16000000000000003,0.04,0.21666666666666667,4.8978503015203225,4.897850301520322,-8.881784197001252e-16,9.040265083312988,0.1615453477425702,90,0.0,round_robin,chesca_planner_tool
chesca_round_robin_commitment_full_mesh,631,8,6,0,0,0,0.0,0.0,0.0,0.0,0.16000000000000003,0.04,0.19333333333333333,4.988062963021387,4.988062963021387,0.0,9.040265083312988,0.20112170999591844,90,1.0,round_robin,chesca_planner_tool
chesca_round_robin_commitment_full_mesh,632,9,6,1,1,0,0.02,0.0,0.02,0.0,0.18000000000000005,0.04,0.1733333333333333,4.934110161084176,4.854110161084176,-0.08000000000000007,9.040265083312988,0.20073754866846222,90,2.0,round_robin,chesca_planner_tool
chesca_round_robin_commitment_full_mesh,633,10,6,0,0,0,0.0,0.0,0.0,0.0,0.18000000000000005,0.04,0.1733333333333333,3.6373418340381547,3.637341834038155,4.440892098500626e-16,9.040265083312988,0.11076206931881415,90,3.0,round_robin,chesca_planner_tool
chesca_round_robin_commitment_full_mesh,634,11,6,0,0,0,0.0,0.0,0.0,0.0,0.18000000000000005,0.04,0.17,4.473051861792371,4.473051861792372,8.881784197001252e-16,9.040265083312988,0.3846326802341101,90,4.0,round_robin,chesca_planner_tool
chesca_round_robin_commitment_full_mesh,635,12,6,0,0,0,0.0,0.0,0.0,0.0,0.18000000000000005,0.04,0.17,1.5263861854564817,1.5263861854564817,0.0,9.040265083312988,0.22741942791708045,90,5.0,round_robin,chesca_planner_tool
chesca_round_robin_commitment_full_mesh,636,13,6,0,0,0,0.0,0.0,0.0,0.0,0.18000000000000005,0.04,0.15666666666666668,1.2450811249772482,1.2450811249772482,0.0,9.040265083312988,0.2721265215202076,90,0.0,round_robin,chesca_planner_tool
chesca_round_robin_commitment_full_mesh,637,14,6,0,0,0,0.0,0.0,0.0,0.0,0.18000000000000005,0.04,0.15666666666666668,3.870158347275296,3.870158347275296,0.0,9.040265083312988,0.35358123489515847,90,1.0,round_robin,chesca_planner_tool
chesca_round_robin_commitment_full_mesh,638,15,6,0,0,0,0.0,0.0,0.0,0.0,0.18000000000000005,0.04,0.15333333333333335,7.076338646565889,7.076338646565888,-8.881784197001252e-16,9.040265083312988,0.15727657821169727,90,2.0,round_robin,chesca_planner_tool
chesca_round_robin_commitment_full_mesh,639,16,6,6,0,6,0.0,0.18,0.0,0.18,4.163336342344337e-17,2.0816681711721685e-17,0.18333333333333332,7.875039639740454,8.416801173933044,0.5417615341925899,9.117532730102539,0.010874945929538582,90,3.0,round_robin,chesca_planner_tool
chesca_round_robin_commitment_full_mesh,640,17,6,0,0,0,0.0,0.0,0.0,0.0,4.163336342344337e-17,2.0816681711721685e-17,0.17666666666666667,7.1661831366745705,7.166183136674571,8.881784197001252e-16,9.040265083312988,0.016935854727744143,90,4.0,round_robin,chesca_planner_tool
chesca_round_robin_commitment_full_mesh,641,18,6,0,0,0,0.0,0.0,0.0,0.0,4.163336342344337e-17,2.0816681711721685e-17,0.15333333333333335,7.396361671719999,7.396361671719999,0.0,9.019750595092773,0.074403855794457,90,5.0,round_robin,chesca_planner_tool
chesca_round_robin_commitment_full_mesh,642,19,6,6,6,0,0.24000000000000005,0.0,0.24000000000000005,0.0,0.24000000000000007,0.04000000000000002,0.16,8.599416721904118,7.723416721904117,-0.8760000000000012,8.99494457244873,0.17634625060078465,90,0.0,round_robin,chesca_planner_tool
chesca_round_robin_commitment_full_mesh,643,20,6,6,0,6,0.0,0.24000000000000005,0.0,0.24000000000000005,4.85722573273506e-17,1.3877787807814457e-17,0.19999999999999998,8.853117578583998,9.729117578583997,0.8759999999999994,8.99494457244873,-0.14704663134026572,90,1.0,round_robin,chesca_planner_tool
chesca_round_robin_commitment_full_mesh,644,21,6,4,0,4,0.0,3.469446951953614e-17,0.0,0.12000000000000001,1.3877787807814457e-17,6.938893903907228e-18,0.22,7.385146638526766,7.851146638526767,0.4660000000000011,8.99494457244873,-0.0851089751453534,90,2.0,round_robin,chesca_planner_tool
chesca_round_robin_commitment_full_mesh,645,22,6,0,0,0,0.0,0.0,0.0,0.0,1.3877787807814457e-17,6.938893903907228e-18,0.18000000000000002,6.9432094413020415,6.9432094413020415,0.0,8.99494457244873,-0.30697549431919346,90,3.0,round_robin,chesca_planner_tool
chesca_round_robin_commitment_full_mesh,646,23,6,6,6,0,0.24000000000000002,0.0,0.24000000000000002,0.0,0.24000000000000002,0.040000000000000015,0.20333333333333334,7.827442590533932,6.951442590533931,-0.8760000000000012,8.939204216003418,0.14819400325112697,90,4.0,round_robin,chesca_planner_tool
chesca_round_robin_commitment_full_mesh,647,24,6,0,0,0,0.0,0.0,0.0,0.0,0.24000000000000002,0.040000000000000015,0.20333333333333334,8.507524131783375,8.507524131783375,0.0,8.834918975830078,0.15072158344394102,90,5.0,round_robin,chesca_planner_tool
chesca_round_robin_commitment_full_mesh,648,1,6,0,0,0,0.0,0.0,0.0,0.0,0.24000000000000002,0.040000000000000015,0.20333333333333334,7.478504876866903,7.478504876866903,0.0,8.730283737182617,0.09677766026243419,90,0.0,round_robin,chesca_planner_tool
chesca_round_robin_commitment_full_mesh,649,2,6,0,0,0,0.0,0.0,0.0,0.0,0.24000000000000002,0.040000000000000015,0.20333333333333334,7.908715630072773,7.908715630072772,-8.881784197001252e-16,8.692191123962402,0.20101958981845353,90,1.0,round_robin,chesca_planner_tool
chesca_round_robin_commitment_full_mesh,650,3,6,5,0,5,0.0,0.10000000000000002,0.0,0.10000000000000002,0.14,0.04,0.21666666666666667,5.996865820164038,6.359024545815866,0.3621587256518284,8.674525260925293,0.026906741782497995,90,2.0,round_robin,chesca_planner_tool
chesca_round_robin_commitment_full_mesh,651,4,6,0,0,0,0.0,0.0,0.0,0.0,0.14,0.04,0.21,5.119655230959751,5.119655230959751,0.0,8.653068542480469,0.0794996050133207,90,3.0,round_robin,chesca_planner_tool
chesca_round_robin_commitment_full_mesh,652,5,6,0,0,0,0.0,0.0,0.0,0.0,0.14,0.04,0.19333333333333336,5.207530011751026,5.207530011751026,0.0,8.63971996307373,0.19533219125714618,90,4.0,round_robin,chesca_planner_tool
chesca_round_robin_commitment_full_mesh,653,6,6,0,0,0,0.0,0.0,0.0,0.0,0.14,0.04,0.19000000000000003,5.508267991522864,5.508267991522865,8.881784197001252e-16,8.63971996307373,0.12969699665245135,90,5.0,round_robin,chesca_planner_tool
chesca_round_robin_commitment_full_mesh,654,7,6,0,0,0,0.0,0.0,0.0,0.0,0.14,0.04,0.19000000000000003,4.680370335573938,4.680370335573938,0.0,8.63971996307373,0.05720573725809819,90,0.0,round_robin,chesca_planner_tool
chesca_round_robin_commitment_full_mesh,655,8,6,6,0,6,0.0,0.13999999999999999,0.0,0.14,1.3877787807814457e-17,1.0408340855860843e-17,0.21333333333333335,4.435608137021841,4.722840744836544,0.28723260781470294,8.63971996307373,-0.0886707066953478,90,1.0,round_robin,chesca_planner_tool
chesca_round_robin_commitment_full_mesh,656,9,6,3,2,1,0.04000000000000001,0.0,0.04000000000000001,0.04000000000000001,0.04000000000000002,0.02000000000000001,0.22333333333333336,5.484898436395128,5.352898436395128,-0.13200000000000056,8.63971996307373,0.08255996100792753,90,2.0,round_robin,chesca_planner_tool
chesca_round_robin_commitment_full_mesh,657,10,6,4,0,4,0.0,0.04000000000000001,0.0,0.08000000000000002,1.3877787807814457e-17,6.938893903907228e-18,0.23666666666666666,4.189148927165031,4.427579393820358,0.23843046665532697,8.653068542480469,-0.4466774814004094,90,3.0,round_robin,chesca_planner_tool
chesca_round_robin_commitment_full_mesh,658,11,6,0,0,0,0.0,0.0,0.0,0.0,1.3877787807814457e-17,6.938893903907228e-18,0.23666666666666666,3.9898800920211146,3.989880092021115,4.440892098500626e-16,8.653068542480469,0.1251669852206457,90,4.0,round_robin,chesca_planner_tool
chesca_round_robin_commitment_full_mesh,659,12,6,0,0,0,0.0,0.0,0.0,0.0,1.3877787807814457e-17,6.938893903907228e-18,0.23666666666666666,3.778803266798647,3.7788032667986466,-4.440892098500626e-16,8.653068542480469,0.07946687242463171,90,5.0,round_robin,chesca_planner_tool
chesca_round_robin_commitment_full_mesh,660,13,6,0,0,0,0.0,0.0,0.0,0.0,1.3877787807814457e-17,6.938893903907228e-18,0.23666666666666666,2.468542991540331,2.468542991540331,0.0,8.653068542480469,0.06658787750357278,90,0.0,round_robin,chesca_planner_tool
chesca_round_robin_commitment_full_mesh,661,14,6,0,0,0,0.0,0.0,0.0,0.0,1.3877787807814457e-17,6.938893903907228e-18,0.23666666666666666,2.909885741040278,2.9098857410402785,4.440892098500626e-16,8.653068542480469,0.10443119979794838,90,1.0,round_robin,chesca_planner_tool
chesca_round_robin_commitment_full_mesh,662,15,6,0,0,0,0.0,0.0,0.0,0.0,1.3877787807814457e-17,6.938893903907228e-18,0.23666666666666666,3.4487508102789217,3.4487508102789217,0.0,8.653068542480469,0.08131336447239632,90,2.0,round_robin,chesca_planner_tool
chesca_round_robin_commitment_full_mesh,663,16,6,2,2,0,0.04,0.0,0.04,0.0,0.040000000000000015,0.02,0.21333333333333335,3.74203560402483,3.5960356040248302,-0.1459999999999999,8.653068542480469,0.44110374065434554,90,3.0,round_robin,chesca_planner_tool
chesca_round_robin_commitment_full_mesh,664,17,6,3,3,0,0.06000000000000001,0.0,0.06000000000000001,0.0,0.10000000000000002,0.02000000000000001,0.2233333333333333,6.234700254188255,6.022700254188256,-0.21199999999999886,8.653068542480469,0.3356875365289266,90,4.0,round_robin,chesca_planner_tool
chesca_round_robin_commitment_full_mesh,665,18,6,0,0,0,0.0,0.0,0.0,0.0,0.10000000000000002,0.02000000000000001,0.2233333333333333,7.4794776750110135,7.4794776750110135,0.0,8.643599510192871,0.4157543701547088,90,5.0,round_robin,chesca_planner_tool
chesca_round_robin_commitment_full_mesh,666,19,6,0,0,0,0.0,0.0,0.0,0.0,0.10000000000000002,0.02000000000000001,0.18333333333333335,7.284200344979137,7.284200344979137,0.0,8.621657371520996,0.07032941395639186,90,0.0,round_robin,chesca_planner_tool
chesca_round_robin_commitment_full_mesh,667,20,6,0,0,0,0.0,0.0,0.0,0.0,0.10000000000000002,0.02000000000000001,0.14333333333333334,7.769132495401077,7.769132495401077,0.0,8.581049919128418,0.057148770149470125,90,1.0,round_robin,chesca_planner_tool
chesca_round_robin_commitment_full_mesh,668,21,6,0,0,0,0.0,0.0,0.0,0.0,0.10000000000000002,0.02000000000000001,0.12333333333333335,7.957653926027982,7.957653926027982,0.0,8.527021408081055,0.06538595219458143,90,2.0,round_robin,chesca_planner_tool
chesca_round_robin_commitment_full_mesh,669,22,6,6,0,6,0.0,0.10000000000000002,0.0,0.24000000000000002,0.0,0.0,0.16333333333333336,7.49858386760779,8.37458386760779,0.8759999999999994,8.527021408081055,-1.0718651955016203,90,3.0,round_robin,chesca_planner_tool
chesca_round_robin_commitment_full_mesh,670,23,6,0,0,0,0.0,0.0,0.0,0.0,0.0,0.0,0.12333333333333334,7.727095251363295,7.727095251363295,0.0,8.527021408081055,-0.056831020164813575,90,4.0,round_robin,chesca_planner_tool
chesca_round_robin_commitment_full_mesh,671,24,6,0,0,0,0.0,0.0,0.0,0.0,0.0,0.0,0.12333333333333334,7.502456411442509,7.502456411442509,0.0,8.496803283691406,0.04834214333391125,90,5.0,round_robin,chesca_planner_tool
chesca_round_robin_commitment_full_mesh,672,1,6,6,6,0,0.24000000000000005,0.0,0.24000000000000005,0.0,0.24000000000000005,0.04000000000000001,0.16333333333333336,7.678033480759101,6.802033480759101,-0.8760000000000003,8.43513011932373,0.08454537168862403,90,0.0,round_robin,chesca_planner_tool
chesca_round_robin_commitment_full_mesh,673,2,6,0,0,0,0.0,0.0,0.0,0.0,0.24000000000000005,0.04000000000000001,0.16333333333333336,7.21353595176903,7.213535951769029,-8.881784197001252e-16,8.363327026367188,0.15477939379187738,90,1.0,round_robin,chesca_planner_tool
chesca_round_robin_commitment_full_mesh,674,3,6,6,0,6,0.0,0.24000000000000002,0.0,0.24000000000000005,6.938893903907228e-18,6.938893903907228e-18,0.18666666666666665,6.441849910803126,7.317849910803125,0.8759999999999994,8.363327026367188,0.0038301676771688165,90,2.0,round_robin,chesca_planner_tool
chesca_round_robin_commitment_full_mesh,675,4,6,0,0,0,0.0,0.0,0.0,0.0,6.938893903907228e-18,6.938893903907228e-18,0.18666666666666665,5.193842682682289,5.1938426826822885,-8.881784197001252e-16,8.363327026367188,-0.04609065536271459,90,3.0,round_robin,chesca_planner_tool
chesca_round_robin_commitment_full_mesh,676,5,6,6,6,0,0.2,0.0,0.2,0.0,0.2,0.04000000000000001,0.22,4.902925536315773,4.158925536315773,-0.7439999999999998,8.363327026367188,0.09530914546889935,90,4.0,round_robin,chesca_planner_tool
chesca_round_robin_commitment_full_mesh,677,6,6,0,0,0,0.0,0.0,0.0,0.0,0.2,0.04000000000000001,0.22,4.856534713508718,4.856534713508719,8.881784197001252e-16,8.363327026367188,0.23975976238419167,90,5.0,round_robin,chesca_planner_tool
chesca_round_robin_commitment_full_mesh,678,7,6,0,0,0,0.0,0.0,0.0,0.0,0.2,0.04000000000000001,0.22,4.842899244982977,4.842899244982978,8.881784197001252e-16,8.2869873046875,0.15447595610732462,90,0.0,round_robin,chesca_planner_tool
chesca_round_robin_commitment_full_mesh,679,8,6,1,0,1,0.0,0.03999999999999998,0.0,0.03999999999999998,0.16000000000000003,0.04000000000000001,0.20333333333333334,6.602664940825036,6.602664940825036,0.0,8.2869873046875,0.2984805353767205,90,1.0,round_robin,chesca_planner_tool
chesca_round_robin_commitment_full_mesh,680,9,6,0,0,0,0.0,0.0,0.0,0.0,0.16000000000000003,0.04000000000000001,0.18999999999999997,1.326320990296969,1.3263209902969693,2.220446049250313e-16,8.2869873046875,0.1757293689640292,90,2.0,round_robin,chesca_planner_tool
chesca_round_robin_commitment_full_mesh,681,10,6,0,0,0,0.0,0.0,0.0,0.0,0.16000000000000003,0.04000000000000001,0.17666666666666667,2.81429072706901,2.8142907270690105,4.440892098500626e-16,8.2869873046875,0.16321582705398674,90,3.0,round_robin,chesca_planner_tool
chesca_round_robin_commitment_full_mesh,682,11,6,0,0,0,0.0,0.0,0.0,0.0,0.16000000000000003,0.04000000000000001,0.17666666666666667,1.852488569904533,1.8524885699045326,-4.440892098500626e-16,8.2869873046875,0.11680847297020552,90,4.0,round_robin,chesca_planner_tool
chesca_round_robin_commitment_full_mesh,683,12,6,0,0,0,0.0,0.0,0.0,0.0,0.16000000000000003,0.04000000000000001,0.17666666666666667,1.0781131126376184,1.0781131126376184,0.0,8.2869873046875,0.23748166011432664,90,5.0,round_robin,chesca_planner_tool
chesca_round_robin_commitment_full_mesh,684,13,6,0,0,0,0.0,0.0,0.0,0.0,0.16000000000000003,0.04000000000000001,0.17666666666666667,3.551840935011966,3.551840935011965,-8.881784197001252e-16,8.2869873046875,0.32310416178078827,90,0.0,round_robin,chesca_planner_tool
chesca_round_robin_commitment_full_mesh,685,14,6,5,0,5,0.0,0.16,0.0,0.16,3.122502256758253e-17,2.0816681711721685e-17,0.20333333333333334,4.096841300917463,4.451627104300754,0.35478580338329113,8.2869873046875,0.014971677213493316,90,1.0,round_robin,chesca_planner_tool
chesca_round_robin_commitment_full_mesh,686,15,6,0,0,0,0.0,0.0,0.0,0.0,3.122502256758253e-17,2.0816681711721685e-17,0.20333333333333334,6.2838594141102035,6.2838594141102035,0.0,8.2869873046875,0.076810898761482,90,2.0,round_robin,chesca_planner_tool
chesca_round_robin_commitment_full_mesh,687,16,6,5,5,0,0.14,0.0,0.14,0.0,0.14000000000000007,0.04000000000000001,0.22,6.670012080188847,6.166012080188848,-0.5039999999999996,8.2869873046875,0.37448957155785534,90,3.0,round_robin,chesca_planner_tool
chesca_round_robin_commitment_full_mesh,688,17,6,1,1,0,0.020000000000000004,0.0,0.020000000000000004,0.0,0.16000000000000003,0.04000000000000001,0.21333333333333335,7.541397088233298,7.475397088233297,-0.06600000000000072,8.2869873046875,0.5220957537252531,90,4.0,round_robin,chesca_planner_tool
chesca_round_robin_commitment_full_mesh,689,18,6,0,0,0,0.0,0.0,0.0,0.0,0.16000000000000003,0.04000000000000001,0.21333333333333335,7.856778627743428,7.856778627743427,-8.881784197001252e-16,8.2869873046875,0.3641179816030319,90,5.0,round_robin,chesca_planner_tool
chesca_round_robin_commitment_full_mesh,690,19,6,6,0,6,0.0,0.16000000000000003,0.0,0.16000000000000003,3.122502256758253e-17,2.42861286636753e-17,0.24000000000000002,8.77849700857777,9.34849700857777,0.5700000000000003,8.363327026367188,-0.1290829164189859,90,0.0,round_robin,chesca_planner_tool
chesca_round_robin_commitment_full_mesh,691,20,6,0,0,0,0.0,0.0,0.0,0.0,3.122502256758253e-17,2.42861286636753e-17,0.24000000000000002,8.101365351918256,8.101365351918256,0.0,8.363327026367188,0.14645602800371632,90,1.0,round_robin,chesca_planner_tool
chesca_round_robin_commitment_full_mesh,692,21,6,0,0,0,0.0,0.0,0.0,0.0,3.122502256758253e-17,2.42861286636753e-17,0.24000000000000002,8.619846466491829,8.619846466491829,0.0,8.43513011932373,0.09370915812071709,90,2.0,round_robin,chesca_planner_tool
chesca_round_robin_commitment_full_mesh,693,22,6,0,0,0,0.0,0.0,0.0,0.0,3.122502256758253e-17,2.42861286636753e-17,0.19999999999999998,7.605352587528799,7.605352587528799,0.0,8.43513011932373,0.15997587653462972,90,3.0,round_robin,chesca_planner_tool
chesca_round_robin_commitment_full_mesh,694,23,6,6,6,0,0.12000000000000002,0.0,0.12000000000000002,0.0,0.12000000000000005,0.020000000000000028,0.22,7.497479980501161,7.0594799805011625,-0.43799999999999883,8.43513011932373,0.08911701731053655,90,4.0,round_robin,chesca_planner_tool
chesca_round_robin_commitment_full_mesh,695,24,6,0,0,0,0.0,0.0,0.0,0.0,0.12000000000000005,0.020000000000000028,0.22,7.983093236631022,7.983093236631022,0.0,8.43513011932373,0.14489877790087835,90,5.0,round_robin,chesca_planner_tool
chesca_round_robin_commitment_full_mesh,696,1,6,6,0,6,0.0,0.12000000000000002,0.0,0.12000000000000002,3.469446951953614e-17,2.42861286636753e-17,0.19999999999999998,7.6686098339741715,8.07450658243026,0.4058967484560885,8.43513011932373,0.002340849071263404,90,0.0,round_robin,chesca_planner_tool
chesca_round_robin_commitment_full_mesh,697,2,6,5,0,5,0.0,3.122502256758253e-17,0.0,0.10000000000000002,3.469446951953614e-18,3.469446951953614e-18,0.21666666666666667,6.404412940242859,6.762412940242859,0.35799999999999965,8.363327026367188,-0.09661839326538131,90,1.0,round_robin,chesca_planner_tool
chesca_round_robin_commitment_full_mesh,698,3,6,0,0,0,0.0,0.0,0.0,0.0,3.469446951953614e-18,3.469446951953614e-18,0.17666666666666667,5.627838633095404,5.627838633095404,0.0,8.363327026367188,-0.035653727736490344,90,2.0,round_robin,chesca_planner_tool
chesca_round_robin_commitment_full_mesh,699,4,6,0,0,0,0.0,0.0,0.0,0.0,3.469446951953614e-18,3.469446951953614e-18,0.17666666666666667,4.79029728818426,4.79029728818426,0.0,8.363327026367188,-0.031199195006268755,90,3.0,round_robin,chesca_planner_tool
chesca_round_robin_commitment_full_mesh,700,5,6,0,0,0,0.0,0.0,0.0,0.0,3.469446951953614e-18,3.469446951953614e-18,0.14333333333333334,4.87169833350301,4.87169833350301,0.0,8.363327026367188,0.07187863052816097,90,4.0,round_robin,chesca_planner_tool
chesca_round_robin_commitment_full_mesh,701,6,6,6,6,0,0.24000000000000002,0.0,0.24000000000000002,0.0,0.24000000000000005,0.04000000000000001,0.18333333333333332,4.915285920767479,4.03928592076748,-0.8759999999999994,8.363327026367188,0.11237315444011495,90,5.0,round_robin,chesca_planner_tool
chesca_round_robin_commitment_full_mesh,702,7,6,0,0,0,0.0,0.0,0.0,0.0,0.24000000000000005,0.04000000000000001,0.18333333333333332,4.286656039364254,4.286656039364254,0.0,8.363327026367188,0.21552595907562117,90,0.0,round_robin,chesca_planner_tool
chesca_round_robin_commitment_full_mesh,703,8,6,0,0,0,0.0,0.0,0.0,0.0,0.24000000000000005,0.04000000000000001,0.17666666666666667,3.8660763937052356,3.8660763937052356,0.0,8.363327026367188,0.08402499401160825,90,1.0,round_robin,chesca_planner_tool
chesca_round_robin_commitment_full_mesh,704,9,6,6,0,6,0.0,0.2,0.0,0.2,0.04000000000000001,0.02,0.21000000000000005,3.5786959016138664,3.849856367099826,0.2711604654859596,8.363327026367188,0.01947736308884801,90,2.0,round_robin,chesca_planner_tool
chesca_round_robin_commitment_full_mesh,705,10,6,2,0,2,0.0,0.039999999999999994,0.0,0.04,6.938893903907228e-18,6.938893903907228e-18,0.21666666666666667,1.7986221081697449,1.866539173766058,0.06791706559631305,8.2869873046875,-0.06738537251816104,90,3.0,round_robin,chesca_planner_tool
chesca_round_robin_commitment_full_mesh,706,11,6,0,0,0,0.0,0.0,0.0,0.0,6.938893903907228e-18,6.938893903907228e-18,0.21666666666666667,3.320816829299976,3.320816829299976,0.0,8.2869873046875,-0.03515897100272393,90,4.0,round_robin,chesca_planner_tool
chesca_round_robin_commitment_full_mesh,707,12,6,2,2,0,0.06,0.0,0.06,0.0,0.06000000000000001,0.04,0.22666666666666668,3.079692225634102,2.8676922256341024,-0.21199999999999974,8.2869873046875,0.09261901456065189,90,5.0,round_robin,chesca_planner_tool
chesca_round_robin_commitment_full_mesh,708,13,6,0,0,0,0.0,0.0,0.0,0.0,0.06000000000000001,0.04,0.22666666666666668,4.302951849029104,4.302951849029104,0.0,8.2869873046875,0.2134393710562306,90,0.0,round_robin,chesca_planner_tool
chesca_round_robin_commitment_full_mesh,709,14,6,2,0,2,0.0,0.04000000000000001,0.0,0.04000000000000001,0.020000000000000004,0.02,0.20666666666666667,4.630700168356427,4.749408505454452,0.11870833709802575,8.2869873046875,-0.016553902666582652,90,1.0,round_robin,chesca_planner_tool
chesca_round_robin_commitment_full_mesh,710,15,6,3,3,0,0.1,0.0,0.1,0.0,0.12000000000000002,0.04,0.22333333333333336,5.3486986625834785,4.948698662583479,-0.39999999999999947,8.207845687866211,0.0945937487380643,90,2.0,round_robin,chesca_planner_tool
chesca_round_robin_commitment_full_mesh,711,16,6,2,2,0,0.04000000000000001,0.0,0.04000000000000001,0.0,0.16,0.04,0.20666666666666667,7.45987126073199,7.327871260731991,-0.13199999999999967,8.179459571838379,0.3943830318985752,90,3.0,round_robin,chesca_planner_tool
chesca_round_robin_commitment_full_mesh,712,17,6,1,1,0,0.020000000000000004,0.0,0.020000000000000004,0.0,0.18000000000000002,0.04000000000000001,0.20666666666666667,8.35880935550705,8.27880935550705,-0.08000000000000007,8.179459571838379,0.5694192238402375,90,4.0,round_robin,chesca_planner_tool
chesca_round_robin_commitment_full_mesh,713,18,6,3,3,0,0.059999999999999984,0.0,0.059999999999999984,0.0,0.24000000000000005,0.04000000000000001,0.21666666666666667,9.843573333618277,9.645573333618277,-0.1980000000000004,8.068178176879883,0.9892361387437392,90,5.0,round_robin,chesca_planner_tool
chesca_round_robin_commitment_full_mesh,714,19,6,2,2,0,0.04000000000000001,0.0,0.04000000000000001,0.0,0.28,0.060000000000000005,0.19666666666666666,11.078156064081934,10.918156064081936,-0.15999999999999837,8.068178176879883,1.0565549966322774,90,0.0,round_robin,chesca_planner_tool
chesca_round_robin_commitment_full_mesh,715,20,6,0,0,0,0.0,0.0,0.0,0.0,0.28,0.060000000000000005,0.19666666666666666,10.51868171625009,10.51868171625009,0.0,8.068178176879883,0.701953233334065,90,1.0,round_robin,chesca_planner_tool
chesca_round_robin_commitment_full_mesh,716,21,6,0,0,0,0.0,0.0,0.0,0.0,0.28,0.060000000000000005,0.19666666666666666,10.34592988868739,10.34592988868739,0.0,8.068178176879883,0.6088015139218856,90,2.0,round_robin,chesca_planner_tool
chesca_round_robin_commitment_full_mesh,717,22,6,0,0,0,0.0,0.0,0.0,0.0,0.28,0.060000000000000005,0.19666666666666666,9.2352408188006,9.2352408188006,0.0,8.068178176879883,0.2383242388317684,90,3.0,round_robin,chesca_planner_tool
chesca_round_robin_commitment_full_mesh,718,23,6,0,0,0,0.0,0.0,0.0,0.0,0.28,0.060000000000000005,0.17666666666666667,8.20228980508201,8.20228980508201,0.0,7.95273494720459,0.22801193310988183,90,4.0,round_robin,chesca_planner_tool
chesca_round_robin_commitment_full_mesh,719,24,6,0,0,0,0.0,0.0,0.0,0.0,0.28,0.060000000000000005,0.17666666666666667,9.991247806125903,9.991247806125902,-1.7763568394002505e-15,7.906655788421631,0.8042238643925361,90,5.0,round_robin,chesca_planner_tool
chesca_round_robin_commitment_full_mesh,720,1,6,0,0,0,0.0,0.0,0.0,0.0,0.28,0.060000000000000005,0.15666666666666665,8.95092165725066,8.950921657250658,-1.7763568394002505e-15,7.906655788421631,0.21875300289645366,90,0.0,round_robin,chesca_planner_tool
chesca_round_robin_commitment_full_mesh,721,2,6,0,0,0,0.0,0.0,0.0,0.0,0.28,0.060000000000000005,0.14,9.301790462869729,9.301790462869729,0.0,7.906655788421631,0.41825727294790443,90,1.0,round_robin,chesca_planner_tool
chesca_round_robin_commitment_full_mesh,722,3,6,6,0,6,0.0,0.24000000000000005,0.0,0.24000000000000005,0.039999999999999994,0.019999999999999997,0.18000000000000002,7.003787905680309,7.87978790568031,0.8760000000000003,7.906655788421631,-0.15626756025795654,90,2.0,round_robin,chesca_planner_tool
chesca_round_robin_commitment_full_mesh,723,4,6,6,0,6,0.0,0.039999999999999994,0.0,0.20000000000000004,0.0,0.0,0.21333333333333335,6.088041650806274,6.818041650806273,0.7299999999999986,7.906655788421631,-0.0916432368591457,90,3.0,round_robin,chesca_planner_tool
chesca_round_robin_commitment_full_mesh,724,5,6,2,0,2,0.0,0.0,0.0,0.04000000000000001,0.0,0.0,0.22,5.560460417831866,5.692460417831866,0.13199999999999967,7.826182842254639,-0.10192917293245055,90,4.0,round_robin,chesca_planner_tool
chesca_round_robin_commitment_full_mesh,725,6,6,0,0,0,0.0,0.0,0.0,0.0,0.0,0.0,0.18000000000000002,5.379877574732256,5.379877574732255,-8.881784197001252e-16,7.826182842254639,0.0023623349557269566,90,5.0,round_robin,chesca_planner_tool
chesca_round_robin_commitment_full_mesh,726,7,6,0,0,0,0.0,0.0,0.0,0.0,0.0,0.0,0.18000000000000002,5.001956748343819,5.001956748343819,0.0,7.826182842254639,0.07409909847719875,90,0.0,round_robin,chesca_planner_tool
chesca_round_robin_commitment_full_mesh,727,8,6,0,0,0,0.0,0.0,0.0,0.0,0.0,0.0,0.18000000000000002,4.424129985363249,4.424129985363249,0.0,7.826182842254639,0.00698042341022765,90,1.0,round_robin,chesca_planner_tool
chesca_round_robin_commitment_full_mesh,728,9,6,6,0,6,0.0,0.0,0.0,0.14,0.0,0.0,0.17,2.7591928728122186,3.1737731045038675,0.4145802316916489,7.826182842254639,-0.20188049421105114,90,2.0,round_robin,chesca_planner_tool
chesca_round_robin_commitment_full_mesh,729,10,6,6,0,6,0.0,0.0,0.0,0.14,0.0,0.0,0.18666666666666668,1.140595777228615,1.4845341474798082,0.3439383702511931,7.826182842254639,-0.15982385769528396,90,3.0,round_robin,chesca_planner_tool
chesca_round_robin_commitment_full_mesh,730,11,6,0,0,0,0.0,0.0,0.0,0.0,0.0,0.0,0.18666666666666668,2.0590839165430648,2.0590839165430648,0.0,7.826182842254639,0.0712351718076725,90,4.0,round_robin,chesca_planner_tool
chesca_round_robin_commitment_full_mesh,731,12,6,5,5,0,0.2,0.0,0.2,0.0,0.2,0.04,0.21,2.5954529525348358,1.8794529525348356,-0.7160000000000002,7.826182842254639,0.09630944711614749,90,5.0,round_robin,chesca_planner_tool
chesca_round_robin_commitment_full_mesh,732,13,6,1,1,0,0.020000000000000004,0.0,0.020000000000000004,0.0,0.22000000000000003,0.04,0.21333333333333335,4.587614452311993,4.5076144523119925,-0.08000000000000007,7.777957916259766,0.26527780212062146,90,0.0,round_robin,chesca_planner_tool
chesca_round_robin_commitment_full_mesh,733,14,6,0,0,0,0.0,0.0,0.0,0.0,0.22000000000000003,0.04,0.20666666666666667,7.120553631938689,7.120553631938689,0.0,7.777957916259766,0.3302891662302791,90,1.0,round_robin,chesca_planner_tool
chesca_round_robin_commitment_full_mesh,734,15,6,0,0,0,0.0,0.0,0.0,0.0,0.22000000000000003,0.04,0.19000000000000003,7.610557899083304,7.610557899083304,0.0,7.777957916259766,0.10700475148998911,90,2.0,round_robin,chesca_planner_tool
chesca_round_robin_commitment_full_mesh,735,16,6,0,0,0,0.0,0.0,0.0,0.0,0.22000000000000003,0.04,0.18333333333333335,9.319527460361327,9.319527460361327,0.0,7.826182842254639,0.33958600430667085,90,3.0,round_robin,chesca_planner_tool
chesca_round_robin_commitment_full_mesh,736,17,6,6,6,0,0.2,0.0,0.2,0.0,0.42000000000000004,0.08000000000000002,0.21333333333333335,11.654376339814464,10.91037633981446,-0.7440000000000033,7.777957916259766,1.5467231688655034,90,4.0,round_robin,chesca_planner_tool
chesca_round_robin_commitment_full_mesh,737,18,6,1,1,0,0.020000000000000004,0.0,0.020000000000000004,0.0,0.44000000000000006,0.08000000000000002,0.2066666666666667,12.233476847654742,12.153476847654744,-0.0799999999999983,7.777957916259766,1.7754887465563303,90,5.0,round_robin,chesca_planner_tool
chesca_round_robin_commitment_full_mesh,738,19,6,2,2,0,0.039999999999999994,0.0,0.039999999999999994,0.0,0.4800000000000001,0.08000000000000002,0.20666666666666667,13.398257769137325,13.266257769137326,-0.13199999999999967,7.777957916259766,1.7593869684692223,90,0.0,round_robin,chesca_planner_tool
chesca_round_robin_commitment_full_mesh,739,20,6,0,0,0,0.0,0.0,0.0,0.0,0.4800000000000001,0.08000000000000002,0.20666666666666667,13.573364397943063,13.573364397943063,0.0,7.777957916259766,1.6926807324606385,90,1.0,round_robin,chesca_planner_tool
chesca_round_robin_commitment_full_mesh,740,21,6,0,0,0,0.0,0.0,0.0,0.0,0.4800000000000001,0.08000000000000002,0.20666666666666667,12.721148205617443,12.721148205617443,0.0,7.777957916259766,1.5246622912456618,90,2.0,round_robin,chesca_planner_tool
chesca_round_robin_commitment_full_mesh,741,22,6,0,0,0,0.0,0.0,0.0,0.0,0.4800000000000001,0.08000000000000002,0.20666666666666667,10.306704971714803,10.306704971714803,0.0,7.777957916259766,0.3723516668674764,90,3.0,round_robin,chesca_planner_tool
chesca_round_robin_commitment_full_mesh,742,23,6,0,0,0,0.0,0.0,0.0,0.0,0.4800000000000001,0.08000000000000002,0.20666666666666667,11.004754487310569,11.004754487310567,-1.7763568394002505e-15,7.7554121017456055,1.2429458631470374,90,4.0,round_robin,chesca_planner_tool
chesca_round_robin_commitment_full_mesh,743,24,6,0,0,0,0.0,0.0,0.0,0.0,0.4800000000000001,0.08000000000000002,0.20666666666666667,9.861291069167327,9.861291069167327,0.0,7.7554121017456055,0.546525296653775,90,5.0,round_robin,chesca_planner_tool
chesca_round_robin_commitment_full_mesh,744,1,6,0,0,0,0.0,0.0,0.0,0.0,0.4800000000000001,0.08000000000000002,0.20666666666666667,10.090257707958385,10.090257707958385,0.0,7.7554121017456055,0.6918349302070576,90,0.0,round_robin,chesca_planner_tool
chesca_round_robin_commitment_full_mesh,745,2,6,0,0,0,0.0,0.0,0.0,0.0,0.4800000000000001,0.08000000000000002,0.20666666666666667,9.533431860744386,9.533431860744386,0.0,7.7554121017456055,0.4108690805494559,90,1.0,round_robin,chesca_planner_tool
chesca_round_robin_commitment_full_mesh,746,3,6,0,0,0,0.0,0.0,0.0,0.0,0.4800000000000001,0.08000000000000002,0.16666666666666666,8.767308128118199,8.767308128118199,0.0,7.7554121017456055,0.21752255454779085,90,2.0,round_robin,chesca_planner_tool
chesca_round_robin_commitment_full_mesh,747,4,6,6,0,6,0.0,0.24000000000000005,0.0,0.24000000000000005,0.24,0.04000000000000001,0.17333333333333334,8.174781461892332,9.050781461892331,0.8759999999999994,7.777957916259766,-0.014631893199631762,90,3.0,round_robin,chesca_planner_tool
chesca_round_robin_commitment_full_mesh,748,5,6,6,0,6,0.0,0.23999999999999994,0.0,0.24000000000000002,2.0816681711721685e-17,6.938893903907228e-18,0.20666666666666667,6.494455458038915,7.370455458038914,0.8759999999999994,7.826182842254639,-0.2367054602894534,90,4.0,round_robin,chesca_planner_tool
chesca_round_robin_commitment_full_mesh,749,6,6,5,0,5,0.0,1.3877787807814457e-17,0.0,0.10000000000000002,6.938893903907228e-18,6.938893903907228e-18,0.22333333333333336,5.2997398362726305,5.630651697865705,0.3309118615930746,7.826182842254639,-0.10666271724680618,90,5.0,round_robin,chesca_planner_tool
chesca_round_robin_commitment_full_mesh,750,7,6,0,0,0,0.0,0.0,0.0,0.0,6.938893903907228e-18,6.938893903907228e-18,0.22333333333333336,5.299782454153759,5.299782454153758,-8.881784197001252e-16,7.826182842254639,-0.13216937851727673,90,0.0,round_robin,chesca_planner_tool
chesca_round_robin_commitment_full_mesh,751,8,6,0,0,0,0.0,0.0,0.0,0.0,6.938893903907228e-18,6.938893903907228e-18,0.22333333333333336,4.550982423304456,4.550982423304456,0.0,7.826182842254639,0.0027724088224631988,90,1.0,round_robin,chesca_planner_tool
chesca_round_robin_commitment_full_mesh,752,9,6,0,0,0,0.0,0.0,0.0,0.0,6.938893903907228e-18,6.938893903907228e-18,0.19999999999999998,3.657416648175322,3.657416648175322,0.0,7.826182842254639,-0.02077287559589367,90,2.0,round_robin,chesca_planner_tool
chesca_round_robin_commitment_full_mesh,753,10,6,0,0,0,0.0,0.0,0.0,0.0,6.938893903907228e-18,6.938893903907228e-18,0.17666666666666667,3.2053002577718734,3.2053002577718734,0.0,7.826182842254639,-0.012728486762165678,90,3.0,round_robin,chesca_planner_tool
chesca_round_robin_commitment_full_mesh,754,11,6,0,0,0,0.0,0.0,0.0,0.0,6.938893903907228e-18,6.938893903907228e-18,0.17666666666666667,2.496520652850858,2.496520652850858,0.0,7.826182842254639,0.029212355560098206,90,4.0,round_robin,chesca_planner_tool
chesca_round_robin_commitment_full_mesh,755,12,6,6,6,0,0.24000000000000005,0.0,0.24000000000000005,0.0,0.24000000000000005,0.040000000000000015,0.18333333333333335,4.0906287825193,3.2146287825193,-0.8759999999999999,7.826182842254639,0.198728849615488,90,5.0,round_robin,chesca_planner_tool
chesca_round_robin_commitment_full_mesh,756,13,6,0,0,0,0.0,0.0,0.0,0.0,0.24000000000000005,0.040000000000000015,0.18000000000000002,5.063169023723525,5.063169023723525,0.0,7.826182842254639,0.32724274387064656,90,0.0,round_robin,chesca_planner_tool
chesca_round_robin_commitment_full_mesh,757,14,6,0,0,0,0.0,0.0,0.0,0.0,0.24000000000000005,0.040000000000000015,0.18000000000000002,6.567950984110923,6.567950984110922,-8.881784197001252e-16,7.826182842254639,0.11628551932564231,90,1.0,round_robin,chesca_planner_tool
chesca_round_robin_commitment_full_mesh,758,15,6,0,0,0,0.0,0.0,0.0,0.0,0.24000000000000005,0.040000000000000015,0.18000000000000002,7.149005548247788,7.149005548247788,0.0,7.826182842254639,0.08509563071018808,90,2.0,round_robin,chesca_planner_tool
chesca_round_robin_commitment_full_mesh,759,16,6,0,0,0,0.0,0.0,0.0,0.0,0.24000000000000005,0.040000000000000015,0.18000000000000002,9.426253557843989,9.426253557843987,-1.7763568394002505e-15,7.826182842254639,0.930273681835137,90,3.0,round_robin,chesca_planner_tool
chesca_round_robin_commitment_full_mesh,760,17,6,6,5,1,0.20000000000000004,0.03999999999999998,0.20000000000000004,0.03999999999999998,0.4000000000000001,0.08000000000000002,0.18666666666666668,13.246277171130496,12.529505853648502,-0.7167713174819941,7.826182842254639,1.9137039242869,90,4.0,round_robin,chesca_planner_tool
chesca_round_robin_commitment_full_mesh,761,18,6,1,1,0,0.04000000000000001,0.0,0.04000000000000001,0.0,0.4400000000000001,0.08000000000000002,0.19000000000000003,10.05122377904662,9.919223779046622,-0.1319999999999979,7.826182842254639,0.39793549987931387,90,5.0,round_robin,chesca_planner_tool
chesca_round_robin_commitment_full_mesh,762,19,6,0,0,0,0.0,0.0,0.0,0.0,0.4400000000000001,0.08000000000000002,0.18333333333333335,13.3591116352415,13.3591116352415,0.0,7.826182842254639,1.3853392653412187,90,0.0,round_robin,chesca_planner_tool
chesca_round_robin_commitment_full_mesh,763,20,6,0,0,0,0.0,0.0,0.0,0.0,0.4400000000000001,0.08000000000000002,0.18333333333333335,11.324580087661744,11.324580087661742,-1.7763568394002505e-15,7.826182842254639,0.8457788845564018,90,1.0,round_robin,chesca_planner_tool
chesca_round_robin_commitment_full_mesh,764,21,6,0,0,0,0.0,0.0,0.0,0.0,0.4400000000000001,0.08000000000000002,0.18333333333333335,12.065028449735793,12.065028449735793,0.0,7.826182842254639,1.1544836426191227,90,2.0,round_robin,chesca_planner_tool
chesca_round_robin_commitment_full_mesh,765,22,6,0,0,0,0.0,0.0,0.0,0.0,0.4400000000000001,0.08000000000000002,0.18333333333333335,10.661873501416766,10.661873501416766,0.0,7.826182842254639,0.6866161853528284,90,3.0,round_robin,chesca_planner_tool
chesca_round_robin_commitment_full_mesh,766,23,6,0,0,0,0.0,0.0,0.0,0.0,0.4400000000000001,0.08000000000000002,0.18333333333333335,9.531344093112208,9.531344093112208,0.0,7.826182842254639,0.5517326919692892,90,4.0,round_robin,chesca_planner_tool
chesca_round_robin_commitment_full_mesh,767,24,6,0,0,0,0.0,0.0,0.0,0.0,0.4400000000000001,0.08000000000000002,0.18333333333333335,10.894633657115174,10.894633657115172,-1.7763568394002505e-15,7.826182842254639,1.0063946832622384,90,5.0,round_robin,chesca_planner_tool
chesca_round_robin_commitment_full_mesh,768,1,6,0,0,0,0.0,0.0,0.0,0.0,0.4400000000000001,0.08000000000000002,0.18333333333333335,10.306719377909955,10.306719377909955,0.0,7.826182842254639,0.6425502049870457,90,0.0,round_robin,chesca_planner_tool
chesca_round_robin_commitment_full_mesh,769,2,6,0,0,0,0.0,0.0,0.0,0.0,0.4400000000000001,0.08000000000000002,0.18333333333333335,9.249790903215668,9.249790903215668,0.0,7.826182842254639,0.3159927306868032,90,1.0,round_robin,chesca_planner_tool
chesca_round_robin_commitment_full_mesh,770,3,6,0,0,0,0.0,0.0,0.0,0.0,0.4400000000000001,0.08000000000000002,0.18333333333333335,9.368265189300121,9.368265189300121,0.0,7.826182842254639,0.39166522118811653,90,2.0,round_robin,chesca_planner_tool
chesca_round_robin_commitment_full_mesh,771,4,6,6,0,6,0.0,0.24000000000000005,0.0,0.24000000000000005,0.20000000000000007,0.04000000000000001,0.18333333333333335,7.767555669018925,8.643555669018927,0.8760000000000012,7.826182842254639,-0.14272082369551709,90,3.0,round_robin,chesca_planner_tool
chesca_round_robin_commitment_full_mesh,772,5,6,5,0,5,0.0,0.20000000000000004,0.0,0.20000000000000004,3.469446951953614e-17,2.0816681711721685e-17,0.17666666666666672,6.325302900367533,7.069302900367533,0.7439999999999998,7.906655788421631,-0.0772761316371215,90,4.0,round_robin,chesca_planner_tool
chesca_round_robin_commitment_full_mesh,773,6,6,0,0,0,0.0,0.0,0.0,0.0,3.469446951953614e-17,2.0816681711721685e-17,0.16000000000000003,6.05613780110058,6.05613780110058,0.0,7.906655788421631,-0.024515895708161622,90,5.0,round_robin,chesca_planner_tool
chesca_round_robin_commitment_full_mesh,774,7,6,6,6,0,0.24000000000000002,0.0,0.24000000000000002,0.0,0.24000000000000005,0.04000000000000002,0.19999999999999998,5.63838564625866,4.762385646258659,-0.8760000000000012,7.906655788421631,0.09046140723171897,90,0.0,round_robin,chesca_planner_tool
chesca_round_robin_commitment_full_mesh,775,8,6,0,0,0,0.0,0.0,0.0,0.0,0.24000000000000005,0.04000000000000002,0.19999999999999998,6.19860999384085,6.19860999384085,0.0,7.906655788421631,0.17560875508559148,90,1.0,round_robin,chesca_planner_tool
chesca_round_robin_commitment_full_mesh,776,9,6,6,0,6,0.0,0.24000000000000005,0.0,0.24000000000000005,1.3877787807814457e-17,1.3877787807814457e-17,0.24000000000000002,3.4312590100528633,4.065514388858809,0.6342553788059453,7.826182842254639,-0.04254633750548552,90,2.0,round_robin,chesca_planner_tool
chesca_round_robin_commitment_full_mesh,777,10,6,0,0,0,0.0,0.0,0.0,0.0,1.3877787807814457e-17,1.3877787807814457e-17,0.24000000000000002,3.6789328065560007,3.6789328065560007,0.0,7.826182842254639,0.011471785231372031,90,3.0,round_robin,chesca_planner_tool
chesca_round_robin_commitment_full_mesh,778,11,6,0,0,0,0.0,0.0,0.0,0.0,1.3877787807814457e-17,1.3877787807814457e-17,0.24000000000000002,3.7181338795753938,3.7181338795753938,0.0,7.826182842254639,0.0455896620774502,90,4.0,round_robin,chesca_planner_tool
chesca_round_robin_commitment_full_mesh,779,12,6,0,0,0,0.0,0.0,0.0,0.0,1.3877787807814457e-17,1.3877787807814457e-17,0.19999999999999998,4.193113464194941,4.193113464194941,0.0,7.826182842254639,0.029634346658371877,90,5.0,round_robin,chesca_planner_tool
chesca_round_robin_commitment_full_mesh,780,13,6,6,6,0,0.12000000000000002,0.0,0.12000000000000002,0.0,0.12000000000000004,0.020000000000000018,0.22,6.519920942749632,6.0819209427496315,-0.4380000000000006,7.777957916259766,0.09281540554757488,90,0.0,round_robin,chesca_planner_tool
chesca_round_robin_commitment_full_mesh,781,14,6,6,0,6,0.0,0.12000000000000001,0.0,0.12000000000000001,2.0816681711721685e-17,1.734723475976807e-17,0.24000000000000002,6.278909292275566,6.694043080904578,0.41513378862901185,7.826182842254639,-0.12581186523789367,90,1.0,round_robin,chesca_planner_tool
chesca_round_robin_commitment_full_mesh,782,15,6,0,0,0,0.0,0.0,0.0,0.0,2.0816681711721685e-17,1.734723475976807e-17,0.24000000000000002,6.311312469867964,6.311312469867964,0.0,7.826182842254639,-0.013060043568703456,90,2.0,round_robin,chesca_planner_tool
chesca_round_robin_commitment_full_mesh,783,16,6,0,0,0,0.0,0.0,0.0,0.0,2.0816681711721685e-17,1.734723475976807e-17,0.24000000000000002,6.773899395094189,6.773899395094189,0.0,7.826182842254639,0.18895268225547002,90,3.0,round_robin,chesca_planner_tool
chesca_round_robin_commitment_full_mesh,784,17,6,1,0,1,0.0,1.734723475976807e-17,0.0,0.020000000000000018,3.469446951953614e-18,3.469446951953614e-18,0.20333333333333334,8.32336733845923,8.323367338459231,1.7763568394002505e-15,7.826182842254639,0.27769108242932616,90,4.0,round_robin,chesca_planner_tool
chesca_round_robin_commitment_full_mesh,785,18,6,0,0,0,0.0,0.0,0.0,0.0,3.469446951953614e-18,3.469446951953614e-18,0.19666666666666668,7.371888593220273,7.371888593220273,0.0,7.777957916259766,0.02167056761299927,90,5.0,round_robin,chesca_planner_tool
chesca_round_robin_commitment_full_mesh,786,19,6,6,6,0,0.14000000000000004,0.0,0.14000000000000004,0.0,0.14000000000000004,0.04000000000000001,0.22,8.855364223344417,8.351364223344415,-0.5040000000000013,7.7554121017456055,0.2357111706040481,90,0.0,round_robin,chesca_planner_tool
chesca_round_robin_commitment_full_mesh,787,20,6,0,0,0,0.0,0.0,0.0,0.0,0.14000000000000004,0.04000000000000001,0.22,9.125184689935772,9.125184689935772,0.0,7.732053279876709,0.5200405458812154,90,1.0,round_robin,chesca_planner_tool
chesca_round_robin_commitment_full_mesh,788,21,6,0,0,0,0.0,0.0,0.0,0.0,0.14000000000000004,0.04000000000000001,0.22,8.10519140518612,8.10519140518612,0.0,7.732053279876709,0.09748921781132416,90,2.0,round_robin,chesca_planner_tool
chesca_round_robin_commitment_full_mesh,789,22,6,0,0,0,0.0,0.0,0.0,0.0,0.14000000000000004,0.04000000000000001,0.22,8.089571535279624,8.089571535279623,-1.7763568394002505e-15,7.703986644744873,0.15551764569602455,90,3.0,round_robin,chesca_planner_tool
chesca_round_robin_commitment_full_mesh,790,23,6,6,0,6,0.0,0.14,0.0,0.14,1.734723475976807e-17,1.3877787807814457e-17,0.24333333333333337,6.888103365316137,7.359261807293203,0.4711584419770656,7.703986644744873,-0.701564383200267,90,4.0,round_robin,chesca_planner_tool
chesca_round_robin_commitment_full_mesh,791,24,6,0,0,0,0.0,0.0,0.0,0.0,1.734723475976807e-17,1.3877787807814457e-17,0.24333333333333337,7.853617272751998,7.853617272751998,0.0,7.680567741394043,0.12847970956010413,90,5.0,round_robin,chesca_planner_tool
chesca_round_robin_commitment_full_mesh,792,1,6,0,0,0,0.0,0.0,0.0,0.0,1.734723475976807e-17,1.3877787807814457e-17,0.24333333333333337,9.120207891165641,9.120207891165641,0.0,7.680567741394043,0.2687209288474301,90,0.0,round_robin,chesca_planner_tool
chesca_round_robin_commitment_full_mesh,793,2,6,0,0,0,0.0,0.0,0.0,0.0,1.734723475976807e-17,1.3877787807814457e-17,0.24333333333333337,9.310803544419478,9.310803544419478,0.0,7.680567741394043,0.4479722039056374,90,1.0,round_robin,chesca_planner_tool
chesca_round_robin_commitment_full_mesh,794,3,6,0,0,0,0.0,0.0,0.0,0.0,1.734723475976807e-17,1.3877787807814457e-17,0.24333333333333337,5.434532123088837,5.434532123088838,8.881784197001252e-16,7.680567741394043,-0.5106037646891043,90,2.0,round_robin,chesca_planner_tool
chesca_round_robin_commitment_full_mesh,795,4,6,0,0,0,0.0,0.0,0.0,0.0,1.734723475976807e-17,1.3877787807814457e-17,0.20333333333333334,6.485765567659807,6.485765567659806,-8.881784197001252e-16,7.680567741394043,0.15614633651043314,90,3.0,round_robin,chesca_planner_tool
chesca_round_robin_commitment_full_mesh,796,5,6,0,0,0,0.0,0.0,0.0,0.0,1.734723475976807e-17,1.3877787807814457e-17,0.17000000000000004,6.135024125385733,6.135024125385733,0.0,7.680567741394043,0.04072200787763785,90,4.0,round_robin,chesca_planner_tool
chesca_round_robin_commitment_full_mesh,797,6,6,5,5,0,0.20000000000000004,0.0,0.20000000000000004,0.0,0.20000000000000004,0.040000000000000015,0.20333333333333334,6.853471129936382,6.109471129936382,-0.7440000000000007,7.680567741394043,0.1227904114862898,90,5.0,round_robin,chesca_planner_tool
chesca_round_robin_commitment_full_mesh,798,7,6,5,0,5,0.0,0.20000000000000004,0.0,0.20000000000000004,6.938893903907228e-18,6.938893903907228e-18,0.19666666666666668,5.731166361076158,6.31777280673545,0.5866064456592914,7.680567741394043,-0.036747993967861325,90,0.0,round_robin,chesca_planner_tool
chesca_round_robin_commitment_full_mesh,799,8,6,6,0,6,0.0,6.938893903907228e-18,0.0,0.14,0.0,0.0,0.22,5.074451066884754,5.4807164150335375,0.4062653481487839,7.680567741394043,-0.10790279016050514,90,1.0,round_robin,chesca_planner_tool
chesca_round_robin_commitment_full_mesh,800,9,6,0,0,0,0.0,0.0,0.0,0.0,0.0,0.0,0.18000000000000002,5.218972593265859,5.218972593265859,0.0,7.680567741394043,-0.009712594830176592,90,2.0,round_robin,chesca_planner_tool
chesca_round_robin_commitment_full_mesh,801,10,6,0,0,0,0.0,0.0,0.0,0.0,0.0,0.0,0.18000000000000002,6.209043141135406,6.209043141135407,8.881784197001252e-16,7.680567741394043,-0.02460141891555511,90,3.0,round_robin,chesca_planner_tool
chesca_round_robin_commitment_full_mesh,802,11,6,0,0,0,0.0,0.0,0.0,0.0,0.0,0.0,0.18000000000000002,4.855677578651396,4.855677578651396,0.0,7.680567741394043,0.0338825186916521,90,4.0,round_robin,chesca_planner_tool
chesca_round_robin_commitment_full_mesh,803,12,6,6,0,6,0.0,0.0,0.0,0.22,0.0,0.0,0.21666666666666667,4.885125925184514,5.646639311477406,0.7615133862928918,7.680567741394043,-0.20328150178374688,90,5.0,round_robin,chesca_planner_tool
chesca_round_robin_commitment_full_mesh,804,13,6,1,1,0,0.02,0.0,0.02,0.0,0.02,0.02,0.20000000000000004,5.809172904508184,5.729172904508184,-0.08000000000000007,7.680567741394043,0.0950827023245199,90,0.0,round_robin,chesca_planner_tool
chesca_round_robin_commitment_full_mesh,805,14,6,1,0,1,0.0,0.02,0.0,0.020000000000000004,0.0,0.0,0.18333333333333335,6.095574150763808,6.153044012054479,0.057469861290671,7.680567741394043,-0.0012588880122744416,90,1.0,round_robin,chesca_planner_tool
chesca_round_robin_commitment_full_mesh,806,15,6,0,0,0,0.0,0.0,0.0,0.0,0.0,0.0,0.18333333333333335,5.464776539651439,5.464776539651439,0.0,7.680567741394043,-0.03166157966674343,90,2.0,round_robin,chesca_planner_tool
chesca_round_robin_commitment_full_mesh,807,16,6,0,0,0,0.0,0.0,0.0,0.0,0.0,0.0,0.18333333333333335,5.960544954763517,5.960544954763517,0.0,7.670476913452148,0.04475063083238426,90,3.0,round_robin,chesca_planner_tool
chesca_round_robin_commitment_full_mesh,808,17,6,0,0,0,0.0,0.0,0.0,0.0,0.0,0.0,0.18000000000000002,7.193324248880238,7.193324248880238,0.0,7.653241157531738,0.029842105921322873,90,4.0,round_robin,chesca_planner_tool
chesca_round_robin_commitment_full_mesh,809,18,6,0,0,0,0.0,0.0,0.0,0.0,0.0,0.0,0.18000000000000002,7.9224771924697155,7.9224771924697155,0.0,7.653241157531738,0.033175882871914975,90,5.0,round_robin,chesca_planner_tool
chesca_round_robin_commitment_full_mesh,810,19,6,6,6,0,0.22000000000000003,0.0,0.22000000000000003,0.0,0.22000000000000003,0.04000000000000001,0.19333333333333336,8.695835162780003,7.899835162780003,-0.7960000000000003,7.670476913452148,0.4878368063838871,90,0.0,round_robin,chesca_planner_tool
chesca_round_robin_commitment_full_mesh,811,20,6,1,1,0,0.02,0.0,0.02,0.0,0.24000000000000002,0.04000000000000001,0.19666666666666668,9.963912826155603,9.883912826155603,-0.08000000000000007,7.670476913452148,0.6283301092071802,90,1.0,round_robin,chesca_planner_tool
chesca_round_robin_commitment_full_mesh,812,21,6,2,2,0,0.04,0.0,0.04,0.0,0.28,0.06000000000000001,0.20333333333333337,10.907011795559601,10.747011795559601,-0.16000000000000014,7.670476913452148,0.9235969245919611,90,2.0,round_robin,chesca_planner_tool
chesca_round_robin_commitment_full_mesh,813,22,6,0,0,0,0.0,0.0,0.0,0.0,0.28,0.06000000000000001,0.20333333333333337,9.990333048458986,9.990333048458986,0.0,7.670476913452148,0.6079700879496386,90,3.0,round_robin,chesca_planner_tool
chesca_round_robin_commitment_full_mesh,814,23,6,6,0,6,0.0,0.20000000000000004,0.0,0.20000000000000004,0.07999999999999999,0.04000000000000001,0.21333333333333337,7.932911368742549,8.561795186241884,0.628883817499335,7.670476913452148,-0.031037654824224936,90,4.0,round_robin,chesca_planner_tool
chesca_round_robin_commitment_full_mesh,815,24,6,4,0,4,0.0,0.07999999999999999,0.0,0.12000000000000001,6.938893903907228e-18,6.938893903907228e-18,0.23333333333333336,7.143038541363543,7.557151211741795,0.41411267037825183,7.670476913452148,-0.2537916054572481,90,5.0,round_robin,chesca_planner_tool
chesca_round_robin_commitment_full_mesh,816,1,6,1,1,0,0.02,0.0,0.02,0.0,0.020000000000000007,0.02,0.23666666666666666,8.754652302732723,8.688652302732724,-0.06599999999999895,7.653241157531738,0.31418187227101646,90,0.0,round_robin,chesca_planner_tool
chesca_round_robin_commitment_full_mesh,817,2,6,1,0,1,0.0,0.02,0.0,0.020000000000000004,6.938893903907228e-18,6.938893903907228e-18,0.24,7.60952594540999,7.67552594540999,0.06599999999999984,7.670476913452148,-0.2319711431392652,90,1.0,round_robin,chesca_planner_tool
chesca_round_robin_commitment_full_mesh,818,3,6,0,0,0,0.0,0.0,0.0,0.0,6.938893903907228e-18,6.938893903907228e-18,0.24,5.971902381856003,5.971902381856003,0.0,7.670476913452148,-0.32222555510995277,90,2.0,round_robin,chesca_planner_tool
chesca_round_robin_commitment_full_mesh,819,4,6,0,0,0,0.0,0.0,0.0,0.0,6.938893903907228e-18,6.938893903907228e-18,0.24,6.294402837670204,6.294402837670205,8.881784197001252e-16,7.670476913452148,-0.029210019405433905,90,3.0,round_robin,chesca_planner_tool
chesca_round_robin_commitment_full_mesh,820,5,6,0,0,0,0.0,0.0,0.0,0.0,6.938893903907228e-18,6.938893903907228e-18,0.24,5.790698100663763,5.790698100663763,0.0,7.670476913452148,-0.05137029234538529,90,4.0,round_robin,chesca_planner_tool
chesca_round_robin_commitment_full_mesh,821,6,6,0,0,0,0.0,0.0,0.0,0.0,6.938893903907228e-18,6.938893903907228e-18,0.20666666666666667,6.518329230265529,6.518329230265529,0.0,7.670476913452148,0.09063394444968108,90,5.0,round_robin,chesca_planner_tool
chesca_round_robin_commitment_full_mesh,822,7,6,3,0,3,0.0,6.938893903907228e-18,0.0,0.08000000000000002,0.0,0.0,0.18666666666666668,5.586126341259031,5.849919988945265,0.26379364768623415,7.670476913452148,-0.12349707729564477,90,0.0,round_robin,chesca_planner_tool
chesca_round_robin_commitment_full_mesh,823,8,6,0,0,0,0.0,0.0,0.0,0.0,0.0,0.0,0.16333333333333336,4.23944875993274,4.23944875993274,0.0,7.670476913452148,-0.05668078762637579,90,1.0,round_robin,chesca_planner_tool
chesca_round_robin_commitment_full_mesh,824,9,6,0,0,0,0.0,0.0,0.0,0.0,0.0,0.0,0.16333333333333336,3.9824479487199835,3.982447948719983,-4.440892098500626e-16,7.670476913452148,0.041072194753822344,90,2.0,round_robin,chesca_planner_tool
chesca_round_robin_commitment_full_mesh,825,10,6,6,0,6,0.0,0.0,0.0,0.14,0.0,0.0,0.18666666666666668,1.3936183347621172,1.7406674487546465,0.34704911399252936,7.653241157531738,-0.12382362721703169,90,3.0,round_robin,chesca_planner_tool
chesca_round_robin_commitment_full_mesh,826,11,6,0,0,0,0.0,0.0,0.0,0.0,0.0,0.0,0.18666666666666668,1.0006120213490841,1.0006120213490841,0.0,7.653241157531738,-0.060965459733916386,90,4.0,round_robin,chesca_planner_tool
chesca_round_robin_commitment_full_mesh,827,12,6,5,5,0,0.2,0.0,0.2,0.0,0.2,0.04,0.18333333333333335,2.1589217901385416,1.414921790138542,-0.7439999999999996,7.653241157531738,0.10271946352884913,90,5.0,round_robin,chesca_planner_tool
chesca_round_robin_commitment_full_mesh,828,13,6,1,1,0,0.04,0.0,0.04,0.0,0.24000000000000002,0.04,0.18666666666666665,4.120682747639714,3.988682747639714,-0.13200000000000012,7.653241157531738,0.16027599515132482,90,0.0,round_robin,chesca_planner_tool
chesca_round_robin_commitment_full_mesh,829,14,6,5,0,5,0.0,0.2,0.0,0.2,0.04,0.04,0.21666666666666667,4.187366975593169,4.5186416251691455,0.33127464957597663,7.653241157531738,0.020645506046001218,90,1.0,round_robin,chesca_planner_tool
chesca_round_robin_commitment_full_mesh,830,15,6,1,0,1,0.0,0.02,0.0,0.02,0.02,0.02,0.22,6.047400892892165,6.113400892892165,0.06599999999999984,7.653241157531738,-0.009179871599646866,90,2.0,round_robin,chesca_planner_tool
chesca_round_robin_commitment_full_mesh,831,16,6,1,1,0,0.02,0.0,0.02,0.0,0.04,0.02,0.22333333333333336,6.003454291055258,5.923454291055258,-0.08000000000000007,7.653241157531738,0.1209822469273597,90,3.0,round_robin,chesca_planner_tool
chesca_round_robin_commitment_full_mesh,832,17,6,3,0,3,0.0,0.04,0.0,0.060000000000000005,0.0,0.0,0.23333333333333336,6.317662614820785,6.5207751733590475,0.2031125585382627,7.670476913452148,-0.30879856272800016,90,4.0,round_robin,chesca_planner_tool
chesca_round_robin_commitment_full_mesh,833,18,6,1,0,1,0.0,0.0,0.0,0.04000000000000001,0.0,0.0,0.24000000000000002,7.730290253435356,7.730290253435356,0.0,7.670476913452148,0.2721193299184476,90,5.0,round_robin,chesca_planner_tool
chesca_round_robin_commitment_full_mesh,834,19,6,3,0,3,0.0,0.0,0.0,0.06,0.0,0.0,0.21333333333333335,8.26713971778277,8.47913971778277,0.21199999999999974,7.680567741394043,-0.4109638367270475,90,0.0,round_robin,chesca_planner_tool
chesca_round_robin_commitment_full_mesh,835,20,6,4,0,4,0.0,0.0,0.0,0.08000000000000002,0.0,0.0,0.22333333333333336,8.339200007677078,8.631200007677077,0.29199999999999804,7.6872076988220215,-0.09274788758396948,90,1.0,round_robin,chesca_planner_tool
chesca_round_robin_commitment_full_mesh,836,21,6,4,0,4,0.0,0.0,0.0,0.08000000000000002,0.0,0.0,0.23,8.370790847855849,8.662790847855847,0.29199999999999804,7.704339504241943,-0.421624876501038,90,2.0,round_robin,chesca_planner_tool
chesca_round_robin_commitment_full_mesh,837,22,6,3,2,1,0.04000000000000001,0.0,0.04000000000000001,0.04000000000000001,0.04000000000000001,0.020000000000000004,0.24333333333333337,9.215694149319614,9.055694149319613,-0.16000000000000014,7.704339504241943,0.4904832695728635,90,3.0,round_robin,chesca_planner_tool
chesca_round_robin_commitment_full_mesh,838,23,6,2,0,2,0.0,0.04,0.0,0.04000000000000001,3.469446951953614e-18,3.469446951953614e-18,0.21666666666666667,7.661310525445199,7.821310525445199,0.16000000000000014,7.704339504241943,-0.30956508111276476,90,4.0,round_robin,chesca_planner_tool
chesca_round_robin_commitment_full_mesh,839,24,6,2,2,0,0.04000000000000001,0.0,0.04000000000000001,0.0,0.04000000000000001,0.020000000000000004,0.20333333333333334,7.863150202577051,7.731150202577051,-0.13200000000000056,7.6872076988220215,0.09026120953022418,90,5.0,round_robin,chesca_planner_tool
chesca_round_robin_commitment_full_mesh,840,1,6,2,0,2,0.0,0.04000000000000001,0.0,0.04000000000000001,6.938893903907228e-18,3.469446951953614e-18,0.20666666666666667,7.371576098648813,7.503576098648813,0.13200000000000056,7.6872076988220215,0.013804377968912838,90,0.0,round_robin,chesca_planner_tool
chesca_round_robin_commitment_full_mesh,841,2,6,0,0,0,0.0,0.0,0.0,0.0,6.938893903907228e-18,3.469446951953614e-18,0.20333333333333334,6.6199797617993825,6.6199797617993825,0.0,7.6872076988220215,-0.07444484038387404,90,1.0,round_robin,chesca_planner_tool
chesca_round_robin_commitment_full_mesh,842,3,6,0,0,0,0.0,0.0,0.0,0.0,6.938893903907228e-18,3.469446951953614e-18,0.20333333333333334,6.189712748181309,6.189712748181309,0.0,7.680567741394043,-0.004081554029484152,90,2.0,round_robin,chesca_planner_tool
chesca_round_robin_commitment_full_mesh,843,4,6,0,0,0,0.0,0.0,0.0,0.0,6.938893903907228e-18,3.469446951953614e-18,0.20333333333333334,5.781109823240712,5.781109823240712,0.0,7.680567741394043,0.025419246880828597,90,3.0,round_robin,chesca_planner_tool
chesca_round_robin_commitment_full_mesh,844,5,6,0,0,0,0.0,0.0,0.0,0.0,6.938893903907228e-18,3.469446951953614e-18,0.20333333333333334,5.110852633851117,5.110852633851117,0.0,7.680567741394043,0.008370683153905795,90,4.0,round_robin,chesca_planner_tool
chesca_round_robin_commitment_full_mesh,845,6,6,4,4,0,0.10000000000000002,0.0,0.10000000000000002,0.0,0.10000000000000002,0.04,0.22,6.126538381044805,5.754538381044805,-0.3719999999999999,7.680567741394043,0.1895124194074415,90,5.0,round_robin,chesca_planner_tool
chesca_round_robin_commitment_full_mesh,846,7,6,0,0,0,0.0,0.0,0.0,0.0,0.10000000000000002,0.04,0.20666666666666667,5.420036277121552,5.420036277121552,0.0,7.680567741394043,0.23098479705337915,90,0.0,round_robin,chesca_planner_tool
chesca_round_robin_commitment_full_mesh,847,8,6,0,0,0,0.0,0.0,0.0,0.0,0.10000000000000002,0.04,0.20666666666666667,4.728373298677616,4.728373298677616,0.0,7.680567741394043,0.07794284129079977,90,1.0,round_robin,chesca_planner_tool
chesca_round_robin_commitment_full_mesh,848,9,6,2,2,0,0.04,0.0,0.04,0.0,0.14,0.04,0.21333333333333335,5.079076705773456,4.947076705773457,-0.13199999999999967,7.680567741394043,0.1126706428519105,90,2.0,round_robin,chesca_planner_tool
chesca_round_robin_commitment_full_mesh,849,10,6,0,0,0,0.0,0.0,0.0,0.0,0.14,0.04,0.18999999999999997,3.3208463871954956,3.3208463871954956,0.0,7.680567741394043,0.05527238803500995,90,3.0,round_robin,chesca_planner_tool
chesca_round_robin_commitment_full_mesh,850,11,6,6,0,6,0.0,0.13999999999999999,0.0,0.13999999999999999,3.469446951953614e-17,2.0816681711721685e-17,0.21333333333333335,1.3794417718013532,1.6993338840694339,0.3198921122680807,7.680567741394043,-0.30106761130770326,90,4.0,round_robin,chesca_planner_tool
chesca_round_robin_commitment_full_mesh,851,12,6,2,0,2,0.0,3.469446951953614e-18,0.0,0.04,3.122502256758253e-17,2.0816681711721685e-17,0.18666666666666668,0.008315729822438112,0.0832822178002327,0.0749664879777946,7.680567741394043,-0.10261672036735081,90,5.0,round_robin,chesca_planner_tool
chesca_round_robin_commitment_full_mesh,852,13,6,5,5,0,0.2,0.0,0.2,0.0,0.20000000000000007,0.04000000000000001,0.21333333333333335,2.174298572752737,1.4302985727527362,-0.7440000000000009,7.680567741394043,0.16650992106262175,90,0.0,round_robin,chesca_planner_tool
chesca_round_robin_commitment_full_mesh,853,14,6,5,0,5,0.0,0.10000000000000002,0.0,0.10000000000000002,0.1,0.020000000000000004,0.19666666666666666,1.8334646475953844,2.1615459841771765,0.32808133658179206,7.680567741394043,0.005842328463759629,90,1.0,round_robin,chesca_planner_tool
chesca_round_robin_commitment_full_mesh,854,15,6,0,0,0,0.0,0.0,0.0,0.0,0.1,0.020000000000000004,0.19333333333333333,3.537299501454301,3.5372995014543007,-4.440892098500626e-16,7.680567741394043,0.07218305637798497,90,2.0,round_robin,chesca_planner_tool
chesca_round_robin_commitment_full_mesh,855,16,6,1,1,0,0.04,0.0,0.04,0.0,0.14,0.04000000000000002,0.19666666666666668,4.747141777104005,4.6151417771040055,-0.13199999999999967,7.680567741394043,0.3609918980477022,90,3.0,round_robin,chesca_planner_tool
chesca_round_robin_commitment_full_mesh,856,17,6,3,3,0,0.08000000000000002,0.0,0.08000000000000002,0.0,0.22000000000000003,0.06,0.19999999999999998,7.328213655530774,7.008213655530775,-0.3199999999999994,7.680567741394043,0.570771890119561,90,4.0,round_robin,chesca_planner_tool
chesca_round_robin_commitment_full_mesh,857,18,6,3,2,1,0.04000000000000001,0.03999999999999998,0.04000000000000001,0.03999999999999998,0.22000000000000006,0.06,0.20666666666666667,10.082148887758056,9.950148887758056,-0.13199999999999967,7.680567741394043,0.6176695840524684,90,5.0,round_robin,chesca_planner_tool
chesca_round_robin_commitment_full_mesh,858,19,6,1,1,0,0.01999999999999999,0.0,0.01999999999999999,0.0,0.24000000000000007,0.06,0.19999999999999998,8.693052968134333,8.627052968134333,-0.06600000000000072,7.670476913452148,0.35885618575335354,90,0.0,round_robin,chesca_planner_tool
chesca_round_robin_commitment_full_mesh,859,20,6,0,0,0,0.0,0.0,0.0,0.0,0.24000000000000007,0.06,0.18666666666666668,9.3282267304257,9.3282267304257,0.0,7.680567741394043,0.5488254357431783,90,1.0,round_robin,chesca_planner_tool
chesca_round_robin_commitment_full_mesh,860,21,6,0,0,0,0.0,0.0,0.0,0.0,0.24000000000000007,0.06,0.17333333333333334,9.275197210184189,9.275197210184189,0.0,7.680567741394043,0.5674860534136373,90,2.0,round_robin,chesca_planner_tool
chesca_round_robin_commitment_full_mesh,861,22,6,6,0,6,0.0,0.22,0.0,0.22000000000000003,0.020000000000000042,0.019999999999999997,0.19666666666666666,7.965471088877808,8.775471088877808,0.8099999999999996,7.6872076988220215,-0.18604029036992753,90,3.0,round_robin,chesca_planner_tool
chesca_round_robin_commitment_full_mesh,862,23,6,0,0,0,0.0,0.0,0.0,0.0,0.020000000000000042,0.019999999999999997,0.18999999999999997,7.154672974483201,7.1546729744832005,-8.881784197001252e-16,7.6872076988220215,0.04988631368131169,90,4.0,round_robin,chesca_planner_tool
chesca_round_robin_commitment_full_mesh,863,24,6,4,4,0,0.14,0.0,0.14,0.0,0.16000000000000006,0.04000000000000001,0.20666666666666667,8.167862626474815,7.649862626474815,-0.5179999999999998,7.6872076988220215,0.15438466422663427,90,5.0,round_robin,chesca_planner_tool
chesca_round_robin_commitment_full_mesh,864,1,6,1,1,0,0.020000000000000004,0.0,0.020000000000000004,0.0,0.18000000000000005,0.04000000000000001,0.20333333333333334,8.440644369105668,8.374644369105667,-0.06600000000000072,7.680567741394043,0.38119261595065584,90,0.0,round_robin,chesca_planner_tool
chesca_round_robin_commitment_full_mesh,865,2,6,6,0,6,0.0,0.16,0.0,0.16,0.020000000000000046,0.02000000000000001,0.23,6.4124681863252775,7.010468186325277,0.5979999999999999,7.680567741394043,-0.01999067750972297,90,1.0,round_robin,chesca_planner_tool
chesca_round_robin_commitment_full_mesh,866,3,6,0,0,0,0.0,0.0,0.0,0.0,0.020000000000000046,0.02000000000000001,0.23,5.658068243899812,5.6580682438998116,-8.881784197001252e-16,7.680567741394043,0.040152929246979024,90,2.0,round_robin,chesca_planner_tool
chesca_round_robin_commitment_full_mesh,867,4,6,1,1,0,0.020000000000000004,0.0,0.020000000000000004,0.0,0.04000000000000005,0.02000000000000001,0.23333333333333336,5.81240521843044,5.746405218430441,-0.06599999999999895,7.680567741394043,0.18884284364786555,90,3.0,round_robin,chesca_planner_tool
chesca_round_robin_commitment_full_mesh,868,5,6,0,0,0,0.0,0.0,0.0,0.0,0.04000000000000005,0.02000000000000001,0.23333333333333336,4.719075432691665,4.719075432691665,0.0,7.680567741394043,0.11885757067909516,90,4.0,round_robin,chesca_planner_tool
chesca_round_robin_commitment_full_mesh,869,6,6,0,0,0,0.0,0.0,0.0,0.0,0.04000000000000005,0.02000000000000001,0.21666666666666667,5.004080342501395,5.004080342501394,-8.881784197001252e-16,7.680567741394043,0.23231362032004937,90,5.0,round_robin,chesca_planner_tool
chesca_round_robin_commitment_full_mesh,870,7,6,2,2,0,0.04,0.0,0.04,0.0,0.08000000000000004,0.02000000000000003,0.22333333333333336,4.416760941857,4.2707609418570005,-0.1459999999999999,7.680567741394043,0.1668349187924468,90,0.0,round_robin,chesca_planner_tool
chesca_round_robin_commitment_full_mesh,871,8,6,0,0,0,0.0,0.0,0.0,0.0,0.08000000000000004,0.02000000000000003,0.22333333333333336,3.4165217700126806,3.4165217700126806,0.0,7.680567741394043,0.0756962639112375,90,1.0,round_robin,chesca_planner_tool
chesca_round_robin_commitment_full_mesh,872,9,6,4,0,4,0.0,0.08,0.0,0.08,4.85722573273506e-17,3.122502256758253e-17,0.23,4.196258870341643,4.384494626460775,0.18823575611913235,7.680567741394043,-0.0313102022161212,90,2.0,round_robin,chesca_planner_tool
chesca_round_robin_commitment_full_mesh,873,10,6,3,0,3,0.0,6.938893903907228e-18,0.0,0.08,4.163336342344337e-17,3.122502256758253e-17,0.24333333333333332,2.744343631326992,3.001616705298568,0.2572730739715756,7.6872076988220215,-0.8161122573473274,90,3.0,round_robin,chesca_planner_tool
chesca_round_robin_commitment_full_mesh,874,11,6,0,0,0,0.0,0.0,0.0,0.0,4.163336342344337e-17,3.122502256758253e-17,0.22,3.616743437778004,3.616743437778004,0.0,7.6872076988220215,-0.21066499623226878,90,4.0,round_robin,chesca_planner_tool
chesca_round_robin_commitment_full_mesh,875,12,6,1,0,1,0.0,3.122502256758253e-17,0.0,0.02,1.0408340855860843e-17,1.0408340855860843e-17,0.21666666666666667,3.032566601593106,3.0703384921262105,0.03777189053310437,7.6872076988220215,-0.22492352177535618,90,5.0,round_robin,chesca_planner_tool
chesca_round_robin_commitment_full_mesh,876,13,6,2,2,0,0.04,0.0,0.04,0.0,0.04000000000000001,0.02000000000000001,0.18999999999999997,4.3738289877001595,4.227828987700159,-0.1460000000000008,7.6872076988220215,0.20796310976320045,90,0.0,round_robin,chesca_planner_tool
chesca_round_robin_commitment_full_mesh,877,14,6,3,3,0,0.10000000000000003,0.0,0.10000000000000003,0.0,0.14000000000000004,0.04000000000000001,0.19000000000000003,6.567907997108119,6.195907997108119,-0.3719999999999999,7.6872076988220215,0.3132579936957722,90,1.0,round_robin,chesca_planner_tool
chesca_round_robin_commitment_full_mesh,878,15,6,5,0,5,0.0,0.14,0.0,0.18000000000000002,1.734723475976807e-17,1.0408340855860843e-17,0.22,5.533845953622796,6.092841637900941,0.5589956842781447,7.704339504241943,-0.5274255047731446,90,2.0,round_robin,chesca_planner_tool
chesca_round_robin_commitment_full_mesh,879,16,6,2,2,0,0.06,0.0,0.06,0.0,0.06000000000000001,0.04000000000000001,0.22333333333333336,5.9713708811141055,5.759370881114105,-0.21200000000000063,7.704339504241943,0.1700357862976643,90,3.0,round_robin,chesca_planner_tool
chesca_round_robin_commitment_full_mesh,880,17,6,3,3,0,0.08,0.0,0.08,0.0,0.14,0.04000000000000001,0.22333333333333336,7.730419959388263,7.438419959388263,-0.2920000000000007,7.704339504241943,0.5704837569708585,90,4.0,round_robin,chesca_planner_tool
chesca_round_robin_commitment_full_mesh,881,18,6,2,2,0,0.06000000000000001,0.0,0.06000000000000001,0.0,0.20000000000000004,0.06000000000000001,0.22,8.750124774105537,8.524124774105536,-0.22600000000000087,7.704339504241943,0.7509712273051595,90,5.0,round_robin,chesca_planner_tool
chesca_round_robin_commitment_full_mesh,882,19,6,0,0,0,0.0,0.0,0.0,0.0,0.20000000000000004,0.06000000000000001,0.2166666666666667,8.760997417333618,8.760997417333618,0.0,7.6872076988220215,0.3960563917809224,90,0.0,round_robin,chesca_planner_tool
chesca_round_robin_commitment_full_mesh,883,20,6,6,0,6,0.0,0.18000000000000002,0.0,0.18000000000000002,0.020000000000000028,0.02000000000000001,0.24666666666666667,7.078234947125497,7.728234947125497,0.6499999999999995,7.6872076988220215,-0.11359242538868199,90,1.0,round_robin,chesca_planner_tool
chesca_round_robin_commitment_full_mesh,884,21,6,1,1,0,0.020000000000000004,0.0,0.020000000000000004,0.0,0.04000000000000003,0.02000000000000001,0.25,7.7898862906483295,7.72388629064833,-0.06599999999999984,7.680567741394043,0.1075605236004066,90,2.0,round_robin,chesca_planner_tool
chesca_round_robin_commitment_full_mesh,885,22,6,0,0,0,0.0,0.0,0.0,0.0,0.04000000000000003,0.02000000000000001,0.21333333333333335,7.720149552166129,7.720149552166129,0.0,7.670476913452148,0.2091125042760909,90,3.0,round_robin,chesca_planner_tool
chesca_round_robin_commitment_full_mesh,886,23,6,1,1,0,0.02,0.0,0.02,0.0,0.060000000000000026,0.02000000000000001,0.21666666666666667,7.925576620398536,7.859576620398536,-0.06599999999999984,7.670476913452148,0.24341406051387293,90,4.0,round_robin,chesca_planner_tool
chesca_round_robin_commitment_full_mesh,887,24,6,0,0,0,0.0,0.0,0.0,0.0,0.060000000000000026,0.02000000000000001,0.19333333333333333,7.95829223664736,7.958292236647359,-8.881784197001252e-16,7.670476913452148,0.1707859734412226,90,5.0,round_robin,chesca_planner_tool
chesca_round_robin_commitment_full_mesh,888,1,6,3,3,0,0.1,0.0,0.1,0.0,0.16000000000000006,0.04,0.20666666666666667,8.318335454601048,7.9323354546010485,-0.38599999999999923,7.667018890380859,0.216467754531798,90,0.0,round_robin,chesca_planner_tool
chesca_round_robin_commitment_full_mesh,889,2,6,6,0,6,0.0,0.16,0.0,0.16,2.42861286636753e-17,1.0408340855860843e-17,0.20666666666666667,6.2327761881138795,6.83077618811388,0.5980000000000008,7.667018890380859,-0.07606541286380712,90,1.0,round_robin,chesca_planner_tool
chesca_round_robin_commitment_full_mesh,890,3,6,2,0,2,0.0,6.938893903907228e-18,0.0,0.08000000000000002,1.734723475976807e-17,1.0408340855860843e-17,0.22,5.407172666005897,5.671172666005896,0.26399999999999935,7.6466755867004395,-0.09681573596699608,90,2.0,round_robin,chesca_planner_tool
chesca_round_robin_commitment_full_mesh,891,4,6,0,0,0,0.0,0.0,0.0,0.0,1.734723475976807e-17,1.0408340855860843e-17,0.21666666666666667,4.955578147228489,4.955578147228489,0.0,7.616454601287842,-0.06399217683129649,90,3.0,round_robin,chesca_planner_tool
chesca_round_robin_commitment_full_mesh,892,5,6,0,0,0,0.0,0.0,0.0,0.0,1.734723475976807e-17,1.0408340855860843e-17,0.21666666666666667,5.116730455980457,5.116730455980457,0.0,7.616454601287842,0.03740562805362595,90,4.0,round_robin,chesca_planner_tool
chesca_round_robin_commitment_full_mesh,893,6,6,0,0,0,0.0,0.0,0.0,0.0,1.734723475976807e-17,1.0408340855860843e-17,0.21666666666666667,4.826377114533291,4.826377114533292,8.881784197001252e-16,7.616454601287842,-0.008296146121680913,90,5.0,round_robin,chesca_planner_tool
chesca_round_robin_commitment_full_mesh,894,7,6,0,0,0,0.0,0.0,0.0,0.0,1.734723475976807e-17,1.0408340855860843e-17,0.21,4.479467026530983,4.479467026530983,0.0,7.616454601287842,0.07082361426568133,90,0.0,round_robin,chesca_planner_tool
chesca_round_robin_commitment_full_mesh,895,8,6,0,0,0,0.0,0.0,0.0,0.0,1.734723475976807e-17,1.0408340855860843e-17,0.21,2.9851227101605025,2.9851227101605025,0.0,7.616454601287842,-0.06172409144596974,90,1.0,round_robin,chesca_planner_tool
chesca_round_robin_commitment_full_mesh,896,9,6,5,0,5,0.0,1.734723475976807e-17,0.0,0.10000000000000002,0.0,0.0,0.21333333333333335,2.1130646452901205,2.389056557700864,0.2759919124107433,7.616454601287842,-0.5565132460285035,90,2.0,round_robin,chesca_planner_tool
chesca_round_robin_commitment_full_mesh,897,10,6,5,0,5,0.0,0.0,0.0,0.1,0.0,0.0,0.21666666666666667,0.9718841393860812,1.1969143316845516,0.22503019229847043,7.6466755867004395,-0.8085420422691225,90,3.0,round_robin,chesca_planner_tool
chesca_round_robin_commitment_full_mesh,898,11,6,6,0,6,0.0,0.0,0.0,0.12000000000000002,0.0,0.0,0.2366666666666667,1.753950064841215,2.019450736034812,0.2655006711935972,7.667018890380859,-0.6826656073259512,90,4.0,round_robin,chesca_planner_tool
chesca_round_robin_commitment_full_mesh,899,12,6,0,0,0,0.0,0.0,0.0,0.0,0.0,0.0,0.23333333333333336,3.37404158604649,3.3740415860464896,-4.440892098500626e-16,7.667018890380859,0.14051729165160948,90,5.0,round_robin,chesca_planner_tool
chesca_round_robin_commitment_full_mesh,900,13,6,0,0,0,0.0,0.0,0.0,0.0,0.0,0.0,0.22666666666666668,5.909580467828586,5.909580467828585,-8.881784197001252e-16,7.667018890380859,0.28546228556128916,90,0.0,round_robin,chesca_planner_tool
chesca_round_robin_commitment_full_mesh,901,14,6,0,0,0,0.0,0.0,0.0,0.0,0.0,0.0,0.21,6.408232961311315,6.408232961311315,0.0,7.667018890380859,0.021761603931795298,90,1.0,round_robin,chesca_planner_tool
chesca_round_robin_commitment_full_mesh,902,15,6,0,0,0,0.0,0.0,0.0,0.0,0.0,0.0,0.18000000000000002,7.35156035949562,7.351560359495619,-8.881784197001252e-16,7.667018890380859,-0.07315451203163752,90,2.0,round_robin,chesca_planner_tool
chesca_round_robin_commitment_full_mesh,903,16,6,5,5,0,0.18000000000000002,0.0,0.18000000000000002,0.0,0.18000000000000002,0.04000000000000001,0.19999999999999998,8.595219313000785,7.9172193130007855,-0.677999999999999,7.667018890380859,0.2966945795804843,90,3.0,round_robin,chesca_planner_tool
chesca_round_robin_commitment_full_mesh,904,17,6,5,5,0,0.20000000000000004,0.0,0.20000000000000004,0.0,0.38000000000000006,0.08000000000000002,0.22,12.53648172171994,11.79248172171994,-0.7439999999999998,7.670476913452148,1.8264268567913946,90,4.0,round_robin,chesca_planner_tool
chesca_round_robin_commitment_full_mesh,905,18,6,1,1,0,0.04000000000000001,0.0,0.04000000000000001,0.0,0.42000000000000004,0.08000000000000002,0.21666666666666667,10.226065636198243,10.094065636198243,-0.13199999999999967,7.670476913452148,0.9490503624692908,90,5.0,round_robin,chesca_planner_tool
chesca_round_robin_commitment_full_mesh,906,19,6,0,0,0,0.0,0.0,0.0,0.0,0.42000000000000004,0.08000000000000002,0.21666666666666667,11.354145030483958,11.354145030483958,0.0,7.670476913452148,1.0874232183170336,90,0.0,round_robin,chesca_planner_tool
chesca_round_robin_commitment_full_mesh,907,20,6,0,0,0,0.0,0.0,0.0,0.0,0.42000000000000004,0.08000000000000002,0.18666666666666668,9.275600797098566,9.275600797098566,0.0,7.670476913452148,0.27778152085740376,90,1.0,round_robin,chesca_planner_tool
chesca_round_robin_commitment_full_mesh,908,21,6,0,0,0,0.0,0.0,0.0,0.0,0.42000000000000004,0.08000000000000002,0.18333333333333335,8.544458662557146,8.544458662557146,0.0,7.670476913452148,0.17066028532262884,90,2.0,round_robin,chesca_planner_tool
chesca_round_robin_commitment_full_mesh,909,22,6,6,0,6,0.0,0.24000000000000005,0.0,0.24000000000000005,0.18000000000000002,0.040000000000000015,0.2233333333333333,8.26291753404895,9.138917534048952,0.8760000000000012,7.670476913452148,-0.06753884111167917,90,3.0,round_robin,chesca_planner_tool
chesca_round_robin_commitment_full_mesh,910,23,6,6,0,6,0.0,0.18,0.0,0.2,4.85722573273506e-17,1.3877787807814457e-17,0.25333333333333335,8.163817237730461,8.90781723773046,0.7439999999999998,7.678064823150635,-0.08344307527275743,90,4.0,round_robin,chesca_planner_tool
chesca_round_robin_commitment_full_mesh,911,24,6,0,0,0,0.0,0.0,0.0,0.0,4.85722573273506e-17,1.3877787807814457e-17,0.25333333333333335,8.582897958189173,8.582897958189173,0.0,7.678064823150635,-0.013985493955989164,90,5.0,round_robin,chesca_planner_tool
chesca_round_robin_commitment_full_mesh,912,1,6,3,3,0,0.06000000000000001,0.0,0.06000000000000001,0.0,0.06000000000000006,0.020000000000000018,0.24666666666666667,9.944047209616139,9.732047209616141,-0.21199999999999797,7.678064823150635,0.5232182949863708,90,0.0,round_robin,chesca_planner_tool
chesca_round_robin_commitment_full_mesh,913,2,6,3,0,3,0.0,0.06000000000000001,0.0,0.06000000000000001,4.85722573273506e-17,1.3877787807814457e-17,0.23,8.162032399218536,8.374032399218535,0.21199999999999974,7.678064823150635,-0.2174346538065135,90,1.0,round_robin,chesca_planner_tool
chesca_round_robin_commitment_full_mesh,914,3,6,3,0,3,0.0,3.469446951953614e-17,0.0,0.08000000000000002,1.3877787807814457e-17,1.3877787807814457e-17,0.23,6.132345453960372,6.438345453960372,0.30600000000000005,7.678064823150635,-0.4915885951119856,90,2.0,round_robin,chesca_planner_tool
chesca_round_robin_commitment_full_mesh,915,4,6,2,0,2,0.0,0.0,0.0,0.04000000000000001,1.3877787807814457e-17,1.3877787807814457e-17,0.2366666666666667,5.860179066461852,5.99217906646185,0.13199999999999878,7.667018890380859,-0.29756992407129695,90,3.0,round_robin,chesca_planner_tool
chesca_round_robin_commitment_full_mesh,916,5,6,0,0,0,0.0,0.0,0.0,0.0,1.3877787807814457e-17,1.3877787807814457e-17,0.2366666666666667,5.30700931211384,5.30700931211384,0.0,7.6466755867004395,-0.28711366996474713,90,4.0,round_robin,chesca_planner_tool
chesca_round_robin_commitment_full_mesh,917,6,6,0,0,0,0.0,0.0,0.0,0.0,1.3877787807814457e-17,1.3877787807814457e-17,0.2366666666666667,5.918936309412486,5.918936309412486,0.0,7.6466755867004395,-0.11023889725368294,90,5.0,round_robin,chesca_planner_tool
chesca_round_robin_commitment_full_mesh,918,7,6,0,0,0,0.0,0.0,0.0,0.0,1.3877787807814457e-17,1.3877787807814457e-17,0.2366666666666667,6.42259500362581,6.422595003625811,8.881784197001252e-16,7.6466755867004395,-0.13089675520453836,90,0.0,round_robin,chesca_planner_tool
chesca_round_robin_commitment_full_mesh,919,8,6,4,0,4,0.0,1.3877787807814457e-17,0.0,0.08000000000000002,0.0,0.0,0.25000000000000006,5.320455732435827,5.562787606195622,0.24233187375979526,7.667018890380859,-0.7879557184179713,90,1.0,round_robin,chesca_planner_tool
chesca_round_robin_commitment_full_mesh,920,9,6,0,0,0,0.0,0.0,0.0,0.0,0.0,0.0,0.23333333333333336,2.8152028117355927,2.8152028117355923,-4.440892098500626e-16,7.667018890380859,-0.4809638700212684,90,2.0,round_robin,chesca_planner_tool
chesca_round_robin_commitment_full_mesh,921,10,6,0,0,0,0.0,0.0,0.0,0.0,0.0,0.0,0.21666666666666667,4.062908564010427,4.062908564010427,0.0,7.667018890380859,-0.1383716450893525,90,3.0,round_robin,chesca_planner_tool
chesca_round_robin_commitment_full_mesh,922,11,6,2,0,2,0.0,0.0,0.0,0.04,0.0,0.0,0.20333333333333334,4.913616975233956,4.9968971187119,0.08328014347794355,7.667018890380859,-0.23471833010022622,90,4.0,round_robin,chesca_planner_tool
chesca_round_robin_commitment_full_mesh,923,12,6,5,0,5,0.0,0.0,0.0,0.10000000000000002,0.0,0.0,0.22,4.692572058523739,4.9721303259965755,0.2795582674728365,7.667018890380859,-0.11506745234300306,90,5.0,round_robin,chesca_planner_tool
chesca_round_robin_commitment_full_mesh,924,13,6,0,0,0,0.0,0.0,0.0,0.0,0.0,0.0,0.22,5.414689353517385,5.414689353517385,0.0,7.667018890380859,-0.1908686221085998,90,0.0,round_robin,chesca_planner_tool
chesca_round_robin_commitment_full_mesh,925,14,6,0,0,0,0.0,0.0,0.0,0.0,0.0,0.0,0.22,4.6397240684788095,4.639724068478809,-8.881784197001252e-16,7.667018890380859,-0.15433929598147186,90,1.0,round_robin,chesca_planner_tool
chesca_round_robin_commitment_full_mesh,926,15,6,0,0,0,0.0,0.0,0.0,0.0,0.0,0.0,0.22,6.479596936963806,6.479596936963807,8.881784197001252e-16,7.667018890380859,0.08816193361327129,90,2.0,round_robin,chesca_planner_tool
chesca_round_robin_commitment_full_mesh,927,16,6,0,0,0,0.0,0.0,0.0,0.0,0.0,0.0,0.19000000000000003,6.447970174678519,6.447970174678519,0.0,7.6466755867004395,0.2262376873827216,90,3.0,round_robin,chesca_planner_tool
chesca_round_robin_commitment_full_mesh,928,17,6,5,5,0,0.18,0.0,0.18,0.0,0.18,0.04000000000000001,0.18666666666666668,6.51539995851947,5.83739995851947,-0.6780000000000008,7.616454601287842,0.12589759743893486,90,4.0,round_robin,chesca_planner_tool
chesca_round_robin_commitment_full_mesh,929,18,6,1,1,0,0.020000000000000004,0.0,0.020000000000000004,0.0,0.2,0.04000000000000001,0.18333333333333335,7.7073539318873925,7.641353931887393,-0.06599999999999984,7.587411403656006,0.43032110498258164,90,5.0,round_robin,chesca_planner_tool
chesca_round_robin_commitment_full_mesh,930,19,6,0,0,0,0.0,0.0,0.0,0.0,0.2,0.04000000000000001,0.18333333333333335,8.536860144393128,8.536860144393128,0.0,7.587411403656006,0.17650165119715017,90,0.0,round_robin,chesca_planner_tool
chesca_round_robin_commitment_full_mesh,931,20,6,6,0,6,0.0,0.2,0.0,0.2,6.938893903907228e-18,6.938893903907228e-18,0.21666666666666667,8.033251522450811,8.777251522450811,0.7439999999999998,7.587411403656006,0.012880848016746632,90,1.0,round_robin,chesca_planner_tool
chesca_round_robin_commitment_full_mesh,932,21,6,3,0,3,0.0,6.938893903907228e-18,0.0,0.06,0.0,0.0,0.22666666666666668,6.741372455876601,6.9673724558766015,0.22600000000000087,7.587411403656006,-0.264734452798908,90,2.0,round_robin,chesca_planner_tool
chesca_round_robin_commitment_full_mesh,933,22,6,0,0,0,0.0,0.0,0.0,0.0,0.0,0.0,0.18666666666666668,6.5924890483248975,6.5924890483248975,0.0,7.5432209968566895,-0.06502548598273962,90,3.0,round_robin,chesca_planner_tool
chesca_round_robin_commitment_full_mesh,934,23,6,6,6,0,0.2,0.0,0.2,0.0,0.2,0.04000000000000001,0.18666666666666668,7.340623732310753,6.624623732310752,-0.7160000000000011,7.521597862243652,0.07716953335597114,90,4.0,round_robin,chesca_planner_tool
chesca_round_robin_commitment_full_mesh,935,24,6,0,0,0,0.0,0.0,0.0,0.0,0.2,0.04000000000000001,0.18666666666666668,8.777497149736137,8.777497149736137,0.0,7.521597862243652,0.3661570663510814,90,5.0,round_robin,chesca_planner_tool
chesca_round_robin_commitment_full_mesh,936,1,6,6,0,6,0.0,0.2,0.0,0.24000000000000005,0.0,0.0,0.21666666666666667,7.217278596667506,8.005488708285547,0.7882101116180413,7.521597862243652,-0.15440353814560057,90,0.0,round_robin,chesca_planner_tool
chesca_round_robin_commitment_full_mesh,937,2,6,6,0,6,0.0,0.0,0.0,0.14,0.0,0.0,0.23,6.136286647217915,6.6163660256927574,0.4800793784748425,7.521597862243652,-0.4488425367982153,90,1.0,round_robin,chesca_planner_tool
chesca_round_robin_commitment_full_mesh,938,3,6,3,0,3,0.0,0.0,0.0,0.06000000000000001,0.0,0.0,0.22666666666666668,5.672891482776749,5.884891482776749,0.21199999999999974,7.4904046058654785,-0.30969344578815106,90,2.0,round_robin,chesca_planner_tool
chesca_round_robin_commitment_full_mesh,939,4,6,1,0,1,0.0,0.0,0.0,0.020000000000000004,0.0,0.0,0.22333333333333336,5.294534839880327,5.374534839880328,0.08000000000000096,7.452304363250732,-0.24436559453818288,90,3.0,round_robin,chesca_planner_tool
chesca_round_robin_commitment_full_mesh,940,5,6,0,0,0,0.0,0.0,0.0,0.0,0.0,0.0,0.22333333333333336,5.345410303156429,5.345410303156429,0.0,7.447455406188965,-0.14027252350101,90,4.0,round_robin,chesca_planner_tool
chesca_round_robin_commitment_full_mesh,941,6,6,0,0,0,0.0,0.0,0.0,0.0,0.0,0.0,0.22333333333333336,5.658687839172569,5.658687839172569,0.0,7.447455406188965,-0.06960350862346694,90,5.0,round_robin,chesca_planner_tool
chesca_round_robin_commitment_full_mesh,942,7,6,0,0,0,0.0,0.0,0.0,0.0,0.0,0.0,0.22333333333333336,4.949676493465172,4.949676493465171,-8.881784197001252e-16,7.447455406188965,-0.11988527859060116,90,0.0,round_robin,chesca_planner_tool
chesca_round_robin_commitment_full_mesh,943,8,6,0,0,0,0.0,0.0,0.0,0.0,0.0,0.0,0.21,5.684032766104506,5.684032766104507,8.881784197001252e-16,7.447455406188965,-0.16799144770034527,90,1.0,round_robin,chesca_planner_tool
chesca_round_robin_commitment_full_mesh,944,9,6,4,0,4,0.0,0.0,0.0,0.08000000000000002,0.0,0.0,0.22333333333333336,4.427858235301176,4.621205705241791,0.19334746994061458,7.447455406188965,-0.31759722167086785,90,2.0,round_robin,chesca_planner_tool
chesca_round_robin_commitment_full_mesh,945,10,6,0,0,0,0.0,0.0,0.0,0.0,0.0,0.0,0.22333333333333336,4.162185654808846,4.162185654808846,0.0,7.447455406188965,-0.07718361248614626,90,3.0,round_robin,chesca_planner_tool
chesca_round_robin_commitment_full_mesh,946,11,6,0,0,0,0.0,0.0,0.0,0.0,0.0,0.0,0.21666666666666667,2.8402226268725754,2.8402226268725754,0.0,7.447455406188965,-0.13294352451532196,90,4.0,round_robin,chesca_planner_tool
chesca_round_robin_commitment_full_mesh,947,12,6,4,0,4,0.0,0.0,0.0,0.08,0.0,0.0,0.21333333333333335,1.4182379807470946,1.6270341808912518,0.20879620014415723,7.447455406188965,-0.43876256676233855,90,5.0,round_robin,chesca_planner_tool
chesca_round_robin_commitment_full_mesh,948,13,6,4,4,0,0.08,0.0,0.08,0.0,0.08,0.02,0.22666666666666668,2.979996929766542,2.7019969297665423,-0.2779999999999996,7.447455406188965,0.15383638680259482,90,0.0,round_robin,chesca_planner_tool
chesca_round_robin_commitment_full_mesh,949,14,6,4,0,4,0.0,0.08,0.0,0.08000000000000002,0.0,0.0,0.24000000000000002,2.6235770774914493,2.8428284049230523,0.21925132743160303,7.407765865325928,-0.05552145787751936,90,1.0,round_robin,chesca_planner_tool
chesca_round_robin_commitment_full_mesh,950,15,6,0,0,0,0.0,0.0,0.0,0.0,0.0,0.0,0.24000000000000002,4.125758788780949,4.125758788780949,0.0,7.407765865325928,-0.019534065083732843,90,2.0,round_robin,chesca_planner_tool
chesca_round_robin_commitment_full_mesh,951,16,6,0,0,0,0.0,0.0,0.0,0.0,0.0,0.0,0.24000000000000002,6.120854430575315,6.120854430575315,0.0,7.407765865325928,0.15336436064599177,90,3.0,round_robin,chesca_planner_tool
chesca_round_robin_commitment_full_mesh,952,17,6,0,0,0,0.0,0.0,0.0,0.0,0.0,0.0,0.21,7.681248431828294,7.681248431828293,-8.881784197001252e-16,7.407765865325928,0.08569379757635454,90,4.0,round_robin,chesca_planner_tool
chesca_round_robin_commitment_full_mesh,953,18,6,6,6,0,0.18,0.0,0.18,0.0,0.18,0.04000000000000001,0.2366666666666667,9.588391052550836,8.910391052550834,-0.6780000000000026,7.407765865325928,0.6556622655644786,90,5.0,round_robin,chesca_planner_tool
chesca_round_robin_commitment_full_mesh,954,19,6,6,6,0,0.24000000000000002,0.0,0.24000000000000002,0.0,0.42,0.08000000000000002,0.27666666666666667,12.03937564371172,11.163375643711719,-0.8760000000000012,7.447455406188965,1.5847712658975763,90,0.0,round_robin,chesca_planner_tool
chesca_round_robin_commitment_full_mesh,955,20,6,0,0,0,0.0,0.0,0.0,0.0,0.42,0.08000000000000002,0.24333333333333337,10.129316650629043,10.129316650629043,0.0,7.447455406188965,0.6700846364658121,90,1.0,round_robin,chesca_planner_tool
chesca_round_robin_commitment_full_mesh,956,21,6,0,0,0,0.0,0.0,0.0,0.0,0.42,0.08000000000000002,0.23333333333333336,9.838687621355056,9.838687621355056,0.0,7.447455406188965,0.794819431594995,90,2.0,round_robin,chesca_planner_tool
chesca_round_robin_commitment_full_mesh,957,22,6,0,0,0,0.0,0.0,0.0,0.0,0.42,0.08000000000000002,0.23333333333333336,10.072870144335255,10.072870144335255,0.0,7.447455406188965,0.985702100113866,90,3.0,round_robin,chesca_planner_tool
chesca_round_robin_commitment_full_mesh,958,23,6,6,0,6,0.0,0.22000000000000003,0.0,0.22000000000000003,0.2,0.04000000000000001,0.2366666666666667,7.820581734020269,8.63058173402027,0.8100000000000005,7.447455406188965,-0.05986175007591925,90,4.0,round_robin,chesca_planner_tool
chesca_round_robin_commitment_full_mesh,959,24,6,0,0,0,0.0,0.0,0.0,0.0,0.2,0.04000000000000001,0.2366666666666667,9.079194914647838,9.079194914647838,0.0,7.452304363250732,0.5182059086883015,90,5.0,round_robin,chesca_planner_tool
chesca_round_robin_commitment_full_mesh,960,1,6,0,0,0,0.0,0.0,0.0,0.0,0.2,0.04000000000000001,0.19666666666666666,8.480504307974789,8.480504307974789,0.0,7.452304363250732,0.12528666561917162,90,0.0,round_robin,chesca_planner_tool
chesca_round_robin_commitment_full_mesh,961,2,6,0,0,0,0.0,0.0,0.0,0.0,0.2,0.04000000000000001,0.17333333333333337,8.421471468726596,8.421471468726594,-1.7763568394002505e-15,7.452304363250732,0.11469830931464103,90,1.0,round_robin,chesca_planner_tool
chesca_round_robin_commitment_full_mesh,962,3,6,6,0,6,0.0,0.2,0.0,0.24000000000000005,0.0,0.0,0.20333333333333334,6.872538399784083,7.748538399784083,0.8760000000000003,7.452304363250732,-0.17839690456698307,90,2.0,round_robin,chesca_planner_tool
chesca_round_robin_commitment_full_mesh,963,4,6,6,0,6,0.0,0.0,0.0,0.14,0.0,0.0,0.22333333333333336,5.641016519090403,6.15836234706004,0.5173458279696366,7.452304363250732,-0.29921291034510156,90,3.0,round_robin,chesca_planner_tool
chesca_round_robin_commitment_full_mesh,964,5,6,0,0,0,0.0,0.0,0.0,0.0,0.0,0.0,0.22333333333333336,5.132248160438941,5.132248160438941,0.0,7.452304363250732,-0.22223097640437517,90,4.0,round_robin,chesca_planner_tool
chesca_round_robin_commitment_full_mesh,965,6,6,0,0,0,0.0,0.0,0.0,0.0,0.0,0.0,0.22333333333333336,5.847585207394754,5.847585207394754,0.0,7.452304363250732,0.001393655921802836,90,5.0,round_robin,chesca_planner_tool
chesca_round_robin_commitment_full_mesh,966,7,6,0,0,0,0.0,0.0,0.0,0.0,0.0,0.0,0.22333333333333336,4.824994054238981,4.8249940542389815,8.881784197001252e-16,7.447455406188965,-0.0946179009780449,90,0.0,round_robin,chesca_planner_tool
chesca_round_robin_commitment_full_mesh,967,8,6,0,0,0,0.0,0.0,0.0,0.0,0.0,0.0,0.22333333333333336,5.2335781827700885,5.2335781827700885,0.0,7.447455406188965,-0.08080460994813496,90,1.0,round_robin,chesca_planner_tool
chesca_round_robin_commitment_full_mesh,968,9,6,0,0,0,0.0,0.0,0.0,0.0,0.0,0.0,0.21,5.708288263016238,5.708288263016238,0.0,7.447455406188965,-0.1675672190461149,90,2.0,round_robin,chesca_planner_tool
chesca_round_robin_commitment_full_mesh,969,10,6,4,0,4,0.0,0.0,0.0,0.08,0.0,0.0,0.22333333333333336,3.435557797486196,3.6289053646694454,0.1933475671832494,7.447455406188965,-0.21555820567239475,90,3.0,round_robin,chesca_planner_tool
chesca_round_robin_commitment_full_mesh,970,11,6,0,0,0,0.0,0.0,0.0,0.0,0.0,0.0,0.22333333333333336,1.7014633679560356,1.7014633679560356,0.0,7.447455406188965,-0.16937416894357665,90,4.0,round_robin,chesca_planner_tool
chesca_round_robin_commitment_full_mesh,971,12,6,0,0,0,0.0,0.0,0.0,0.0,0.0,0.0,0.21,2.9280479407301083,2.9280479407301083,0.0,7.447455406188965,0.08600483997051651,90,5.0,round_robin,chesca_planner_tool
chesca_round_robin_commitment_full_mesh,972,13,6,3,3,0,0.06,0.0,0.06,0.0,0.06,0.02,0.20666666666666667,3.823198906970902,3.597198906970902,-0.22599999999999998,7.447455406188965,0.16584103603045725,90,0.0,round_robin,chesca_planner_tool
chesca_round_robin_commitment_full_mesh,973,14,6,3,3,0,0.06000000000000001,0.0,0.06000000000000001,0.0,0.12000000000000002,0.020000000000000004,0.20333333333333334,3.783778991911721,3.5717789919117204,-0.21200000000000063,7.447455406188965,0.1862468628096749,90,1.0,round_robin,chesca_planner_tool
chesca_round_robin_commitment_full_mesh,974,15,6,0,0,0,0.0,0.0,0.0,0.0,0.12000000000000002,0.020000000000000004,0.20333333333333334,4.249134218986614,4.249134218986614,0.0,7.447455406188965,0.2082534401993655,90,2.0,round_robin,chesca_planner_tool
chesca_round_robin_commitment_full_mesh,975,16,6,0,0,0,0.0,0.0,0.0,0.0,0.12000000000000002,0.020000000000000004,0.20333333333333334,6.815498129745919,6.815498129745919,0.0,7.447455406188965,0.3236523157087256,90,3.0,round_robin,chesca_planner_tool
chesca_round_robin_commitment_full_mesh,976,17,6,4,4,0,0.10000000000000002,0.0,0.10000000000000002,0.0,0.22000000000000003,0.06000000000000001,0.22,8.368739491475472,8.024739491475472,-0.3439999999999994,7.447455406188965,0.568597658324341,90,4.0,round_robin,chesca_planner_tool
chesca_round_robin_commitment_full_mesh,977,18,6,3,3,0,0.06000000000000001,0.0,0.06000000000000001,0.0,0.28,0.06000000000000001,0.19999999999999998,10.13087828737911,9.89087828737911,-0.2400000000000002,7.452304363250732,0.9816637440452721,90,5.0,round_robin,chesca_planner_tool
chesca_round_robin_commitment_full_mesh,978,19,6,2,2,0,0.04000000000000001,0.0,0.04000000000000001,0.0,0.32,0.06000000000000001,0.1666666666666667,10.242450754268988,10.082450754268987,-0.16000000000000192,7.452304363250732,0.9012623022405066,90,0.0,round_robin,chesca_planner_tool
chesca_round_robin_commitment_full_mesh,979,20,6,0,0,0,0.0,0.0,0.0,0.0,0.32,0.06000000000000001,0.1666666666666667,9.430928529262543,9.430928529262541,-1.7763568394002505e-15,7.452304363250732,0.6779775807631812,90,1.0,round_robin,chesca_planner_tool
chesca_round_robin_commitment_full_mesh,980,21,6,0,0,0,0.0,0.0,0.0,0.0,0.32,0.06000000000000001,0.1666666666666667,8.459966151237488,8.459966151237488,0.0,7.452304363250732,0.23010847448547642,90,2.0,round_robin,chesca_planner_tool
chesca_round_robin_commitment_full_mesh,981,22,6,0,0,0,0.0,0.0,0.0,0.0,0.32,0.06000000000000001,0.1666666666666667,8.202025633886167,8.202025633886167,0.0,7.452304363250732,0.05988120777254615,90,3.0,round_robin,chesca_planner_tool
chesca_round_robin_commitment_full_mesh,982,23,6,0,0,0,0.0,0.0,0.0,0.0,0.32,0.06000000000000001,0.13,9.420981952154731,9.420981952154731,0.0,7.4904046058654785,0.8697065341458264,90,4.0,round_robin,chesca_planner_tool
chesca_round_robin_commitment_full_mesh,983,24,6,0,0,0,0.0,0.0,0.0,0.0,0.32,0.06000000000000001,0.13,9.273842995157697,9.273842995157697,0.0,7.4904046058654785,0.6468871251238344,90,5.0,round_robin,chesca_planner_tool
chesca_round_robin_commitment_full_mesh,984,1,6,6,0,6,0.0,0.24000000000000005,0.0,0.24000000000000005,0.08000000000000002,0.020000000000000004,0.17000000000000004,7.95385774481244,8.82985774481244,0.8759999999999994,7.521597862243652,-0.04533855332182446,90,0.0,round_robin,chesca_planner_tool
chesca_round_robin_commitment_full_mesh,985,2,6,4,0,4,0.0,0.08000000000000002,0.0,0.08000000000000002,0.0,0.0,0.18333333333333335,7.608240678135042,7.914240678135042,0.30600000000000005,7.521597862243652,-0.07150190877856438,90,1.0,round_robin,chesca_planner_tool
chesca_round_robin_commitment_full_mesh,986,3,6,6,0,6,0.0,0.0,0.0,0.18000000000000002,0.0,0.0,0.17333333333333337,6.353699241669862,7.00369924166986,0.6499999999999986,7.521597862243652,-0.09812481781026347,90,2.0,round_robin,chesca_planner_tool
chesca_round_robin_commitment_full_mesh,987,4,6,0,0,0,0.0,0.0,0.0,0.0,0.0,0.0,0.15000000000000002,7.0323409760591495,7.03234097605915,8.881784197001252e-16,7.521597862243652,0.01398229842476019,90,3.0,round_robin,chesca_planner_tool
chesca_round_robin_commitment_full_mesh,988,5,6,0,0,0,0.0,0.0,0.0,0.0,0.0,0.0,0.15000000000000002,5.997317167716864,5.997317167716865,8.881784197001252e-16,7.521597862243652,-0.0050177011230722185,90,4.0,round_robin,chesca_planner_tool
chesca_round_robin_commitment_full_mesh,989,6,6,3,3,0,0.12,0.0,0.12,0.0,0.12,0.04,0.17,5.9312888639223775,5.451288863922377,-0.4800000000000004,7.521597862243652,0.07377203075318614,90,5.0,round_robin,chesca_planner_tool
chesca_round_robin_commitment_full_mesh,990,7,6,0,0,0,0.0,0.0,0.0,0.0,0.12,0.04,0.17,5.43272369914547,5.43272369914547,0.0,7.521597862243652,0.06625308089659193,90,0.0,round_robin,chesca_planner_tool
chesca_round_robin_commitment_full_mesh,991,8,6,0,0,0,0.0,0.0,0.0,0.0,0.12,0.04,0.17,4.707796550273434,4.707796550273434,0.0,7.521597862243652,0.04778436877699248,90,1.0,round_robin,chesca_planner_tool
chesca_round_robin_commitment_full_mesh,992,9,6,3,0,3,0.0,0.12,0.0,0.12000000000000002,0.0,0.0,0.19000000000000003,3.0695692423465823,3.3490645262536924,0.2794952839071101,7.521597862243652,-0.06752741973450892,90,2.0,round_robin,chesca_planner_tool
chesca_round_robin_commitment_full_mesh,993,10,6,0,0,0,0.0,0.0,0.0,0.0,0.0,0.0,0.17666666666666672,4.0899082377183715,4.0899082377183715,0.0,7.521597862243652,0.054980548154786424,90,3.0,round_robin,chesca_planner_tool
chesca_round_robin_commitment_full_mesh,994,11,6,0,0,0,0.0,0.0,0.0,0.0,0.0,0.0,0.17666666666666672,1.461987290354869,1.461987290354869,0.0,7.521597862243652,-0.024173778595801228,90,4.0,round_robin,chesca_planner_tool
chesca_round_robin_commitment_full_mesh,995,12,6,0,0,0,0.0,0.0,0.0,0.0,0.0,0.0,0.17666666666666672,4.292025843082779,4.292025843082779,0.0,7.521597862243652,-0.07220842324354812,90,5.0,round_robin,chesca_planner_tool
chesca_round_robin_commitment_full_mesh,996,13,6,3,3,0,0.10000000000000002,0.0,0.10000000000000002,0.0,0.10000000000000002,0.04000000000000001,0.18333333333333335,5.691174660780082,5.361174660780082,-0.33000000000000007,7.521597862243652,0.11136641292080876,90,0.0,round_robin,chesca_planner_tool
chesca_round_robin_commitment_full_mesh,997,14,6,3,0,3,0.0,0.10000000000000002,0.0,0.10000000000000002,0.0,0.0,0.19000000000000003,6.139928281504716,6.413799884640028,0.2738716031353121,7.521597862243652,0.027437364277623402,90,1.0,round_robin,chesca_planner_tool
chesca_round_robin_commitment_full_mesh,998,15,6,2,2,0,0.04,0.0,0.04,0.0,0.04,0.02,0.19666666666666668,4.713999087535279,4.55399908753528,-0.15999999999999925,7.521597862243652,0.07553104542765333,90,2.0,round_robin,chesca_planner_tool
chesca_round_robin_commitment_full_mesh,999,16,6,4,4,0,0.12,0.0,0.12,0.0,0.16,0.04,0.21666666666666667,5.549159664380316,5.1391596643803155,-0.41000000000000014,7.521597862243652,0.49452079722187375,90,3.0,round_robin,chesca_planner_tool
chesca_round_robin_commitment_full_mesh,1000,17,6,0,0,0,0.0,0.0,0.0,0.0,0.16,0.04,0.20000000000000004,6.533485243151562,6.533485243151563,8.881784197001252e-16,7.4904046058654785,0.5010447624614848,90,4.0,round_robin,chesca_planner_tool
chesca_round_robin_commitment_full_mesh,1001,18,6,3,3,0,0.08000000000000002,0.0,0.08000000000000002,0.0,0.24000000000000005,0.06000000000000001,0.20333333333333337,8.263343162108212,7.971343162108213,-0.2919999999999989,7.4904046058654785,0.6350056513086797,90,5.0,round_robin,chesca_planner_tool
chesca_round_robin_commitment_full_mesh,1002,19,6,6,0,6,0.0,0.22,0.0,0.22,0.020000000000000028,0.020000000000000004,0.2333333333333333,8.784212303425429,9.58021230342543,0.7960000000000012,7.4904046058654785,-0.13940245712028188,90,0.0,round_robin,chesca_planner_tool
chesca_round_robin_commitment_full_mesh,1003,20,6,5,0,5,0.0,0.020000000000000018,0.0,0.14,1.0408340855860843e-17,6.938893903907228e-18,0.25666666666666665,7.8100605702400205,8.31406057024002,0.5039999999999996,7.4904046058654785,-0.6236931274543028,90,1.0,round_robin,chesca_planner_tool
chesca_round_robin_commitment_full_mesh,1004,21,6,0,0,0,0.0,0.0,0.0,0.0,1.0408340855860843e-17,6.938893903907228e-18,0.25666666666666665,7.398248890732505,7.398248890732505,0.0,7.4904046058654785,-0.0966746802899819,90,2.0,round_robin,chesca_planner_tool
chesca_round_robin_commitment_full_mesh,1005,22,6,0,0,0,0.0,0.0,0.0,0.0,1.0408340855860843e-17,6.938893903907228e-18,0.25666666666666665,7.971757832289689,7.971757832289689,0.0,7.4904046058654785,0.15944562689457226,90,3.0,round_robin,chesca_planner_tool
chesca_round_robin_commitment_full_mesh,1006,23,6,0,0,0,0.0,0.0,0.0,0.0,1.0408340855860843e-17,6.938893903907228e-18,0.25666666666666665,7.908858997017106,7.908858997017105,-8.881784197001252e-16,7.4904046058654785,0.08530238034719376,90,4.0,round_robin,chesca_planner_tool
chesca_round_robin_commitment_full_mesh,1007,24,6,0,0,0,0.0,0.0,0.0,0.0,1.0408340855860843e-17,6.938893903907228e-18,0.25666666666666665,7.391706735513133,7.391706735513133,0.0,7.4904046058654785,-0.06034947348963002,90,5.0,round_robin,chesca_planner_tool
chesca_round_robin_commitment_full_mesh,1008,1,6,0,0,0,0.0,0.0,0.0,0.0,1.0408340855860843e-17,6.938893903907228e-18,0.21666666666666667,8.029941343479027,8.029941343479027,0.0,7.4904046058654785,0.09775517534868738,90,0.0,round_robin,chesca_planner_tool
chesca_round_robin_commitment_full_mesh,1009,2,6,2,0,2,0.0,0.0,0.0,0.04000000000000001,1.0408340855860843e-17,6.938893903907228e-18,0.21,7.246088677963217,7.392088677963218,0.1460000000000008,7.567991733551025,-0.23374098472999755,90,1.0,round_robin,chesca_planner_tool
chesca_round_robin_commitment_full_mesh,1010,3,6,3,0,3,0.0,6.938893903907228e-18,0.0,0.06000000000000001,3.469446951953614e-18,3.469446951953614e-18,0.19000000000000003,6.154466644685927,6.394466644685927,0.2400000000000002,7.567991733551025,-0.28774488798725206,90,2.0,round_robin,chesca_planner_tool
chesca_round_robin_commitment_full_mesh,1011,4,6,6,0,6,0.0,3.469446951953614e-18,0.0,0.16000000000000003,0.0,0.0,0.21666666666666667,5.363942612941782,5.897222775753062,0.5332801628112795,7.567991733551025,-0.2281832744608095,90,3.0,round_robin,chesca_planner_tool
chesca_round_robin_commitment_full_mesh,1012,5,6,2,0,2,0.0,0.0,0.0,0.04000000000000001,0.0,0.0,0.22333333333333336,4.420766150288127,4.541058624861435,0.12029247457330783,7.567991733551025,-0.29465057209102297,90,4.0,round_robin,chesca_planner_tool
chesca_round_robin_commitment_full_mesh,1013,6,6,0,0,0,0.0,0.0,0.0,0.0,0.0,0.0,0.20333333333333334,5.053477831922835,5.053477831922835,0.0,7.567991733551025,-0.038492002928708455,90,5.0,round_robin,chesca_planner_tool
chesca_round_robin_commitment_full_mesh,1014,7,6,0,0,0,0.0,0.0,0.0,0.0,0.0,0.0,0.20333333333333334,4.982757758049786,4.982757758049785,-8.881784197001252e-16,7.567991733551025,-0.05620555929170648,90,0.0,round_robin,chesca_planner_tool
chesca_round_robin_commitment_full_mesh,1015,8,6,3,0,3,0.0,0.0,0.0,0.06,0.0,0.0,0.21333333333333335,4.326725872989318,4.464965186895207,0.13823931390588928,7.567991733551025,-0.08690129582981855,90,1.0,round_robin,chesca_planner_tool
chesca_round_robin_commitment_full_mesh,1016,9,6,2,0,2,0.0,0.0,0.0,0.04,0.0,0.0,0.19999999999999998,2.449252171562873,2.5301375931424066,0.08088542157953382,7.567991733551025,-0.10668966166343045,90,2.0,round_robin,chesca_planner_tool
chesca_round_robin_commitment_full_mesh,1017,10,6,3,3,0,0.12,0.0,0.12,0.0,0.12,0.04,0.22,4.579584376136717,4.099584376136716,-0.4800000000000013,7.567991733551025,0.25798649796591344,90,3.0,round_robin,chesca_planner_tool
chesca_round_robin_commitment_full_mesh,1018,11,6,3,0,3,0.0,0.12,0.0,0.12000000000000002,0.0,0.0,0.24,1.6337439010857502,1.9316038637225241,0.29785996263677395,7.567991733551025,-0.0904322538442904,90,4.0,round_robin,chesca_planner_tool
chesca_round_robin_commitment_full_mesh,1019,12,6,0,0,0,0.0,0.0,0.0,0.0,0.0,0.0,0.24,2.3435469881222355,2.3435469881222355,0.0,7.567991733551025,0.13556246320410822,90,5.0,round_robin,chesca_planner_tool
chesca_round_robin_commitment_full_mesh,1020,13,6,0,0,0,0.0,0.0,0.0,0.0,0.0,0.0,0.22333333333333336,2.8212907600652133,2.8212907600652133,0.0,7.567991733551025,0.15858077517305474,90,0.0,round_robin,chesca_planner_tool
chesca_round_robin_commitment_full_mesh,1021,14,6,0,0,0,0.0,0.0,0.0,0.0,0.0,0.0,0.20666666666666667,2.6935287679138984,2.693528767913899,4.440892098500626e-16,7.567991733551025,0.016037805853289525,90,1.0,round_robin,chesca_planner_tool
chesca_round_robin_commitment_full_mesh,1022,15,6,0,0,0,0.0,0.0,0.0,0.0,0.0,0.0,0.19999999999999998,3.6529748242409257,3.6529748242409252,-4.440892098500626e-16,7.567991733551025,0.003237612498482631,90,2.0,round_robin,chesca_planner_tool
chesca_round_robin_commitment_full_mesh,1023,16,6,3,3,0,0.12,0.0,0.12,0.0,0.12,0.04,0.19999999999999998,5.507317554142397,5.111317554142398,-0.395999999999999,7.567991733551025,0.2657247228363526,90,3.0,round_robin,chesca_planner_tool
chesca_round_robin_commitment_full_mesh,1024,17,6,0,0,0,0.0,0.0,0.0,0.0,0.12,0.04,0.19999999999999998,6.794304240058717,6.794304240058718,8.881784197001252e-16,7.567991733551025,0.39603660203204377,90,4.0,round_robin,chesca_planner_tool
chesca_round_robin_commitment_full_mesh,1025,18,6,2,2,0,0.04000000000000001,0.0,0.04000000000000001,0.0,0.16000000000000003,0.04,0.19333333333333333,8.083205451190436,7.923205451190436,-0.15999999999999925,7.4904046058654785,0.5694461782521982,90,5.0,round_robin,chesca_planner_tool
chesca_round_robin_commitment_full_mesh,1026,19,6,0,0,0,0.0,0.0,0.0,0.0,0.16000000000000003,0.04,0.15666666666666668,8.368116046585754,8.368116046585754,0.0,7.4904046058654785,0.3722989194620794,90,0.0,round_robin,chesca_planner_tool
chesca_round_robin_commitment_full_mesh,1027,20,6,1,1,0,0.02,0.0,0.02,0.0,0.18000000000000002,0.04,0.13666666666666666,8.373057015657423,8.293057015657423,-0.08000000000000007,7.457115650177002,0.3029724284480051,90,1.0,round_robin,chesca_planner_tool
chesca_round_robin_commitment_full_mesh,1028,21,6,6,0,6,0.0,0.18000000000000002,0.0,0.20000000000000004,0.0,0.0,0.17,7.259796628902182,7.975796628902181,0.7159999999999993,7.457115650177002,-0.11775784001446488,90,2.0,round_robin,chesca_planner_tool
chesca_round_robin_commitment_full_mesh,1029,22,6,3,0,3,0.0,0.0,0.0,0.12000000000000002,0.0,0.0,0.19000000000000003,6.923665616678045,7.319665616678044,0.395999999999999,7.457115650177002,-0.13622693542849706,90,3.0,round_robin,chesca_planner_tool
chesca_round_robin_commitment_full_mesh,1030,23,6,0,0,0,0.0,0.0,0.0,0.0,0.0,0.0,0.19000000000000003,7.500513052229462,7.500513052229463,8.881784197001252e-16,7.457115650177002,0.011301260557073436,90,4.0,round_robin,chesca_planner_tool
chesca_round_robin_commitment_full_mesh,1031,24,6,6,0,6,0.0,0.0,0.0,0.18000000000000002,0.0,0.0,0.22,6.462241277380729,7.098241277380728,0.6359999999999992,7.457115650177002,-0.2741566006118162,90,5.0,round_robin,chesca_planner_tool
chesca_round_robin_commitment_full_mesh,1032,1,6,3,0,3,0.0,0.0,0.0,0.08000000000000002,0.0,0.0,0.23333333333333336,6.242050052737889,6.503121583655946,0.26107153091805735,7.4476637840271,-0.30762302449041584,90,0.0,round_robin,chesca_planner_tool
chesca_round_robin_commitment_full_mesh,1033,2,6,0,0,0,0.0,0.0,0.0,0.0,0.0,0.0,0.22666666666666668,6.49523889917799,6.49523889917799,0.0,7.434725284576416,-0.257954810062879,90,1.0,round_robin,chesca_planner_tool
chesca_round_robin_commitment_full_mesh,1034,3,6,3,0,3,0.0,0.0,0.0,0.06000000000000001,0.0,0.0,0.22666666666666668,5.570558932215706,5.782558932215705,0.21199999999999974,7.434725284576416,-0.3342498291965983,90,2.0,round_robin,chesca_planner_tool
chesca_round_robin_commitment_full_mesh,1035,4,6,3,0,3,0.0,0.0,0.0,0.06000000000000001,0.0,0.0,0.21,5.016861630643687,5.256861630643686,0.23999999999999932,7.434725284576416,-0.32309056390617363,90,3.0,round_robin,chesca_planner_tool
chesca_round_robin_commitment_full_mesh,1036,5,6,2,0,2,0.0,0.0,0.0,0.04,0.0,0.0,0.21,4.987048837696114,5.063261842569156,0.07621300487304161,7.434725284576416,-0.24511762814017402,90,4.0,round_robin,chesca_planner_tool
chesca_round_robin_commitment_full_mesh,1037,6,6,3,0,3,0.0,0.0,0.0,0.06000000000000001,0.0,0.0,0.22,4.976274363004199,5.136123974722959,0.15984961171875955,7.434725284576416,-0.1514659676933973,90,5.0,round_robin,chesca_planner_tool
chesca_round_robin_commitment_full_mesh,1038,7,6,0,0,0,0.0,0.0,0.0,0.0,0.0,0.0,0.22,4.250894722529938,4.250894722529937,-8.881784197001252e-16,7.434725284576416,-0.08778034633371398,90,0.0,round_robin,chesca_planner_tool
chesca_round_robin_commitment_full_mesh,1039,8,6,1,0,1,0.0,0.0,0.0,0.03999999999999998,0.0,0.0,0.21666666666666667,6.649872547831185,6.649872547831186,8.881784197001252e-16,7.434725284576416,0.18688865010525635,90,1.0,round_robin,chesca_planner_tool
chesca_round_robin_commitment_full_mesh,1040,9,6,0,0,0,0.0,0.0,0.0,0.0,0.0,0.0,0.21,1.9078741853869237,1.9078741853869237,0.0,7.434725284576416,-0.0801854646994591,90,2.0,round_robin,chesca_planner_tool
chesca_round_robin_commitment_full_mesh,1041,10,6,6,0,6,0.0,0.0,0.0,0.14,0.0,0.0,0.21333333333333335,0.4375483837773343,0.8019248353407553,0.364376451563421,7.417431831359863,-0.787784213560943,90,3.0,round_robin,chesca_planner_tool
chesca_round_robin_commitment_full_mesh,1042,11,6,0,0,0,0.0,0.0,0.0,0.0,0.0,0.0,0.19333333333333336,0.3400566782096196,0.3400566782096196,0.0,7.417431831359863,-0.08495403872574232,90,4.0,round_robin,chesca_planner_tool
chesca_round_robin_commitment_full_mesh,1043,12,6,0,0,0,0.0,0.0,0.0,0.0,0.0,0.0,0.19333333333333336,1.5124093093772233,1.5124093093772233,0.0,7.417431831359863,0.02634761958788888,90,5.0,round_robin,chesca_planner_tool
chesca_round_robin_commitment_full_mesh,1044,13,6,3,3,0,0.12,0.0,0.12,0.0,0.12,0.04,0.21333333333333335,2.849720958091609,2.36972095809161,-0.4799999999999991,7.417431831359863,0.18469024958235308,90,0.0,round_robin,chesca_planner_tool
chesca_round_robin_commitment_full_mesh,1045,14,6,3,0,3,0.0,0.12,0.0,0.12000000000000002,0.0,0.0,0.23333333333333336,1.4090309216813617,1.7065542589588605,0.2975233372774988,7.417431831359863,-0.08579148943459813,90,1.0,round_robin,chesca_planner_tool
chesca_round_robin_commitment_full_mesh,1046,15,6,1,1,0,0.02,0.0,0.02,0.0,0.02,0.02,0.2366666666666667,4.324096820865821,4.24409682086582,-0.08000000000000096,7.3665337562561035,0.09463948725918801,90,2.0,round_robin,chesca_planner_tool
chesca_round_robin_commitment_full_mesh,1047,16,6,2,0,2,0.0,0.02,0.0,0.04,0.0,0.0,0.22333333333333336,6.206363029404515,6.366363029404515,0.16000000000000014,7.417431831359863,-0.34730784300894285,90,3.0,round_robin,chesca_planner_tool
chesca_round_robin_commitment_full_mesh,1048,17,6,3,3,0,0.06000000000000001,0.0,0.06000000000000001,0.0,0.06000000000000001,0.020000000000000004,0.2333333333333333,7.658654764901832,7.460654764901832,-0.1979999999999995,7.434725284576416,0.10940464898257198,90,4.0,round_robin,chesca_planner_tool
chesca_round_robin_commitment_full_mesh,1049,18,6,0,0,0,0.0,0.0,0.0,0.0,0.06000000000000001,0.020000000000000004,0.22666666666666668,7.8321663023750006,7.8321663023750006,0.0,7.434725284576416,0.4038019770925674,90,5.0,round_robin,chesca_planner_tool
chesca_round_robin_commitment_full_mesh,1050,19,6,1,1,0,0.01999999999999999,0.0,0.01999999999999999,0.0,0.08,0.020000000000000004,0.22999999999999998,8.62072937925064,8.540729379250642,-0.0799999999999983,7.424911975860596,0.4002285900056517,90,0.0,round_robin,chesca_planner_tool
chesca_round_robin_commitment_full_mesh,1051,20,6,4,0,4,0.0,0.08,0.0,0.08000000000000002,6.938893903907228e-18,3.469446951953614e-18,0.24,7.824967568473293,8.102967568473293,0.2779999999999996,7.424911975860596,-0.03975610993962471,90,1.0,round_robin,chesca_planner_tool
chesca_round_robin_commitment_full_mesh,1052,21,6,0,0,0,0.0,0.0,0.0,0.0,6.938893903907228e-18,3.469446951953614e-18,0.20666666666666667,7.634144518813848,7.634144518813848,0.0,7.424911975860596,-0.0305915083879999,90,2.0,round_robin,chesca_planner_tool
chesca_round_robin_commitment_full_mesh,1053,22,6,0,0,0,0.0,0.0,0.0,0.0,6.938893903907228e-18,3.469446951953614e-18,0.18666666666666668,7.655067311400039,7.655067311400039,0.0,7.424911975860596,0.06741600555700458,90,3.0,round_robin,chesca_planner_tool
chesca_round_robin_commitment_full_mesh,1054,23,6,6,6,0,0.20000000000000004,0.0,0.20000000000000004,0.0,0.20000000000000004,0.04000000000000001,0.21999999999999997,9.393578515483615,8.677578515483615,-0.7159999999999993,7.434725284576416,0.4611427786898215,90,4.0,round_robin,chesca_planner_tool
chesca_round_robin_commitment_full_mesh,1055,24,6,0,0,0,0.0,0.0,0.0,0.0,0.20000000000000004,0.04000000000000001,0.19000000000000003,8.910450980437577,8.910450980437577,0.0,7.434725284576416,0.43441514884833227,90,5.0,round_robin,chesca_planner_tool
chesca_round_robin_commitment_full_mesh,1056,1,6,0,0,0,0.0,0.0,0.0,0.0,0.20000000000000004,0.04000000000000001,0.17666666666666667,8.471046212973821,8.471046212973821,0.0,7.434725284576416,0.16612198657775457,90,0.0,round_robin,chesca_planner_tool
chesca_round_robin_commitment_full_mesh,1057,2,6,6,0,6,0.0,0.20000000000000004,0.0,0.20000000000000004,0.0,0.0,0.21,6.793542138505144,7.509542138505144,0.7160000000000002,7.434725284576416,-0.34541824258431275,90,1.0,round_robin,chesca_planner_tool
chesca_round_robin_commitment_full_mesh,1058,3,6,6,0,6,0.0,0.0,0.0,0.18000000000000002,0.0,0.0,0.23,5.5009125522234745,6.136912552223474,0.6359999999999992,7.452304840087891,-0.6567468994334296,90,2.0,round_robin,chesca_planner_tool
chesca_round_robin_commitment_full_mesh,1059,4,6,3,0,3,0.0,0.0,0.0,0.08000000000000002,0.0,0.0,0.2333333333333333,5.261541981036848,5.522401984915409,0.26086000387856156,7.474915504455566,-0.48949410813307226,90,3.0,round_robin,chesca_planner_tool
chesca_round_robin_commitment_full_mesh,1060,5,6,0,0,0,0.0,0.0,0.0,0.0,0.0,0.0,0.22666666666666666,5.350144811906207,5.350144811906208,8.881784197001252e-16,7.474915504455566,-0.22814285933502826,90,4.0,round_robin,chesca_planner_tool
chesca_round_robin_commitment_full_mesh,1061,6,6,1,0,1,0.0,0.0,0.0,0.02,0.0,0.0,0.21999999999999997,5.428277637417783,5.466734821102979,0.03845718368519613,7.474915504455566,-0.14304551085484313,90,5.0,round_robin,chesca_planner_tool
chesca_round_robin_commitment_full_mesh,1062,7,6,1,0,1,0.0,0.0,0.0,0.02,0.0,0.0,0.2233333333333333,4.778796015522882,4.844796015522882,0.06599999999999984,7.474915504455566,-0.08185269685059116,90,0.0,round_robin,chesca_planner_tool
chesca_round_robin_commitment_full_mesh,1063,8,6,0,0,0,0.0,0.0,0.0,0.0,0.0,0.0,0.21666666666666667,4.348477036008941,4.348477036008941,0.0,7.474915504455566,-0.06129291155155647,90,1.0,round_robin,chesca_planner_tool
chesca_round_robin_commitment_full_mesh,1064,9,6,6,0,6,0.0,0.0,0.0,0.14,0.0,0.0,0.24000000000000002,1.8571774431308865,2.223894453130422,0.3667170099995356,7.529611587524414,-0.9500862807069198,90,2.0,round_robin,chesca_planner_tool
chesca_round_robin_commitment_full_mesh,1065,10,6,5,0,5,0.0,0.0,0.0,0.1,0.0,0.0,0.23333333333333336,2.8312959167613974,3.0228146015450754,0.19151868478367806,7.529611587524414,-1.057225347964085,90,3.0,round_robin,chesca_planner_tool
chesca_round_robin_commitment_full_mesh,1066,11,6,1,0,1,0.0,0.0,0.0,0.02,0.0,0.0,0.2366666666666667,2.488602236649705,2.5293606678242435,0.04075843117453859,7.529611587524414,-0.7609570667661061,90,4.0,round_robin,chesca_planner_tool
chesca_round_robin_commitment_full_mesh,1067,12,6,0,0,0,0.0,0.0,0.0,0.0,0.0,0.0,0.2366666666666667,1.2841687997472424,1.2841687997472424,0.0,7.529611587524414,-0.217287449436108,90,5.0,round_robin,chesca_planner_tool
chesca_round_robin_commitment_full_mesh,1068,13,6,2,0,2,0.0,0.0,0.0,0.04,0.0,0.0,0.22333333333333336,4.68833724550499,4.848337245504991,0.16000000000000103,7.587589740753174,-0.5149895483358712,90,0.0,round_robin,chesca_planner_tool
chesca_round_robin_commitment_full_mesh,1069,14,6,2,0,2,0.0,0.0,0.0,0.04,0.0,0.0,0.21,3.664800856999615,3.824800856999615,0.16000000000000014,7.587589740753174,-0.0799133504109695,90,1.0,round_robin,chesca_planner_tool
chesca_round_robin_commitment_full_mesh,1070,15,6,3,3,0,0.12,0.0,0.12,0.0,0.12,0.04000000000000001,0.22666666666666666,6.611215340420586,6.161453125759941,-0.4497622146606446,7.587589740753174,0.3024261315963882,90,2.0,round_robin,chesca_planner_tool
chesca_round_robin_commitment_full_mesh,1071,16,6,3,0,3,0.0,0.12,0.0,0.12000000000000001,0.0,0.0,0.24,6.291580866487077,6.771580866487078,0.4800000000000004,7.587589740753174,-0.19431501284313432,90,3.0,round_robin,chesca_planner_tool
chesca_round_robin_commitment_full_mesh,1072,17,6,1,1,0,0.020000000000000004,0.0,0.020000000000000004,0.0,0.020000000000000004,0.020000000000000004,0.2333333333333333,7.929072075536163,7.849072075536162,-0.08000000000000096,7.587589740753174,0.29102775458679797,90,4.0,round_robin,chesca_planner_tool
chesca_round_robin_commitment_full_mesh,1073,18,6,5,5,0,0.16000000000000003,0.0,0.16000000000000003,0.0,0.18000000000000002,0.04000000000000001,0.26,9.945215444125989,9.361215444125989,-0.5839999999999996,7.587589740753174,0.9030883344019766,90,5.0,round_robin,chesca_planner_tool
chesca_round_robin_commitment_full_mesh,1074,19,6,1,1,0,0.04000000000000001,0.0,0.04000000000000001,0.0,0.22000000000000003,0.04000000000000001,0.26333333333333336,10.584382746457091,10.452382746457092,-0.13199999999999967,7.587589740753174,1.1819422518889924,90,0.0,round_robin,chesca_planner_tool
chesca_round_robin_commitment_full_mesh,1075,20,6,0,0,0,0.0,0.0,0.0,0.0,0.22000000000000003,0.04000000000000001,0.25,10.31275537800922,10.31275537800922,0.0,7.587589740753174,0.9687259429979355,90,1.0,round_robin,chesca_planner_tool
chesca_round_robin_commitment_full_mesh,1076,21,6,0,0,0,0.0,0.0,0.0,0.0,0.22000000000000003,0.04000000000000001,0.25,9.564850178979784,9.564850178979784,0.0,7.587589740753174,0.5856075207835408,90,2.0,round_robin,chesca_planner_tool
chesca_round_robin_commitment_full_mesh,1077,22,6,0,0,0,0.0,0.0,0.0,0.0,0.22000000000000003,0.04000000000000001,0.25,8.371719203509112,8.371719203509112,0.0,7.587589740753174,0.15128690885739865,90,3.0,round_robin,chesca_planner_tool
chesca_round_robin_commitment_full_mesh,1078,23,6,0,0,0,0.0,0.0,0.0,0.0,0.22000000000000003,0.04000000000000001,0.21666666666666667,9.242714934247205,9.242714934247205,0.0,7.587589740753174,0.6230350349345435,90,4.0,round_robin,chesca_planner_tool
chesca_round_robin_commitment_full_mesh,1079,24,6,0,0,0,0.0,0.0,0.0,0.0,0.22000000000000003,0.04000000000000001,0.21666666666666667,8.407990178960036,8.407990178960036,0.0,7.587589740753174,0.14193681575437836,90,5.0,round_robin,chesca_planner_tool
chesca_round_robin_commitment_full_mesh,1080,1,6,6,0,6,0.0,0.22000000000000003,0.0,0.22000000000000003,0.0,0.0,0.25333333333333335,7.225664121805,7.927428962247145,0.701764840442145,7.587589740753174,-0.16411408993356286,90,0.0,round_robin,chesca_planner_tool
chesca_round_robin_commitment_full_mesh,1081,2,6,0,0,0,0.0,0.0,0.0,0.0,0.0,0.0,0.22,6.031183451117449,6.03118345111745,8.881784197001252e-16,7.587589740753174,-0.4908936933718294,90,1.0,round_robin,chesca_planner_tool
chesca_round_robin_commitment_full_mesh,1082,3,6,3,0,3,0.0,0.0,0.0,0.06000000000000001,0.0,0.0,0.19999999999999998,5.158441363722739,5.328392569672842,0.16995120595010338,7.529611587524414,-0.20350612834995147,90,2.0,round_robin,chesca_planner_tool
chesca_round_robin_commitment_full_mesh,1083,4,6,0,0,0,0.0,0.0,0.0,0.0,0.0,0.0,0.18666666666666668,6.459877218713621,6.459877218713621,0.0,7.529611587524414,0.01990017104623397,90,3.0,round_robin,chesca_planner_tool
chesca_round_robin_commitment_full_mesh,1084,5,6,4,0,4,0.0,0.0,0.0,0.12000000000000002,0.0,0.0,0.20666666666666667,5.275961524230012,5.657912073792337,0.3819505495623252,7.529611587524414,-0.14665670223728863,90,4.0,round_robin,chesca_planner_tool
chesca_round_robin_commitment_full_mesh,1085,6,6,0,0,0,0.0,0.0,0.0,0.0,0.0,0.0,0.20333333333333334,5.58442997611034,5.584429976110341,8.881784197001252e-16,7.529611587524414,-0.027423573495803488,90,5.0,round_robin,chesca_planner_tool
chesca_round_robin_commitment_full_mesh,1086,7,6,0,0,0,0.0,0.0,0.0,0.0,0.0,0.0,0.19999999999999998,5.151749771096946,5.151749771096946,0.0,7.529611587524414,0.04423759043685514,90,0.0,round_robin,chesca_planner_tool
chesca_round_robin_commitment_full_mesh,1087,8,6,0,0,0,0.0,0.0,0.0,0.0,0.0,0.0,0.19999999999999998,3.766849787162183,3.7668497871621835,4.440892098500626e-16,7.474915504455566,-0.051445526957093084,90,1.0,round_robin,chesca_planner_tool
chesca_round_robin_commitment_full_mesh,1088,9,6,3,0,3,0.0,0.0,0.0,0.06,0.0,0.0,0.18666666666666668,2.7779440241675775,2.891350739182924,0.11340671501534638,7.474915504455566,-0.21547828067060637,90,2.0,round_robin,chesca_planner_tool
chesca_round_robin_commitment_full_mesh,1089,10,6,0,0,0,0.0,0.0,0.0,0.0,0.0,0.0,0.17,2.0222999112923183,2.0222999112923183,0.0,7.474915504455566,0.039252856039907136,90,3.0,round_robin,chesca_planner_tool
chesca_round_robin_commitment_full_mesh,1090,11,6,6,6,0,0.22,0.0,0.22,0.0,0.22,0.04,0.20333333333333337,3.800196027603143,3.004196027603143,-0.7959999999999998,7.474915504455566,0.10163298780826227,90,4.0,round_robin,chesca_planner_tool
chesca_round_robin_commitment_full_mesh,1091,12,6,4,0,4,0.0,0.1,0.0,0.10000000000000002,0.11999999999999998,0.04,0.22,4.378020236581276,4.622911359131383,0.24489112255010692,7.474915504455566,0.020012809106802584,90,5.0,round_robin,chesca_planner_tool
chesca_round_robin_commitment_full_mesh,1092,13,6,0,0,0,0.0,0.0,0.0,0.0,0.11999999999999998,0.04,0.21333333333333335,3.206393107233415,3.206393107233415,0.0,7.474915504455566,0.0339985165000848,90,0.0,round_robin,chesca_planner_tool
chesca_round_robin_commitment_full_mesh,1093,14,6,2,0,2,0.0,0.04,0.0,0.04,0.07999999999999999,0.02,0.21333333333333335,3.400267485556292,3.527429991486412,0.1271625059301198,7.474915504455566,0.018428387987414942,90,1.0,round_robin,chesca_planner_tool
chesca_round_robin_commitment_full_mesh,1094,15,6,2,2,0,0.04000000000000001,0.0,0.04000000000000001,0.0,0.12000000000000001,0.020000000000000004,0.20000000000000004,5.679100388692595,5.533100388692596,-0.14599999999999902,7.474915504455566,0.39237515578723,90,2.0,round_robin,chesca_planner_tool
chesca_round_robin_commitment_full_mesh,1095,16,6,3,3,0,0.12000000000000002,0.0,0.12000000000000002,0.0,0.24,0.06000000000000001,0.20000000000000004,6.877437272022263,6.397437272022263,-0.47999999999999954,7.474915504455566,0.6333202938583902,90,3.0,round_robin,chesca_planner_tool
chesca_round_robin_commitment_full_mesh,1096,17,6,2,2,0,0.04000000000000001,0.0,0.04000000000000001,0.0,0.28,0.06000000000000001,0.20333333333333337,8.004992781518107,7.872992781518107,-0.13199999999999967,7.474915504455566,0.7987872867559989,90,4.0,round_robin,chesca_planner_tool
chesca_round_robin_commitment_full_mesh,1097,18,6,0,0,0,0.0,0.0,0.0,0.0,0.28,0.06000000000000001,0.17666666666666667,10.25688195717986,10.256881957179862,1.7763568394002505e-15,7.529611587524414,0.976600868866337,90,5.0,round_robin,chesca_planner_tool
chesca_round_robin_commitment_full_mesh,1098,19,6,5,5,0,0.18000000000000002,0.0,0.18000000000000002,0.0,0.46,0.10000000000000002,0.20000000000000004,11.178567302834807,10.500567302834808,-0.677999999999999,7.529611587524414,1.3707413944414317,90,0.0,round_robin,chesca_planner_tool
chesca_round_robin_commitment_full_mesh,1099,20,6,1,1,0,0.04,0.0,0.04,0.0,0.5000000000000001,0.10000000000000002,0.20666666666666667,11.624222083579633,11.492222083579634,-0.13199999999999967,7.529611587524414,1.6250551394256036,90,1.0,round_robin,chesca_planner_tool
chesca_round_robin_commitment_full_mesh,1100,21,6,0,0,0,0.0,0.0,0.0,0.0,0.5000000000000001,0.10000000000000002,0.20666666666666667,10.935837111184313,10.935837111184313,0.0,7.529611587524414,1.19947922597218,90,2.0,round_robin,chesca_planner_tool
chesca_round_robin_commitment_full_mesh,1101,22,6,0,0,0,0.0,0.0,0.0,0.0,0.5000000000000001,0.10000000000000002,0.20666666666666667,8.299536685718662,8.299536685718662,0.0,7.587589740753174,0.1654780350464663,90,3.0,round_robin,chesca_planner_tool
chesca_round_robin_commitment_full_mesh,1102,23,6,0,0,0,0.0,0.0,0.0,0.0,0.5000000000000001,0.10000000000000002,0.20666666666666667,8.551586993364024,8.551586993364024,0.0,7.587589740753174,0.43189111773611033,90,4.0,round_robin,chesca_planner_tool
chesca_round_robin_commitment_full_mesh,1103,24,6,0,0,0,0.0,0.0,0.0,0.0,0.5000000000000001,0.10000000000000002,0.20666666666666667,8.586626009552157,8.586626009552157,0.0,7.587589740753174,0.277449070846407,90,5.0,round_robin,chesca_planner_tool
chesca_round_robin_commitment_full_mesh,1104,1,6,0,0,0,0.0,0.0,0.0,0.0,0.5000000000000001,0.10000000000000002,0.17,8.6699939438235,8.6699939438235,0.0,7.587589740753174,0.31656353338394727,90,0.0,round_robin,chesca_planner_tool
chesca_round_robin_commitment_full_mesh,1105,2,6,6,0,6,0.0,0.24000000000000005,0.0,0.24000000000000005,0.26,0.06000000000000001,0.21,7.7772109678395,8.561212170066527,0.7840012022270271,7.587589740753174,-0.13842571597682338,90,1.0,round_robin,chesca_planner_tool
chesca_round_robin_commitment_full_mesh,1106,3,6,6,0,6,0.0,0.2,0.0,0.2,0.06,0.020000000000000004,0.23333333333333336,5.453376340200348,6.164893987051513,0.7115176468511644,7.613945007324219,-0.32363801083336086,90,2.0,round_robin,chesca_planner_tool
chesca_round_robin_commitment_full_mesh,1107,4,6,3,0,3,0.0,0.05999999999999999,0.0,0.06000000000000001,1.0408340855860843e-17,1.0408340855860843e-17,0.24333333333333332,5.236512275067418,5.476116245334973,0.23960397026755498,7.613945007324219,-0.18904039573571396,90,3.0,round_robin,chesca_planner_tool
chesca_round_robin_commitment_full_mesh,1108,5,6,0,0,0,0.0,0.0,0.0,0.0,1.0408340855860843e-17,1.0408340855860843e-17,0.2233333333333333,5.046563647481655,5.046563647481655,0.0,7.613945007324219,-0.14122140916227244,90,4.0,round_robin,chesca_planner_tool
chesca_round_robin_commitment_full_mesh,1109,6,6,2,0,2,0.0,0.0,0.0,0.06,1.0408340855860843e-17,1.0408340855860843e-17,0.2333333333333333,5.876049050176796,6.054627809890403,0.1785787597136066,7.613945007324219,-0.09352207949170416,90,5.0,round_robin,chesca_planner_tool
chesca_round_robin_commitment_full_mesh,1110,7,6,0,0,0,0.0,0.0,0.0,0.0,1.0408340855860843e-17,1.0408340855860843e-17,0.2333333333333333,4.610269854190737,4.610269854190737,0.0,7.613945007324219,-0.03342469172409121,90,0.0,round_robin,chesca_planner_tool
chesca_round_robin_commitment_full_mesh,1111,8,6,0,0,0,0.0,0.0,0.0,0.0,1.0408340855860843e-17,1.0408340855860843e-17,0.2333333333333333,3.833159849236388,3.833159849236388,0.0,7.613945007324219,-0.04964600914881668,90,1.0,round_robin,chesca_planner_tool
chesca_round_robin_commitment_full_mesh,1112,9,6,0,0,0,0.0,0.0,0.0,0.0,1.0408340855860843e-17,1.0408340855860843e-17,0.2233333333333333,1.6052123359482096,1.6052123359482096,0.0,7.613945007324219,-0.2026962053594402,90,2.0,round_robin,chesca_planner_tool
chesca_round_robin_commitment_full_mesh,1113,10,6,3,0,3,0.0,1.0408340855860843e-17,0.0,0.06,0.0,0.0,0.2333333333333333,0.328293634592308,0.44158219980740826,0.11328856521510028,7.613945007324219,-0.13195020156644158,90,3.0,round_robin,chesca_planner_tool
chesca_round_robin_commitment_full_mesh,1114,11,6,0,0,0,0.0,0.0,0.0,0.0,0.0,0.0,0.19666666666666668,1.4646279091844916,1.4646279091844916,0.0,7.613945007324219,0.09447179331430565,90,4.0,round_robin,chesca_planner_tool
chesca_round_robin_commitment_full_mesh,1115,12,6,0,0,0,0.0,0.0,0.0,0.0,0.0,0.0,0.18000000000000002,0.4280481970450727,0.4280481970450728,1.1102230246251565e-16,7.613945007324219,0.0036879702541036466,90,5.0,round_robin,chesca_planner_tool
chesca_round_robin_commitment_full_mesh,1116,13,6,6,6,0,0.18,0.0,0.18,0.0,0.18,0.04,0.21,2.7008449128886816,2.064844912888682,-0.6359999999999997,7.613945007324219,0.34380545831784176,90,0.0,round_robin,chesca_planner_tool
chesca_round_robin_commitment_full_mesh,1117,14,6,5,0,5,0.0,0.12000000000000002,0.0,0.12000000000000002,0.05999999999999999,0.02,0.22333333333333336,3.8119794799534388,4.114037526852315,0.3020580468988765,7.613945007324219,-0.0014521714816293219,90,1.0,round_robin,chesca_planner_tool
chesca_round_robin_commitment_full_mesh,1118,15,6,1,1,0,0.020000000000000004,0.0,0.020000000000000004,0.0,0.08,0.020000000000000004,0.22,5.546080411032642,5.4660804110326415,-0.08000000000000007,7.613945007324219,0.28454510934899596,90,2.0,round_robin,chesca_planner_tool
chesca_round_robin_commitment_full_mesh,1119,16,6,1,1,0,0.02,0.0,0.02,0.0,0.1,0.020000000000000004,0.20333333333333334,7.5619075078683,7.4959075078683,-0.06599999999999984,7.613945007324219,0.2833795069844102,90,3.0,round_robin,chesca_planner_tool
chesca_round_robin_commitment_full_mesh,1120,17,6,6,6,0,0.16000000000000003,0.0,0.16000000000000003,0.0,0.26,0.06000000000000001,0.22333333333333336,10.927139475547744,10.329139475547745,-0.597999999999999,7.624370574951172,0.8198896197812775,90,4.0,round_robin,chesca_planner_tool
chesca_round_robin_commitment_full_mesh,1121,18,6,5,5,0,0.1,0.0,0.1,0.0,0.36,0.08000000000000002,0.24000000000000002,11.535420790540785,11.163420790540787,-0.3719999999999981,7.634449005126953,1.4154544840038876,90,5.0,round_robin,chesca_planner_tool
chesca_round_robin_commitment_full_mesh,1122,19,6,1,1,0,0.020000000000000004,0.0,0.020000000000000004,0.0,0.38,0.08000000000000002,0.21333333333333335,11.741079809548188,11.675079809548187,-0.06600000000000072,7.634449005126953,1.5410381703493254,90,0.0,round_robin,chesca_planner_tool
chesca_round_robin_commitment_full_mesh,1123,20,6,1,1,0,0.02,0.0,0.02,0.0,0.4,0.08000000000000002,0.21,11.564607291737268,11.484607291737268,-0.08000000000000007,7.634449005126953,1.256766211562073,90,1.0,round_robin,chesca_planner_tool
chesca_round_robin_commitment_full_mesh,1124,21,6,0,0,0,0.0,0.0,0.0,0.0,0.4,0.08000000000000002,0.21,10.562869634431529,10.562869634431529,0.0,7.634449005126953,0.33264968951691953,90,2.0,round_robin,chesca_planner_tool
chesca_round_robin_commitment_full_mesh,1125,22,6,0,0,0,0.0,0.0,0.0,0.0,0.4,0.08000000000000002,0.21,9.098242603483298,9.0982426034833,1.7763568394002505e-15,7.634449005126953,0.4080334587285723,90,3.0,round_robin,chesca_planner_tool
chesca_round_robin_commitment_full_mesh,1126,23,6,0,0,0,0.0,0.0,0.0,0.0,0.4,0.08000000000000002,0.21,9.409802393269771,9.409802393269771,0.0,7.634449005126953,0.7084996937998722,90,4.0,round_robin,chesca_planner_tool
chesca_round_robin_commitment_full_mesh,1127,24,6,0,0,0,0.0,0.0,0.0,0.0,0.4,0.08000000000000002,0.21,9.25559455789871,9.25559455789871,0.0,7.634449005126953,0.5432486449483119,90,5.0,round_robin,chesca_planner_tool
chesca_round_robin_commitment_full_mesh,1128,1,6,6,0,6,0.0,0.24000000000000005,0.0,0.24000000000000005,0.16000000000000003,0.04000000000000001,0.25,7.729033743023345,8.605033743023347,0.8760000000000012,7.634449005126953,-0.06328978963488607,90,0.0,round_robin,chesca_planner_tool
chesca_round_robin_commitment_full_mesh,1129,2,6,6,0,6,0.0,0.16000000000000003,0.0,0.16000000000000003,0.0,0.0,0.2366666666666667,6.286549418956084,6.884549418956084,0.5979999999999999,7.634449005126953,-0.13887037691965334,90,1.0,round_robin,chesca_planner_tool
chesca_round_robin_commitment_full_mesh,1130,3,6,0,0,0,0.0,0.0,0.0,0.0,0.0,0.0,0.20333333333333334,5.448911755084993,5.448911755084993,0.0,7.624370574951172,-0.09334350552425551,90,2.0,round_robin,chesca_planner_tool
chesca_round_robin_commitment_full_mesh,1131,4,6,0,0,0,0.0,0.0,0.0,0.0,0.0,0.0,0.19333333333333336,5.494527383645376,5.494527383645376,0.0,7.624370574951172,0.07326198810214064,90,3.0,round_robin,chesca_planner_tool
chesca_round_robin_commitment_full_mesh,1132,5,6,4,4,0,0.14,0.0,0.14,0.0,0.14,0.04,0.21666666666666667,5.285489945715056,4.753489945715056,-0.532,7.624370574951172,0.08686031328819951,90,4.0,round_robin,chesca_planner_tool
chesca_round_robin_commitment_full_mesh,1133,6,6,0,0,0,0.0,0.0,0.0,0.0,0.14,0.04,0.20666666666666667,5.512276524913402,5.512276524913401,-8.881784197001252e-16,7.624370574951172,0.20821641420094764,90,5.0,round_robin,chesca_planner_tool
chesca_round_robin_commitment_full_mesh,1134,7,6,1,1,0,0.04,0.0,0.04,0.0,0.18000000000000002,0.04,0.21333333333333335,5.084510520236447,4.952510520236447,-0.13199999999999967,7.624370574951172,0.16317542409687663,90,0.0,round_robin,chesca_planner_tool
chesca_round_robin_commitment_full_mesh,1135,8,6,5,0,5,0.0,0.18000000000000002,0.0,0.18000000000000002,0.0,0.0,0.24333333333333332,4.084856279221818,4.521765832489557,0.4369095532677383,7.634449005126953,-0.3599560325950622,90,1.0,round_robin,chesca_planner_tool
chesca_round_robin_commitment_full_mesh,1136,9,6,0,0,0,0.0,0.0,0.0,0.0,0.0,0.0,0.24333333333333332,2.822853934392521,2.822853934392521,0.0,7.634449005126953,0.04224874629376056,90,2.0,round_robin,chesca_planner_tool
chesca_round_robin_commitment_full_mesh,1137,10,6,0,0,0,0.0,0.0,0.0,0.0,0.0,0.0,0.23333333333333336,3.1363971040770573,3.136397104077057,-4.440892098500626e-16,7.634449005126953,0.19602776532525795,90,3.0,round_robin,chesca_planner_tool
chesca_round_robin_commitment_full_mesh,1138,11,6,1,1,0,0.02,0.0,0.02,0.0,0.02,0.02,0.2366666666666667,2.7210817982131488,2.655081798213149,-0.06599999999999984,7.634449005126953,0.2880628466661923,90,4.0,round_robin,chesca_planner_tool
chesca_round_robin_commitment_full_mesh,1139,12,6,0,0,0,0.0,0.0,0.0,0.0,0.02,0.02,0.2366666666666667,3.164329023411762,3.1643290234117623,4.440892098500626e-16,7.634449005126953,0.21014712970241986,90,5.0,round_robin,chesca_planner_tool
chesca_round_robin_commitment_full_mesh,1140,13,6,0,0,0,0.0,0.0,0.0,0.0,0.02,0.02,0.2066666666666667,4.331424473763465,4.331424473763465,0.0,7.634449005126953,0.4230114002266687,90,0.0,round_robin,chesca_planner_tool
chesca_round_robin_commitment_full_mesh,1141,14,6,5,5,0,0.10000000000000002,0.0,0.10000000000000002,0.0,0.12000000000000002,0.020000000000000004,0.20333333333333337,5.493479238160829,5.12147923816083,-0.371999999999999,7.634449005126953,0.35494642789475983,90,1.0,round_robin,chesca_planner_tool
chesca_round_robin_commitment_full_mesh,1142,15,6,0,0,0,0.0,0.0,0.0,0.0,0.12000000000000002,0.020000000000000004,0.20000000000000004,6.201584600925537,6.201584600925537,0.0,7.634449005126953,0.3444448061801262,90,2.0,round_robin,chesca_planner_tool
chesca_round_robin_commitment_full_mesh,1143,16,6,0,0,0,0.0,0.0,0.0,0.0,0.12000000000000002,0.020000000000000004,0.19666666666666668,7.566181727439423,7.566181727439424,8.881784197001252e-16,7.634449005126953,0.3126339676676456,90,3.0,round_robin,chesca_planner_tool
chesca_round_robin_commitment_full_mesh,1144,17,6,4,4,0,0.1,0.0,0.1,0.0,0.22,0.06,0.18666666666666668,8.970875350663347,8.626875350663346,-0.3440000000000012,7.634449005126953,0.5979364962244864,90,4.0,round_robin,chesca_planner_tool
chesca_round_robin_commitment_full_mesh,1145,18,6,5,5,0,0.14,0.0,0.14,0.0,0.36000000000000004,0.06000000000000001,0.19333333333333336,10.969617949384999,10.437617949384999,-0.532,7.634449005126953,1.2263912906856567,90,5.0,round_robin,chesca_planner_tool
chesca_round_robin_commitment_full_mesh,1146,19,6,6,6,0,0.14,0.0,0.14,0.0,0.5,0.1,0.21333333333333337,13.464039277895187,12.960039277895186,-0.5040000000000013,7.634449005126953,1.689130002727246,90,0.0,round_robin,chesca_planner_tool
chesca_round_robin_commitment_full_mesh,1147,20,6,0,0,0,0.0,0.0,0.0,0.0,0.5,0.1,0.21000000000000005,13.002348649911337,13.002348649911335,-1.7763568394002505e-15,7.634449005126953,1.060861270061597,90,1.0,round_robin,chesca_planner_tool
chesca_round_robin_commitment_full_mesh,1148,21,6,0,0,0,0.0,0.0,0.0,0.0,0.5,0.1,0.21000000000000005,10.902711536607564,10.902711536607564,0.0,7.634449005126953,0.8612539412997812,90,2.0,round_robin,chesca_planner_tool
chesca_round_robin_commitment_full_mesh,1149,22,6,0,0,0,0.0,0.0,0.0,0.0,0.5,0.1,0.21000000000000005,9.535247744985083,9.535247744985083,0.0,7.634449005126953,0.5321460363203645,90,3.0,round_robin,chesca_planner_tool
chesca_round_robin_commitment_full_mesh,1150,23,6,0,0,0,0.0,0.0,0.0,0.0,0.5,0.1,0.21000000000000005,9.672324360531874,9.672324360531874,0.0,7.668598651885986,0.7339649109323931,90,4.0,round_robin,chesca_planner_tool
chesca_round_robin_commitment_full_mesh,1151,24,6,0,0,0,0.0,0.0,0.0,0.0,0.5,0.1,0.21000000000000005,10.035241876317738,10.03524187631774,1.7763568394002505e-15,7.668598651885986,0.8101975411631366,90,5.0,round_robin,chesca_planner_tool
chesca_round_robin_commitment_full_mesh,1152,1,6,0,0,0,0.0,0.0,0.0,0.0,0.5,0.1,0.17,9.815628545875981,9.815628545875983,1.7763568394002505e-15,7.668598651885986,0.6702375504103183,90,0.0,round_robin,chesca_planner_tool
chesca_round_robin_commitment_full_mesh,1153,2,6,0,0,0,0.0,0.0,0.0,0.0,0.5,0.1,0.14333333333333334,8.663897344409854,8.663897344409852,-1.7763568394002505e-15,7.668598651885986,0.25732228189808304,90,1.0,round_robin,chesca_planner_tool
chesca_round_robin_commitment_full_mesh,1154,3,6,6,0,6,0.0,0.24000000000000005,0.0,0.24000000000000005,0.26,0.06,0.18333333333333335,6.54080400138141,7.4168040013814105,0.8760000000000003,7.704866886138916,-0.026286552188084525,90,2.0,round_robin,chesca_planner_tool
chesca_round_robin_commitment_full_mesh,1155,4,6,6,0,6,0.0,0.16000000000000003,0.0,0.16000000000000003,0.09999999999999998,0.020000000000000004,0.21,5.943974549163679,6.477288840970609,0.5333142918069305,7.704866886138916,-0.0070878957600221115,90,3.0,round_robin,chesca_planner_tool
chesca_round_robin_commitment_full_mesh,1156,5,6,5,0,5,0.0,0.09999999999999996,0.0,0.10000000000000002,6.938893903907228e-18,6.938893903907228e-18,0.20333333333333334,4.8846642461234495,5.212557554832626,0.3278933087091769,7.704866886138916,-3.799931291145753e-05,90,4.0,round_robin,chesca_planner_tool
chesca_round_robin_commitment_full_mesh,1157,6,6,5,5,0,0.12000000000000001,0.0,0.12000000000000001,0.0,0.12000000000000002,0.04000000000000001,0.22333333333333336,5.557671753411976,5.105671753411976,-0.45199999999999996,7.704866886138916,0.1401003780651645,90,5.0,round_robin,chesca_planner_tool
chesca_round_robin_commitment_full_mesh,1158,7,6,0,0,0,0.0,0.0,0.0,0.0,0.12000000000000002,0.04000000000000001,0.21666666666666667,5.471985562252874,5.471985562252875,8.881784197001252e-16,7.704866886138916,0.23220479386880838,90,0.0,round_robin,chesca_planner_tool
chesca_round_robin_commitment_full_mesh,1159,8,6,6,0,6,0.0,0.12000000000000002,0.0,0.14,3.469446951953614e-18,3.469446951953614e-18,0.21,5.035999891240283,5.503795000080015,0.4677951088397325,7.725755214691162,-0.5686377927728199,90,1.0,round_robin,chesca_planner_tool
chesca_round_robin_commitment_full_mesh,1160,9,6,0,0,0,0.0,0.0,0.0,0.0,3.469446951953614e-18,3.469446951953614e-18,0.21,3.024095659407505,3.0240956594075046,-4.440892098500626e-16,7.725755214691162,0.01606877403620316,90,2.0,round_robin,chesca_planner_tool
chesca_round_robin_commitment_full_mesh,1161,10,6,4,4,0,0.1,0.0,0.1,0.0,0.1,0.04,0.22666666666666668,3.4119181639843097,3.0539181639843096,-0.3580000000000001,7.725755214691162,0.11352142515870917,90,3.0,round_robin,chesca_planner_tool
chesca_round_robin_commitment_full_mesh,1162,11,6,0,0,0,0.0,0.0,0.0,0.0,0.1,0.04,0.22333333333333336,2.386118876940425,2.386118876940425,0.0,7.725755214691162,0.1676751112974883,90,4.0,round_robin,chesca_planner_tool
chesca_round_robin_commitment_full_mesh,1163,12,6,0,0,0,0.0,0.0,0.0,0.0,0.1,0.04,0.22333333333333336,2.6904457816232092,2.6904457816232092,0.0,7.725755214691162,0.2565135128361693,90,5.0,round_robin,chesca_planner_tool
chesca_round_robin_commitment_full_mesh,1164,13,6,1,1,0,0.020000000000000004,0.0,0.020000000000000004,0.0,0.12000000000000001,0.04,0.22666666666666668,4.770838164791513,4.7048381647915125,-0.06600000000000072,7.725755214691162,0.4235283372401272,90,0.0,round_robin,chesca_planner_tool
chesca_round_robin_commitment_full_mesh,1165,14,6,5,0,5,0.0,0.12000000000000001,0.0,0.12000000000000001,3.469446951953614e-18,3.469446951953614e-18,0.23,4.120152692560055,4.4814304860868255,0.3612777935267708,7.7497944831848145,-0.2606937977483098,90,1.0,round_robin,chesca_planner_tool
chesca_round_robin_commitment_full_mesh,1166,15,6,0,0,0,0.0,0.0,0.0,0.0,3.469446951953614e-18,3.469446951953614e-18,0.23,6.457617896445685,6.457617896445685,0.0,7.825613975524902,-0.13834151801809835,90,2.0,round_robin,chesca_planner_tool
chesca_round_robin_commitment_full_mesh,1167,16,6,4,4,0,0.08,0.0,0.08,0.0,0.08,0.020000000000000007,0.24333333333333337,8.574457163056673,8.268457163056672,-0.30600000000000094,7.899699687957764,0.44587721896172045,90,3.0,round_robin,chesca_planner_tool
chesca_round_robin_commitment_full_mesh,1168,17,6,0,0,0,0.0,0.0,0.0,0.0,0.08,0.020000000000000007,0.22666666666666668,9.29812345630415,9.29812345630415,0.0,7.9680914878845215,0.5179763120218172,90,4.0,round_robin,chesca_planner_tool
chesca_round_robin_commitment_full_mesh,1169,18,6,2,2,0,0.04000000000000001,0.0,0.04000000000000001,0.0,0.12000000000000001,0.020000000000000007,0.21,8.462526435604762,8.330526435604762,-0.13199999999999967,8.05385971069336,0.45518154126180477,90,5.0,round_robin,chesca_planner_tool
chesca_round_robin_commitment_full_mesh,1170,19,6,6,6,0,0.2,0.0,0.2,0.0,0.32,0.06000000000000001,0.22,11.921155172304971,11.177155172304971,-0.7439999999999998,7.9680914878845215,1.2816230679662246,90,0.0,round_robin,chesca_planner_tool
chesca_round_robin_commitment_full_mesh,1171,20,6,2,2,0,0.04,0.0,0.04,0.0,0.36000000000000004,0.06000000000000001,0.22666666666666668,12.5982299888134,12.4662299888134,-0.13200000000000145,7.9680914878845215,1.5544552310714383,90,1.0,round_robin,chesca_planner_tool
chesca_round_robin_commitment_full_mesh,1172,21,6,0,0,0,0.0,0.0,0.0,0.0,0.36000000000000004,0.06000000000000001,0.22666666666666668,11.153290827685446,11.153290827685446,0.0,8.05385971069336,0.8531516700479711,90,2.0,round_robin,chesca_planner_tool
chesca_round_robin_commitment_full_mesh,1173,22,6,6,0,6,0.0,0.24000000000000002,0.0,0.24000000000000002,0.12000000000000002,0.02000000000000001,0.26666666666666666,8.380114778433596,9.256114778433595,0.8759999999999994,8.10148811340332,-0.3211234243486297,90,3.0,round_robin,chesca_planner_tool
chesca_round_robin_commitment_full_mesh,1174,23,6,0,0,0,0.0,0.0,0.0,0.0,0.12000000000000002,0.02000000000000001,0.26666666666666666,8.448223856357265,8.448223856357265,0.0,8.144943237304688,0.08712000328773922,90,4.0,round_robin,chesca_planner_tool
chesca_round_robin_commitment_full_mesh,1175,24,6,0,0,0,0.0,0.0,0.0,0.0,0.12000000000000002,0.02000000000000001,0.26666666666666666,9.565230512439637,9.565230512439639,1.7763568394002505e-15,8.216225624084473,0.5636930647371048,90,5.0,round_robin,chesca_planner_tool
chesca_round_robin_commitment_full_mesh,1176,1,6,0,0,0,0.0,0.0,0.0,0.0,0.12000000000000002,0.02000000000000001,0.26666666666666666,9.18304804007997,9.18304804007997,0.0,8.25859260559082,0.1802083061961342,90,0.0,round_robin,chesca_planner_tool
chesca_round_robin_commitment_full_mesh,1177,2,6,0,0,0,0.0,0.0,0.0,0.0,0.12000000000000002,0.02000000000000001,0.26666666666666666,8.27488853580624,8.27488853580624,0.0,8.274153709411621,0.03887511468333038,90,1.0,round_robin,chesca_planner_tool
chesca_round_robin_commitment_full_mesh,1178,3,6,0,0,0,0.0,0.0,0.0,0.0,0.12000000000000002,0.02000000000000001,0.22666666666666668,7.250295889447114,7.250295889447113,-8.881784197001252e-16,8.274153709411621,0.018217311554574872,90,2.0,round_robin,chesca_planner_tool
chesca_round_robin_commitment_full_mesh,1179,4,6,3,3,0,0.06000000000000001,0.0,0.06000000000000001,0.0,0.18000000000000005,0.040000000000000015,0.21,10.294765737819455,10.054765737819453,-0.240000000000002,8.274153709411621,0.8790301293658738,90,3.0,round_robin,chesca_planner_tool
chesca_round_robin_commitment_full_mesh,1180,5,6,0,0,0,0.0,0.0,0.0,0.0,0.18000000000000005,0.040000000000000015,0.19333333333333333,5.537733830075624,5.537733830075624,0.0,8.274153709411621,0.05323280460114674,90,4.0,round_robin,chesca_planner_tool
chesca_round_robin_commitment_full_mesh,1181,6,6,0,0,0,0.0,0.0,0.0,0.0,0.18000000000000005,0.040000000000000015,0.17333333333333334,5.807392330053963,5.807392330053963,0.0,8.274153709411621,0.15000275026210863,90,5.0,round_robin,chesca_planner_tool
chesca_round_robin_commitment_full_mesh,1182,7,6,0,0,0,0.0,0.0,0.0,0.0,0.18000000000000005,0.040000000000000015,0.17333333333333334,5.2286590835481945,5.2286590835481945,0.0,8.274153709411621,0.13599150549805555,90,0.0,round_robin,chesca_planner_tool
chesca_round_robin_commitment_full_mesh,1183,8,6,0,0,0,0.0,0.0,0.0,0.0,0.18000000000000005,0.040000000000000015,0.15000000000000002,4.402083521346404,4.402083521346403,-8.881784197001252e-16,8.274153709411621,0.0847716201402156,90,1.0,round_robin,chesca_planner_tool
chesca_round_robin_commitment_full_mesh,1184,9,6,6,0,6,0.0,0.18000000000000002,0.0,0.22000000000000003,3.8163916471489756e-17,1.3877787807814457e-17,0.18666666666666668,5.638502164247604,6.081412404501067,0.4429102402534628,8.316520690917969,-0.14347131407424352,90,2.0,round_robin,chesca_planner_tool
chesca_round_robin_commitment_full_mesh,1185,10,6,0,0,0,0.0,0.0,0.0,0.0,3.8163916471489756e-17,1.3877787807814457e-17,0.17,2.3649306819355087,2.364930681935509,4.440892098500626e-16,8.316520690917969,0.024193353101542178,90,3.0,round_robin,chesca_planner_tool
chesca_round_robin_commitment_full_mesh,1186,11,6,0,0,0,0.0,0.0,0.0,0.0,3.8163916471489756e-17,1.3877787807814457e-17,0.17,0.8179328945934077,0.8179328945934077,0.0,8.316520690917969,-0.030095403223174944,90,4.0,round_robin,chesca_planner_tool
chesca_round_robin_commitment_full_mesh,1187,12,6,6,6,0,0.24000000000000002,0.0,0.24000000000000002,0.0,0.24000000000000005,0.040000000000000015,0.21,1.9662198550865684,1.0902198550865687,-0.8759999999999997,8.316520690917969,0.10736124621016593,90,5.0,round_robin,chesca_planner_tool
chesca_round_robin_commitment_full_mesh,1188,13,6,0,0,0,0.0,0.0,0.0,0.0,0.24000000000000005,0.040000000000000015,0.20666666666666667,4.218235303320453,4.218235303320453,0.0,8.316520690917969,0.2240209537096853,90,0.0,round_robin,chesca_planner_tool
chesca_round_robin_commitment_full_mesh,1189,14,6,3,0,3,0.0,0.060000000000000005,0.0,0.060000000000000005,0.18000000000000002,0.040000000000000015,0.19666666666666666,4.519824862494055,4.6630002473672,0.14317538487314518,8.316520690917969,0.039937545448615545,90,1.0,round_robin,chesca_planner_tool
chesca_round_robin_commitment_full_mesh,1190,15,6,6,0,6,0.0,0.18,0.0,0.18,2.7755575615628914e-17,1.3877787807814457e-17,0.22666666666666666,3.5408586931652772,3.9124407311913334,0.37158203802605616,8.316520690917969,-0.16425378835755783,90,2.0,round_robin,chesca_planner_tool
chesca_round_robin_commitment_full_mesh,1191,16,6,3,3,0,0.060000000000000005,0.0,0.060000000000000005,0.0,0.06000000000000003,0.020000000000000004,0.22333333333333336,5.265454375335769,5.067454375335768,-0.1980000000000004,8.316520690917969,0.4290853374786952,90,3.0,round_robin,chesca_planner_tool
chesca_round_robin_commitment_full_mesh,1192,17,6,3,3,0,0.06000000000000001,0.0,0.06000000000000001,0.0,0.12000000000000005,0.020000000000000018,0.2333333333333333,6.584222309462844,6.344222309462844,-0.2400000000000002,8.316520690917969,0.5881995278403354,90,4.0,round_robin,chesca_planner_tool
chesca_round_robin_commitment_full_mesh,1193,18,6,0,0,0,0.0,0.0,0.0,0.0,0.12000000000000005,0.020000000000000018,0.22666666666666666,7.673796587856253,7.673796587856253,0.0,8.316520690917969,0.4777066517430574,90,5.0,round_robin,chesca_planner_tool
chesca_round_robin_commitment_full_mesh,1194,19,6,0,0,0,0.0,0.0,0.0,0.0,0.12000000000000005,0.020000000000000018,0.19333333333333333,8.352279568866058,8.352279568866058,0.0,8.316520690917969,0.14413736731142815,90,0.0,round_robin,chesca_planner_tool
chesca_round_robin_commitment_full_mesh,1195,20,6,0,0,0,0.0,0.0,0.0,0.0,0.12000000000000005,0.020000000000000018,0.18666666666666665,9.22814584032004,9.22814584032004,0.0,8.316520690917969,0.4176666550071102,90,1.0,round_robin,chesca_planner_tool
chesca_round_robin_commitment_full_mesh,1196,21,6,0,0,0,0.0,0.0,0.0,0.0,0.12000000000000005,0.020000000000000018,0.18666666666666665,9.136956153737636,9.136956153737636,0.0,8.316520690917969,0.3015820707347794,90,2.0,round_robin,chesca_planner_tool
chesca_round_robin_commitment_full_mesh,1197,22,6,6,0,6,0.0,0.12000000000000002,0.0,0.12000000000000002,3.122502256758253e-17,1.734723475976807e-17,0.16666666666666666,8.019786389650578,8.457786389650579,0.4380000000000006,8.356260299682617,-0.0005362782323298648,90,3.0,round_robin,chesca_planner_tool
chesca_round_robin_commitment_full_mesh,1198,23,6,0,0,0,0.0,0.0,0.0,0.0,3.122502256758253e-17,1.734723475976807e-17,0.16666666666666666,8.109788146730429,8.109788146730427,-1.7763568394002505e-15,8.356260299682617,0.05865568370748005,90,4.0,round_robin,chesca_planner_tool
chesca_round_robin_commitment_full_mesh,1199,24,6,0,0,0,0.0,0.0,0.0,0.0,3.122502256758253e-17,1.734723475976807e-17,0.16666666666666666,7.770180800889178,7.770180800889177,-8.881784197001252e-16,8.356260299682617,0.05751293893403517,90,5.0,round_robin,chesca_planner_tool
chesca_round_robin_commitment_full_mesh,1200,1,6,0,0,0,0.0,0.0,0.0,0.0,3.122502256758253e-17,1.734723475976807e-17,0.16666666666666666,8.344035096424816,8.344035096424816,0.0,8.366463661193848,0.007543106651587486,90,0.0,round_robin,chesca_planner_tool
chesca_round_robin_commitment_full_mesh,1201,2,6,0,0,0,0.0,0.0,0.0,0.0,3.122502256758253e-17,1.734723475976807e-17,0.16666666666666666,6.973726805225029,6.973726805225029,0.0,8.366463661193848,-0.054085348042184025,90,1.0,round_robin,chesca_planner_tool
chesca_round_robin_commitment_full_mesh,1202,3,6,0,0,0,0.0,0.0,0.0,0.0,3.122502256758253e-17,1.734723475976807e-17,0.16666666666666666,6.845983031133687,6.845983031133687,0.0,8.366463661193848,0.06384279246914118,90,2.0,round_robin,chesca_planner_tool
chesca_round_robin_commitment_full_mesh,1203,4,6,0,0,0,0.0,0.0,0.0,0.0,3.122502256758253e-17,1.734723475976807e-17,0.15666666666666668,4.967874758781199,4.9678747587812,8.881784197001252e-16,8.366463661193848,-0.05597811933535235,90,3.0,round_robin,chesca_planner_tool
chesca_round_robin_commitment_full_mesh,1204,5,6,6,6,0,0.24000000000000002,0.0,0.24000000000000002,0.0,0.24000000000000007,0.04000000000000002,0.19666666666666666,8.03117699895251,7.155176998952509,-0.8760000000000012,8.366463661193848,0.30043403987678374,90,4.0,round_robin,chesca_planner_tool
chesca_round_robin_commitment_full_mesh,1205,6,6,0,0,0,0.0,0.0,0.0,0.0,0.24000000000000007,0.04000000000000002,0.19666666666666666,6.318018660762685,6.318018660762684,-8.881784197001252e-16,8.366463661193848,0.3624784014184397,90,5.0,round_robin,chesca_planner_tool
chesca_round_robin_commitment_full_mesh,1206,7,6,0,0,0,0.0,0.0,0.0,0.0,0.24000000000000007,0.04000000000000002,0.19666666666666666,5.243154532450659,5.243154532450659,0.0,8.366463661193848,0.11909423855781054,90,0.0,round_robin,chesca_planner_tool
chesca_round_robin_commitment_full_mesh,1207,8,6,0,0,0,0.0,0.0,0.0,0.0,0.24000000000000007,0.04000000000000002,0.19666666666666666,3.987558586630259,3.987558586630259,0.0,8.366463661193848,0.08144746365302905,90,1.0,round_robin,chesca_planner_tool
chesca_round_robin_commitment_full_mesh,1208,9,6,6,0,6,0.0,0.24000000000000002,0.0,0.24000000000000002,3.469446951953614e-17,2.0816681711721685e-17,0.19999999999999998,3.3359810291748797,3.7022291488469383,0.3662481196720586,8.366463661193848,-0.03852163865299539,90,2.0,round_robin,chesca_planner_tool
chesca_round_robin_commitment_full_mesh,1209,10,6,6,0,6,0.0,3.469446951953614e-17,0.0,0.12,0.0,0.0,0.22,2.5508526310581594,2.8063046442704374,0.25545201321227795,8.366463661193848,-0.11555278172420472,90,3.0,round_robin,chesca_planner_tool
chesca_round_robin_commitment_full_mesh,1210,11,6,0,0,0,0.0,0.0,0.0,0.0,0.0,0.0,0.22,2.40785316514728,2.40785316514728,0.0,8.366463661193848,0.022972404039612482,90,4.0,round_robin,chesca_planner_tool
chesca_round_robin_commitment_full_mesh,1211,12,6,0,0,0,0.0,0.0,0.0,0.0,0.0,0.0,0.17999999999999997,4.925230751672234,4.925230751672234,0.0,8.366463661193848,-0.2542522089690637,90,5.0,round_robin,chesca_planner_tool
chesca_round_robin_commitment_full_mesh,1212,13,6,6,6,0,0.24000000000000005,0.0,0.24000000000000005,0.0,0.24000000000000005,0.04000000000000001,0.22,5.74289445380634,4.8668944538063394,-0.8760000000000003,8.366463661193848,0.1962938203525414,90,0.0,round_robin,chesca_planner_tool
chesca_round_robin_commitment_full_mesh,1213,14,6,0,0,0,0.0,0.0,0.0,0.0,0.24000000000000005,0.04000000000000001,0.21,4.44128904573751,4.44128904573751,0.0,8.366463661193848,0.07408522624985793,90,1.0,round_robin,chesca_planner_tool
chesca_round_robin_commitment_full_mesh,1214,15,6,0,0,0,0.0,0.0,0.0,0.0,0.24000000000000005,0.04000000000000001,0.17999999999999997,6.398064482716453,6.398064482716452,-8.881784197001252e-16,8.366463661193848,0.2396171066960856,90,2.0,round_robin,chesca_planner_tool
chesca_round_robin_commitment_full_mesh,1215,16,6,0,0,0,0.0,0.0,0.0,0.0,0.24000000000000005,0.04000000000000001,0.17,8.091680025519167,8.091680025519167,0.0,8.356260299682617,0.5616410111654377,90,3.0,round_robin,chesca_planner_tool
chesca_round_robin_commitment_full_mesh,1216,17,6,6,6,0,0.24000000000000005,0.0,0.24000000000000005,0.0,0.4800000000000001,0.08000000000000002,0.19999999999999998,10.012499295086247,9.136499295086248,-0.8759999999999994,8.316520690917969,1.1599137001117144,90,4.0,round_robin,chesca_planner_tool
chesca_round_robin_commitment_full_mesh,1217,18,6,0,0,0,0.0,0.0,0.0,0.0,0.4800000000000001,0.08000000000000002,0.19999999999999998,11.102816235156775,11.102816235156775,0.0,8.316520690917969,1.4392443995653894,90,5.0,round_robin,chesca_planner_tool
chesca_round_robin_commitment_full_mesh,1218,19,6,0,0,0,0.0,0.0,0.0,0.0,0.4800000000000001,0.08000000000000002,0.19999999999999998,10.700146527912597,10.7001465279126,1.7763568394002505e-15,8.356260299682617,0.6887245366979149,90,0.0,round_robin,chesca_planner_tool
chesca_round_robin_commitment_full_mesh,1219,20,6,0,0,0,0.0,0.0,0.0,0.0,0.4800000000000001,0.08000000000000002,0.19999999999999998,9.011627029922172,9.011627029922172,0.0,8.356260299682617,0.16947877171773595,90,1.0,round_robin,chesca_planner_tool
chesca_round_robin_commitment_full_mesh,1220,21,6,0,0,0,0.0,0.0,0.0,0.0,0.4800000000000001,0.08000000000000002,0.19999999999999998,8.415389946356699,8.4153899463567,1.7763568394002505e-15,8.356260299682617,0.10840835644196721,90,2.0,round_robin,chesca_planner_tool
chesca_round_robin_commitment_full_mesh,1221,22,6,6,0,6,0.0,0.24000000000000005,0.0,0.24000000000000005,0.24000000000000005,0.040000000000000015,0.22,8.130102597678391,9.00610259767839,0.8759999999999994,8.366463661193848,-0.022018131119686438,90,3.0,round_robin,chesca_planner_tool
chesca_round_robin_commitment_full_mesh,1222,23,6,6,0,6,0.0,0.24000000000000002,0.0,0.24000000000000002,6.245004513516506e-17,1.3877787807814457e-17,0.26,7.214608658927153,8.090608658927152,0.8759999999999994,8.420452117919922,-0.09265406124816039,90,4.0,round_robin,chesca_planner_tool
chesca_round_robin_commitment_full_mesh,1223,24,6,0,0,0,0.0,0.0,0.0,0.0,6.245004513516506e-17,1.3877787807814457e-17,0.26,6.782357983208328,6.782357983208328,0.0,8.468335151672363,-0.2522503835854085,90,5.0,round_robin,chesca_planner_tool
chesca_round_robin_commitment_full_mesh,1224,1,6,0,0,0,0.0,0.0,0.0,0.0,6.245004513516506e-17,1.3877787807814457e-17,0.26,8.101588567491536,8.101588567491536,0.0,8.420452117919922,0.06959088243952495,90,0.0,round_robin,chesca_planner_tool
chesca_round_robin_commitment_full_mesh,1225,2,6,0,0,0,0.0,0.0,0.0,0.0,6.245004513516506e-17,1.3877787807814457e-17,0.26,6.66607813238492,6.66607813238492,0.0,8.479601860046387,-0.2434094548943666,90,1.0,round_robin,chesca_planner_tool
chesca_round_robin_commitment_full_mesh,1226,3,6,0,0,0,0.0,0.0,0.0,0.0,6.245004513516506e-17,1.3877787807814457e-17,0.26,5.667374300765482,5.667374300765483,8.881784197001252e-16,8.420452117919922,-0.12555493176821542,90,2.0,round_robin,chesca_planner_tool
chesca_round_robin_commitment_full_mesh,1227,4,6,0,0,0,0.0,0.0,0.0,0.0,6.245004513516506e-17,1.3877787807814457e-17,0.26,5.314672410876565,5.3146724108765655,8.881784197001252e-16,8.420452117919922,-0.06530551555640163,90,3.0,round_robin,chesca_planner_tool
chesca_round_robin_commitment_full_mesh,1228,5,6,0,0,0,0.0,0.0,0.0,0.0,6.245004513516506e-17,1.3877787807814457e-17,0.22,5.108034400959737,5.1080344009597365,-8.881784197001252e-16,8.420452117919922,-0.05487279632806007,90,4.0,round_robin,chesca_planner_tool
chesca_round_robin_commitment_full_mesh,1229,6,6,0,0,0,0.0,0.0,0.0,0.0,6.245004513516506e-17,1.3877787807814457e-17,0.22,5.5547087851933,5.5547087851933,0.0,8.420452117919922,0.02871339063625273,90,5.0,round_robin,chesca_planner_tool
chesca_round_robin_commitment_full_mesh,1230,7,6,0,0,0,0.0,0.0,0.0,0.0,6.245004513516506e-17,1.3877787807814457e-17,0.22,5.415983719231266,5.415983719231266,0.0,8.420452117919922,0.08957070127595242,90,0.0,round_robin,chesca_planner_tool
chesca_round_robin_commitment_full_mesh,1231,8,6,0,0,0,0.0,0.0,0.0,0.0,6.245004513516506e-17,1.3877787807814457e-17,0.22,4.025277511077798,4.025277511077798,0.0,8.420452117919922,0.004441871771215619,90,1.0,round_robin,chesca_planner_tool
chesca_round_robin_commitment_full_mesh,1232,9,6,6,0,6,0.0,6.245004513516506e-17,0.0,0.12000000000000001,0.0,0.0,0.19999999999999998,2.28290906099629,2.6238609669628254,0.3409519059665356,8.420452117919922,-0.6997172821472035,90,2.0,round_robin,chesca_planner_tool
chesca_round_robin_commitment_full_mesh,1233,10,6,5,0,5,0.0,0.0,0.0,0.1,0.0,0.0,0.19666666666666666,1.407783127105541,1.6545399659179452,0.24675683881240418,8.356993675231934,-0.10503310544929044,90,3.0,round_robin,chesca_planner_tool
chesca_round_robin_commitment_full_mesh,1234,11,6,5,5,0,0.12000000000000002,0.0,0.12000000000000002,0.0,0.12000000000000002,0.04,0.21666666666666667,4.217946770505361,3.7799467705053615,-0.4379999999999997,8.356993675231934,0.09813050484506568,90,4.0,round_robin,chesca_planner_tool
chesca_round_robin_commitment_full_mesh,1235,12,6,1,1,0,0.020000000000000004,0.0,0.020000000000000004,0.0,0.14,0.04,0.22,5.745535005842271,5.679535005842271,-0.06599999999999984,8.356993675231934,0.37068151575992536,90,5.0,round_robin,chesca_planner_tool
chesca_round_robin_commitment_full_mesh,1236,13,6,0,0,0,0.0,0.0,0.0,0.0,0.14,0.04,0.18000000000000002,4.606587403334535,4.606587403334535,0.0,8.316520690917969,0.08102468605471111,90,0.0,round_robin,chesca_planner_tool
chesca_round_robin_commitment_full_mesh,1237,14,6,6,0,6,0.0,0.13999999999999999,0.0,0.14,1.734723475976807e-17,1.3877787807814457e-17,0.20333333333333334,4.952064999661895,5.347074457432253,0.39500945777035845,8.316520690917969,-0.04513782463224073,90,1.0,round_robin,chesca_planner_tool
chesca_round_robin_commitment_full_mesh,1238,15,6,5,5,0,0.1,0.0,0.1,0.0,0.10000000000000002,0.020000000000000014,0.22,6.4389957720906,6.0669957720906,-0.3719999999999999,8.316520690917969,0.12501322124894756,90,2.0,round_robin,chesca_planner_tool
chesca_round_robin_commitment_full_mesh,1239,16,6,1,1,0,0.020000000000000004,0.0,0.020000000000000004,0.0,0.12000000000000002,0.020000000000000014,0.22333333333333336,8.076199803504256,8.010199803504255,-0.06600000000000072,8.274153709411621,0.40151314646134056,90,3.0,round_robin,chesca_planner_tool
chesca_round_robin_commitment_full_mesh,1240,17,6,0,0,0,0.0,0.0,0.0,0.0,0.12000000000000002,0.020000000000000014,0.18333333333333332,9.749699475395357,9.749699475395357,0.0,8.274153709411621,0.5372866909240719,90,4.0,round_robin,chesca_planner_tool
chesca_round_robin_commitment_full_mesh,1241,18,6,6,6,0,0.22000000000000003,0.0,0.22000000000000003,0.0,0.3400000000000001,0.060000000000000026,0.22,9.789961405700696,8.979961405700694,-0.8100000000000023,8.274153709411621,0.6404376995958156,90,5.0,round_robin,chesca_planner_tool
chesca_round_robin_commitment_full_mesh,1242,19,6,1,1,0,0.020000000000000004,0.0,0.020000000000000004,0.0,0.36000000000000004,0.060000000000000026,0.22333333333333336,12.528798386448415,12.462798386448414,-0.06600000000000072,8.316520690917969,1.4925487238091335,90,0.0,round_robin,chesca_planner_tool
chesca_round_robin_commitment_full_mesh,1243,20,6,6,0,6,0.0,0.24000000000000002,0.0,0.24000000000000002,0.12000000000000008,0.020000000000000025,0.26333333333333336,9.321024550713954,10.197024550713957,0.876000000000003,8.316520690917969,-0.0780620526492258,90,1.0,round_robin,chesca_planner_tool
chesca_round_robin_commitment_full_mesh,1244,21,6,6,0,6,0.0,0.12000000000000001,0.0,0.12000000000000002,6.245004513516506e-17,2.42861286636753e-17,0.2833333333333334,8.483824910982118,8.921824910982117,0.43799999999999883,8.316520690917969,-0.1558734920216505,90,2.0,round_robin,chesca_planner_tool
chesca_round_robin_commitment_full_mesh,1245,22,6,0,0,0,0.0,0.0,0.0,0.0,6.245004513516506e-17,2.42861286636753e-17,0.24333333333333337,8.644737440560395,8.644737440560395,0.0,8.268301963806152,0.12524946376286775,90,3.0,round_robin,chesca_planner_tool
chesca_round_robin_commitment_full_mesh,1246,23,6,0,0,0,0.0,0.0,0.0,0.0,6.245004513516506e-17,2.42861286636753e-17,0.20333333333333334,9.241085948126981,9.241085948126983,1.7763568394002505e-15,8.316520690917969,0.11047983276947705,90,4.0,round_robin,chesca_planner_tool
chesca_round_robin_commitment_full_mesh,1247,24,6,5,0,5,0.0,5.204170427930421e-17,0.0,0.10000000000000002,1.0408340855860843e-17,1.0408340855860843e-17,0.22,8.627663223351353,8.999663223351355,0.37200000000000166,8.316520690917969,-0.11300543542949186,90,5.0,round_robin,chesca_planner_tool
chesca_round_robin_commitment_full_mesh,1248,1,6,3,0,3,0.0,0.0,0.0,0.06000000000000001,1.0408340855860843e-17,1.0408340855860843e-17,0.23,7.554388398605813,7.794388398605813,0.2400000000000002,8.356993675231934,-0.32844578543861697,90,0.0,round_robin,chesca_planner_tool
chesca_round_robin_commitment_full_mesh,1249,2,6,0,0,0,0.0,0.0,0.0,0.0,1.0408340855860843e-17,1.0408340855860843e-17,0.23,7.921198316612363,7.921198316612363,0.0,8.316520690917969,-0.2227662382712086,90,1.0,round_robin,chesca_planner_tool
chesca_round_robin_commitment_full_mesh,1250,3,6,0,0,0,0.0,0.0,0.0,0.0,1.0408340855860843e-17,1.0408340855860843e-17,0.23,7.221816559230605,7.2218165592306045,-8.881784197001252e-16,8.316520690917969,-0.3209136597033456,90,2.0,round_robin,chesca_planner_tool
chesca_round_robin_commitment_full_mesh,1251,4,6,0,0,0,0.0,0.0,0.0,0.0,1.0408340855860843e-17,1.0408340855860843e-17,0.23,6.284916231982578,6.284916231982578,0.0,8.316520690917969,-0.3205544270026256,90,3.0,round_robin,chesca_planner_tool
chesca_round_robin_commitment_full_mesh,1252,5,6,0,0,0,0.0,0.0,0.0,0.0,1.0408340855860843e-17,1.0408340855860843e-17,0.23,5.675205490118412,5.675205490118411,-8.881784197001252e-16,8.316520690917969,-0.32865131348431986,90,4.0,round_robin,chesca_planner_tool
chesca_round_robin_commitment_full_mesh,1253,6,6,0,0,0,0.0,0.0,0.0,0.0,1.0408340855860843e-17,1.0408340855860843e-17,0.23,6.121241111674922,6.121241111674922,0.0,8.316520690917969,-0.28444779625359246,90,5.0,round_robin,chesca_planner_tool
chesca_round_robin_commitment_full_mesh,1254,7,6,0,0,0,0.0,0.0,0.0,0.0,1.0408340855860843e-17,1.0408340855860843e-17,0.23,5.421379565154989,5.421379565154989,0.0,8.316520690917969,-0.22516921313227412,90,0.0,round_robin,chesca_planner_tool
chesca_round_robin_commitment_full_mesh,1255,8,6,0,0,0,0.0,0.0,0.0,0.0,1.0408340855860843e-17,1.0408340855860843e-17,0.23,4.103310649435591,4.103310649435591,0.0,8.316520690917969,-0.20743476736366387,90,1.0,round_robin,chesca_planner_tool
chesca_round_robin_commitment_full_mesh,1256,9,6,0,0,0,0.0,0.0,0.0,0.0,1.0408340855860843e-17,1.0408340855860843e-17,0.21,3.4174897418076697,3.41748974180767,4.440892098500626e-16,8.316520690917969,-0.12306252477090394,90,2.0,round_robin,chesca_planner_tool
chesca_round_robin_commitment_full_mesh,1257,10,6,3,0,3,0.0,1.0408340855860843e-17,0.0,0.06000000000000001,0.0,0.0,0.20333333333333334,3.1175805885700734,3.2884929407141215,0.1709123521440481,8.316520690917969,-0.13243553049881132,90,3.0,round_robin,chesca_planner_tool
chesca_round_robin_commitment_full_mesh,1258,11,6,6,0,6,0.0,0.0,0.0,0.14,0.0,0.0,0.20666666666666667,1.2915436359848111,1.6729275310826957,0.3813838950978845,8.316520690917969,-0.7233668077812025,90,4.0,round_robin,chesca_planner_tool
chesca_round_robin_commitment_full_mesh,1259,12,6,0,0,0,0.0,0.0,0.0,0.0,0.0,0.0,0.20333333333333334,0.861181793602952,0.861181793602952,0.0,8.316520690917969,-0.043250693030104745,90,5.0,round_robin,chesca_planner_tool
chesca_round_robin_commitment_full_mesh,1260,13,6,5,5,0,0.1,0.0,0.1,0.0,0.1,0.02,0.22,3.6152851652551607,3.243285165255161,-0.3719999999999999,8.316520690917969,0.2285659581097147,90,0.0,round_robin,chesca_planner_tool
chesca_round_robin_commitment_full_mesh,1261,14,6,0,0,0,0.0,0.0,0.0,0.0,0.1,0.02,0.19666666666666666,4.814398234994561,4.814398234994562,8.881784197001252e-16,8.316520690917969,0.21243643892299885,90,1.0,round_robin,chesca_planner_tool
chesca_round_robin_commitment_full_mesh,1262,15,6,5,0,5,0.0,0.1,0.0,0.1,0.0,0.0,0.19666666666666666,3.4400708372163415,3.688994091428125,0.24892325421178363,8.316520690917969,-0.06744735969993014,90,2.0,round_robin,chesca_planner_tool
chesca_round_robin_commitment_full_mesh,1263,16,6,6,6,0,0.2,0.0,0.2,0.0,0.2,0.04000000000000001,0.22666666666666668,7.241256554336691,6.497256554336691,-0.7439999999999998,8.316520690917969,0.6173538651937908,90,3.0,round_robin,chesca_planner_tool
chesca_round_robin_commitment_full_mesh,1264,17,6,0,0,0,0.0,0.0,0.0,0.0,0.2,0.04000000000000001,0.22666666666666668,7.952146150732456,7.952146150732456,0.0,8.316520690917969,0.5407665795056396,90,4.0,round_robin,chesca_planner_tool
chesca_round_robin_commitment_full_mesh,1265,18,6,1,1,0,0.020000000000000004,0.0,0.020000000000000004,0.0,0.22000000000000003,0.04000000000000001,0.19333333333333336,9.549962363562264,9.483962363562263,-0.06600000000000072,8.258458137512207,0.7687425399311092,90,5.0,round_robin,chesca_planner_tool
chesca_round_robin_commitment_full_mesh,1266,19,6,1,1,0,0.04000000000000001,0.0,0.04000000000000001,0.0,0.26,0.06000000000000001,0.19666666666666666,11.103335807554414,10.971335807554414,-0.13199999999999967,8.258458137512207,0.8115225609152413,90,0.0,round_robin,chesca_planner_tool
chesca_round_robin_commitment_full_mesh,1267,20,6,0,0,0,0.0,0.0,0.0,0.0,0.26,0.06000000000000001,0.15666666666666668,11.59121711977705,11.59121711977705,0.0,8.258458137512207,0.7891087141825344,90,1.0,round_robin,chesca_planner_tool
chesca_round_robin_commitment_full_mesh,1268,21,6,6,0,6,0.0,0.24000000000000002,0.0,0.24000000000000002,0.020000000000000025,0.02000000000000001,0.17666666666666664,9.798977373631669,10.674977373631668,0.8759999999999994,8.258458137512207,-0.10860369836205715,90,2.0,round_robin,chesca_planner_tool
chesca_round_robin_commitment_full_mesh,1269,22,6,1,0,1,0.0,0.020000000000000004,0.0,0.020000000000000004,2.0816681711721685e-17,6.938893903907228e-18,0.17999999999999997,9.050161651141522,9.116161651141525,0.0660000000000025,8.258458137512207,0.026880943367446605,90,3.0,round_robin,chesca_planner_tool
chesca_round_robin_commitment_full_mesh,1270,23,6,5,5,0,0.2,0.0,0.2,0.0,0.20000000000000004,0.04000000000000001,0.21333333333333335,10.559579118049413,9.815579118049415,-0.743999999999998,8.316520690917969,0.08685933215048423,90,4.0,round_robin,chesca_planner_tool
chesca_round_robin_commitment_full_mesh,1271,24,6,0,0,0,0.0,0.0,0.0,0.0,0.20000000000000004,0.04000000000000001,0.19666666666666666,9.259794080674606,9.259794080674606,0.0,8.316520690917969,0.0726501708563593,90,5.0,round_robin,chesca_planner_tool
chesca_round_robin_commitment_full_mesh,1272,1,6,1,1,0,0.020000000000000004,0.0,0.020000000000000004,0.0,0.22000000000000003,0.04000000000000001,0.18999999999999997,9.367492385804612,9.301492385804611,-0.06600000000000072,8.316520690917969,0.09593921350911067,90,0.0,round_robin,chesca_planner_tool
chesca_round_robin_commitment_full_mesh,1273,2,6,6,0,6,0.0,0.22000000000000003,0.0,0.22000000000000003,6.938893903907228e-18,6.938893903907228e-18,0.22666666666666668,8.252862734319711,9.062862734319712,0.8100000000000005,8.316520690917969,-0.024976633351342814,90,1.0,round_robin,chesca_planner_tool
chesca_round_robin_commitment_full_mesh,1274,3,6,4,0,4,0.0,0.0,0.0,0.08000000000000002,6.938893903907228e-18,6.938893903907228e-18,0.24000000000000002,6.308198807411806,6.614198807411806,0.30600000000000005,8.356993675231934,-0.38729173534789896,90,2.0,round_robin,chesca_planner_tool
chesca_round_robin_commitment_full_mesh,1275,4,6,0,0,0,0.0,0.0,0.0,0.0,6.938893903907228e-18,6.938893903907228e-18,0.24000000000000002,5.65105665658862,5.65105665658862,0.0,8.356993675231934,-0.32843334296974946,90,3.0,round_robin,chesca_planner_tool
chesca_round_robin_commitment_full_mesh,1276,5,6,0,0,0,0.0,0.0,0.0,0.0,6.938893903907228e-18,6.938893903907228e-18,0.24000000000000002,5.373176403349124,5.373176403349124,0.0,8.356993675231934,-0.2302217618775182,90,4.0,round_robin,chesca_planner_tool
chesca_round_robin_commitment_full_mesh,1277,6,6,0,0,0,0.0,0.0,0.0,0.0,6.938893903907228e-18,6.938893903907228e-18,0.24000000000000002,5.995692281481028,5.995692281481028,0.0,8.356993675231934,-0.10830680977658547,90,5.0,round_robin,chesca_planner_tool
chesca_round_robin_commitment_full_mesh,1278,7,6,0,0,0,0.0,0.0,0.0,0.0,6.938893903907228e-18,6.938893903907228e-18,0.24000000000000002,5.539467292799501,5.539467292799501,0.0,8.356993675231934,-0.13346853293842909,90,0.0,round_robin,chesca_planner_tool
chesca_round_robin_commitment_full_mesh,1279,8,6,0,0,0,0.0,0.0,0.0,0.0,6.938893903907228e-18,6.938893903907228e-18,0.24000000000000002,4.919538786733346,4.919538786733347,8.881784197001252e-16,8.356993675231934,-0.2569512101916589,90,1.0,round_robin,chesca_planner_tool
chesca_round_robin_commitment_full_mesh,1280,9,6,0,0,0,0.0,0.0,0.0,0.0,6.938893903907228e-18,6.938893903907228e-18,0.24000000000000002,3.6087737150330526,3.6087737150330526,0.0,8.356993675231934,-0.32685935350160317,90,2.0,round_robin,chesca_planner_tool
chesca_round_robin_commitment_full_mesh,1281,10,6,0,0,0,0.0,0.0,0.0,0.0,6.938893903907228e-18,6.938893903907228e-18,0.23,3.313381377042549,3.313381377042549,0.0,8.356993675231934,-0.07910519035088094,90,3.0,round_robin,chesca_planner_tool
chesca_round_robin_commitment_full_mesh,1282,11,6,0,0,0,0.0,0.0,0.0,0.0,6.938893903907228e-18,6.938893903907228e-18,0.20666666666666667,3.435562212813899,3.4355622128138985,-4.440892098500626e-16,8.356993675231934,-0.10778823620070196,90,4.0,round_robin,chesca_planner_tool
chesca_round_robin_commitment_full_mesh,1283,12,6,3,0,3,0.0,6.938893903907228e-18,0.0,0.060000000000000005,0.0,0.0,0.21666666666666667,2.147106145077124,2.288632519711856,0.14152637463473194,8.356993675231934,-0.3781499111172014,90,5.0,round_robin,chesca_planner_tool
chesca_round_robin_commitment_full_mesh,1284,13,6,0,0,0,0.0,0.0,0.0,0.0,0.0,0.0,0.19999999999999998,4.116275168344139,4.116275168344139,0.0,8.356993675231934,0.05976072716965773,90,0.0,round_robin,chesca_planner_tool
chesca_round_robin_commitment_full_mesh,1285,14,6,0,0,0,0.0,0.0,0.0,0.0,0.0,0.0,0.19999999999999998,3.6173558934660117,3.617355893466012,4.440892098500626e-16,8.356993675231934,-0.022005284968165614,90,1.0,round_robin,chesca_planner_tool
chesca_round_robin_commitment_full_mesh,1286,15,6,6,6,0,0.12000000000000002,0.0,0.12000000000000002,0.0,0.12000000000000002,0.020000000000000004,0.20333333333333334,6.673616082073053,6.235616082073054,-0.43799999999999883,8.356993675231934,0.3256255251513642,90,2.0,round_robin,chesca_planner_tool
chesca_round_robin_commitment_full_mesh,1287,16,6,0,0,0,0.0,0.0,0.0,0.0,0.12000000000000002,0.020000000000000004,0.17,8.060686781984797,8.060686781984797,0.0,8.356993675231934,0.28582309030974795,90,3.0,round_robin,chesca_planner_tool
chesca_round_robin_commitment_full_mesh,1288,17,6,6,6,0,0.22000000000000003,0.0,0.22000000000000003,0.0,0.3400000000000001,0.06000000000000001,0.20666666666666667,10.345396524086365,9.535396524086366,-0.8099999999999987,8.316520690917969,0.6579668962633076,90,4.0,round_robin,chesca_planner_tool
chesca_round_robin_commitment_full_mesh,1289,18,6,4,4,0,0.08,0.0,0.08,0.0,0.42000000000000004,0.08000000000000002,0.21666666666666667,12.976291453629376,12.670291453629376,-0.30599999999999916,8.316520690917969,1.5641471351795708,90,5.0,round_robin,chesca_planner_tool
chesca_round_robin_commitment_full_mesh,1290,19,6,6,6,0,0.12000000000000001,0.0,0.12000000000000001,0.0,0.54,0.10000000000000002,0.23,15.481398331646934,15.043398331646934,-0.4380000000000006,8.316520690917969,2.134320102000701,90,0.0,round_robin,chesca_planner_tool
chesca_round_robin_commitment_full_mesh,1291,20,6,0,0,0,0.0,0.0,0.0,0.0,0.54,0.10000000000000002,0.23,12.384103198433777,12.384103198433777,0.0,8.316520690917969,0.9384289955241185,90,1.0,round_robin,chesca_planner_tool
chesca_round_robin_commitment_full_mesh,1292,21,6,0,0,0,0.0,0.0,0.0,0.0,0.54,0.10000000000000002,0.19000000000000003,11.271512514676438,11.271512514676438,0.0,8.316520690917969,0.7709395569088417,90,2.0,round_robin,chesca_planner_tool
chesca_round_robin_commitment_full_mesh,1293,22,6,6,0,6,0.0,0.16,0.0,0.16,0.38,0.08000000000000002,0.21333333333333335,9.540091238607502,10.110091238607502,0.5700000000000003,8.316520690917969,0.023799483279816583,90,3.0,round_robin,chesca_planner_tool
chesca_round_robin_commitment_full_mesh,1294,23,6,0,0,0,0.0,0.0,0.0,0.0,0.38,0.08000000000000002,0.18000000000000005,9.33388578990238,9.33388578990238,0.0,8.328828811645508,0.22470665676712953,90,4.0,round_robin,chesca_planner_tool
chesca_round_robin_commitment_full_mesh,1295,24,6,0,0,0,0.0,0.0,0.0,0.0,0.38,0.08000000000000002,0.18000000000000005,9.429824247579448,9.429824247579447,-1.7763568394002505e-15,8.328828811645508,0.2520900699395908,90,5.0,round_robin,chesca_planner_tool
chesca_round_robin_commitment_full_mesh,1296,1,6,0,0,0,0.0,0.0,0.0,0.0,0.38,0.08000000000000002,0.17666666666666672,9.960051231442602,9.960051231442604,1.7763568394002505e-15,8.328828811645508,0.4173908543018451,90,0.0,round_robin,chesca_planner_tool
chesca_round_robin_commitment_full_mesh,1297,2,6,6,0,6,0.0,0.24000000000000005,0.0,0.24000000000000005,0.14,0.04000000000000001,0.18000000000000005,7.793320365708326,8.669320365708325,0.8759999999999986,8.415712356567383,-0.17586154613380717,90,1.0,round_robin,chesca_planner_tool
chesca_round_robin_commitment_full_mesh,1298,3,6,6,0,6,0.0,0.14,0.0,0.24000000000000005,6.938893903907228e-18,6.938893903907228e-18,0.20666666666666667,6.830136855018438,7.706136855018438,0.8760000000000003,8.475723266601562,-0.25579226759094315,90,2.0,round_robin,chesca_planner_tool
chesca_round_robin_commitment_full_mesh,1299,4,6,4,0,4,0.0,6.938893903907228e-18,0.0,0.08000000000000002,0.0,0.0,0.22,6.018657664623673,6.321121070254722,0.3024634056310491,8.475723266601562,-0.3142858438553151,90,3.0,round_robin,chesca_planner_tool
chesca_round_robin_commitment_full_mesh,1300,5,6,2,0,2,0.0,0.0,0.0,0.04000000000000001,0.0,0.0,0.22666666666666668,5.3347668852074355,5.494766885207436,0.16000000000000014,8.475723266601562,-0.3360993904859254,90,4.0,round_robin,chesca_planner_tool
chesca_round_robin_commitment_full_mesh,1301,6,6,0,0,0,0.0,0.0,0.0,0.0,0.0,0.0,0.22666666666666668,5.391433636560523,5.391433636560523,0.0,8.475723266601562,-0.15205820254253655,90,5.0,round_robin,chesca_planner_tool
chesca_round_robin_commitment_full_mesh,1302,7,6,0,0,0,0.0,0.0,0.0,0.0,0.0,0.0,0.22666666666666668,4.814496487768662,4.814496487768662,0.0,8.475723266601562,-0.08110411197120437,90,0.0,round_robin,chesca_planner_tool
chesca_round_robin_commitment_full_mesh,1303,8,6,0,0,0,0.0,0.0,0.0,0.0,0.0,0.0,0.22666666666666668,3.709806545423869,3.709806545423869,0.0,8.415712356567383,-0.1505534052115206,90,1.0,round_robin,chesca_planner_tool
chesca_round_robin_commitment_full_mesh,1304,9,6,0,0,0,0.0,0.0,0.0,0.0,0.0,0.0,0.22666666666666668,1.6537879215310065,1.6537879215310065,0.0,8.415712356567383,-0.12973764946736743,90,2.0,round_robin,chesca_planner_tool
chesca_round_robin_commitment_full_mesh,1305,10,6,0,0,0,0.0,0.0,0.0,0.0,0.0,0.0,0.22666666666666668,1.889149942550013,1.8891499425500133,4.440892098500626e-16,8.415712356567383,-0.07357019330158444,90,3.0,round_robin,chesca_planner_tool
chesca_round_robin_commitment_full_mesh,1306,11,6,0,0,0,0.0,0.0,0.0,0.0,0.0,0.0,0.22666666666666668,3.5381458887639647,3.5381458887639647,0.0,8.415712356567383,0.06357446196800941,90,4.0,round_robin,chesca_planner_tool
chesca_round_robin_commitment_full_mesh,1307,12,6,0,0,0,0.0,0.0,0.0,0.0,0.0,0.0,0.21666666666666667,2.508895748710658,2.508895748710658,0.0,8.415712356567383,0.11956684246183139,90,5.0,round_robin,chesca_planner_tool
chesca_round_robin_commitment_full_mesh,1308,13,6,3,3,0,0.06,0.0,0.06,0.0,0.06,0.02,0.22666666666666668,4.208230049580286,4.010230049580286,-0.1980000000000004,8.415712356567383,0.2916004672014934,90,0.0,round_robin,chesca_planner_tool
chesca_round_robin_commitment_full_mesh,1309,14,6,1,1,0,0.020000000000000004,0.0,0.020000000000000004,0.0,0.08000000000000002,0.020000000000000004,0.23,4.6677442226773955,4.587744222677396,-0.07999999999999918,8.415712356567383,0.3364428083367173,90,1.0,round_robin,chesca_planner_tool
chesca_round_robin_commitment_full_mesh,1310,15,6,0,0,0,0.0,0.0,0.0,0.0,0.08000000000000002,0.020000000000000004,0.21,7.252134560328068,7.252134560328068,0.0,8.415712356567383,0.3618008693141328,90,2.0,round_robin,chesca_planner_tool
chesca_round_robin_commitment_full_mesh,1311,16,6,5,5,0,0.09999999999999998,0.0,0.09999999999999998,0.0,0.18,0.04000000000000001,0.22666666666666668,10.335522831964516,9.977522831964517,-0.35799999999999876,8.415712356567383,0.7458596547981341,90,3.0,round_robin,chesca_planner_tool
chesca_round_robin_commitment_full_mesh,1312,17,6,6,6,0,0.18,0.0,0.18,0.0,0.36,0.060000000000000005,0.22,14.143234067830846,13.465234067830846,-0.6780000000000008,8.475723266601562,1.7967505601302984,90,4.0,round_robin,chesca_planner_tool
chesca_round_robin_commitment_full_mesh,1313,18,6,0,0,0,0.0,0.0,0.0,0.0,0.36,0.060000000000000005,0.20666666666666667,13.863119667262698,13.863119667262698,0.0,8.511741638183594,1.6084490476002362,90,5.0,round_robin,chesca_planner_tool
chesca_round_robin_commitment_full_mesh,1314,19,6,6,6,0,0.14,0.0,0.14,0.0,0.49999999999999994,0.1,0.21,15.909322226938542,15.391322226938543,-0.5179999999999989,8.511741638183594,2.105108511548691,90,0.0,round_robin,chesca_planner_tool
chesca_round_robin_commitment_full_mesh,1315,20,6,0,0,0,0.0,0.0,0.0,0.0,0.49999999999999994,0.1,0.21,11.998533529334388,11.998533529334388,0.0,8.511741638183594,0.822990894443887,90,1.0,round_robin,chesca_planner_tool
chesca_round_robin_commitment_full_mesh,1316,21,6,0,0,0,0.0,0.0,0.0,0.0,0.49999999999999994,0.1,0.21,10.747723966803392,10.747723966803392,0.0,8.511741638183594,0.6091098450188251,90,2.0,round_robin,chesca_planner_tool
chesca_round_robin_commitment_full_mesh,1317,22,6,6,0,6,0.0,0.24000000000000002,0.0,0.24000000000000002,0.25999999999999995,0.060000000000000005,0.22333333333333336,8.730131634375866,9.606131634375867,0.8760000000000012,8.511741638183594,-0.03441731292213749,90,3.0,round_robin,chesca_planner_tool
chesca_round_robin_commitment_full_mesh,1318,23,6,0,0,0,0.0,0.0,0.0,0.0,0.25999999999999995,0.060000000000000005,0.22333333333333336,9.803996228768192,9.803996228768193,1.7763568394002505e-15,8.511741638183594,0.39592655696410556,90,4.0,round_robin,chesca_planner_tool
chesca_round_robin_commitment_full_mesh,1319,24,6,6,0,6,0.0,0.23999999999999996,0.0,0.24000000000000005,0.019999999999999997,0.019999999999999997,0.26333333333333336,8.146067568395173,9.022067568395174,0.8760000000000012,8.511741638183594,-0.16698889547462975,90,5.0,round_robin,chesca_planner_tool
chesca_round_robin_commitment_full_mesh,1320,1,6,1,0,1,0.0,0.019999999999999997,0.0,0.02,0.0,0.0,0.26666666666666666,7.9820700118730405,8.06207001187304,0.07999999999999918,8.511741638183594,-0.09789185046501313,90,0.0,round_robin,chesca_planner_tool
chesca_round_robin_commitment_full_mesh,1321,2,6,0,0,0,0.0,0.0,0.0,0.0,0.0,0.0,0.22666666666666666,7.0182481091430144,7.0182481091430144,0.0,8.475723266601562,-0.1313369834246981,90,1.0,round_robin,chesca_planner_tool
chesca_round_robin_commitment_full_mesh,1322,3,6,0,0,0,0.0,0.0,0.0,0.0,0.0,0.0,0.18666666666666668,6.551933189726022,6.5519331897260225,8.881784197001252e-16,8.415712356567383,-0.060110889616867995,90,2.0,round_robin,chesca_planner_tool
chesca_round_robin_commitment_full_mesh,1323,4,6,0,0,0,0.0,0.0,0.0,0.0,0.0,0.0,0.17333333333333334,6.120660054910488,6.120660054910488,0.0,8.415712356567383,-0.05957382490441534,90,3.0,round_robin,chesca_planner_tool
chesca_round_robin_commitment_full_mesh,1324,5,6,2,0,2,0.0,0.0,0.0,0.08000000000000002,0.0,0.0,0.18000000000000002,5.888945067455799,6.208945067455799,0.3200000000000003,8.415712356567383,-0.07800230517577873,90,4.0,round_robin,chesca_planner_tool
chesca_round_robin_commitment_full_mesh,1325,6,6,0,0,0,0.0,0.0,0.0,0.0,0.0,0.0,0.18000000000000002,5.751386547409307,5.751386547409306,-8.881784197001252e-16,8.415712356567383,0.029080981695555806,90,5.0,round_robin,chesca_planner_tool
chesca_round_robin_commitment_full_mesh,1326,7,6,0,0,0,0.0,0.0,0.0,0.0,0.0,0.0,0.18000000000000002,5.4806033421419915,5.4806033421419915,0.0,8.415712356567383,-0.0720420157067822,90,0.0,round_robin,chesca_planner_tool
chesca_round_robin_commitment_full_mesh,1342,23,6,6,6,0,0.23999999999999988,0.0,0.23999999999999988,0.0,0.23999999999999988,0.03999999999999998,0.21999999999999997,27.54593208907901,26.66993208907901,-0.8760000000000012,7.767635345458984,7.128516535811394,90,4.0,round_robin,chesca_planner_tool
chesca_round_robin_commitment_full_mesh,1343,24,6,6,0,6,0.0,0.23999999999999988,0.0,0.24000000000000005,0.0,0.0,0.26,10.74362008536297,11.619620085362971,0.8760000000000012,7.767635345458984,-0.2734776942761193,90,5.0,round_robin,chesca_planner_tool
chesca_round_robin_commitment_full_mesh,1344,1,6,0,0,0,0.0,0.0,0.0,0.0,0.0,0.0,0.26,8.421527187351762,8.421527187351762,0.0,7.767635345458984,-0.17299341963574705,90,0.0,round_robin,chesca_planner_tool
chesca_round_robin_commitment_full_mesh,1345,2,6,0,0,0,0.0,0.0,0.0,0.0,0.0,0.0,0.26,9.318823457206157,9.318823457206157,0.0,7.767635345458984,0.3162022564959846,90,1.0,round_robin,chesca_planner_tool
chesca_round_robin_commitment_full_mesh,1346,3,6,0,0,0,0.0,0.0,0.0,0.0,0.0,0.0,0.26,8.471000137430565,8.471000137430567,1.7763568394002505e-15,7.767635345458984,0.1410608211825508,90,2.0,round_robin,chesca_planner_tool
chesca_round_robin_commitment_full_mesh,1347,4,6,0,0,0,0.0,0.0,0.0,0.0,0.0,0.0,0.25,8.520744765356373,8.520744765356374,1.7763568394002505e-15,7.798964023590088,0.2296445586493358,90,3.0,round_robin,chesca_planner_tool
chesca_round_robin_commitment_full_mesh,1348,5,6,0,0,0,0.0,0.0,0.0,0.0,0.0,0.0,0.24666666666666667,5.659179249927885,5.659179249927885,0.0,7.944520473480225,-0.2836564506595665,90,4.0,round_robin,chesca_planner_tool
chesca_round_robin_commitment_full_mesh,1349,6,6,0,0,0,0.0,0.0,0.0,0.0,0.0,0.0,0.24666666666666667,5.788221543065126,5.788221543065126,0.0,7.944520473480225,0.07981469969769875,90,5.0,round_robin,chesca_planner_tool
chesca_round_robin_commitment_full_mesh,1350,7,6,0,0,0,0.0,0.0,0.0,0.0,0.0,0.0,0.22999999999999998,5.233301237381144,5.233301237381144,0.0,7.944520473480225,0.11407353379183693,90,0.0,round_robin,chesca_planner_tool
chesca_round_robin_commitment_full_mesh,1351,8,6,0,0,0,0.0,0.0,0.0,0.0,0.0,0.0,0.19999999999999998,4.742298876073747,4.742298876073747,0.0,7.944520473480225,0.056567145236697446,90,1.0,round_robin,chesca_planner_tool
chesca_round_robin_commitment_full_mesh,1352,9,6,3,0,3,0.0,0.0,0.0,0.08000000000000002,0.0,0.0,0.21333333333333335,2.4035028936563307,2.6121708481922985,0.20866795453596776,7.798964023590088,-0.27922895673607073,90,2.0,round_robin,chesca_planner_tool
chesca_round_robin_commitment_full_mesh,1353,10,6,2,2,0,0.04,0.0,0.04,0.0,0.04,0.02,0.19666666666666666,1.905677478256769,1.773677478256769,-0.1319999999999999,7.798964023590088,0.12685865163992774,90,3.0,round_robin,chesca_planner_tool
chesca_round_robin_commitment_full_mesh,1354,11,6,2,0,2,0.0,0.04,0.0,0.04000000000000001,0.0,0.0,0.20333333333333334,1.9258674281978398,2.019055860883285,0.09318843268544508,7.798964023590088,0.012205454980575778,90,4.0,round_robin,chesca_planner_tool
chesca_round_robin_commitment_full_mesh,1355,12,6,4,4,0,0.10000000000000002,0.0,0.10000000000000002,0.0,0.10000000000000002,0.04000000000000001,0.22,3.571882143182844,3.1858821431828432,-0.38600000000000056,7.798964023590088,0.13959922863641697,90,5.0,round_robin,chesca_planner_tool
chesca_round_robin_commitment_full_mesh,1356,13,6,0,0,0,0.0,0.0,0.0,0.0,0.10000000000000002,0.04000000000000001,0.17999999999999997,6.346616835687611,6.346616835687611,0.0,7.798964023590088,0.21953170144310188,90,0.0,round_robin,chesca_planner_tool
chesca_round_robin_commitment_full_mesh,1357,14,6,2,2,0,0.08,0.0,0.08,0.0,0.18000000000000002,0.04000000000000001,0.19333333333333333,5.319838964318656,5.0558389643186565,-0.26399999999999935,7.798964023590088,0.09876971300069942,90,1.0,round_robin,chesca_planner_tool
chesca_round_robin_commitment_full_mesh,1358,15,6,0,0,0,0.0,0.0,0.0,0.0,0.18000000000000002,0.04000000000000001,0.15333333333333335,8.102288955043202,8.102288955043202,0.0,7.798964023590088,0.3635755946615807,90,2.0,round_robin,chesca_planner_tool
chesca_round_robin_commitment_full_mesh,1359,16,6,0,0,0,0.0,0.0,0.0,0.0,0.18000000000000002,0.04000000000000001,0.15000000000000002,8.586455200803393,8.586455200803393,0.0,7.944520473480225,0.24818059682014854,90,3.0,round_robin,chesca_planner_tool
chesca_round_robin_commitment_full_mesh,1360,17,6,4,4,0,0.16000000000000003,0.0,0.16000000000000003,0.0,0.34,0.08000000000000002,0.17666666666666664,11.796303740704108,11.184303740704106,-0.6120000000000019,8.073759078979492,1.3054656757468122,90,4.0,round_robin,chesca_planner_tool
chesca_round_robin_commitment_full_mesh,1361,18,6,5,5,0,0.20000000000000004,0.0,0.20000000000000004,0.0,0.54,0.10000000000000002,0.21,13.720663939536271,13.004663939536272,-0.7159999999999993,8.10350513458252,1.9886899869142027,90,5.0,round_robin,chesca_planner_tool
chesca_round_robin_commitment_full_mesh,1362,19,6,1,1,0,0.04,0.0,0.04,0.0,0.5800000000000001,0.12000000000000002,0.21666666666666667,15.828582045219484,15.668582045219486,-0.15999999999999837,8.131817817687988,2.1561535642543745,90,0.0,round_robin,chesca_planner_tool
chesca_round_robin_commitment_full_mesh,1363,20,6,0,0,0,0.0,0.0,0.0,0.0,0.5800000000000001,0.12000000000000002,0.20333333333333334,12.358679256735819,12.358679256735819,0.0,8.159252166748047,0.853751699302883,90,1.0,round_robin,chesca_planner_tool
chesca_round_robin_commitment_full_mesh,1364,21,6,0,0,0,0.0,0.0,0.0,0.0,0.5800000000000001,0.12000000000000002,0.20333333333333334,10.527167964897393,10.527167964897393,0.0,8.159252166748047,0.5340339911144063,90,2.0,round_robin,chesca_planner_tool
chesca_round_robin_commitment_full_mesh,1365,22,6,0,0,0,0.0,0.0,0.0,0.0,0.5800000000000001,0.12000000000000002,0.20333333333333334,9.684717524032719,9.684717524032719,0.0,8.159252166748047,0.24149621365171958,90,3.0,round_robin,chesca_planner_tool
chesca_round_robin_commitment_full_mesh,1366,23,6,0,0,0,0.0,0.0,0.0,0.0,0.5800000000000001,0.12000000000000002,0.16333333333333336,9.933012643335989,9.933012643335989,0.0,8.204011917114258,0.4843868381242319,90,4.0,round_robin,chesca_planner_tool
chesca_round_robin_commitment_full_mesh,1367,24,6,6,0,6,0.0,0.24000000000000005,0.0,0.24000000000000005,0.3400000000000001,0.08000000000000002,0.16333333333333336,8.306223190277422,9.182223190277423,0.8760000000000012,8.309613227844238,-0.1347763292375715,90,5.0,round_robin,chesca_planner_tool
chesca_round_robin_commitment_full_mesh,1368,1,6,6,0,6,0.0,0.24000000000000005,0.0,0.24000000000000005,0.1,0.04000000000000001,0.20333333333333334,8.438001943656502,9.314001943656502,0.8759999999999994,8.309613227844238,0.012176856563497561,90,0.0,round_robin,chesca_planner_tool
chesca_round_robin_commitment_full_mesh,1369,2,6,4,0,4,0.0,0.1,0.0,0.14,0.0,0.0,0.22666666666666668,7.347952241888303,7.893952241888303,0.5459999999999994,8.419331550598145,-0.11076564438122921,90,1.0,round_robin,chesca_planner_tool
chesca_round_robin_commitment_full_mesh,1370,3,6,0,0,0,0.0,0.0,0.0,0.0,0.0,0.0,0.22666666666666668,6.801571301788371,6.801571301788371,0.0,8.419331550598145,-0.0776498894229604,90,2.0,round_robin,chesca_planner_tool
chesca_round_robin_commitment_full_mesh,1371,4,6,0,0,0,0.0,0.0,0.0,0.0,0.0,0.0,0.22666666666666668,6.936355941132237,6.936355941132237,0.0,8.419331550598145,0.03692116693907972,90,3.0,round_robin,chesca_planner_tool
chesca_round_robin_commitment_full_mesh,1372,5,6,0,0,0,0.0,0.0,0.0,0.0,0.0,0.0,0.22666666666666668,5.50356463426416,5.50356463426416,0.0,8.419331550598145,-0.07514715109412237,90,4.0,round_robin,chesca_planner_tool
chesca_round_robin_commitment_full_mesh,1373,6,6,0,0,0,0.0,0.0,0.0,0.0,0.0,0.0,0.22666666666666668,6.1406512824410555,6.1406512824410555,0.0,8.419331550598145,0.10299662015269273,90,5.0,round_robin,chesca_planner_tool
chesca_round_robin_commitment_full_mesh,1374,7,6,0,0,0,0.0,0.0,0.0,0.0,0.0,0.0,0.22666666666666668,5.478891280514651,5.478891280514651,0.0,8.419331550598145,0.0946235017239507,90,0.0,round_robin,chesca_planner_tool
chesca_round_robin_commitment_full_mesh,1375,8,6,0,0,0,0.0,0.0,0.0,0.0,0.0,0.0,0.22666666666666668,5.039594944194357,5.039594944194357,0.0,8.419331550598145,0.08509776066673859,90,1.0,round_robin,chesca_planner_tool
chesca_round_robin_commitment_full_mesh,1376,9,6,0,0,0,0.0,0.0,0.0,0.0,0.0,0.0,0.21333333333333335,4.908803026377791,4.908803026377791,0.0,8.419331550598145,0.0472311156697346,90,2.0,round_robin,chesca_planner_tool
chesca_round_robin_commitment_full_mesh,1377,10,6,3,3,0,0.060000000000000005,0.0,0.060000000000000005,0.0,0.060000000000000005,0.020000000000000004,0.21666666666666667,4.840000060225719,4.64200006022572,-0.1979999999999995,8.419331550598145,0.11244517806159349,90,3.0,round_robin,chesca_planner_tool
chesca_round_robin_commitment_full_mesh,1378,11,6,2,0,2,0.0,0.039999999999999994,0.0,0.039999999999999994,0.020000000000000014,0.02,0.21666666666666667,4.145986726901354,4.258311496060736,0.11232476915938161,8.419331550598145,0.02387127978690083,90,4.0,round_robin,chesca_planner_tool
chesca_round_robin_commitment_full_mesh,1379,12,6,3,0,3,0.0,0.020000000000000014,0.0,0.060000000000000005,0.0,0.0,0.21,2.775685674966967,2.913840720414691,0.13815504544772406,8.495208740234375,-0.4706605414790559,90,5.0,round_robin,chesca_planner_tool
chesca_round_robin_commitment_full_mesh,1380,13,6,0,0,0,0.0,0.0,0.0,0.0,0.0,0.0,0.21,4.200596262809681,4.200596262809682,8.881784197001252e-16,8.495208740234375,0.07352633602107757,90,0.0,round_robin,chesca_planner_tool
chesca_round_robin_commitment_full_mesh,1381,14,6,0,0,0,0.0,0.0,0.0,0.0,0.0,0.0,0.19666666666666668,4.042663733125359,4.042663733125358,-8.881784197001252e-16,8.495208740234375,0.0038882326951848595,90,1.0,round_robin,chesca_planner_tool
chesca_round_robin_commitment_full_mesh,1382,15,6,6,0,6,0.0,0.0,0.0,0.12000000000000002,0.0,0.0,0.21666666666666667,6.100749335729336,6.449979215770289,0.34922988004095235,8.550545692443848,-0.6537987273343643,90,2.0,round_robin,chesca_planner_tool
chesca_round_robin_commitment_full_mesh,1383,16,6,5,5,0,0.1,0.0,0.1,0.0,0.1,0.020000000000000004,0.23333333333333336,6.882804377474759,6.51080437747476,-0.371999999999999,8.550545692443848,0.4146149919142897,90,3.0,round_robin,chesca_planner_tool
chesca_round_robin_commitment_full_mesh,1384,17,6,1,1,0,0.01999999999999999,0.0,0.01999999999999999,0.0,0.12,0.020000000000000004,0.21,9.14451124537183,9.07851124537183,-0.06599999999999895,8.550545692443848,0.8366310668748029,90,4.0,round_robin,chesca_planner_tool
chesca_round_robin_commitment_full_mesh,1385,18,6,4,3,1,0.06,0.02,0.06,0.03999999999999998,0.15999999999999998,0.04000000000000001,0.19333333333333333,10.525037235688796,10.285037235688796,-0.2400000000000002,8.582115173339844,0.7747834829453344,90,5.0,round_robin,chesca_planner_tool
chesca_round_robin_commitment_full_mesh,1386,19,6,3,3,0,0.1,0.0,0.1,0.0,0.25999999999999995,0.06000000000000001,0.20333333333333334,11.92180700506862,11.59180700506862,-0.33000000000000007,8.582115173339844,0.780596551120224,90,0.0,round_robin,chesca_planner_tool
chesca_round_robin_commitment_full_mesh,1387,20,6,0,0,0,0.0,0.0,0.0,0.0,0.25999999999999995,0.06000000000000001,0.20333333333333334,10.307930970205197,10.307930970205197,0.0,8.582115173339844,0.3884055576395631,90,1.0,round_robin,chesca_planner_tool
chesca_round_robin_commitment_full_mesh,1388,21,6,0,0,0,0.0,0.0,0.0,0.0,0.25999999999999995,0.06000000000000001,0.20333333333333334,11.50580500198092,11.50580500198092,0.0,8.702439308166504,0.8129826130936708,90,2.0,round_robin,chesca_planner_tool
chesca_round_robin_commitment_full_mesh,1389,22,6,0,0,0,0.0,0.0,0.0,0.0,0.25999999999999995,0.06000000000000001,0.20333333333333334,9.57112735046811,9.57112735046811,0.0,8.702439308166504,0.19286406061305955,90,3.0,round_robin,chesca_planner_tool
chesca_round_robin_commitment_full_mesh,1390,23,6,0,0,0,0.0,0.0,0.0,0.0,0.25999999999999995,0.06000000000000001,0.20333333333333334,10.786771608652368,10.786771608652368,0.0,8.669384956359863,0.7253097916306789,90,4.0,round_robin,chesca_planner_tool
chesca_round_robin_commitment_full_mesh,1391,24,6,0,0,0,0.0,0.0,0.0,0.0,0.25999999999999995,0.06000000000000001,0.16333333333333336,9.853481823580932,9.853481823580932,0.0,8.669384956359863,0.2954443104909285,90,5.0,round_robin,chesca_planner_tool
chesca_round_robin_commitment_full_mesh,1392,1,6,0,0,0,0.0,0.0,0.0,0.0,0.25999999999999995,0.06000000000000001,0.12333333333333334,10.360557020135891,10.36055702013589,-1.7763568394002505e-15,8.765231132507324,0.48176364976624186,90,0.0,round_robin,chesca_planner_tool
chesca_round_robin_commitment_full_mesh,1393,2,6,6,0,6,0.0,0.22,0.0,0.22000000000000003,0.03999999999999999,0.020000000000000004,0.1366666666666667,8.963822185107576,9.773822185107576,0.8100000000000005,8.765231132507324,0.016946655628400198,90,1.0,round_robin,chesca_planner_tool
chesca_round_robin_commitment_full_mesh,1394,3,6,2,0,2,0.0,0.03999999999999998,0.0,0.04,3.469446951953614e-18,3.469446951953614e-18,0.14333333333333334,7.497840721828002,7.629840721828002,0.13200000000000056,8.825735092163086,-0.062460411888317635,90,2.0,round_robin,chesca_planner_tool
chesca_round_robin_commitment_full_mesh,1395,4,6,0,0,0,0.0,0.0,0.0,0.0,3.469446951953614e-18,3.469446951953614e-18,0.14333333333333334,6.8139400345049825,6.8139400345049825,0.0,8.825735092163086,0.054004834639861055,90,3.0,round_robin,chesca_planner_tool
chesca_round_robin_commitment_full_mesh,1396,5,6,0,0,0,0.0,0.0,0.0,0.0,3.469446951953614e-18,3.469446951953614e-18,0.14333333333333334,5.641222017188673,5.641222017188673,0.0,8.825735092163086,0.037232760708219306,90,4.0,round_robin,chesca_planner_tool
chesca_round_robin_commitment_full_mesh,1397,6,6,6,6,0,0.22,0.0,0.22,0.0,0.22000000000000003,0.04,0.18000000000000002,5.948190016302015,5.1381900163020156,-0.8099999999999996,8.825735092163086,0.09827294413582602,90,5.0,round_robin,chesca_planner_tool
chesca_round_robin_commitment_full_mesh,1398,7,6,0,0,0,0.0,0.0,0.0,0.0,0.22000000000000003,0.04,0.18000000000000002,5.7479875271011025,5.747987527101103,8.881784197001252e-16,8.825735092163086,0.24776394225183204,90,0.0,round_robin,chesca_planner_tool
chesca_round_robin_commitment_full_mesh,1399,8,6,0,0,0,0.0,0.0,0.0,0.0,0.22000000000000003,0.04,0.18000000000000002,5.361900211293557,5.361900211293557,0.0,8.825735092163086,0.11443906172308552,90,1.0,round_robin,chesca_planner_tool
chesca_round_robin_commitment_full_mesh,1400,9,6,6,0,6,0.0,0.18,0.0,0.18000000000000002,0.04000000000000001,0.02,0.21,3.8358743270476676,4.313925444096233,0.4780511170485653,8.765231132507324,-0.022051635285823046,90,2.0,round_robin,chesca_planner_tool
chesca_round_robin_commitment_full_mesh,1401,10,6,0,0,0,0.0,0.0,0.0,0.0,0.04000000000000001,0.02,0.19999999999999998,3.062307561829158,3.062307561829158,0.0,8.765231132507324,0.060104458867350594,90,3.0,round_robin,chesca_planner_tool
chesca_round_robin_commitment_full_mesh,1402,11,6,5,0,5,0.0,0.04,0.0,0.12000000000000001,3.469446951953614e-18,3.469446951953614e-18,0.21333333333333335,5.150602960683804,5.498282042385085,0.3476790817012816,8.825735092163086,-0.29532525494677236,90,4.0,round_robin,chesca_planner_tool
chesca_round_robin_commitment_full_mesh,1403,12,6,0,0,0,0.0,0.0,0.0,0.0,3.469446951953614e-18,3.469446951953614e-18,0.20333333333333334,5.051438696916744,5.051438696916743,-8.881784197001252e-16,8.825735092163086,0.0006104818905608156,90,5.0,round_robin,chesca_planner_tool
chesca_round_robin_commitment_full_mesh,1404,13,6,5,0,5,0.0,3.469446951953614e-18,0.0,0.12,0.0,0.0,0.22333333333333336,5.933341882310921,6.30912616221532,0.37578427990439955,8.85575008392334,-0.49452709218388147,90,0.0,round_robin,chesca_planner_tool
chesca_round_robin_commitment_full_mesh,1405,14,6,0,0,0,0.0,0.0,0.0,0.0,0.0,0.0,0.22333333333333336,6.212544166085995,6.212544166085995,0.0,8.85575008392334,-0.015541151621798976,90,1.0,round_robin,chesca_planner_tool
chesca_round_robin_commitment_full_mesh,1406,15,6,0,0,0,0.0,0.0,0.0,0.0,0.0,0.0,0.20333333333333334,8.731686786403777,8.731686786403777,0.0,8.85575008392334,0.27034677445146815,90,2.0,round_robin,chesca_planner_tool
chesca_round_robin_commitment_full_mesh,1407,16,6,6,6,0,0.11999999999999998,0.0,0.11999999999999998,0.0,0.11999999999999998,0.020000000000000004,0.20666666666666667,9.561097976494876,9.123097976494876,-0.4380000000000006,8.87985610961914,0.391533034107958,90,3.0,round_robin,chesca_planner_tool
chesca_round_robin_commitment_full_mesh,1408,17,6,5,5,0,0.09999999999999999,0.0,0.09999999999999999,0.0,0.21999999999999997,0.04000000000000001,0.22,11.536025898954097,11.164025898954097,-0.3719999999999999,8.87985610961914,1.0172091495681297,90,4.0,round_robin,chesca_planner_tool
chesca_round_robin_commitment_full_mesh,1409,18,6,1,1,0,0.020000000000000004,0.0,0.020000000000000004,0.0,0.23999999999999994,0.04000000000000001,0.20666666666666667,13.017932668791303,12.951932668791304,-0.06599999999999895,8.87985610961914,1.3830104252735995,90,5.0,round_robin,chesca_planner_tool
chesca_round_robin_commitment_full_mesh,1410,19,6,4,4,0,0.1,0.0,0.1,0.0,0.33999999999999997,0.07999999999999999,0.20666666666666667,14.851338556055385,14.479338556055383,-0.37200000000000166,8.913163185119629,1.4440641875743176,90,0.0,round_robin,chesca_planner_tool
chesca_round_robin_commitment_full_mesh,1411,20,6,0,0,0,0.0,0.0,0.0,0.0,0.33999999999999997,0.07999999999999999,0.20666666666666667,13.641605224982108,13.641605224982108,0.0,8.913163185119629,1.0326698400602068,90,1.0,round_robin,chesca_planner_tool
chesca_round_robin_commitment_full_mesh,1412,21,6,0,0,0,0.0,0.0,0.0,0.0,0.33999999999999997,0.07999999999999999,0.20666666666666667,10.981433821358701,10.981433821358701,0.0,8.913163185119629,0.38262343473900545,90,2.0,round_robin,chesca_planner_tool
chesca_round_robin_commitment_full_mesh,1413,22,6,6,0,6,0.0,0.24,0.0,0.24000000000000002,0.09999999999999998,0.03999999999999999,0.24666666666666667,8.3662049289619,9.242204928961899,0.8759999999999994,8.978721618652344,-0.06477007145833706,90,3.0,round_robin,chesca_planner_tool
chesca_round_robin_commitment_full_mesh,1414,23,6,1,0,1,0.0,0.020000000000000004,0.0,0.020000000000000004,0.07999999999999999,0.02000000000000001,0.25,9.11505445766114,9.18105445766114,0.06600000000000072,8.978721618652344,-0.014334121306846775,90,4.0,round_robin,chesca_planner_tool
chesca_round_robin_commitment_full_mesh,1415,24,6,0,0,0,0.0,0.0,0.0,0.0,0.07999999999999999,0.02000000000000001,0.25,10.079923690904593,10.079923690904591,-1.7763568394002505e-15,8.978721618652344,0.3165274704942658,90,5.0,round_robin,chesca_planner_tool
chesca_round_robin_commitment_full_mesh,1416,1,6,0,0,0,0.0,0.0,0.0,0.0,0.07999999999999999,0.02000000000000001,0.25,9.602161526907894,9.602161526907894,0.0,9.04130744934082,0.07671946114034137,90,0.0,round_robin,chesca_planner_tool
chesca_round_robin_commitment_full_mesh,1417,2,6,4,0,4,0.0,0.07999999999999999,0.0,0.08000000000000002,6.938893903907228e-18,6.938893903907228e-18,0.22666666666666666,7.854717522555343,8.160717522555343,0.30600000000000005,9.076952934265137,-0.09105868948421753,90,1.0,round_robin,chesca_planner_tool
chesca_round_robin_commitment_full_mesh,1418,3,6,0,0,0,0.0,0.0,0.0,0.0,6.938893903907228e-18,6.938893903907228e-18,0.21999999999999997,7.1801670681439,7.1801670681439,0.0,9.076952934265137,-0.04580550016894021,90,2.0,round_robin,chesca_planner_tool
chesca_round_robin_commitment_full_mesh,1419,4,6,0,0,0,0.0,0.0,0.0,0.0,6.938893903907228e-18,6.938893903907228e-18,0.21999999999999997,7.223910446804052,7.223910446804051,-8.881784197001252e-16,9.076952934265137,0.04499626868238936,90,3.0,round_robin,chesca_planner_tool
chesca_round_robin_commitment_full_mesh,1420,5,6,0,0,0,0.0,0.0,0.0,0.0,6.938893903907228e-18,6.938893903907228e-18,0.21999999999999997,5.821342877573296,5.821342877573296,0.0,9.076952934265137,-0.029242323811143917,90,4.0,round_robin,chesca_planner_tool
chesca_round_robin_commitment_full_mesh,1421,6,6,2,2,0,0.08,0.0,0.08,0.0,0.08000000000000002,0.04,0.19666666666666666,6.266152967453991,6.0021529674539895,-0.2640000000000011,9.076952934265137,0.09502306134179289,90,5.0,round_robin,chesca_planner_tool
chesca_round_robin_commitment_full_mesh,1422,7,6,2,2,0,0.04000000000000001,0.0,0.04000000000000001,0.0,0.12000000000000002,0.04,0.20333333333333334,5.228446290019563,5.068446290019563,-0.16000000000000014,9.076952934265137,0.10002307590643048,90,0.0,round_robin,chesca_planner_tool
chesca_round_robin_commitment_full_mesh,1423,8,6,0,0,0,0.0,0.0,0.0,0.0,0.12000000000000002,0.04,0.20333333333333334,5.17062429641167,5.17062429641167,0.0,9.076952934265137,0.15210322204209847,90,1.0,round_robin,chesca_planner_tool
chesca_round_robin_commitment_full_mesh,1424,9,6,2,0,2,0.0,0.08,0.0,0.08000000000000002,0.04000000000000001,0.020000000000000004,0.18666666666666665,3.76307676369753,3.9538123914317893,0.19073562773425934,9.076952934265137,0.03347031121810094,90,2.0,round_robin,chesca_planner_tool
chesca_round_robin_commitment_full_mesh,1425,10,6,2,0,2,0.0,0.04,0.0,0.04,1.0408340855860843e-17,6.938893903907228e-18,0.19333333333333333,3.348904499118714,3.4433054256219826,0.09440092650326859,9.076952934265137,0.0101803769411207,90,3.0,round_robin,chesca_planner_tool
chesca_round_robin_commitment_full_mesh,1426,11,6,6,0,6,0.0,1.0408340855860843e-17,0.0,0.16000000000000003,0.0,0.0,0.19999999999999998,3.254038909296839,3.732100984590792,0.47806207529395284,9.076952934265137,-0.1711252222861145,90,4.0,round_robin,chesca_planner_tool
chesca_round_robin_commitment_full_mesh,1427,12,6,5,5,0,0.12000000000000002,0.0,0.12000000000000002,0.0,0.12000000000000002,0.04000000000000001,0.22,3.9946572896685377,3.5426572896685378,-0.45199999999999996,9.076952934265137,0.11187128761927592,90,5.0,round_robin,chesca_planner_tool
chesca_round_robin_commitment_full_mesh,1428,13,6,0,0,0,0.0,0.0,0.0,0.0,0.12000000000000002,0.04000000000000001,0.19999999999999998,4.983941772020675,4.983941772020675,0.0,9.076952934265137,0.2430993262053034,90,0.0,round_robin,chesca_planner_tool
chesca_round_robin_commitment_full_mesh,1429,14,6,1,1,0,0.04,0.0,0.04,0.0,0.16000000000000003,0.04000000000000001,0.20666666666666667,5.387344692193585,5.255344692193585,-0.13199999999999967,9.076952934265137,0.17256766490615516,90,1.0,round_robin,chesca_planner_tool
chesca_round_robin_commitment_full_mesh,1430,15,6,0,0,0,0.0,0.0,0.0,0.0,0.16000000000000003,0.04000000000000001,0.20666666666666667,7.546125752462062,7.546125752462062,0.0,9.076952934265137,0.20510788142694902,90,2.0,round_robin,chesca_planner_tool
chesca_round_robin_commitment_full_mesh,1431,16,6,0,0,0,0.0,0.0,0.0,0.0,0.16000000000000003,0.04000000000000001,0.18666666666666665,8.771049031713549,8.771049031713549,0.0,9.076952934265137,0.3821032026255109,90,3.0,round_robin,chesca_planner_tool
chesca_round_robin_commitment_full_mesh,1432,17,6,4,4,0,0.14,0.0,0.14,0.0,0.3,0.06000000000000001,0.19333333333333333,11.367774223540165,10.849774223540164,-0.5180000000000007,9.076952934265137,1.032830009461464,90,4.0,round_robin,chesca_planner_tool
chesca_round_robin_commitment_full_mesh,1433,18,6,2,2,0,0.08000000000000002,0.0,0.08000000000000002,0.0,0.38000000000000006,0.08000000000000002,0.20333333333333334,13.84899732996032,13.556997329960318,-0.2920000000000016,9.15252685546875,1.5309221331240501,90,5.0,round_robin,chesca_planner_tool
chesca_round_robin_commitment_full_mesh,1434,19,6,3,3,0,0.06,0.0,0.06,0.0,0.44000000000000006,0.08000000000000002,0.19666666666666668,16.517940178628546,16.291940178628547,-0.2259999999999991,9.15252685546875,1.8683026722619949,90,0.0,round_robin,chesca_planner_tool
chesca_round_robin_commitment_full_mesh,1435,20,6,0,0,0,0.0,0.0,0.0,0.0,0.44000000000000006,0.08000000000000002,0.19666666666666668,13.822746011137832,13.822746011137832,0.0,9.15252685546875,0.9673691965393127,90,1.0,round_robin,chesca_planner_tool
chesca_round_robin_commitment_full_mesh,1436,21,6,0,0,0,0.0,0.0,0.0,0.0,0.44000000000000006,0.08000000000000002,0.19666666666666668,13.779696248349218,13.779696248349216,-1.7763568394002505e-15,9.15252685546875,0.9803689840059752,90,2.0,round_robin,chesca_planner_tool
chesca_round_robin_commitment_full_mesh,1437,22,6,0,0,0,0.0,0.0,0.0,0.0,0.44000000000000006,0.08000000000000002,0.1566666666666667,10.271807082960239,10.271807082960239,0.0,9.15252685546875,0.08571837625786954,90,3.0,round_robin,chesca_planner_tool
chesca_round_robin_commitment_full_mesh,1438,23,6,0,0,0,0.0,0.0,0.0,0.0,0.44000000000000006,0.08000000000000002,0.15333333333333335,10.488570112084782,10.488570112084782,0.0,9.15252685546875,0.2908461500671827,90,4.0,round_robin,chesca_planner_tool
chesca_round_robin_commitment_full_mesh,1439,24,6,0,0,0,0.0,0.0,0.0,0.0,0.44000000000000006,0.08000000000000002,0.15333333333333335,10.483965587990951,10.483965587990951,0.0,9.15252685546875,0.3024491784865606,90,5.0,round_robin,chesca_planner_tool
chesca_round_robin_commitment_full_mesh,1440,1,6,6,0,6,0.0,0.24000000000000005,0.0,0.24000000000000005,0.20000000000000004,0.04000000000000001,0.19333333333333336,9.728898878991561,10.604898878991559,0.8759999999999977,9.15252685546875,-0.0043225702569393565,90,0.0,round_robin,chesca_planner_tool
chesca_round_robin_commitment_full_mesh,1441,2,6,6,0,6,0.0,0.20000000000000004,0.0,0.22000000000000003,0.0,0.0,0.21666666666666667,8.38382794217422,9.193827942174218,0.8099999999999987,9.203737258911133,-0.21630083705902098,90,1.0,round_robin,chesca_planner_tool
chesca_round_robin_commitment_full_mesh,1442,3,6,2,0,2,0.0,0.0,0.0,0.06000000000000001,0.0,0.0,0.22666666666666668,7.282653433096201,7.494653433096202,0.21200000000000063,9.203737258911133,-0.242122863249599,90,2.0,round_robin,chesca_planner_tool
chesca_round_robin_commitment_full_mesh,1443,4,6,1,0,1,0.0,0.0,0.0,0.02,0.0,0.0,0.23,7.7063928168608715,7.772392816860871,0.06599999999999984,9.203737258911133,-0.2023528349404732,90,3.0,round_robin,chesca_planner_tool
chesca_round_robin_commitment_full_mesh,1444,5,6,0,0,0,0.0,0.0,0.0,0.0,0.0,0.0,0.23,5.811950820166439,5.811950820166439,0.0,9.203737258911133,-0.23130240152194895,90,4.0,round_robin,chesca_planner_tool
chesca_round_robin_commitment_full_mesh,1445,6,6,0,0,0,0.0,0.0,0.0,0.0,0.0,0.0,0.21666666666666667,6.036750404435504,6.036750404435504,0.0,9.203737258911133,-0.05137341380973267,90,5.0,round_robin,chesca_planner_tool
chesca_round_robin_commitment_full_mesh,1446,7,6,0,0,0,0.0,0.0,0.0,0.0,0.0,0.0,0.21,5.707695117255683,5.707695117255683,0.0,9.203737258911133,-0.05637161735052222,90,0.0,round_robin,chesca_planner_tool
chesca_round_robin_commitment_full_mesh,1447,8,6,0,0,0,0.0,0.0,0.0,0.0,0.0,0.0,0.21,5.165002120995968,5.165002120995968,0.0,9.203737258911133,-0.010989034080743688,90,1.0,round_robin,chesca_planner_tool
chesca_round_robin_commitment_full_mesh,1448,9,6,0,0,0,0.0,0.0,0.0,0.0,0.0,0.0,0.19666666666666668,4.620965161158618,4.620965161158619,8.881784197001252e-16,9.203737258911133,-0.06530596593723391,90,2.0,round_robin,chesca_planner_tool
chesca_round_robin_commitment_full_mesh,1449,10,6,2,0,2,0.0,0.0,0.0,0.060000000000000005,0.0,0.0,0.20000000000000004,3.284944152541195,3.490914963691486,0.2059708111502907,9.203737258911133,-0.09222927260824068,90,3.0,round_robin,chesca_planner_tool
chesca_round_robin_commitment_full_mesh,1450,11,6,3,0,3,0.0,0.0,0.0,0.06,0.0,0.0,0.18333333333333335,1.8236807062504947,1.949278327029947,0.12559762077945225,9.203737258911133,-0.24699927594206939,90,4.0,round_robin,chesca_planner_tool
chesca_round_robin_commitment_full_mesh,1451,12,6,0,0,0,0.0,0.0,0.0,0.0,0.0,0.0,0.16333333333333336,1.478130711883376,1.478130711883376,0.0,9.203737258911133,-0.04104362483303105,90,5.0,round_robin,chesca_planner_tool
chesca_round_robin_commitment_full_mesh,1452,13,6,6,6,0,0.22000000000000003,0.0,0.22000000000000003,0.0,0.22000000000000003,0.04000000000000001,0.19999999999999998,5.436874650770045,4.626874650770046,-0.8099999999999996,9.203737258911133,0.22298900910615205,90,0.0,round_robin,chesca_planner_tool
chesca_round_robin_commitment_full_mesh,1453,14,6,0,0,0,0.0,0.0,0.0,0.0,0.22000000000000003,0.04000000000000001,0.19333333333333336,4.740125068869828,4.740125068869828,0.0,9.203737258911133,0.10326356345520389,90,1.0,round_robin,chesca_planner_tool
chesca_round_robin_commitment_full_mesh,1454,15,6,4,0,4,0.0,0.12000000000000001,0.0,0.12000000000000001,0.10000000000000002,0.04,0.21333333333333335,6.584211423063907,6.89586726847318,0.3116558454092724,9.203737258911133,0.029236474581909262,90,2.0,round_robin,chesca_planner_tool
chesca_round_robin_commitment_full_mesh,1455,16,6,0,0,0,0.0,0.0,0.0,0.0,0.10000000000000002,0.04,0.21333333333333335,7.331474243263129,7.331474243263129,0.0,9.203737258911133,0.06253053160380206,90,3.0,round_robin,chesca_planner_tool
chesca_round_robin_commitment_full_mesh,1456,17,6,2,2,0,0.04000000000000001,0.0,0.04000000000000001,0.0,0.14,0.04,0.19666666666666668,9.2029048078405,9.0709048078405,-0.13199999999999967,9.203737258911133,0.11007845567577171,90,4.0,round_robin,chesca_planner_tool
chesca_round_robin_commitment_full_mesh,1485,22,6,6,6,0,0.23999999999999988,0.0,0.23999999999999988,0.0,0.3799999999999999,0.07999999999999999,0.2233333333333333,30.792441545787057,29.916441545787055,-0.8760000000000012,7.890701770782471,6.254586678489885,90,3.0,round_robin,chesca_planner_tool
chesca_round_robin_commitment_full_mesh,1486,23,6,6,0,6,0.0,0.24000000000000002,0.0,0.24000000000000005,0.1399999999999999,0.03999999999999998,0.25333333333333335,11.077038862369061,11.953038862369063,0.8760000000000012,7.890701770782471,-0.2922463326960105,90,4.0,round_robin,chesca_planner_tool
chesca_round_robin_commitment_full_mesh,1487,24,6,5,0,5,0.0,0.1399999999999999,0.0,0.14,0.0,0.0,0.27666666666666667,7.506479592200078,8.010479592200078,0.5039999999999996,7.890701770782471,-0.3283871163721955,90,5.0,round_robin,chesca_planner_tool
chesca_round_robin_commitment_full_mesh,1488,1,6,0,0,0,0.0,0.0,0.0,0.0,0.0,0.0,0.27666666666666667,9.039720039735908,9.039720039735908,0.0,7.838081359863281,0.3617898156844222,90,0.0,round_robin,chesca_planner_tool
chesca_round_robin_commitment_full_mesh,1489,2,6,0,0,0,0.0,0.0,0.0,0.0,0.0,0.0,0.27666666666666667,9.326536117842661,9.326536117842661,0.0,7.838081359863281,0.35305463659586145,90,1.0,round_robin,chesca_planner_tool
chesca_round_robin_commitment_full_mesh,1490,3,6,0,0,0,0.0,0.0,0.0,0.0,0.0,0.0,0.27666666666666667,8.85014670249155,8.850146702491548,-1.7763568394002505e-15,7.954331398010254,0.1850601038433293,90,2.0,round_robin,chesca_planner_tool
chesca_round_robin_commitment_full_mesh,1491,4,6,0,0,0,0.0,0.0,0.0,0.0,0.0,0.0,0.27666666666666667,7.642947037367494,7.6429470373674935,-8.881784197001252e-16,8.184154510498047,-0.04424216559931597,90,3.0,round_robin,chesca_planner_tool
chesca_round_robin_commitment_full_mesh,1492,5,6,0,0,0,0.0,0.0,0.0,0.0,0.0,0.0,0.23666666666666666,5.657549264777661,5.657549264777661,0.0,8.184154510498047,-0.07620328472447199,90,4.0,round_robin,chesca_planner_tool
chesca_round_robin_commitment_full_mesh,1493,6,6,0,0,0,0.0,0.0,0.0,0.0,0.0,0.0,0.19999999999999998,5.979708759288115,5.979708759288115,0.0,8.184154510498047,0.08523571705034852,90,5.0,round_robin,chesca_planner_tool
chesca_round_robin_commitment_full_mesh,1494,7,6,0,0,0,0.0,0.0,0.0,0.0,0.0,0.0,0.18999999999999997,5.8736528352706925,5.873652835270692,-8.881784197001252e-16,8.184154510498047,0.07481162324678596,90,0.0,round_robin,chesca_planner_tool
chesca_round_robin_commitment_full_mesh,1495,8,6,0,0,0,0.0,0.0,0.0,0.0,0.0,0.0,0.18666666666666665,4.654974854553847,4.654974854553847,0.0,8.184154510498047,-0.0739959130294949,90,1.0,round_robin,chesca_planner_tool
chesca_round_robin_commitment_full_mesh,1496,9,6,5,5,0,0.16,0.0,0.16,0.0,0.16,0.04000000000000001,0.2133333333333333,5.779102098985474,5.181102098985474,-0.5979999999999999,8.184154510498047,0.12050811307859483,90,2.0,round_robin,chesca_planner_tool
chesca_round_robin_commitment_full_mesh,1497,10,6,5,0,5,0.0,0.14,0.0,0.14,0.020000000000000004,0.019999999999999997,0.23666666666666666,5.04963788921537,5.5367155140436335,0.4870776248282631,8.184154510498047,-0.029128555962589703,90,3.0,round_robin,chesca_planner_tool
chesca_round_robin_commitment_full_mesh,1498,11,6,0,0,0,0.0,0.0,0.0,0.0,0.020000000000000004,0.019999999999999997,0.23666666666666666,6.254945794651405,6.254945794651405,0.0,8.184154510498047,-0.002778807717999779,90,4.0,round_robin,chesca_planner_tool
chesca_round_robin_commitment_full_mesh,1499,12,6,0,0,0,0.0,0.0,0.0,0.0,0.020000000000000004,0.019999999999999997,0.23666666666666666,4.597481487706271,4.597481487706271,0.0,8.184154510498047,0.02185026357322184,90,5.0,round_robin,chesca_planner_tool
chesca_round_robin_commitment_full_mesh,1500,13,6,1,0,1,0.0,0.019999999999999997,0.0,0.02,6.938893903907228e-18,6.938893903907228e-18,0.24,5.5024628536547056,5.547989082039244,0.04552622838453857,8.184154510498047,-0.04240068616122928,90,0.0,round_robin,chesca_planner_tool
chesca_round_robin_commitment_full_mesh,1501,14,6,0,0,0,0.0,0.0,0.0,0.0,6.938893903907228e-18,6.938893903907228e-18,0.22999999999999998,4.231237427926482,4.231237427926482,0.0,8.184154510498047,-0.09657640043641733,90,1.0,round_robin,chesca_planner_tool
chesca_round_robin_commitment_full_mesh,1502,15,6,1,1,0,0.02,0.0,0.02,0.0,0.020000000000000007,0.02,0.2233333333333333,4.993672623709516,4.927672623709516,-0.06599999999999984,8.184154510498047,0.09615702481752335,90,2.0,round_robin,chesca_planner_tool
chesca_round_robin_commitment_full_mesh,1503,16,6,2,2,0,0.04,0.0,0.04,0.0,0.06000000000000001,0.02,0.22999999999999998,4.606767696686371,4.4607676966863705,-0.1460000000000008,8.184154510498047,0.2327060120255942,90,3.0,round_robin,chesca_planner_tool
chesca_round_robin_commitment_full_mesh,1504,17,6,0,0,0,0.0,0.0,0.0,0.0,0.06000000000000001,0.02,0.19333333333333333,5.818390055978152,5.818390055978151,-8.881784197001252e-16,8.184154510498047,0.285057494032682,90,4.0,round_robin,chesca_planner_tool
chesca_round_robin_commitment_full_mesh,1505,18,6,3,3,0,0.06,0.0,0.06,0.0,0.12000000000000001,0.020000000000000007,0.20333333333333334,7.541819550006156,7.377193581073049,-0.16462596893310621,8.184154510498047,0.3411440135511777,90,5.0,round_robin,chesca_planner_tool
chesca_round_robin_commitment_full_mesh,1506,19,6,6,0,6,0.0,0.12000000000000001,0.0,0.12000000000000001,3.469446951953614e-18,3.469446951953614e-18,0.20333333333333334,7.703279031429857,8.113041975640638,0.4097629442107804,8.184154510498047,0.005523437977658134,90,0.0,round_robin,chesca_planner_tool
chesca_round_robin_commitment_full_mesh,1507,20,6,0,0,0,0.0,0.0,0.0,0.0,3.469446951953614e-18,3.469446951953614e-18,0.20333333333333334,8.111324730090946,8.111324730090946,0.0,8.184154510498047,-0.013485744238837104,90,1.0,round_robin,chesca_planner_tool
chesca_round_robin_commitment_full_mesh,1508,21,6,4,4,0,0.10000000000000002,0.0,0.10000000000000002,0.0,0.10000000000000002,0.04000000000000001,0.2133333333333333,8.44503455627686,8.087034556276862,-0.35799999999999876,8.184154510498047,0.13147583023569742,90,2.0,round_robin,chesca_planner_tool
chesca_round_robin_commitment_full_mesh,1509,22,6,5,0,5,0.0,0.10000000000000002,0.0,0.12000000000000002,6.938893903907228e-18,6.938893903907228e-18,0.19333333333333333,7.913228482019234,8.351228482019234,0.4380000000000006,8.357943534851074,-0.47670642122021295,90,3.0,round_robin,chesca_planner_tool
chesca_round_robin_commitment_full_mesh,1510,23,6,6,0,6,0.0,6.938893903907228e-18,0.0,0.16000000000000003,0.0,0.0,0.18000000000000002,7.465980873707874,8.035980873707874,0.5700000000000003,8.494750022888184,-0.09902911984395132,90,4.0,round_robin,chesca_planner_tool
chesca_round_robin_commitment_full_mesh,1511,24,6,6,0,6,0.0,0.0,0.0,0.24000000000000005,0.0,0.0,0.19666666666666668,6.941584927915004,7.817584927915004,0.8759999999999994,8.494750022888184,-0.16191219308541063,90,5.0,round_robin,chesca_planner_tool
chesca_round_robin_commitment_full_mesh,1512,1,6,0,0,0,0.0,0.0,0.0,0.0,0.0,0.0,0.19666666666666668,7.65959700771473,7.659597007714729,-8.881784197001252e-16,8.357943534851074,0.037245658032657517,90,0.0,round_robin,chesca_planner_tool
chesca_round_robin_commitment_full_mesh,1513,2,6,0,0,0,0.0,0.0,0.0,0.0,0.0,0.0,0.19666666666666668,6.504744950691217,6.504744950691218,8.881784197001252e-16,8.184154510498047,-0.02652052792619017,90,1.0,round_robin,chesca_planner_tool
chesca_round_robin_commitment_full_mesh,1514,3,6,5,5,0,0.14,0.0,0.14,0.0,0.14,0.04,0.22,6.847475198124132,6.343475198124131,-0.5040000000000013,7.965692520141602,0.10770048474160206,90,2.0,round_robin,chesca_planner_tool
chesca_round_robin_commitment_full_mesh,1515,4,6,0,0,0,0.0,0.0,0.0,0.0,0.14,0.04,0.22,6.095554278291486,6.095554278291486,0.0,7.9155964851379395,0.14510333181232965,90,3.0,round_robin,chesca_planner_tool
chesca_round_robin_commitment_full_mesh,1516,5,6,5,0,5,0.0,0.10000000000000002,0.0,0.10000000000000002,0.039999999999999994,0.02,0.2366666666666667,5.054977269642216,5.386277717138352,0.33130044749613585,7.838081359863281,-0.01408916543540506,90,4.0,round_robin,chesca_planner_tool
chesca_round_robin_commitment_full_mesh,1517,6,6,0,0,0,0.0,0.0,0.0,0.0,0.039999999999999994,0.02,0.2366666666666667,5.600695699097722,5.600695699097722,0.0,7.838081359863281,0.09368268904363883,90,5.0,round_robin,chesca_planner_tool
chesca_round_robin_commitment_full_mesh,1518,7,6,2,0,2,0.0,0.039999999999999994,0.0,0.04000000000000001,0.0,0.0,0.24333333333333337,4.5944654082729635,4.733214074949571,0.1387486666766078,7.9155964851379395,-0.46113135531582583,90,0.0,round_robin,chesca_planner_tool
chesca_round_robin_commitment_full_mesh,1519,8,6,0,0,0,0.0,0.0,0.0,0.0,0.0,0.0,0.24333333333333337,3.8715375420862506,3.8715375420862506,0.0,7.9155964851379395,0.10104629029865811,90,1.0,round_robin,chesca_planner_tool
chesca_round_robin_commitment_full_mesh,1520,9,6,0,0,0,0.0,0.0,0.0,0.0,0.0,0.0,0.21666666666666667,5.000854731325476,5.000854731325476,0.0,7.9155964851379395,0.1701232290354993,90,2.0,round_robin,chesca_planner_tool
chesca_round_robin_commitment_full_mesh,1521,10,6,0,0,0,0.0,0.0,0.0,0.0,0.0,0.0,0.19333333333333336,2.961561570636455,2.9615615706364546,-4.440892098500626e-16,7.9155964851379395,-0.0025261253360648467,90,3.0,round_robin,chesca_planner_tool
chesca_round_robin_commitment_full_mesh,1522,11,6,0,0,0,0.0,0.0,0.0,0.0,0.0,0.0,0.19333333333333336,3.3321508503289525,3.332150850328952,-4.440892098500626e-16,7.9155964851379395,0.032364951014548116,90,4.0,round_robin,chesca_planner_tool
chesca_round_robin_commitment_full_mesh,1523,12,6,0,0,0,0.0,0.0,0.0,0.0,0.0,0.0,0.19333333333333336,1.1456824328076378,1.1456824328076376,-2.220446049250313e-16,7.9155964851379395,-0.011133195559571962,90,5.0,round_robin,chesca_planner_tool
chesca_round_robin_commitment_full_mesh,1524,13,6,4,4,0,0.13999999999999999,0.0,0.13999999999999999,0.0,0.13999999999999999,0.04,0.21333333333333335,4.033580310315543,3.515580310315542,-0.5180000000000007,7.9155964851379395,0.10154051530359554,90,0.0,round_robin,chesca_planner_tool
chesca_round_robin_commitment_full_mesh,1525,14,6,0,0,0,0.0,0.0,0.0,0.0,0.13999999999999999,0.04,0.21333333333333335,4.6194691823045675,4.619469182304568,8.881784197001252e-16,7.9155964851379395,0.0950663117393217,90,1.0,round_robin,chesca_planner_tool
chesca_round_robin_commitment_full_mesh,1526,15,6,2,0,2,0.0,0.06,0.0,0.06,0.08,0.04,0.22,4.7421909314265625,4.949140356170215,0.20694942474365252,7.9155964851379395,0.038549158875415816,90,2.0,round_robin,chesca_planner_tool
chesca_round_robin_commitment_full_mesh,1527,16,6,2,2,0,0.04000000000000001,0.0,0.04000000000000001,0.0,0.12000000000000002,0.04,0.22,6.739478687417535,6.579478687417536,-0.15999999999999925,7.838081359863281,0.5286371662949644,90,3.0,round_robin,chesca_planner_tool
chesca_round_robin_commitment_full_mesh,1528,17,6,1,1,0,0.02,0.0,0.02,0.0,0.14,0.04,0.22333333333333336,7.853204818891733,7.787204818891733,-0.06599999999999984,7.67764949798584,0.4761403946506435,90,4.0,round_robin,chesca_planner_tool
chesca_round_robin_commitment_full_mesh,1529,18,6,0,0,0,0.0,0.0,0.0,0.0,0.14,0.04,0.21333333333333335,9.099397480021489,9.099397480021489,0.0,7.597058296203613,0.7287645176461842,90,5.0,round_robin,chesca_planner_tool
chesca_round_robin_commitment_full_mesh,1530,19,6,0,0,0,0.0,0.0,0.0,0.0,0.14,0.04,0.19333333333333336,9.350558986961326,9.350558986961328,1.7763568394002505e-15,7.597058296203613,0.4518359014738476,90,0.0,round_robin,chesca_planner_tool
chesca_round_robin_commitment_full_mesh,1531,20,6,6,0,6,0.0,0.14,0.0,0.14,3.469446951953614e-18,3.469446951953614e-18,0.21666666666666667,8.748495111227035,9.252495111227034,0.5039999999999996,7.597058296203613,-0.003653752716350607,90,1.0,round_robin,chesca_planner_tool
chesca_round_robin_commitment_full_mesh,1532,21,6,4,0,4,0.0,3.469446951953614e-18,0.0,0.08000000000000002,0.0,0.0,0.21333333333333335,8.004451138561935,8.310451138561936,0.30600000000000094,7.597058296203613,-0.43919590141308806,90,2.0,round_robin,chesca_planner_tool
chesca_round_robin_commitment_full_mesh,1533,22,6,0,0,0,0.0,0.0,0.0,0.0,0.0,0.0,0.19333333333333333,7.423414408696682,7.423414408696681,-8.881784197001252e-16,7.597058296203613,0.02070390619160034,90,3.0,round_robin,chesca_planner_tool
chesca_round_robin_commitment_full_mesh,1534,23,6,3,3,0,0.06000000000000001,0.0,0.06000000000000001,0.0,0.06000000000000001,0.020000000000000004,0.17666666666666667,7.001017518008018,6.761017518008018,-0.2400000000000002,7.574863433837891,0.08473035963687596,90,4.0,round_robin,chesca_planner_tool
chesca_round_robin_commitment_full_mesh,1535,24,6,3,3,0,0.1,0.0,0.1,0.0,0.16000000000000003,0.04,0.15333333333333335,7.992089148638461,7.6620891486384615,-0.3299999999999992,7.527256488800049,0.15276437226494247,90,5.0,round_robin,chesca_planner_tool
chesca_round_robin_commitment_full_mesh,1536,1,6,0,0,0,0.0,0.0,0.0,0.0,0.16000000000000003,0.04,0.15333333333333335,8.436782468226365,8.436782468226365,0.0,7.527256488800049,0.20634661592777387,90,0.0,round_robin,chesca_planner_tool
chesca_round_robin_commitment_full_mesh,1537,2,6,0,0,0,0.0,0.0,0.0,0.0,0.16000000000000003,0.04,0.15333333333333335,8.408223936672158,8.408223936672158,0.0,7.527256488800049,0.24493481717537188,90,1.0,round_robin,chesca_planner_tool
chesca_round_robin_commitment_full_mesh,1538,3,6,6,0,6,0.0,0.16000000000000003,0.0,0.16000000000000003,0.0,0.0,0.1566666666666667,5.9488399966788,6.518839996678801,0.5700000000000003,7.527256488800049,-0.06796340682670018,90,2.0,round_robin,chesca_planner_tool
chesca_round_robin_commitment_full_mesh,1539,4,6,0,0,0,0.0,0.0,0.0,0.0,0.0,0.0,0.1566666666666667,5.545151508896758,5.545151508896758,0.0,7.527256488800049,0.009614411007888693,90,3.0,round_robin,chesca_planner_tool
chesca_round_robin_commitment_full_mesh,1540,5,6,3,3,0,0.12,0.0,0.12,0.0,0.12,0.04,0.16000000000000003,5.46165399252186,4.981653992521862,-0.47999999999999865,7.527256488800049,0.08431310656628159,90,4.0,round_robin,chesca_planner_tool
chesca_round_robin_commitment_full_mesh,1541,6,6,3,3,0,0.12000000000000002,0.0,0.12000000000000002,0.0,0.24000000000000002,0.04000000000000001,0.18000000000000002,6.0257753714648725,5.629775371464873,-0.3959999999999999,7.527256488800049,0.12343257326378548,90,5.0,round_robin,chesca_planner_tool
chesca_round_robin_commitment_full_mesh,1542,7,6,0,0,0,0.0,0.0,0.0,0.0,0.24000000000000002,0.04000000000000001,0.17333333333333334,5.6429922696726225,5.6429922696726225,0.0,7.527256488800049,0.22446039188461092,90,0.0,round_robin,chesca_planner_tool
chesca_round_robin_commitment_full_mesh,1543,8,6,6,0,6,0.0,0.24000000000000002,0.0,0.24000000000000005,0.0,0.0,0.21333333333333335,4.216222268099003,4.678506430214885,0.46228416211588197,7.536482810974121,-0.07272082684394965,90,1.0,round_robin,chesca_planner_tool
chesca_round_robin_commitment_full_mesh,1544,9,6,0,0,0,0.0,0.0,0.0,0.0,0.0,0.0,0.21333333333333335,3.113674050611284,3.113674050611284,0.0,7.536482810974121,0.0019752737589223274,90,2.0,round_robin,chesca_planner_tool
chesca_round_robin_commitment_full_mesh,1545,10,6,1,0,1,0.0,0.0,0.0,0.02,0.0,0.0,0.21666666666666667,3.2812095549988225,3.3472095549988232,0.06600000000000072,7.536482810974121,-0.09338775610211683,90,3.0,round_robin,chesca_planner_tool
chesca_round_robin_commitment_full_mesh,1546,11,6,2,2,0,0.06,0.0,0.06,0.0,0.06,0.04,0.22666666666666666,4.1195164510550235,3.8935164510550235,-0.22599999999999998,7.536482810974121,0.09352506863760787,90,4.0,round_robin,chesca_planner_tool
chesca_round_robin_commitment_full_mesh,1547,12,6,4,0,4,0.0,0.06,0.0,0.09999999999999999,0.0,0.0,0.24333333333333332,6.423308838751044,6.775636865538662,0.35232802678761743,7.536482810974121,-0.46497182160820216,90,5.0,round_robin,chesca_planner_tool
chesca_round_robin_commitment_full_mesh,1548,13,6,0,0,0,0.0,0.0,0.0,0.0,0.0,0.0,0.21999999999999997,6.0872287254246675,6.087228725424667,-8.881784197001252e-16,7.536482810974121,0.025324689778964127,90,0.0,round_robin,chesca_planner_tool
chesca_round_robin_commitment_full_mesh,1549,14,6,0,0,0,0.0,0.0,0.0,0.0,0.0,0.0,0.21999999999999997,5.700627766360561,5.700627766360561,0.0,7.536482810974121,-0.0792486076212135,90,1.0,round_robin,chesca_planner_tool
chesca_round_robin_commitment_full_mesh,1550,15,6,3,3,0,0.06000000000000001,0.0,0.06000000000000001,0.0,0.06000000000000001,0.020000000000000004,0.22,6.938881407056586,6.726881407056586,-0.21199999999999974,7.482970237731934,0.13842837809480743,90,2.0,round_robin,chesca_planner_tool
chesca_round_robin_commitment_full_mesh,1551,16,6,1,1,0,0.04000000000000001,0.0,0.04000000000000001,0.0,0.10000000000000002,0.04000000000000001,0.22,8.047173570125576,7.887173570125576,-0.16000000000000014,7.536482810974121,0.09450187109330185,90,3.0,round_robin,chesca_planner_tool
chesca_round_robin_commitment_full_mesh,1552,17,6,6,6,0,0.12000000000000002,0.0,0.12000000000000002,0.0,0.22000000000000003,0.06000000000000001,0.2366666666666667,11.083585023225877,10.645585023225877,-0.4380000000000006,7.574863433837891,1.220631670275342,90,4.0,round_robin,chesca_planner_tool
chesca_round_robin_commitment_full_mesh,1553,18,6,2,2,0,0.039999999999999994,0.0,0.039999999999999994,0.0,0.26,0.06000000000000001,0.24333333333333332,12.355336068091452,12.209336068091451,-0.1460000000000008,7.574863433837891,1.517798432018539,90,5.0,round_robin,chesca_planner_tool
chesca_round_robin_commitment_full_mesh,1554,19,6,1,1,0,0.02,0.0,0.02,0.0,0.28,0.06000000000000001,0.24666666666666667,14.256504463476896,14.176504463476896,-0.08000000000000007,7.574863433837891,1.6037529591775876,90,0.0,round_robin,chesca_planner_tool
chesca_round_robin_commitment_full_mesh,1555,20,6,0,0,0,0.0,0.0,0.0,0.0,0.28,0.06000000000000001,0.2233333333333333,10.288255381488838,10.288255381488838,0.0,7.574863433837891,0.3876319216788605,90,1.0,round_robin,chesca_planner_tool
chesca_round_robin_commitment_full_mesh,1556,21,6,0,0,0,0.0,0.0,0.0,0.0,0.28,0.06000000000000001,0.21,9.131868347637763,9.131868347637763,0.0,7.574863433837891,0.32307701368589337,90,2.0,round_robin,chesca_planner_tool
chesca_round_robin_commitment_full_mesh,1557,22,6,0,0,0,0.0,0.0,0.0,0.0,0.28,0.06000000000000001,0.21,9.4602253905177,9.4602253905177,0.0,7.574863433837891,0.5172339890371803,90,3.0,round_robin,chesca_planner_tool
chesca_round_robin_commitment_full_mesh,1558,23,6,6,0,6,0.0,0.24000000000000005,0.0,0.24000000000000005,0.04000000000000002,0.02000000000000001,0.24,9.543341186963048,10.419341186963047,0.8759999999999994,7.574863433837891,-0.20825541456778895,90,4.0,round_robin,chesca_planner_tool
chesca_round_robin_commitment_full_mesh,1559,24,6,2,0,2,0.0,0.04000000000000001,0.0,0.04000000000000001,1.3877787807814457e-17,6.938893903907228e-18,0.22999999999999998,8.153878175351734,8.313878175351734,0.16000000000000014,7.574863433837891,-0.020808466960797068,90,5.0,round_robin,chesca_planner_tool
chesca_round_robin_commitment_full_mesh,1560,1,6,1,1,0,0.020000000000000004,0.0,0.020000000000000004,0.0,0.020000000000000018,0.020000000000000004,0.2333333333333333,9.349688670162738,9.283688670162737,-0.06600000000000072,7.574863433837891,0.3328894255049851,90,0.0,round_robin,chesca_planner_tool
chesca_round_robin_commitment_full_mesh,1561,2,6,0,0,0,0.0,0.0,0.0,0.0,0.020000000000000018,0.020000000000000004,0.2333333333333333,8.64329670647828,8.64329670647828,0.0,7.574863433837891,0.08812841025695665,90,1.0,round_robin,chesca_planner_tool
chesca_round_robin_commitment_full_mesh,1562,3,6,1,0,1,0.0,0.020000000000000004,0.0,0.020000000000000004,1.3877787807814457e-17,6.938893903907228e-18,0.21,7.001668446886778,7.067668446886778,0.06599999999999984,7.574863433837891,-0.20464013865565706,90,2.0,round_robin,chesca_planner_tool
chesca_round_robin_commitment_full_mesh,1563,4,6,1,0,1,0.0,6.938893903907228e-18,0.0,0.020000000000000004,6.938893903907228e-18,6.938893903907228e-18,0.21333333333333335,7.011592438416068,7.091592438416068,0.08000000000000007,7.574863433837891,-0.08474685094746764,90,3.0,round_robin,chesca_planner_tool
chesca_round_robin_commitment_full_mesh,1564,5,6,3,0,3,0.0,0.0,0.0,0.06000000000000001,6.938893903907228e-18,6.938893903907228e-18,0.20333333333333334,6.327758428366512,6.525758428366512,0.1979999999999995,7.574863433837891,-0.1120378290714891,90,4.0,round_robin,chesca_planner_tool
chesca_round_robin_commitment_full_mesh,1565,6,6,3,0,3,0.0,6.938893903907228e-18,0.0,0.06000000000000001,0.0,0.0,0.19333333333333336,6.477316214177188,6.704397871500159,0.22708165732297125,7.597058296203613,-0.16767783669518588,90,5.0,round_robin,chesca_planner_tool
chesca_round_robin_commitment_full_mesh,1566,7,6,0,0,0,0.0,0.0,0.0,0.0,0.0,0.0,0.19333333333333336,5.401656059296695,5.401656059296694,-8.881784197001252e-16,7.597058296203613,-0.008354805732933242,90,0.0,round_robin,chesca_planner_tool
chesca_round_robin_commitment_full_mesh,1567,8,6,2,2,0,0.04,0.0,0.04,0.0,0.04,0.02,0.16,5.589455797931328,5.429455797931328,-0.16000000000000014,7.597058296203613,0.08451188288890898,90,1.0,round_robin,chesca_planner_tool
chesca_round_robin_commitment_full_mesh,1568,9,6,2,0,2,0.0,0.04,0.0,0.04000000000000001,0.0,0.0,0.16666666666666666,5.109482781163424,5.246603175003173,0.1371203938397496,7.597058296203613,0.005674915005404457,90,2.0,round_robin,chesca_planner_tool
chesca_round_robin_commitment_full_mesh,1569,10,6,0,0,0,0.0,0.0,0.0,0.0,0.0,0.0,0.16333333333333336,5.063791607395466,5.063791607395466,0.0,7.597058296203613,-0.011669674572411866,90,3.0,round_robin,chesca_planner_tool
chesca_round_robin_commitment_full_mesh,1570,11,6,5,0,5,0.0,0.0,0.0,0.16000000000000003,0.0,0.0,0.18000000000000002,4.939004048993902,5.490631685036409,0.5516276360425074,7.574863433837891,-0.09351066909097025,90,4.0,round_robin,chesca_planner_tool
chesca_round_robin_commitment_full_mesh,1571,12,6,3,0,3,0.0,0.0,0.0,0.12000000000000002,0.0,0.0,0.18333333333333335,5.069080322679266,5.465080322679267,0.3960000000000008,7.574863433837891,-0.09513992203264227,90,5.0,round_robin,chesca_planner_tool
chesca_round_robin_commitment_full_mesh,1572,13,6,0,0,0,0.0,0.0,0.0,0.0,0.0,0.0,0.18333333333333335,6.086333747963259,6.086333747963259,0.0,7.536482810974121,0.043882793913926826,90,0.0,round_robin,chesca_planner_tool
chesca_round_robin_commitment_full_mesh,1573,14,6,0,0,0,0.0,0.0,0.0,0.0,0.0,0.0,0.18333333333333335,5.421319274297064,5.421319274297063,-8.881784197001252e-16,7.536482810974121,-0.05997922040875174,90,1.0,round_robin,chesca_planner_tool
chesca_round_robin_commitment_full_mesh,1574,15,6,0,0,0,0.0,0.0,0.0,0.0,0.0,0.0,0.17333333333333334,6.08311640460885,6.08311640460885,0.0,7.536482810974121,0.04190337782788692,90,2.0,round_robin,chesca_planner_tool
chesca_round_robin_commitment_full_mesh,1575,16,6,5,5,0,0.18000000000000002,0.0,0.18000000000000002,0.0,0.18000000000000002,0.04000000000000001,0.19666666666666666,6.122069862661726,5.4720698626617255,-0.6500000000000004,7.482970237731934,0.3628357286075684,90,3.0,round_robin,chesca_planner_tool
chesca_round_robin_commitment_full_mesh,1576,17,6,1,1,0,0.04,0.0,0.04,0.0,0.22000000000000003,0.04000000000000001,0.18333333333333335,6.856778032347804,6.696778032347804,-0.16000000000000014,7.4676713943481445,0.4883640984711882,90,4.0,round_robin,chesca_planner_tool
chesca_round_robin_commitment_full_mesh,1577,18,6,0,0,0,0.0,0.0,0.0,0.0,0.22000000000000003,0.04000000000000001,0.17666666666666667,7.8325914744486305,7.832591474448631,8.881784197001252e-16,7.4676713943481445,0.3640194022354229,90,5.0,round_robin,chesca_planner_tool
chesca_round_robin_commitment_full_mesh,1578,19,6,0,0,0,0.0,0.0,0.0,0.0,0.22000000000000003,0.04000000000000001,0.17333333333333337,8.603684582633981,8.603684582633981,0.0,7.4676713943481445,0.16120600325179732,90,0.0,round_robin,chesca_planner_tool
chesca_round_robin_commitment_full_mesh,1579,20,6,0,0,0,0.0,0.0,0.0,0.0,0.22000000000000003,0.04000000000000001,0.17333333333333337,8.005087234585401,8.005087234585401,0.0,7.4676713943481445,0.10758842120749271,90,1.0,round_robin,chesca_planner_tool
chesca_round_robin_commitment_full_mesh,1580,21,6,0,0,0,0.0,0.0,0.0,0.0,0.22000000000000003,0.04000000000000001,0.17333333333333337,9.129903169562832,9.129903169562832,0.0,7.4676713943481445,0.43919371011687225,90,2.0,round_robin,chesca_planner_tool
chesca_round_robin_commitment_full_mesh,1581,22,6,0,0,0,0.0,0.0,0.0,0.0,0.22000000000000003,0.04000000000000001,0.17333333333333337,8.468795613997697,8.468795613997697,0.0,7.4676713943481445,0.19941829784829487,90,3.0,round_robin,chesca_planner_tool
chesca_round_robin_commitment_full_mesh,1582,23,6,0,0,0,0.0,0.0,0.0,0.0,0.22000000000000003,0.04000000000000001,0.13333333333333333,8.562380606340916,8.562380606340916,0.0,7.4676713943481445,0.1877994823789078,90,4.0,round_robin,chesca_planner_tool
chesca_round_robin_commitment_full_mesh,1583,24,6,0,0,0,0.0,0.0,0.0,0.0,0.22000000000000003,0.04000000000000001,0.12666666666666668,8.193754407508358,8.193754407508358,0.0,7.4676713943481445,0.048509251945380305,90,5.0,round_robin,chesca_planner_tool
chesca_round_robin_commitment_full_mesh,1584,1,6,0,0,0,0.0,0.0,0.0,0.0,0.22000000000000003,0.04000000000000001,0.12333333333333334,8.990645417987734,8.990645417987732,-1.7763568394002505e-15,7.4676713943481445,0.17123172502532533,90,0.0,round_robin,chesca_planner_tool
chesca_round_robin_commitment_full_mesh,1585,2,6,6,0,6,0.0,0.22000000000000003,0.0,0.24000000000000005,0.0,0.0,0.16333333333333336,7.104541489186721,7.980541489186721,0.8760000000000003,7.4676713943481445,-0.2020552687864438,90,1.0,round_robin,chesca_planner_tool
chesca_round_robin_commitment_full_mesh,1586,3,6,6,0,6,0.0,0.0,0.0,0.24000000000000005,0.0,0.0,0.19999999999999998,6.05381057738754,6.929810577387539,0.8759999999999994,7.4676713943481445,-0.3777273062623893,90,2.0,round_robin,chesca_planner_tool
chesca_round_robin_commitment_full_mesh,1587,4,6,3,0,3,0.0,0.0,0.0,0.08000000000000002,0.0,0.0,0.21,4.815454097056801,5.09774832010795,0.2822942230511494,7.4676713943481445,-0.43091495061196794,90,3.0,round_robin,chesca_planner_tool
chesca_round_robin_commitment_full_mesh,1588,5,6,3,0,3,0.0,0.0,0.0,0.06000000000000001,0.0,0.0,0.21000000000000005,4.308972464938797,4.477626734243938,0.16865426930514182,7.4676713943481445,-0.30428133002602287,90,4.0,round_robin,chesca_planner_tool
chesca_round_robin_commitment_full_mesh,1589,6,6,3,0,3,0.0,0.0,0.0,0.06,0.0,0.0,0.21,5.024662128307881,5.166431220556948,0.14176909224906709,7.4676713943481445,-0.17454460528546273,90,5.0,round_robin,chesca_planner_tool
chesca_round_robin_commitment_full_mesh,1590,7,6,3,0,3,0.0,0.0,0.0,0.06000000000000001,0.0,0.0,0.22,4.486161343795825,4.650195413030499,0.164034069234674,7.4676713943481445,-0.15972278096446954,90,0.0,round_robin,chesca_planner_tool
chesca_round_robin_commitment_full_mesh,1591,8,6,0,0,0,0.0,0.0,0.0,0.0,0.0,0.0,0.21333333333333335,4.127449021455699,4.1274490214557,8.881784197001252e-16,7.4676713943481445,-0.11028669886213764,90,1.0,round_robin,chesca_planner_tool
chesca_round_robin_commitment_full_mesh,1592,9,6,0,0,0,0.0,0.0,0.0,0.0,0.0,0.0,0.20666666666666667,4.0030187680870615,4.003018768087062,8.881784197001252e-16,7.4676713943481445,-0.06903974681082287,90,2.0,round_robin,chesca_planner_tool
chesca_round_robin_commitment_full_mesh,1593,10,6,2,0,2,0.0,0.0,0.0,0.04,0.0,0.0,0.21333333333333335,2.2520648355334245,2.343128931464044,0.0910640959306197,7.4676713943481445,-0.2020219027148823,90,3.0,round_robin,chesca_planner_tool
chesca_round_robin_commitment_full_mesh,1594,11,6,2,0,2,0.0,0.0,0.0,0.04,0.0,0.0,0.19333333333333336,1.4427638910360439,1.5237648914404014,0.08100100040435754,7.4676713943481445,-0.28154396997993325,90,4.0,round_robin,chesca_planner_tool
chesca_round_robin_commitment_full_mesh,1595,12,6,0,0,0,0.0,0.0,0.0,0.0,0.0,0.0,0.17333333333333334,3.533745950136227,3.533745950136227,0.0,7.4676713943481445,0.03428240850101767,90,5.0,round_robin,chesca_planner_tool
chesca_round_robin_commitment_full_mesh,1596,13,6,5,0,5,0.0,0.0,0.0,0.12,0.0,0.0,0.19333333333333336,3.677954769739734,4.010996787759485,0.33304201801975086,7.4676713943481445,-0.304183303670331,90,0.0,round_robin,chesca_planner_tool
chesca_round_robin_commitment_full_mesh,1597,14,6,3,0,3,0.0,0.0,0.0,0.08000000000000002,0.0,0.0,0.2066666666666667,4.126020326474743,4.324900177826706,0.19887985135196296,7.4676713943481445,-0.15727372248433152,90,1.0,round_robin,chesca_planner_tool
chesca_round_robin_commitment_full_mesh,1598,15,6,1,1,0,0.04,0.0,0.04,0.0,0.04,0.04,0.21333333333333337,7.128958845122263,6.996958845122263,-0.13199999999999967,7.4676713943481445,0.10271069559032706,90,2.0,round_robin,chesca_planner_tool
chesca_round_robin_commitment_full_mesh,1599,16,6,1,1,0,0.04000000000000001,0.0,0.04000000000000001,0.0,0.08000000000000002,0.04000000000000001,0.19000000000000003,7.320467961267912,7.1884679612679125,-0.13199999999999967,7.450046062469482,0.3463012452261549,90,3.0,round_robin,chesca_planner_tool
chesca_round_robin_commitment_full_mesh,1600,17,6,3,3,0,0.10000000000000002,0.0,0.10000000000000002,0.0,0.18000000000000005,0.04000000000000001,0.20000000000000004,9.355971287459026,8.969971287459025,-0.386000000000001,7.4676713943481445,0.36267025012804077,90,4.0,round_robin,chesca_planner_tool
chesca_round_robin_commitment_full_mesh,1601,18,6,2,2,0,0.06000000000000001,0.0,0.06000000000000001,0.0,0.24000000000000005,0.04000000000000001,0.21000000000000005,11.022964455493945,10.796964455493942,-0.22600000000000264,7.450046062469482,1.3112357409549975,90,5.0,round_robin,chesca_planner_tool
chesca_round_robin_commitment_full_mesh,1602,19,6,0,0,0,0.0,0.0,0.0,0.0,0.24000000000000005,0.04000000000000001,0.21000000000000005,12.136755493360106,12.136755493360106,0.0,7.450046062469482,1.125797472355458,90,0.0,round_robin,chesca_planner_tool
chesca_round_robin_commitment_full_mesh,1603,20,6,0,0,0,0.0,0.0,0.0,0.0,0.24000000000000005,0.04000000000000001,0.21000000000000005,10.596913175068046,10.596913175068046,0.0,7.450046062469482,0.5675838746685905,90,1.0,round_robin,chesca_planner_tool
chesca_round_robin_commitment_full_mesh,1604,21,6,0,0,0,0.0,0.0,0.0,0.0,0.24000000000000005,0.04000000000000001,0.21000000000000005,10.396209340593751,10.396209340593751,0.0,7.450046062469482,0.6531241217244312,90,2.0,round_robin,chesca_planner_tool
chesca_round_robin_commitment_full_mesh,1605,22,6,0,0,0,0.0,0.0,0.0,0.0,0.24000000000000005,0.04000000000000001,0.21000000000000005,9.385094275237112,9.385094275237112,0.0,7.450046062469482,0.2876821380457991,90,3.0,round_robin,chesca_planner_tool
chesca_round_robin_commitment_full_mesh,1606,23,6,0,0,0,0.0,0.0,0.0,0.0,0.24000000000000005,0.04000000000000001,0.21000000000000005,9.71654375171505,9.71654375171505,0.0,7.450046062469482,0.4357159458619584,90,4.0,round_robin,chesca_planner_tool
chesca_round_robin_commitment_full_mesh,1607,24,6,0,0,0,0.0,0.0,0.0,0.0,0.24000000000000005,0.04000000000000001,0.21000000000000005,9.754100493307547,9.754100493307547,0.0,7.450046062469482,0.3256161902436824,90,5.0,round_robin,chesca_planner_tool
chesca_round_robin_commitment_full_mesh,1608,1,6,6,0,6,0.0,0.24000000000000005,0.0,0.24000000000000005,0.0,0.0,0.25,8.501315735656249,9.37731573565625,0.8760000000000012,7.450046062469482,-0.18988402141027955,90,0.0,round_robin,chesca_planner_tool
chesca_round_robin_commitment_full_mesh,1609,2,6,0,0,0,0.0,0.0,0.0,0.0,0.0,0.0,0.21000000000000005,7.7735826240666395,7.77358262406664,8.881784197001252e-16,7.450046062469482,-0.37200911196468817,90,1.0,round_robin,chesca_planner_tool
chesca_round_robin_commitment_full_mesh,1610,3,6,5,0,5,0.0,0.0,0.0,0.14,0.0,0.0,0.19333333333333336,6.4494817211125675,6.953481721112569,0.5040000000000013,7.450046062469482,-0.3971923818579386,90,2.0,round_robin,chesca_planner_tool
chesca_round_robin_commitment_full_mesh,1611,4,6,6,0,6,0.0,0.0,0.0,0.16000000000000003,0.0,0.0,0.20666666666666667,5.908185324826102,6.478185324826101,0.5699999999999994,7.424900531768799,-0.3618218911214731,90,3.0,round_robin,chesca_planner_tool
chesca_round_robin_commitment_full_mesh,1612,5,6,3,0,3,0.0,0.0,0.0,0.08000000000000002,0.0,0.0,0.21,5.579818463782566,5.885818463782566,0.30600000000000005,7.323740482330322,-0.3522546393175201,90,4.0,round_robin,chesca_planner_tool
chesca_round_robin_commitment_full_mesh,1613,6,6,3,0,3,0.0,0.0,0.0,0.06000000000000001,0.0,0.0,0.21000000000000005,6.046914379029364,6.264532520203678,0.21761814117431477,7.323740482330322,-0.29527528799923813,90,5.0,round_robin,chesca_planner_tool
chesca_round_robin_commitment_full_mesh,1614,7,6,4,0,4,0.0,0.0,0.0,0.08000000000000002,0.0,0.0,0.21333333333333335,5.499209017651996,5.748985673074165,0.24977665542216876,7.450046062469482,-0.3922423894947158,90,0.0,round_robin,chesca_planner_tool
chesca_round_robin_commitment_full_mesh,1615,8,6,2,0,2,0.0,0.0,0.0,0.04,0.0,0.0,0.22,5.143711928412159,5.23519318099575,0.09148125258359041,7.450046062469482,-0.10206376450913147,90,1.0,round_robin,chesca_planner_tool
chesca_round_robin_commitment_full_mesh,1616,9,6,0,0,0,0.0,0.0,0.0,0.0,0.0,0.0,0.22,3.3999286071509864,3.399928607150987,4.440892098500626e-16,7.450046062469482,-0.25124485294329435,90,2.0,round_robin,chesca_planner_tool
chesca_round_robin_commitment_full_mesh,1617,10,6,0,0,0,0.0,0.0,0.0,0.0,0.0,0.0,0.21333333333333335,3.141061656877366,3.1410616568773664,4.440892098500626e-16,7.450046062469482,-0.15789375831278746,90,3.0,round_robin,chesca_planner_tool
chesca_round_robin_commitment_full_mesh,1618,11,6,2,0,2,0.0,0.0,0.0,0.04,0.0,0.0,0.21333333333333335,1.2146429265908003,1.3401749420444862,0.12553201545368586,7.450046062469482,-0.31826869032758587,90,4.0,round_robin,chesca_planner_tool
chesca_round_robin_commitment_full_mesh,1619,12,6,0,0,0,0.0,0.0,0.0,0.0,0.0,0.0,0.21333333333333335,2.8290755683779607,2.8290755683779607,0.0,7.450046062469482,-0.05930289879485273,90,5.0,round_robin,chesca_planner_tool
chesca_round_robin_commitment_full_mesh,1620,13,6,0,0,0,0.0,0.0,0.0,0.0,0.0,0.0,0.19333333333333336,4.55556147287712,4.5555614728771205,8.881784197001252e-16,7.450046062469482,0.07231397336890363,90,0.0,round_robin,chesca_planner_tool
chesca_round_robin_commitment_full_mesh,1621,14,6,4,0,4,0.0,0.0,0.0,0.1,0.0,0.0,0.19666666666666668,5.057192811013176,5.408724858978486,0.3515320479653097,7.450046062469482,-0.10413115393789932,90,1.0,round_robin,chesca_planner_tool
chesca_round_robin_commitment_full_mesh,1622,15,6,1,0,1,0.0,0.0,0.0,0.04,0.0,0.0,0.19666666666666668,6.456710155090863,6.5887101550908636,0.13200000000000056,7.450046062469482,-0.09423493403874231,90,2.0,round_robin,chesca_planner_tool
chesca_round_robin_commitment_full_mesh,1623,16,6,5,4,1,0.10000000000000002,0.0,0.10000000000000002,0.019999999999999962,0.10000000000000002,0.04000000000000001,0.21,9.323909462015482,8.951909462015482,-0.3719999999999999,7.450046062469482,0.4286405701295434,90,3.0,round_robin,chesca_planner_tool
chesca_round_robin_commitment_full_mesh,1624,17,6,2,2,0,0.08000000000000002,0.0,0.08000000000000002,0.0,0.18000000000000002,0.04000000000000001,0.20666666666666667,9.677566718582652,9.41356671858265,-0.2640000000000011,7.450046062469482,0.44381445354629245,90,4.0,round_robin,chesca_planner_tool
chesca_round_robin_commitment_full_mesh,1625,18,6,2,2,0,0.04000000000000001,0.0,0.04000000000000001,0.0,0.22000000000000003,0.04000000000000001,0.20333333333333334,11.203464255478464,11.043464255478463,-0.16000000000000014,7.4676713943481445,0.8386171218855648,90,5.0,round_robin,chesca_planner_tool
chesca_round_robin_commitment_full_mesh,1626,19,6,5,5,0,0.16,0.0,0.16,0.0,0.38000000000000006,0.08000000000000002,0.23,13.829162670499406,13.245162670499404,-0.5840000000000014,7.482970237731934,1.445005497626518,90,0.0,round_robin,chesca_planner_tool
chesca_round_robin_commitment_full_mesh,1627,20,6,0,0,0,0.0,0.0,0.0,0.0,0.38000000000000006,0.08000000000000002,0.23,12.715611905736042,12.715611905736042,0.0,7.536482810974121,1.0480517030084389,90,1.0,round_robin,chesca_planner_tool
chesca_round_robin_commitment_full_mesh,1628,21,6,0,0,0,0.0,0.0,0.0,0.0,0.38000000000000006,0.08000000000000002,0.23,10.59354631793528,10.593546317935278,-1.7763568394002505e-15,7.574863433837891,0.4168420174691283,90,2.0,round_robin,chesca_planner_tool
chesca_round_robin_commitment_full_mesh,1629,22,6,3,0,3,0.0,0.06,0.0,0.06,0.32000000000000006,0.06000000000000001,0.24000000000000002,8.518150918092584,8.716150918092584,0.1980000000000004,7.592126846313477,0.013734903169710044,90,3.0,round_robin,chesca_planner_tool
chesca_round_robin_commitment_full_mesh,1630,23,6,0,0,0,0.0,0.0,0.0,0.0,0.32000000000000006,0.06000000000000001,0.24000000000000002,10.213619961140992,10.21361996114099,-1.7763568394002505e-15,7.609747409820557,0.41780980973119525,90,4.0,round_robin,chesca_planner_tool
chesca_round_robin_commitment_full_mesh,1631,24,6,0,0,0,0.0,0.0,0.0,0.0,0.32000000000000006,0.06000000000000001,0.24000000000000002,9.932673006899293,9.932673006899293,0.0,7.617012023925781,0.35643317384021067,90,5.0,round_robin,chesca_planner_tool
chesca_round_robin_commitment_full_mesh,1632,1,6,0,0,0,0.0,0.0,0.0,0.0,0.32000000000000006,0.06000000000000001,0.19999999999999998,9.24769732431221,9.24769732431221,0.0,7.640564441680908,0.14564982834122742,90,0.0,round_robin,chesca_planner_tool
chesca_round_robin_commitment_full_mesh,1633,2,6,6,0,6,0.0,0.22000000000000003,0.0,0.22000000000000003,0.1,0.020000000000000004,0.2366666666666667,8.719912879502436,9.529912879502437,0.8100000000000005,7.775588035583496,-0.058838749635528875,90,1.0,round_robin,chesca_planner_tool
chesca_round_robin_commitment_full_mesh,1634,3,6,5,0,5,0.0,0.1,0.0,0.10000000000000002,1.0408340855860843e-17,3.469446951953614e-18,0.23,7.239780392686596,7.611780392686596,0.3719999999999999,7.877264022827148,-0.3893425046219424,90,2.0,round_robin,chesca_planner_tool
chesca_round_robin_commitment_full_mesh,1635,4,6,1,0,1,0.0,3.469446951953614e-18,0.0,0.04000000000000001,6.938893903907228e-18,3.469446951953614e-18,0.21,6.96109390234715,7.0930939023471495,0.13199999999999967,7.877264022827148,-0.3100804210465233,90,3.0,round_robin,chesca_planner_tool
chesca_round_robin_commitment_full_mesh,1636,5,6,2,0,2,0.0,0.0,0.0,0.08000000000000002,6.938893903907228e-18,3.469446951953614e-18,0.21,5.962422153298117,6.226422153298118,0.26400000000000023,7.877264022827148,-0.30523123416875486,90,4.0,round_robin,chesca_planner_tool
chesca_round_robin_commitment_full_mesh,1637,6,6,2,0,2,0.0,3.469446951953614e-18,0.0,0.060000000000000005,3.469446951953614e-18,3.469446951953614e-18,0.21,6.12151417774318,6.36151417774318,0.2400000000000002,7.877264022827148,-0.21625790725603122,90,5.0,round_robin,chesca_planner_tool
chesca_round_robin_commitment_full_mesh,1638,7,6,6,0,6,0.0,3.469446951953614e-18,0.0,0.12000000000000002,0.0,0.0,0.21666666666666667,5.70207408752238,6.08095856200347,0.3788844744810902,7.889773845672607,-0.607273306163466,90,0.0,round_robin,chesca_planner_tool
chesca_round_robin_commitment_full_mesh,1639,8,6,1,0,1,0.0,0.0,0.0,0.020000000000000004,0.0,0.0,0.21333333333333335,4.357494637991516,4.437494637991516,0.08000000000000007,7.889773845672607,-0.2350342254246156,90,1.0,round_robin,chesca_planner_tool
chesca_round_robin_commitment_full_mesh,1640,9,6,2,0,2,0.0,0.0,0.0,0.04,0.0,0.0,0.22,1.8015914931348718,1.893190502822122,0.09159900968725032,7.889773845672607,-0.31870800863367554,90,2.0,round_robin,chesca_planner_tool
chesca_round_robin_commitment_full_mesh,1641,10,6,0,0,0,0.0,0.0,0.0,0.0,0.0,0.0,0.22,2.733074554550769,2.733074554550769,0.0,7.889773845672607,-0.021670066311736264,90,3.0,round_robin,chesca_planner_tool
chesca_round_robin_commitment_full_mesh,1642,11,6,0,0,0,0.0,0.0,0.0,0.0,0.0,0.0,0.21333333333333335,4.139017204624904,4.1390172046249045,8.881784197001252e-16,7.889773845672607,-0.0033168698423757526,90,4.0,round_robin,chesca_planner_tool
chesca_round_robin_commitment_full_mesh,1643,12,6,0,0,0,0.0,0.0,0.0,0.0,0.0,0.0,0.21333333333333335,3.842526813583781,3.842526813583781,0.0,7.889773845672607,-0.017097679517124015,90,5.0,round_robin,chesca_planner_tool
chesca_round_robin_commitment_full_mesh,1644,13,6,2,0,2,0.0,0.0,0.0,0.04,0.0,0.0,0.22,4.947381083766096,5.072894437547363,0.12551335378126627,7.889773845672607,-0.2611798850217444,90,0.0,round_robin,chesca_planner_tool
chesca_round_robin_commitment_full_mesh,1645,14,6,0,0,0,0.0,0.0,0.0,0.0,0.0,0.0,0.20333333333333334,4.53154615421329,4.53154615421329,0.0,7.889773845672607,-0.01639583594702898,90,1.0,round_robin,chesca_planner_tool
chesca_round_robin_commitment_full_mesh,1646,15,6,4,4,0,0.10000000000000002,0.0,0.10000000000000002,0.0,0.10000000000000002,0.04000000000000001,0.21333333333333335,6.29262693180941,5.90662693180941,-0.3860000000000001,7.889773845672607,0.09010123733546885,90,2.0,round_robin,chesca_planner_tool
chesca_round_robin_commitment_full_mesh,1647,16,6,1,1,0,0.04000000000000001,0.0,0.04000000000000001,0.0,0.14,0.04000000000000001,0.19999999999999998,7.802682001060102,7.670682001060102,-0.13200000000000056,7.889773845672607,0.08533008832696175,90,3.0,round_robin,chesca_planner_tool
chesca_round_robin_commitment_full_mesh,1648,17,6,4,4,0,0.08,0.0,0.08,0.0,0.22000000000000006,0.04000000000000002,0.19999999999999998,11.61173163053423,11.319731630534228,-0.2920000000000016,7.899379253387451,0.9419322497186786,90,4.0,round_robin,chesca_planner_tool
chesca_round_robin_commitment_full_mesh,1649,18,6,6,6,0,0.18000000000000002,0.0,0.18000000000000002,0.0,0.4000000000000001,0.08000000000000002,0.22333333333333336,13.297822112555759,12.66182211255576,-0.6359999999999992,7.9155964851379395,1.4593129223165584,90,5.0,round_robin,chesca_planner_tool
chesca_round_robin_commitment_full_mesh,1650,19,6,3,3,0,0.06,0.0,0.06,0.0,0.4600000000000001,0.08000000000000003,0.20666666666666667,15.328138958043523,15.088138958043524,-0.23999999999999844,7.953318119049072,2.1512161932535783,90,0.0,round_robin,chesca_planner_tool
chesca_round_robin_commitment_full_mesh,1651,20,6,0,0,0,0.0,0.0,0.0,0.0,0.4600000000000001,0.08000000000000003,0.20666666666666667,13.168466272318506,13.168466272318506,0.0,8.002899169921875,1.1408060904922797,90,1.0,round_robin,chesca_planner_tool
chesca_round_robin_commitment_full_mesh,1652,21,6,6,0,6,0.0,0.24000000000000002,0.0,0.24000000000000002,0.22000000000000006,0.04000000000000003,0.24666666666666667,11.327986443978926,12.203986443978925,0.8759999999999994,8.04904556274414,-0.07234611997614923,90,2.0,round_robin,chesca_planner_tool
chesca_round_robin_commitment_full_mesh,1653,22,6,0,0,0,0.0,0.0,0.0,0.0,0.22000000000000006,0.04000000000000003,0.23666666666666666,9.727555622896089,9.727555622896089,0.0,8.098172187805176,0.032734943739724624,90,3.0,round_robin,chesca_planner_tool
chesca_round_robin_commitment_full_mesh,1654,23,6,0,0,0,0.0,0.0,0.0,0.0,0.22000000000000006,0.04000000000000003,0.23666666666666666,10.350648699423832,10.350648699423834,1.7763568394002505e-15,8.098172187805176,0.7262147566863274,90,4.0,round_robin,chesca_planner_tool
chesca_round_robin_commitment_full_mesh,1655,24,6,0,0,0,0.0,0.0,0.0,0.0,0.22000000000000006,0.04000000000000003,0.23666666666666666,9.871542410799039,9.871542410799039,0.0,8.098172187805176,0.39657326115785113,90,5.0,round_robin,chesca_planner_tool
chesca_round_robin_commitment_full_mesh,1656,1,6,0,0,0,0.0,0.0,0.0,0.0,0.22000000000000006,0.04000000000000003,0.23666666666666666,10.62758746785737,10.627587467857373,1.7763568394002505e-15,8.134995460510254,0.6742676468683103,90,0.0,round_robin,chesca_planner_tool
chesca_round_robin_commitment_full_mesh,1657,2,6,6,0,6,0.0,0.22,0.0,0.22000000000000003,4.163336342344337e-17,2.0816681711721685e-17,0.23666666666666666,7.984620961714192,8.794620961714191,0.8099999999999987,8.134995460510254,-0.102448040221076,90,1.0,round_robin,chesca_planner_tool
chesca_round_robin_commitment_full_mesh,1658,3,6,2,0,2,0.0,1.3877787807814457e-17,0.0,0.04,2.7755575615628914e-17,2.0816681711721685e-17,0.22666666666666668,7.181801078221912,7.313801078221911,0.13199999999999967,8.134995460510254,-0.31537326746955296,90,2.0,round_robin,chesca_planner_tool
chesca_round_robin_commitment_full_mesh,1659,4,6,2,0,2,0.0,0.0,0.0,0.04000000000000001,2.7755575615628914e-17,2.0816681711721685e-17,0.22666666666666668,6.48251780825345,6.61451780825345,0.13200000000000056,8.098172187805176,-0.2286037768574969,90,3.0,round_robin,chesca_planner_tool
chesca_round_robin_commitment_full_mesh,1660,5,6,0,0,0,0.0,0.0,0.0,0.0,2.7755575615628914e-17,2.0816681711721685e-17,0.21333333333333335,5.689170726192007,5.689170726192007,0.0,8.098172187805176,-0.24599345217959456,90,4.0,round_robin,chesca_planner_tool
chesca_round_robin_commitment_full_mesh,1661,6,6,0,0,0,0.0,0.0,0.0,0.0,2.7755575615628914e-17,2.0816681711721685e-17,0.20333333333333334,6.409753798776744,6.409753798776744,0.0,8.098172187805176,-0.06894036035000041,90,5.0,round_robin,chesca_planner_tool
chesca_round_robin_commitment_full_mesh,1662,7,6,3,0,3,0.0,0.0,0.0,0.1,2.7755575615628914e-17,2.0816681711721685e-17,0.19999999999999998,5.601943089970501,5.945943089970501,0.3440000000000003,8.098172187805176,-0.10716557157435365,90,0.0,round_robin,chesca_planner_tool
chesca_round_robin_commitment_full_mesh,1663,8,6,6,0,6,0.0,2.7755575615628914e-17,0.0,0.12000000000000002,0.0,0.0,0.21666666666666667,4.616837888801338,4.982861825471182,0.3660239366698441,8.098172187805176,-0.1963256706782184,90,1.0,round_robin,chesca_planner_tool
chesca_round_robin_commitment_full_mesh,1664,9,6,1,0,1,0.0,0.0,0.0,0.020000000000000004,0.0,0.0,0.21333333333333335,2.886209562003631,2.9491577945676903,0.06294823256405913,8.098172187805176,-0.3038495518693104,90,2.0,round_robin,chesca_planner_tool
chesca_round_robin_commitment_full_mesh,1665,10,6,2,0,2,0.0,0.0,0.0,0.04,0.0,0.0,0.22,2.499235078005972,2.5909054507088305,0.0916703727028585,8.098172187805176,-0.09546176635290901,90,3.0,round_robin,chesca_planner_tool
chesca_round_robin_commitment_full_mesh,1666,11,6,0,0,0,0.0,0.0,0.0,0.0,0.0,0.0,0.22,2.2552372604629256,2.2552372604629256,0.0,8.098172187805176,-0.06408465997032706,90,4.0,round_robin,chesca_planner_tool
chesca_round_robin_commitment_full_mesh,1667,12,6,0,0,0,0.0,0.0,0.0,0.0,0.0,0.0,0.22,3.6282836235520572,3.6282836235520577,4.440892098500626e-16,8.098172187805176,0.1299356099240833,90,5.0,round_robin,chesca_planner_tool
chesca_round_robin_commitment_full_mesh,1668,13,6,0,0,0,0.0,0.0,0.0,0.0,0.0,0.0,0.21333333333333335,4.382527223580917,4.382527223580917,0.0,8.098172187805176,0.1381884477064576,90,0.0,round_robin,chesca_planner_tool
chesca_round_robin_commitment_full_mesh,1669,14,6,0,0,0,0.0,0.0,0.0,0.0,0.0,0.0,0.21333333333333335,4.809155546816449,4.809155546816449,0.0,8.098172187805176,0.006343418468772073,90,1.0,round_robin,chesca_planner_tool
chesca_round_robin_commitment_full_mesh,1670,15,6,2,2,0,0.04000000000000001,0.0,0.04000000000000001,0.0,0.04000000000000001,0.020000000000000004,0.20333333333333334,7.253112058792758,7.093112058792759,-0.15999999999999925,8.098172187805176,0.19299020468379674,90,2.0,round_robin,chesca_planner_tool
chesca_round_robin_commitment_full_mesh,1671,16,6,4,4,0,0.08,0.0,0.08,0.0,0.12000000000000001,0.020000000000000004,0.21,8.272589205161289,7.994589205161289,-0.2779999999999996,8.098172187805176,0.43265782327953867,90,3.0,round_robin,chesca_planner_tool
chesca_round_robin_commitment_full_mesh,1672,17,6,6,6,0,0.2,0.0,0.2,0.0,0.32,0.06000000000000001,0.23,11.55763900328704,10.81363900328704,-0.7439999999999998,8.098172187805176,1.3942155670621663,90,4.0,round_robin,chesca_planner_tool
chesca_round_robin_commitment_full_mesh,1673,18,6,5,5,0,0.09999999999999999,0.0,0.09999999999999999,0.0,0.42000000000000004,0.08000000000000002,0.21666666666666667,13.367187338680266,12.995187338680266,-0.3719999999999999,8.134995460510254,1.970303840109708,90,5.0,round_robin,chesca_planner_tool
chesca_round_robin_commitment_full_mesh,1674,19,6,6,6,0,0.16,0.0,0.16,0.0,0.5800000000000001,0.10000000000000002,0.23333333333333336,15.795767619399584,15.225767619399583,-0.5700000000000003,8.147650718688965,2.320665558993945,90,0.0,round_robin,chesca_planner_tool
chesca_round_robin_commitment_full_mesh,1675,20,6,0,0,0,0.0,0.0,0.0,0.0,0.5800000000000001,0.10000000000000002,0.23333333333333336,13.289320250749588,13.289320250749588,0.0,8.176033020019531,1.2571229142492628,90,1.0,round_robin,chesca_planner_tool
chesca_round_robin_commitment_full_mesh,1676,21,6,0,0,0,0.0,0.0,0.0,0.0,0.5800000000000001,0.10000000000000002,0.19333333333333336,11.3335013746167,11.3335013746167,0.0,8.19913101196289,0.6913294820905952,90,2.0,round_robin,chesca_planner_tool
chesca_round_robin_commitment_full_mesh,1677,22,6,6,0,6,0.0,0.24000000000000002,0.0,0.24000000000000002,0.34,0.06000000000000002,0.23333333333333336,8.790147792864763,9.666147792864763,0.8759999999999994,8.19913101196289,-0.061364192223185975,90,3.0,round_robin,chesca_planner_tool
chesca_round_robin_commitment_full_mesh,1678,23,6,0,0,0,0.0,0.0,0.0,0.0,0.34,0.06000000000000002,0.23333333333333336,9.25486044555973,9.25486044555973,0.0,8.19913101196289,0.1901533418188932,90,4.0,round_robin,chesca_planner_tool
chesca_round_robin_commitment_full_mesh,1679,24,6,0,0,0,0.0,0.0,0.0,0.0,0.34,0.06000000000000002,0.23333333333333336,9.687219976858866,9.687219976858866,0.0,8.19913101196289,0.32452258570278364,90,5.0,round_robin,chesca_planner_tool
chesca_round_robin_commitment_full_mesh,1680,1,6,0,0,0,0.0,0.0,0.0,0.0,0.34,0.06000000000000002,0.23333333333333336,9.085868859162062,9.085868859162062,0.0,8.211857795715332,0.061298347992304936,90,0.0,round_robin,chesca_planner_tool
chesca_round_robin_commitment_full_mesh,1681,2,6,6,0,6,0.0,0.24000000000000005,0.0,0.24000000000000005,0.09999999999999998,0.02000000000000001,0.2366666666666667,8.291208595646507,9.167208595646509,0.8760000000000012,8.257680892944336,-0.18429971552098573,90,1.0,round_robin,chesca_planner_tool
chesca_round_robin_commitment_full_mesh,1682,3,6,5,0,5,0.0,0.09999999999999995,0.0,0.10000000000000002,1.734723475976807e-17,1.0408340855860843e-17,0.24666666666666667,7.107619290322436,7.479619290322435,0.371999999999999,8.31008243560791,-0.2917618209809838,90,2.0,round_robin,chesca_planner_tool
chesca_round_robin_commitment_full_mesh,1683,4,6,0,0,0,0.0,0.0,0.0,0.0,1.734723475976807e-17,1.0408340855860843e-17,0.24,6.850272639104508,6.850272639104508,0.0,8.31008243560791,-0.19369040469888255,90,3.0,round_robin,chesca_planner_tool
chesca_round_robin_commitment_full_mesh,1684,5,6,0,0,0,0.0,0.0,0.0,0.0,1.734723475976807e-17,1.0408340855860843e-17,0.24,5.422138548380523,5.422138548380523,0.0,8.31008243560791,-0.2737835189002812,90,4.0,round_robin,chesca_planner_tool
chesca_round_robin_commitment_full_mesh,1685,6,6,0,0,0,0.0,0.0,0.0,0.0,1.734723475976807e-17,1.0408340855860843e-17,0.24,6.129466770851512,6.129466770851512,0.0,8.31008243560791,-0.05588917517500226,90,5.0,round_robin,chesca_planner_tool
chesca_round_robin_commitment_full_mesh,1686,7,6,0,0,0,0.0,0.0,0.0,0.0,1.734723475976807e-17,1.0408340855860843e-17,0.22333333333333336,5.427350156851873,5.427350156851874,8.881784197001252e-16,8.257680892944336,-0.07463911981686323,90,0.0,round_robin,chesca_planner_tool
chesca_round_robin_commitment_full_mesh,1687,8,6,1,0,1,0.0,0.0,0.0,0.020000000000000004,1.734723475976807e-17,1.0408340855860843e-17,0.20666666666666667,4.178391053497026,4.236902318164108,0.05851126466708223,8.257680892944336,-0.3551323082161068,90,1.0,round_robin,chesca_planner_tool
chesca_round_robin_commitment_full_mesh,1688,9,6,3,0,3,0.0,0.0,0.0,0.06000000000000001,1.734723475976807e-17,1.0408340855860843e-17,0.21333333333333335,2.7612937112770624,2.9205951399031553,0.15930142862609298,8.257680892944336,-0.26283977863783986,90,2.0,round_robin,chesca_planner_tool
chesca_round_robin_commitment_full_mesh,1689,10,6,2,0,2,0.0,0.0,0.0,0.04,1.734723475976807e-17,1.0408340855860843e-17,0.21333333333333335,1.0031387125460334,1.0819213460849082,0.07878263353887482,8.257680892944336,-0.16735922950549542,90,3.0,round_robin,chesca_planner_tool
chesca_round_robin_commitment_full_mesh,1690,11,6,0,0,0,0.0,0.0,0.0,0.0,1.734723475976807e-17,1.0408340855860843e-17,0.21333333333333335,1.3590514410467258,1.3590514410467256,-2.220446049250313e-16,8.257680892944336,0.011774036527475149,90,4.0,round_robin,chesca_planner_tool
chesca_round_robin_commitment_full_mesh,1691,12,6,2,0,2,0.0,1.734723475976807e-17,0.0,0.04,0.0,0.0,0.22,2.260567336101981,2.3860794544415196,0.12551211833953868,8.257680892944336,-0.25398225470244074,90,5.0,round_robin,chesca_planner_tool
chesca_round_robin_commitment_full_mesh,1692,13,6,0,0,0,0.0,0.0,0.0,0.0,0.0,0.0,0.22,5.111340157341073,5.111340157341072,-8.881784197001252e-16,8.257680892944336,0.08809660425198777,90,0.0,round_robin,chesca_planner_tool
chesca_round_robin_commitment_full_mesh,1693,14,6,0,0,0,0.0,0.0,0.0,0.0,0.0,0.0,0.22,4.920952448704135,4.920952448704135,0.0,8.257680892944336,-0.23185223887335676,90,1.0,round_robin,chesca_planner_tool
chesca_round_robin_commitment_full_mesh,1694,15,6,0,0,0,0.0,0.0,0.0,0.0,0.0,0.0,0.21333333333333335,8.561385064806524,8.561385064806524,0.0,8.257680892944336,0.26389976593150033,90,2.0,round_robin,chesca_planner_tool
chesca_round_robin_commitment_full_mesh,1695,16,6,6,6,0,0.12,0.0,0.12,0.0,0.12,0.020000000000000004,0.22,8.706140708744561,8.26814070874456,-0.4380000000000006,8.257680892944336,0.4750381533544324,90,3.0,round_robin,chesca_planner_tool
chesca_round_robin_commitment_full_mesh,1696,17,6,6,6,0,0.24,0.0,0.24,0.0,0.36,0.06000000000000001,0.22666666666666666,12.87500036679068,11.999000366790678,-0.8760000000000012,8.257680892944336,1.8004054659966233,90,4.0,round_robin,chesca_planner_tool
chesca_round_robin_commitment_full_mesh,1697,18,6,4,4,0,0.14,0.0,0.14,0.0,0.5,0.1,0.2333333333333333,14.700136959171825,14.154136959171824,-0.5460000000000012,8.31008243560791,2.1807458028736475,90,5.0,round_robin,chesca_planner_tool
chesca_round_robin_commitment_full_mesh,1698,19,6,2,2,0,0.04,0.0,0.04,0.0,0.54,0.1,0.21333333333333335,16.738257579307085,16.606257579307083,-0.13200000000000145,8.331002235412598,2.3551531187594934,90,0.0,round_robin,chesca_planner_tool
chesca_round_robin_commitment_full_mesh,1699,20,6,0,0,0,0.0,0.0,0.0,0.0,0.54,0.1,0.21333333333333335,14.754651634964162,14.754651634964162,0.0,8.331002235412598,1.1817257290839862,90,1.0,round_robin,chesca_planner_tool
chesca_round_robin_commitment_full_mesh,1700,21,6,0,0,0,0.0,0.0,0.0,0.0,0.54,0.1,0.21333333333333335,12.152663583362422,12.152663583362424,1.7763568394002505e-15,8.331002235412598,0.22835545161782855,90,2.0,round_robin,chesca_planner_tool
chesca_round_robin_commitment_full_mesh,1701,22,6,6,0,6,0.0,0.24000000000000002,0.0,0.24000000000000002,0.30000000000000004,0.060000000000000005,0.21333333333333335,8.152688319153256,9.028688319153257,0.8760000000000012,8.362802505493164,-0.11587670595956526,90,3.0,round_robin,chesca_planner_tool
chesca_round_robin_commitment_full_mesh,1702,23,6,6,0,6,0.0,0.24000000000000002,0.0,0.24000000000000002,0.06000000000000004,0.020000000000000004,0.25333333333333335,8.160703021995461,9.03670302199546,0.8759999999999994,8.42037582397461,-0.05124651919380324,90,4.0,round_robin,chesca_planner_tool
chesca_round_robin_commitment_full_mesh,1703,24,6,0,0,0,0.0,0.0,0.0,0.0,0.06000000000000004,0.020000000000000004,0.25333333333333335,9.099009387103735,9.099009387103735,0.0,8.459305763244629,0.14173141114667875,90,5.0,round_robin,chesca_planner_tool
chesca_round_robin_commitment_full_mesh,1704,1,6,0,0,0,0.0,0.0,0.0,0.0,0.06000000000000004,0.020000000000000004,0.25333333333333335,9.418782619933953,9.418782619933953,0.0,8.498344421386719,0.1844810732143314,90,0.0,round_robin,chesca_planner_tool
chesca_round_robin_commitment_full_mesh,1705,2,6,3,0,3,0.0,0.06000000000000001,0.0,0.06000000000000001,2.7755575615628914e-17,1.3877787807814457e-17,0.22333333333333336,7.738829907041373,7.978829907041374,0.2400000000000011,8.612078666687012,-0.6733788283535459,90,1.0,round_robin,chesca_planner_tool
chesca_round_robin_commitment_full_mesh,1706,3,6,2,0,2,0.0,2.7755575615628914e-17,0.0,0.04000000000000001,0.0,0.0,0.21333333333333335,7.377888600466932,7.509888600466932,0.13200000000000056,8.612078666687012,-0.15908340535823587,90,2.0,round_robin,chesca_planner_tool
chesca_round_robin_commitment_full_mesh,1707,4,6,2,0,2,0.0,0.0,0.0,0.04000000000000001,0.0,0.0,0.22,6.964237164533281,7.096237164533282,0.13200000000000056,8.639667510986328,-0.2535956515860208,90,3.0,round_robin,chesca_planner_tool
chesca_round_robin_commitment_full_mesh,1708,5,6,0,0,0,0.0,0.0,0.0,0.0,0.0,0.0,0.22,5.703690617977849,5.703690617977849,0.0,8.639667510986328,-0.20373986807263234,90,4.0,round_robin,chesca_planner_tool
chesca_round_robin_commitment_full_mesh,1709,6,6,0,0,0,0.0,0.0,0.0,0.0,0.0,0.0,0.22,6.4034497672695645,6.4034497672695645,0.0,8.639667510986328,-0.013712596482605123,90,5.0,round_robin,chesca_planner_tool
chesca_round_robin_commitment_full_mesh,1710,7,6,0,0,0,0.0,0.0,0.0,0.0,0.0,0.0,0.22,5.372121489970501,5.372121489970501,0.0,8.639667510986328,-0.014667625862456228,90,0.0,round_robin,chesca_planner_tool
chesca_round_robin_commitment_full_mesh,1711,8,6,0,0,0,0.0,0.0,0.0,0.0,0.0,0.0,0.21666666666666667,4.818361425334114,4.818361425334114,0.0,8.639667510986328,-0.07222179365870576,90,1.0,round_robin,chesca_planner_tool
chesca_round_robin_commitment_full_mesh,1712,9,6,6,0,6,0.0,0.0,0.0,0.14,0.0,0.0,0.23,6.591829267694397,6.8735689216392455,0.28173965394484846,8.7886381149292,-0.6917950314751146,90,2.0,round_robin,chesca_planner_tool
chesca_round_robin_commitment_full_mesh,1713,10,6,3,0,3,0.0,0.0,0.0,0.06,0.0,0.0,0.23333333333333336,4.240813308787026,4.344705172419765,0.10389186363273861,8.876997947692871,-0.7630378074493838,90,3.0,round_robin,chesca_planner_tool
chesca_round_robin_commitment_full_mesh,1714,11,6,1,0,1,0.0,0.0,0.0,0.02,0.0,0.0,0.2366666666666667,4.410696557239767,4.443896609648458,0.03320005240869062,8.885430335998535,-0.5119803862747953,90,4.0,round_robin,chesca_planner_tool
chesca_round_robin_commitment_full_mesh,1715,12,6,0,0,0,0.0,0.0,0.0,0.0,0.0,0.0,0.23,4.472784435277747,4.472784435277747,0.0,8.876997947692871,-0.009656538885711838,90,5.0,round_robin,chesca_planner_tool
chesca_round_robin_commitment_full_mesh,1716,13,6,0,0,0,0.0,0.0,0.0,0.0,0.0,0.0,0.23,6.72965079942602,6.72965079942602,0.0,8.876997947692871,0.24530738041866218,90,0.0,round_robin,chesca_planner_tool
chesca_round_robin_commitment_full_mesh,1717,14,6,0,0,0,0.0,0.0,0.0,0.0,0.0,0.0,0.23,6.8076029514791845,6.8076029514791845,0.0,8.876997947692871,0.15318701916455488,90,1.0,round_robin,chesca_planner_tool
chesca_round_robin_commitment_full_mesh,1718,15,6,0,0,0,0.0,0.0,0.0,0.0,0.0,0.0,0.23,8.328308532343923,8.328308532343923,0.0,8.876997947692871,0.17467885872758887,90,2.0,round_robin,chesca_planner_tool
chesca_round_robin_commitment_full_mesh,1719,16,6,6,6,0,0.12,0.0,0.12,0.0,0.12,0.020000000000000004,0.23,10.049281064462434,9.611281064462434,-0.4380000000000006,8.7886381149292,0.7402212737358908,90,3.0,round_robin,chesca_planner_tool
chesca_round_robin_commitment_full_mesh,1720,17,6,4,4,0,0.07999999999999999,0.0,0.07999999999999999,0.0,0.19999999999999998,0.04000000000000001,0.20333333333333334,13.147957244177048,12.841957244177047,-0.30600000000000094,8.876997947692871,1.1816662815344736,90,4.0,round_robin,chesca_planner_tool
chesca_round_robin_commitment_full_mesh,1721,18,6,6,6,0,0.16000000000000003,0.0,0.16000000000000003,0.0,0.36,0.06000000000000001,0.20666666666666667,13.75539871136136,13.18539871136136,-0.5700000000000003,8.876997947692871,1.5321338976897534,90,5.0,round_robin,chesca_planner_tool
chesca_round_robin_commitment_full_mesh,1722,19,6,3,3,0,0.1,0.0,0.1,0.0,0.46,0.1,0.21666666666666667,15.620569417081503,15.220569417081501,-0.40000000000000213,8.876997947692871,1.851160267827131,90,0.0,round_robin,chesca_planner_tool
chesca_round_robin_commitment_full_mesh,1723,20,6,0,0,0,0.0,0.0,0.0,0.0,0.46,0.1,0.21666666666666667,13.090728964840167,13.090728964840167,0.0,8.876997947692871,0.9768539661749089,90,1.0,round_robin,chesca_planner_tool
chesca_round_robin_commitment_full_mesh,1724,21,6,0,0,0,0.0,0.0,0.0,0.0,0.46,0.1,0.21666666666666667,11.506299543333178,11.506299543333178,0.0,8.876997947692871,0.6113589353209191,90,2.0,round_robin,chesca_planner_tool
chesca_round_robin_commitment_full_mesh,1725,22,6,0,0,0,0.0,0.0,0.0,0.0,0.46,0.1,0.17666666666666664,10.234595337181258,10.234595337181258,0.0,8.885430335998535,0.23830030494947363,90,3.0,round_robin,chesca_planner_tool
chesca_round_robin_commitment_full_mesh,1726,23,6,0,0,0,0.0,0.0,0.0,0.0,0.46,0.1,0.1366666666666667,10.443492999548383,10.443492999548381,-1.7763568394002505e-15,8.885430335998535,0.4154855964729232,90,4.0,round_robin,chesca_planner_tool
chesca_round_robin_commitment_full_mesh,1727,24,6,0,0,0,0.0,0.0,0.0,0.0,0.46,0.1,0.1366666666666667,9.821075863021088,9.821075863021086,-1.7763568394002505e-15,8.885430335998535,0.14289109190912824,90,5.0,round_robin,chesca_planner_tool
chesca_round_robin_commitment_full_mesh,1728,1,6,0,0,0,0.0,0.0,0.0,0.0,0.46,0.1,0.1366666666666667,10.157263459264666,10.157263459264664,-1.7763568394002505e-15,8.898390769958496,0.3045331622823841,90,0.0,round_robin,chesca_planner_tool
chesca_round_robin_commitment_full_mesh,1729,2,6,6,0,6,0.0,0.24000000000000005,0.0,0.24000000000000005,0.21999999999999997,0.06,0.1666666666666667,9.279837011782908,10.155837011782907,0.8759999999999994,8.898390769958496,-0.1736900951606124,90,1.0,round_robin,chesca_planner_tool
chesca_round_robin_commitment_full_mesh,1730,3,6,6,0,6,0.0,0.18,0.0,0.24000000000000005,0.03999999999999998,0.01999999999999999,0.19999999999999998,7.33656444738798,8.21256444738798,0.8759999999999994,8.92717170715332,-0.27027522610343807,90,2.0,round_robin,chesca_planner_tool
chesca_round_robin_commitment_full_mesh,1731,4,6,6,0,6,0.0,0.03999999999999998,0.0,0.12000000000000002,0.0,0.0,0.21333333333333335,6.880475757627938,7.318079727895494,0.43760397026755626,8.92717170715332,-0.19959636959651247,90,3.0,round_robin,chesca_planner_tool
chesca_round_robin_commitment_full_mesh,1732,5,6,2,0,2,0.0,0.0,0.0,0.04000000000000001,0.0,0.0,0.22,5.568404319251329,5.700404319251329,0.13200000000000056,8.92717170715332,-0.2285413981520115,90,4.0,round_robin,chesca_planner_tool
chesca_round_robin_commitment_full_mesh,1733,6,6,0,0,0,0.0,0.0,0.0,0.0,0.0,0.0,0.22,5.946063779163266,5.946063779163265,-8.881784197001252e-16,8.92717170715332,-0.02811769656773707,90,5.0,round_robin,chesca_planner_tool
chesca_round_robin_commitment_full_mesh,1734,7,6,0,0,0,0.0,0.0,0.0,0.0,0.0,0.0,0.22,5.259499683136326,5.259499683136327,8.881784197001252e-16,8.92717170715332,-0.02754873742905581,90,0.0,round_robin,chesca_planner_tool
chesca_round_robin_commitment_full_mesh,1735,8,6,0,0,0,0.0,0.0,0.0,0.0,0.0,0.0,0.22,4.657279728075554,4.657279728075554,0.0,8.92717170715332,-0.04629071864810609,90,1.0,round_robin,chesca_planner_tool
chesca_round_robin_commitment_full_mesh,1736,9,6,1,0,1,0.0,0.0,0.0,0.02,0.0,0.0,0.19999999999999998,2.647493932929236,2.7134939329292367,0.06600000000000072,8.92717170715332,-0.4498911687162814,90,2.0,round_robin,chesca_planner_tool
chesca_round_robin_commitment_full_mesh,1737,10,6,5,0,5,0.0,0.0,0.0,0.1,0.0,0.0,0.20666666666666667,2.5086302310732815,2.7554007585581153,0.24677052748483375,8.92717170715332,-0.11228829261239075,90,3.0,round_robin,chesca_planner_tool
chesca_round_robin_commitment_full_mesh,1738,11,6,4,0,4,0.0,0.0,0.0,0.08000000000000002,0.0,0.0,0.21666666666666667,2.9843465945447667,3.1500733876612865,0.16572679311651983,8.92717170715332,-0.1526315963498028,90,4.0,round_robin,chesca_planner_tool
chesca_round_robin_commitment_full_mesh,1739,12,6,1,0,1,0.0,0.0,0.0,0.02,0.0,0.0,0.22,4.439709994673217,4.474315762287603,0.034605767614385385,8.92717170715332,-0.25076253710772634,90,5.0,round_robin,chesca_planner_tool
chesca_round_robin_commitment_full_mesh,1740,13,6,0,0,0,0.0,0.0,0.0,0.0,0.0,0.0,0.22,5.906357513682151,5.906357513682151,0.0,8.92717170715332,0.28037702283330085,90,0.0,round_robin,chesca_planner_tool
chesca_round_robin_commitment_full_mesh,1741,14,6,0,0,0,0.0,0.0,0.0,0.0,0.0,0.0,0.22,6.257178389610104,6.257178389610104,0.0,8.92717170715332,0.11040915932226758,90,1.0,round_robin,chesca_planner_tool
chesca_round_robin_commitment_full_mesh,1742,15,6,0,0,0,0.0,0.0,0.0,0.0,0.0,0.0,0.22,6.316654130172553,6.316654130172553,0.0,8.92717170715332,-0.018113047329372245,90,2.0,round_robin,chesca_planner_tool
chesca_round_robin_commitment_full_mesh,1743,16,6,5,4,1,0.08000000000000002,0.0,0.08000000000000002,0.01999999999999999,0.08000000000000002,0.020000000000000004,0.21666666666666667,8.580113552892923,8.274113552892922,-0.30600000000000094,8.92717170715332,0.5548559699147303,90,3.0,round_robin,chesca_planner_tool
chesca_round_robin_commitment_full_mesh,1744,17,6,2,2,0,0.039999999999999994,0.0,0.039999999999999994,0.0,0.12000000000000001,0.020000000000000004,0.21,10.299456415076973,10.167456415076972,-0.13200000000000145,8.985441207885742,0.6050380646035004,90,4.0,round_robin,chesca_planner_tool
chesca_round_robin_commitment_full_mesh,1745,18,6,6,6,0,0.18,0.0,0.18,0.0,0.30000000000000004,0.06000000000000001,0.21333333333333335,12.061085398649563,11.383085398649563,-0.6780000000000008,9.064497947692871,1.1424021148301573,90,5.0,round_robin,chesca_planner_tool
chesca_round_robin_commitment_full_mesh,1746,19,6,3,3,0,0.06,0.0,0.06,0.0,0.36,0.06000000000000001,0.20666666666666667,14.321929374757849,14.123929374757848,-0.1980000000000004,9.12707233428955,1.7033175840502424,90,0.0,round_robin,chesca_planner_tool
chesca_round_robin_commitment_full_mesh,1747,20,6,0,0,0,0.0,0.0,0.0,0.0,0.36,0.06000000000000001,0.20666666666666667,12.336450632153717,12.336450632153717,0.0,9.151015281677246,0.8406736371143716,90,1.0,round_robin,chesca_planner_tool
chesca_round_robin_commitment_full_mesh,1748,21,6,0,0,0,0.0,0.0,0.0,0.0,0.36,0.06000000000000001,0.20666666666666667,11.123955312730086,11.123955312730086,0.0,9.169702529907227,0.5753734297576736,90,2.0,round_robin,chesca_planner_tool
chesca_round_robin_commitment_full_mesh,1749,22,6,0,0,0,0.0,0.0,0.0,0.0,0.36,0.06000000000000001,0.20666666666666667,10.465336775506106,10.465336775506106,0.0,9.22658634185791,0.41763799535783686,90,3.0,round_robin,chesca_planner_tool
chesca_round_robin_commitment_full_mesh,1750,23,6,0,0,0,0.0,0.0,0.0,0.0,0.36,0.06000000000000001,0.20666666666666667,10.222633789035685,10.222633789035685,0.0,9.271703720092773,0.27614802879875,90,4.0,round_robin,chesca_planner_tool
chesca_round_robin_commitment_full_mesh,1751,24,6,0,0,0,0.0,0.0,0.0,0.0,0.36,0.06000000000000001,0.20666666666666667,9.294965839803178,9.294965839803178,0.0,9.325414657592773,0.044683782093451085,90,5.0,round_robin,chesca_planner_tool
chesca_round_robin_commitment_full_mesh,1752,1,6,0,0,0,0.0,0.0,0.0,0.0,0.36,0.06000000000000001,0.20666666666666667,10.002417125958203,10.002417125958202,-1.7763568394002505e-15,9.482795715332031,0.26028209895792,90,0.0,round_robin,chesca_planner_tool
chesca_round_robin_commitment_full_mesh,1753,2,6,5,0,5,0.0,0.14,0.0,0.14,0.22,0.06,0.19000000000000003,8.779386983722775,9.311386983722775,0.532,9.583965301513672,0.0005338165412481499,90,1.0,round_robin,chesca_planner_tool
chesca_round_robin_commitment_full_mesh,1754,3,6,6,0,6,0.0,0.2,0.0,0.20000000000000004,0.020000000000000004,0.01999999999999999,0.18333333333333335,7.294548207091783,8.010548207091782,0.7159999999999993,9.583965301513672,-0.01371930041390497,90,2.0,round_robin,chesca_planner_tool
chesca_round_robin_commitment_full_mesh,1755,4,6,1,0,1,0.0,0.01999999999999999,0.0,0.020000000000000004,1.3877787807814457e-17,6.938893903907228e-18,0.16666666666666666,6.192592441149853,6.258592441149853,0.06599999999999984,9.583965301513672,-0.05012913788786362,90,3.0,round_robin,chesca_planner_tool
chesca_round_robin_commitment_full_mesh,1756,5,6,3,3,0,0.12,0.0,0.12,0.0,0.12000000000000002,0.04000000000000001,0.18000000000000002,5.800245018074348,5.320245018074347,-0.4800000000000004,9.583965301513672,0.08202724694222659,90,4.0,round_robin,chesca_planner_tool
chesca_round_robin_commitment_full_mesh,1757,6,6,3,3,0,0.1,0.0,0.1,0.0,0.22000000000000003,0.04000000000000001,0.19666666666666666,6.4662528959506815,6.136252895950682,-0.3299999999999992,9.583965301513672,0.20595359095351873,90,5.0,round_robin,chesca_planner_tool
chesca_round_robin_commitment_full_mesh,1758,7,6,0,0,0,0.0,0.0,0.0,0.0,0.22000000000000003,0.04000000000000001,0.19666666666666666,6.052844279477866,6.052844279477866,0.0,9.583965301513672,0.1662029735071478,90,0.0,round_robin,chesca_planner_tool
chesca_round_robin_commitment_full_mesh,1759,8,6,2,0,2,0.0,0.06,0.0,0.06,0.16000000000000003,0.04000000000000001,0.20666666666666667,5.5441579402406544,5.638585656322447,0.09442771608179257,9.583965301513672,0.04000127672719497,90,1.0,round_robin,chesca_planner_tool
chesca_round_robin_commitment_full_mesh,1760,9,6,5,0,5,0.0,0.12000000000000001,0.0,0.12000000000000002,0.04000000000000001,0.020000000000000004,0.22333333333333336,4.006249444073462,4.338015267252635,0.3317658231791727,9.583965301513672,0.015196672821687074,90,2.0,round_robin,chesca_planner_tool
chesca_round_robin_commitment_full_mesh,1761,10,6,2,0,2,0.0,0.04,0.0,0.04000000000000001,6.938893903907228e-18,6.938893903907228e-18,0.21333333333333335,1.496627731438487,1.5972718369613077,0.10064410552282066,9.583965301513672,-0.021510239267879566,90,3.0,round_robin,chesca_planner_tool
chesca_round_robin_commitment_full_mesh,1762,11,6,2,2,0,0.04,0.0,0.04,0.0,0.04000000000000001,0.02,0.20666666666666667,1.1895078940747577,1.0295078940747577,-0.15999999999999992,9.583965301513672,0.12064846994587945,90,4.0,round_robin,chesca_planner_tool
chesca_round_robin_commitment_full_mesh,1763,12,6,2,0,2,0.0,0.04,0.0,0.04000000000000001,6.938893903907228e-18,6.938893903907228e-18,0.21,3.585347182981062,3.722474599331687,0.1371274163506251,9.583965301513672,-0.028615827648510256,90,5.0,round_robin,chesca_planner_tool
chesca_round_robin_commitment_full_mesh,1764,13,6,4,4,0,0.1,0.0,0.1,0.0,0.1,0.04,0.22666666666666668,4.595091434622669,4.251091434622668,-0.3440000000000003,9.583965301513672,0.30662475242127835,90,0.0,round_robin,chesca_planner_tool
chesca_round_robin_commitment_full_mesh,1765,14,6,0,0,0,0.0,0.0,0.0,0.0,0.1,0.04,0.22666666666666668,4.151584756948665,4.151584756948665,0.0,9.583965301513672,0.27126912994382923,90,1.0,round_robin,chesca_planner_tool
chesca_round_robin_commitment_full_mesh,1766,15,6,0,0,0,0.0,0.0,0.0,0.0,0.1,0.04,0.22666666666666668,6.635731842376577,6.635731842376577,0.0,9.583965301513672,0.27269790332229316,90,2.0,round_robin,chesca_planner_tool
chesca_round_robin_commitment_full_mesh,1767,16,6,2,2,0,0.04000000000000001,0.0,0.04000000000000001,0.0,0.14,0.04,0.21666666666666667,7.906070709449133,7.746070709449134,-0.15999999999999925,9.583965301513672,0.6199991905270208,90,3.0,round_robin,chesca_planner_tool
chesca_round_robin_commitment_full_mesh,1768,17,6,3,2,1,0.039999999999999994,0.04,0.039999999999999994,0.04000000000000001,0.14,0.04000000000000001,0.22333333333333336,10.45392364386399,10.307923643863989,-0.1460000000000008,9.482795715332031,0.909704292965135,90,4.0,round_robin,chesca_planner_tool
chesca_round_robin_commitment_full_mesh,1769,18,6,4,4,0,0.09999999999999999,0.0,0.09999999999999999,0.0,0.24000000000000002,0.04000000000000001,0.21,11.511901250933766,11.153901250933767,-0.35799999999999876,9.482795715332031,1.113906173293679,90,5.0,round_robin,chesca_planner_tool
chesca_round_robin_commitment_full_mesh,1770,19,6,5,5,0,0.12000000000000001,0.0,0.12000000000000001,0.0,0.36000000000000004,0.07999999999999999,0.22,13.620201357300353,13.168201357300354,-0.4519999999999982,9.482795715332031,1.3175362942823678,90,0.0,round_robin,chesca_planner_tool
chesca_round_robin_commitment_full_mesh,1771,20,6,0,0,0,0.0,0.0,0.0,0.0,0.36000000000000004,0.07999999999999999,0.22,12.719233303867007,12.719233303867005,-1.7763568394002505e-15,9.482795715332031,0.9429536539583827,90,1.0,round_robin,chesca_planner_tool
chesca_round_robin_commitment_full_mesh,1772,21,6,0,0,0,0.0,0.0,0.0,0.0,0.36000000000000004,0.07999999999999999,0.22,11.494817697413076,11.494817697413078,1.7763568394002505e-15,9.482795715332031,0.5808671261680031,90,2.0,round_robin,chesca_planner_tool
chesca_round_robin_commitment_full_mesh,1773,22,6,6,0,6,0.0,0.16,0.0,0.16,0.2,0.059999999999999984,0.24666666666666667,9.257829223783155,9.827829223783155,0.5700000000000003,9.482795715332031,-0.026398327125918386,90,3.0,round_robin,chesca_planner_tool
chesca_round_robin_commitment_full_mesh,1774,23,6,0,0,0,0.0,0.0,0.0,0.0,0.2,0.059999999999999984,0.24666666666666667,10.460879081722444,10.460879081722442,-1.7763568394002505e-15,9.583965301513672,0.15708769356923413,90,4.0,round_robin,chesca_planner_tool
chesca_round_robin_commitment_full_mesh,1775,24,6,0,0,0,0.0,0.0,0.0,0.0,0.2,0.059999999999999984,0.24666666666666667,10.607400375979614,10.607400375979612,-1.7763568394002505e-15,9.619226455688477,0.3864432117783491,90,5.0,round_robin,chesca_planner_tool
chesca_round_robin_commitment_full_mesh,1776,1,6,0,0,0,0.0,0.0,0.0,0.0,0.2,0.059999999999999984,0.24666666666666667,10.361472322600552,10.361472322600553,1.7763568394002505e-15,9.619226455688477,0.21188555647032795,90,0.0,round_robin,chesca_planner_tool
chesca_round_robin_commitment_full_mesh,1777,2,6,0,0,0,0.0,0.0,0.0,0.0,0.2,0.059999999999999984,0.22333333333333336,10.101090452869071,10.101090452869071,0.0,9.678964614868164,0.1827372051585146,90,1.0,round_robin,chesca_planner_tool
chesca_round_robin_commitment_full_mesh,1778,3,6,5,0,5,0.0,0.09999999999999999,0.0,0.10000000000000002,0.09999999999999998,0.03999999999999998,0.20666666666666667,8.528518247135422,8.900518247135421,0.3719999999999999,9.721014976501465,0.01237833737701663,90,2.0,round_robin,chesca_planner_tool
chesca_round_robin_commitment_full_mesh,1779,4,6,4,0,4,0.0,0.09999999999999998,0.0,0.10000000000000002,1.0408340855860843e-17,6.938893903907228e-18,0.22,6.226733317059201,6.612733317059201,0.38599999999999923,9.721014976501465,-0.02013483919658532,90,3.0,round_robin,chesca_planner_tool
chesca_round_robin_commitment_full_mesh,1780,5,6,3,3,0,0.06,0.0,0.06,0.0,0.06000000000000001,0.020000000000000007,0.21,6.09753363210606,5.899533632106061,-0.1979999999999995,9.721014976501465,0.10137380221882208,90,4.0,round_robin,chesca_planner_tool
chesca_round_robin_commitment_full_mesh,1781,6,6,3,3,0,0.06,0.0,0.06,0.0,0.12000000000000001,0.020000000000000007,0.20333333333333334,6.405127064168227,6.165127064168227,-0.2400000000000002,9.721014976501465,0.1997141513643389,90,5.0,round_robin,chesca_planner_tool
chesca_round_robin_commitment_full_mesh,1782,7,6,0,0,0,0.0,0.0,0.0,0.0,0.12000000000000001,0.020000000000000007,0.20333333333333334,5.45611974795492,5.4561197479549195,-8.881784197001252e-16,9.721014976501465,0.09693846989539716,90,0.0,round_robin,chesca_planner_tool
chesca_round_robin_commitment_full_mesh,1783,8,6,6,0,6,0.0,0.12000000000000001,0.0,0.16000000000000003,3.469446951953614e-18,3.469446951953614e-18,0.22,5.423266581957825,5.925765090757986,0.5024985088001612,9.73523998260498,-0.3698900633395563,90,1.0,round_robin,chesca_planner_tool
chesca_round_robin_commitment_full_mesh,1784,9,6,1,1,0,0.020000000000000004,0.0,0.020000000000000004,0.0,0.020000000000000007,0.020000000000000004,0.20333333333333334,4.817353194101642,4.737353194101642,-0.08000000000000007,9.73523998260498,0.14663979030066582,90,2.0,round_robin,chesca_planner_tool
chesca_round_robin_commitment_full_mesh,1785,10,6,1,0,1,0.0,0.020000000000000004,0.0,0.020000000000000004,3.469446951953614e-18,3.469446951953614e-18,0.19999999999999998,3.3870784696454654,3.4670784696454664,0.08000000000000096,9.73523998260498,0.0002196531576584837,90,3.0,round_robin,chesca_planner_tool
chesca_round_robin_commitment_full_mesh,1786,11,6,5,5,0,0.14,0.0,0.14,0.0,0.14,0.04000000000000001,0.21666666666666667,3.9267675259543746,3.436767525954375,-0.48999999999999977,9.73523998260498,0.247346350025623,90,4.0,round_robin,chesca_planner_tool
chesca_round_robin_commitment_full_mesh,1787,12,6,0,0,0,0.0,0.0,0.0,0.0,0.14,0.04000000000000001,0.21,4.6810066695777355,4.6810066695777355,0.0,9.73523998260498,0.3025525897426256,90,5.0,round_robin,chesca_planner_tool
chesca_round_robin_commitment_full_mesh,1788,13,6,1,1,0,0.020000000000000004,0.0,0.020000000000000004,0.0,0.16000000000000003,0.04000000000000001,0.19666666666666666,4.797113998652272,4.717113998652272,-0.08000000000000007,9.73523998260498,0.22005679516876409,90,0.0,round_robin,chesca_planner_tool
chesca_round_robin_commitment_full_mesh,1789,14,6,0,0,0,0.0,0.0,0.0,0.0,0.16000000000000003,0.04000000000000001,0.19666666666666666,5.513612127543574,5.513612127543574,0.0,9.73523998260498,0.2755378524540307,90,1.0,round_robin,chesca_planner_tool
chesca_round_robin_commitment_full_mesh,1790,15,6,0,0,0,0.0,0.0,0.0,0.0,0.16000000000000003,0.04000000000000001,0.19666666666666666,7.718883675268806,7.718883675268806,0.0,9.73523998260498,0.4331863406537726,90,2.0,round_robin,chesca_planner_tool
chesca_round_robin_commitment_full_mesh,1791,16,6,0,0,0,0.0,0.0,0.0,0.0,0.16000000000000003,0.04000000000000001,0.18999999999999997,8.198051287393866,8.198051287393866,0.0,9.73523998260498,0.16316894829268788,90,3.0,round_robin,chesca_planner_tool
chesca_round_robin_commitment_full_mesh,1792,17,6,3,3,0,0.08,0.0,0.08,0.0,0.24000000000000002,0.06000000000000001,0.18999999999999997,11.115827292997672,10.795827292997673,-0.3199999999999985,9.73523998260498,0.6453413197095473,90,4.0,round_robin,chesca_planner_tool
chesca_round_robin_commitment_full_mesh,1793,18,6,4,4,0,0.12000000000000002,0.0,0.12000000000000002,0.0,0.36000000000000004,0.08000000000000002,0.19333333333333333,13.38484882178301,12.974848821783008,-0.4100000000000019,9.73523998260498,1.2987875915986835,90,5.0,round_robin,chesca_planner_tool
chesca_round_robin_commitment_full_mesh,1794,19,6,2,2,0,0.08000000000000002,0.0,0.08000000000000002,0.0,0.44000000000000006,0.10000000000000002,0.18666666666666668,14.782613825221793,14.462613825221794,-0.3199999999999985,9.73523998260498,1.6019591785081115,90,0.0,round_robin,chesca_planner_tool
chesca_round_robin_commitment_full_mesh,1795,20,6,0,0,0,0.0,0.0,0.0,0.0,0.44000000000000006,0.10000000000000002,0.18666666666666668,12.898541846275329,12.898541846275329,0.0,9.73523998260498,0.7999634091172149,90,1.0,round_robin,chesca_planner_tool
chesca_round_robin_commitment_full_mesh,1796,21,6,0,0,0,0.0,0.0,0.0,0.0,0.44000000000000006,0.10000000000000002,0.18666666666666668,11.532185282707214,11.532185282707214,0.0,9.73523998260498,0.48421069030262687,90,2.0,round_robin,chesca_planner_tool
chesca_round_robin_commitment_full_mesh,1797,22,6,6,0,6,0.0,0.18000000000000002,0.0,0.18000000000000002,0.26000000000000006,0.08000000000000002,0.19000000000000003,9.541535604265961,10.191535604265962,0.6500000000000004,9.749846458435059,-0.002470674254037325,90,3.0,round_robin,chesca_planner_tool
chesca_round_robin_commitment_full_mesh,1798,23,6,0,0,0,0.0,0.0,0.0,0.0,0.26000000000000006,0.08000000000000002,0.19000000000000003,10.113153955026258,10.11315395502626,1.7763568394002505e-15,9.749846458435059,0.19487018598964925,90,4.0,round_robin,chesca_planner_tool
chesca_round_robin_commitment_full_mesh,1799,24,6,1,1,0,0.02,0.0,0.02,0.0,0.28,0.08000000000000002,0.19333333333333336,10.770209849968357,10.690209849968356,-0.08000000000000007,9.73523998260498,0.6112285344936417,90,5.0,round_robin,chesca_planner_tool
chesca_round_robin_commitment_full_mesh,1800,1,6,6,0,6,0.0,0.14,0.0,0.14,0.14,0.06000000000000001,0.21666666666666667,9.190422665088434,9.694422665088435,0.5040000000000013,9.749846458435059,0.01069067975912008,90,0.0,round_robin,chesca_planner_tool
chesca_round_robin_commitment_full_mesh,1801,2,6,2,0,2,0.0,0.04000000000000001,0.0,0.04000000000000001,0.1,0.04000000000000001,0.22333333333333336,7.467643089005649,7.61364308900565,0.1460000000000008,9.749846458435059,0.0067242180747240365,90,1.0,round_robin,chesca_planner_tool
chesca_round_robin_commitment_full_mesh,1802,3,6,2,2,0,0.06,0.0,0.06,0.0,0.16000000000000003,0.04000000000000001,0.21666666666666667,6.9192424634061345,6.721242463406134,-0.1980000000000004,9.749846458435059,0.09112883092459188,90,2.0,round_robin,chesca_planner_tool
chesca_round_robin_commitment_full_mesh,1803,4,6,0,0,0,0.0,0.0,0.0,0.0,0.16000000000000003,0.04000000000000001,0.19999999999999998,7.01025592862863,7.010255928628629,-8.881784197001252e-16,9.749846458435059,0.18664454351453358,90,3.0,round_robin,chesca_planner_tool
chesca_round_robin_commitment_full_mesh,1804,5,6,0,0,0,0.0,0.0,0.0,0.0,0.16000000000000003,0.04000000000000001,0.19000000000000003,6.1617756118628915,6.161775611862892,8.881784197001252e-16,9.749846458435059,0.09831214976958351,90,4.0,round_robin,chesca_planner_tool
chesca_round_robin_commitment_full_mesh,1805,6,6,1,1,0,0.02,0.0,0.02,0.0,0.18000000000000002,0.04000000000000001,0.18333333333333335,6.935017163571231,6.869017163571231,-0.06600000000000072,9.749846458435059,0.2149566943774276,90,5.0,round_robin,chesca_planner_tool
chesca_round_robin_commitment_full_mesh,1806,7,6,6,0,6,0.0,0.18,0.0,0.2,2.0816681711721685e-17,6.938893903907228e-18,0.21666666666666667,5.820026297745551,6.4029551629181976,0.5829288651726463,9.749846458435059,-0.18647964017942956,90,0.0,round_robin,chesca_planner_tool
chesca_round_robin_commitment_full_mesh,1807,8,6,0,0,0,0.0,0.0,0.0,0.0,2.0816681711721685e-17,6.938893903907228e-18,0.19000000000000003,5.138222781060231,5.138222781060231,0.0,9.749846458435059,-0.05018518389067472,90,1.0,round_robin,chesca_planner_tool
chesca_round_robin_commitment_full_mesh,1808,9,6,6,6,0,0.16000000000000003,0.0,0.16000000000000003,0.0,0.16000000000000003,0.04000000000000001,0.21333333333333335,4.66687594923982,4.08287594923982,-0.5840000000000005,9.749846458435059,0.16749981068648612,90,2.0,round_robin,chesca_planner_tool
chesca_round_robin_commitment_full_mesh,1809,10,6,0,0,0,0.0,0.0,0.0,0.0,0.16000000000000003,0.04000000000000001,0.21,4.0995035744754516,4.0995035744754516,0.0,9.749846458435059,0.21991855678341082,90,3.0,round_robin,chesca_planner_tool
chesca_round_robin_commitment_full_mesh,1810,11,6,0,0,0,0.0,0.0,0.0,0.0,0.16000000000000003,0.04000000000000001,0.18666666666666668,4.506493744669271,4.506493744669271,0.0,9.749846458435059,0.05372110150409444,90,4.0,round_robin,chesca_planner_tool
chesca_round_robin_commitment_full_mesh,1811,12,6,0,0,0,0.0,0.0,0.0,0.0,0.16000000000000003,0.04000000000000001,0.18666666666666668,4.67623214676353,4.676232146763529,-8.881784197001252e-16,9.749846458435059,0.1820987694509008,90,5.0,round_robin,chesca_planner_tool
chesca_round_robin_commitment_full_mesh,1812,13,6,0,0,0,0.0,0.0,0.0,0.0,0.16000000000000003,0.04000000000000001,0.18333333333333335,5.182872899559598,5.182872899559598,0.0,9.749846458435059,0.10757622540242343,90,0.0,round_robin,chesca_planner_tool
chesca_round_robin_commitment_full_mesh,1813,14,6,0,0,0,0.0,0.0,0.0,0.0,0.16000000000000003,0.04000000000000001,0.18333333333333335,6.623176985371728,6.623176985371729,8.881784197001252e-16,9.749846458435059,0.21933638822836055,90,1.0,round_robin,chesca_planner_tool
chesca_round_robin_commitment_full_mesh,1814,15,6,0,0,0,0.0,0.0,0.0,0.0,0.16000000000000003,0.04000000000000001,0.18333333333333335,7.652846131784156,7.652846131784156,0.0,9.749846458435059,0.1345712301586563,90,2.0,round_robin,chesca_planner_tool
chesca_round_robin_commitment_full_mesh,1815,16,6,0,0,0,0.0,0.0,0.0,0.0,0.16000000000000003,0.04000000000000001,0.18333333333333335,6.848543968765963,6.848543968765963,0.0,9.749846458435059,0.057865714196749636,90,3.0,round_robin,chesca_planner_tool
chesca_round_robin_commitment_full_mesh,1816,17,6,6,0,6,0.0,0.16,0.0,0.16,2.7755575615628914e-17,6.938893903907228e-18,0.19666666666666666,7.9474098020320465,8.416921920371585,0.469512118339539,9.73523998260498,0.005966370422888084,90,4.0,round_robin,chesca_planner_tool
chesca_round_robin_commitment_full_mesh,1817,18,6,4,3,1,0.1,0.0,0.1,0.020000000000000018,0.10000000000000002,0.04000000000000001,0.19666666666666668,8.713772626791686,8.327772626791687,-0.38599999999999923,9.73523998260498,0.09364307321344262,90,5.0,round_robin,chesca_planner_tool
chesca_round_robin_commitment_full_mesh,1818,19,6,4,4,0,0.14,0.0,0.14,0.0,0.24000000000000005,0.06000000000000001,0.20666666666666667,11.773156355633661,11.283156355633661,-0.4900000000000002,9.66729736328125,0.6852257591939165,90,0.0,round_robin,chesca_planner_tool
chesca_round_robin_commitment_full_mesh,1819,20,6,0,0,0,0.0,0.0,0.0,0.0,0.24000000000000005,0.06000000000000001,0.20666666666666667,11.091754325841656,11.091754325841656,0.0,9.583965301513672,0.7803092040152024,90,1.0,round_robin,chesca_planner_tool
chesca_round_robin_commitment_full_mesh,1820,21,6,6,0,6,0.0,0.21999999999999997,0.0,0.22,0.02000000000000005,0.02000000000000001,0.24333333333333337,8.481719383916907,9.291719383916908,0.8100000000000005,9.583965301513672,-0.26984971194228247,90,2.0,round_robin,chesca_planner_tool
chesca_round_robin_commitment_full_mesh,1821,22,6,1,0,1,0.0,0.02,0.0,0.02,4.85722573273506e-17,1.3877787807814457e-17,0.21666666666666667,8.295414577861683,8.361414577861684,0.06600000000000072,9.583965301513672,-0.06489909444153662,90,3.0,round_robin,chesca_planner_tool
chesca_round_robin_commitment_full_mesh,1822,23,6,0,0,0,0.0,0.0,0.0,0.0,4.85722573273506e-17,1.3877787807814457e-17,0.21666666666666667,8.066964128821981,8.066964128821981,0.0,9.583965301513672,0.07672008510315083,90,4.0,round_robin,chesca_planner_tool
chesca_round_robin_commitment_full_mesh,1823,24,6,0,0,0,0.0,0.0,0.0,0.0,4.85722573273506e-17,1.3877787807814457e-17,0.21333333333333335,7.222672733567208,7.222672733567208,0.0,9.482795715332031,0.01783942191157542,90,5.0,round_robin,chesca_planner_tool
chesca_round_robin_commitment_full_mesh,1824,1,6,3,3,0,0.08000000000000002,0.0,0.08000000000000002,0.0,0.08000000000000006,0.04000000000000001,0.20333333333333334,9.3995920015617,9.0935920015617,-0.30600000000000094,9.342730522155762,0.1945770840256667,90,0.0,round_robin,chesca_planner_tool
chesca_round_robin_commitment_full_mesh,1825,2,6,3,0,3,0.0,0.06000000000000001,0.0,0.06000000000000001,0.020000000000000046,0.020000000000000004,0.20666666666666667,8.093798184072076,8.319798184072077,0.22600000000000087,9.263799667358398,-0.0026414442466505123,90,1.0,round_robin,chesca_planner_tool
chesca_round_robin_commitment_full_mesh,1826,3,6,5,0,5,0.0,0.020000000000000035,0.0,0.10000000000000002,1.0408340855860843e-17,1.0408340855860843e-17,0.21333333333333335,5.79278690084597,6.1647869008459715,0.37200000000000166,9.263799667358398,-0.1328079786154593,90,2.0,round_robin,chesca_planner_tool
chesca_round_robin_commitment_full_mesh,1827,4,6,0,0,0,0.0,0.0,0.0,0.0,1.0408340855860843e-17,1.0408340855860843e-17,0.21333333333333335,5.522322084903063,5.522322084903063,0.0,9.263799667358398,-0.03239584633401642,90,3.0,round_robin,chesca_planner_tool
chesca_round_robin_commitment_full_mesh,1828,5,6,0,0,0,0.0,0.0,0.0,0.0,1.0408340855860843e-17,1.0408340855860843e-17,0.21333333333333335,5.139143178515065,5.139143178515065,0.0,9.263799667358398,0.007765124660445988,90,4.0,round_robin,chesca_planner_tool
chesca_round_robin_commitment_full_mesh,1829,6,6,2,2,0,0.06,0.0,0.06,0.0,0.06000000000000001,0.04,0.22,5.4570679591754985,5.259067959175498,-0.1980000000000004,9.263799667358398,0.08500284249602061,90,5.0,round_robin,chesca_planner_tool
chesca_round_robin_commitment_full_mesh,1830,7,6,1,1,0,0.020000000000000004,0.0,0.020000000000000004,0.0,0.08000000000000002,0.04,0.19000000000000003,4.620402854987995,4.554402854987996,-0.06599999999999984,9.263799667358398,0.10700486936939121,90,0.0,round_robin,chesca_planner_tool
chesca_round_robin_commitment_full_mesh,1831,8,6,0,0,0,0.0,0.0,0.0,0.0,0.08000000000000002,0.04,0.19000000000000003,3.421829051538836,3.421829051538836,0.0,9.263799667358398,0.0472808286193241,90,1.0,round_robin,chesca_planner_tool
chesca_round_robin_commitment_full_mesh,1832,9,6,3,3,0,0.08,0.0,0.08,0.0,0.16000000000000003,0.04,0.17666666666666667,3.2981967420243503,2.9781967420243505,-0.31999999999999984,9.263799667358398,0.09661118690352735,90,2.0,round_robin,chesca_planner_tool
chesca_round_robin_commitment_full_mesh,1833,10,6,6,0,6,0.0,0.16,0.0,0.16,1.3877787807814457e-17,1.0408340855860843e-17,0.20333333333333337,0.8993473992407905,1.1956965661157786,0.296349166874988,9.263799667358398,-0.05032482826058264,90,3.0,round_robin,chesca_planner_tool
chesca_round_robin_commitment_full_mesh,1834,11,6,4,4,0,0.1,0.0,0.1,0.0,0.10000000000000002,0.04000000000000001,0.22,2.2947289396344983,1.9507289396344991,-0.3439999999999992,9.263799667358398,0.16214274991784153,90,4.0,round_robin,chesca_planner_tool
chesca_round_robin_commitment_full_mesh,1835,12,6,0,0,0,0.0,0.0,0.0,0.0,0.10000000000000002,0.04000000000000001,0.22,2.8907155000076017,2.8907155000076017,0.0,9.263799667358398,0.2517561156669334,90,5.0,round_robin,chesca_planner_tool
chesca_round_robin_commitment_full_mesh,1836,13,6,0,0,0,0.0,0.0,0.0,0.0,0.10000000000000002,0.04000000000000001,0.22,3.256536127133274,3.256536127133274,0.0,9.263799667358398,0.18077492468271283,90,0.0,round_robin,chesca_planner_tool
chesca_round_robin_commitment_full_mesh,1837,14,6,0,0,0,0.0,0.0,0.0,0.0,0.10000000000000002,0.04000000000000001,0.22,2.766724168850132,2.7667241688501325,4.440892098500626e-16,9.263799667358398,0.11884681916060255,90,1.0,round_robin,chesca_planner_tool
chesca_round_robin_commitment_full_mesh,1838,15,6,0,0,0,0.0,0.0,0.0,0.0,0.10000000000000002,0.04000000000000001,0.22,5.421802957197444,5.421802957197444,0.0,9.263799667358398,0.2718068510840671,90,2.0,round_robin,chesca_planner_tool
chesca_round_robin_commitment_full_mesh,1839,16,6,2,2,0,0.04000000000000001,0.0,0.04000000000000001,0.0,0.14,0.04000000000000001,0.22666666666666666,7.27301513240122,7.11301513240122,-0.16000000000000014,9.263799667358398,0.5942707721540764,90,3.0,round_robin,chesca_planner_tool
chesca_round_robin_commitment_full_mesh,1840,17,6,0,0,0,0.0,0.0,0.0,0.0,0.14,0.04000000000000001,0.20000000000000004,8.851316789864269,8.851316789864269,0.0,9.342730522155762,0.28721360001681073,90,4.0,round_robin,chesca_planner_tool
chesca_round_robin_commitment_full_mesh,1841,18,6,0,0,0,0.0,0.0,0.0,0.0,0.14,0.04000000000000001,0.18000000000000002,10.081101496287538,10.081101496287536,-1.7763568394002505e-15,9.342730522155762,0.15105811312419867,90,5.0,round_robin,chesca_planner_tool
chesca_round_robin_commitment_full_mesh,1842,19,6,5,5,0,0.16,0.0,0.16,0.0,0.30000000000000004,0.06000000000000001,0.18333333333333335,12.28107743920898,11.683077439208981,-0.597999999999999,9.338777542114258,0.8107267351743004,90,0.0,round_robin,chesca_planner_tool
chesca_round_robin_commitment_full_mesh,1843,20,6,0,0,0,0.0,0.0,0.0,0.0,0.30000000000000004,0.06000000000000001,0.18333333333333335,12.700670922994613,12.700670922994613,0.0,9.338777542114258,1.0094420188411775,90,1.0,round_robin,chesca_planner_tool
chesca_round_robin_commitment_full_mesh,1844,21,6,0,0,0,0.0,0.0,0.0,0.0,0.30000000000000004,0.06000000000000001,0.14666666666666667,11.022126990556716,11.022126990556718,1.7763568394002505e-15,9.338777542114258,0.3184930582298016,90,2.0,round_robin,chesca_planner_tool
chesca_round_robin_commitment_full_mesh,1845,22,6,6,0,6,0.0,0.24000000000000002,0.0,0.24000000000000002,0.060000000000000026,0.02000000000000001,0.18333333333333335,8.181684377480945,9.057684377480944,0.8759999999999994,9.338777542114258,-0.11332662102687535,90,3.0,round_robin,chesca_planner_tool
chesca_round_robin_commitment_full_mesh,1846,23,6,3,0,3,0.0,0.060000000000000005,0.0,0.06000000000000001,2.0816681711721685e-17,6.938893903907228e-18,0.19333333333333336,8.199526871722718,8.425526871722717,0.2259999999999991,9.263799667358398,0.00809106537671004,90,4.0,round_robin,chesca_planner_tool
chesca_round_robin_commitment_full_mesh,1847,24,6,0,0,0,0.0,0.0,0.0,0.0,2.0816681711721685e-17,6.938893903907228e-18,0.19333333333333336,9.171412521975707,9.171412521975707,0.0,9.154780387878418,0.03693286474711249,90,5.0,round_robin,chesca_planner_tool
chesca_round_robin_commitment_full_mesh,1848,1,6,4,4,0,0.16,0.0,0.16,0.0,0.16000000000000003,0.04000000000000001,0.20666666666666667,9.814151589928779,9.25815158992878,-0.5559999999999992,9.154780387878418,0.14407555577124953,90,0.0,round_robin,chesca_planner_tool
chesca_round_robin_commitment_full_mesh,1849,2,6,4,0,4,0.0,0.10000000000000002,0.0,0.10000000000000002,0.060000000000000005,0.019999999999999997,0.21333333333333335,8.456809550732821,8.800809550732819,0.34399999999999764,9.154780387878418,-0.018799232664291697,90,1.0,round_robin,chesca_planner_tool
chesca_round_robin_commitment_full_mesh,1850,3,6,6,0,6,0.0,0.060000000000000005,0.0,0.16000000000000003,0.0,0.0,0.22333333333333336,6.032139574162548,6.630139574162548,0.5980000000000008,9.14309310913086,-0.15085408256787824,90,2.0,round_robin,chesca_planner_tool
chesca_round_robin_commitment_full_mesh,1851,4,6,0,0,0,0.0,0.0,0.0,0.0,0.0,0.0,0.22333333333333336,5.863434981418648,5.863434981418648,0.0,9.14309310913086,-0.01616344841725159,90,3.0,round_robin,chesca_planner_tool
chesca_round_robin_commitment_full_mesh,1852,5,6,0,0,0,0.0,0.0,0.0,0.0,0.0,0.0,0.22333333333333336,5.41148418440328,5.41148418440328,0.0,9.14309310913086,0.012001204911324378,90,4.0,round_robin,chesca_planner_tool
chesca_round_robin_commitment_full_mesh,1853,6,6,0,0,0,0.0,0.0,0.0,0.0,0.0,0.0,0.21333333333333335,5.917948799107422,5.917948799107422,0.0,9.14309310913086,0.010257660820447642,90,5.0,round_robin,chesca_planner_tool
chesca_round_robin_commitment_full_mesh,1854,7,6,1,0,1,0.0,0.0,0.0,0.019999999999999962,0.0,0.0,0.21333333333333335,6.618935729240075,6.618935729240075,0.0,9.14309310913086,0.004270340158519695,90,0.0,round_robin,chesca_planner_tool
chesca_round_robin_commitment_full_mesh,1855,8,6,3,0,3,0.0,0.0,0.0,0.06000000000000001,0.0,0.0,0.22333333333333336,3.8827084443587943,4.0599572827045725,0.1772488383457782,9.14309310913086,-0.11089348452423044,90,1.0,round_robin,chesca_planner_tool
chesca_round_robin_commitment_full_mesh,1856,9,6,0,0,0,0.0,0.0,0.0,0.0,0.0,0.0,0.21,2.9018144727179775,2.901814472717978,4.440892098500626e-16,9.14309310913086,0.05123839928045257,90,2.0,round_robin,chesca_planner_tool
chesca_round_robin_commitment_full_mesh,1857,10,6,0,0,0,0.0,0.0,0.0,0.0,0.0,0.0,0.18333333333333332,3.328739950483356,3.3287399504833557,-4.440892098500626e-16,9.14309310913086,0.020941985272599578,90,3.0,round_robin,chesca_planner_tool
chesca_round_robin_commitment_full_mesh,1858,11,6,0,0,0,0.0,0.0,0.0,0.0,0.0,0.0,0.16666666666666666,2.504082342424504,2.504082342424504,0.0,9.14309310913086,-0.02934759239204876,90,4.0,round_robin,chesca_planner_tool
chesca_round_robin_commitment_full_mesh,1859,12,6,0,0,0,0.0,0.0,0.0,0.0,0.0,0.0,0.16666666666666666,3.0132321655256833,3.0132321655256833,0.0,9.14309310913086,-0.022862549143311428,90,5.0,round_robin,chesca_planner_tool
chesca_round_robin_commitment_full_mesh,1860,13,6,6,6,0,0.24000000000000005,0.0,0.24000000000000005,0.0,0.24000000000000005,0.04000000000000001,0.20666666666666667,4.441765954609993,3.5657659546099936,-0.8759999999999994,9.14309310913086,0.15951170265021059,90,0.0,round_robin,chesca_planner_tool
chesca_round_robin_commitment_full_mesh,1861,14,6,0,0,0,0.0,0.0,0.0,0.0,0.24000000000000005,0.04000000000000001,0.20666666666666667,5.23912424067371,5.239124240673709,-8.881784197001252e-16,9.14309310913086,0.357357789108793,90,1.0,round_robin,chesca_planner_tool
chesca_round_robin_commitment_full_mesh,1862,15,6,0,0,0,0.0,0.0,0.0,0.0,0.24000000000000005,0.04000000000000001,0.20666666666666667,6.007029032579969,6.007029032579969,0.0,9.14309310913086,0.120282682010235,90,2.0,round_robin,chesca_planner_tool
chesca_round_robin_commitment_full_mesh,1863,16,6,0,0,0,0.0,0.0,0.0,0.0,0.24000000000000005,0.04000000000000001,0.19999999999999998,6.868277126233755,6.868277126233755,0.0,9.14309310913086,0.3422669783183362,90,3.0,round_robin,chesca_planner_tool
chesca_round_robin_commitment_full_mesh,1864,17,6,0,0,0,0.0,0.0,0.0,0.0,0.24000000000000005,0.04000000000000001,0.19999999999999998,7.895051609829938,7.895051609829938,0.0,9.14309310913086,0.33867182920201755,90,4.0,round_robin,chesca_planner_tool
chesca_round_robin_commitment_full_mesh,1865,18,6,0,0,0,0.0,0.0,0.0,0.0,0.24000000000000005,0.04000000000000001,0.19999999999999998,8.110736198523997,8.110736198523997,0.0,9.055536270141602,0.38449919434130714,90,5.0,round_robin,chesca_planner_tool
chesca_round_robin_commitment_full_mesh,1866,19,6,0,0,0,0.0,0.0,0.0,0.0,0.24000000000000005,0.04000000000000001,0.1733333333333333,9.163141700283765,9.163141700283765,0.0,9.025111198425293,0.12616950757288498,90,0.0,round_robin,chesca_planner_tool
chesca_round_robin_commitment_full_mesh,1867,20,6,0,0,0,0.0,0.0,0.0,0.0,0.24000000000000005,0.04000000000000001,0.1733333333333333,10.280198978185652,10.280198978185652,0.0,8.98197078704834,0.4764935893868845,90,1.0,round_robin,chesca_planner_tool
chesca_round_robin_commitment_full_mesh,1868,21,6,6,0,6,0.0,0.24000000000000002,0.0,0.24000000000000002,1.3877787807814457e-17,6.938893903907228e-18,0.21333333333333335,9.102641001701356,9.978641001701355,0.8759999999999994,8.98197078704834,-0.2241771176119969,90,2.0,round_robin,chesca_planner_tool
chesca_round_robin_commitment_full_mesh,1869,22,6,6,0,6,0.0,1.3877787807814457e-17,0.0,0.18,0.0,0.0,0.20333333333333334,7.442770324707016,8.120770324707015,0.677999999999999,8.98197078704834,-0.8093583856069295,90,3.0,round_robin,chesca_planner_tool
chesca_round_robin_commitment_full_mesh,1870,23,6,4,0,4,0.0,0.0,0.0,0.10000000000000002,0.0,0.0,0.21,7.417767885130949,7.789767885130948,0.371999999999999,8.98197078704834,-0.15356195274988096,90,4.0,round_robin,chesca_planner_tool
chesca_round_robin_commitment_full_mesh,1871,24,6,0,0,0,0.0,0.0,0.0,0.0,0.0,0.0,0.21,8.624991008328465,8.624991008328463,-1.7763568394002505e-15,8.98197078704834,0.06565479740214482,90,5.0,round_robin,chesca_planner_tool
chesca_round_robin_commitment_full_mesh,1872,1,6,0,0,0,0.0,0.0,0.0,0.0,0.0,0.0,0.18333333333333335,8.62052767085101,8.62052767085101,0.0,8.913872718811035,-0.0551334426860883,90,0.0,round_robin,chesca_planner_tool
chesca_round_robin_commitment_full_mesh,1873,2,6,5,0,5,0.0,0.0,0.0,0.18000000000000002,0.0,0.0,0.19666666666666668,7.226507015537111,7.862507015537111,0.6360000000000001,8.861230850219727,-0.08253245912893287,90,1.0,round_robin,chesca_planner_tool
chesca_round_robin_commitment_full_mesh,1874,3,6,4,0,4,0.0,0.0,0.0,0.14,0.0,0.0,0.19333333333333336,5.83524019173376,6.32524019173376,0.4900000000000002,8.861230850219727,-0.17313859539587473,90,2.0,round_robin,chesca_planner_tool
chesca_round_robin_commitment_full_mesh,1875,4,6,0,0,0,0.0,0.0,0.0,0.0,0.0,0.0,0.19333333333333336,6.001678283704988,6.0016782837049885,8.881784197001252e-16,8.861230850219727,-0.05071436088244035,90,3.0,round_robin,chesca_planner_tool
chesca_round_robin_commitment_full_mesh,1876,5,6,0,0,0,0.0,0.0,0.0,0.0,0.0,0.0,0.19333333333333336,6.183011584542832,6.183011584542832,0.0,8.861230850219727,0.014038164885164597,90,4.0,round_robin,chesca_planner_tool
chesca_round_robin_commitment_full_mesh,1877,6,6,0,0,0,0.0,0.0,0.0,0.0,0.0,0.0,0.19333333333333336,6.266091306523897,6.266091306523896,-8.881784197001252e-16,8.861230850219727,0.02112610223628509,90,5.0,round_robin,chesca_planner_tool
chesca_round_robin_commitment_full_mesh,1878,7,6,0,0,0,0.0,0.0,0.0,0.0,0.0,0.0,0.19000000000000006,5.25231494290799,5.252314942907991,8.881784197001252e-16,8.861230850219727,-0.02412499917798798,90,0.0,round_robin,chesca_planner_tool
chesca_round_robin_commitment_full_mesh,1879,8,6,6,0,6,0.0,0.0,0.0,0.14,0.0,0.0,0.20333333333333337,5.692726175531819,6.133199743881195,0.44047356834937634,8.913872718811035,-0.4243977410327122,90,1.0,round_robin,chesca_planner_tool
chesca_round_robin_commitment_full_mesh,1880,9,6,5,0,5,0.0,0.0,0.0,0.12,0.0,0.0,0.22333333333333336,5.799528073746288,6.190015211235393,0.3904871374891048,8.913872718811035,-0.47829285034457314,90,2.0,round_robin,chesca_planner_tool
chesca_round_robin_commitment_full_mesh,1881,10,6,0,0,0,0.0,0.0,0.0,0.0,0.0,0.0,0.22333333333333336,5.692413330658832,5.692413330658832,0.0,8.861230850219727,-0.0962224420832008,90,3.0,round_robin,chesca_planner_tool
chesca_round_robin_commitment_full_mesh,1882,11,6,2,0,2,0.0,0.0,0.0,0.04,0.0,0.0,0.23,5.308483100158864,5.454483100158864,0.1459999999999999,8.809442520141602,-0.3758270532866206,90,4.0,round_robin,chesca_planner_tool
chesca_round_robin_commitment_full_mesh,1883,12,6,0,0,0,0.0,0.0,0.0,0.0,0.0,0.0,0.23,5.460008201269478,5.460008201269478,0.0,8.809442520141602,0.08440076612522565,90,5.0,round_robin,chesca_planner_tool
chesca_round_robin_commitment_full_mesh,1884,13,6,0,0,0,0.0,0.0,0.0,0.0,0.0,0.0,0.19000000000000003,6.884928356713497,6.884928356713497,0.0,8.809442520141602,0.022285451825859212,90,0.0,round_robin,chesca_planner_tool
chesca_round_robin_commitment_full_mesh,1885,14,6,0,0,0,0.0,0.0,0.0,0.0,0.0,0.0,0.19000000000000003,7.3072661675355235,7.307266167535524,8.881784197001252e-16,8.809442520141602,-0.03331397136286712,90,1.0,round_robin,chesca_planner_tool
chesca_round_robin_commitment_full_mesh,1886,15,6,5,4,1,0.12000000000000002,0.0,0.12000000000000002,0.020000000000000018,0.12000000000000002,0.04000000000000001,0.21333333333333337,9.933394247222571,9.467394247222572,-0.4659999999999993,8.861230850219727,0.0807396348931191,90,2.0,round_robin,chesca_planner_tool
chesca_round_robin_commitment_full_mesh,1887,16,6,3,3,0,0.08,0.0,0.08,0.0,0.2,0.04000000000000001,0.22666666666666668,10.69800493844818,10.42000493844818,-0.27800000000000047,8.913872718811035,0.7195789739000252,90,3.0,round_robin,chesca_planner_tool
chesca_round_robin_commitment_full_mesh,1888,17,6,4,4,0,0.08000000000000002,0.0,0.08000000000000002,0.0,0.28,0.06000000000000001,0.24,12.974804187626827,12.682804187626827,-0.2919999999999998,8.913872718811035,1.140726751271217,90,4.0,round_robin,chesca_planner_tool
chesca_round_robin_commitment_full_mesh,1889,18,6,0,0,0,0.0,0.0,0.0,0.0,0.28,0.06000000000000001,0.24,11.338800506481977,11.338800506481977,0.0,8.913872718811035,0.8838317128108824,90,5.0,round_robin,chesca_planner_tool
chesca_round_robin_commitment_full_mesh,1890,19,6,0,0,0,0.0,0.0,0.0,0.0,0.28,0.06000000000000001,0.24,12.621846548648818,12.621846548648818,0.0,8.913872718811035,1.2057840392304895,90,0.0,round_robin,chesca_planner_tool
chesca_round_robin_commitment_full_mesh,1891,20,6,0,0,0,0.0,0.0,0.0,0.0,0.28,0.06000000000000001,0.24,11.204969130834309,11.204969130834309,0.0,8.913872718811035,0.04140291852689003,90,1.0,round_robin,chesca_planner_tool
chesca_round_robin_commitment_full_mesh,1892,21,6,6,0,6,0.0,0.24,0.0,0.24000000000000002,0.04000000000000004,0.02000000000000001,0.24,10.580563889156352,11.45656388915635,0.8759999999999977,8.913872718811035,-0.09379694833311078,90,2.0,round_robin,chesca_planner_tool
chesca_round_robin_commitment_full_mesh,1893,22,6,4,0,4,0.0,0.04000000000000002,0.0,0.08000000000000002,2.42861286636753e-17,1.0408340855860843e-17,0.22333333333333336,7.923330576704578,8.229330576704578,0.30600000000000005,8.913872718811035,-0.6230472983458443,90,3.0,round_robin,chesca_planner_tool
chesca_round_robin_commitment_full_mesh,1894,23,6,6,0,6,0.0,2.42861286636753e-17,0.0,0.18000000000000002,0.0,0.0,0.2366666666666667,8.894984621490238,9.572984621490237,0.677999999999999,8.913872718811035,-0.8098921652408346,90,4.0,round_robin,chesca_planner_tool
chesca_round_robin_commitment_full_mesh,1895,24,6,0,0,0,0.0,0.0,0.0,0.0,0.0,0.0,0.2366666666666667,8.276033358522426,8.276033358522426,0.0,8.913872718811035,-0.2446939411061862,90,5.0,round_robin,chesca_planner_tool
chesca_round_robin_commitment_full_mesh,1896,1,6,2,2,0,0.04000000000000001,0.0,0.04000000000000001,0.0,0.04000000000000001,0.020000000000000004,0.24333333333333337,10.660616475769054,10.514616475769053,-0.1460000000000008,8.861230850219727,0.47978189627069273,90,0.0,round_robin,chesca_planner_tool
chesca_round_robin_commitment_full_mesh,1897,2,6,2,0,2,0.0,0.04000000000000001,0.0,0.04000000000000001,0.0,0.0,0.22,9.569505742415675,9.715505742415674,0.14599999999999902,8.861230850219727,-0.04897193751424614,90,1.0,round_robin,chesca_planner_tool
chesca_round_robin_commitment_full_mesh,1898,3,6,5,0,5,0.0,0.0,0.0,0.10000000000000002,0.0,0.0,0.21333333333333335,7.709864928803903,8.067864928803903,0.35800000000000054,8.861230850219727,-0.3722926221134336,90,2.0,round_robin,chesca_planner_tool
chesca_round_robin_commitment_full_mesh,1899,4,6,3,0,3,0.0,0.0,0.0,0.10000000000000002,0.0,0.0,0.22999999999999998,7.134444651361859,7.478444651361858,0.3439999999999994,8.861230850219727,-0.27707092400488426,90,3.0,round_robin,chesca_planner_tool
chesca_round_robin_commitment_full_mesh,1900,5,6,1,0,1,0.0,0.0,0.0,0.020000000000000004,0.0,0.0,0.2333333333333333,6.4397324824671704,6.51973248246717,0.07999999999999918,8.861230850219727,-0.3188483238346181,90,4.0,round_robin,chesca_planner_tool
chesca_round_robin_commitment_full_mesh,1901,6,6,0,0,0,0.0,0.0,0.0,0.0,0.0,0.0,0.2333333333333333,6.89738699537322,6.897386995373221,8.881784197001252e-16,8.861230850219727,-0.15473373943590377,90,5.0,round_robin,chesca_planner_tool
chesca_round_robin_commitment_full_mesh,1902,7,6,0,0,0,0.0,0.0,0.0,0.0,0.0,0.0,0.2333333333333333,5.972457254954058,5.972457254954058,0.0,8.861230850219727,-0.2098095918325722,90,0.0,round_robin,chesca_planner_tool
chesca_round_robin_commitment_full_mesh,1903,8,6,0,0,0,0.0,0.0,0.0,0.0,0.0,0.0,0.21000000000000005,5.598133260827887,5.598133260827887,0.0,8.861230850219727,-0.13170361703513433,90,1.0,round_robin,chesca_planner_tool
chesca_round_robin_commitment_full_mesh,1904,9,6,6,0,6,0.0,0.0,0.0,0.16000000000000003,0.0,0.0,0.2166666666666667,4.434572810934834,4.949775213095731,0.515202402160897,8.913872718811035,-0.8727756998449892,90,2.0,round_robin,chesca_planner_tool
chesca_round_robin_commitment_full_mesh,1905,10,6,3,0,3,0.0,0.0,0.0,0.06000000000000001,0.0,0.0,0.22666666666666668,3.115878475119808,3.2474070842911504,0.13152860917134257,8.913872718811035,-0.3955447049180543,90,3.0,round_robin,chesca_planner_tool
chesca_round_robin_commitment_full_mesh,1906,11,6,0,0,0,0.0,0.0,0.0,0.0,0.0,0.0,0.22,3.0575414994529098,3.0575414994529098,0.0,8.913872718811035,-0.1380547147521332,90,4.0,round_robin,chesca_planner_tool
chesca_round_robin_commitment_full_mesh,1907,12,6,1,0,1,0.0,0.0,0.0,0.02,0.0,0.0,0.22333333333333336,3.019112630467625,3.064644710944559,0.045532080476934134,8.913872718811035,-0.10919655845914167,90,5.0,round_robin,chesca_planner_tool
chesca_round_robin_commitment_full_mesh,1908,13,6,0,0,0,0.0,0.0,0.0,0.0,0.0,0.0,0.22333333333333336,4.805631421497019,4.8056314214970195,8.881784197001252e-16,8.913872718811035,0.06619050652534653,90,0.0,round_robin,chesca_planner_tool
chesca_round_robin_commitment_full_mesh,1909,14,6,0,0,0,0.0,0.0,0.0,0.0,0.0,0.0,0.22333333333333336,4.818702702520012,4.818702702520012,0.0,8.913872718811035,-0.19263751826150116,90,1.0,round_robin,chesca_planner_tool
chesca_round_robin_commitment_full_mesh,1910,15,6,0,0,0,0.0,0.0,0.0,0.0,0.0,0.0,0.19999999999999998,6.707497397122172,6.707497397122172,0.0,8.913872718811035,0.12659807646055632,90,2.0,round_robin,chesca_planner_tool
chesca_round_robin_commitment_full_mesh,1911,16,6,6,6,0,0.18000000000000005,0.0,0.18000000000000005,0.0,0.18000000000000005,0.04000000000000001,0.21666666666666667,11.285453259453016,10.607453259453019,-0.6779999999999973,8.955463409423828,0.5809265269282977,90,3.0,round_robin,chesca_planner_tool
chesca_round_robin_commitment_full_mesh,1912,17,6,0,0,0,0.0,0.0,0.0,0.0,0.18000000000000005,0.04000000000000001,0.20333333333333337,11.004927399291295,11.004927399291294,-1.7763568394002505e-15,8.955463409423828,0.4545242171235391,90,4.0,round_robin,chesca_planner_tool
chesca_round_robin_commitment_full_mesh,1913,18,6,4,4,0,0.09999999999999999,0.0,0.09999999999999999,0.0,0.28,0.06000000000000001,0.22,11.693675780991095,11.349675780991094,-0.3440000000000012,8.955463409423828,1.0020089724901373,90,5.0,round_robin,chesca_planner_tool
chesca_round_robin_commitment_full_mesh,1914,19,6,2,2,0,0.04,0.0,0.04,0.0,0.32,0.06000000000000001,0.22666666666666668,15.274101889368563,15.114101889368563,-0.16000000000000014,8.955463409423828,1.2850946893013468,90,0.0,round_robin,chesca_planner_tool
chesca_round_robin_commitment_full_mesh,1915,20,6,0,0,0,0.0,0.0,0.0,0.0,0.32,0.06000000000000001,0.22666666666666668,12.809867908594,12.809867908594,0.0,8.955463409423828,0.6086773610437121,90,1.0,round_robin,chesca_planner_tool
chesca_round_robin_commitment_full_mesh,1916,21,6,6,0,6,0.0,0.24,0.0,0.24000000000000002,0.08000000000000003,0.02000000000000001,0.22666666666666668,11.45003816823966,12.326038168239661,0.8760000000000012,8.955463409423828,-0.19593198591949396,90,2.0,round_robin,chesca_planner_tool
chesca_round_robin_commitment_full_mesh,1917,22,6,6,0,6,0.0,0.08000000000000002,0.0,0.12000000000000002,2.42861286636753e-17,1.0408340855860843e-17,0.23333333333333336,8.60050473844159,9.038504738441588,0.43799999999999883,8.955463409423828,-0.5709612576449433,90,3.0,round_robin,chesca_planner_tool
chesca_round_robin_commitment_full_mesh,1918,23,6,0,0,0,0.0,0.0,0.0,0.0,2.42861286636753e-17,1.0408340855860843e-17,0.20333333333333334,9.8698975576202,9.869897557620199,-1.7763568394002505e-15,8.913872718811035,0.18780001303199148,90,4.0,round_robin,chesca_planner_tool
chesca_round_robin_commitment_full_mesh,1919,24,6,4,0,4,0.0,1.734723475976807e-17,0.0,0.10000000000000002,6.938893903907228e-18,6.938893903907228e-18,0.22,9.653367637344372,10.039367637344371,0.38599999999999923,8.913872718811035,-0.08515287217882417,90,5.0,round_robin,chesca_planner_tool
chesca_round_robin_commitment_full_mesh,1920,1,6,0,0,0,0.0,0.0,0.0,0.0,6.938893903907228e-18,6.938893903907228e-18,0.21333333333333335,10.603694536345671,10.603694536345671,0.0,8.913872718811035,0.30545608567520754,90,0.0,round_robin,chesca_planner_tool
chesca_round_robin_commitment_full_mesh,1921,2,6,2,0,2,0.0,0.0,0.0,0.04000000000000001,6.938893903907228e-18,6.938893903907228e-18,0.21333333333333335,9.287772916336303,9.433772916336304,0.1460000000000008,8.913872718811035,-0.16020211615073024,90,1.0,round_robin,chesca_planner_tool
chesca_round_robin_commitment_full_mesh,1922,3,6,2,0,2,0.0,0.0,0.0,0.04000000000000001,6.938893903907228e-18,6.938893903907228e-18,0.20333333333333334,7.477807721944467,7.623807721944467,0.1459999999999999,8.913872718811035,-0.3256241143219828,90,2.0,round_robin,chesca_planner_tool
chesca_round_robin_commitment_full_mesh,1923,4,6,5,0,5,0.0,6.938893903907228e-18,0.0,0.10000000000000002,0.0,0.0,0.20333333333333334,8.54314096087321,8.901140960873208,0.35799999999999876,8.913872718811035,-0.20344116894393582,90,3.0,round_robin,chesca_planner_tool
chesca_round_robin_commitment_full_mesh,1924,5,6,5,0,5,0.0,0.0,0.0,0.14,0.0,0.0,0.22333333333333336,5.974512091203487,6.478512091203488,0.5040000000000004,8.913872718811035,-0.3781021106493565,90,4.0,round_robin,chesca_planner_tool
chesca_round_robin_commitment_full_mesh,1925,6,6,1,0,1,0.0,0.0,0.0,0.02,0.0,0.0,0.22666666666666668,6.8112298494075585,6.891229849407559,0.08000000000000007,8.913872718811035,-0.14614561937539394,90,5.0,round_robin,chesca_planner_tool
chesca_round_robin_commitment_full_mesh,1926,7,6,0,0,0,0.0,0.0,0.0,0.0,0.0,0.0,0.22666666666666668,6.223670554606299,6.223670554606299,0.0,8.913872718811035,-0.15049059578738955,90,0.0,round_robin,chesca_planner_tool
chesca_round_robin_commitment_full_mesh,1927,8,6,0,0,0,0.0,0.0,0.0,0.0,0.0,0.0,0.22666666666666668,5.807023051790148,5.807023051790148,0.0,8.913872718811035,-0.1280369150452878,90,1.0,round_robin,chesca_planner_tool
chesca_round_robin_commitment_full_mesh,1928,9,6,0,0,0,0.0,0.0,0.0,0.0,0.0,0.0,0.19999999999999998,4.8724657873667,4.8724657873667,0.0,8.913872718811035,-0.1042789689660587,90,2.0,round_robin,chesca_planner_tool
chesca_round_robin_commitment_full_mesh,1929,10,6,6,0,6,0.0,0.0,0.0,0.12000000000000001,0.0,0.0,0.21,3.5422606098977303,3.879300228113935,0.33703961821620476,8.955463409423828,-0.585319745590468,90,3.0,round_robin,chesca_planner_tool
chesca_round_robin_commitment_full_mesh,1930,11,6,4,0,4,0.0,0.0,0.0,0.08,0.0,0.0,0.22333333333333336,1.3146346461673613,1.513766035043237,0.19913138887587567,8.955463409423828,-0.3746809656483016,90,4.0,round_robin,chesca_planner_tool
chesca_round_robin_commitment_full_mesh,1931,12,6,1,1,0,0.02,0.0,0.02,0.0,0.02,0.02,0.22333333333333336,4.545040689043777,4.479040689043777,-0.06599999999999984,8.955463409423828,0.11757578814061938,90,5.0,round_robin,chesca_planner_tool
chesca_round_robin_commitment_full_mesh,1932,13,6,0,0,0,0.0,0.0,0.0,0.0,0.02,0.02,0.22333333333333336,5.339417067612209,5.339417067612209,0.0,8.955463409423828,0.1334770110970866,90,0.0,round_robin,chesca_planner_tool
chesca_round_robin_commitment_full_mesh,1933,14,6,1,0,1,0.0,0.02,0.0,0.02,0.0,0.0,0.22666666666666668,4.764277269102228,4.802525429745753,0.03824816064352454,8.955463409423828,-0.0067187186722578035,90,1.0,round_robin,chesca_planner_tool
chesca_round_robin_commitment_full_mesh,1934,15,6,0,0,0,0.0,0.0,0.0,0.0,0.0,0.0,0.22666666666666668,6.6983101281499415,6.6983101281499415,0.0,8.955463409423828,0.1680157521629928,90,2.0,round_robin,chesca_planner_tool
chesca_round_robin_commitment_full_mesh,1935,16,6,2,2,0,0.04000000000000001,0.0,0.04000000000000001,0.0,0.04000000000000001,0.020000000000000004,0.20333333333333334,8.670609561579614,8.510609561579614,-0.16000000000000014,8.955463409423828,0.39938549172826165,90,3.0,round_robin,chesca_planner_tool
chesca_round_robin_commitment_full_mesh,1936,17,6,6,5,1,0.12000000000000001,0.0,0.12000000000000001,0.019999999999999962,0.16000000000000003,0.04000000000000001,0.22666666666666668,10.241960001620807,9.789960001620807,-0.45199999999999996,8.955463409423828,0.6425685344613817,90,4.0,round_robin,chesca_planner_tool
chesca_round_robin_commitment_full_mesh,1937,18,6,5,5,0,0.12,0.0,0.12,0.0,0.28,0.06000000000000001,0.23,12.99138783193002,12.567387831930017,-0.42400000000000304,8.932141304016113,1.4529831819623356,90,5.0,round_robin,chesca_planner_tool
chesca_round_robin_commitment_full_mesh,1938,19,6,2,2,0,0.04,0.0,0.04,0.0,0.32,0.06000000000000001,0.23,15.213336166164332,15.067336166164331,-0.1460000000000008,8.932141304016113,1.6783804791421353,90,0.0,round_robin,chesca_planner_tool
chesca_round_robin_commitment_full_mesh,1939,20,6,0,0,0,0.0,0.0,0.0,0.0,0.32,0.06000000000000001,0.23,13.873257357583366,13.873257357583368,1.7763568394002505e-15,8.932141304016113,0.8506540113179352,90,1.0,round_robin,chesca_planner_tool
chesca_round_robin_commitment_full_mesh,1940,21,6,0,0,0,0.0,0.0,0.0,0.0,0.32,0.06000000000000001,0.18999999999999997,12.780318657611014,12.780318657611014,0.0,8.932141304016113,0.900078736111479,90,2.0,round_robin,chesca_planner_tool
chesca_round_robin_commitment_full_mesh,1941,22,6,6,0,6,0.0,0.24000000000000002,0.0,0.24000000000000002,0.08000000000000002,0.02000000000000001,0.21,10.3754424201355,11.2514424201355,0.8760000000000012,8.932141304016113,-0.04920199695770422,90,3.0,round_robin,chesca_planner_tool
chesca_round_robin_commitment_full_mesh,1942,23,6,4,0,4,0.0,0.07999999999999999,0.0,0.08000000000000002,3.122502256758253e-17,1.0408340855860843e-17,0.22333333333333336,9.57394829810454,9.879948298104539,0.30599999999999916,8.932141304016113,-0.2079520416283583,90,4.0,round_robin,chesca_planner_tool
chesca_round_robin_commitment_full_mesh,1943,24,6,0,0,0,0.0,0.0,0.0,0.0,3.122502256758253e-17,1.0408340855860843e-17,0.20666666666666667,9.975817185315636,9.975817185315638,1.7763568394002505e-15,8.932141304016113,0.07647548899084017,90,5.0,round_robin,chesca_planner_tool
chesca_round_robin_commitment_full_mesh,1944,1,6,0,0,0,0.0,0.0,0.0,0.0,3.122502256758253e-17,1.0408340855860843e-17,0.20666666666666667,9.762123401462464,9.762123401462464,0.0,8.932141304016113,-0.00198394429247635,90,0.0,round_robin,chesca_planner_tool
chesca_round_robin_commitment_full_mesh,1945,2,6,4,0,4,0.0,2.42861286636753e-17,0.0,0.08000000000000002,6.938893903907228e-18,6.938893903907228e-18,0.21333333333333335,8.66306542140906,8.969065421409061,0.30600000000000094,8.932141304016113,-0.2158801506267859,90,1.0,round_robin,chesca_planner_tool
chesca_round_robin_commitment_full_mesh,1946,3,6,2,0,2,0.0,0.0,0.0,0.04000000000000001,6.938893903907228e-18,6.938893903907228e-18,0.21333333333333335,7.677084032372829,7.8230840323728295,0.1460000000000008,8.872978210449219,-0.27321095165831993,90,2.0,round_robin,chesca_planner_tool
chesca_round_robin_commitment_full_mesh,1947,4,6,2,0,2,0.0,0.0,0.0,0.04000000000000001,6.938893903907228e-18,6.938893903907228e-18,0.20333333333333334,6.630201316688437,6.776201316688438,0.1460000000000008,8.872978210449219,-0.27007149697402516,90,3.0,round_robin,chesca_planner_tool
chesca_round_robin_commitment_full_mesh,1948,5,6,5,0,5,0.0,6.938893903907228e-18,0.0,0.10000000000000002,0.0,0.0,0.19666666666666666,5.86820865185725,6.22620865185725,0.35799999999999965,8.872978210449219,-0.2150829435271937,90,4.0,round_robin,chesca_planner_tool
chesca_round_robin_commitment_full_mesh,1949,6,6,5,0,5,0.0,0.0,0.0,0.14,0.0,0.0,0.21666666666666667,6.391709052779865,6.878548371402107,0.48683931862224217,8.872978210449219,-0.1020151553138865,90,5.0,round_robin,chesca_planner_tool
chesca_round_robin_commitment_full_mesh,1950,7,6,5,0,5,0.0,0.0,0.0,0.10000000000000002,0.0,0.0,0.23333333333333336,5.647822121887475,5.96905094884379,0.3212288269563155,8.932141304016113,-0.4401575978430123,90,0.0,round_robin,chesca_planner_tool
chesca_round_robin_commitment_full_mesh,1951,8,6,0,0,0,0.0,0.0,0.0,0.0,0.0,0.0,0.23333333333333336,5.22752978623024,5.227529786230239,-8.881784197001252e-16,8.872978210449219,-0.09367861430245636,90,1.0,round_robin,chesca_planner_tool
chesca_round_robin_commitment_full_mesh,1952,9,6,0,0,0,0.0,0.0,0.0,0.0,0.0,0.0,0.23333333333333336,3.14563869621142,3.14563869621142,0.0,8.872978210449219,-0.38698604527086083,90,2.0,round_robin,chesca_planner_tool
chesca_round_robin_commitment_full_mesh,1953,10,6,0,0,0,0.0,0.0,0.0,0.0,0.0,0.0,0.21333333333333335,4.0216887207410705,4.021688720741071,8.881784197001252e-16,8.872978210449219,-0.07069864855566257,90,3.0,round_robin,chesca_planner_tool
chesca_round_robin_commitment_full_mesh,1954,11,6,0,0,0,0.0,0.0,0.0,0.0,0.0,0.0,0.19999999999999998,4.398636560752278,4.398636560752279,8.881784197001252e-16,8.872978210449219,-0.02828549543504956,90,4.0,round_robin,chesca_planner_tool
chesca_round_robin_commitment_full_mesh,1955,12,6,5,0,5,0.0,0.0,0.0,0.12000000000000001,0.0,0.0,0.21666666666666667,3.765404277095718,4.140678116204387,0.37527383910866874,8.872978210449219,-0.350968043897261,90,5.0,round_robin,chesca_planner_tool
chesca_round_robin_commitment_full_mesh,1956,13,6,1,1,0,0.02,0.0,0.02,0.0,0.02,0.02,0.22,4.8953407388801615,4.829340738880162,-0.06599999999999984,8.872978210449219,0.10170864672160751,90,0.0,round_robin,chesca_planner_tool
chesca_round_robin_commitment_full_mesh,1957,14,6,0,0,0,0.0,0.0,0.0,0.0,0.02,0.02,0.21666666666666667,6.068969626212991,6.068969626212991,0.0,8.872978210449219,0.03914973070473515,90,1.0,round_robin,chesca_planner_tool
chesca_round_robin_commitment_full_mesh,1958,15,6,0,0,0,0.0,0.0,0.0,0.0,0.02,0.02,0.21666666666666667,7.288299019990328,7.288299019990327,-8.881784197001252e-16,8.872978210449219,0.11511824517197229,90,2.0,round_robin,chesca_planner_tool
chesca_round_robin_commitment_full_mesh,1959,16,6,0,0,0,0.0,0.0,0.0,0.0,0.02,0.02,0.21,8.921588066307056,8.921588066307056,0.0,8.872978210449219,0.12404665335124142,90,3.0,round_robin,chesca_planner_tool
chesca_round_robin_commitment_full_mesh,1960,17,6,6,6,0,0.15999999999999998,0.0,0.15999999999999998,0.0,0.18,0.04000000000000001,0.21333333333333335,11.8307066051835,11.232706605183498,-0.5980000000000025,8.872978210449219,0.8407249691445556,90,4.0,round_robin,chesca_planner_tool
chesca_round_robin_commitment_full_mesh,1961,18,6,6,6,0,0.14,0.0,0.14,0.0,0.31999999999999995,0.06000000000000001,0.21666666666666667,14.727514629537097,14.209514629537098,-0.5179999999999989,8.872978210449219,1.4618862136007897,90,5.0,round_robin,chesca_planner_tool
chesca_round_robin_commitment_full_mesh,1962,19,6,4,4,0,0.08,0.0,0.08,0.0,0.4,0.08000000000000002,0.22333333333333336,16.534251328907708,16.24225132890771,-0.29199999999999804,8.872978210449219,1.897925257238485,90,0.0,round_robin,chesca_planner_tool
chesca_round_robin_commitment_full_mesh,1963,20,6,0,0,0,0.0,0.0,0.0,0.0,0.4,0.08000000000000002,0.22333333333333336,13.621656813621522,13.62165681362152,-1.7763568394002505e-15,8.872978210449219,0.5141934869987539,90,1.0,round_robin,chesca_planner_tool
chesca_round_robin_commitment_full_mesh,1964,21,6,0,0,0,0.0,0.0,0.0,0.0,0.4,0.08000000000000002,0.22333333333333336,12.050403800010681,12.050403800010681,0.0,8.872978210449219,0.6641337643819545,90,2.0,round_robin,chesca_planner_tool
chesca_round_robin_commitment_full_mesh,1965,22,6,6,0,6,0.0,0.24000000000000002,0.0,0.24000000000000002,0.16,0.040000000000000015,0.22333333333333336,9.18257614446174,10.058576144461739,0.8759999999999994,8.872978210449219,-0.06325741534927974,90,3.0,round_robin,chesca_planner_tool
chesca_round_robin_commitment_full_mesh,1966,23,6,0,0,0,0.0,0.0,0.0,0.0,0.16,0.040000000000000015,0.21,9.165704717001736,9.165704717001736,0.0,8.872978210449219,0.04830616261385933,90,4.0,round_robin,chesca_planner_tool
chesca_round_robin_commitment_full_mesh,1967,24,6,0,0,0,0.0,0.0,0.0,0.0,0.16,0.040000000000000015,0.21,9.925937805685251,9.925937805685251,0.0,8.872978210449219,0.30672746580715843,90,5.0,round_robin,chesca_planner_tool
chesca_round_robin_commitment_full_mesh,1968,1,6,6,0,6,0.0,0.15999999999999998,0.0,0.16000000000000003,2.0816681711721685e-17,6.938893903907228e-18,0.2366666666666667,8.814724409008802,9.412724409008803,0.5980000000000008,8.872978210449219,-0.048401341546588386,90,0.0,round_robin,chesca_planner_tool
chesca_round_robin_commitment_full_mesh,1969,2,6,0,0,0,0.0,0.0,0.0,0.0,2.0816681711721685e-17,6.938893903907228e-18,0.22333333333333336,6.872478009450324,6.872478009450324,0.0,8.872978210449219,-0.26729640940888094,90,1.0,round_robin,chesca_planner_tool
chesca_round_robin_commitment_full_mesh,1970,3,6,0,0,0,0.0,0.0,0.0,0.0,2.0816681711721685e-17,6.938893903907228e-18,0.21666666666666667,7.168247461358833,7.168247461358833,0.0,8.872978210449219,-0.05623834351488838,90,2.0,round_robin,chesca_planner_tool
chesca_round_robin_commitment_full_mesh,1971,4,6,2,0,2,0.0,6.938893903907228e-18,0.0,0.06000000000000001,1.3877787807814457e-17,6.938893903907228e-18,0.22,6.545477919524007,6.771477919524007,0.22599999999999998,8.872978210449219,-0.10950219815713584,90,3.0,round_robin,chesca_planner_tool
chesca_round_robin_commitment_full_mesh,1972,5,6,2,0,2,0.0,0.0,0.0,0.04000000000000001,1.3877787807814457e-17,6.938893903907228e-18,0.21,5.521107029798096,5.667107029798096,0.1459999999999999,8.872978210449219,-0.19221795504985434,90,4.0,round_robin,chesca_planner_tool
chesca_round_robin_commitment_full_mesh,1973,6,6,0,0,0,0.0,0.0,0.0,0.0,1.3877787807814457e-17,6.938893903907228e-18,0.18666666666666668,6.73067221257371,6.730672212573712,1.7763568394002505e-15,8.872978210449219,0.0020632572016132944,90,5.0,round_robin,chesca_planner_tool
chesca_round_robin_commitment_full_mesh,1974,7,6,0,0,0,0.0,0.0,0.0,0.0,1.3877787807814457e-17,6.938893903907228e-18,0.17,5.6742236591264,5.6742236591264,0.0,8.846088409423828,-0.06634749926998708,90,0.0,round_robin,chesca_planner_tool
chesca_round_robin_commitment_full_mesh,1975,8,6,6,0,6,0.0,1.3877787807814457e-17,0.0,0.15999999999999998,0.0,0.0,0.19666666666666668,5.342841799895439,5.842103737596496,0.499261937701057,8.846088409423828,-0.10295442333277813,90,1.0,round_robin,chesca_planner_tool
chesca_round_robin_commitment_full_mesh,1976,9,6,4,0,4,0.0,0.0,0.0,0.1,0.0,0.0,0.21333333333333335,4.12833827832258,4.3701153796327885,0.24177710131020813,8.846088409423828,-0.20122935472279543,90,2.0,round_robin,chesca_planner_tool
chesca_round_robin_commitment_full_mesh,1977,10,6,1,0,1,0.0,0.0,0.0,0.02,0.0,0.0,0.21666666666666667,2.219358671893235,2.252642401588437,0.03328372969520199,8.846088409423828,-0.20009781634947874,90,3.0,round_robin,chesca_planner_tool
chesca_round_robin_commitment_full_mesh,1978,11,6,0,0,0,0.0,0.0,0.0,0.0,0.0,0.0,0.21666666666666667,1.7156693079242904,1.7156693079242906,2.220446049250313e-16,8.846088409423828,0.04372452400826195,90,4.0,round_robin,chesca_planner_tool
chesca_round_robin_commitment_full_mesh,1979,12,6,1,1,0,0.020000000000000004,0.0,0.020000000000000004,0.0,0.020000000000000004,0.020000000000000004,0.19999999999999998,4.765188921187434,4.699188921187434,-0.06599999999999984,8.846088409423828,0.22041663832113342,90,5.0,round_robin,chesca_planner_tool
chesca_round_robin_commitment_full_mesh,1980,13,6,4,4,0,0.1,0.0,0.1,0.0,0.12000000000000001,0.04,0.21333333333333335,5.6039608566879275,5.231960856687928,-0.3719999999999999,8.846088409423828,0.16980732928623293,90,0.0,round_robin,chesca_planner_tool
chesca_round_robin_commitment_full_mesh,1981,14,6,0,0,0,0.0,0.0,0.0,0.0,0.12000000000000001,0.04,0.21333333333333335,7.0132477332011165,7.0132477332011165,0.0,8.846088409423828,0.1753802785551682,90,1.0,round_robin,chesca_planner_tool
chesca_round_robin_commitment_full_mesh,1982,15,6,0,0,0,0.0,0.0,0.0,0.0,0.12000000000000001,0.04,0.21333333333333335,8.20303329371621,8.20303329371621,0.0,8.846088409423828,0.07781584229363613,90,2.0,round_robin,chesca_planner_tool
chesca_round_robin_commitment_full_mesh,1983,16,6,1,0,1,0.0,0.02,0.0,0.04000000000000001,0.1,0.04,0.22,9.184718127000226,9.184718127000226,0.0,8.846088409423828,0.14278829081203143,90,3.0,round_robin,chesca_planner_tool
chesca_round_robin_commitment_full_mesh,1984,17,6,2,2,0,0.03999999999999998,0.0,0.03999999999999998,0.0,0.13999999999999999,0.04,0.19999999999999998,11.2592621564254,11.113262156425401,-0.14599999999999902,8.846088409423828,0.7302940790257906,90,4.0,round_robin,chesca_planner_tool
chesca_round_robin_commitment_full_mesh,1985,18,6,4,4,0,0.1,0.0,0.1,0.0,0.24,0.06000000000000001,0.19333333333333333,13.42842544825104,13.05642544825104,-0.3719999999999999,8.872978210449219,1.1225106170600971,90,5.0,round_robin,chesca_planner_tool
chesca_round_robin_commitment_full_mesh,1986,19,6,5,5,0,0.14,0.0,0.14,0.0,0.38,0.08,0.20333333333333334,15.304727661767988,14.800727661767986,-0.5040000000000013,8.932141304016113,1.4671590840506687,90,0.0,round_robin,chesca_planner_tool
chesca_round_robin_commitment_full_mesh,1987,20,6,0,0,0,0.0,0.0,0.0,0.0,0.38,0.08,0.20333333333333334,13.862593186822153,13.862593186822153,0.0,9.025019645690918,1.0367611582458756,90,1.0,round_robin,chesca_planner_tool
chesca_round_robin_commitment_full_mesh,1988,21,6,0,0,0,0.0,0.0,0.0,0.0,0.38,0.08,0.20333333333333334,11.258995925873306,11.258995925873304,-1.7763568394002505e-15,9.025019645690918,0.31779887007618546,90,2.0,round_robin,chesca_planner_tool
chesca_round_robin_commitment_full_mesh,1989,22,6,0,0,0,0.0,0.0,0.0,0.0,0.38,0.08,0.16333333333333336,10.229645835800827,10.229645835800827,0.0,9.025019645690918,0.16420655732928569,90,3.0,round_robin,chesca_planner_tool
chesca_round_robin_commitment_full_mesh,1990,23,6,6,0,6,0.0,0.24000000000000005,0.0,0.24000000000000005,0.13999999999999996,0.04,0.20333333333333334,9.524565047550498,10.400565047550499,0.8760000000000012,9.073205947875977,-0.013481644257660873,90,4.0,round_robin,chesca_planner_tool
chesca_round_robin_commitment_full_mesh,1991,24,6,5,0,5,0.0,0.13999999999999996,0.0,0.14,6.938893903907228e-18,6.938893903907228e-18,0.22666666666666668,9.786398207961946,10.304398207961947,0.5180000000000007,9.112309455871582,-0.0318863914647705,90,5.0,round_robin,chesca_planner_tool
chesca_round_robin_commitment_full_mesh,1992,1,6,1,0,1,0.0,0.0,0.0,0.020000000000000004,6.938893903907228e-18,6.938893903907228e-18,0.20333333333333334,8.954071460274912,9.034071460274912,0.08000000000000007,9.171370506286621,-0.29716082646933556,90,0.0,round_robin,chesca_planner_tool
chesca_round_robin_commitment_full_mesh,1993,2,6,3,0,3,0.0,0.0,0.0,0.10000000000000002,6.938893903907228e-18,6.938893903907228e-18,0.22,8.365557615552579,8.75155761555258,0.386000000000001,9.171370506286621,-0.22695227515144809,90,1.0,round_robin,chesca_planner_tool
chesca_round_robin_commitment_full_mesh,1994,3,6,0,0,0,0.0,0.0,0.0,0.0,6.938893903907228e-18,6.938893903907228e-18,0.22,7.44771066825185,7.44771066825185,0.0,9.171370506286621,-0.32680305372944163,90,2.0,round_robin,chesca_planner_tool
chesca_round_robin_commitment_full_mesh,1995,4,6,0,0,0,0.0,0.0,0.0,0.0,6.938893903907228e-18,6.938893903907228e-18,0.21,7.036009732397515,7.036009732397516,8.881784197001252e-16,9.171370506286621,-0.2566882314810077,90,3.0,round_robin,chesca_planner_tool
chesca_round_robin_commitment_full_mesh,1996,5,6,2,0,2,0.0,6.938893903907228e-18,0.0,0.06000000000000001,0.0,0.0,0.21333333333333335,5.641673542029016,5.867673542029016,0.22599999999999998,9.171370506286621,-0.3192419330107449,90,4.0,round_robin,chesca_planner_tool
chesca_round_robin_commitment_full_mesh,1997,6,6,2,0,2,0.0,0.0,0.0,0.04000000000000001,0.0,0.0,0.22,5.564746913263651,5.696288555249083,0.13154164198543228,9.171370506286621,-0.21351040499677976,90,5.0,round_robin,chesca_planner_tool
chesca_round_robin_commitment_full_mesh,1998,7,6,0,0,0,0.0,0.0,0.0,0.0,0.0,0.0,0.22,4.729780336019109,4.729780336019109,0.0,9.171370506286621,-0.20054638557486787,90,0.0,round_robin,chesca_planner_tool
chesca_round_robin_commitment_full_mesh,1999,8,6,0,0,0,0.0,0.0,0.0,0.0,0.0,0.0,0.19333333333333336,3.6719276488910038,3.6719276488910038,0.0,9.171370506286621,-0.16263375067893737,90,1.0,round_robin,chesca_planner_tool
chesca_round_robin_commitment_full_mesh,2000,9,6,6,0,6,0.0,0.0,0.0,0.12000000000000001,0.0,0.0,0.19666666666666668,2.3377313329582883,2.62331481563801,0.2855834826797219,9.171370506286621,-0.1280887557898556,90,2.0,round_robin,chesca_planner_tool
chesca_round_robin_commitment_full_mesh,2001,10,6,0,0,0,0.0,0.0,0.0,0.0,0.0,0.0,0.19333333333333336,3.2859502980153454,3.2859502980153454,0.0,9.171370506286621,0.04837910336582701,90,3.0,round_robin,chesca_planner_tool
chesca_round_robin_commitment_full_mesh,2002,11,6,5,5,0,0.14,0.0,0.14,0.0,0.14,0.04,0.21666666666666667,2.707935594680226,2.217935594680226,-0.48999999999999977,9.171370506286621,0.10673907436724121,90,4.0,round_robin,chesca_planner_tool
chesca_round_robin_commitment_full_mesh,2003,12,6,0,0,0,0.0,0.0,0.0,0.0,0.14,0.04,0.21333333333333335,4.625190162788119,4.625190162788119,0.0,9.171370506286621,0.08373347810613857,90,5.0,round_robin,chesca_planner_tool
chesca_round_robin_commitment_full_mesh,2004,13,6,0,0,0,0.0,0.0,0.0,0.0,0.14,0.04,0.19666666666666666,3.8803074775166015,3.8803074775166015,0.0,9.171370506286621,0.04484236345944613,90,0.0,round_robin,chesca_planner_tool
chesca_round_robin_commitment_full_mesh,2005,14,6,1,1,0,0.04000000000000001,0.0,0.04000000000000001,0.0,0.18000000000000002,0.04000000000000001,0.20333333333333334,5.9588197897968325,5.798819789796833,-0.15999999999999925,9.171370506286621,0.21540071506648423,90,1.0,round_robin,chesca_planner_tool
chesca_round_robin_commitment_full_mesh,2006,15,6,0,0,0,0.0,0.0,0.0,0.0,0.18000000000000002,0.04000000000000001,0.20333333333333334,7.4453775214654305,7.445377521465431,8.881784197001252e-16,9.171370506286621,0.22192995848253386,90,2.0,round_robin,chesca_planner_tool
chesca_round_robin_commitment_full_mesh,2007,16,6,0,0,0,0.0,0.0,0.0,0.0,0.18000000000000002,0.04000000000000001,0.19666666666666666,8.170515848614382,8.170515848614382,0.0,9.171370506286621,0.4618969904527557,90,3.0,round_robin,chesca_planner_tool
chesca_round_robin_commitment_full_mesh,2008,17,6,2,2,0,0.06000000000000001,0.0,0.06000000000000001,0.0,0.24000000000000005,0.06000000000000001,0.19999999999999998,10.292207066467391,10.08020706646739,-0.21200000000000152,9.112309455871582,0.8068937691102651,90,4.0,round_robin,chesca_planner_tool
chesca_round_robin_commitment_full_mesh,2009,18,6,1,1,0,0.020000000000000004,0.0,0.020000000000000004,0.0,0.26,0.06000000000000001,0.18666666666666668,11.885283742432023,11.805283742432023,-0.08000000000000007,9.112309455871582,0.9928942833040703,90,5.0,round_robin,chesca_planner_tool
chesca_round_robin_commitment_full_mesh,2010,19,6,0,0,0,0.0,0.0,0.0,0.0,0.26,0.06000000000000001,0.16333333333333336,12.630397790935005,12.630397790935005,0.0,9.112309455871582,0.8645664463077567,90,0.0,round_robin,chesca_planner_tool
chesca_round_robin_commitment_full_mesh,2011,20,6,0,0,0,0.0,0.0,0.0,0.0,0.26,0.06000000000000001,0.16333333333333336,12.036563829183578,12.036563829183578,0.0,9.112309455871582,0.7019074157286299,90,1.0,round_robin,chesca_planner_tool
chesca_round_robin_commitment_full_mesh,2012,21,6,0,0,0,0.0,0.0,0.0,0.0,0.26,0.06000000000000001,0.16333333333333336,11.280032017230987,11.280032017230987,0.0,9.112309455871582,0.4720321836856662,90,2.0,round_robin,chesca_planner_tool
chesca_round_robin_commitment_full_mesh,2013,22,6,0,0,0,0.0,0.0,0.0,0.0,0.26,0.06000000000000001,0.16333333333333336,10.434897974131873,10.434897974131875,1.7763568394002505e-15,9.112309455871582,0.18643782558665944,90,3.0,round_robin,chesca_planner_tool
chesca_round_robin_commitment_full_mesh,2014,23,6,6,0,6,0.0,0.24000000000000005,0.0,0.24000000000000005,0.02000000000000001,0.020000000000000004,0.16333333333333336,9.353256936467488,10.229256936467488,0.8759999999999994,9.112309455871582,0.023708938287577447,90,4.0,round_robin,chesca_planner_tool
chesca_round_robin_commitment_full_mesh,2015,24,6,6,0,6,0.0,0.02000000000000001,0.0,0.24000000000000002,0.0,0.0,0.18000000000000002,8.936156488436461,9.812156488436461,0.8759999999999994,9.171370506286621,-0.17824310208191013,90,5.0,round_robin,chesca_planner_tool
chesca_round_robin_commitment_full_mesh,2016,1,6,6,0,6,0.0,0.0,0.0,0.18000000000000002,0.0,0.0,0.2066666666666667,9.493099054354428,10.143099054354428,0.6500000000000004,9.171370506286621,-0.21489232273051656,90,0.0,round_robin,chesca_planner_tool
chesca_round_robin_commitment_full_mesh,2017,2,6,3,0,3,0.0,0.0,0.0,0.08000000000000002,0.0,0.0,0.20333333333333337,8.161960956602838,8.439960956602839,0.27800000000000047,9.203230857849121,-0.3192694060818041,90,1.0,round_robin,chesca_planner_tool
chesca_round_robin_commitment_full_mesh,2018,3,6,3,0,3,0.0,0.0,0.0,0.1,0.0,0.0,0.22,6.771116031450246,7.157116031450247,0.386000000000001,9.203230857849121,-0.3134329551749694,90,2.0,round_robin,chesca_planner_tool
chesca_round_robin_commitment_full_mesh,2019,4,6,0,0,0,0.0,0.0,0.0,0.0,0.0,0.0,0.22,6.554921243418696,6.554921243418695,-8.881784197001252e-16,9.203230857849121,-0.2579513863819886,90,3.0,round_robin,chesca_planner_tool
chesca_round_robin_commitment_full_mesh,2020,5,6,0,0,0,0.0,0.0,0.0,0.0,0.0,0.0,0.21,5.569568524153647,5.569568524153647,0.0,9.203230857849121,-0.2936723009028569,90,4.0,round_robin,chesca_planner_tool
chesca_round_robin_commitment_full_mesh,2021,6,6,2,0,2,0.0,0.0,0.0,0.06,0.0,0.0,0.21333333333333335,5.881637886792904,6.1076378867929035,0.22599999999999998,9.203230857849121,-0.10628504208992606,90,5.0,round_robin,chesca_planner_tool
chesca_round_robin_commitment_full_mesh,2022,7,6,0,0,0,0.0,0.0,0.0,0.0,0.0,0.0,0.21333333333333335,5.4114426450264475,5.4114426450264475,0.0,9.203230857849121,-0.07287928361925022,90,0.0,round_robin,chesca_planner_tool
chesca_round_robin_commitment_full_mesh,2023,8,6,1,0,1,0.0,0.0,0.0,0.020000000000000004,0.0,0.0,0.21666666666666667,4.275782065555849,4.333627388354996,0.05784532279914689,9.203230857849121,-0.093206170389861,90,1.0,round_robin,chesca_planner_tool
chesca_round_robin_commitment_full_mesh,2024,9,6,1,0,1,0.0,0.0,0.0,0.02,0.0,0.0,0.20000000000000004,1.682265673989062,1.7278999059899327,0.04563423200087069,9.203230857849121,-0.2681399278683451,90,2.0,round_robin,chesca_planner_tool
chesca_round_robin_commitment_full_mesh,2025,10,6,6,0,6,0.0,0.0,0.0,0.12000000000000001,0.0,0.0,0.22,2.537132431118055,2.7821287532214254,0.2449963221033702,9.203230857849121,-0.4984807250323641,90,3.0,round_robin,chesca_planner_tool
chesca_round_robin_commitment_full_mesh,2026,11,6,0,0,0,0.0,0.0,0.0,0.0,0.0,0.0,0.19666666666666668,2.1092376415465983,2.1092376415465983,0.0,9.203230857849121,-0.10155856636998148,90,4.0,round_robin,chesca_planner_tool
chesca_round_robin_commitment_full_mesh,2027,12,6,5,5,0,0.14,0.0,0.14,0.0,0.14,0.04,0.22,4.130760055144034,3.6407600551440336,-0.4900000000000002,9.203230857849121,0.15177651360725145,90,5.0,round_robin,chesca_planner_tool
chesca_round_robin_commitment_full_mesh,2028,13,6,0,0,0,0.0,0.0,0.0,0.0,0.14,0.04,0.22,5.112701128821442,5.112701128821443,8.881784197001252e-16,9.203230857849121,0.26327464290811303,90,0.0,round_robin,chesca_planner_tool
chesca_round_robin_commitment_full_mesh,2029,14,6,0,0,0,0.0,0.0,0.0,0.0,0.14,0.04,0.21333333333333335,6.0508042811865845,6.050804281186585,8.881784197001252e-16,9.203230857849121,0.10634840572421968,90,1.0,round_robin,chesca_planner_tool
chesca_round_robin_commitment_full_mesh,2030,15,6,1,1,0,0.04000000000000001,0.0,0.04000000000000001,0.0,0.18000000000000002,0.04000000000000001,0.22,7.6604046961421925,7.500404696142192,-0.16000000000000014,9.203230857849121,0.11588610768655373,90,2.0,round_robin,chesca_planner_tool
chesca_round_robin_commitment_full_mesh,2031,16,6,0,0,0,0.0,0.0,0.0,0.0,0.18000000000000002,0.04000000000000001,0.22,8.832308304984505,8.832308304984505,0.0,9.203230857849121,0.46969312699029453,90,3.0,round_robin,chesca_planner_tool
chesca_round_robin_commitment_full_mesh,2032,17,6,3,3,0,0.06,0.0,0.06,0.0,0.24000000000000002,0.04000000000000001,0.22,12.70367130436352,12.47767130436352,-0.2259999999999991,9.220641136169434,1.3059745102258815,90,4.0,round_robin,chesca_planner_tool
chesca_round_robin_commitment_full_mesh,2033,18,6,3,3,0,0.06,0.0,0.06,0.0,0.3,0.06000000000000001,0.22666666666666668,13.034253981508979,12.808253981508978,-0.22600000000000087,9.335113525390625,1.4028553739747434,90,5.0,round_robin,chesca_planner_tool
chesca_round_robin_commitment_full_mesh,2034,19,6,1,1,0,0.02,0.0,0.02,0.0,0.32,0.06000000000000001,0.23,15.113124136352676,15.033124136352674,-0.08000000000000185,9.521687507629395,1.528048869116934,90,0.0,round_robin,chesca_planner_tool
chesca_round_robin_commitment_full_mesh,2035,20,6,0,0,0,0.0,0.0,0.0,0.0,0.32,0.06000000000000001,0.23,13.015921535491941,13.015921535491941,0.0,9.63040828704834,0.7192494153101324,90,1.0,round_robin,chesca_planner_tool
chesca_round_robin_commitment_full_mesh,2036,21,6,0,0,0,0.0,0.0,0.0,0.0,0.32,0.06000000000000001,0.23,11.458120074272156,11.458120074272156,0.0,9.63040828704834,0.2434335185237119,90,2.0,round_robin,chesca_planner_tool
chesca_round_robin_commitment_full_mesh,2037,22,6,6,0,6,0.0,0.24000000000000002,0.0,0.24000000000000002,0.08000000000000002,0.02000000000000001,0.27,9.306631633611257,10.182631633611257,0.8759999999999994,9.63040828704834,-0.4132641033365509,90,3.0,round_robin,chesca_planner_tool
chesca_round_robin_commitment_full_mesh,2038,23,6,0,0,0,0.0,0.0,0.0,0.0,0.08000000000000002,0.02000000000000001,0.23,8.971304758463383,8.971304758463383,0.0,9.63040828704834,-0.02160311036376458,90,4.0,round_robin,chesca_planner_tool
chesca_round_robin_commitment_full_mesh,2039,24,6,4,0,4,0.0,0.08,0.0,0.08000000000000002,1.3877787807814457e-17,6.938893903907228e-18,0.20333333333333337,9.286777233932131,9.592777233932132,0.30600000000000094,9.63040828704834,-0.03977880266511218,90,5.0,round_robin,chesca_planner_tool
chesca_round_robin_commitment_full_mesh,2040,1,6,3,0,3,0.0,0.0,0.0,0.1,1.3877787807814457e-17,6.938893903907228e-18,0.19000000000000003,9.421878672071468,9.751878672071467,0.3299999999999983,9.691753387451172,-0.10167986692955076,90,0.0,round_robin,chesca_planner_tool
chesca_round_robin_commitment_full_mesh,2041,2,6,6,0,6,0.0,1.3877787807814457e-17,0.0,0.18000000000000002,0.0,0.0,0.2066666666666667,8.704899970453681,9.354899970453681,0.6500000000000004,9.691753387451172,-0.14649506497668913,90,1.0,round_robin,chesca_planner_tool
chesca_round_robin_commitment_full_mesh,2042,3,6,3,0,3,0.0,0.0,0.0,0.08000000000000002,0.0,0.0,0.20333333333333337,6.188217677505852,6.466217677505853,0.27800000000000047,9.691753387451172,-0.3474232784092614,90,2.0,round_robin,chesca_planner_tool
chesca_round_robin_commitment_full_mesh,2043,4,6,3,0,3,0.0,0.0,0.0,0.10000000000000002,0.0,0.0,0.22,5.918341514363788,6.304341514363787,0.38599999999999923,9.691753387451172,-0.15633445513965627,90,3.0,round_robin,chesca_planner_tool
chesca_round_robin_commitment_full_mesh,2044,5,6,0,0,0,0.0,0.0,0.0,0.0,0.0,0.0,0.22,5.73524190883353,5.7352419088335305,8.881784197001252e-16,9.691753387451172,-0.1548938008738866,90,4.0,round_robin,chesca_planner_tool
chesca_round_robin_commitment_full_mesh,2045,6,6,0,0,0,0.0,0.0,0.0,0.0,0.0,0.0,0.21,5.720220165590999,5.720220165590999,0.0,9.691753387451172,-0.045631376680064145,90,5.0,round_robin,chesca_planner_tool
chesca_round_robin_commitment_full_mesh,2046,7,6,0,0,0,0.0,0.0,0.0,0.0,0.0,0.0,0.21,5.364325814280314,5.364325814280314,0.0,9.691753387451172,0.05997462222330053,90,0.0,round_robin,chesca_planner_tool
chesca_round_robin_commitment_full_mesh,2047,8,6,2,2,0,0.06,0.0,0.06,0.0,0.06,0.04,0.21666666666666667,5.405032410079574,5.179032410079575,-0.2259999999999991,9.638169288635254,0.09680579005734849,90,1.0,round_robin,chesca_planner_tool
chesca_round_robin_commitment_full_mesh,2048,9,6,0,0,0,0.0,0.0,0.0,0.0,0.06,0.04,0.21333333333333335,4.017987630828558,4.017987630828557,-8.881784197001252e-16,9.613237380981445,0.04535049633750299,90,2.0,round_robin,chesca_planner_tool
chesca_round_robin_commitment_full_mesh,2049,10,6,2,0,2,0.0,0.06,0.0,0.060000000000000005,0.0,0.0,0.20333333333333337,5.184152910078341,5.290859344571022,0.10670643449268091,9.613237380981445,-0.09049075071616174,90,3.0,round_robin,chesca_planner_tool
chesca_round_robin_commitment_full_mesh,2050,11,6,5,5,0,0.1,0.0,0.1,0.0,0.1,0.020000000000000004,0.22,3.8143211248520954,3.456321124852095,-0.35800000000000054,9.613237380981445,0.08890040641295496,90,4.0,round_robin,chesca_planner_tool
chesca_round_robin_commitment_full_mesh,2051,12,6,0,0,0,0.0,0.0,0.0,0.0,0.1,0.020000000000000004,0.19666666666666668,3.9901689700185283,3.990168970018529,8.881784197001252e-16,9.613237380981445,0.2014090108923478,90,5.0,round_robin,chesca_planner_tool
chesca_round_robin_commitment_full_mesh,2052,13,6,1,1,0,0.020000000000000004,0.0,0.020000000000000004,0.0,0.12000000000000002,0.020000000000000004,0.20000000000000004,5.2625766848820135,5.182576684882014,-0.07999999999999918,9.613237380981445,0.3129826712129261,90,0.0,round_robin,chesca_planner_tool
chesca_round_robin_commitment_full_mesh,2053,14,6,0,0,0,0.0,0.0,0.0,0.0,0.12000000000000002,0.020000000000000004,0.20000000000000004,6.920912066700483,6.920912066700483,0.0,9.613237380981445,0.33436716107084286,90,1.0,round_robin,chesca_planner_tool
chesca_round_robin_commitment_full_mesh,2054,15,6,6,0,6,0.0,0.12000000000000001,0.0,0.12000000000000001,6.938893903907228e-18,3.469446951953614e-18,0.21333333333333335,7.888880664822006,8.270406796350155,0.3815261315281493,9.638169288635254,-0.024679937739210733,90,2.0,round_robin,chesca_planner_tool
chesca_round_robin_commitment_full_mesh,2055,16,6,5,5,0,0.09999999999999999,0.0,0.09999999999999999,0.0,0.09999999999999999,0.020000000000000004,0.23,8.531177817189871,8.17317781718987,-0.35800000000000054,9.613237380981445,0.44737725585012683,90,3.0,round_robin,chesca_planner_tool
chesca_round_robin_commitment_full_mesh,2056,17,6,4,4,0,0.08,0.0,0.08,0.0,0.18,0.04000000000000001,0.23333333333333336,11.425747952121203,11.133747952121203,-0.2919999999999998,9.491796493530273,1.1553058135010568,90,4.0,round_robin,chesca_planner_tool
chesca_round_robin_commitment_full_mesh,2057,18,6,1,1,0,0.020000000000000004,0.0,0.020000000000000004,0.0,0.19999999999999998,0.04000000000000001,0.22666666666666668,11.840464560928261,11.76046456092826,-0.08000000000000185,9.491796493530273,1.0703272718063994,90,5.0,round_robin,chesca_planner_tool
chesca_round_robin_commitment_full_mesh,2058,19,6,1,1,0,0.02,0.0,0.02,0.0,0.22,0.04000000000000001,0.22666666666666668,12.525335745703742,12.459335745703742,-0.06600000000000072,9.491796493530273,0.855073484156868,90,0.0,round_robin,chesca_planner_tool
chesca_round_robin_commitment_full_mesh,2059,20,6,0,0,0,0.0,0.0,0.0,0.0,0.22,0.04000000000000001,0.22666666666666668,10.768834349155425,10.768834349155426,1.7763568394002505e-15,9.491796493530273,0.3237380627890174,90,1.0,round_robin,chesca_planner_tool
chesca_round_robin_commitment_full_mesh,2060,21,6,0,0,0,0.0,0.0,0.0,0.0,0.22,0.04000000000000001,0.22666666666666668,10.54877192785731,10.548771927857308,-1.7763568394002505e-15,9.491796493530273,0.3998072430027117,90,2.0,round_robin,chesca_planner_tool
chesca_round_robin_commitment_full_mesh,2061,22,6,0,0,0,0.0,0.0,0.0,0.0,0.22,0.04000000000000001,0.18666666666666668,9.56219686799131,9.56219686799131,0.0,9.491796493530273,0.10439654851883191,90,3.0,round_robin,chesca_planner_tool
chesca_round_robin_commitment_full_mesh,2062,23,6,0,0,0,0.0,0.0,0.0,0.0,0.22,0.04000000000000001,0.18666666666666668,10.05127459829949,10.05127459829949,0.0,9.459214210510254,0.2821597540306114,90,4.0,round_robin,chesca_planner_tool
chesca_round_robin_commitment_full_mesh,2063,24,6,6,0,6,0.0,0.22,0.0,0.22000000000000003,0.0,0.0,0.21,9.109156305569408,9.905156305569411,0.7960000000000029,9.577094078063965,-0.059343327190460565,90,5.0,round_robin,chesca_planner_tool
chesca_round_robin_commitment_full_mesh,2064,1,6,0,0,0,0.0,0.0,0.0,0.0,0.0,0.0,0.19333333333333333,8.482698304671047,8.482698304671047,0.0,9.613237380981445,-0.043582345294823424,90,0.0,round_robin,chesca_planner_tool
chesca_round_robin_commitment_full_mesh,2065,2,6,0,0,0,0.0,0.0,0.0,0.0,0.0,0.0,0.16333333333333336,7.9027501525252974,7.902750152525297,-8.881784197001252e-16,9.577094078063965,0.005517786135209438,90,1.0,round_robin,chesca_planner_tool
chesca_round_robin_commitment_full_mesh,2066,3,6,3,0,3,0.0,0.0,0.0,0.12000000000000002,0.0,0.0,0.17000000000000004,6.295292953636947,6.775292953636947,0.47999999999999954,9.459214210510254,-0.08351818636724907,90,2.0,round_robin,chesca_planner_tool
chesca_round_robin_commitment_full_mesh,2067,4,6,0,0,0,0.0,0.0,0.0,0.0,0.0,0.0,0.15333333333333335,6.109782480016235,6.109782480016234,-8.881784197001252e-16,9.459214210510254,0.009642288735223728,90,3.0,round_robin,chesca_planner_tool
chesca_round_robin_commitment_full_mesh,2068,5,6,0,0,0,0.0,0.0,0.0,0.0,0.0,0.0,0.15333333333333335,5.577582119347456,5.577582119347456,0.0,9.459214210510254,0.04149011618828931,90,4.0,round_robin,chesca_planner_tool
chesca_round_robin_commitment_full_mesh,2069,6,6,6,6,0,0.22000000000000003,0.0,0.22000000000000003,0.0,0.22000000000000003,0.04,0.19000000000000003,6.161429915317421,5.365429915317421,-0.7960000000000003,9.459214210510254,0.11328224072705362,90,5.0,round_robin,chesca_planner_tool
chesca_round_robin_commitment_full_mesh,2070,7,6,0,0,0,0.0,0.0,0.0,0.0,0.22000000000000003,0.04,0.19000000000000003,5.577032936620664,5.577032936620665,8.881784197001252e-16,9.459214210510254,0.2306252668798999,90,0.0,round_robin,chesca_planner_tool
chesca_round_robin_commitment_full_mesh,2071,8,6,0,0,0,0.0,0.0,0.0,0.0,0.22000000000000003,0.04,0.18000000000000002,4.976714222103341,4.976714222103341,0.0,9.459214210510254,0.07812817752860145,90,1.0,round_robin,chesca_planner_tool
chesca_round_robin_commitment_full_mesh,2072,9,6,0,0,0,0.0,0.0,0.0,0.0,0.22000000000000003,0.04,0.18000000000000002,3.4235896538657205,3.4235896538657205,0.0,9.307609558105469,0.13918226197920097,90,2.0,round_robin,chesca_planner_tool
chesca_round_robin_commitment_full_mesh,2073,10,6,2,0,2,0.0,0.08,0.0,0.08000000000000002,0.14,0.04,0.18333333333333332,3.060849990002053,3.158567085082439,0.09771709508038606,9.307609558105469,0.04273690008495043,90,3.0,round_robin,chesca_planner_tool
chesca_round_robin_commitment_full_mesh,2074,11,6,2,2,0,0.04,0.0,0.04,0.0,0.18,0.04,0.17333333333333334,4.424711674854233,4.2927116748542336,-0.13199999999999967,9.307609558105469,0.17774331524459563,90,4.0,round_robin,chesca_planner_tool
chesca_round_robin_commitment_full_mesh,2075,12,6,0,0,0,0.0,0.0,0.0,0.0,0.18,0.04,0.17333333333333334,5.151064704991224,5.151064704991225,8.881784197001252e-16,9.307609558105469,0.12877689836389866,90,5.0,round_robin,chesca_planner_tool
chesca_round_robin_commitment_full_mesh,2076,13,6,0,0,0,0.0,0.0,0.0,0.0,0.18,0.04,0.17,5.579692256082188,5.579692256082188,0.0,9.307609558105469,0.313295700019934,90,0.0,round_robin,chesca_planner_tool
chesca_round_robin_commitment_full_mesh,2077,14,6,0,0,0,0.0,0.0,0.0,0.0,0.18,0.04,0.17,5.8725808524857745,5.8725808524857745,0.0,9.307609558105469,0.21137908245937023,90,1.0,round_robin,chesca_planner_tool
chesca_round_robin_commitment_full_mesh,2078,15,6,0,0,0,0.0,0.0,0.0,0.0,0.18,0.04,0.15000000000000002,8.476638358279867,8.476638358279867,0.0,9.307609558105469,0.36514106160762644,90,2.0,round_robin,chesca_planner_tool
chesca_round_robin_commitment_full_mesh,2079,16,6,1,1,0,0.04,0.0,0.04,0.0,0.22,0.06,0.14,9.4303524792117,9.2703524792117,-0.16000000000000014,9.240704536437988,0.6143974990302534,90,3.0,round_robin,chesca_planner_tool
chesca_round_robin_commitment_full_mesh,2080,17,6,4,4,0,0.16000000000000003,0.0,0.16000000000000003,0.0,0.38000000000000006,0.08,0.15333333333333335,12.089114663110577,11.505114663110579,-0.5839999999999979,9.220641136169434,1.2160488907171576,90,4.0,round_robin,chesca_planner_tool
chesca_round_robin_commitment_full_mesh,2081,18,6,1,1,0,0.04000000000000001,0.0,0.04000000000000001,0.0,0.42000000000000004,0.08000000000000002,0.1566666666666667,12.817750098893395,12.685750098893395,-0.13199999999999967,9.220641136169434,1.366487565937936,90,5.0,round_robin,chesca_planner_tool
chesca_round_robin_commitment_full_mesh,2082,19,6,0,0,0,0.0,0.0,0.0,0.0,0.42000000000000004,0.08000000000000002,0.15333333333333335,13.394673307020806,13.394673307020806,0.0,9.220641136169434,1.151612989141272,90,0.0,round_robin,chesca_planner_tool
chesca_round_robin_commitment_full_mesh,2083,20,6,0,0,0,0.0,0.0,0.0,0.0,0.42000000000000004,0.08000000000000002,0.15333333333333335,12.525192589932491,12.525192589932491,0.0,9.220641136169434,0.920823830533137,90,1.0,round_robin,chesca_planner_tool
chesca_round_robin_commitment_full_mesh,2084,21,6,0,0,0,0.0,0.0,0.0,0.0,0.42000000000000004,0.08000000000000002,0.15333333333333335,11.147313007146082,11.14731300714608,-1.7763568394002505e-15,9.220641136169434,0.544861109029568,90,2.0,round_robin,chesca_planner_tool
chesca_round_robin_commitment_full_mesh,2085,22,6,6,0,6,0.0,0.24000000000000005,0.0,0.24000000000000005,0.18000000000000005,0.040000000000000015,0.19333333333333333,9.94230475343236,10.81830475343236,0.8759999999999994,9.220641136169434,-0.04058406892822446,90,3.0,round_robin,chesca_planner_tool
chesca_round_robin_commitment_full_mesh,2086,23,6,6,0,6,0.0,0.18,0.0,0.2,2.7755575615628914e-17,1.3877787807814457e-17,0.22666666666666668,9.89743570730195,10.64143570730195,0.7439999999999998,9.240704536437988,-0.12342721731123756,90,4.0,round_robin,chesca_planner_tool
chesca_round_robin_commitment_full_mesh,2087,24,6,0,0,0,0.0,0.0,0.0,0.0,2.7755575615628914e-17,1.3877787807814457e-17,0.18999999999999997,9.47373111583072,9.47373111583072,0.0,9.240704536437988,-0.04322571835945718,90,5.0,round_robin,chesca_planner_tool
chesca_round_robin_commitment_full_mesh,2088,1,6,6,6,0,0.16000000000000003,0.0,0.16000000000000003,0.0,0.16000000000000003,0.040000000000000015,0.21666666666666667,9.853384099598365,9.269384099598364,-0.5840000000000014,9.240704536437988,0.2353791993332111,90,0.0,round_robin,chesca_planner_tool
chesca_round_robin_commitment_full_mesh,2089,2,6,6,0,6,0.0,0.14,0.0,0.14,0.020000000000000018,0.019999999999999997,0.24000000000000002,8.209816928455007,8.713816928455007,0.5039999999999996,9.220641136169434,-0.02025410436643532,90,1.0,round_robin,chesca_planner_tool
chesca_round_robin_commitment_full_mesh,2090,3,6,1,0,1,0.0,0.019999999999999997,0.0,0.02,2.0816681711721685e-17,6.938893903907228e-18,0.22333333333333336,6.692246267933429,6.77224626793343,0.08000000000000096,9.231677055358887,-0.2350168058203193,90,2.0,round_robin,chesca_planner_tool
chesca_round_robin_commitment_full_mesh,2091,4,6,0,0,0,0.0,0.0,0.0,0.0,2.0816681711721685e-17,6.938893903907228e-18,0.22333333333333336,5.954290686687789,5.954290686687788,-8.881784197001252e-16,9.231677055358887,0.051356546789661436,90,3.0,round_robin,chesca_planner_tool
chesca_round_robin_commitment_full_mesh,2092,5,6,0,0,0,0.0,0.0,0.0,0.0,2.0816681711721685e-17,6.938893903907228e-18,0.22333333333333336,5.542769426470066,5.542769426470066,0.0,9.231677055358887,0.07201659600727395,90,4.0,round_robin,chesca_planner_tool
chesca_round_robin_commitment_full_mesh,2093,6,6,2,2,0,0.04,0.0,0.04,0.0,0.04000000000000002,0.02,0.19333333333333336,6.118832928945901,5.9588329289459,-0.16000000000000103,9.231677055358887,0.1664741987386361,90,5.0,round_robin,chesca_planner_tool
chesca_round_robin_commitment_full_mesh,2094,7,6,4,4,0,0.08,0.0,0.08,0.0,0.12000000000000002,0.020000000000000007,0.20666666666666667,5.487342077493559,5.209342077493558,-0.27800000000000136,9.231677055358887,0.14062713219811906,90,0.0,round_robin,chesca_planner_tool
chesca_round_robin_commitment_full_mesh,2095,8,6,0,0,0,0.0,0.0,0.0,0.0,0.12000000000000002,0.020000000000000007,0.20666666666666667,5.58925711423986,5.589257114239859,-8.881784197001252e-16,9.231677055358887,0.09411917367468396,90,1.0,round_robin,chesca_planner_tool
chesca_round_robin_commitment_full_mesh,2096,9,6,0,0,0,0.0,0.0,0.0,0.0,0.12000000000000002,0.020000000000000007,0.20666666666666667,3.6921866761653632,3.6921866761653632,0.0,9.231677055358887,0.10262540664682569,90,2.0,round_robin,chesca_planner_tool
chesca_round_robin_commitment_full_mesh,2097,10,6,2,0,2,0.0,0.04,0.0,0.04,0.08000000000000002,0.020000000000000007,0.20000000000000004,2.3673296159874133,2.458359379642643,0.09102976365522952,9.231677055358887,0.02691859081114087,90,3.0,round_robin,chesca_planner_tool
chesca_round_robin_commitment_full_mesh,2098,11,6,2,2,0,0.04,0.0,0.04,0.0,0.12000000000000002,0.020000000000000007,0.20000000000000004,1.8883843448113395,1.7283843448113396,-0.15999999999999992,9.231677055358887,0.08186399595083863,90,4.0,round_robin,chesca_planner_tool
chesca_round_robin_commitment_full_mesh,2099,12,6,0,0,0,0.0,0.0,0.0,0.0,0.12000000000000002,0.020000000000000007,0.20000000000000004,3.362947038887204,3.362947038887204,0.0,9.231677055358887,0.2895126201742003,90,5.0,round_robin,chesca_planner_tool
chesca_round_robin_commitment_full_mesh,2100,13,6,0,0,0,0.0,0.0,0.0,0.0,0.12000000000000002,0.020000000000000007,0.20000000000000004,4.545646391569146,4.545646391569146,0.0,9.231677055358887,0.25759871598380146,90,0.0,round_robin,chesca_planner_tool
chesca_round_robin_commitment_full_mesh,2101,14,6,0,0,0,0.0,0.0,0.0,0.0,0.12000000000000002,0.020000000000000007,0.20000000000000004,6.108943552264312,6.108943552264312,0.0,9.231677055358887,0.3109389792815829,90,1.0,round_robin,chesca_planner_tool
chesca_round_robin_commitment_full_mesh,2102,15,6,6,0,6,0.0,0.12000000000000001,0.0,0.16,6.938893903907228e-18,6.938893903907228e-18,0.22666666666666668,6.0330991381617345,6.54037321334498,0.5072740751832452,9.291878700256348,-0.747247707280321,90,2.0,round_robin,chesca_planner_tool
chesca_round_robin_commitment_full_mesh,2103,16,6,2,2,0,0.039999999999999994,0.0,0.039999999999999994,0.0,0.04,0.020000000000000004,0.22666666666666668,8.526479430991344,8.454494101056813,-0.071985329934531,9.291878700256348,0.5525432129466377,90,3.0,round_robin,chesca_planner_tool
chesca_round_robin_commitment_full_mesh,2104,17,6,4,4,0,0.10000000000000002,0.0,0.10000000000000002,0.0,0.14,0.04000000000000001,0.21666666666666667,10.232532165644093,9.846532165644092,-0.386000000000001,9.291878700256348,0.7689609726585791,90,4.0,round_robin,chesca_planner_tool
chesca_round_robin_commitment_full_mesh,2105,18,6,2,2,0,0.08000000000000002,0.0,0.08000000000000002,0.0,0.22000000000000003,0.06000000000000001,0.22333333333333336,10.740586192083445,10.476586192083442,-0.2640000000000029,9.34209156036377,0.7602259197386063,90,5.0,round_robin,chesca_planner_tool
chesca_round_robin_commitment_full_mesh,2106,19,6,0,0,0,0.0,0.0,0.0,0.0,0.22000000000000003,0.06000000000000001,0.22333333333333336,11.189481089390872,11.189481089390872,0.0,9.291878700256348,0.6953592871468423,90,0.0,round_robin,chesca_planner_tool
chesca_round_robin_commitment_full_mesh,2107,20,6,0,0,0,0.0,0.0,0.0,0.0,0.22000000000000003,0.06000000000000001,0.22333333333333336,10.315741345034803,10.315741345034803,0.0,9.291878700256348,0.25226779835845353,90,1.0,round_robin,chesca_planner_tool
chesca_round_robin_commitment_full_mesh,2108,21,6,0,0,0,0.0,0.0,0.0,0.0,0.22000000000000003,0.06000000000000001,0.22333333333333336,10.137407286210939,10.13740728621094,1.7763568394002505e-15,9.291878700256348,0.3171453841264987,90,2.0,round_robin,chesca_planner_tool
chesca_round_robin_commitment_full_mesh,2109,22,6,6,0,6,0.0,0.18,0.0,0.18,0.04000000000000003,0.02000000000000001,0.21333333333333335,9.052016243670124,9.702016243670123,0.6499999999999986,9.291878700256348,-0.1307668797097369,90,3.0,round_robin,chesca_planner_tool
chesca_round_robin_commitment_full_mesh,2110,23,6,2,0,2,0.0,0.04,0.0,0.04000000000000001,2.7755575615628914e-17,1.0408340855860843e-17,0.18666666666666668,8.368317565225318,8.50031756522532,0.13200000000000145,9.231677055358887,-0.05641825587709006,90,4.0,round_robin,chesca_planner_tool
chesca_round_robin_commitment_full_mesh,2111,24,6,0,0,0,0.0,0.0,0.0,0.0,2.7755575615628914e-17,1.0408340855860843e-17,0.18666666666666668,8.524777485434527,8.524777485434527,0.0,9.195718765258789,-0.05062465724684141,90,5.0,round_robin,chesca_planner_tool
chesca_round_robin_commitment_full_mesh,2112,1,6,0,0,0,0.0,0.0,0.0,0.0,2.7755575615628914e-17,1.0408340855860843e-17,0.16000000000000003,9.430170223765892,9.430170223765892,0.0,9.195718765258789,0.011474377064916899,90,0.0,round_robin,chesca_planner_tool
chesca_round_robin_commitment_full_mesh,2113,2,6,6,0,6,0.0,2.7755575615628914e-17,0.0,0.2,0.0,0.0,0.17000000000000004,8.91847847897746,9.66247847897746,0.7439999999999998,9.195718765258789,-0.162984837962217,90,1.0,round_robin,chesca_planner_tool
chesca_round_robin_commitment_full_mesh,2114,3,6,6,0,6,0.0,0.0,0.0,0.2,0.0,0.0,0.19999999999999998,7.090894048235714,7.8348940482357134,0.7439999999999998,9.216617584228516,-0.26233736578597383,90,2.0,round_robin,chesca_planner_tool
chesca_round_robin_commitment_full_mesh,2115,4,6,4,0,4,0.0,0.0,0.0,0.10000000000000002,0.0,0.0,0.21666666666666667,5.841815422160928,6.213815422160929,0.3720000000000008,9.216617584228516,-0.16100651007103145,90,3.0,round_robin,chesca_planner_tool
chesca_round_robin_commitment_full_mesh,2116,5,6,0,0,0,0.0,0.0,0.0,0.0,0.0,0.0,0.21666666666666667,5.596646248091357,5.596646248091357,0.0,9.216617584228516,-0.05804162375371283,90,4.0,round_robin,chesca_planner_tool
chesca_round_robin_commitment_full_mesh,2117,6,6,0,0,0,0.0,0.0,0.0,0.0,0.0,0.0,0.21,5.8188665742050345,5.8188665742050345,0.0,9.216617584228516,0.053247276964895014,90,5.0,round_robin,chesca_planner_tool
chesca_round_robin_commitment_full_mesh,2118,7,6,0,0,0,0.0,0.0,0.0,0.0,0.0,0.0,0.19666666666666668,5.056925801772705,5.056925801772705,0.0,9.195718765258789,0.04643649666140083,90,0.0,round_robin,chesca_planner_tool
chesca_round_robin_commitment_full_mesh,2119,8,6,6,6,0,0.14,0.0,0.14,0.0,0.14,0.04,0.22,4.644624723498696,4.140624723498696,-0.5039999999999996,9.195718765258789,0.0935465504631249,90,1.0,round_robin,chesca_planner_tool
chesca_round_robin_commitment_full_mesh,2120,9,6,0,0,0,0.0,0.0,0.0,0.0,0.14,0.04,0.22,4.491919480454375,4.491919480454375,0.0,9.195718765258789,0.1365664386554402,90,2.0,round_robin,chesca_planner_tool
chesca_round_robin_commitment_full_mesh,2121,10,6,6,0,6,0.0,0.13999999999999999,0.0,0.13999999999999999,1.734723475976807e-17,1.3877787807814457e-17,0.2366666666666667,1.201993326813023,1.5234087158255336,0.32141538901251065,9.195718765258789,-0.13741875330185313,90,3.0,round_robin,chesca_planner_tool
chesca_round_robin_commitment_full_mesh,2122,11,6,0,0,0,0.0,0.0,0.0,0.0,1.734723475976807e-17,1.3877787807814457e-17,0.23,1.2363388019628951,1.2363388019628951,0.0,9.195718765258789,-0.020515352498228175,90,4.0,round_robin,chesca_planner_tool
chesca_round_robin_commitment_full_mesh,2123,12,6,2,2,0,0.04,0.0,0.04,0.0,0.04000000000000002,0.02,0.2366666666666667,3.0849785106847656,2.9249785106847654,-0.16000000000000014,9.195718765258789,0.22559092561129096,90,5.0,round_robin,chesca_planner_tool
chesca_round_robin_commitment_full_mesh,2124,13,6,0,0,0,0.0,0.0,0.0,0.0,0.04000000000000002,0.02,0.2366666666666667,4.569652134396593,4.569652134396593,0.0,9.195718765258789,0.12276795247168985,90,0.0,round_robin,chesca_planner_tool
chesca_round_robin_commitment_full_mesh,2125,14,6,0,0,0,0.0,0.0,0.0,0.0,0.04000000000000002,0.02,0.2366666666666667,5.733066430719726,5.733066430719726,0.0,9.195718765258789,0.08288737999246232,90,1.0,round_robin,chesca_planner_tool
chesca_round_robin_commitment_full_mesh,2126,15,6,2,0,2,0.0,0.04,0.0,0.04,1.734723475976807e-17,1.3877787807814457e-17,0.21666666666666667,6.304818927508823,6.430375391704073,0.12555646419525068,9.195718765258789,-0.10816133116550093,90,2.0,round_robin,chesca_planner_tool
chesca_round_robin_commitment_full_mesh,2127,16,6,0,0,0,0.0,0.0,0.0,0.0,1.734723475976807e-17,1.3877787807814457e-17,0.21,7.594817834139902,7.594817834139901,-8.881784197001252e-16,9.195718765258789,0.0788252308865166,90,3.0,round_robin,chesca_planner_tool
chesca_round_robin_commitment_full_mesh,2128,17,6,2,2,0,0.08000000000000002,0.0,0.08000000000000002,0.0,0.08000000000000003,0.04000000000000001,0.20666666666666667,8.737400900629364,8.473400900629363,-0.2640000000000011,9.195718765258789,0.179604300726702,90,4.0,round_robin,chesca_planner_tool
chesca_round_robin_commitment_full_mesh,2129,18,6,4,4,0,0.10000000000000003,0.0,0.10000000000000003,0.0,0.18000000000000008,0.04000000000000002,0.21,10.48381193710434,10.097811937104339,-0.386000000000001,9.168228149414062,0.42775067402670985,90,5.0,round_robin,chesca_planner_tool
chesca_round_robin_commitment_full_mesh,2130,19,6,2,2,0,0.04000000000000001,0.0,0.04000000000000001,0.0,0.22000000000000006,0.04000000000000002,0.21666666666666667,11.947329916031462,11.78732991603146,-0.16000000000000192,9.168228149414062,0.8714196652347527,90,0.0,round_robin,chesca_planner_tool
chesca_round_robin_commitment_full_mesh,2131,20,6,0,0,0,0.0,0.0,0.0,0.0,0.22000000000000006,0.04000000000000002,0.21666666666666667,10.488711232255758,10.48871123225576,1.7763568394002505e-15,9.168228149414062,0.2867999596432851,90,1.0,round_robin,chesca_planner_tool
chesca_round_robin_commitment_full_mesh,2132,21,6,0,0,0,0.0,0.0,0.0,0.0,0.22000000000000006,0.04000000000000002,0.21666666666666667,9.590554959058544,9.590554959058545,1.7763568394002505e-15,9.168228149414062,0.08958502916526187,90,2.0,round_robin,chesca_planner_tool
chesca_round_robin_commitment_full_mesh,2133,22,6,0,0,0,0.0,0.0,0.0,0.0,0.22000000000000006,0.04000000000000002,0.18666666666666668,9.298483209064866,9.298483209064866,0.0,9.116820335388184,0.08600546143591159,90,3.0,round_robin,chesca_planner_tool
chesca_round_robin_commitment_full_mesh,2134,23,6,3,0,3,0.0,0.12000000000000002,0.0,0.12000000000000002,0.10000000000000006,0.04000000000000002,0.20000000000000004,8.956673948457428,9.380673948457428,0.4239999999999995,9.066502571105957,0.031346443974011595,90,4.0,round_robin,chesca_planner_tool
chesca_round_robin_commitment_full_mesh,2135,24,6,0,0,0,0.0,0.0,0.0,0.0,0.10000000000000006,0.04000000000000002,0.20000000000000004,9.644409611495366,9.644409611495366,0.0,9.168228149414062,0.07289695593283356,90,5.0,round_robin,chesca_planner_tool
chesca_round_robin_commitment_full_mesh,2136,1,6,3,0,3,0.0,0.10000000000000002,0.0,0.10000000000000002,3.469446951953614e-17,1.3877787807814457e-17,0.2166666666666667,9.0589386046495,9.444938604649499,0.38599999999999923,9.168228149414062,-0.048881321196324844,90,0.0,round_robin,chesca_planner_tool
chesca_round_robin_commitment_full_mesh,2137,2,6,2,0,2,0.0,6.938893903907228e-18,0.0,0.08000000000000002,2.7755575615628914e-17,1.3877787807814457e-17,0.19666666666666668,8.015134438718588,8.27913443871859,0.2640000000000011,9.168228149414062,-0.15534418891979124,90,1.0,round_robin,chesca_planner_tool
chesca_round_robin_commitment_full_mesh,2138,3,6,4,0,4,0.0,1.3877787807814457e-17,0.0,0.14,1.3877787807814457e-17,1.3877787807814457e-17,0.18666666666666668,6.991327571077364,7.4813275710773635,0.4899999999999993,9.168228149414062,-0.10507087336606138,90,2.0,round_robin,chesca_planner_tool
chesca_round_robin_commitment_full_mesh,2139,4,6,0,0,0,0.0,0.0,0.0,0.0,1.3877787807814457e-17,1.3877787807814457e-17,0.17000000000000004,6.764652694183981,6.764652694183981,0.0,9.168228149414062,-0.01683637799804412,90,3.0,round_robin,chesca_planner_tool
chesca_round_robin_commitment_full_mesh,2140,5,6,0,0,0,0.0,0.0,0.0,0.0,1.3877787807814457e-17,1.3877787807814457e-17,0.17000000000000004,5.8134923218286945,5.8134923218286945,0.0,9.168228149414062,0.010347335588335949,90,4.0,round_robin,chesca_planner_tool
chesca_round_robin_commitment_full_mesh,2141,6,6,6,6,0,0.2,0.0,0.2,0.0,0.2,0.040000000000000015,0.20333333333333334,6.012943303303853,5.268943303303853,-0.7439999999999998,9.168228149414062,0.14045469473946276,90,5.0,round_robin,chesca_planner_tool
chesca_round_robin_commitment_full_mesh,2142,7,6,0,0,0,0.0,0.0,0.0,0.0,0.2,0.040000000000000015,0.20333333333333334,5.6497413574179465,5.6497413574179465,0.0,9.168228149414062,0.25135613044116645,90,0.0,round_robin,chesca_planner_tool
chesca_round_robin_commitment_full_mesh,2143,8,6,0,0,0,0.0,0.0,0.0,0.0,0.2,0.040000000000000015,0.18000000000000002,4.620891014123423,4.620891014123422,-8.881784197001252e-16,9.168228149414062,0.12185255669868036,90,1.0,round_robin,chesca_planner_tool
chesca_round_robin_commitment_full_mesh,2144,9,6,6,0,6,0.0,0.2,0.0,0.2,1.3877787807814457e-17,1.3877787807814457e-17,0.21333333333333335,3.6458909329720193,4.043588965597138,0.3976980326251187,9.168228149414062,0.02469703805271191,90,2.0,round_robin,chesca_planner_tool
chesca_round_robin_commitment_full_mesh,2145,10,6,1,1,0,0.04,0.0,0.04,0.0,0.040000000000000015,0.04,0.19666666666666666,3.691194127684853,3.559194127684853,-0.13200000000000012,9.168228149414062,0.11579849988361106,90,3.0,round_robin,chesca_planner_tool
chesca_round_robin_commitment_full_mesh,2146,11,6,0,0,0,0.0,0.0,0.0,0.0,0.040000000000000015,0.04,0.19666666666666666,2.515380881613276,2.5153808816132757,-4.440892098500626e-16,9.168228149414062,0.060028283960886004,90,4.0,round_robin,chesca_planner_tool
chesca_round_robin_commitment_full_mesh,2147,12,6,5,5,0,0.1,0.0,0.1,0.0,0.14,0.04,0.20666666666666667,2.6074789748515443,2.235478974851544,-0.37200000000000033,9.168228149414062,0.09946116304327234,90,5.0,round_robin,chesca_planner_tool
chesca_round_robin_commitment_full_mesh,2148,13,6,0,0,0,0.0,0.0,0.0,0.0,0.14,0.04,0.20666666666666667,4.590706221599803,4.590706221599803,0.0,9.168228149414062,0.2095828913449434,90,0.0,round_robin,chesca_planner_tool
chesca_round_robin_commitment_full_mesh,2149,14,6,0,0,0,0.0,0.0,0.0,0.0,0.14,0.04,0.20666666666666667,4.369372836910401,4.369372836910401,0.0,9.168228149414062,0.26529929807612485,90,1.0,round_robin,chesca_planner_tool
chesca_round_robin_commitment_full_mesh,2150,15,6,0,0,0,0.0,0.0,0.0,0.0,0.14,0.04,0.20000000000000004,6.198205781053995,6.198205781053994,-8.881784197001252e-16,9.168228149414062,0.13867753367995203,90,2.0,round_robin,chesca_planner_tool
chesca_round_robin_commitment_full_mesh,2151,16,6,0,0,0,0.0,0.0,0.0,0.0,0.14,0.04,0.20000000000000004,7.333876774856078,7.333876774856077,-8.881784197001252e-16,9.168228149414062,0.2685423607235826,90,3.0,round_robin,chesca_planner_tool
chesca_round_robin_commitment_full_mesh,2152,17,6,6,0,6,0.0,0.14,0.0,0.14,1.0408340855860843e-17,1.0408340855860843e-17,0.21000000000000005,8.313058557256618,8.817058557256617,0.5039999999999996,9.168228149414062,0.00170769757852645,90,4.0,round_robin,chesca_planner_tool
chesca_round_robin_commitment_full_mesh,2153,18,6,4,4,0,0.08,0.0,0.08,0.0,0.08000000000000002,0.020000000000000028,0.20666666666666667,10.074859658071958,9.782859658071958,-0.2919999999999998,9.072561264038086,0.2888851611214347,90,5.0,round_robin,chesca_planner_tool
chesca_round_robin_commitment_full_mesh,2154,19,6,6,6,0,0.2,0.0,0.2,0.0,0.28,0.060000000000000026,0.23333333333333336,13.812260066383402,13.068260066383402,-0.7439999999999998,9.072561264038086,1.2467046368918255,90,0.0,round_robin,chesca_planner_tool
chesca_round_robin_commitment_full_mesh,2155,20,6,1,1,0,0.02,0.0,0.02,0.0,0.3,0.060000000000000026,0.2366666666666667,14.358822535561476,14.278822535561478,-0.0799999999999983,9.072561264038086,1.501087998325283,90,1.0,round_robin,chesca_planner_tool
chesca_round_robin_commitment_full_mesh,2156,21,6,6,0,6,0.0,0.24,0.0,0.24000000000000002,0.06000000000000004,0.020000000000000025,0.27666666666666667,9.33972187924963,10.215721879249628,0.8759999999999977,9.072561264038086,-0.24079609141604646,90,2.0,round_robin,chesca_planner_tool
chesca_round_robin_commitment_full_mesh,2157,22,6,0,0,0,0.0,0.0,0.0,0.0,0.06000000000000004,0.020000000000000025,0.27666666666666667,9.798473053903379,9.798473053903379,0.0,9.072561264038086,0.25558863144997945,90,3.0,round_robin,chesca_planner_tool
chesca_round_robin_commitment_full_mesh,2158,23,6,0,0,0,0.0,0.0,0.0,0.0,0.06000000000000004,0.020000000000000025,0.25666666666666665,10.09998846604635,10.09998846604635,0.0,9.072561264038086,0.25463330138384166,90,4.0,round_robin,chesca_planner_tool
chesca_round_robin_commitment_full_mesh,2159,24,6,0,0,0,0.0,0.0,0.0,0.0,0.06000000000000004,0.020000000000000025,0.25666666666666665,10.727796213958378,10.727796213958378,0.0,9.072561264038086,0.6073397627677299,90,5.0,round_robin,chesca_planner_tool
chesca_round_robin_commitment_full_mesh,2160,1,6,0,0,0,0.0,0.0,0.0,0.0,0.06000000000000004,0.020000000000000025,0.24,11.010359288113783,11.010359288113783,0.0,9.072561264038086,0.6415609597900296,90,0.0,round_robin,chesca_planner_tool
chesca_round_robin_commitment_full_mesh,2161,2,6,3,0,3,0.0,0.060000000000000005,0.0,0.06000000000000001,3.469446951953614e-17,2.0816681711721685e-17,0.23666666666666666,9.103086130384481,9.343086130384481,0.2400000000000002,9.168228149414062,-0.04378261845969267,90,1.0,round_robin,chesca_planner_tool
chesca_round_robin_commitment_full_mesh,2162,3,6,0,0,0,0.0,0.0,0.0,0.0,3.469446951953614e-17,2.0816681711721685e-17,0.21333333333333335,7.83154121737068,7.831541217370681,8.881784197001252e-16,9.202729225158691,-0.04748979279725721,90,2.0,round_robin,chesca_planner_tool
chesca_round_robin_commitment_full_mesh,2163,4,6,0,0,0,0.0,0.0,0.0,0.0,3.469446951953614e-17,2.0816681711721685e-17,0.21333333333333335,7.09396432414307,7.09396432414307,0.0,9.202729225158691,0.04033387937760502,90,3.0,round_robin,chesca_planner_tool
chesca_round_robin_commitment_full_mesh,2164,5,6,0,0,0,0.0,0.0,0.0,0.0,3.469446951953614e-17,2.0816681711721685e-17,0.21333333333333335,5.827470040500997,5.827470040500997,0.0,9.202729225158691,-0.08190332818327759,90,4.0,round_robin,chesca_planner_tool
chesca_round_robin_commitment_full_mesh,2165,6,6,2,2,0,0.08,0.0,0.08,0.0,0.08000000000000004,0.04,0.19333333333333333,6.16803460358819,5.904034603588189,-0.26400000000000023,9.202729225158691,0.13235502219024364,90,5.0,round_robin,chesca_planner_tool
chesca_round_robin_commitment_full_mesh,2166,7,6,4,4,0,0.08000000000000002,0.0,0.08000000000000002,0.0,0.16000000000000003,0.04,0.20666666666666667,5.761998986303503,5.455998986303503,-0.30600000000000005,9.202729225158691,0.11659550666647972,90,0.0,round_robin,chesca_planner_tool
chesca_round_robin_commitment_full_mesh,2167,8,6,6,0,6,0.0,0.16,0.0,0.16000000000000003,2.7755575615628914e-17,1.734723475976807e-17,0.23333333333333336,5.2963601076873985,5.770206547629067,0.47384643994166886,9.237412452697754,-0.3271589749671323,90,1.0,round_robin,chesca_planner_tool
chesca_round_robin_commitment_full_mesh,2168,9,6,0,0,0,0.0,0.0,0.0,0.0,2.7755575615628914e-17,1.734723475976807e-17,0.19999999999999998,3.6905672655349875,3.6905672655349875,0.0,9.237412452697754,0.07265000088494289,90,2.0,round_robin,chesca_planner_tool
chesca_round_robin_commitment_full_mesh,2169,10,6,6,6,0,0.12000000000000002,0.0,0.12000000000000002,0.0,0.12000000000000004,0.020000000000000018,0.21333333333333335,3.2904754473326605,2.8524754473326595,-0.43800000000000106,9.237412452697754,0.11438777590737656,90,3.0,round_robin,chesca_planner_tool
chesca_round_robin_commitment_full_mesh,2170,11,6,0,0,0,0.0,0.0,0.0,0.0,0.12000000000000004,0.020000000000000018,0.21333333333333335,3.1668318675652793,3.1668318675652793,0.0,9.237412452697754,0.08153889370057217,90,4.0,round_robin,chesca_planner_tool
chesca_round_robin_commitment_full_mesh,2171,12,6,0,0,0,0.0,0.0,0.0,0.0,0.12000000000000004,0.020000000000000018,0.19666666666666666,4.801408921492078,4.801408921492078,0.0,9.237412452697754,0.2531451713809314,90,5.0,round_robin,chesca_planner_tool
chesca_round_robin_commitment_full_mesh,2172,13,6,0,0,0,0.0,0.0,0.0,0.0,0.12000000000000004,0.020000000000000018,0.19666666666666666,5.9050059415564515,5.905005941556451,-8.881784197001252e-16,9.237412452697754,0.21103675190968496,90,0.0,round_robin,chesca_planner_tool
chesca_round_robin_commitment_full_mesh,2173,14,6,0,0,0,0.0,0.0,0.0,0.0,0.12000000000000004,0.020000000000000018,0.19666666666666666,5.928700745360985,5.928700745360985,0.0,9.237412452697754,0.06689469833682313,90,1.0,round_robin,chesca_planner_tool
chesca_round_robin_commitment_full_mesh,2174,15,6,6,0,6,0.0,0.12000000000000001,0.0,0.12000000000000002,3.469446951953614e-17,1.734723475976807e-17,0.21666666666666667,7.309032937183076,7.6560684323298664,0.3470354951467902,9.25835132598877,-0.2734812609138363,90,2.0,round_robin,chesca_planner_tool
chesca_round_robin_commitment_full_mesh,2175,16,6,6,6,0,0.12000000000000001,0.0,0.12000000000000001,0.0,0.12000000000000004,0.02000000000000002,0.2366666666666667,9.186983503337196,8.748983503337193,-0.4380000000000024,9.25835132598877,0.4696619719984395,90,3.0,round_robin,chesca_planner_tool
chesca_round_robin_commitment_full_mesh,2176,17,6,4,4,0,0.07999999999999999,0.0,0.07999999999999999,0.0,0.20000000000000004,0.04000000000000002,0.22666666666666666,11.295807913937823,10.989807913937824,-0.30599999999999916,9.25835132598877,1.0460197356122167,90,4.0,round_robin,chesca_planner_tool
chesca_round_robin_commitment_full_mesh,2177,18,6,3,3,0,0.059999999999999984,0.0,0.059999999999999984,0.0,0.26,0.059999999999999984,0.2233333333333333,12.25756281793754,12.05956281793754,-0.1980000000000004,9.25835132598877,1.361701339715985,90,5.0,round_robin,chesca_planner_tool
chesca_round_robin_commitment_full_mesh,2178,19,6,5,5,0,0.13999999999999999,0.0,0.13999999999999999,0.0,0.4,0.08000000000000002,0.21333333333333335,15.058203935171903,14.526203935171903,-0.532,9.25835132598877,1.8173182773248011,90,0.0,round_robin,chesca_planner_tool
chesca_round_robin_commitment_full_mesh,2179,20,6,0,0,0,0.0,0.0,0.0,0.0,0.4,0.08000000000000002,0.21,14.880567279165703,14.880567279165703,0.0,9.25835132598877,1.5832044407926624,90,1.0,round_robin,chesca_planner_tool
chesca_round_robin_commitment_full_mesh,2180,21,6,0,0,0,0.0,0.0,0.0,0.0,0.4,0.08000000000000002,0.17,11.763681286738851,11.763681286738851,0.0,9.25835132598877,0.6386657235064213,90,2.0,round_robin,chesca_planner_tool
chesca_round_robin_commitment_full_mesh,2181,22,6,0,0,0,0.0,0.0,0.0,0.0,0.4,0.08000000000000002,0.17,10.525309945141064,10.525309945141064,0.0,9.25835132598877,0.35194883864100823,90,3.0,round_robin,chesca_planner_tool
chesca_round_robin_commitment_full_mesh,2182,23,6,0,0,0,0.0,0.0,0.0,0.0,0.4,0.08000000000000002,0.17,10.423524508617009,10.42352450861701,1.7763568394002505e-15,9.298928260803223,0.30882776390654293,90,4.0,round_robin,chesca_planner_tool
chesca_round_robin_commitment_full_mesh,2183,24,6,0,0,0,0.0,0.0,0.0,0.0,0.4,0.08000000000000002,0.17,11.635987359660339,11.635987359660339,0.0,9.298928260803223,0.781032356212828,90,5.0,round_robin,chesca_planner_tool
chesca_round_robin_commitment_full_mesh,2184,1,6,0,0,0,0.0,0.0,0.0,0.0,0.4,0.08000000000000002,0.17,11.164674581586748,11.164674581586747,-1.7763568394002505e-15,9.298928260803223,0.45763196146945206,90,0.0,round_robin,chesca_planner_tool
chesca_round_robin_commitment_full_mesh,2185,2,6,6,0,6,0.0,0.24000000000000005,0.0,0.24000000000000005,0.15999999999999998,0.04000000000000001,0.19999999999999998,9.874619814512252,10.750619814512254,0.8760000000000012,9.298928260803223,0.0096279251174257,90,1.0,round_robin,chesca_planner_tool
chesca_round_robin_commitment_full_mesh,2186,3,6,6,0,6,0.0,0.15999999999999995,0.0,0.2,1.0408340855860843e-17,6.938893903907228e-18,0.23333333333333336,7.6638624230714285,8.407862423071428,0.7439999999999998,9.34209156036377,-0.18540711927029735,90,2.0,round_robin,chesca_planner_tool
chesca_round_robin_commitment_full_mesh,2187,4,6,0,0,0,0.0,0.0,0.0,0.0,1.0408340855860843e-17,6.938893903907228e-18,0.23333333333333336,7.483838734522849,7.483838734522849,0.0,9.357733726501465,-0.15319642589843205,90,3.0,round_robin,chesca_planner_tool
chesca_round_robin_commitment_full_mesh,2188,5,6,0,0,0,0.0,0.0,0.0,0.0,1.0408340855860843e-17,6.938893903907228e-18,0.23333333333333336,5.991720522547583,5.991720522547583,0.0,9.357733726501465,-0.10424003883812072,90,4.0,round_robin,chesca_planner_tool
chesca_round_robin_commitment_full_mesh,2189,6,6,0,0,0,0.0,0.0,0.0,0.0,1.0408340855860843e-17,6.938893903907228e-18,0.22,6.246651261391446,6.246651261391446,0.0,9.357733726501465,0.07241126293549324,90,5.0,round_robin,chesca_planner_tool
chesca_round_robin_commitment_full_mesh,2190,7,6,2,0,2,0.0,3.469446951953614e-18,0.0,0.04000000000000001,6.938893903907228e-18,6.938893903907228e-18,0.21333333333333335,5.920871464919315,6.052871464919315,0.13200000000000056,9.357733726501465,-0.09102773944205161,90,0.0,round_robin,chesca_planner_tool
chesca_round_robin_commitment_full_mesh,2191,8,6,0,0,0,0.0,0.0,0.0,0.0,6.938893903907228e-18,6.938893903907228e-18,0.18666666666666665,4.434659211629168,4.434659211629168,0.0,9.357733726501465,-0.04171577282821741,90,1.0,round_robin,chesca_planner_tool
chesca_round_robin_commitment_full_mesh,2192,9,6,0,0,0,0.0,0.0,0.0,0.0,6.938893903907228e-18,6.938893903907228e-18,0.18666666666666665,3.6918358329687857,3.691835832968786,4.440892098500626e-16,9.357733726501465,-0.015929226510149844,90,2.0,round_robin,chesca_planner_tool
chesca_round_robin_commitment_full_mesh,2193,10,6,3,0,3,0.0,6.938893903907228e-18,0.0,0.06,0.0,0.0,0.17666666666666667,3.6682829496920406,3.8065694379649684,0.13828648827292778,9.357733726501465,-0.09703900212113492,90,3.0,round_robin,chesca_planner_tool
chesca_round_robin_commitment_full_mesh,2194,11,6,0,0,0,0.0,0.0,0.0,0.0,0.0,0.0,0.17666666666666667,3.4814444448805175,3.4814444448805175,0.0,9.357733726501465,0.04211533260965154,90,4.0,round_robin,chesca_planner_tool
chesca_round_robin_commitment_full_mesh,2195,12,6,6,6,0,0.2,0.0,0.2,0.0,0.2,0.04,0.21,5.269560603594408,4.553560603594407,-0.7160000000000002,9.357733726501465,0.08942094702863787,90,5.0,round_robin,chesca_planner_tool
chesca_round_robin_commitment_full_mesh,2196,13,6,0,0,0,0.0,0.0,0.0,0.0,0.2,0.04,0.21,6.179185183484627,6.179185183484627,0.0,9.357733726501465,0.31409042451966884,90,0.0,round_robin,chesca_planner_tool
chesca_round_robin_commitment_full_mesh,2197,14,6,0,0,0,0.0,0.0,0.0,0.0,0.2,0.04,0.21,6.818165849890653,6.818165849890653,0.0,9.357733726501465,0.15109859332212672,90,1.0,round_robin,chesca_planner_tool
chesca_round_robin_commitment_full_mesh,2198,15,6,0,0,0,0.0,0.0,0.0,0.0,0.2,0.04,0.18999999999999997,8.935840952221639,8.935840952221639,0.0,9.357733726501465,0.1952457253307297,90,2.0,round_robin,chesca_planner_tool
chesca_round_robin_commitment_full_mesh,2199,16,6,3,2,1,0.039999999999999994,0.04,0.039999999999999994,0.04000000000000001,0.20000000000000004,0.04000000000000001,0.18333333333333335,10.68893980357236,10.528939803572362,-0.15999999999999837,9.357733726501465,0.8767522972389795,90,3.0,round_robin,chesca_planner_tool
chesca_round_robin_commitment_full_mesh,2200,17,6,6,6,0,0.20000000000000004,0.0,0.20000000000000004,0.0,0.4,0.08000000000000002,0.20333333333333334,12.399403697395966,11.683403697395967,-0.7159999999999993,9.34209156036377,1.230079193598434,90,4.0,round_robin,chesca_planner_tool
chesca_round_robin_commitment_full_mesh,2201,18,6,4,4,0,0.08000000000000002,0.0,0.08000000000000002,0.0,0.4800000000000001,0.10000000000000002,0.20666666666666667,14.501410072586491,14.195410072586492,-0.30599999999999916,9.34209156036377,1.8576605308820215,90,5.0,round_robin,chesca_planner_tool
chesca_round_robin_commitment_full_mesh,2202,19,6,0,0,0,0.0,0.0,0.0,0.0,0.4800000000000001,0.10000000000000002,0.18333333333333335,15.666786710678103,15.666786710678101,-1.7763568394002505e-15,9.34209156036377,1.9338789836954953,90,0.0,round_robin,chesca_planner_tool
chesca_round_robin_commitment_full_mesh,2203,20,6,0,0,0,0.0,0.0,0.0,0.0,0.4800000000000001,0.10000000000000002,0.18333333333333335,14.077099486874703,14.077099486874701,-1.7763568394002505e-15,9.34209156036377,1.2535676594980842,90,1.0,round_robin,chesca_planner_tool
chesca_round_robin_commitment_full_mesh,2204,21,6,0,0,0,0.0,0.0,0.0,0.0,0.4800000000000001,0.10000000000000002,0.18333333333333335,13.216423488265459,13.216423488265459,0.0,9.34209156036377,1.053189989204532,90,2.0,round_robin,chesca_planner_tool
chesca_round_robin_commitment_full_mesh,2205,22,6,6,0,6,0.0,0.24000000000000002,0.0,0.24000000000000002,0.24000000000000007,0.06000000000000002,0.22333333333333336,9.665430479149146,10.541430479149147,0.8760000000000012,9.34209156036377,-0.05612841101168811,90,3.0,round_robin,chesca_planner_tool
chesca_round_robin_commitment_full_mesh,2206,23,6,2,0,2,0.0,0.04000000000000001,0.0,0.04000000000000001,0.20000000000000007,0.06000000000000002,0.23,10.161982798489415,10.293982798489415,0.13199999999999967,9.357733726501465,0.025031638522014704,90,4.0,round_robin,chesca_planner_tool
