controller,step,hour,active_peers,changed_peers,official_predicted_grid,negotiated_predicted_grid,predicted_grid_delta,district_target,final_shadow_signal,logical_message_count,relief_selected_peers,reserve_limited_peers,protected_reserve_soc,official_reserve_margin_min,selected_reserve_margin_min,selected_reserve_margin_mean
chesca_mesh,1,2,6,6,14.591872655066727,13.715872769507643,-0.875999885559084,14.591872655066727,2.1499049922464,90,,,,,,
chesca_mesh,2,3,6,6,6.204107326152643,7.0801073261526435,0.8760000000000003,6.204107326152643,-0.3123500037849793,90,,,,,,
chesca_mesh,3,4,6,6,5.192537087941776,5.988537087941776,0.7959999999999994,5.192537087941776,-0.1941129957619891,90,,,,,,
chesca_mesh,4,5,6,0,4.711030065747744,4.711030065747743,-8.881784197001252e-16,4.711030065747744,-0.04868147801391834,90,,,,,,
chesca_mesh,5,6,6,6,6.237404508867892,6.772583181138234,0.5351786722703418,6.237404508867892,-0.19209621228683554,90,,,,,,
chesca_mesh,6,7,6,6,4.990351398238254,5.416675363261937,0.4263239650236823,4.990351398238254,-0.1467055614586119,90,,,,,,
chesca_mesh,7,8,6,0,5.958205647622158,5.958205647622158,0.0,5.958205647622158,0.030926627979021917,90,,,,,,
chesca_mesh,8,9,6,6,6.376008958995863,6.855535459789824,0.47952650079396086,6.376008958995863,-0.15843770878299196,90,,,,,,
chesca_mesh,9,10,6,6,7.02868775335214,6.152687753352139,-0.8760000000000012,7.02868775335214,0.19106139501776173,90,,,,,,
chesca_mesh,10,11,6,6,7.186134500674392,7.985314305634385,0.7991798049599934,7.186134500674392,-0.24567295159223942,90,,,,,,
chesca_mesh,11,12,6,6,6.810344518203861,5.9343445182038606,-0.8760000000000003,7.096320629119873,0.46217004799161004,90,,,,,,
chesca_mesh,12,13,6,6,8.115086283544723,7.239086283544723,-0.8760000000000003,6.954711437225342,0.5036717997864393,90,,,,,,
chesca_mesh,13,14,6,6,8.290243064124681,7.414243064124681,-0.8760000000000003,6.931127548217773,0.8986533824303784,90,,,,,,
chesca_mesh,14,15,6,6,5.607807749044998,4.7318077490449975,-0.8760000000000003,6.907543182373047,0.5906636689011409,90,,,,,,
chesca_mesh,15,16,6,6,8.185377715074127,7.3093777150741275,-0.8759999999999994,6.435116767883301,1.178473248395156,90,,,,,,
chesca_mesh,16,17,6,6,8.541006505029316,7.665006505029317,-0.8759999999999986,6.847706317901611,0.657886183472074,90,,,,,,
chesca_mesh,17,18,6,6,7.281281582862137,6.405281582862136,-0.8760000000000012,6.904174327850342,0.2283915428412563,90,,,,,,
chesca_mesh,18,19,6,6,10.144266404228366,9.268266404228365,-0.8760000000000012,6.874255657196045,1.1163849762298812,90,,,,,,
chesca_mesh,19,20,6,6,9.267856228712562,8.39185622871256,-0.8760000000000012,6.924388885498047,0.5397474519535497,90,,,,,,
chesca_mesh,20,21,6,6,8.621313878186108,7.745313878186106,-0.8760000000000012,6.968188285827637,0.29575386123281344,90,,,,,,
chesca_mesh,21,22,6,0,6.9419170615386445,6.9419170615386445,0.0,7.523429870605469,-0.021319858510128326,90,,,,,,
chesca_mesh,22,23,6,0,6.484753156989234,6.4847531569892345,8.881784197001252e-16,7.224452972412109,0.060314026193149455,90,,,,,,
chesca_mesh,23,24,6,0,6.6108341207344195,6.6108341207344195,0.0,7.392750263214111,0.0034337170042111065,90,,,,,,
chesca_mesh,24,1,6,0,6.496680664252305,6.496680664252306,8.881784197001252e-16,7.236332416534424,0.022620215505930463,90,,,,,,
chesca_mesh,25,2,6,6,4.655562610555212,5.43956745938101,0.7840048488257976,7.0799150466918945,-0.1041640338849726,90,,,,,,
chesca_mesh,26,3,6,6,4.156259259920158,4.933695660550658,0.7774364006305001,6.961450099945068,-0.17307979377397695,90,,,,,,
chesca_mesh,27,4,6,6,4.405697588369659,5.113622477395722,0.7079248890260637,6.937865734100342,-0.18744558946196874,90,,,,,,
chesca_mesh,28,5,6,6,4.508248402622243,4.996964854008022,0.4887164513857787,6.914281368255615,-0.21551492071737754,90,,,,,,
chesca_mesh,29,6,6,0,5.163984661906879,5.163984661906879,0.0,6.8888773918151855,-0.04507831215576871,90,,,,,,
chesca_mesh,30,7,6,0,2.932988738591962,2.9329887385919617,-4.440892098500626e-16,6.86104679107666,0.03766388625710412,90,,,,,,
chesca_mesh,31,8,6,6,2.195852260073288,1.3198522600732885,-0.8759999999999997,6.833215713500977,0.11359760828372398,90,,,,,,
chesca_mesh,32,9,6,6,2.5359584397700834,1.6599584397700835,-0.8759999999999999,6.819491863250732,0.1550803156812523,90,,,,,,
chesca_mesh,33,10,6,5,4.729508980471923,3.985508980471923,-0.7440000000000002,6.816348552703857,0.23594620673075298,90,,,,,,
chesca_mesh,34,11,6,6,2.417743679347857,1.5417436793478574,-0.8759999999999994,6.813205242156982,0.1336487937812134,90,,,,,,
chesca_mesh,35,12,6,6,3.7121042377472464,2.8361042377472456,-0.8760000000000008,6.674088954925537,0.11139511404106076,90,,,,,,
chesca_mesh,36,13,6,6,3.7057747393041125,4.503823296392728,0.7980485570886153,6.480583190917969,-0.13704249927775985,90,,,,,,
chesca_mesh,37,14,6,6,1.817312612414539,2.3988279746317236,0.5815153622171847,6.812756538391113,-0.621700038883361,90,,,,,,
chesca_mesh,38,15,6,6,3.335185251880653,2.459185251880653,-0.8759999999999999,6.646444797515869,0.2554563080480714,90,,,,,,
chesca_mesh,39,16,6,6,4.0369909555511105,3.16099095555111,-0.8760000000000003,6.452938556671143,0.5601815765726643,90,,,,,,
chesca_mesh,40,17,6,6,7.958363117021798,7.082363117021799,-0.8759999999999986,6.259433746337891,0.8756432172536424,90,,,,,,
chesca_mesh,41,18,6,6,7.164086164038156,6.288086164038156,-0.8759999999999994,6.219779014587402,0.3499745826876516,90,,,,,,
chesca_mesh,42,19,6,6,8.279434269110178,7.4034342691101775,-0.8760000000000003,6.180124282836914,0.46100436421703894,90,,,,,,
chesca_mesh,43,20,6,6,8.70382716758359,7.827827167583589,-0.8760000000000012,6.253768444061279,0.5012686586426766,90,,,,,,
chesca_mesh,44,21,6,6,11.975208159715788,11.099208159715788,-0.8759999999999994,6.591156959533691,1.4873664423977104,90,,,,,,
chesca_mesh,45,22,6,6,11.471012320883448,10.595012320883447,-0.8760000000000012,6.397651195526123,1.6029084795033024,90,,,,,,
chesca_mesh,46,23,6,6,7.195860426842884,6.319860426842883,-0.8760000000000012,6.248103618621826,0.3575261338253035,90,,,,,,
chesca_mesh,47,24,6,6,7.248408401837617,6.3724084018376175,-0.8759999999999994,6.208448886871338,0.3786913610678808,90,,,,,,
chesca_mesh,48,1,6,6,6.198321096131503,7.074321096131503,0.8760000000000003,6.220086574554443,-0.2526923256486755,90,,,,,,
chesca_mesh,49,2,6,6,5.2728342050534,6.148834205053401,0.8760000000000012,6.252056121826172,-0.2661003755451791,90,,,,,,
chesca_mesh,50,3,6,6,4.47537121028632,5.35137121028632,0.8760000000000003,6.234841823577881,-0.2732657406023884,90,,,,,,
chesca_mesh,51,4,6,6,4.917771672667263,5.705307158425135,0.7875354857578714,6.21762752532959,-0.24640283225270704,90,,,,,,
chesca_mesh,52,5,6,6,4.11838098025322,4.626918512776388,0.5085375325231682,6.197426795959473,-0.282988425190442,90,,,,,,
chesca_mesh,53,6,6,0,4.537189474969287,4.537189474969286,-8.881784197001252e-16,6.174986362457275,-0.03259903283905126,90,,,,,,
chesca_mesh,54,7,6,0,3.359036826279559,3.3590368262795587,-4.440892098500626e-16,6.152545928955078,0.055292069685254776,90,,,,,,
chesca_mesh,55,8,6,6,3.13297587934931,2.256975879349309,-0.8760000000000008,6.142551422119141,0.10428553119652167,90,,,,,,
chesca_mesh,56,9,6,0,2.4988248082297218,2.4988248082297218,0.0,6.1375346183776855,-0.01290789764372284,90,,,,,,
chesca_mesh,57,10,6,6,2.3874751292057916,2.8576358187988844,0.47016068959309276,6.132518291473389,-0.25605865851526177,90,,,,,,
chesca_mesh,58,11,6,6,0.46267559008067505,0.79241293240105,0.329737342320375,6.141834735870361,-0.6130213493279687,90,,,,,,
chesca_mesh,59,12,6,6,0.4892670511409678,0.7195800814016655,0.23031303026069772,6.136817932128906,-0.5703859721231259,90,,,,,,
chesca_mesh,60,13,6,6,1.9473799971573231,2.1671836553621864,0.21980365820486325,6.146134376525879,-1.149597339709329,90,,,,,,
chesca_mesh,61,14,6,6,0.8111294798611784,1.0303383793404122,0.21920889947923372,6.187809467315674,-1.585736036485815,90,,,,,,
chesca_mesh,62,15,6,6,1.3103824208463464,1.6495453911354934,0.339162970289147,6.225005149841309,-0.5431911761945791,90,,,,,,
chesca_mesh,63,16,6,0,4.238394554503917,4.238394554503918,8.881784197001252e-16,6.256974220275879,-0.039866830992684295,90,,,,,,
chesca_mesh,64,17,6,6,4.512647327268727,3.6366473272687267,-0.8760000000000003,6.239759922027588,0.216775553021137,90,,,,,,
chesca_mesh,65,18,6,6,5.591644120146286,4.715644120146285,-0.8760000000000012,6.222545623779297,0.2436570959315461,90,,,,,,
chesca_mesh,66,19,6,0,6.201505235117072,6.201505235117071,-8.881784197001252e-16,6.203838348388672,-0.04810650524308287,90,,,,,,
chesca_mesh,67,20,6,0,5.703721748913772,5.703721748913771,-8.881784197001252e-16,6.181397914886475,0.0023539436516398053,90,,,,,,
chesca_mesh,68,21,6,0,6.242199837949688,6.242199837949688,0.0,6.158957481384277,0.05799393317050951,90,,,,,,
chesca_mesh,69,22,6,6,5.6317224697232104,6.507722469723211,0.8760000000000003,6.200632572174072,-0.179082905701628,90,,,,,,
chesca_mesh,70,23,6,6,5.96000136587499,6.75446593375302,0.7944645678780304,6.234841823577881,-0.1280650235400413,90,,,,,,
chesca_mesh,71,24,6,6,5.11677514200847,5.784608814303293,0.6678336722948224,6.262503623962402,-0.15755119244095972,90,,,,,,
chesca_mesh,72,1,6,6,3.941272824354336,4.517292996277189,0.576020171922853,6.249597072601318,-0.16933983385192014,90,,,,,,
chesca_mesh,73,2,6,6,3.0283147118084996,3.478917935162764,0.4506032233542645,6.232382297515869,-0.20419718647127683,90,,,,,,
chesca_mesh,74,3,6,4,3.38246938471091,3.7546430618085784,0.37217367709766824,6.215167999267578,-0.10183577339254338,90,,,,,,
chesca_mesh,75,4,6,3,4.279616032250758,3.7996160322507575,-0.48000000000000087,6.194221019744873,0.07783427633760265,90,,,,,,
chesca_mesh,76,5,6,6,4.134986296126561,4.577758148420394,0.4427718522938333,6.229923248291016,-0.12492514203202837,90,,,,,,
chesca_mesh,77,6,6,6,4.732025196621551,3.8560251966215513,-0.8759999999999999,6.212708950042725,0.11097864159124005,90,,,,,,
chesca_mesh,78,7,6,6,4.151234575418878,3.275234575418879,-0.8759999999999994,6.191015243530273,0.24059320052137603,90,,,,,,
chesca_mesh,79,8,6,6,2.9182338526890845,2.0422338526890846,-0.8759999999999999,6.168574810028076,0.10938166688767267,90,,,,,,
chesca_mesh,80,9,6,6,3.0582760195169865,2.182276019516987,-0.8759999999999994,6.146134376525879,0.1328374280013978,90,,,,,,
chesca_mesh,81,10,6,6,4.416928556692092,3.540928556692091,-0.8760000000000008,6.141118049621582,0.26595420022876637,90,,,,,,
chesca_mesh,82,11,6,6,3.060389944845702,2.1843899448457016,-0.8760000000000003,6.136101245880127,0.23050040910051944,90,,,,,,
chesca_mesh,83,12,6,5,5.2532071607057755,4.509207160705775,-0.7440000000000007,6.13016414642334,0.42877491618766345,90,,,,,,
chesca_mesh,84,13,6,6,6.382113191803284,5.506113191803284,-0.8759999999999994,6.118703842163086,0.6333373444921241,90,,,,,,
chesca_mesh,85,14,6,6,1.9414755977737632,1.065475597773763,-0.8760000000000001,6.107243537902832,0.10295231127393936,90,,,,,,
chesca_mesh,86,15,6,6,4.144164786360063,3.268164786360063,-0.8760000000000003,6.098650932312012,0.2682388386065183,90,,,,,,
chesca_mesh,87,16,6,6,4.560237363940017,3.6842373639400168,-0.8759999999999999,6.097228527069092,0.4675639383521197,90,,,,,,
chesca_mesh,88,17,6,6,7.32396957586951,6.447969575869511,-0.8759999999999994,6.095805644989014,0.7119471200235599,90,,,,,,
chesca_mesh,89,18,6,6,6.078341758490458,5.202341758490457,-0.8760000000000012,6.098447799682617,0.14824114367392546,90,,,,,,
chesca_mesh,90,19,6,6,7.331776650632368,6.455776650632368,-0.8760000000000003,6.097024917602539,0.24583949562914098,90,,,,,,
chesca_mesh,91,20,6,6,7.180563330965316,6.3045633309653155,-0.8760000000000003,6.103969097137451,0.2986942976694842,90,,,,,,
chesca_mesh,92,21,6,6,7.53017485666275,6.65417485666275,-0.8760000000000003,6.125252723693848,0.08166153560696979,90,,,,,,
chesca_mesh,93,22,6,6,5.8039542940356865,6.679954294035688,0.8760000000000012,6.138251304626465,-0.20328466597035816,90,,,,,,
chesca_mesh,94,23,6,6,6.5875281598143705,7.463528159814371,0.8760000000000003,6.148901462554932,-0.2855409325835707,90,,,,,,
chesca_mesh,95,24,6,6,6.5121910663574925,5.636191066357492,-0.8760000000000003,6.166888236999512,0.4173617390995525,90,,,,,,
chesca_mesh,96,1,6,6,7.623548494603408,6.747548494603407,-0.8760000000000012,6.157203197479248,0.131051328967482,90,,,,,,
chesca_mesh,97,2,6,0,6.230547667427459,6.23054766742746,8.881784197001252e-16,6.175628185272217,-0.007393627048543544,90,,,,,,
chesca_mesh,98,3,6,0,5.28324925348185,5.28324925348185,0.0,6.165504455566406,-0.024206796224661736,90,,,,,,
chesca_mesh,99,4,6,0,4.435538841235681,4.435538841235681,0.0,6.155819416046143,-0.008110673948425198,90,,,,,,
chesca_mesh,100,5,6,6,4.836313070357025,3.9603130703570253,-0.8759999999999994,6.146134376525879,0.11655039667870278,90,,,,,,
chesca_mesh,101,6,6,6,4.509990290646572,3.633990290646571,-0.8760000000000008,6.141118049621582,0.15767272412160138,90,,,,,,
chesca_mesh,102,7,6,6,5.023705533594132,4.147705533594133,-0.8759999999999994,6.136101245880127,0.2960784737370716,90,,,,,,
chesca_mesh,103,8,6,0,4.065749373022781,4.065749373022781,0.0,6.13016414642334,-0.050798758511410164,90,,,,,,
chesca_mesh,104,9,6,6,3.3904346620180066,2.5144346620180067,-0.8759999999999999,6.118703842163086,0.10159517139075282,90,,,,,,
chesca_mesh,105,10,6,6,4.124071063559533,4.83202172410315,0.7079506605436174,6.107243537902832,-0.15208916151000146,90,,,,,,
chesca_mesh,106,11,6,6,3.0996672601057185,2.223667260105718,-0.8760000000000003,6.098650932312012,0.08276535757137389,90,,,,,,
chesca_mesh,107,12,6,6,3.2154418305288797,2.3394418305288793,-0.8760000000000003,6.097228527069092,0.1335108671913125,90,,,,,,
chesca_mesh,108,13,6,6,4.162591425615859,3.2865914256158586,-0.8760000000000003,6.095805644989014,0.08988786274725954,90,,,,,,
chesca_mesh,109,14,6,6,2.8890339581873867,2.013033958187387,-0.8759999999999999,6.085648536682129,0.12988583168991724,90,,,,,,
chesca_mesh,110,15,6,6,5.090547179309564,4.214547179309562,-0.8760000000000012,6.063845634460449,0.11000560936388515,90,,,,,,
chesca_mesh,111,16,6,6,6.271146763922057,5.395146763922057,-0.8760000000000003,6.042042255401611,0.2147667271170388,90,,,,,,
chesca_mesh,112,17,6,6,7.212657682790903,6.336657682790903,-0.8760000000000003,6.082533359527588,0.45830183736056773,90,,,,,,
chesca_mesh,113,18,6,6,6.653632966929575,5.777632966929574,-0.8760000000000003,6.060730934143066,0.48588919802737285,90,,,,,,
chesca_mesh,114,19,6,6,8.709873897718502,7.8338738977185,-0.8760000000000021,6.038928031921387,0.6367976247026605,90,,,,,,
chesca_mesh,115,20,6,6,8.442838556448919,7.566838556448918,-0.8760000000000012,6.079419136047363,0.205255799047527,90,,,,,,
chesca_mesh,116,21,6,6,7.701703651484059,6.825703651484059,-0.8759999999999994,6.09661865234375,0.3354801565298853,90,,,,,,
chesca_mesh,117,22,6,2,6.902003422507912,6.638003422507912,-0.26400000000000023,6.10069465637207,0.0903964241898832,90,,,,,,
chesca_mesh,118,23,6,6,7.050412045442797,6.174412045442796,-0.8760000000000003,6.097837924957275,0.5194366726548845,90,,,,,,
chesca_mesh,119,24,6,0,7.224998520442416,7.224998520442416,0.0,6.1060872077941895,0.02173642133292647,90,,,,,,
chesca_mesh,120,1,6,6,6.427267484670392,7.3032674846703936,0.8760000000000012,6.119142055511475,-0.42502394297300644,90,,,,,,
chesca_mesh,121,2,6,6,4.984184188828719,5.86018418882872,0.8760000000000012,6.127370834350586,-0.5656329344844444,90,,,,,,
chesca_mesh,122,3,6,6,5.151959477989947,6.027959477989947,0.8760000000000003,6.1229400634765625,-0.35916931533873336,90,,,,,,
chesca_mesh,123,4,6,6,3.733231086659953,4.450803149982771,0.7175720633228178,6.118137836456299,-0.4831100955689802,90,,,,,,
chesca_mesh,124,5,6,6,3.513093995351265,4.085956165128674,0.5728621697774088,6.111108303070068,-0.33998154460958974,90,,,,,,
chesca_mesh,125,6,6,6,4.249053043462528,4.610286216016568,0.36123317255403986,6.104078769683838,-0.2855524165608563,90,,,,,,
chesca_mesh,126,7,6,6,4.192958931027361,4.53346325961554,0.34050432858817903,6.117133617401123,-1.2840292454779398,90,,,,,,
chesca_mesh,127,8,6,6,3.242589415252117,3.680810149309675,0.4382207340575581,6.110104084014893,-0.2542600991366723,90,,,,,,
chesca_mesh,128,9,6,6,2.303034933277922,2.6509375060963034,0.34790257281838155,6.103074550628662,-0.4499743730773694,90,,,,,,
chesca_mesh,129,10,6,6,2.4647884428660007,2.6950943394552915,0.2303058965892908,6.116129398345947,-0.6399929715900539,90,,,,,,
chesca_mesh,130,11,6,3,2.2523400321106823,2.3730548001736205,0.12071476806293813,6.109099864959717,-0.10061100163343711,90,,,,,,
chesca_mesh,131,12,6,0,2.3206503297771843,2.3206503297771843,0.0,6.102070331573486,0.025763360969899562,90,,,,,,
chesca_mesh,132,13,6,6,3.362699539487374,2.4866995394873745,-0.8759999999999994,6.098244667053223,0.31114509642394506,90,,,,,,
chesca_mesh,133,14,6,6,3.3915405672074304,2.51554056720743,-0.8760000000000003,6.0968217849731445,0.12330465752333936,90,,,,,,
chesca_mesh,134,15,6,6,3.5227161522805335,4.093141808172043,0.5704256558915097,6.1010661125183105,-0.590444959399985,90,,,,,,
chesca_mesh,135,16,6,6,4.442414185774979,3.5664141857749794,-0.8759999999999994,6.098041534423828,0.22320541354651036,90,,,,,,
chesca_mesh,136,17,6,6,4.423110902867632,3.547110902867631,-0.8760000000000008,6.09661865234375,0.1623567906880919,90,,,,,,
chesca_mesh,137,18,6,6,6.080162001223349,5.204162001223348,-0.8760000000000012,6.095195770263672,0.16759830448052054,90,,,,,,
chesca_mesh,138,19,6,6,8.194907787986354,7.318907787986354,-0.8760000000000003,6.0763044357299805,0.49273148231672215,90,,,,,,
chesca_mesh,139,20,6,6,7.69051879771022,6.814518797710219,-0.8760000000000003,6.0964155197143555,0.10723201973327083,90,,,,,,
chesca_mesh,140,21,6,0,7.966215174714398,7.9662151747143986,8.881784197001252e-16,6.099057674407959,0.06201691399538256,90,,,,,,
chesca_mesh,141,22,6,0,6.652969713885607,6.652969713885606,-8.881784197001252e-16,6.112112522125244,-0.018717493564445062,90,,,,,,
chesca_mesh,142,23,6,6,7.702564804862886,6.826564804862887,-0.8759999999999994,6.1229400634765625,0.11653778963987804,90,,,,,,
chesca_mesh,143,24,6,6,9.005373971598848,8.129373971598849,-0.8759999999999994,6.131168365478516,0.5500625135226411,90,,,,,,
chesca_mesh,144,1,6,6,7.9507119225721095,7.07471192257211,-0.8759999999999994,6.137465476989746,0.3325722491275468,90,,,,,,
chesca_mesh,145,2,6,0,6.857617290991993,6.857617290991993,0.0,6.142464637756348,-0.05511632290893026,90,,,,,,
chesca_mesh,146,3,6,6,6.020707100197297,6.896707100197297,0.8759999999999994,6.1456451416015625,-0.2700970946595876,90,,,,,,
chesca_mesh,147,4,6,6,5.854044318406248,6.7300443184062475,0.8759999999999994,6.161353588104248,-0.3085263342674851,90,,,,,,
chesca_mesh,148,5,6,6,4.920175976495813,5.796175976495814,0.8760000000000012,6.151668548583984,-0.14700277547471008,90,,,,,,
chesca_mesh,149,6,6,6,5.542634718725076,6.329587745416255,0.7869530266911786,6.145400524139404,-0.11078844525970682,90,,,,,,
chesca_mesh,150,7,6,5,4.327651441540234,4.87933344508166,0.5516820035414263,6.143687725067139,-0.10001035974727085,90,,,,,,
chesca_mesh,151,8,6,0,4.8999638715094616,4.899963871509462,8.881784197001252e-16,6.141974925994873,-0.03532734292340839,90,,,,,,
chesca_mesh,152,9,6,0,5.142434253077045,5.142434253077045,0.0,6.139353275299072,-0.044840614054097505,90,,,,,,
chesca_mesh,153,10,6,0,5.253981099631398,5.253981099631398,0.0,6.136049270629883,-0.013951879624889847,90,,,,,,
chesca_mesh,154,11,6,6,4.147139858053299,4.721335856748026,0.5741959986947274,6.132745742797852,-0.14176459546205605,90,,,,,,
chesca_mesh,155,12,6,6,4.956873892620065,5.635580870879526,0.678706978259461,6.138881206512451,-0.9390631138648939,90,,,,,,
chesca_mesh,156,13,6,5,6.315256877949003,5.571256877949003,-0.7439999999999998,6.135577201843262,0.14368725070315724,90,,,,,,
chesca_mesh,157,14,6,6,4.95239550145389,4.07639550145389,-0.8760000000000003,6.1322736740112305,0.18929279288388426,90,,,,,,
chesca_mesh,158,15,6,0,5.23162741921629,5.23162741921629,0.0,6.1280035972595215,0.02534848891476739,90,,,,,,
chesca_mesh,159,16,6,6,5.725597526207982,4.849597526207983,-0.8759999999999986,6.123572826385498,0.5061007867596616,90,,,,,,
chesca_mesh,160,17,6,6,7.875610300869047,6.999610300869048,-0.8759999999999994,6.119142055511475,0.8922108823491738,90,,,,,,
chesca_mesh,161,18,6,6,7.674396964799048,6.798396964799048,-0.8760000000000003,6.127370834350586,0.34096030562764124,90,,,,,,
chesca_mesh,162,19,6,6,8.472647035949509,9.34864703594951,0.8760000000000012,6.134633541107178,-0.414321897099327,90,,,,,,
chesca_mesh,163,20,6,6,7.860968888210867,6.984968888210868,-0.8759999999999994,6.140769004821777,0.3542984764049874,90,,,,,,
chesca_mesh,164,21,6,6,8.198211730560134,7.3222117305601335,-0.8760000000000003,6.144176959991455,0.384182339151449,90,,,,,,
chesca_mesh,165,22,6,6,9.303413647781458,8.427413647781457,-0.8760000000000012,6.15305233001709,0.6182234217214256,90,,,,,,
chesca_mesh,166,23,6,6,8.663785625645708,7.787785625645711,-0.8759999999999977,6.1456451416015625,0.5574754639485205,90,,,,,,
chesca_mesh,167,24,6,6,8.149693743408319,7.273693743408319,-0.8760000000000003,6.161353588104248,0.28843073111151607,90,,,,,,
chesca_mesh,168,1,6,6,8.43202253651102,7.556022536511019,-0.8760000000000012,6.193850040435791,0.28915510705703096,90,,,,,,
chesca_mesh,169,2,6,6,7.519866729977318,6.643866729977318,-0.8760000000000003,6.237300872802734,0.5258609776701662,90,,,,,,
chesca_mesh,170,3,6,6,6.162907901035309,7.0389079010353095,0.8760000000000003,6.237300872802734,-0.3174780418046962,90,,,,,,
chesca_mesh,171,4,6,6,5.61995417617637,6.4959541761763715,0.8760000000000012,6.237300872802734,-0.13181033703973988,90,,,,,,
chesca_mesh,172,5,6,6,5.526661410643816,6.262201481654404,0.7355400710105879,6.270690441131592,-0.13174869121626964,90,,,,,,
chesca_mesh,173,6,6,6,5.667894452835255,6.337937034537655,0.6700425817023996,6.237300872802734,-0.149557533381608,90,,,,,,
chesca_mesh,174,7,6,6,4.036169313713635,4.585607219804768,0.549437906091133,6.2061896324157715,-0.16016782147888664,90,,,,,,
chesca_mesh,175,8,6,6,4.045314192790936,4.476569677355126,0.43125548456418983,6.2061896324157715,-0.20930141834216331,90,,,,,,
chesca_mesh,176,9,6,6,3.960616545391765,4.408231314384413,0.4476147689926484,6.188887596130371,-0.17397949681888175,90,,,,,,
chesca_mesh,177,10,6,0,3.6898935231385117,3.6898935231385117,0.0,6.188887596130371,-0.06614901560334348,90,,,,,,
chesca_mesh,178,11,6,6,1.5186918825265971,1.8918221981815746,0.37313031565497745,6.161353588104248,-0.1763668425861462,90,,,,,,
chesca_mesh,179,12,6,0,1.7404164734379355,1.7404164734379355,0.0,6.161353588104248,-0.00539619567337947,90,,,,,,
chesca_mesh,180,13,6,0,2.387754407798951,2.387754407798951,0.0,6.161353588104248,0.04749110280745435,90,,,,,,
chesca_mesh,181,14,6,6,3.8759634936739706,2.9999634936739707,-0.8759999999999999,6.161353588104248,0.0850828864321705,90,,,,,,
chesca_mesh,182,15,6,6,4.511448716768826,3.635448716768826,-0.8760000000000003,6.161353588104248,0.11758425114005547,90,,,,,,
chesca_mesh,183,16,6,6,5.210474797453448,4.334474797453447,-0.8760000000000003,6.161353588104248,0.5419280556923013,90,,,,,,
chesca_mesh,184,17,6,6,5.831256958738908,4.955256958738908,-0.8759999999999994,6.143932342529297,0.5339221348625248,90,,,,,,
chesca_mesh,185,18,6,6,6.491271094541177,5.6152710945411775,-0.8759999999999994,6.136993408203125,0.42844197703289244,90,,,,,,
chesca_mesh,186,19,6,6,7.4194685223596215,6.543468522359621,-0.8760000000000003,6.136993408203125,0.2842112248905394,90,,,,,,
chesca_mesh,187,20,6,6,9.331859473822892,8.45585947382289,-0.8760000000000012,6.136993408203125,0.27581633183798276,90,,,,,,
chesca_mesh,188,21,6,6,8.96895483097529,8.092954830975291,-0.8759999999999994,6.136993408203125,0.5097109925996286,90,,,,,,
chesca_mesh,189,22,6,0,7.2843970131835665,7.2843970131835665,0.0,6.136993408203125,0.3072929748903005,90,,,,,,
chesca_mesh,190,23,6,6,7.039294302968307,6.163294302968309,-0.8759999999999986,6.136993408203125,0.614632472443726,90,,,,,,
chesca_mesh,191,24,6,6,8.557455633035111,7.681455633035111,-0.8760000000000003,6.126104831695557,0.5303730410736262,90,,,,,,
chesca_mesh,192,1,6,6,8.529875369292032,7.653875369292033,-0.8759999999999994,6.126104831695557,0.3155136690689813,90,,,,,,
chesca_mesh,193,2,6,6,7.366660295881887,6.490660295881888,-0.8759999999999994,6.126104831695557,0.5201366230258111,90,,,,,,
chesca_mesh,194,3,6,6,5.041515794694731,5.917515794694731,0.8760000000000003,6.136993408203125,-0.6821060694749703,90,,,,,,
chesca_mesh,195,4,6,6,5.265259315123701,6.1412593151237,0.8759999999999994,6.136993408203125,-0.11974821214404648,90,,,,,,
chesca_mesh,196,5,6,6,4.844028661878804,5.56787442623403,0.7238457643552261,6.136993408203125,-0.15841203224827977,90,,,,,,
chesca_mesh,197,6,6,2,4.9823557531659395,5.30235575316594,0.3200000000000003,6.136993408203125,-0.07805843835139606,90,,,,,,
chesca_mesh,198,7,6,6,4.374702660078242,4.731400617766379,0.3566979576881373,6.136993408203125,-0.120626853400102,90,,,,,,
chesca_mesh,199,8,6,6,3.249762953758135,3.5702958106535747,0.32053285689543953,6.136993408203125,-0.11142906625985524,90,,,,,,
chesca_mesh,200,9,6,6,5.3130159733310816,4.437015973331081,-0.8760000000000003,6.136993408203125,0.13613257706687718,90,,,,,,
chesca_mesh,201,10,6,6,3.6489939026716818,4.280646101591529,0.6316521989198471,6.136993408203125,-0.0870534939411555,90,,,,,,
chesca_mesh,202,11,6,0,3.5891768184279034,3.5891768184279034,0.0,6.136993408203125,0.016806119254110338,90,,,,,,
chesca_mesh,203,12,6,6,3.1171836791340737,2.2411836791340747,-0.875999999999999,6.136993408203125,0.1323800617184248,90,,,,,,
chesca_mesh,204,13,6,6,5.267845359492281,4.39184535949228,-0.8760000000000003,6.136993408203125,0.2911823988322152,90,,,,,,
chesca_mesh,205,14,6,6,5.45133523574262,6.249434286068913,0.798099050326293,6.136993408203125,-0.233311370905105,90,,,,,,
chesca_mesh,206,15,6,6,6.303295854026801,5.4272958540268,-0.8760000000000003,6.136993408203125,0.17457400882772747,90,,,,,,
chesca_mesh,207,16,6,6,7.475187242069699,6.5991872420697,-0.8759999999999994,6.136993408203125,0.7652255363743561,90,,,,,,
chesca_mesh,208,17,6,6,9.865603701239426,8.989603701239426,-0.8759999999999994,6.136993408203125,1.5530370151584132,90,,,,,,
chesca_mesh,209,18,6,6,9.60312214176771,8.727122141767708,-0.8760000000000012,6.159151554107666,0.787467325580487,90,,,,,,
chesca_mesh,210,19,6,6,12.465934641064095,11.589934641064096,-0.8759999999999994,6.188887596130371,1.8106256895931898,90,,,,,,
chesca_mesh,211,20,6,6,11.702483194848,10.826483194848,-0.8759999999999994,6.188887596130371,1.279155464668483,90,,,,,,
chesca_mesh,212,21,6,6,10.11064270963206,9.234642709632059,-0.8760000000000012,6.188887596130371,0.8332998995876327,90,,,,,,
chesca_mesh,213,22,6,0,7.539140086622794,7.539140086622794,0.0,6.2061896324157715,0.2687446033527867,90,,,,,,
chesca_mesh,214,23,6,6,9.469849698609417,8.59384969860942,-0.8759999999999977,6.22609806060791,0.7439260438973844,90,,,,,,
chesca_mesh,215,24,6,6,8.587991006167107,7.711991006167106,-0.8760000000000003,6.261524677276611,0.36249581634409495,90,,,,,,
chesca_mesh,216,1,6,6,8.230817606760672,7.354817606760671,-0.8760000000000012,6.293524265289307,0.2123265465079346,90,,,,,,
chesca_mesh,217,2,6,6,7.802660982058114,6.926660982058114,-0.8760000000000003,6.293524265289307,0.40550223358760895,90,,,,,,
chesca_mesh,218,3,6,6,7.575588146068343,6.699588146068343,-0.8760000000000003,6.341617584228516,0.3619235533315513,90,,,,,,
chesca_mesh,219,4,6,6,7.0117893939669305,6.135789393966931,-0.8759999999999994,6.389096736907959,0.4647646117337937,90,,,,,,
chesca_mesh,220,5,6,6,5.298039074849641,6.17403907484964,0.8759999999999986,6.427236557006836,-0.12181144653383108,90,,,,,,
chesca_mesh,221,6,6,3,5.528145939679717,6.008145939679718,0.4800000000000013,6.427236557006836,-0.07619812424316334,90,,,,,,
chesca_mesh,222,7,6,0,4.223834136558285,4.223834136558285,0.0,6.427236557006836,-0.030068634176001342,90,,,,,,
chesca_mesh,223,8,6,0,4.692377645089729,4.692377645089729,0.0,6.427236557006836,-0.02463189916898916,90,,,,,,
chesca_mesh,224,9,6,6,3.5028548663860075,4.17129992721194,0.6684450608259329,6.456424713134766,-0.46512028012757006,90,,,,,,
chesca_mesh,225,10,6,0,2.933151309456393,2.9331513094563935,4.440892098500626e-16,6.456424713134766,0.05920298619728401,90,,,,,,
chesca_mesh,226,11,6,6,2.80318008061663,1.9271800806166304,-0.8759999999999997,6.427236557006836,0.12452754079218754,90,,,,,,
chesca_mesh,227,12,6,6,3.7002314320956304,2.8242314320956305,-0.8759999999999999,6.427236557006836,0.2651023869680161,90,,,,,,
chesca_mesh,228,13,6,5,5.172742171851347,4.428742171851347,-0.7439999999999998,6.389096736907959,0.4290004050936481,90,,,,,,
chesca_mesh,229,14,6,6,5.7793461839081095,6.484730425203652,0.7053842412955422,6.389096736907959,-0.14788166751068485,90,,,,,,
chesca_mesh,230,15,6,4,5.241009241696712,5.825009241696712,0.5840000000000005,6.341617584228516,-0.08947917781764132,90,,,,,,
chesca_mesh,231,16,6,6,5.690399851113924,4.814399851113925,-0.8759999999999994,6.293524265289307,0.3411025978203596,90,,,,,,
chesca_mesh,232,17,6,6,8.58867026185628,7.712670261856278,-0.8760000000000012,6.341617584228516,0.48776162860162897,90,,,,,,
chesca_mesh,233,18,6,6,8.630115381632347,7.754115381632347,-0.8760000000000003,6.389096736907959,0.800645251045667,90,,,,,,
chesca_mesh,234,19,6,6,10.535526622981523,9.659526622981522,-0.8760000000000012,6.427236557006836,1.0682115703978043,90,,,,,,
chesca_mesh,235,20,6,6,10.10661264448157,9.230612644481573,-0.8759999999999977,6.456424713134766,0.6250996075620052,90,,,,,,
chesca_mesh,236,21,6,6,10.171896797291048,9.295896797291048,-0.8759999999999994,6.491438388824463,0.8085969965611192,90,,,,,,
chesca_mesh,237,22,6,6,9.603490599205177,8.727490599205176,-0.8760000000000012,6.491438388824463,0.5740750136787433,90,,,,,,
chesca_mesh,238,23,6,6,10.398689747361857,9.52268974736186,-0.8759999999999977,6.491438388824463,0.734928174149998,90,,,,,,
chesca_mesh,239,24,6,6,11.616509461223512,10.740509461223512,-0.8759999999999994,6.514715194702148,1.1079767866710426,90,,,,,,
chesca_mesh,240,1,6,6,9.218451826230925,8.342451826230926,-0.8759999999999994,6.5286030769348145,0.38590362792071126,90,,,,,,
chesca_mesh,241,2,6,6,9.189011260482372,8.313011260482371,-0.8760000000000012,6.544561386108398,0.3844786352135907,90,,,,,,
chesca_mesh,242,3,6,6,8.25834456824198,7.382344568241981,-0.8759999999999994,6.5772480964660645,0.34468706799048354,90,,,,,,
chesca_mesh,243,4,6,6,6.679785123289865,7.5557851232898665,0.8760000000000012,6.605974197387695,-0.3168152645852577,90,,,,,,
chesca_mesh,244,5,6,6,5.451480372192174,6.3274803721921735,0.8759999999999994,6.605974197387695,-0.28051389715326636,90,,,,,,
chesca_mesh,245,6,6,6,5.476498471252372,6.067591168157752,0.5910926969053802,6.605974197387695,-0.18747504886995148,90,,,,,,
chesca_mesh,246,7,6,6,4.421735345721617,4.971771455473755,0.5500361097521385,6.605974197387695,-0.16009577303162273,90,,,,,,
chesca_mesh,247,8,6,6,4.111696982543975,4.678416860763827,0.5667198782198515,6.605974197387695,-0.17711703247735394,90,,,,,,
chesca_mesh,248,9,6,6,4.3825984460179495,4.743703474570538,0.36110502855258897,6.605974197387695,-0.10878958851803787,90,,,,,,
chesca_mesh,249,10,6,6,2.2805502228863226,2.7195165681273705,0.43896634524104794,6.681683540344238,-0.5993535192741359,90,,,,,,
chesca_mesh,250,11,6,6,0.1392182215336627,0.48718554514251833,0.3479673236088556,6.681683540344238,-0.2103820001199797,90,,,,,,
chesca_mesh,251,12,6,0,-0.23856936686432428,-0.23856936686432428,0.0,6.681683540344238,0.00816493147210038,90,,,,,,
chesca_mesh,252,13,6,6,2.7923395307462937,1.959624758283449,-0.8327147724628448,6.681683540344238,0.14777709094176367,90,,,,,,
chesca_mesh,253,14,6,6,3.5887420685515554,2.7127420685515555,-0.8759999999999999,6.681683540344238,0.3301503348056156,90,,,,,,
chesca_mesh,254,15,6,6,4.832997008146368,5.472511144833607,0.6395141366872394,6.681683540344238,-0.0984966112723068,90,,,,,,
chesca_mesh,255,16,6,4,9.25335358708487,8.64135358708487,-0.6120000000000001,6.681683540344238,1.3389626460842585,90,,,,,,
chesca_mesh,256,17,6,0,7.546260916629686,7.546260916629687,8.881784197001252e-16,6.748184680938721,0.007891084073980693,90,,,,,,
chesca_mesh,257,18,6,6,8.81195600573066,7.93595600573066,-0.8760000000000003,6.748184680938721,0.8465005182490606,90,,,,,,
chesca_mesh,258,19,6,6,12.753522562336792,11.877522562336793,-0.8759999999999994,6.801942348480225,1.850407061125374,90,,,,,,
chesca_mesh,259,20,6,6,10.915784587860108,10.039784587860106,-0.8760000000000012,6.801942348480225,0.898596751548338,90,,,,,,
chesca_mesh,260,21,6,6,10.668122355795461,9.792122355795462,-0.8759999999999994,6.801942348480225,0.8897477896901929,90,,,,,,
chesca_mesh,261,22,6,6,8.6943226334962,9.570322633496199,0.8759999999999994,6.801942348480225,-0.29323391486705075,90,,,,,,
chesca_mesh,262,23,6,6,8.970681119751768,8.094681119751769,-0.8759999999999994,6.801942348480225,0.2977561192800277,90,,,,,,
chesca_mesh,263,24,6,6,9.94134874263949,9.065348742639491,-0.8759999999999994,6.896455764770508,0.6144501296744161,90,,,,,,
chesca_mesh,264,1,6,6,10.142220599948791,9.266220599948792,-0.8759999999999994,6.947919845581055,0.5943182420730101,90,,,,,,
chesca_mesh,265,2,6,6,8.53371489623142,7.657714896231419,-0.8760000000000003,7.045384883880615,0.30957888405218426,90,,,,,,
chesca_mesh,266,3,6,0,7.457770527407349,7.457770527407349,0.0,7.1426262855529785,0.036963308235610955,90,,,,,,
chesca_mesh,267,4,6,6,5.804780054174635,6.680780054174634,0.8759999999999994,7.173978805541992,-0.1540514370830673,90,,,,,,
chesca_mesh,268,5,6,6,4.949773812713967,5.825773812713967,0.8760000000000003,7.173978805541992,-0.12899208415685437,90,,,,,,
chesca_mesh,269,6,6,6,5.008451369208885,5.581287613934238,0.5728362447253534,7.173978805541992,-0.11294159212878288,90,,,,,,
chesca_mesh,270,7,6,2,3.6351149325089067,3.927114932508907,0.29200000000000026,7.173978805541992,-0.08392126871719194,90,,,,,,
chesca_mesh,271,8,6,6,3.8160061089312265,2.9400061089312266,-0.8759999999999999,7.173978805541992,0.13197619207915048,90,,,,,,
chesca_mesh,272,9,6,6,2.702059698893109,1.8260596988931082,-0.8760000000000008,7.173978805541992,0.1305234819517863,90,,,,,,
chesca_mesh,273,10,6,5,4.7652335130512355,4.021233513051235,-0.7440000000000007,7.173978805541992,0.24967610085704733,90,,,,,,
chesca_mesh,274,11,6,6,3.125376839469552,2.249376839469552,-0.8759999999999999,7.173978805541992,0.12072317876576921,90,,,,,,
chesca_mesh,275,12,6,6,3.6128892561211314,2.736889256121131,-0.8760000000000003,7.173978805541992,0.14280535215052415,90,,,,,,
chesca_mesh,276,13,6,6,5.204641631780807,4.3286416317808065,-0.8760000000000003,7.173978805541992,0.38024703855009656,90,,,,,,
chesca_mesh,277,14,6,6,4.5094117166228935,3.6334117166228928,-0.8760000000000008,7.173978805541992,0.31499956343245716,90,,,,,,
chesca_mesh,278,15,6,6,4.865070040746988,3.9890700407469875,-0.8760000000000008,7.173978805541992,0.284898032414832,90,,,,,,
chesca_mesh,279,16,6,6,8.06688669053223,7.190886690532231,-0.8759999999999994,7.173978805541992,0.24233867952931515,90,,,,,,
chesca_mesh,280,17,6,6,8.20739224207955,7.33139224207955,-0.8759999999999994,7.173978805541992,0.2849006794562913,90,,,,,,
chesca_mesh,281,18,6,6,10.852480825696908,9.976480825696907,-0.8760000000000012,7.1939897537231445,0.9688232438931639,90,,,,,,
chesca_mesh,282,19,6,6,13.69263523105872,12.816635231058719,-0.8760000000000012,7.212924480438232,1.8974497113776683,90,,,,,,
chesca_mesh,283,20,6,6,11.36172605653315,10.485726056533151,-0.8759999999999994,7.212924480438232,0.723927838079983,90,,,,,,
chesca_mesh,284,21,6,6,11.726590037235395,10.850590037235396,-0.8759999999999994,7.212924480438232,0.8170474940736092,90,,,,,,
chesca_mesh,285,22,6,6,11.633547258597947,10.757547258597947,-0.8759999999999994,7.232356071472168,0.5642384739372425,90,,,,,,
chesca_mesh,286,23,6,0,10.485391226067435,10.485391226067433,-1.7763568394002505e-15,7.251291275024414,0.05969024507361417,90,,,,,,
chesca_mesh,287,24,6,6,10.054772603689345,9.178772603689346,-0.8759999999999994,7.3134236335754395,0.44276962115070045,90,,,,,,
chesca_mesh,288,1,6,6,9.333589219539439,8.457589219539438,-0.8760000000000012,7.3656229972839355,0.23812572328227355,90,,,,,,
chesca_mesh,289,2,6,6,8.840201522821191,7.96420152282119,-0.8760000000000012,7.38019323348999,0.13895500344909928,90,,,,,,
chesca_mesh,290,3,6,6,7.993206244002666,7.1172062440026655,-0.8760000000000003,7.3910746574401855,0.20718255800454766,90,,,,,,
chesca_mesh,291,4,6,6,8.587205610183283,7.711205610183282,-0.8760000000000003,7.3910746574401855,0.22557639332042329,90,,,,,,
chesca_mesh,292,5,6,0,5.120571158680116,5.120571158680115,-8.881784197001252e-16,7.428086757659912,-0.07784443201090191,90,,,,,,
chesca_mesh,293,6,6,6,5.750012237712234,4.874012237712234,-0.8759999999999994,7.428086757659912,0.12271049296621113,90,,,,,,
chesca_mesh,294,7,6,6,5.193749978131572,4.317749978131571,-0.8760000000000003,7.3910746574401855,0.23990972958394322,90,,,,,,
chesca_mesh,295,8,6,6,4.4956840322107725,3.6196840322107726,-0.8759999999999999,7.3910746574401855,0.14947779067934172,90,,,,,,
chesca_mesh,296,9,6,6,3.3843794735299997,2.5083794735299993,-0.8760000000000003,7.3910746574401855,0.1719971467979001,90,,,,,,
chesca_mesh,297,10,6,6,2.275056476064295,1.3990564760642945,-0.8760000000000003,7.3910746574401855,0.22924139451312775,90,,,,,,
chesca_mesh,298,11,6,6,3.364832050261033,2.4888320502610326,-0.8760000000000003,7.3910746574401855,0.21627546482289078,90,,,,,,
chesca_mesh,299,12,6,6,5.545561866361455,4.669561866361455,-0.8759999999999994,7.3910746574401855,0.43385322070300125,90,,,,,,
chesca_mesh,300,13,6,6,5.728422730211685,4.852422730211685,-0.8760000000000003,7.3910746574401855,0.1350668304806639,90,,,,,,
chesca_mesh,301,14,6,6,5.888831436500774,5.0128314365007745,-0.8759999999999994,7.3910746574401855,0.3311818700632001,90,,,,,,
chesca_mesh,302,15,6,6,8.09694933363519,7.22094933363519,-0.8759999999999994,7.38019323348999,0.30984743647773194,90,,,,,,
chesca_mesh,303,16,6,6,8.884423912868954,8.008423912868952,-0.8760000000000012,7.38019323348999,0.4014310841349079,90,,,,,,
chesca_mesh,304,17,6,6,11.930971690730873,11.054971690730873,-0.8759999999999994,7.38019323348999,1.4541871760662133,90,,,,,,
chesca_mesh,305,18,6,6,10.180470714997183,9.304470714997183,-0.8759999999999994,7.3910746574401855,0.6402395742164707,90,,,,,,
chesca_mesh,306,19,6,6,13.383001014072937,12.507001014072937,-0.8759999999999994,7.428086757659912,1.7271511696222006,90,,,,,,
chesca_mesh,307,20,6,6,13.938771699780828,13.062771699780829,-0.8759999999999994,7.512493133544922,1.3714361762453247,90,,,,,,
chesca_mesh,308,21,6,6,10.018120063205197,9.142120063205198,-0.8759999999999994,7.512493133544922,0.35968386061500374,90,,,,,,
chesca_mesh,309,22,6,3,8.886770651988158,8.406770651988158,-0.4800000000000004,7.560426235198975,0.5022792647563549,90,,,,,,
chesca_mesh,310,23,6,6,9.42410579820298,8.54810579820298,-0.8759999999999994,7.588111400604248,0.3437863804095467,90,,,,,,
chesca_mesh,311,24,6,6,9.61751058642628,8.74151058642628,-0.8759999999999994,7.6408514976501465,0.3618856578932391,90,,,,,,
chesca_mesh,312,1,6,6,9.862130510036698,8.986130510036697,-0.8760000000000012,7.6408514976501465,0.4597131491181373,90,,,,,,
chesca_mesh,313,2,6,6,9.378202043638145,8.502202043638144,-0.8760000000000012,7.678192615509033,0.24895272484108116,90,,,,,,
chesca_mesh,314,3,6,0,7.163071309388502,7.163071309388502,0.0,7.698953628540039,-0.012938207792071943,90,,,,,,
chesca_mesh,315,4,6,0,6.160457537361165,6.160457537361165,0.0,7.698953628540039,0.02599550834307439,90,,,,,,
chesca_mesh,316,5,6,0,4.918205110460869,4.918205110460869,0.0,7.698953628540039,0.023170040007756548,90,,,,,,
chesca_mesh,317,6,6,6,5.341553913248265,4.4655539132482645,-0.8760000000000003,7.698953628540039,0.0908174298875691,90,,,,,,
chesca_mesh,318,7,6,6,5.203790108747185,4.327790108747187,-0.8759999999999986,7.698953628540039,0.1322826837411316,90,,,,,,
chesca_mesh,319,8,6,6,5.1981375509511505,4.322137550951151,-0.8759999999999994,7.698953628540039,0.11543892474524112,90,,,,,,
chesca_mesh,320,9,6,0,3.252610036844132,3.2526100368441324,4.440892098500626e-16,7.698953628540039,0.0004299818319357246,90,,,,,,
chesca_mesh,321,10,6,6,4.180872666102096,3.304872666102096,-0.8759999999999999,7.698953628540039,0.17855671712038299,90,,,,,,
chesca_mesh,322,11,6,6,4.014407902937158,3.138407902937158,-0.8760000000000003,7.698953628540039,0.16050932534472728,90,,,,,,
chesca_mesh,323,12,6,6,4.950042231685002,4.074042231685001,-0.8760000000000003,7.678192615509033,0.1469976305427967,90,,,,,,
chesca_mesh,324,13,6,0,4.969299260160873,4.969299260160873,0.0,7.678192615509033,0.06951480461232776,90,,,,,,
chesca_mesh,325,14,6,0,4.651837313545046,4.651837313545046,0.0,7.678192615509033,0.06868896305875691,90,,,,,,
chesca_mesh,326,15,6,6,5.470468413601742,4.594468413601741,-0.8760000000000003,7.678192615509033,0.324167749879421,90,,,,,,
chesca_mesh,327,16,6,6,7.018181569018884,6.142181569018882,-0.8760000000000021,7.678192615509033,0.6149328769912277,90,,,,,,
chesca_mesh,328,17,6,6,10.107388900349019,9.231388900349017,-0.8760000000000012,7.678192615509033,1.119436088257542,90,,,,,,
chesca_mesh,329,18,6,6,15.80575599245989,14.929755992459892,-0.8759999999999977,7.678192615509033,2.7773238927954496,90,,,,,,
chesca_mesh,330,19,6,6,13.761496422565436,12.885496422565435,-0.8760000000000012,7.678192615509033,0.7402360274860136,90,,,,,,
chesca_mesh,331,20,6,6,11.863858161950413,10.987858161950413,-0.8759999999999994,7.678192615509033,0.8044974295394102,90,,,,,,
chesca_mesh,332,21,6,6,11.846844710603126,10.970844710603126,-0.8759999999999994,7.698953628540039,0.9276094894905959,90,,,,,,
chesca_mesh,333,22,6,6,11.454618517781732,10.578618517781731,-0.8760000000000012,7.698953628540039,0.9104507239214028,90,,,,,,
chesca_mesh,334,23,6,6,11.438684455212696,10.562684455212695,-0.8760000000000012,7.754542350769043,0.9295600533155124,90,,,,,,
chesca_mesh,335,24,6,6,10.325423262705534,9.449423262705535,-0.8759999999999994,7.754542350769043,0.4827270007989325,90,,,,,,
chesca_mesh,336,1,6,6,11.207707732071565,10.331707732071566,-0.8759999999999994,7.82426118850708,0.809758162373743,90,,,,,,
chesca_mesh,337,2,6,6,10.470442069912695,9.594442069912695,-0.8759999999999994,7.870350360870361,0.5208037336085841,90,,,,,,
chesca_mesh,338,3,6,6,9.492398390996296,8.616398390996297,-0.8759999999999994,7.889988899230957,0.2687612887482636,90,,,,,,
chesca_mesh,339,4,6,6,9.208304966505903,8.332304966505902,-0.8760000000000012,7.955063819885254,0.25027716778903003,90,,,,,,
chesca_mesh,340,5,6,0,6.63222208941467,6.632222089414671,8.881784197001252e-16,7.955063819885254,0.05785234442763118,90,,,,,,
chesca_mesh,341,6,6,0,6.610876746962771,6.61087674696277,-8.881784197001252e-16,8.015046119689941,0.017874125000621383,90,,,,,,
chesca_mesh,342,7,6,6,6.079793902597232,5.203793902597232,-0.8760000000000003,8.015046119689941,0.1562113102304403,90,,,,,,
chesca_mesh,343,8,6,0,5.201034156995518,5.201034156995518,0.0,8.015046119689941,0.014733451688552945,90,,,,,,
chesca_mesh,344,9,6,6,4.319797371848397,5.165724492490626,0.8459271206422292,8.067370414733887,-0.28535679310971773,90,,,,,,
chesca_mesh,345,10,6,5,2.9404134761049416,3.576413476104941,0.6359999999999992,8.067370414733887,-0.09331929475408733,90,,,,,,
chesca_mesh,346,11,6,6,3.0882396454486143,2.2122396454486135,-0.8760000000000008,8.067370414733887,0.09596501107354813,90,,,,,,
chesca_mesh,347,12,6,6,3.139521912115785,2.2635219121157846,-0.8760000000000003,8.067370414733887,0.08673181137850604,90,,,,,,
chesca_mesh,348,13,6,6,4.6009716593197325,3.724971659319733,-0.8759999999999994,8.067370414733887,0.3329139059662581,90,,,,,,
chesca_mesh,349,14,6,6,3.503680112402093,2.6276801124020945,-0.8759999999999986,8.067370414733887,0.17991640791452318,90,,,,,,
chesca_mesh,350,15,6,6,5.005233564349514,4.129233564349514,-0.8760000000000003,8.067370414733887,0.26619887345979093,90,,,,,,
chesca_mesh,351,16,6,6,7.197441884452115,6.321441884452115,-0.8759999999999994,8.067370414733887,0.6048080976041091,90,,,,,,
chesca_mesh,352,17,6,6,9.602470379825515,8.726470379825516,-0.8759999999999994,8.067370414733887,0.8991973239948258,90,,,,,,
chesca_mesh,353,18,6,6,10.527501822338674,9.651501822338673,-0.8760000000000012,8.176255226135254,0.8162907234314682,90,,,,,,
chesca_mesh,354,19,6,6,14.145240427351498,13.269240427351496,-0.8760000000000012,8.235282897949219,1.6443311484925862,90,,,,,,
chesca_mesh,355,20,6,6,13.844058467342807,12.968058467342805,-0.8760000000000012,8.235282897949219,1.2883063494086682,90,,,,,,
chesca_mesh,356,21,6,6,11.992851441700019,11.116851441700017,-0.8760000000000012,8.235282897949219,0.7645343889517131,90,,,,,,
chesca_mesh,357,22,6,6,8.603473110198976,9.479473110198976,0.8759999999999994,8.24807357788086,-0.14842502371538396,90,,,,,,
chesca_mesh,358,23,6,6,10.43008981126859,9.55408981126859,-0.8760000000000012,8.281516075134277,0.4264623084440416,90,,,,,,
chesca_mesh,359,24,6,6,10.319555573411954,9.443555573411953,-0.8760000000000012,8.32185173034668,0.38295255943249973,90,,,,,,
chesca_mesh,360,1,6,6,10.481760078250089,9.605760078250087,-0.8760000000000012,8.35460376739502,0.29056388115501974,90,,,,,,
chesca_mesh,361,2,6,6,10.150750998167355,9.274750998167356,-0.8759999999999994,8.3718843460083,0.11213417114729364,90,,,,,,
chesca_mesh,362,3,6,0,8.761856244764088,8.76185624476409,1.7763568394002505e-15,8.3718843460083,-0.025196159248656536,90,,,,,,
chesca_mesh,363,4,6,6,6.51550871818227,7.391508718182269,0.8759999999999994,8.385164260864258,-0.20359261591775707,90,,,,,,
chesca_mesh,364,5,6,6,5.439629665705489,6.3156296657054884,0.8759999999999994,8.385164260864258,-0.14309706480327036,90,,,,,,
chesca_mesh,365,6,6,0,5.5884885988882775,5.588488598888278,8.881784197001252e-16,8.385164260864258,-0.05244974736135596,90,,,,,,
chesca_mesh,366,7,6,0,4.0742207621285225,4.0742207621285225,0.0,8.385164260864258,-0.018963638058698426,90,,,,,,
chesca_mesh,367,8,6,6,4.5121027870682395,3.636102787068239,-0.8760000000000003,8.385164260864258,0.09856245487041737,90,,,,,,
chesca_mesh,368,9,6,6,3.663102811202119,2.787102811202119,-0.8760000000000003,8.385164260864258,0.0872047317453043,90,,,,,,
chesca_mesh,384,1,6,6,28.041409403604042,27.165409518044964,-0.8759998855590787,8.235282897949219,6.225037172705703,90,,,,,,
chesca_mesh,385,2,6,0,12.87290361334589,12.87290361334589,0.0,8.24807357788086,-0.044020872021772996,90,,,,,,
chesca_mesh,386,3,6,6,8.362922555701786,9.238922555701787,0.8760000000000012,8.281516075134277,-0.11617115797726851,90,,,,,,
chesca_mesh,387,4,6,6,7.067995550594428,7.943995550594428,0.8760000000000003,8.32185173034668,-0.21027822235891547,90,,,,,,
chesca_mesh,388,5,6,6,6.132832688245163,7.008832688245163,0.8760000000000003,8.35460376739502,-0.17606399289791194,90,,,,,,
chesca_mesh,389,6,6,6,5.4055074027916366,6.127876591540659,0.7223691887490222,8.361703872680664,-0.19497094374427262,90,,,,,,
chesca_mesh,390,7,6,5,3.3956591195941352,3.7543081806578376,0.3586490610637023,8.361703872680664,-0.11271826669771683,90,,,,,,
chesca_mesh,391,8,6,0,3.078203239079064,3.0782032390790635,-4.440892098500626e-16,8.361703872680664,-0.0588140393356393,90,,,,,,
chesca_mesh,392,9,6,0,1.7898064988397873,1.7898064988397873,0.0,8.34807014465332,-0.07434483055212718,90,,,,,,
chesca_mesh,393,10,6,0,1.0914201543790467,1.0914201543790467,0.0,8.34807014465332,-0.06422117593336137,90,,,,,,
chesca_mesh,394,11,6,0,3.2663013578529156,3.2663013578529156,0.0,8.34807014465332,0.031444381483146204,90,,,,,,
chesca_mesh,395,12,6,0,5.4035360824672045,5.4035360824672045,0.0,8.34807014465332,-0.0828207146803682,90,,,,,,
chesca_mesh,396,13,6,6,5.182331679369202,5.869854747754382,0.6875230683851798,8.34807014465332,-0.1275794911052753,90,,,,,,
chesca_mesh,397,14,6,0,4.7828386728652355,4.7828386728652355,0.0,8.34807014465332,-0.00981199320038871,90,,,,,,
chesca_mesh,398,15,6,6,6.257455448239964,5.381455448239964,-0.8759999999999994,8.34807014465332,0.12901791371447693,90,,,,,,
chesca_mesh,399,16,6,6,8.946361199299721,8.07036119929972,-0.8760000000000012,8.34807014465332,0.543411330505141,90,,,,,,
chesca_mesh,400,17,6,6,12.727898180054085,11.851898180054086,-0.8759999999999994,8.32185173034668,1.4097491992835072,90,,,,,,
chesca_mesh,401,18,6,6,13.537156251481584,12.661156251481582,-0.8760000000000012,8.34807014465332,1.3797119642669184,90,,,,,,
chesca_mesh,402,19,6,6,16.303219473011445,15.427219473011448,-0.8759999999999977,8.361703872680664,1.625146861447869,90,,,,,,
chesca_mesh,403,20,6,6,13.009504009706898,12.133504009706897,-0.8760000000000012,8.361703872680664,0.3325459631521795,90,,,,,,
chesca_mesh,404,21,6,6,12.224398706593586,11.348398706593587,-0.8759999999999994,8.361703872680664,0.680036851736818,90,,,,,,
chesca_mesh,405,22,6,0,10.774310737891831,10.774310737891831,0.0,8.361703872680664,0.4658194682138523,90,,,,,,
chesca_mesh,406,23,6,6,9.90362361868577,9.02762361868577,-0.8760000000000012,8.361703872680664,0.10275802934365043,90,,,,,,
chesca_mesh,407,24,6,6,9.818076918711393,8.942076918711395,-0.8759999999999977,8.361703872680664,0.104547029005602,90,,,,,,
chesca_mesh,408,1,6,6,11.042620406846872,10.16662040684687,-0.8760000000000012,8.361703872680664,0.29630274956411035,90,,,,,,
chesca_mesh,409,2,6,6,8.451601511887567,9.327601511887567,0.8759999999999994,8.3718843460083,-0.1999931041579998,90,,,,,,
chesca_mesh,410,3,6,6,6.7028781506923885,7.578878150692388,0.8759999999999994,8.385164260864258,-0.23959786245190595,90,,,,,,
chesca_mesh,411,4,6,6,6.155388714065847,7.031388714065844,0.8759999999999977,8.385164260864258,-0.16576971716713168,90,,,,,,
chesca_mesh,412,5,6,6,5.424513489639665,6.033444027515174,0.6089305378755094,8.385164260864258,-0.21466443374732522,90,,,,,,
chesca_mesh,413,6,6,6,5.440186478828151,5.894166467897505,0.4539799890693539,8.385164260864258,-0.19979063345288461,90,,,,,,
chesca_mesh,414,7,6,4,4.757424242997663,5.130373192291319,0.3729489492936562,8.385164260864258,-0.1189745655073007,90,,,,,,
chesca_mesh,415,8,6,0,3.909995449304554,3.9099954493045543,4.440892098500626e-16,8.385164260864258,-0.07743965973681019,90,,,,,,
chesca_mesh,416,9,6,0,2.602894388452569,2.602894388452569,0.0,8.385164260864258,-0.044157805281079515,90,,,,,,
chesca_mesh,417,10,6,0,2.8308463094538148,2.830846309453815,4.440892098500626e-16,8.385164260864258,0.007960809515720582,90,,,,,,
chesca_mesh,418,11,6,0,3.537150218257068,3.537150218257068,0.0,8.385164260864258,-0.011525089811120909,90,,,,,,
chesca_mesh,419,12,6,0,2.9882623540942954,2.9882623540942954,0.0,8.385164260864258,0.055174369531576575,90,,,,,,
chesca_mesh,420,13,6,6,4.534583675437735,3.658583675437734,-0.8760000000000008,8.385164260864258,0.0961159833043258,90,,,,,,
chesca_mesh,421,14,6,0,4.445970732969794,4.445970732969794,0.0,8.385164260864258,-0.0473447485457561,90,,,,,,
chesca_mesh,422,15,6,6,5.138929739308673,4.262929739308674,-0.8759999999999994,8.385164260864258,0.14172089957990314,90,,,,,,
chesca_mesh,423,16,6,6,7.909002193385321,7.03300219338532,-0.8760000000000012,8.385164260864258,0.6156395331834176,90,,,,,,
chesca_mesh,424,17,6,6,9.099555036940382,8.22355503694038,-0.8760000000000012,8.3718843460083,0.579298253697927,90,,,,,,
chesca_mesh,425,18,6,6,11.242285968223523,10.366285968223524,-0.8759999999999994,8.3718843460083,0.9588479750280615,90,,,,,,
chesca_mesh,426,19,6,6,13.905193606770812,13.02919360677081,-0.8760000000000012,8.385164260864258,1.2161149082742466,90,,,,,,
chesca_mesh,427,20,6,6,11.893609774331198,11.017609774331197,-0.8760000000000012,8.385164260864258,0.41647728999653694,90,,,,,,
chesca_mesh,428,21,6,6,11.09114074669417,10.215140746694171,-0.8759999999999994,8.385164260864258,0.3323791201717709,90,,,,,,
chesca_mesh,429,22,6,6,8.935773339165182,9.811773339165182,0.8759999999999994,8.385164260864258,-0.09868934988276017,90,,,,,,
chesca_mesh,430,23,6,0,8.746482637934347,8.746482637934347,0.0,8.402392387390137,-0.017601983281513287,90,,,,,,
chesca_mesh,431,24,6,6,8.646290626395357,9.522290626395357,0.8759999999999994,8.402392387390137,-0.21727575624668077,90,,,,,,
chesca_mesh,432,1,6,6,8.28826325193712,9.16426325193712,0.8759999999999994,8.402392387390137,-0.2645329765658907,90,,,,,,
chesca_mesh,433,2,6,6,6.354599531076398,7.230599531076399,0.8760000000000003,8.402392387390137,-0.36571357212794064,90,,,,,,
chesca_mesh,434,3,6,6,4.922158901959544,5.798158901959544,0.8760000000000003,8.402392387390137,-0.34976911152120505,90,,,,,,
chesca_mesh,435,4,6,6,4.99024146147643,5.695137400949543,0.7048959394731131,8.402392387390137,-0.2799944048627678,90,,,,,,
chesca_mesh,436,5,6,6,4.119109635507207,4.518483977843072,0.39937434233586533,8.402392387390137,-0.3419097993675047,90,,,,,,
chesca_mesh,437,6,6,6,5.284314958320542,5.627287662841903,0.34297270452136086,8.402392387390137,-0.28830488305496293,90,,,,,,
chesca_mesh,438,7,6,6,3.796744207269478,4.136326219885812,0.33958201261633425,8.402392387390137,-0.2521966288449592,90,,,,,,
chesca_mesh,439,8,6,6,3.7023777543215326,3.9598718245443747,0.2574940702228421,8.420153617858887,-0.6268501068292949,90,,,,,,
chesca_mesh,440,9,6,6,0.005863977846236823,0.22764380308651944,0.2217798252402826,8.420153617858887,-0.3548268308703528,90,,,,,,
chesca_mesh,441,10,6,6,1.468029040311949,1.8075410827983365,0.33951204248638756,8.420153617858887,-0.14205847278767744,90,,,,,,
chesca_mesh,442,11,6,0,0.21046858793935608,0.21046858793935613,5.551115123125783e-17,8.420153617858887,-0.054167556909851144,90,,,,,,
chesca_mesh,443,12,6,6,1.9482412908634414,1.0722412908634422,-0.8759999999999992,8.420153617858887,0.1282783331459757,90,,,,,,
chesca_mesh,444,13,6,6,2.4380750300405554,1.562075030040555,-0.8760000000000003,8.420153617858887,0.11225980856853193,90,,,,,,
chesca_mesh,445,14,6,6,3.243598402534922,2.3675984025349215,-0.8760000000000003,8.420153617858887,0.09590003534629438,90,,,,,,
chesca_mesh,446,15,6,6,4.864794854828583,5.492230831169234,0.6274359763406512,8.420153617858887,-0.1061873005381006,90,,,,,,
chesca_mesh,447,16,6,6,6.477178692107255,5.601178692107257,-0.8759999999999986,8.420153617858887,0.09828537197079143,90,,,,,,
chesca_mesh,448,17,6,6,8.78423472408451,7.908234724084511,-0.8759999999999986,8.402392387390137,0.19736625531763882,90,,,,,,
chesca_mesh,449,18,6,6,11.9833081702386,11.1073081702386,-0.8759999999999994,8.381209373474121,0.7268824221878761,90,,,,,,
chesca_mesh,450,19,6,6,15.631813560987855,14.755813560987855,-0.8759999999999994,8.381209373474121,1.5100548301290304,90,,,,,,
chesca_mesh,451,20,6,6,13.411340943893103,12.535340943893104,-0.8759999999999994,8.381209373474121,0.7446780668440641,90,,,,,,
chesca_mesh,452,21,6,6,12.738366358259118,11.862366358259116,-0.8760000000000012,8.381209373474121,0.6633042843605895,90,,,,,,
chesca_mesh,453,22,6,0,10.658670844928668,10.65867084492867,1.7763568394002505e-15,8.381209373474121,0.3669713184606481,90,,,,,,
chesca_mesh,454,23,6,6,9.885217928216795,9.009217928216797,-0.8759999999999977,8.381209373474121,0.19517281027380468,90,,,,,,
chesca_mesh,455,24,6,6,10.444669948764814,9.568669948764812,-0.8760000000000012,8.381209373474121,0.1070028253869417,90,,,,,,
chesca_mesh,456,1,6,6,10.602527361757117,9.726527361757118,-0.8759999999999994,8.381209373474121,0.2752603667309711,90,,,,,,
chesca_mesh,457,2,6,6,8.872334279483606,9.748334279483608,0.8760000000000012,8.402392387390137,-0.22691991687853774,90,,,,,,
chesca_mesh,458,3,6,6,6.8579670337750045,7.733967033775003,0.8759999999999986,8.420153617858887,-0.41311563154297204,90,,,,,,
chesca_mesh,459,4,6,6,6.299778887463396,7.1757788874633945,0.8759999999999986,8.420153617858887,-0.31856702376821305,90,,,,,,
chesca_mesh,460,5,6,6,5.51985836141187,6.091650341655793,0.5717919802439226,8.420153617858887,-0.41593149527173495,90,,,,,,
chesca_mesh,461,6,6,6,6.132503634804749,6.681120841613487,0.5486172068087383,8.420153617858887,-0.4145322071609111,90,,,,,,
chesca_mesh,462,7,6,6,5.803212635637986,6.460965695325956,0.6577530596879697,8.420153617858887,-0.1368966479580127,90,,,,,,
chesca_mesh,463,8,6,6,5.310836037777282,5.968018351460123,0.6571823136828412,8.420153617858887,-0.26276300175014095,90,,,,,,
chesca_mesh,464,9,6,6,4.28114354023427,4.8779642175054425,0.5968206772711726,8.420153617858887,-0.2967204892506714,90,,,,,,
chesca_mesh,465,10,6,4,4.108487018380658,4.427643899501669,0.31915688112101126,8.420153617858887,-0.11225103481054216,90,,,,,,
chesca_mesh,466,11,6,6,1.8631295805163604,2.2149417717338595,0.3518121912174992,8.420153617858887,-0.15363628229844692,90,,,,,,
chesca_mesh,467,12,6,2,3.9975981502178572,4.317598150217857,0.31999999999999984,8.420153617858887,-0.09007318628692042,90,,,,,,
chesca_mesh,468,13,6,4,4.414073561024741,4.802778131188121,0.3887045701633802,8.420153617858887,-0.1082104714069826,90,,,,,,
chesca_mesh,469,14,6,0,5.028641723902357,5.028641723902357,0.0,8.420153617858887,-0.04202872977380276,90,,,,,,
chesca_mesh,470,15,6,0,5.485300654660644,5.4853006546606435,-8.881784197001252e-16,8.420153617858887,-0.05525822127523477,90,,,,,,
chesca_mesh,471,16,6,0,6.5762170204348855,6.576217020434885,-8.881784197001252e-16,8.420153617858887,0.03937812185594821,90,,,,,,
chesca_mesh,472,17,6,6,8.750203985048651,9.626203985048651,0.8759999999999994,8.460563659667969,-0.2569172793880029,90,,,,,,
chesca_mesh,473,18,6,6,11.209856674290773,10.445344828940506,-0.7645118453502668,8.460563659667969,0.34829070281641183,90,,,,,,
chesca_mesh,474,19,6,6,12.29316435689918,11.417164356899178,-0.8760000000000012,8.460563659667969,0.6414719412088058,90,,,,,,
chesca_mesh,475,20,6,6,11.58909494135854,10.71309494135854,-0.8760000000000012,8.460563659667969,0.38118806439306163,90,,,,,,
chesca_mesh,476,21,6,6,11.285892789633369,10.409892789633368,-0.8760000000000012,8.460563659667969,0.28875207614400844,90,,,,,,
chesca_mesh,477,22,6,0,9.670072015439471,9.670072015439473,1.7763568394002505e-15,8.487076759338379,-0.03267455225824262,90,,,,,,
chesca_mesh,478,23,6,6,10.243958032471689,9.36795803247169,-0.8759999999999994,8.555880546569824,0.20839032176181496,90,,,,,,
chesca_mesh,479,24,6,6,10.543881152262419,9.66788115226242,-0.8759999999999977,8.689923286437988,0.2647824622729955,90,,,,,,
chesca_mesh,480,1,6,6,11.288969288071751,10.41296928807175,-0.8760000000000012,8.761944770812988,0.27234266302193477,90,,,,,,
chesca_mesh,481,2,6,0,10.031658583433051,10.031658583433051,0.0,8.761944770812988,-0.07371410163858771,90,,,,,,
chesca_mesh,482,3,6,6,8.95829590359589,9.834295903595889,0.8759999999999994,8.798083305358887,-0.18509047761962072,90,,,,,,
chesca_mesh,483,4,6,6,6.9794254776926925,7.855425477692691,0.8759999999999986,8.831658363342285,-0.36672560887012834,90,,,,,,
chesca_mesh,484,5,6,6,6.8740395360846005,7.750039536084602,0.8760000000000012,8.831658363342285,-0.21759959065826764,90,,,,,,
chesca_mesh,485,6,6,6,5.730742891702012,6.413670625556827,0.6829277338548154,8.831658363342285,-0.162327327109814,90,,,,,,
chesca_mesh,486,7,6,6,5.420467001980417,5.878748027087161,0.45828102510674373,8.831658363342285,-0.13624926224483014,90,,,,,,
chesca_mesh,487,8,6,5,5.1780455141923705,5.682352781554792,0.5043072673624218,8.831658363342285,-0.11883432166210256,90,,,,,,
chesca_mesh,488,9,6,6,2.9169320509662042,3.1926574483404235,0.2757253973742193,8.831658363342285,-0.39984292466176063,90,,,,,,
chesca_mesh,489,10,6,6,1.5900206268224508,1.9099923899756928,0.31997176315324194,8.831658363342285,-0.22652346118278816,90,,,,,,
chesca_mesh,490,11,6,4,1.783253299807268,2.035497722199679,0.25224442239241096,8.831658363342285,-0.12080510436616584,90,,,,,,
chesca_mesh,491,12,6,6,2.1580741871060756,2.3954802431244335,0.23740605601835796,8.831658363342285,-0.1359825625111051,90,,,,,,
chesca_mesh,492,13,6,0,3.3713400438565566,3.371340043856556,-4.440892098500626e-16,8.831658363342285,0.04663432412082724,90,,,,,,
chesca_mesh,493,14,6,0,3.3355951762397593,3.3355951762397593,0.0,8.831658363342285,-0.025357120028502628,90,,,,,,
chesca_mesh,494,15,6,0,5.5146832938491,5.5146832938491,0.0,8.831658363342285,0.03931865138120818,90,,,,,,
chesca_mesh,495,16,6,6,7.617373097439451,6.791222477013001,-0.8261506204264499,8.831658363342285,0.3655459371652873,90,,,,,,
chesca_mesh,496,17,6,6,9.072967763473924,8.196967763473925,-0.8759999999999994,8.831658363342285,0.32157766717408615,90,,,,,,
chesca_mesh,497,18,6,6,11.578499541508808,10.702499541508809,-0.8759999999999994,8.798083305358887,0.9020542330920228,90,,,,,,
chesca_mesh,498,19,6,6,14.145807548050884,13.269807548050887,-0.8759999999999977,8.798083305358887,1.1031237299480037,90,,,,,,
chesca_mesh,499,20,6,6,11.702246755897338,10.826246755897339,-0.8759999999999994,8.798083305358887,0.20208965397485013,90,,,,,,
chesca_mesh,500,21,6,6,11.740054066596478,10.86405406659648,-0.8759999999999977,8.798083305358887,0.39845760171961114,90,,,,,,
chesca_mesh,501,22,6,0,9.557224707759222,9.557224707759222,0.0,8.798083305358887,0.017829688896242396,90,,,,,,
chesca_mesh,502,23,6,6,9.670985288124513,8.794985288124513,-0.8759999999999994,8.76639461517334,0.21343579373903662,90,,,,,,
chesca_mesh,503,24,6,6,10.188680801977842,9.312680801977844,-0.8759999999999977,8.759018898010254,0.1600947984682082,90,,,,,,
chesca_mesh,504,1,6,6,10.416669403194856,9.540669403194855,-0.8760000000000012,8.759018898010254,0.17684344209314284,90,,,,,,
chesca_mesh,505,2,6,6,9.432755234148912,8.556755234148913,-0.8759999999999994,8.759018898010254,0.15107823929801437,90,,,,,,
chesca_mesh,506,3,6,0,7.3147690289169205,7.3147690289169205,0.0,8.633682250976562,-0.04981600110688838,90,,,,,,
chesca_mesh,507,4,6,0,6.10861636208541,6.10861636208541,0.0,8.633682250976562,-0.05292995432848517,90,,,,,,
chesca_mesh,508,5,6,0,5.016218755888383,5.016218755888384,8.881784197001252e-16,8.633682250976562,-0.04194432929430393,90,,,,,,
chesca_mesh,509,6,6,6,5.600366160581316,4.724366160581317,-0.8759999999999994,8.633682250976562,0.14413040228209323,90,,,,,,
chesca_mesh,510,7,6,6,4.39890213101133,5.125993951200697,0.7270918201893668,8.759018898010254,-0.3859579148260319,90,,,,,,
chesca_mesh,511,8,6,0,4.134981799834575,4.134981799834575,0.0,8.759018898010254,0.030975180026418747,90,,,,,,
chesca_mesh,512,9,6,4,3.410681033522409,3.708553505071703,0.29787247154929375,8.633682250976562,-0.1018682740492178,90,,,,,,
chesca_mesh,513,10,6,5,3.2572843190933085,3.479606650174802,0.22232233108149346,8.633682250976562,-0.11834313542529927,90,,,,,,
chesca_mesh,514,11,6,6,2.2557451242861104,2.5761697616734187,0.3204246373873083,8.633682250976562,-0.1794459775072949,90,,,,,,
chesca_mesh,515,12,6,6,2.0744108630507174,2.304936902734865,0.23052603968414775,8.633682250976562,-0.2226549355993011,90,,,,,,
chesca_mesh,516,13,6,0,2.238576819154753,2.238576819154753,0.0,8.633682250976562,0.030318609708933627,90,,,,,,
chesca_mesh,517,14,6,0,2.807653836636003,2.8076538366360033,4.440892098500626e-16,8.633682250976562,0.05223879887531204,90,,,,,,
chesca_mesh,518,15,6,0,1.5299498029616858,1.5299498029616858,0.0,8.633682250976562,0.07072238137342127,90,,,,,,
chesca_mesh,519,16,6,6,4.572659023088346,3.6966590230883467,-0.8759999999999994,8.633682250976562,0.5120100002160908,90,,,,,,
chesca_mesh,520,17,6,6,5.879773499370478,5.003773499370478,-0.8760000000000003,8.633682250976562,0.504360495773206,90,,,,,,
chesca_mesh,521,18,6,6,7.333064948912758,6.457064948912759,-0.8759999999999994,8.487076759338379,0.5749672320058026,90,,,,,,
chesca_mesh,522,19,6,6,8.964192022701063,8.088192022701062,-0.8760000000000012,8.46941089630127,0.18795415568550355,90,,,,,,
chesca_mesh,523,20,6,6,8.671267142884393,7.795267142884392,-0.8760000000000003,8.439071655273438,0.13328703023242916,90,,,,,,
chesca_mesh,524,21,6,6,9.008818207447465,8.132818207447466,-0.8759999999999994,8.395828247070312,0.28880682443711037,90,,,,,,
chesca_mesh,525,22,6,0,7.348728377475285,7.348728377475285,0.0,8.355731964111328,0.04458180208590567,90,,,,,,
chesca_mesh,526,23,6,6,8.489761238816325,7.613761238816325,-0.8759999999999994,8.34807014465332,0.16893014203654003,90,,,,,,
chesca_mesh,527,24,6,6,8.486966077800757,7.6109660778007555,-0.8760000000000012,8.329349517822266,0.102706313266959,90,,,,,,
chesca_mesh,528,1,6,6,8.940923142231908,8.064923142231907,-0.8760000000000012,8.28499984741211,0.17726967481628247,90,,,,,,
chesca_mesh,529,2,6,6,7.447481877281994,8.323481877281994,0.8759999999999994,8.221001625061035,-0.1356960438579432,90,,,,,,
chesca_mesh,530,3,6,6,5.62950914694492,6.505509146944919,0.8759999999999994,8.147590637207031,-0.24975853426022376,90,,,,,,
chesca_mesh,531,4,6,6,5.200275223770212,6.007184359489576,0.8069091357193647,8.096940994262695,-0.163790046062591,90,,,,,,
chesca_mesh,532,5,6,6,4.890034785637059,5.2614599966718885,0.37142521103482906,8.096940994262695,-0.18648365449008855,90,,,,,,
chesca_mesh,533,6,6,6,4.5685204965669195,4.797193459759971,0.22867296319305108,8.096940994262695,-0.1300985739969732,90,,,,,,
chesca_mesh,534,7,6,6,3.8545218068319818,4.074560888978745,0.22003908214676304,8.096940994262695,-0.1215311633814219,90,,,,,,
chesca_mesh,535,8,6,6,3.582040322868094,3.801556329069448,0.2195160062013537,8.096940994262695,-0.17148290085746126,90,,,,,,
chesca_mesh,536,9,6,6,3.2030780046108713,3.4225622674119167,0.21948426280104538,8.096940994262695,-0.21250110244475345,90,,,,,,
chesca_mesh,537,10,6,6,2.3311115122116055,2.670525429227322,0.33941391701571666,8.147590637207031,-0.811667229897911,90,,,,,,
chesca_mesh,538,11,6,6,2.877749596091909,3.217163448084376,0.3394138519924672,8.158211708068848,-0.5043319247167058,90,,,,,,
chesca_mesh,539,12,6,0,3.631432366393274,3.631432366393274,0.0,8.158211708068848,0.022266552333575412,90,,,,,,
chesca_mesh,540,13,6,0,5.390581049665316,5.390581049665316,0.0,8.158211708068848,0.07990149162606983,90,,,,,,
chesca_mesh,541,14,6,6,5.874877141594129,4.9988771415941295,-0.8759999999999994,8.158211708068848,0.11490832704574543,90,,,,,,
chesca_mesh,542,15,6,3,7.2361110465282685,7.716111046528269,0.4800000000000004,8.158211708068848,-0.08140045114047767,90,,,,,,
chesca_mesh,543,16,6,0,8.173784663358477,8.173784663358477,0.0,8.221001625061035,0.000297907664098207,90,,,,,,
chesca_mesh,544,17,6,6,10.80969853883816,9.933698538838161,-0.8759999999999994,8.221001625061035,0.9594354053554651,90,,,,,,
chesca_mesh,545,18,6,6,11.357391570783236,10.481391570783234,-0.8760000000000012,8.28499984741211,0.8289286782687952,90,,,,,,
chesca_mesh,546,19,6,6,14.722871907402311,13.846871907402312,-0.8759999999999994,8.329349517822266,1.6207991370667303,90,,,,,,
chesca_mesh,547,20,6,6,12.797977376880239,11.921977376880237,-0.8760000000000012,8.355731964111328,0.7489415551562206,90,,,,,,
chesca_mesh,548,21,6,6,12.849850350930703,11.973850350930704,-0.8759999999999994,8.395828247070312,0.8713280336139528,90,,,,,,
chesca_mesh,549,22,6,3,10.712043413390832,10.23204341339083,-0.4800000000000022,8.439071655273438,0.4776692937882801,90,,,,,,
chesca_mesh,550,23,6,6,10.276537480908674,9.400537480908673,-0.8760000000000012,8.469491004943848,0.1587133917895456,90,,,,,,
chesca_mesh,551,24,6,6,9.871567936332921,10.747567936332922,0.8760000000000012,8.633682250976562,-0.24386496827477167,90,,,,,,
chesca_mesh,552,1,6,6,11.045815117002105,10.169815117002106,-0.8759999999999994,8.759018898010254,0.16014755247625884,90,,,,,,
chesca_mesh,553,2,6,6,9.237611203344057,8.361611203344058,-0.8759999999999994,8.633682250976562,0.3466087098003173,90,,,,,,
chesca_mesh,554,3,6,6,7.399808060243281,8.27580806024328,0.8759999999999994,8.469491004943848,-0.11684653832865363,90,,,,,,
chesca_mesh,555,4,6,6,7.279611097665797,8.155611097665798,0.8760000000000003,8.439071655273438,-0.1034722501782001,90,,,,,,
chesca_mesh,556,5,6,6,6.007324663593553,6.801399839745869,0.7940751761523162,8.469491004943848,-1.0563066565664003,90,,,,,,
chesca_mesh,557,6,6,6,5.780478300176642,6.538902561963363,0.758424261786721,8.469491004943848,-0.1311253975510131,90,,,,,,
chesca_mesh,558,7,6,6,5.496622043952505,5.962099728231646,0.4654776842791408,8.469491004943848,-0.10681203864184022,90,,,,,,
chesca_mesh,559,8,6,6,4.202187539390436,4.6536971959112945,0.4515096565208587,8.469491004943848,-0.14832091534591574,90,,,,,,
chesca_mesh,560,9,6,6,1.8347245192270063,2.184328326483226,0.34960380725621976,8.469491004943848,-0.3308808833951713,90,,,,,,
chesca_mesh,561,10,6,5,4.320250827123828,3.576250827123828,-0.7439999999999998,8.469491004943848,0.09985577792865909,90,,,,,,
chesca_mesh,562,11,6,0,3.8993180907057488,3.8993180907057488,0.0,8.469491004943848,0.034128991409327625,90,,,,,,
chesca_mesh,563,12,6,6,3.772073325511511,4.143409227252865,0.3713359017413538,8.469491004943848,-0.10797673784483046,90,,,,,,
chesca_mesh,564,13,6,6,5.289891070284937,5.631195870938785,0.34130480065384816,8.633682250976562,-0.36545024808433396,90,,,,,,
chesca_mesh,565,14,6,6,5.114216044421083,5.5252631768863605,0.4110471324652778,8.633682250976562,-0.17323792345889785,90,,,,,,
chesca_mesh,566,15,6,0,4.8411034425933215,4.841103442593322,8.881784197001252e-16,8.633682250976562,-0.01696389610981868,90,,,,,,
chesca_mesh,567,16,6,5,9.070979893463493,8.354979893463495,-0.7159999999999975,8.633682250976562,0.576358916771787,90,,,,,,
chesca_mesh,568,17,6,6,11.928030106830938,11.052030106830937,-0.8760000000000012,8.759018898010254,0.379615871815418,90,,,,,,
chesca_mesh,569,18,6,6,12.894680182420563,12.018680182420564,-0.8759999999999994,8.759018898010254,1.316919806592176,90,,,,,,
chesca_mesh,570,19,6,6,15.295008997661926,14.419008997661926,-0.8759999999999994,8.759018898010254,1.6859722823375982,90,,,,,,
chesca_mesh,571,20,6,6,13.742697551888655,12.866697551888656,-0.8759999999999994,8.759018898010254,0.9355771301172395,90,,,,,,
chesca_mesh,572,21,6,6,13.549935172906196,12.673935172906196,-0.8759999999999994,8.759018898010254,1.0614167180672445,90,,,,,,
chesca_mesh,573,22,6,0,10.560277455432256,10.560277455432256,0.0,8.759018898010254,0.42746200594924966,90,,,,,,
chesca_mesh,574,23,6,6,8.819113352256531,9.69511335225653,0.8759999999999994,8.759018898010254,-0.29421374716353954,90,,,,,,
chesca_mesh,575,24,6,6,10.362952957268195,9.486952957268196,-0.8759999999999994,8.795689582824707,0.15372967440144378,90,,,,,,
chesca_mesh,576,1,6,6,10.899412863312872,10.023412863312872,-0.8759999999999994,8.795689582824707,0.3404270428582121,90,,,,,,
chesca_mesh,577,2,6,6,9.911406499055074,9.035406499055075,-0.8759999999999994,8.795689582824707,0.26099336977739385,90,,,,,,
chesca_mesh,578,3,6,6,8.115105028183974,8.991105028183975,0.8760000000000012,8.759018898010254,-0.11662888979426268,90,,,,,,
chesca_mesh,579,4,6,6,7.057019476493011,7.93301947649301,0.8759999999999994,8.795689582824707,-0.16610233630316845,90,,,,,,
chesca_mesh,580,5,6,6,6.458139946331131,7.181985710686357,0.7238457643552261,8.795689582824707,-0.10269365739279329,90,,,,,,
chesca_mesh,581,6,6,6,5.95101923374868,6.414482029501594,0.46346279575291405,8.795689582824707,-0.15708090560391877,90,,,,,,
chesca_mesh,582,7,6,6,5.526421797927567,5.966259186957138,0.43983738902957104,8.795689582824707,-0.12073028398467667,90,,,,,,
chesca_mesh,583,8,6,6,4.08995214132009,4.5782565316195205,0.4883043902994304,8.795689582824707,-0.20480173915357575,90,,,,,,
chesca_mesh,584,9,6,6,3.0939050220471103,3.5549039724435314,0.46099895039642114,8.795689582824707,-0.11492996547837248,90,,,,,,
chesca_mesh,585,10,6,6,2.3528314742419054,2.7027407444836564,0.349909270241751,8.795689582824707,-0.10917507193486363,90,,,,,,
chesca_mesh,586,11,6,6,2.056693196893125,2.3967792195241446,0.3400860226310196,8.795689582824707,-0.17434984820869026,90,,,,,,
chesca_mesh,587,12,6,0,2.605568812917325,2.605568812917325,0.0,8.795689582824707,0.05353655096080102,90,,,,,,
chesca_mesh,588,13,6,6,4.518910014148486,3.642910014148486,-0.8759999999999999,8.795689582824707,0.08320627904474243,90,,,,,,
chesca_mesh,589,14,6,6,5.529143064731412,4.653143064731411,-0.8760000000000003,8.795689582824707,0.1656554603232451,90,,,,,,
chesca_mesh,590,15,6,6,6.205080293855487,5.329080293855487,-0.8760000000000003,8.795689582824707,0.14048966127086124,90,,,,,,
chesca_mesh,591,16,6,6,7.882695947699654,7.006695947699654,-0.8759999999999994,8.795689582824707,0.549106121762236,90,,,,,,
chesca_mesh,592,17,6,6,9.289935079942888,8.413935079942886,-0.8760000000000012,8.795689582824707,0.3332709082266334,90,,,,,,
chesca_mesh,593,18,6,6,11.061159855030002,10.185159855030001,-0.8760000000000012,8.853337287902832,0.7102081801440335,90,,,,,,
chesca_mesh,594,19,6,6,12.864058382476191,11.988058382476193,-0.8759999999999977,8.853337287902832,0.9418983562034047,90,,,,,,
chesca_mesh,595,20,6,6,13.183003445024623,12.307003445024623,-0.8759999999999994,8.853337287902832,0.8977853090220198,90,,,,,,
chesca_mesh,596,21,6,6,12.017567625678847,11.141567625678846,-0.8760000000000012,8.853337287902832,0.4745867645492837,90,,,,,,
chesca_mesh,597,22,6,0,10.521321523179122,10.521321523179124,1.7763568394002505e-15,8.853337287902832,-0.044168034858251756,90,,,,,,
chesca_mesh,598,23,6,6,9.910409256711043,9.034409256711044,-0.8759999999999994,9.002958297729492,0.51979090855345,90,,,,,,
chesca_mesh,599,24,6,6,10.68054130059424,9.80454130059424,-0.8759999999999994,8.853337287902832,0.24610252843835043,90,,,,,,
chesca_mesh,600,1,6,6,9.651189071246755,8.775189071246754,-0.8760000000000012,8.853337287902832,0.47264738987682803,90,,,,,,
chesca_mesh,601,2,6,0,9.207810920759268,9.207810920759268,0.0,8.798195838928223,0.03720193988786151,90,,,,,,
chesca_mesh,602,3,6,6,7.9844352114234365,8.860435211423436,0.8759999999999994,8.853337287902832,-0.15606138691862376,90,,,,,,
chesca_mesh,603,4,6,6,6.995730038691137,7.871730038691138,0.8760000000000003,8.874068260192871,-0.22267497675419567,90,,,,,,
chesca_mesh,604,5,6,6,5.857703944820791,6.581424955607312,0.7237210107865204,8.874068260192871,-0.28543034159222475,90,,,,,,
chesca_mesh,605,6,6,5,5.556908328206175,6.076167594105834,0.5192592658996587,8.874068260192871,-0.10697210672844146,90,,,,,,
chesca_mesh,606,7,6,5,5.1416849973912,5.46703684268291,0.3253518452917099,8.874068260192871,-0.10035071162781142,90,,,,,,
chesca_mesh,607,8,6,0,5.040016403935273,5.040016403935273,0.0,8.847389221191406,0.048744807791571955,90,,,,,,
chesca_mesh,608,9,6,6,4.905853891736562,5.345371218670907,0.43951732693434487,8.874068260192871,-0.414018366029223,90,,,,,,
chesca_mesh,609,10,6,6,1.7663745960172652,2.0025433929442764,0.2361687969270112,8.874068260192871,-0.1873199366180457,90,,,,,,
chesca_mesh,610,11,6,6,2.5451512615741017,2.765699321730941,0.22054806015683948,8.874068260192871,-0.11543675890943476,90,,,,,,
chesca_mesh,611,12,6,6,5.201057095063696,4.326830864714836,-0.8742262303488602,8.874068260192871,0.1009113180661432,90,,,,,,
chesca_mesh,612,13,6,6,5.036057975689334,5.6535639227563435,0.6175059470670092,8.968810081481934,-0.6237532063681194,90,,,,,,
chesca_mesh,613,14,6,0,3.733594618376454,3.733594618376454,0.0,8.968810081481934,0.051561365715632565,90,,,,,,
chesca_mesh,614,15,6,6,6.600348002163322,5.724348002163323,-0.8759999999999994,8.968810081481934,0.22646598939965093,90,,,,,,
chesca_mesh,615,16,6,6,7.59619982648785,6.720199826487851,-0.8759999999999994,8.968810081481934,0.2353325578221825,90,,,,,,
chesca_mesh,616,17,6,6,9.212141313067907,8.336141313067907,-0.8759999999999994,8.968810081481934,0.2496327762994994,90,,,,,,
chesca_mesh,617,18,6,6,12.980829754628243,12.104829754628241,-0.8760000000000012,8.968810081481934,1.3129817843450982,90,,,,,,
chesca_mesh,618,19,6,6,15.974882781087825,15.098882781087822,-0.876000000000003,8.968810081481934,2.012127735912961,90,,,,,,
chesca_mesh,619,20,6,6,13.96948146459893,13.093481464598929,-0.8760000000000012,8.968810081481934,0.8866799116661422,90,,,,,,
chesca_mesh,620,21,6,6,12.48179447533908,11.60579447533908,-0.8760000000000012,8.968810081481934,0.7083252131393191,90,,,,,,
chesca_mesh,621,22,6,6,9.152622364930284,10.028622364930284,0.8759999999999994,8.968810081481934,-0.08470455678559838,90,,,,,,
chesca_mesh,622,23,6,6,9.690573091492624,8.814573091492624,-0.8759999999999994,8.968810081481934,0.4055084777448675,90,,,,,,
chesca_mesh,623,24,6,6,11.089741507350121,10.21374150735012,-0.8760000000000012,8.968810081481934,0.475876273919885,90,,,,,,
chesca_mesh,624,1,6,6,10.296677400343691,9.420677400343692,-0.8759999999999994,8.968810081481934,0.3401524682774837,90,,,,,,
chesca_mesh,625,2,6,6,9.802161796223844,8.926161796223845,-0.8759999999999994,8.968810081481934,0.2961790152961925,90,,,,,,
chesca_mesh,626,3,6,0,8.093699644121676,8.093699644121676,0.0,8.874068260192871,-0.018307607320746468,90,,,,,,
chesca_mesh,627,4,6,6,7.902508318888444,7.026508318888444,-0.8759999999999994,8.874068260192871,0.08346125724951625,90,,,,,,
chesca_mesh,628,5,6,6,6.3990051147815965,5.523005114781596,-0.8760000000000003,8.874068260192871,0.1511185136452425,90,,,,,,
chesca_mesh,629,6,6,6,6.312431373485891,5.436431373485893,-0.8759999999999986,8.874068260192871,0.2112155137417157,90,,,,,,
chesca_mesh,630,7,6,6,5.373770586983654,4.4977705869836555,-0.8759999999999986,8.874068260192871,0.2002749709087731,90,,,,,,
chesca_mesh,631,8,6,6,5.30571904302894,4.429719043028941,-0.8759999999999994,8.874068260192871,0.18689698686950945,90,,,,,,
chesca_mesh,632,9,6,6,5.107533796992847,4.2315337969928475,-0.8759999999999994,8.874068260192871,0.19494377091349593,90,,,,,,
chesca_mesh,633,10,6,6,4.418122295904571,3.5421222959045706,-0.8760000000000008,8.874068260192871,0.12994825721131759,90,,,,,,
chesca_mesh,634,11,6,6,4.37696194137988,3.50096194137988,-0.8760000000000003,8.874068260192871,0.32560187826384124,90,,,,,,
chesca_mesh,635,12,6,6,3.452128054896012,2.576128054896012,-0.8759999999999999,8.874068260192871,0.38084565437600704,90,,,,,,
chesca_mesh,636,13,6,6,2.676236053899901,1.800236053899901,-0.8759999999999999,8.874068260192871,0.17519641871379277,90,,,,,,
chesca_mesh,637,14,6,6,4.262752357825351,3.3867523578253502,-0.8760000000000003,8.874068260192871,0.26198114737709777,90,,,,,,
chesca_mesh,638,15,6,6,7.224618806232627,6.348618806232626,-0.8760000000000012,8.874068260192871,0.11101363379833538,90,,,,,,
chesca_mesh,639,16,6,0,8.218465112578993,8.218465112578993,0.0,8.916448593139648,0.06117843908181933,90,,,,,,
chesca_mesh,640,17,6,0,7.6147231518952125,7.6147231518952125,0.0,8.874068260192871,0.07506204643500375,90,,,,,,
chesca_mesh,641,18,6,0,7.203658527169676,7.203658527169677,8.881784197001252e-16,8.823533058166504,0.017224598116106396,90,,,,,,
chesca_mesh,642,19,6,6,8.745909211718878,7.869909211718875,-0.876000000000003,8.766532897949219,0.20603646650104984,90,,,,,,
chesca_mesh,643,20,6,0,9.875199244576734,9.875199244576734,0.0,8.766532897949219,-0.041519671719743495,90,,,,,,
chesca_mesh,644,21,6,0,8.149997284068911,8.149997284068911,0.0,8.766532897949219,-0.028321830570711914,90,,,,,,
chesca_mesh,645,22,6,6,7.795599113870814,8.671599113870814,0.8759999999999994,8.766532897949219,-0.17545426294904343,90,,,,,,
chesca_mesh,646,23,6,6,8.071332951389456,7.195332951389455,-0.8760000000000012,8.763278007507324,0.1109595736247511,90,,,,,,
chesca_mesh,647,24,6,6,8.625075056687479,7.74907505668748,-0.8759999999999986,8.737325668334961,0.13536770692399497,90,,,,,,
chesca_mesh,648,1,6,6,7.6033714336939235,6.727371433693923,-0.8760000000000003,8.655557632446289,0.09779644833756512,90,,,,,,
chesca_mesh,649,2,6,6,8.15488449352946,7.27888449352946,-0.8760000000000003,8.563637733459473,0.2116715925609864,90,,,,,,
chesca_mesh,650,3,6,6,6.757860331250541,5.8818603312505395,-0.8760000000000012,8.506467819213867,0.12029920552717185,90,,,,,,
chesca_mesh,651,4,6,6,6.89814425597261,6.022144255972609,-0.8760000000000003,8.466666221618652,0.1860724133246353,90,,,,,,
chesca_mesh,652,5,6,6,5.227625193931432,4.351625193931431,-0.8760000000000012,8.466666221618652,0.13078692723827304,90,,,,,,
chesca_mesh,653,6,6,6,5.859156502369955,4.983156502369956,-0.8759999999999986,8.466666221618652,0.15969228655324427,90,,,,,,
chesca_mesh,654,7,6,6,5.524698516840723,4.648698516840723,-0.8760000000000003,8.466666221618652,0.10225867703931027,90,,,,,,
chesca_mesh,655,8,6,0,5.41150881637174,5.41150881637174,0.0,8.466666221618652,-0.02235168554001249,90,,,,,,
chesca_mesh,656,9,6,0,5.309679160041609,5.309679160041609,0.0,8.466666221618652,0.003614637450078645,90,,,,,,
chesca_mesh,657,10,6,6,4.7444176548171955,5.360388516431372,0.6159708616141764,8.506467819213867,-0.377291341445826,90,,,,,,
chesca_mesh,658,11,6,0,4.0769314962210474,4.0769314962210474,0.0,8.506467819213867,0.05086548407974359,90,,,,,,
chesca_mesh,659,12,6,0,3.0838420187258904,3.083842018725891,4.440892098500626e-16,8.506467819213867,0.00902108293689774,90,,,,,,
chesca_mesh,660,13,6,6,2.9756902231296216,2.0996902231296213,-0.8760000000000003,8.506467819213867,0.15062696917112942,90,,,,,,
chesca_mesh,661,14,6,6,4.357827006393027,3.4818270063930266,-0.8760000000000003,8.506467819213867,0.14950206980878905,90,,,,,,
chesca_mesh,662,15,6,0,3.665187480352697,3.665187480352697,0.0,8.506467819213867,-0.008786017445422123,90,,,,,,
chesca_mesh,663,16,6,6,3.7762286104722147,2.900228610472214,-0.8760000000000008,8.506467819213867,0.3276605788912406,90,,,,,,
chesca_mesh,664,17,6,6,6.075622351553317,5.199622351553317,-0.8760000000000003,8.506467819213867,0.3241250065391249,90,,,,,,
chesca_mesh,665,18,6,6,7.251449716856335,6.375449716856336,-0.8759999999999994,8.506467819213867,0.39016987103401685,90,,,,,,
chesca_mesh,666,19,6,6,7.912153531014292,7.036153531014293,-0.8759999999999994,8.466666221618652,0.14825350852467845,90,,,,,,
chesca_mesh,667,20,6,6,8.051701412413305,7.175701412413305,-0.8759999999999994,8.421893119812012,0.10581289661326476,90,,,,,,
chesca_mesh,668,21,6,6,8.684978058830243,7.808978058830243,-0.8760000000000003,8.387149810791016,0.24176015095222417,90,,,,,,
chesca_mesh,669,22,6,6,7.893026248201111,8.769026248201111,0.8760000000000003,8.387149810791016,-0.9184307790244278,90,,,,,,
chesca_mesh,670,23,6,3,7.8940241125045,8.3740241125045,0.4800000000000004,8.387149810791016,-0.08001101306774135,90,,,,,,
chesca_mesh,671,24,6,0,7.927080040518649,7.92708004051865,8.881784197001252e-16,8.387149810791016,0.0287375086975713,90,,,,,,
chesca_mesh,672,1,6,6,8.622367791529136,7.746367791529135,-0.8760000000000012,8.332172393798828,0.2106479426471915,90,,,,,,
chesca_mesh,673,2,6,6,7.9670382117864245,7.091038211786424,-0.8760000000000003,8.25500202178955,0.1378199808843244,90,,,,,,
chesca_mesh,674,3,6,0,6.528007802713641,6.528007802713641,0.0,8.317809104919434,-0.05504681404025946,90,,,,,,
chesca_mesh,675,4,6,6,5.885952611687593,5.009952611687594,-0.8759999999999986,8.317809104919434,0.08531394768411407,90,,,,,,
chesca_mesh,676,5,6,6,5.069099764030312,4.193099764030312,-0.8760000000000003,8.317809104919434,0.1146502564117586,90,,,,,,
chesca_mesh,677,6,6,6,5.303702286960712,4.427702286960713,-0.8759999999999994,8.317809104919434,0.1987307973194743,90,,,,,,
chesca_mesh,678,7,6,6,5.390283117809872,4.514283117809871,-0.8760000000000012,8.199767112731934,0.1632774395531118,90,,,,,,
chesca_mesh,679,8,6,6,7.196692811241676,6.320692811241677,-0.8759999999999994,8.199767112731934,0.3018263897296599,90,,,,,,
chesca_mesh,680,9,6,6,2.414459761065617,1.5384597610656165,-0.8760000000000006,8.199767112731934,0.21770399342836516,90,,,,,,
chesca_mesh,681,10,6,3,2.0714504922351935,1.591450492235194,-0.47999999999999954,8.199767112731934,0.08108928543011563,90,,,,,,
chesca_mesh,682,11,6,5,0.12187399774724783,0.561202391423312,0.43932839367606413,8.199767112731934,-0.09801893829726294,90,,,,,,
chesca_mesh,683,12,6,6,1.0465820319880565,0.17058203198805696,-0.8759999999999996,8.199767112731934,0.1079631939939335,90,,,,,,
chesca_mesh,684,13,6,6,4.156858491804536,3.280858491804535,-0.8760000000000012,8.199767112731934,0.37578712946527115,90,,,,,,
chesca_mesh,685,14,6,0,4.861150841932826,4.861150841932826,0.0,8.199767112731934,0.0753179227694331,90,,,,,,
chesca_mesh,686,15,6,0,6.520852619087797,6.520852619087797,0.0,8.199767112731934,0.060126844579529826,90,,,,,,
chesca_mesh,687,16,6,6,6.648991510728116,5.772991510728115,-0.8760000000000012,8.199767112731934,0.31925198534286076,90,,,,,,
chesca_mesh,688,17,6,6,7.047275352368381,6.171275352368383,-0.8759999999999977,8.199767112731934,0.4425573556924658,90,,,,,,
chesca_mesh,689,18,6,6,7.42183470513663,6.545834705136628,-0.8760000000000012,8.199767112731934,0.333043157992492,90,,,,,,
chesca_mesh,690,19,6,0,9.265632610813563,9.265632610813563,0.0,8.317809104919434,-0.05566609516087705,90,,,,,,
chesca_mesh,691,20,6,6,9.06390170240692,8.18790170240692,-0.8759999999999994,8.317809104919434,0.16164759240859672,90,,,,,,
chesca_mesh,692,21,6,6,10.122526232710582,9.246526232710583,-0.8759999999999994,8.387149810791016,0.2906051646494886,90,,,,,,
chesca_mesh,693,22,6,1,8.09708378669775,7.93708378669775,-0.16000000000000014,8.387149810791016,0.16200021408486798,90,,,,,,
chesca_mesh,694,23,6,6,7.943644991856122,7.067644991856121,-0.8760000000000003,8.387149810791016,0.1373528807871186,90,,,,,,
chesca_mesh,695,24,6,6,8.401651693477667,7.525651693477668,-0.8759999999999994,8.387149810791016,0.11953334112181223,90,,,,,,
chesca_mesh,696,1,6,6,9.128510442275335,8.252510442275334,-0.8760000000000012,8.387149810791016,0.3511502644703036,90,,,,,,
chesca_mesh,697,2,6,0,7.905996026018236,7.905996026018235,-8.881784197001252e-16,8.387149810791016,0.017101696290916235,90,,,,,,
chesca_mesh,698,3,6,6,6.401893459194837,7.2778934591948365,0.8759999999999994,8.387149810791016,-0.09013837644217293,90,,,,,,
chesca_mesh,699,4,6,6,5.2112302498071355,6.087230249807135,0.8759999999999994,8.387149810791016,-0.1179419354673481,90,,,,,,
chesca_mesh,700,5,6,0,4.6122078275692475,4.6122078275692475,0.0,8.387149810791016,-0.06314161123958,90,,,,,,
chesca_mesh,701,6,6,6,4.591421617464715,3.715421617464714,-0.8760000000000012,8.387149810791016,0.10687948635197425,90,,,,,,
chesca_mesh,702,7,6,6,4.299296068794643,3.423296068794643,-0.8759999999999999,8.387149810791016,0.16904615493178016,90,,,,,,
chesca_mesh,703,8,6,6,3.8199963715959053,2.943996371595905,-0.8760000000000003,8.387149810791016,0.11314349794159007,90,,,,,,
chesca_mesh,704,9,6,6,4.085703927498493,3.209703927498495,-0.8759999999999977,8.387149810791016,0.09980978194447346,90,,,,,,
chesca_mesh,705,10,6,0,2.839859333126534,2.839859333126534,0.0,8.317809104919434,0.03743101567205755,90,,,,,,
chesca_mesh,706,11,6,6,3.436764302121886,3.8064579140598482,0.36969361193796235,8.317809104919434,-0.10528368415429488,90,,,,,,
chesca_mesh,707,12,6,0,2.668347352764913,2.6683473527649135,4.440892098500626e-16,8.317809104919434,0.02419938327289558,90,,,,,,
chesca_mesh,708,13,6,6,4.046938046749617,3.170938046749617,-0.8760000000000003,8.317809104919434,0.1231162153827925,90,,,,,,
chesca_mesh,709,14,6,6,5.014419886298929,4.138419886298929,-0.8759999999999994,8.317809104919434,0.099203135803105,90,,,,,,
chesca_mesh,710,15,6,6,6.123170443521276,5.247170443521275,-0.8760000000000003,8.317809104919434,0.13849924092929128,90,,,,,,
chesca_mesh,711,16,6,6,7.561320789692873,6.685320789692874,-0.8759999999999994,8.190553665161133,0.2935345022835432,90,,,,,,
chesca_mesh,712,17,6,6,9.269159326226893,8.393159326226893,-0.8759999999999994,8.190553665161133,0.6616183988560954,90,,,,,,
chesca_mesh,713,18,6,6,10.67768841659263,9.80168841659263,-0.8760000000000012,8.122499465942383,0.9934782960244024,90,,,,,,
chesca_mesh,714,19,6,6,12.98100990614467,12.105009906144671,-0.8759999999999994,8.122499465942383,1.393635909370205,90,,,,,,
chesca_mesh,715,20,6,6,11.140625524161432,10.264625524161431,-0.8760000000000012,8.122499465942383,0.49234026836784817,90,,,,,,
chesca_mesh,716,21,6,6,11.15793731734755,10.28193731734755,-0.8759999999999994,8.122499465942383,0.5896342252508228,90,,,,,,
chesca_mesh,717,22,6,1,9.881501190174406,9.721501190174408,-0.15999999999999837,8.122499465942383,0.399564868442515,90,,,,,,
chesca_mesh,718,23,6,6,8.131968188909221,7.255968188909222,-0.8759999999999994,8.108392715454102,0.1111757521660536,90,,,,,,
chesca_mesh,719,24,6,6,10.972174612201133,10.096174612201136,-0.8759999999999977,8.086199760437012,0.8746356899453472,90,,,,,,
chesca_mesh,720,1,6,6,9.274145334830015,8.398145334830014,-0.8760000000000012,8.086199760437012,0.2776396202615579,90,,,,,,
chesca_mesh,721,2,6,6,9.618318189940966,8.742318189940965,-0.8760000000000012,8.086199760437012,0.21162580057389502,90,,,,,,
chesca_mesh,722,3,6,0,8.42977014402884,8.42977014402884,0.0,8.086199760437012,0.06852837942758361,90,,,,,,
chesca_mesh,723,4,6,6,7.163902482242002,8.039902482242002,0.8760000000000003,8.121520042419434,-0.10961377752607067,90,,,,,,
chesca_mesh,724,5,6,6,5.889960036179559,6.765960036179558,0.8759999999999986,8.086199760437012,-0.11558188162240857,90,,,,,,
chesca_mesh,725,6,6,0,5.411217503693055,5.411217503693055,0.0,8.086199760437012,-0.07372658014352326,90,,,,,,
chesca_mesh,726,7,6,0,5.011570354160979,5.011570354160978,-8.881784197001252e-16,8.086199760437012,0.07219829626927463,90,,,,,,
chesca_mesh,727,8,6,0,4.263619819195037,4.263619819195037,0.0,8.086199760437012,-0.008473504298397466,90,,,,,,
chesca_mesh,728,9,6,6,2.7149363330382776,3.1950178929420527,0.4800815599037751,8.086199760437012,-0.18560300621051848,90,,,,,,
chesca_mesh,729,10,6,6,1.2462692294167206,1.5985625619357555,0.35229333251903494,8.086199760437012,-0.15433900580715798,90,,,,,,
chesca_mesh,730,11,6,0,2.017049041029436,2.017049041029436,0.0,8.086199760437012,0.061512535521296166,90,,,,,,
chesca_mesh,731,12,6,6,2.565090815308496,1.6890908153084965,-0.8759999999999994,8.086199760437012,0.093549764719658,90,,,,,,
chesca_mesh,732,13,6,6,4.534917556721454,3.658917556721453,-0.8760000000000008,8.058443069458008,0.20418764869361006,90,,,,,,
chesca_mesh,733,14,6,6,7.118719886026696,6.242719886026695,-0.8760000000000012,8.058443069458008,0.325310966020886,90,,,,,,
chesca_mesh,734,15,6,6,8.474975360241254,7.598975360241254,-0.8760000000000003,8.058443069458008,0.18507937656093798,90,,,,,,
chesca_mesh,735,16,6,6,10.113055764129326,9.237055764129327,-0.8759999999999994,8.086199760437012,0.241607855120991,90,,,,,,
chesca_mesh,736,17,6,6,12.603169394194115,11.727169394194114,-0.8760000000000012,8.058443069458008,1.791086449513841,90,,,,,,
chesca_mesh,737,18,6,6,12.648722624512239,11.77272262451224,-0.8759999999999994,8.058443069458008,1.4608394315541233,90,,,,,,
chesca_mesh,738,19,6,6,15.026832426406822,14.150832426406822,-0.8759999999999994,8.058443069458008,2.068766401994638,90,,,,,,
chesca_mesh,739,20,6,6,14.365825400888317,13.489825400888318,-0.8759999999999994,8.058443069458008,1.4835993329204487,90,,,,,,
chesca_mesh,740,21,6,6,13.539064293417097,12.663064293417097,-0.8759999999999994,8.058443069458008,1.4123931744202733,90,,,,,,
chesca_mesh,741,22,6,6,10.985181017647882,10.109181017647883,-0.8759999999999994,8.058443069458008,0.544860612131491,90,,,,,,
chesca_mesh,742,23,6,6,11.720408627472473,10.844408627472474,-0.8759999999999994,8.04565143585205,1.1112091760189449,90,,,,,,
chesca_mesh,743,24,6,6,10.749461949246596,9.873461949246597,-0.8759999999999994,8.04565143585205,0.4801653257564533,90,,,,,,
chesca_mesh,744,1,6,6,10.966335628156827,10.090335628156826,-0.8760000000000012,8.04565143585205,0.6031062660028427,90,,,,,,
chesca_mesh,745,2,6,6,10.29083977967373,9.414839779673729,-0.8760000000000012,8.04565143585205,0.2719579334087632,90,,,,,,
chesca_mesh,746,3,6,6,8.880682110730284,8.004682110730283,-0.8760000000000012,8.04565143585205,0.5229236069436238,90,,,,,,
chesca_mesh,747,4,6,6,8.55551295870448,7.679512958704479,-0.8760000000000003,8.04565143585205,0.44933949123460315,90,,,,,,
chesca_mesh,748,5,6,6,6.959474044912924,7.835474044912924,0.8759999999999994,8.058443069458008,-0.14846337670143936,90,,,,,,
chesca_mesh,749,6,6,6,5.869924920186435,6.665924920186434,0.7959999999999994,8.058443069458008,-0.12695715465535776,90,,,,,,
chesca_mesh,750,7,6,6,5.25324479872074,6.013303875029943,0.7600590763092034,8.058443069458008,-0.15823852666712823,90,,,,,,
chesca_mesh,751,8,6,0,4.978530249643731,4.978530249643732,8.881784197001252e-16,8.058443069458008,-0.02276487009298111,90,,,,,,
chesca_mesh,752,9,6,0,4.2547559209601395,4.2547559209601395,0.0,8.058443069458008,0.012688437460404035,90,,,,,,
chesca_mesh,753,10,6,0,3.390020386784935,3.390020386784935,0.0,8.058443069458008,-0.07114459688898242,90,,,,,,
chesca_mesh,754,11,6,0,2.70258909413967,2.70258909413967,0.0,8.058443069458008,0.031064179939300746,90,,,,,,
chesca_mesh,755,12,6,6,4.107013255090726,3.2310132550907267,-0.875999999999999,8.058443069458008,0.18082483394110693,90,,,,,,
chesca_mesh,756,13,6,6,5.061781037301939,4.18578103730194,-0.8759999999999994,8.058443069458008,0.24602346805714242,90,,,,,,
chesca_mesh,757,14,6,6,6.7428173243507645,5.866817324350764,-0.8760000000000003,8.058443069458008,0.13158383415971037,90,,,,,,
chesca_mesh,758,15,6,6,7.882359813301855,7.006359813301855,-0.8760000000000003,8.058443069458008,0.13593495820165932,90,,,,,,
chesca_mesh,759,16,6,6,9.283576872588897,8.407576872588898,-0.8759999999999994,8.058443069458008,0.4904784726592854,90,,,,,,
chesca_mesh,760,17,6,6,13.633112854722757,12.757112854722756,-0.8760000000000012,8.086199760437012,2.021396941894211,90,,,,,,
chesca_mesh,761,18,6,6,10.750614217364873,9.874614217364872,-0.8760000000000012,8.086199760437012,0.28581922400284043,90,,,,,,
chesca_mesh,762,19,6,6,14.435191146883957,13.559191146883958,-0.8759999999999994,8.086199760437012,1.3832369700845561,90,,,,,,
chesca_mesh,763,20,6,6,12.490670100381875,11.614670100381876,-0.8759999999999994,8.086199760437012,0.8360705918185296,90,,,,,,
chesca_mesh,764,21,6,6,12.961091759611648,12.085091759611647,-0.8760000000000012,8.086199760437012,1.0238616851558366,90,,,,,,
chesca_mesh,765,22,6,6,11.348426864567182,10.472426864567183,-0.8759999999999994,8.086199760437012,0.5339195561015728,90,,,,,,
chesca_mesh,766,23,6,6,10.61517358544276,9.739173585442758,-0.8760000000000012,8.086199760437012,0.5702836942432209,90,,,,,,
chesca_mesh,767,24,6,6,11.29804105634309,10.42204105634309,-0.8759999999999994,8.086199760437012,0.7345195094346759,90,,,,,,
chesca_mesh,768,1,6,6,11.182794019852933,10.306794019852934,-0.8759999999999994,8.086199760437012,0.6087022877770174,90,,,,,,
chesca_mesh,769,2,6,6,10.267645913440191,9.391645913440192,-0.8759999999999994,8.086199760437012,0.29390432282600487,90,,,,,,
chesca_mesh,770,3,6,6,9.042994194906981,8.166994194906982,-0.8759999999999994,8.086199760437012,0.5068956889249338,90,,,,,,
chesca_mesh,771,4,6,6,8.555690044961764,7.679690044961764,-0.8760000000000003,8.086199760437012,0.30583144531899376,90,,,,,,
chesca_mesh,772,5,6,0,7.076090172494905,7.076090172494904,-8.881784197001252e-16,8.058443069458008,0.01923712795592184,90,,,,,,
chesca_mesh,773,6,6,0,6.226747470881312,6.226747470881312,0.0,8.058443069458008,0.016466541678740218,90,,,,,,
chesca_mesh,774,7,6,6,6.079065099458724,5.2030650994587235,-0.8760000000000003,8.058443069458008,0.1144259362806091,90,,,,,,
chesca_mesh,775,8,6,6,5.887807990524067,5.011807990524066,-0.8760000000000012,8.058443069458008,0.12737233469492035,90,,,,,,
chesca_mesh,776,9,6,0,3.632612901802899,3.6326129018028994,4.440892098500626e-16,8.036114692687988,0.026549760403515907,90,,,,,,
chesca_mesh,777,10,6,6,4.191810322136645,3.3158103221366453,-0.8759999999999994,8.036114692687988,0.08986196903224575,90,,,,,,
chesca_mesh,778,11,6,6,4.543794324012095,3.6677943240120943,-0.8760000000000003,8.036114692687988,0.1527194314857555,90,,,,,,
chesca_mesh,779,12,6,6,5.325025004171623,4.449025004171624,-0.8759999999999994,8.036114692687988,0.13888724072846964,90,,,,,,
chesca_mesh,780,13,6,6,8.233962854995909,7.357962854995908,-0.8760000000000003,8.005181312561035,0.14752481953333424,90,,,,,,
chesca_mesh,781,14,6,6,7.71260356304532,8.495931859186513,0.7833282961411925,8.036114692687988,-0.19505425837285195,90,,,,,,
chesca_mesh,782,15,6,5,6.521328986076613,7.237328986076612,0.7159999999999993,8.036114692687988,-0.09128465577276153,90,,,,,,
chesca_mesh,783,16,6,6,6.894955027344839,6.018955027344838,-0.8760000000000012,8.036114692687988,0.11487176303887021,90,,,,,,
chesca_mesh,784,17,6,6,8.262690634321213,7.386690634321215,-0.8759999999999986,8.036114692687988,0.11899787814112507,90,,,,,,
chesca_mesh,785,18,6,0,7.259738040709058,7.259738040709058,0.0,8.036114692687988,0.06923186374283047,90,,,,,,
chesca_mesh,786,19,6,6,9.037687401417424,8.161687401417424,-0.8759999999999994,8.0027437210083,0.10310619902921181,90,,,,,,
chesca_mesh,787,20,6,6,9.762817161040742,8.886817161040742,-0.8759999999999994,7.986064434051514,0.37121752896874693,90,,,,,,
chesca_mesh,788,21,6,6,9.314604029362215,8.438604029362216,-0.8759999999999994,7.986064434051514,0.16448957985110918,90,,,,,,
chesca_mesh,789,22,6,0,7.871626418498139,7.871626418498139,0.0,7.986064434051514,-0.0669878326962694,90,,,,,,
chesca_mesh,790,23,6,6,7.042959282642855,7.918959282642856,0.8760000000000012,7.986064434051514,-0.6525038826692364,90,,,,,,
chesca_mesh,791,24,6,0,8.031747853790337,8.031747853790337,0.0,7.950383186340332,0.06372914042402164,90,,,,,,
chesca_mesh,792,1,6,6,9.371313387452988,8.495313387452988,-0.8759999999999994,7.950383186340332,0.2692494343577723,90,,,,,,
chesca_mesh,793,2,6,6,10.210122958319854,9.334122958319854,-0.8759999999999994,7.950383186340332,0.43580455901578774,90,,,,,,
chesca_mesh,794,3,6,6,6.720728506047287,7.596728506047288,0.8760000000000012,7.950383186340332,-0.3109580763383369,90,,,,,,
chesca_mesh,795,4,6,0,6.439498321254523,6.439498321254523,0.0,7.83978271484375,-0.04900080922699869,90,,,,,,
chesca_mesh,796,5,6,0,5.799080071742741,5.799080071742741,0.0,7.83978271484375,0.0138549192088646,90,,,,,,
chesca_mesh,797,6,6,6,6.832074976009555,5.956074976009555,-0.8760000000000003,7.83978271484375,0.11880011021310447,90,,,,,,
chesca_mesh,798,7,6,6,5.331857641123257,6.023226563096745,0.6913689219734884,7.83978271484375,-0.11634986476513132,90,,,,,,
chesca_mesh,799,8,6,6,5.113417725677412,5.6640173571508186,0.550599631473407,7.83978271484375,-0.12372712813306139,90,,,,,,
chesca_mesh,800,9,6,0,4.736030705720955,4.736030705720955,0.0,7.83978271484375,-0.06920001524959105,90,,,,,,
chesca_mesh,801,10,6,0,6.743861622819138,6.743861622819138,0.0,7.83978271484375,0.07500179112940164,90,,,,,,
chesca_mesh,802,11,6,6,4.804940672440417,5.472245036220103,0.667304363779686,7.83978271484375,-0.10356981158060367,90,,,,,,
chesca_mesh,803,12,6,6,4.956679608015477,5.437001798469949,0.4803221904544719,7.8741455078125,-0.2829594723386402,90,,,,,,
chesca_mesh,804,13,6,6,6.081581222539732,5.205581222539733,-0.8759999999999994,7.8741455078125,0.1516704732529264,90,,,,,,
chesca_mesh,805,14,6,0,5.934718757315698,5.934718757315698,0.0,7.8741455078125,0.04806276341861862,90,,,,,,
chesca_mesh,806,15,6,0,5.347242326375591,5.347242326375591,0.0,7.8741455078125,-0.03933781607119296,90,,,,,,
chesca_mesh,807,16,6,0,5.966888102391452,5.966888102391452,0.0,7.790005683898926,0.055540475463103145,90,,,,,,
chesca_mesh,808,17,6,0,6.838566007624159,6.83856600762416,8.881784197001252e-16,7.73721170425415,-0.005389960696994642,90,,,,,,
chesca_mesh,809,18,6,0,7.925906581708073,7.925906581708074,8.881784197001252e-16,7.706654071807861,0.052184709605740814,90,,,,,,
chesca_mesh,810,19,6,6,8.554103468344131,7.678103468344131,-0.8760000000000003,7.73721170425415,0.4416883686180019,90,,,,,,
chesca_mesh,811,20,6,6,9.812450354906991,8.936450354906992,-0.8759999999999994,7.706654071807861,0.2432287185711593,90,,,,,,
chesca_mesh,812,21,6,6,11.573148035891066,10.697148035891066,-0.8759999999999994,7.706654071807861,0.9130776758007821,90,,,,,,
chesca_mesh,813,22,6,6,10.534337916092362,9.658337916092362,-0.8759999999999994,7.706654071807861,0.6314109654799189,90,,,,,,
chesca_mesh,814,23,6,6,8.213290435869252,7.337290435869254,-0.8759999999999986,7.6503801345825195,0.47547287065879207,90,,,,,,
chesca_mesh,815,24,6,6,8.738756854308226,7.862756854308228,-0.8759999999999986,7.6044697761535645,0.3271427004518319,90,,,,,,
chesca_mesh,816,1,6,6,9.407640397222737,8.531640397222736,-0.8760000000000012,7.6503801345825195,0.20862901084281296,90,,,,,,
chesca_mesh,817,2,6,6,8.892130074303413,8.016130074303412,-0.8760000000000012,7.706654071807861,0.6189666130442886,90,,,,,,
chesca_mesh,818,3,6,6,6.860394362408677,7.736394362408676,0.8759999999999994,7.73721170425415,-0.18290042598422876,90,,,,,,
chesca_mesh,819,4,6,6,6.759469810245212,7.635469810245213,0.8760000000000003,7.73721170425415,-0.1565376453119807,90,,,,,,
chesca_mesh,820,5,6,6,5.834055782653433,6.532428949366279,0.6983731667128463,7.73721170425415,-0.08954946064476098,90,,,,,,
chesca_mesh,821,6,6,0,5.693969253894704,5.693969253894704,0.0,7.73721170425415,-0.05919840951470948,90,,,,,,
chesca_mesh,822,7,6,0,5.0568907960211735,5.056890796021173,-8.881784197001252e-16,7.73721170425415,-0.020782515957570975,90,,,,,,
chesca_mesh,823,8,6,0,3.8975528007938696,3.89755280079387,4.440892098500626e-16,7.73721170425415,-0.01792264726144171,90,,,,,,
chesca_mesh,824,9,6,0,3.4054211204309515,3.4054211204309515,0.0,7.73721170425415,0.018097060130624586,90,,,,,,
chesca_mesh,825,10,6,6,1.3851240994849414,1.8436778497595583,0.45855375027461687,7.706654071807861,-0.1021176282920877,90,,,,,,
chesca_mesh,826,11,6,0,1.884733140501411,1.8847331405014107,-2.220446049250313e-16,7.706654071807861,0.014063664078580377,90,,,,,,
chesca_mesh,827,12,6,6,2.1652176709461894,1.2892176709461893,-0.8760000000000001,7.706654071807861,0.08331990893386383,90,,,,,,
chesca_mesh,828,13,6,6,4.088359581666209,3.2123595816662087,-0.8760000000000003,7.706654071807861,0.13348228626019704,90,,,,,,
chesca_mesh,829,14,6,6,4.562201435454147,3.6862014354541475,-0.8759999999999999,7.706654071807861,0.09864764451379887,90,,,,,,
chesca_mesh,830,15,6,6,6.403271036173496,5.527271036173496,-0.8760000000000003,7.706654071807861,0.09799137013414716,90,,,,,,
chesca_mesh,831,16,6,6,6.099530483093657,5.223530483093658,-0.8759999999999994,7.706654071807861,0.11055830717139903,90,,,,,,
chesca_mesh,832,17,6,6,6.095939849931385,6.971939849931384,0.8759999999999986,7.73721170425415,-0.19772460284253923,90,,,,,,
chesca_mesh,833,18,6,6,7.9843854079592065,7.108385407959206,-0.8760000000000003,7.73721170425415,0.14915220635996734,90,,,,,,
chesca_mesh,834,19,6,6,9.05525902901233,9.93125902901233,0.8759999999999994,7.75625467300415,-0.4927240137158848,90,,,,,,
chesca_mesh,835,20,6,6,9.009982909534381,9.88598290953438,0.8759999999999994,7.796753406524658,-0.45992131260949387,90,,,,,,
chesca_mesh,836,21,6,6,8.135937306004804,9.011937306004803,0.8759999999999994,7.8741455078125,-0.42775554438552094,90,,,,,,
chesca_mesh,837,22,6,5,8.605711771620646,7.861711771620645,-0.7440000000000007,7.8741455078125,0.22041060199449153,90,,,,,,
chesca_mesh,838,23,6,0,8.400901713399149,8.400901713399149,0.0,7.8741455078125,0.025939710611205508,90,,,,,,
chesca_mesh,839,24,6,6,7.9822599053344785,7.106259905334478,-0.8760000000000003,7.796753406524658,0.10081928636497242,90,,,,,,
chesca_mesh,840,1,6,0,7.553837112059849,7.553837112059849,0.0,7.75625467300415,0.07438929603273106,90,,,,,,
chesca_mesh,841,2,6,0,7.224468036308851,7.224468036308851,0.0,7.75625467300415,-0.020271522276566967,90,,,,,,
chesca_mesh,842,3,6,0,6.3820013111943865,6.3820013111943865,0.0,7.73721170425415,-0.044043384635668446,90,,,,,,
chesca_mesh,843,4,6,6,6.534637585351946,5.658637585351947,-0.8759999999999986,7.73721170425415,0.08008014514867366,90,,,,,,
chesca_mesh,844,5,6,0,5.442139553444928,5.442139553444928,0.0,7.73721170425415,0.052830709595045065,90,,,,,,
chesca_mesh,845,6,6,6,6.135619068472325,5.2596190684723245,-0.8760000000000003,7.73721170425415,0.10865506216132122,90,,,,,,
chesca_mesh,846,7,6,6,5.745740439909847,4.869740439909847,-0.8759999999999994,7.73721170425415,0.2252922343750072,90,,,,,,
chesca_mesh,847,8,6,6,5.2119854465964925,4.335985446596493,-0.8759999999999994,7.73721170425415,0.0942772576317841,90,,,,,,
chesca_mesh,848,9,6,5,5.378489904265075,4.6344899042650765,-0.7439999999999989,7.73721170425415,0.121030377856776,90,,,,,,
chesca_mesh,849,10,6,6,4.786947628948695,3.910947628948696,-0.8759999999999994,7.73721170425415,0.14475467502444583,90,,,,,,
chesca_mesh,850,11,6,6,2.3368254167827214,2.927344148766946,0.5905187319842247,7.73721170425415,-0.20790097635190302,90,,,,,,
chesca_mesh,851,12,6,6,0.7493024260041143,1.1318276718788394,0.38252524587472503,7.73721170425415,-0.10811108600307401,90,,,,,,
chesca_mesh,852,13,6,6,2.144499424380675,1.2684994243806755,-0.8759999999999997,7.73721170425415,0.14184782848494998,90,,,,,,
chesca_mesh,853,14,6,0,2.168187484010358,2.168187484010358,0.0,7.73721170425415,0.031059498142625062,90,,,,,,
chesca_mesh,854,15,6,6,3.7693536337047524,2.893353633704752,-0.8760000000000003,7.73721170425415,0.0848472066442574,90,,,,,,
chesca_mesh,855,16,6,6,5.304921934329477,4.428921934329477,-0.8760000000000003,7.73721170425415,0.4061820688938748,90,,,,,,
chesca_mesh,856,17,6,6,7.4050167656554,6.529016765655401,-0.8759999999999994,7.73721170425415,0.5409168537826996,90,,,,,,
chesca_mesh,857,18,6,5,9.726806854371826,8.982806854371827,-0.7439999999999998,7.75625467300415,0.23997045787324062,90,,,,,,
chesca_mesh,858,19,6,6,9.518244748701502,8.642244748701502,-0.8759999999999994,7.73721170425415,0.4086606246095501,90,,,,,,
chesca_mesh,859,20,6,6,10.534820564485806,9.658820564485804,-0.8760000000000012,7.75625467300415,0.6538121242862185,90,,,,,,
chesca_mesh,860,21,6,6,10.678138744866517,9.802138744866516,-0.8760000000000012,7.75625467300415,0.7185033771924824,90,,,,,,
chesca_mesh,861,22,6,6,8.250179449235352,9.126179449235353,0.8760000000000012,7.796753406524658,-0.21114945016347875,90,,,,,,
chesca_mesh,862,23,6,0,7.4607490848217255,7.4607490848217255,0.0,7.821720600128174,0.044243971862233014,90,,,,,,
chesca_mesh,863,24,6,6,8.51244254758415,7.636442547584151,-0.8759999999999994,7.821720600128174,0.1238397986489273,90,,,,,,
chesca_mesh,864,1,6,6,9.044064763470454,8.168064763470452,-0.8760000000000012,7.793517112731934,0.2628079236957883,90,,,,,,
chesca_mesh,865,2,6,6,7.672920657303585,6.796920657303585,-0.8760000000000003,7.793517112731934,0.08005353512026833,90,,,,,,
chesca_mesh,866,3,6,6,6.150641986051072,5.274641986051073,-0.8759999999999994,7.793517112731934,0.1229694967025159,90,,,,,,
chesca_mesh,867,4,6,6,6.520595429699656,5.644595429699657,-0.8759999999999994,7.793517112731934,0.21604834675941204,90,,,,,,
chesca_mesh,868,5,6,6,5.145071438942046,4.2690714389420465,-0.8759999999999994,7.793517112731934,0.08444203824946135,90,,,,,,
chesca_mesh,869,6,6,6,5.695233395975822,4.8192333959758225,-0.8759999999999994,7.793517112731934,0.25749261426030345,90,,,,,,
chesca_mesh,870,7,6,6,5.147344432228705,4.271344432228704,-0.8760000000000003,7.793517112731934,0.18482196945654034,90,,,,,,
chesca_mesh,871,8,6,6,4.097209596407717,3.221209596407717,-0.8760000000000003,7.793517112731934,0.14270841231548295,90,,,,,,
chesca_mesh,872,9,6,0,5.051197957589122,5.051197957589122,0.0,7.793517112731934,0.053730662965945926,90,,,,,,
chesca_mesh,873,10,6,6,4.125648596726631,4.7420623940635265,0.6164137973368957,7.821720600128174,-0.7141130651430753,90,,,,,,
chesca_mesh,874,11,6,6,3.657907311936942,4.2195801980935155,0.5616728861565736,7.821720600128174,-0.3201398521929526,90,,,,,,
chesca_mesh,875,12,6,6,4.045670512913029,4.497990267113916,0.45231975420088677,7.821720600128174,-0.11576272606473777,90,,,,,,
chesca_mesh,876,13,6,6,4.603133500678341,3.7271335006783404,-0.8760000000000008,7.821720600128174,0.15284385729868796,90,,,,,,
chesca_mesh,877,14,6,6,7.0768131454809415,6.200813145480942,-0.8759999999999994,7.821720600128174,0.35764568598002683,90,,,,,,
chesca_mesh,878,15,6,6,6.968472449685794,7.688702907824829,0.7202304581390351,7.895122051239014,-0.3730161408358126,90,,,,,,
chesca_mesh,879,16,6,6,6.400661947624442,5.524661947624441,-0.8760000000000012,7.967546463012695,0.13722113108868764,90,,,,,,
chesca_mesh,880,17,6,6,7.470236884517751,6.594236884517751,-0.8760000000000003,7.967546463012695,0.5756302745445387,90,,,,,,
chesca_mesh,881,18,6,6,8.370306339302267,7.494306339302267,-0.8760000000000003,7.967546463012695,0.46430946719831806,90,,,,,,
chesca_mesh,882,19,6,6,9.885772100233625,9.009772100233624,-0.8760000000000012,7.895122051239014,0.5318791844930337,90,,,,,,
chesca_mesh,883,20,6,6,8.489939983715972,7.613939983715972,-0.8760000000000003,7.895122051239014,0.5044922304496621,90,,,,,,
chesca_mesh,884,21,6,6,9.074326183678416,8.198326183678416,-0.8759999999999994,7.821720600128174,0.293722132657105,90,,,,,,
chesca_mesh,885,22,6,2,8.129939170753698,7.837939170753698,-0.2919999999999998,7.793517112731934,0.1991794973151479,90,,,,,,
chesca_mesh,886,23,6,6,8.691056995422052,7.815056995422053,-0.8759999999999994,7.793517112731934,0.1721128775113958,90,,,,,,
chesca_mesh,887,24,6,6,9.246608415956931,8.370608415956932,-0.8759999999999994,7.793517112731934,0.32136989875160094,90,,,,,,
chesca_mesh,888,1,6,6,8.818822815477093,7.9428228154770935,-0.8759999999999994,7.793517112731934,0.33911719347835617,90,,,,,,
chesca_mesh,889,2,6,0,7.724596477470149,7.72459647747015,8.881784197001252e-16,7.746502876281738,0.013607780318509906,90,,,,,,
chesca_mesh,890,3,6,6,5.933902000438536,6.8099020004385356,0.8759999999999994,7.725293159484863,-0.15849723944283203,90,,,,,,
chesca_mesh,891,4,6,6,5.264332138355504,6.071891341082811,0.8075592027273064,7.672253608703613,-0.1458966561921376,90,,,,,,
chesca_mesh,892,5,6,6,4.7468387735940585,5.2216761379391485,0.47483736434509005,7.608335494995117,-0.10769566609901415,90,,,,,,
chesca_mesh,893,6,6,0,4.737796236323223,4.7377962363232236,8.881784197001252e-16,7.608335494995117,-0.024673782396990793,90,,,,,,
chesca_mesh,894,7,6,0,4.334967059353275,4.334967059353275,0.0,7.608335494995117,0.0647537701402142,90,,,,,,
chesca_mesh,895,8,6,0,2.626356554917582,2.626356554917582,0.0,7.608335494995117,-0.08236282076347344,90,,,,,,
chesca_mesh,896,9,6,6,1.897048531532033,2.2614618570127467,0.3644133254807138,7.608335494995117,-0.5300300519898009,90,,,,,,
chesca_mesh,897,10,6,6,1.0330481203469277,1.264845865791242,0.2317977454443143,7.672253608703613,-0.7867867186302826,90,,,,,,
chesca_mesh,898,11,6,6,1.7550765744054786,2.094761750351337,0.33968517594585856,7.725293159484863,-0.6767194030986846,90,,,,,,
chesca_mesh,899,12,6,6,3.4777552885208123,2.601755288520812,-0.8760000000000003,7.725293159484863,0.1411109417055953,90,,,,,,
chesca_mesh,900,13,6,6,5.314195212206362,4.438195212206361,-0.8760000000000003,7.725293159484863,0.21208988938012863,90,,,,,,
chesca_mesh,901,14,6,6,7.3159651265356,6.4399651265356,-0.8760000000000003,7.725293159484863,0.12633095083713303,90,,,,,,
chesca_mesh,902,15,6,6,8.263328387674257,7.3873283876742555,-0.8760000000000012,7.725293159484863,0.23643284278811488,90,,,,,,
chesca_mesh,903,16,6,6,9.32258670945764,8.44658670945764,-0.8760000000000012,7.725293159484863,0.49848670875278145,90,,,,,,
chesca_mesh,904,17,6,6,12.983008440574842,12.107008440574843,-0.8759999999999994,7.746502876281738,1.865164876669357,90,,,,,,
chesca_mesh,905,18,6,6,10.829065449039657,9.953065449039658,-0.8759999999999994,7.746502876281738,0.8266209966570341,90,,,,,,
chesca_mesh,906,19,6,6,11.938198735333234,11.062198735333236,-0.8759999999999977,7.746502876281738,0.9437384072408672,90,,,,,,
chesca_mesh,907,20,6,6,10.124708730143,9.248708730142999,-0.8760000000000012,7.746502876281738,0.23757808875771064,90,,,,,,
chesca_mesh,908,21,6,6,9.322933712082548,8.446933712082547,-0.8760000000000012,7.746502876281738,0.10572317064239188,90,,,,,,
chesca_mesh,909,22,6,6,8.929926965702505,9.805926965702504,0.8759999999999994,7.746502876281738,-0.19620269849745509,90,,,,,,
chesca_mesh,910,23,6,6,8.359578017111257,9.235578017111258,0.8760000000000012,7.793517112731934,-0.3538313226287614,90,,,,,,
chesca_mesh,911,24,6,6,8.471090475095094,9.347090475095094,0.8759999999999994,7.793517112731934,-0.44752186760473034,90,,,,,,
chesca_mesh,912,1,6,6,9.128378991480307,8.252378991480308,-0.8759999999999994,7.793517112731934,0.4821893723140089,90,,,,,,
chesca_mesh,913,2,6,0,8.601336990874268,8.601336990874268,0.0,7.793517112731934,-0.002768110486070119,90,,,,,,
chesca_mesh,914,3,6,6,6.587872443300631,7.4638724433006285,0.8759999999999977,7.793517112731934,-0.41370520795526644,90,,,,,,
chesca_mesh,915,4,6,6,5.669027396800647,6.545027396800647,0.8759999999999994,7.746502876281738,-0.3231877179255492,90,,,,,,
chesca_mesh,916,5,6,6,5.284112518509943,5.898940573959663,0.6148280554497205,7.725293159484863,-0.28260656691117647,90,,,,,,
chesca_mesh,917,6,6,6,5.729353443888194,6.073562325037691,0.34420888114949655,7.725293159484863,-0.14914491091494686,90,,,,,,
chesca_mesh,918,7,6,6,5.898990739128055,6.249072167772783,0.350081428644728,7.673529624938965,-0.16370418384894408,90,,,,,,
chesca_mesh,919,8,6,6,4.781495809542568,5.139374576078062,0.3578787665354941,7.746502876281738,-0.8087160340458063,90,,,,,,
chesca_mesh,920,9,6,6,2.6459328002152076,2.876706657656049,0.23077385744084156,7.746502876281738,-0.42977683087324847,90,,,,,,
chesca_mesh,921,10,6,6,3.666031163373755,3.8863887876220486,0.22035762424829386,7.746502876281738,-0.1638782114220299,90,,,,,,
chesca_mesh,922,11,6,6,4.507326465730335,4.945843206822255,0.4385167410919202,7.746502876281738,-0.2219773365046995,90,,,,,,
chesca_mesh,923,12,6,6,4.456506983739324,4.8847075936429825,0.4282006099036586,7.746502876281738,-0.12131202111521759,90,,,,,,
chesca_mesh,924,13,6,6,5.560640931679522,6.077644858130078,0.5170039264505562,7.746502876281738,-0.1123524788837083,90,,,,,,
chesca_mesh,925,14,6,6,4.407864715890154,4.862867634582394,0.45500291869223997,7.746502876281738,-0.19940005790216042,90,,,,,,
chesca_mesh,926,15,6,0,6.225674553973287,6.225674553973287,0.0,7.746502876281738,0.035726779966338135,90,,,,,,
chesca_mesh,927,16,6,6,6.288418595645893,5.412418595645892,-0.8760000000000003,7.746502876281738,0.14318767492654838,90,,,,,,
chesca_mesh,928,17,6,6,6.547452947366567,5.671452947366567,-0.8760000000000003,7.673529624938965,0.14668352203039253,90,,,,,,
chesca_mesh,929,18,6,6,7.591222170813328,6.715222170813329,-0.8759999999999994,7.608335494995117,0.32496795524531524,90,,,,,,
chesca_mesh,930,19,6,6,8.87523107506482,7.99923107506482,-0.8759999999999994,7.6044697761535645,0.4262778358363854,90,,,,,,
chesca_mesh,931,20,6,6,8.398503995089897,7.522503995089894,-0.8760000000000021,7.597190856933594,0.6515060800240033,90,,,,,,
chesca_mesh,932,21,6,0,7.641276906054749,7.641276906054749,0.0,7.578393936157227,0.000403291584269147,90,,,,,,
chesca_mesh,933,22,6,6,6.654831068783544,7.530831068783543,0.8759999999999994,7.556181907653809,-0.1365816676346145,90,,,,,,
chesca_mesh,934,23,6,6,8.043513487393863,7.167513487393863,-0.8760000000000003,7.537456035614014,0.23330993141540257,90,,,,,,
chesca_mesh,935,24,6,6,9.116325023034237,8.240325023034238,-0.8759999999999994,7.537456035614014,0.45462087610582974,90,,,,,,
chesca_mesh,936,1,6,6,7.988009322592913,8.864009322592914,0.8760000000000003,7.537456035614014,-0.374947757010471,90,,,,,,
chesca_mesh,937,2,6,6,6.5773519625427355,7.344513235718756,0.7671612731760202,7.537456035614014,-0.452505152073306,90,,,,,,
chesca_mesh,938,3,6,6,5.436896958696434,6.193691607820581,0.7567946491241466,7.526318550109863,-0.4067255334502414,90,,,,,,
chesca_mesh,939,4,6,6,4.923326792887708,5.591129440910129,0.6678026480224215,7.4812140464782715,-0.26184465439705107,90,,,,,,
chesca_mesh,940,5,6,6,4.975816384594494,5.3909375925474805,0.41512120795298646,7.4812140464782715,-0.1600563323417885,90,,,,,,
chesca_mesh,941,6,6,6,5.157063949869363,5.3924089593845475,0.23534500951518478,7.4812140464782715,-0.09989681754587021,90,,,,,,
chesca_mesh,942,7,6,6,4.354159137864178,4.574846943028514,0.22068780516433595,7.4812140464782715,-0.1323160128096006,90,,,,,,
chesca_mesh,943,8,6,6,5.636650918728778,5.976281502798752,0.33963058406997426,7.4812140464782715,-0.10869162204097324,90,,,,,,
chesca_mesh,944,9,6,6,4.057269730748451,4.287831717585946,0.23056198683749507,7.4812140464782715,-0.3906141753236394,90,,,,,,
chesca_mesh,945,10,6,0,4.093888811855164,4.093888811855165,8.881784197001252e-16,7.4812140464782715,-0.046949711707282585,90,,,,,,
chesca_mesh,946,11,6,6,2.855765762601036,3.1282841895246705,0.2725184269236345,7.4812140464782715,-0.09196251538671137,90,,,,,,
chesca_mesh,947,12,6,6,1.1586980359031567,1.3815070926698305,0.22280905676667384,7.4812140464782715,-0.48351934734399943,90,,,,,,
chesca_mesh,948,13,6,6,2.546142927243861,1.6701429272438604,-0.8760000000000006,7.4812140464782715,0.1452985570381048,90,,,,,,
chesca_mesh,949,14,6,6,3.0547088997596177,2.1787088997596173,-0.8760000000000003,7.4316229820251465,0.08563820070478279,90,,,,,,
chesca_mesh,950,15,6,6,4.654108883814594,3.778108883814595,-0.875999999999999,7.427657604217529,0.11106066624750374,90,,,,,,
chesca_mesh,951,16,6,6,6.811896435357566,5.9358964353575665,-0.8759999999999994,7.427657604217529,0.16669099226849646,90,,,,,,
chesca_mesh,952,17,6,6,7.762567256675833,6.886567256675832,-0.8760000000000012,7.427657604217529,0.16483600267039691,90,,,,,,
chesca_mesh,953,18,6,6,10.166910088367027,9.290910088367028,-0.8759999999999994,7.427657604217529,0.9047789357412231,90,,,,,,
chesca_mesh,954,19,6,6,12.422304042221418,11.546304042221415,-0.876000000000003,7.4316229820251465,1.6988297190859836,90,,,,,,
chesca_mesh,955,20,6,6,11.13687911828502,10.26087911828502,-0.8759999999999994,7.480622291564941,0.7729755164997588,90,,,,,,
chesca_mesh,956,21,6,6,11.067144905833363,10.191144905833363,-0.8759999999999994,7.480622291564941,0.909206130643459,90,,,,,,
chesca_mesh,957,22,6,6,10.854640898626604,9.978640898626605,-0.8759999999999994,7.480622291564941,0.9223308668113224,90,,,,,,
chesca_mesh,958,23,6,6,9.089101653295982,8.213101653295983,-0.8759999999999994,7.480622291564941,0.1552016313331528,90,,,,,,
chesca_mesh,959,24,6,6,10.693455827056795,9.817455827056795,-0.8759999999999994,7.480622291564941,0.8979686749674125,90,,,,,,
chesca_mesh,960,1,6,6,10.100224933453571,9.22422493345357,-0.8760000000000012,7.480622291564941,0.4272262930194973,90,,,,,,
chesca_mesh,961,2,6,6,8.932681323035151,8.056681323035152,-0.8759999999999994,7.480622291564941,0.6718829457575595,90,,,,,,
chesca_mesh,962,3,6,6,7.76009051339463,8.636090513394631,0.8760000000000012,7.480622291564941,-0.3442967990948243,90,,,,,,
chesca_mesh,963,4,6,6,6.949162093157954,7.825162093157953,0.8759999999999994,7.526318550109863,-0.1549635860833773,90,,,,,,
chesca_mesh,964,5,6,6,5.75230506602451,6.558075101529805,0.8057700355052946,7.526318550109863,-0.1759230089263274,90,,,,,,
chesca_mesh,965,6,6,6,5.8564206006328225,6.267062124149402,0.41064152351657945,7.526318550109863,-0.09745054724983707,90,,,,,,
chesca_mesh,966,7,6,6,4.509754340967522,4.853662363991761,0.3439080230242393,7.526318550109863,-0.13244519367874175,90,,,,,,
chesca_mesh,967,8,6,6,4.951079095818461,5.182632610962922,0.2315535151444612,7.526318550109863,-0.10306753548237971,90,,,,,,
chesca_mesh,968,9,6,6,5.281055897308414,5.501533902458048,0.22047800514963445,7.526318550109863,-0.1816393810405882,90,,,,,,
chesca_mesh,969,10,6,6,3.1880019180479495,3.407794653990853,0.2197927359429035,7.526318550109863,-0.21695360655681237,90,,,,,,
chesca_mesh,970,11,6,6,1.2608208381974586,1.4805711552559344,0.2197503170584758,7.526318550109863,-0.16694503997580848,90,,,,,,
chesca_mesh,971,12,6,3,2.653276679476418,2.173276679476418,-0.4800000000000004,7.474120140075684,0.07511722506885031,90,,,,,,
chesca_mesh,972,13,6,6,4.136140475517265,3.260140475517265,-0.8759999999999999,7.474120140075684,0.2057452037042444,90,,,,,,
chesca_mesh,973,14,6,6,3.7346420821903843,2.8586420821903844,-0.8759999999999999,7.474120140075684,0.1373762483056299,90,,,,,,
chesca_mesh,974,15,6,6,4.747831923619691,3.8718319236196908,-0.8759999999999999,7.474120140075684,0.22085111957922843,90,,,,,,
chesca_mesh,975,16,6,6,6.6243143655148105,5.74831436551481,-0.8760000000000003,7.474120140075684,0.23901533625623245,90,,,,,,
chesca_mesh,976,17,6,6,8.790462297452338,7.914462297452339,-0.8759999999999994,7.474120140075684,0.4311574201953872,90,,,,,,
chesca_mesh,977,18,6,6,10.425029032055699,9.5490290320557,-0.8759999999999994,7.526318550109863,0.7536515728719809,90,,,,,,
chesca_mesh,978,19,6,6,11.409995813473088,10.533995813473089,-0.8759999999999994,7.526318550109863,1.0967871374545406,90,,,,,,
chesca_mesh,979,20,6,6,10.283083843469619,9.40708384346962,-0.8759999999999994,7.526318550109863,0.5760051206355434,90,,,,,,
chesca_mesh,980,21,6,6,9.359373285770417,8.483373285770416,-0.8760000000000012,7.526318550109863,0.21178859261102476,90,,,,,,
chesca_mesh,981,22,6,1,9.06358985696714,8.90358985696714,-0.16000000000000014,7.526318550109863,0.34128710051139166,90,,,,,,
chesca_mesh,982,23,6,6,8.821400024440644,7.945400024440643,-0.8760000000000012,7.541558265686035,0.09009427103926779,90,,,,,,
chesca_mesh,983,24,6,6,10.300920736610323,9.424920736610323,-0.8759999999999994,7.541558265686035,0.8479506212861441,90,,,,,,
chesca_mesh,984,1,6,6,9.249598037439101,8.3735980374391,-0.8760000000000012,7.541558265686035,0.12007265118083846,90,,,,,,
chesca_mesh,985,2,6,6,9.325888477532267,8.449888477532268,-0.8759999999999994,7.541558265686035,0.36255492021205893,90,,,,,,
chesca_mesh,986,3,6,6,8.533169386791043,7.657169386791044,-0.8759999999999986,7.541558265686035,0.4013664311086844,90,,,,,,
chesca_mesh,987,4,6,6,8.392401793777655,7.516401793777654,-0.8760000000000003,7.547069072723389,0.37818701088838264,90,,,,,,
chesca_mesh,988,5,6,0,6.0351553382452785,6.0351553382452785,0.0,7.547069072723389,-0.05188084814724167,90,,,,,,
chesca_mesh,989,6,6,6,6.109725562835952,5.233725562835952,-0.8760000000000003,7.547069072723389,0.08854364010443605,90,,,,,,
chesca_mesh,990,7,6,6,5.509559233877017,4.633559233877016,-0.8760000000000003,7.547069072723389,0.09761670445337808,90,,,,,,
chesca_mesh,991,8,6,6,5.201493919848935,4.325493919848935,-0.8760000000000003,7.547069072723389,0.09279919351484592,90,,,,,,
chesca_mesh,992,9,6,0,4.094862051928338,4.094862051928338,0.0,7.547069072723389,0.0567736341809671,90,,,,,,
chesca_mesh,993,10,6,0,4.015901479112891,4.01590147911289,-8.881784197001252e-16,7.547069072723389,-0.038421464996846566,90,,,,,,
chesca_mesh,994,11,6,0,2.5101587427558822,2.5101587427558827,4.440892098500626e-16,7.547069072723389,0.057059071736000576,90,,,,,,
chesca_mesh,995,12,6,6,4.310774756949912,4.863752430917632,0.5529776739677201,7.547069072723389,-0.09795788134570282,90,,,,,,
chesca_mesh,996,13,6,0,5.4842348435064245,5.4842348435064245,0.0,7.547069072723389,0.022392888644299544,90,,,,,,
chesca_mesh,997,14,6,0,5.767902537781801,5.7679025377818,-8.881784197001252e-16,7.547069072723389,-0.030785615502276542,90,,,,,,
chesca_mesh,998,15,6,6,4.984312170548177,4.108312170548178,-0.8759999999999994,7.547069072723389,0.16887331103164782,90,,,,,,
chesca_mesh,999,16,6,6,5.4230003205927115,4.547000320592712,-0.8759999999999994,7.547069072723389,0.47286273205156365,90,,,,,,
chesca_mesh,1000,17,6,6,7.022815018643913,6.146815018643913,-0.8759999999999994,7.52867317199707,0.5160484075088662,90,,,,,,
chesca_mesh,1001,18,6,6,8.102583542156964,7.226583542156965,-0.8759999999999986,7.52867317199707,0.34287553585636155,90,,,,,,
chesca_mesh,1002,19,6,6,9.640077016202271,8.76407701620227,-0.8760000000000012,7.52867317199707,0.7239770862178476,90,,,,,,
chesca_mesh,1003,20,6,6,8.987569960355758,9.863569960355758,0.8759999999999994,7.52867317199707,-0.5700930903519499,90,,,,,,
chesca_mesh,1004,21,6,6,7.807093872402884,8.683093872402884,0.8759999999999994,7.52867317199707,-0.3265242919396232,90,,,,,,
chesca_mesh,1005,22,6,6,8.224049680520292,7.348049680520291,-0.8760000000000003,7.52867317199707,0.5278174911526768,90,,,,,,
chesca_mesh,1006,23,6,6,8.579612466936217,7.703612466936217,-0.8759999999999994,7.52867317199707,0.6960595923902524,90,,,,,,
chesca_mesh,1007,24,6,6,9.112296458725513,8.236296458725512,-0.8760000000000012,7.52867317199707,0.2847837975661282,90,,,,,,
chesca_mesh,1008,1,6,6,9.09849152427236,8.22249152427236,-0.8759999999999994,7.547069072723389,0.47849684916059565,90,,,,,,
chesca_mesh,1009,2,6,6,7.786436757525929,8.662436757525931,0.8760000000000021,7.578393936157227,-0.3086316874807467,90,,,,,,
chesca_mesh,1010,3,6,6,5.574427494329206,6.4504274943292055,0.8759999999999994,7.601738452911377,-0.4233813978492155,90,,,,,,
chesca_mesh,1011,4,6,6,5.006109813944746,5.6523932196697695,0.6462834057250237,7.601738452911377,-0.26608925706621533,90,,,,,,
chesca_mesh,1012,5,6,6,4.249815928511165,4.544661832923547,0.2948459044123819,7.601738452911377,-0.2561610679928728,90,,,,,,
chesca_mesh,1013,6,6,6,4.438290662979405,4.662402572829665,0.22411190985025975,7.601738452911377,-0.10363811921225685,90,,,,,,
chesca_mesh,1014,7,6,0,4.697470337047644,4.697470337047644,0.0,7.601738452911377,-0.04578877168001514,90,,,,,,
chesca_mesh,1015,8,6,0,4.301812296711841,4.301812296711841,0.0,7.601738452911377,-0.07231654022725702,90,,,,,,
chesca_mesh,1016,9,6,6,2.402843776715163,2.7469899067217374,0.34414613000657424,7.601738452911377,-0.10604875113727338,90,,,,,,
chesca_mesh,1017,10,6,6,4.333972437323212,3.4579724373232126,-0.875999999999999,7.601738452911377,0.1557592602353232,90,,,,,,
chesca_mesh,1018,11,6,6,1.1788169685861847,1.642002950740938,0.46318598215475326,7.601738452911377,-0.11517081648062796,90,,,,,,
chesca_mesh,1019,12,6,6,2.2185004151903978,1.342500415190398,-0.8759999999999997,7.601738452911377,0.13041809204451787,90,,,,,,
chesca_mesh,1020,13,6,6,3.235932091039356,2.3599320910393558,-0.8760000000000003,7.601738452911377,0.20645542127115227,90,,,,,,
chesca_mesh,1021,14,6,6,3.3711871932432538,2.4951871932432534,-0.8760000000000003,7.601738452911377,0.12148201293960571,90,,,,,,
chesca_mesh,1022,15,6,6,4.4957515934353935,3.6197515934353945,-0.875999999999999,7.601738452911377,0.11182588675392996,90,,,,,,
chesca_mesh,1023,16,6,6,5.9022804417360755,5.026280441736077,-0.8759999999999986,7.601738452911377,0.2787328542630384,90,,,,,,
chesca_mesh,1024,17,6,6,6.903044515362242,6.027044515362242,-0.8760000000000003,7.601738452911377,0.3137677827931824,90,,,,,,
chesca_mesh,1025,18,6,6,7.921819140613045,7.045819140613045,-0.8760000000000003,7.578393936157227,0.38925785110318983,90,,,,,,
chesca_mesh,1026,19,6,6,9.042463815369326,8.166463815369324,-0.8760000000000012,7.578393936157227,0.32589497954860513,90,,,,,,
chesca_mesh,1027,20,6,6,8.90014771604538,8.024147716045379,-0.8760000000000012,7.547069072723389,0.15065749300466497,90,,,,,,
chesca_mesh,1028,21,6,6,8.530156705617904,7.654156705617904,-0.8759999999999994,7.547069072723389,0.5549747915436601,90,,,,,,
chesca_mesh,1029,22,6,6,7.319173473399893,8.195173473399892,0.8759999999999994,7.52867317199707,-0.13474295345273893,90,,,,,,
chesca_mesh,1030,23,6,6,8.141503320156854,7.265503320156855,-0.8759999999999994,7.503166675567627,0.6029505065998348,90,,,,,,
chesca_mesh,1031,24,6,6,7.289843613106241,8.16584361310624,0.8759999999999994,7.503166675567627,-0.2768662276539686,90,,,,,,
chesca_mesh,1032,1,6,6,7.207893737411198,8.083893737411199,0.8760000000000003,7.503166675567627,-0.347166582671542,90,,,,,,
chesca_mesh,1033,2,6,6,6.768007772774181,7.644007772774182,0.8760000000000003,7.503166675567627,-0.26117995927409776,90,,,,,,
chesca_mesh,1034,3,6,6,5.757346101433769,6.633346101433769,0.8760000000000003,7.503166675567627,-0.36704062745651833,90,,,,,,
chesca_mesh,1035,4,6,6,5.0894459839317,5.795670518553345,0.7062245346216445,7.503166675567627,-0.35722686984725793,90,,,,,,
chesca_mesh,1036,5,6,6,4.914881136928598,5.223435871579952,0.30855473465135397,7.503166675567627,-0.2836778546597468,90,,,,,,
chesca_mesh,1037,6,6,6,4.641440162908069,4.866523908153375,0.22508374524530605,7.503166675567627,-0.19392791854579247,90,,,,,,
chesca_mesh,1038,7,6,6,3.8087044182506102,4.028812559781741,0.220108141531131,7.503166675567627,-0.11040176990916573,90,,,,,,
chesca_mesh,1039,8,6,5,6.420084891762384,5.704084891762383,-0.7160000000000011,7.503166675567627,0.0906489878943992,90,,,,,,
chesca_mesh,1040,9,6,6,2.6750622239744932,1.7990622239744933,-0.8759999999999999,7.503166675567627,0.11404068877016449,90,,,,,,
chesca_mesh,1041,10,6,6,1.1297197130372065,1.5869425559270667,0.45722284288986015,7.438214302062988,-0.6598860281627028,90,,,,,,
chesca_mesh,1042,11,6,6,0.3810706044772437,0.7276801393070683,0.3466095348298246,7.419248104095459,-0.12235018744542625,90,,,,,,
chesca_mesh,1043,12,6,0,1.3590938423942462,1.359093842394246,-2.220446049250313e-16,7.419248104095459,-0.04062038946657065,90,,,,,,
chesca_mesh,1044,13,6,6,2.0170056106733907,1.14100561067339,-0.8760000000000008,7.419248104095459,0.15142703940821897,90,,,,,,
chesca_mesh,1045,14,6,6,1.6331709399060774,0.7571709399060769,-0.8760000000000006,7.419248104095459,0.09821486619961746,90,,,,,,
chesca_mesh,1046,15,6,6,5.450358619087125,4.574358619087126,-0.8759999999999994,7.331686019897461,0.2200904062417504,90,,,,,,
chesca_mesh,1047,16,6,6,6.630094705472139,7.35019731385819,0.7201026083860507,7.331686019897461,-0.24361823340109567,90,,,,,,
chesca_mesh,1048,17,6,0,7.6401511242675895,7.64015112426759,8.881784197001252e-16,7.419248104095459,0.007230984062250437,90,,,,,,
chesca_mesh,1049,18,6,6,7.922676081193539,7.04667608119354,-0.8759999999999994,7.503166675567627,0.13268361527259914,90,,,,,,
chesca_mesh,1050,19,6,6,8.401262080691334,7.525262080691334,-0.8759999999999994,7.503166675567627,0.3752915944142815,90,,,,,,
chesca_mesh,1051,20,6,6,8.893291984518424,8.017291984518423,-0.8760000000000012,7.503166675567627,0.4088593903213422,90,,,,,,
chesca_mesh,1052,21,6,6,8.504377526076354,7.628377526076354,-0.8759999999999994,7.503166675567627,0.34232922821237177,90,,,,,,
chesca_mesh,1053,22,6,2,8.430187096591691,8.138187096591691,-0.2919999999999998,7.503166675567627,0.23786364034658783,90,,,,,,
chesca_mesh,1054,23,6,6,9.843215440227269,8.967215440227267,-0.8760000000000012,7.52867317199707,0.4743308224901119,90,,,,,,
chesca_mesh,1055,24,6,6,9.53243760835691,8.65643760835691,-0.8759999999999994,7.52867317199707,0.23061776380188198,90,,,,,,
chesca_mesh,1056,1,6,6,9.307513480248678,8.431513480248677,-0.8760000000000012,7.52867317199707,0.12849975254204593,90,,,,,,
chesca_mesh,1057,2,6,6,8.163388991472583,9.039388991472585,0.8760000000000012,7.52867317199707,-0.38769329885137516,90,,,,,,
chesca_mesh,1058,3,6,6,5.8120106028172795,6.688010602817279,0.8759999999999994,7.52867317199707,-0.7453998286565563,90,,,,,,
chesca_mesh,1059,4,6,6,5.399368729090082,6.206277840498787,0.8069091114087055,7.683594703674316,-0.46499882563437966,90,,,,,,
chesca_mesh,1060,5,6,6,5.036556208886494,5.511168279510024,0.4746120706235297,7.683594703674316,-0.2849975228257934,90,,,,,,
chesca_mesh,1061,6,6,6,5.30688756044673,5.549895060693643,0.24300750024691364,7.683594703674316,-0.15044727492400947,90,,,,,,
chesca_mesh,1062,7,6,6,4.381540639263396,4.602727767215953,0.22118712795255657,7.683594703674316,-0.11121646589091459,90,,,,,,
chesca_mesh,1063,8,6,3,3.8106989978192742,3.931135693958523,0.12043669613924868,7.683594703674316,-0.09609949552293688,90,,,,,,
chesca_mesh,1064,9,6,6,1.9155483732192913,2.1498369939742314,0.23428862075494017,7.831128120422363,-0.8746403913348528,90,,,,,,
chesca_mesh,1065,10,6,6,2.739220012821357,2.959845743303737,0.22062573048238,7.831128120422363,-1.016934123669859,90,,,,,,
chesca_mesh,1066,11,6,6,2.4385670431815254,2.6584207476988198,0.21985370451729436,7.834240913391113,-0.7148238832422622,90,,,,,,
chesca_mesh,1067,12,6,6,1.0336604635590005,1.373346522907796,0.33968605934879537,7.834240913391113,-0.21380059923663447,90,,,,,,
chesca_mesh,1068,13,6,6,4.488166274611057,4.827849854272686,0.3396835796616289,7.885219097137451,-0.5151582466462689,90,,,,,,
chesca_mesh,1069,14,6,6,3.4687212824815683,3.92827290595287,0.4595516234713015,7.885219097137451,-0.12031939526205558,90,,,,,,
chesca_mesh,1070,15,6,5,6.7122748435372,5.9962748435372,-0.7160000000000002,7.885219097137451,0.2604281113773276,90,,,,,,
chesca_mesh,1071,16,6,6,6.389983487790364,7.1125034508137315,0.7225199630233679,7.885219097137451,-0.11965240231420564,90,,,,,,
chesca_mesh,1072,17,6,6,7.350742616186847,6.474742616186847,-0.8759999999999994,7.885219097137451,0.0833778944640823,90,,,,,,
chesca_mesh,1073,18,6,6,9.88371599415765,9.00771599415765,-0.8759999999999994,7.885219097137451,0.7366509121723878,90,,,,,,
chesca_mesh,1074,19,6,6,11.313266222499855,10.437266222499856,-0.8759999999999994,7.885219097137451,1.0656029074394022,90,,,,,,
chesca_mesh,1075,20,6,6,10.77731205250396,9.901312052503961,-0.8759999999999994,7.885219097137451,0.6505803403293938,90,,,,,,
chesca_mesh,1076,21,6,6,10.203032764546318,9.327032764546319,-0.8759999999999994,7.885219097137451,0.3947001532436368,90,,,,,,
chesca_mesh,1077,22,6,1,8.870662141777178,8.738662141777178,-0.13199999999999967,7.885219097137451,0.1866263711443108,90,,,,,,
chesca_mesh,1078,23,6,6,9.527376603024672,8.651376603024673,-0.8759999999999994,7.885219097137451,0.1865679188894745,90,,,,,,
chesca_mesh,1079,24,6,6,9.410331613268498,8.534331613268499,-0.8759999999999994,7.885219097137451,0.1530792507218762,90,,,,,,
chesca_mesh,1080,1,6,0,8.290892163692284,8.290892163692284,0.0,7.885219097137451,0.060803089961459514,90,,,,,,
chesca_mesh,1081,2,6,6,6.910623917426044,7.731235609937677,0.8206116925116334,7.885219097137451,-0.3315277356499915,90,,,,,,
chesca_mesh,1082,3,6,6,5.337069243819173,6.116664503855299,0.7795952600361256,7.834240913391113,-0.29654605842151666,90,,,,,,
chesca_mesh,1083,4,6,6,5.852714756036557,6.629992310824504,0.7772775547879469,7.834240913391113,-0.13860817207675297,90,,,,,,
chesca_mesh,1084,5,6,6,5.082663840991027,5.686935137276418,0.6042712962853907,7.834240913391113,-0.16071779850289214,90,,,,,,
chesca_mesh,1085,6,6,2,5.031444709949376,5.242704558370646,0.2112598484212702,7.834240913391113,-0.08829305618867847,90,,,,,,
chesca_mesh,1086,7,6,0,4.925333894606308,4.925333894606309,8.881784197001252e-16,7.834240913391113,0.056089837199839204,90,,,,,,
chesca_mesh,1087,8,6,0,3.739609774278044,3.739609774278044,0.0,7.683594703674316,-0.0029722347112092207,90,,,,,,
chesca_mesh,1088,9,6,6,2.610677586175405,3.00330052529568,0.3926229391202751,7.683594703674316,-0.13724209152499184,90,,,,,,
chesca_mesh,1089,10,6,0,2.0075096055617285,2.0075096055617285,0.0,7.683594703674316,0.009087364178154441,90,,,,,,
chesca_mesh,1090,11,6,6,3.213919373161347,2.3379193731613457,-0.8760000000000012,7.683594703674316,0.12195288439337187,90,,,,,,
chesca_mesh,1091,12,6,6,5.079161986421422,4.203161986421422,-0.8760000000000003,7.683594703674316,0.16604300171280145,90,,,,,,
chesca_mesh,1092,13,6,6,4.083316668339389,3.2073166683393897,-0.8759999999999994,7.683594703674316,0.11088778806784849,90,,,,,,
chesca_mesh,1093,14,6,3,4.0086662200681396,3.528666220068139,-0.4800000000000004,7.683594703674316,0.07680976579209264,90,,,,,,
chesca_mesh,1094,15,6,6,5.613480156940646,4.737480156940645,-0.8760000000000012,7.683594703674316,0.2600228237843451,90,,,,,,
chesca_mesh,1095,16,6,6,7.1410729539172815,6.265072953917282,-0.8759999999999994,7.683594703674316,0.6946491344196668,90,,,,,,
chesca_mesh,1096,17,6,6,8.38396933139632,7.50796933139632,-0.8760000000000003,7.683594703674316,0.5919012300197578,90,,,,,,
chesca_mesh,1097,18,6,6,11.492030932319238,10.616030932319239,-0.8759999999999994,7.834240913391113,0.9959272717154795,90,,,,,,
chesca_mesh,1098,19,6,6,12.348665018127182,11.472665018127183,-0.8759999999999994,7.885219097137451,1.3819145137777384,90,,,,,,
chesca_mesh,1099,20,6,6,12.059141486343819,11.183141486343818,-0.8760000000000012,7.915347576141357,1.20248419883525,90,,,,,,
chesca_mesh,1100,21,6,6,11.746998911510778,10.870998911510776,-0.8760000000000012,7.92020845413208,1.0372332855745008,90,,,,,,
chesca_mesh,1101,22,6,6,9.448672192878696,8.572672192878697,-0.8759999999999994,7.9662251472473145,0.48835024795671744,90,,,,,,
chesca_mesh,1102,23,6,6,9.258447069553066,8.382447069553066,-0.8759999999999994,7.9662251472473145,0.18421294094040658,90,,,,,,
chesca_mesh,1103,24,6,6,9.454306353452566,8.578306353452565,-0.8760000000000012,7.9662251472473145,0.15421156482555215,90,,,,,,
chesca_mesh,1104,1,6,6,9.453999421490353,8.577999421490354,-0.8759999999999994,7.9662251472473145,0.13839418633061026,90,,,,,,
chesca_mesh,1105,2,6,6,8.844046974004053,7.968046974004051,-0.8760000000000021,7.9662251472473145,0.5803012795586145,90,,,,,,
chesca_mesh,1106,3,6,6,5.925889124007112,6.801889124007112,0.8760000000000003,7.9662251472473145,-0.195522617139746,90,,,,,,
chesca_mesh,1107,4,6,6,5.5915227541202785,6.417283797043755,0.8257610429234763,7.9662251472473145,-0.15456026265637102,90,,,,,,
chesca_mesh,1108,5,6,6,5.034887974950528,5.744605434690791,0.7097174597402631,7.9662251472473145,-0.1651232165251691,90,,,,,,
chesca_mesh,1109,6,6,6,5.9586071090585575,6.422867882669333,0.4642607736107758,7.9662251472473145,-0.10781540706496692,90,,,,,,
chesca_mesh,1110,7,6,4,4.369266107601712,4.653145471897882,0.2838793642961699,7.9662251472473145,-0.0980891967307202,90,,,,,,
chesca_mesh,1111,8,6,0,3.7616539843777597,3.7616539843777597,0.0,7.9662251472473145,-0.061284890848597465,90,,,,,,
chesca_mesh,1112,9,6,6,1.2252587927620218,1.5045608908528734,0.2793020980908516,7.9662251472473145,-0.19908136976259205,90,,,,,,
chesca_mesh,1113,10,6,6,-0.10788100248693133,0.11556179924673889,0.2234428017336702,7.9662251472473145,-0.14793870245744395,90,,,,,,
chesca_mesh,1114,11,6,6,1.3601929730865887,0.4841929730865894,-0.8759999999999993,7.9662251472473145,0.11142409523309295,90,,,,,,
chesca_mesh,1115,12,6,6,1.1352494530144,0.2592494530143994,-0.8760000000000006,7.9662251472473145,0.08515002949078096,90,,,,,,
chesca_mesh,1116,13,6,6,3.2390727190594633,2.363072719059464,-0.8759999999999994,7.9662251472473145,0.37363893426807987,90,,,,,,
chesca_mesh,1117,14,6,0,4.0155529435899435,4.0155529435899435,0.0,7.9662251472473145,-0.03997574005775226,90,,,,,,
chesca_mesh,1118,15,6,6,5.573095055838084,4.697095055838084,-0.8759999999999994,7.9662251472473145,0.18922004279459748,90,,,,,,
chesca_mesh,1119,16,6,6,7.687336978205004,6.811336978205004,-0.8760000000000003,7.9662251472473145,0.2814539594215417,90,,,,,,
chesca_mesh,1120,17,6,6,11.808556019905682,10.93255601990568,-0.8760000000000012,8.022212028503418,0.8852259447570835,90,,,,,,
chesca_mesh,1121,18,6,6,11.474405396806809,10.598405396806807,-0.8760000000000012,8.042352676391602,0.9382613072328401,90,,,,,,
chesca_mesh,1122,19,6,6,12.46841090429001,11.59241090429001,-0.8760000000000012,8.042352676391602,1.3519971453568145,90,,,,,,
chesca_mesh,1123,20,6,6,12.844234290161797,11.968234290161798,-0.8759999999999994,8.042352676391602,1.2569105470960116,90,,,,,,
chesca_mesh,1124,21,6,6,11.082456819520118,10.206456819520117,-0.8760000000000012,8.042352676391602,0.35911205037049276,90,,,,,,
chesca_mesh,1125,22,6,6,9.75069443011031,8.87469443011031,-0.8759999999999994,8.042352676391602,0.5663231128793815,90,,,,,,
chesca_mesh,1126,23,6,6,10.479037990817398,9.603037990817398,-0.8759999999999994,8.042352676391602,0.6585285504978657,90,,,,,,
chesca_mesh,1127,24,6,6,10.143848389762114,9.267848389762115,-0.8759999999999994,8.042352676391602,0.3862986741732576,90,,,,,,
chesca_mesh,1128,1,6,6,9.091228248554696,8.215228248554695,-0.8760000000000012,8.042352676391602,0.34944240721126835,90,,,,,,
chesca_mesh,1129,2,6,6,8.296477580743545,7.420477580743545,-0.8760000000000003,8.042352676391602,0.09982103095846254,90,,,,,,
chesca_mesh,1130,3,6,0,5.9991108970642095,5.9991108970642095,0.0,8.042352676391602,-0.06525541845736653,90,,,,,,
chesca_mesh,1131,4,6,0,5.887533418416978,5.887533418416977,-8.881784197001252e-16,8.022212028503418,0.057292984879457734,90,,,,,,
chesca_mesh,1132,5,6,0,5.2596357732468695,5.25963577324687,8.881784197001252e-16,8.022212028503418,0.04599650371384924,90,,,,,,
chesca_mesh,1133,6,6,6,5.350384834516138,4.474384834516138,-0.8760000000000003,8.022212028503418,0.13930848372521615,90,,,,,,
chesca_mesh,1134,7,6,6,5.282877883672937,4.406877883672937,-0.8759999999999994,8.022212028503418,0.20803386061870754,90,,,,,,
chesca_mesh,1135,8,6,6,4.440866841880127,5.14792951717477,0.707062675294643,8.042352676391602,-0.22746911689122856,90,,,,,,
chesca_mesh,1136,9,6,0,3.165219606961905,3.165219606961905,0.0,8.042352676391602,0.019385292000023452,90,,,,,,
chesca_mesh,1137,10,6,6,3.3722283344790496,2.4962283344790492,-0.8760000000000003,8.042352676391602,0.0970028155582903,90,,,,,,
chesca_mesh,1138,11,6,6,3.1217650620665163,2.245765062066516,-0.8760000000000003,8.042352676391602,0.30280575418210476,90,,,,,,
chesca_mesh,1139,12,6,6,3.7883355288670533,2.912335528867052,-0.8760000000000012,8.042352676391602,0.22067753640910387,90,,,,,,
chesca_mesh,1140,13,6,6,5.234458535148894,4.358458535148894,-0.8760000000000003,8.042352676391602,0.43869495821235627,90,,,,,,
chesca_mesh,1141,14,6,6,6.208179907025674,5.332179907025672,-0.8760000000000012,8.042352676391602,0.36180749937773193,90,,,,,,
chesca_mesh,1142,15,6,6,6.745982077737008,5.8699820777370055,-0.8760000000000021,8.042352676391602,0.26676271055290524,90,,,,,,
chesca_mesh,1143,16,6,6,7.762796568934665,6.886796568934665,-0.8760000000000003,8.042352676391602,0.273178269650621,90,,,,,,
chesca_mesh,1144,17,6,6,10.47367782587735,9.59767782587735,-0.8760000000000012,8.042352676391602,0.9128643191982008,90,,,,,,
chesca_mesh,1145,18,6,6,11.935367419142079,11.05936741914208,-0.8759999999999994,8.042352676391602,1.219978164635663,90,,,,,,
chesca_mesh,1146,19,6,6,14.254451544626448,13.37845154462645,-0.8759999999999977,8.042352676391602,1.5129690070342146,90,,,,,,
chesca_mesh,1147,20,6,6,13.342092260638571,12.466092260638574,-0.8759999999999977,8.042352676391602,0.6731620422796752,90,,,,,,
chesca_mesh,1148,21,6,6,11.617052344696793,10.74105234469679,-0.876000000000003,8.042352676391602,0.710729702689474,90,,,,,,
chesca_mesh,1149,22,6,6,10.359562701838401,9.4835627018384,-0.8760000000000012,8.042352676391602,0.7280981642235902,90,,,,,,
chesca_mesh,1150,23,6,6,10.583524821254619,9.707524821254617,-0.8760000000000012,8.042352676391602,0.6247157928472149,90,,,,,,
chesca_mesh,1151,24,6,6,11.085486487819432,10.209486487819433,-0.8759999999999994,8.05316162109375,0.7402763722422534,90,,,,,,
chesca_mesh,1152,1,6,6,10.700619702930885,9.824619702930883,-0.8760000000000012,8.05316162109375,0.5194314164348125,90,,,,,,
chesca_mesh,1153,2,6,6,9.539716759263902,8.6637167592639,-0.8760000000000012,8.05316162109375,0.14225730506479212,90,,,,,,
chesca_mesh,1154,3,6,0,7.900874869346333,7.900874869346333,0.0,8.05316162109375,0.02056604416917608,90,,,,,,
chesca_mesh,1155,4,6,6,5.8398260395526895,6.715826039552688,0.8759999999999986,8.05316162109375,-0.15292148207554968,90,,,,,,
chesca_mesh,1156,5,6,0,5.227397321742193,5.227397321742193,0.0,8.05316162109375,0.006034273060203571,90,,,,,,
chesca_mesh,1157,6,6,6,5.539785960298269,4.663785960298268,-0.8760000000000003,8.05316162109375,0.09881496346889736,90,,,,,,
chesca_mesh,1158,7,6,6,5.381922452298676,4.505922452298676,-0.8760000000000003,8.05316162109375,0.18187190187399405,90,,,,,,
chesca_mesh,1159,8,6,6,5.3593073674565606,6.142658486758096,0.7833511193015354,8.071687698364258,-0.40538023851849864,90,,,,,,
chesca_mesh,1160,9,6,0,3.5749147047544474,3.574914704754447,-4.440892098500626e-16,8.071687698364258,0.010170279252128434,90,,,,,,
chesca_mesh,1161,10,6,6,3.4235342478094783,2.5475342478094785,-0.8759999999999999,8.071687698364258,0.0965925588484772,90,,,,,,
chesca_mesh,1162,11,6,6,3.0959647658956784,2.219964765895678,-0.8760000000000003,8.071687698364258,0.19515969306401829,90,,,,,,
chesca_mesh,1163,12,6,6,3.3708262220627065,2.494826222062706,-0.8760000000000003,8.071687698364258,0.24919491806016547,90,,,,,,
chesca_mesh,1164,13,6,6,5.510253065635775,4.634253065635775,-0.8759999999999994,8.071687698364258,0.4245545594961525,90,,,,,,
chesca_mesh,1165,14,6,6,4.967893330975073,5.580601899947952,0.6127085689728791,8.106112480163574,-0.13239727742843296,90,,,,,,
chesca_mesh,1166,15,6,6,6.644436892398291,7.304597732817315,0.6601608404190236,8.127073287963867,-0.1505453197560438,90,,,,,,
chesca_mesh,1167,16,6,6,8.098386114834733,7.222386114834733,-0.8760000000000003,8.177488327026367,0.1770034461739649,90,,,,,,
chesca_mesh,1168,17,6,6,8.790703879341361,7.914703879341361,-0.8760000000000003,8.226960182189941,0.10311932803688505,90,,,,,,
chesca_mesh,1169,18,6,6,8.659954672089292,7.783954672089291,-0.8760000000000003,8.226960182189941,0.4511533231588811,90,,,,,,
chesca_mesh,1170,19,6,6,13.766849618868694,12.890849618868693,-0.8760000000000012,8.177488327026367,1.8591449387880226,90,,,,,,
chesca_mesh,1171,20,6,6,13.002676132279676,12.126676132279677,-0.8759999999999994,8.177488327026367,1.1655283447120026,90,,,,,,
chesca_mesh,1172,21,6,6,12.068992855089617,11.192992855089617,-0.8759999999999994,8.177488327026367,0.8304565341004819,90,,,,,,
chesca_mesh,1173,22,6,6,9.10120387066131,9.97720387066131,0.8759999999999994,8.177488327026367,-0.3687360808862079,90,,,,,,
chesca_mesh,1174,23,6,6,8.662438173917462,7.78643817391746,-0.8760000000000012,8.177488327026367,0.42086389577051236,90,,,,,,
chesca_mesh,1175,24,6,6,10.617489510595234,9.741489510595231,-0.876000000000003,8.177488327026367,0.6793183555443594,90,,,,,,
chesca_mesh,1176,1,6,6,10.045563542934174,9.169563542934174,-0.8759999999999994,8.177488327026367,0.19729092380619626,90,,,,,,
chesca_mesh,1177,2,6,6,9.150707134076654,8.274707134076655,-0.8759999999999994,8.177488327026367,0.37423648321462993,90,,,,,,
chesca_mesh,1178,3,6,0,7.363693851007791,7.363693851007792,8.881784197001252e-16,8.14007568359375,0.03049888244712061,90,,,,,,
chesca_mesh,1179,4,6,6,10.337749556668381,9.461749556668382,-0.8759999999999994,8.14007568359375,0.6562624119530946,90,,,,,,
chesca_mesh,1180,5,6,6,5.285368333678605,4.409368333678605,-0.8759999999999994,8.14007568359375,0.08382426916709491,90,,,,,,
chesca_mesh,1181,6,6,6,6.116855505589165,5.240855505589166,-0.8759999999999994,8.14007568359375,0.19681081978048798,90,,,,,,
chesca_mesh,1182,7,6,6,5.2313424086004545,4.355342408600455,-0.8759999999999994,8.14007568359375,0.10896909481590444,90,,,,,,
chesca_mesh,1183,8,6,6,4.890872426728558,4.014872426728558,-0.8760000000000003,8.14007568359375,0.12708445800845203,90,,,,,,
chesca_mesh,1184,9,6,6,5.5847936395875175,6.331963758092822,0.7471701185053048,8.187146186828613,-0.12546401420772385,90,,,,,,
chesca_mesh,1185,10,6,6,3.924427216439002,3.0484272164390016,-0.8760000000000003,8.187146186828613,0.11625430233957848,90,,,,,,
chesca_mesh,1186,11,6,0,1.9595019467988546,1.9595019467988548,2.220446049250313e-16,8.187146186828613,0.031038327344781583,90,,,,,,
chesca_mesh,1187,12,6,6,2.844776624372912,1.9687766243729132,-0.8759999999999988,8.187146186828613,0.15018752934785246,90,,,,,,
chesca_mesh,1188,13,6,6,4.23858927726738,3.3625892772673796,-0.8760000000000003,8.187146186828613,0.09779101450858625,90,,,,,,
chesca_mesh,1189,14,6,6,5.449369927342711,4.573369927342711,-0.8760000000000003,8.187146186828613,0.11455409099652936,90,,,,,,
chesca_mesh,1190,15,6,0,4.7120367990758965,4.7120367990758965,0.0,8.187146186828613,-0.07088078302513122,90,,,,,,
chesca_mesh,1191,16,6,6,5.676858327632026,4.800858327632026,-0.8759999999999994,8.187146186828613,0.33272562461834626,90,,,,,,
chesca_mesh,1192,17,6,6,7.022863008463307,6.146863008463305,-0.8760000000000012,8.187146186828613,0.6051666911241965,90,,,,,,
chesca_mesh,1193,18,6,6,7.866768435209559,6.990768435209559,-0.8759999999999994,8.187146186828613,0.450875925591745,90,,,,,,
chesca_mesh,1194,19,6,6,9.415574124057269,8.539574124057268,-0.8760000000000012,8.187146186828613,0.33391247251950773,90,,,,,,
chesca_mesh,1195,20,6,6,10.192337584193805,9.316337584193805,-0.8759999999999994,8.187146186828613,0.47193080235984763,90,,,,,,
chesca_mesh,1196,21,6,6,10.482112856297947,9.60611285629795,-0.8759999999999977,8.187146186828613,0.49562439949551923,90,,,,,,
chesca_mesh,1197,22,6,0,8.640507827989229,8.640507827989229,0.0,8.226960182189941,0.07725358926050134,90,,,,,,
chesca_mesh,1198,23,6,6,8.75891786497827,7.88291786497827,-0.8760000000000003,8.273017883300781,0.23101395450678242,90,,,,,,
chesca_mesh,1199,24,6,6,8.220440209329086,7.344440209329086,-0.8759999999999994,8.273017883300781,0.11645899375907526,90,,,,,,
chesca_mesh,1200,1,6,6,9.884750374811885,9.008750374811887,-0.8759999999999977,8.30228328704834,0.29499319311081734,90,,,,,,
chesca_mesh,1201,2,6,0,8.114173865094795,8.114173865094795,0.0,8.305004119873047,-0.010452565498660887,90,,,,,,
chesca_mesh,1202,3,6,0,6.803704169134175,6.803704169134175,0.0,8.305004119873047,-0.038874975955911065,90,,,,,,
chesca_mesh,1203,4,6,0,5.7402658586079,5.7402658586079,0.0,8.305004119873047,0.017566251581285122,90,,,,,,
chesca_mesh,1204,5,6,6,8.410151127914073,7.534151127914072,-0.8760000000000012,8.305004119873047,0.2617779382082692,90,,,,,,
chesca_mesh,1205,6,6,6,6.283152744652738,5.407152744652738,-0.8760000000000003,8.305004119873047,0.24510324636524544,90,,,,,,
chesca_mesh,1206,7,6,6,5.986106114444475,5.110106114444475,-0.8759999999999994,8.305004119873047,0.18491911808637002,90,,,,,,
chesca_mesh,1207,8,6,6,4.552244111332332,3.6762441113323323,-0.8759999999999994,8.305004119873047,0.14174018582661374,90,,,,,,
chesca_mesh,1208,9,6,0,3.690035329101639,3.690035329101639,0.0,8.305004119873047,-0.010229918059644294,90,,,,,,
chesca_mesh,1209,10,6,0,3.5671524059433364,3.5671524059433364,0.0,8.305004119873047,-0.03185260640155385,90,,,,,,
chesca_mesh,1210,11,6,0,3.326473639315513,3.326473639315513,0.0,8.305004119873047,0.03487868426564297,90,,,,,,
chesca_mesh,1211,12,6,6,4.953326617943662,5.436864491899771,0.4835378739561085,8.309890747070312,-0.2837530951188281,90,,,,,,
chesca_mesh,1212,13,6,6,5.473377953973387,4.597377953973387,-0.8759999999999994,8.309890747070312,0.12410898588928247,90,,,,,,
chesca_mesh,1213,14,6,6,4.437845817333783,3.5618458173337824,-0.8760000000000008,8.309890747070312,0.09869594878844962,90,,,,,,
chesca_mesh,1214,15,6,6,6.857930447156598,5.981930447156597,-0.8760000000000003,8.309890747070312,0.2779471922782945,90,,,,,,
chesca_mesh,1215,16,6,6,8.433913349262784,7.557913349262785,-0.8759999999999994,8.305004119873047,0.5436084022276559,90,,,,,,
chesca_mesh,1216,17,6,6,11.088359472911767,10.212359472911768,-0.8759999999999994,8.30228328704834,1.2729210946883984,90,,,,,,
chesca_mesh,1217,18,6,6,11.411703979016366,10.535703979016365,-0.8760000000000012,8.305004119873047,1.1083493921427612,90,,,,,,
chesca_mesh,1218,19,6,6,11.890078230710232,11.014078230710233,-0.8759999999999994,8.309890747070312,0.8625313072398939,90,,,,,,
chesca_mesh,1219,20,6,6,10.057378541076117,9.181378541076118,-0.8759999999999994,8.3168306350708,0.20958178397929367,90,,,,,,
chesca_mesh,1220,21,6,6,9.018509953134867,8.142509953134867,-0.8759999999999994,8.3168306350708,0.32836463818908196,90,,,,,,
chesca_mesh,1221,22,6,0,8.236195539456753,8.236195539456752,-1.7763568394002505e-15,8.336149215698242,0.016167302788683925,90,,,,,,
chesca_mesh,1222,23,6,0,8.415391301291656,8.415391301291654,-1.7763568394002505e-15,8.377358436584473,0.018026935126614754,90,,,,,,
chesca_mesh,1223,24,6,6,7.323515936164118,8.199515936164119,0.8760000000000003,8.377358436584473,-0.14911137288406448,90,,,,,,
chesca_mesh,1224,1,6,6,7.512342566247944,8.388342566247944,0.8760000000000003,8.377358436584473,-0.11408225442166732,90,,,,,,
chesca_mesh,1225,2,6,6,6.202502813188686,7.0785028131886865,0.8760000000000003,8.41388988494873,-0.22874515643476298,90,,,,,,
chesca_mesh,1226,3,6,6,5.540343627976863,6.416343627976864,0.8760000000000003,8.377358436584473,-0.10647483284787487,90,,,,,,
chesca_mesh,1227,4,6,6,5.1874095952024195,5.820643781895091,0.6332341866926718,8.377358436584473,-0.08739503698170141,90,,,,,,
chesca_mesh,1228,5,6,6,4.419722116013293,4.692381382179766,0.27265926616647285,8.377358436584473,-0.12776317313829808,90,,,,,,
chesca_mesh,1229,6,6,0,5.119396737234925,5.119396737234925,0.0,8.377358436584473,0.030178083852864496,90,,,,,,
chesca_mesh,1230,7,6,6,4.9194567093907136,4.109456709390714,-0.8099999999999996,8.377358436584473,0.08287144187454192,90,,,,,,
chesca_mesh,1231,8,6,6,4.342538807826912,3.466538807826912,-0.8760000000000003,8.377358436584473,0.15278304060739514,90,,,,,,
chesca_mesh,1232,9,6,6,2.6477980390484293,3.203407935278445,0.5556098962300156,8.377358436584473,-0.5857850058537613,90,,,,,,
chesca_mesh,1233,10,6,6,1.644383089816875,2.020034411742836,0.3756513219259612,8.3267822265625,-0.10927944281134065,90,,,,,,
chesca_mesh,1234,11,6,5,4.307645906524117,3.563645906524117,-0.7440000000000002,8.3267822265625,0.11268259480778682,90,,,,,,
chesca_mesh,1235,12,6,6,6.044150370124636,5.168150370124636,-0.8760000000000003,8.3267822265625,0.33729995034189764,90,,,,,,
chesca_mesh,1236,13,6,6,4.751894607430775,3.875894607430775,-0.8759999999999999,8.305004119873047,0.1360069154790523,90,,,,,,
chesca_mesh,1237,14,6,6,5.503193486500284,4.627193486500284,-0.8760000000000003,8.305004119873047,0.1117645531429673,90,,,,,,
chesca_mesh,1238,15,6,6,6.867122509307336,5.991122509307336,-0.8760000000000003,8.305004119873047,0.17454232026193142,90,,,,,,
chesca_mesh,1239,16,6,6,8.976782748956536,8.100782748956535,-0.8760000000000012,8.30228328704834,0.41345452014483464,90,,,,,,
chesca_mesh,1240,17,6,6,10.859827638869104,9.983827638869105,-0.8759999999999994,8.30228328704834,0.6142148783713606,90,,,,,,
chesca_mesh,1241,18,6,6,10.553330708306133,9.677330708306133,-0.8759999999999994,8.30228328704834,0.586043366323305,90,,,,,,
chesca_mesh,1242,19,6,6,13.7009340318629,12.824934031862899,-0.8760000000000012,8.305004119873047,1.5447512199370848,90,,,,,,
chesca_mesh,1243,20,6,6,10.453209958215611,9.57720995821561,-0.8760000000000012,8.305004119873047,0.27752652670527045,90,,,,,,
chesca_mesh,1244,21,6,6,10.225026711529086,9.349026711529087,-0.8759999999999994,8.305004119873047,0.23983099289611295,90,,,,,,
chesca_mesh,1245,22,6,1,9.72439337408083,9.564393374080828,-0.16000000000000192,8.30228328704834,0.4310126919468673,90,,,,,,
chesca_mesh,1246,23,6,6,9.684591071980666,8.808591071980665,-0.8760000000000012,8.30228328704834,0.50875961020195,90,,,,,,
chesca_mesh,1247,24,6,6,10.134931666033934,9.258931666033936,-0.8759999999999977,8.305004119873047,0.15801593397889957,90,,,,,,
chesca_mesh,1248,1,6,0,9.287567839530636,9.287567839530636,0.0,8.3267822265625,0.055225657300149084,90,,,,,,
chesca_mesh,1249,2,6,6,8.716717641103088,9.59271764110309,0.8760000000000012,8.3267822265625,-0.3624699704369929,90,,,,,,
chesca_mesh,1250,3,6,6,6.446938362564662,7.3229383625646625,0.8760000000000003,8.386835098266602,-0.45820332047991486,90,,,,,,
chesca_mesh,1251,4,6,6,5.96610214435326,6.761711251457475,0.7956091071042151,8.386835098266602,-0.3062552324409532,90,,,,,,
chesca_mesh,1252,5,6,6,5.275971216207888,5.810817560358621,0.5348463441507327,8.386835098266602,-0.3542041210705733,90,,,,,,
chesca_mesh,1253,6,6,6,6.009403742614405,6.453677399929274,0.44427365731486823,8.386835098266602,-0.2582700884932906,90,,,,,,
chesca_mesh,1254,7,6,6,5.480526184289394,5.818317789045972,0.3377916047565783,8.386835098266602,-0.21862646502159305,90,,,,,,
chesca_mesh,1255,8,6,6,3.2734418800283196,3.5028998092878645,0.2294579292595449,8.386835098266602,-0.2929756174113266,90,,,,,,
chesca_mesh,1256,9,6,6,2.6661073029598157,2.886579730594162,0.22047242763434616,8.386835098266602,-0.11704209547481054,90,,,,,,
chesca_mesh,1257,10,6,6,2.506507585313154,2.726469154870548,0.2199615695573942,8.386835098266602,-0.1347644129229831,90,,,,,,
chesca_mesh,1258,11,6,6,0.6902377977281731,1.0090148022457952,0.31877700451762214,8.386835098266602,-0.7201793809738161,90,,,,,,
chesca_mesh,1259,12,6,0,0.6781436759255524,0.6781436759255524,0.0,8.386835098266602,-0.008867198742031387,90,,,,,,
chesca_mesh,1260,13,6,6,4.180180441380639,3.3041804413806393,-0.8759999999999994,8.386835098266602,0.24044855318941416,90,,,,,,
chesca_mesh,1261,14,6,6,4.803341344975942,3.927341344975941,-0.8760000000000008,8.386835098266602,0.13327971504352512,90,,,,,,
chesca_mesh,1262,15,6,0,4.303022456841433,4.3030224568414335,8.881784197001252e-16,8.386835098266602,0.06190366725751202,90,,,,,,
chesca_mesh,1263,16,6,6,7.0036328894273705,6.156037941169651,-0.8475949482577194,8.386835098266602,0.523075777457905,90,,,,,,
chesca_mesh,1264,17,6,6,8.125996047163424,7.249996047163425,-0.8759999999999994,8.386835098266602,0.5024175660336693,90,,,,,,
chesca_mesh,1265,18,6,6,9.08543104743149,8.209431047431492,-0.8759999999999977,8.3267822265625,0.3686543429888734,90,,,,,,
chesca_mesh,1266,19,6,6,12.775520063808914,11.899520063808914,-0.8759999999999994,8.3267822265625,1.1745291510374662,90,,,,,,
chesca_mesh,1267,20,6,6,12.656586967891357,11.780586967891356,-0.8760000000000012,8.3267822265625,0.730055477321949,90,,,,,,
chesca_mesh,1268,21,6,6,10.867252578223503,9.991252578223502,-0.8760000000000012,8.3267822265625,0.23786518758090985,90,,,,,,
chesca_mesh,1269,22,6,0,9.636615018260906,9.636615018260906,0.0,8.3267822265625,0.2507370872917011,90,,,,,,
chesca_mesh,1270,23,6,6,10.908152943408759,10.032152943408757,-0.8760000000000012,8.386835098266602,0.15035970232140522,90,,,,,,
chesca_mesh,1271,24,6,6,9.761139369428115,8.885139369428115,-0.8759999999999994,8.386961936950684,0.5077133389795776,90,,,,,,
chesca_mesh,1272,1,6,6,10.219015701711134,9.343015701711135,-0.8759999999999994,8.386961936950684,0.11680560978578011,90,,,,,,
chesca_mesh,1273,2,6,0,9.06451388669207,9.064513886692072,1.7763568394002505e-15,8.386961936950684,-0.028223555953349744,90,,,,,,
chesca_mesh,1274,3,6,6,7.012138542943088,7.8881385429430875,0.8759999999999994,8.430636405944824,-0.27216575081286776,90,,,,,,
chesca_mesh,1275,4,6,6,5.622991059372333,6.498991059372333,0.8760000000000003,8.430636405944824,-0.33963364548733443,90,,,,,,
chesca_mesh,1276,5,6,6,5.237738196914873,5.835114092868029,0.5973758959531557,8.430636405944824,-0.26292775734448437,90,,,,,,
chesca_mesh,1277,6,6,6,5.644003128477335,6.194375402709076,0.5503722742317407,8.430636405944824,-0.12791403477662827,90,,,,,,
chesca_mesh,1278,7,6,6,5.16457148179804,5.503739797391305,0.3391683155932652,8.430636405944824,-0.15305670437650154,90,,,,,,
chesca_mesh,1279,8,6,6,4.5475916782261905,4.776801739372554,0.22921006114636366,8.430636405944824,-0.26197000190752473,90,,,,,,
chesca_mesh,1280,9,6,6,4.0157761170506765,4.236248887280831,0.22047277023015432,8.430636405944824,-0.33725702929500795,90,,,,,,
chesca_mesh,1281,10,6,6,2.9152196208097765,3.1351950321547384,0.2199754113449619,8.430636405944824,-0.1329487845342873,90,,,,,,
chesca_mesh,1282,11,6,6,3.030657257014727,3.2506043306433643,0.2199470736286373,8.430636405944824,-0.11874061142697886,90,,,,,,
chesca_mesh,1283,12,6,6,2.4476448693165747,2.667590346058238,0.21994547674166354,8.430636405944824,-0.32382526157241776,90,,,,,,
chesca_mesh,1284,13,6,0,3.517704004042363,3.517704004042363,0.0,8.430636405944824,-0.012245705022883815,90,,,,,,
chesca_mesh,1285,14,6,6,4.309125455622048,3.433125455622049,-0.8759999999999994,8.430636405944824,0.12680797508542424,90,,,,,,
chesca_mesh,1286,15,6,6,6.562549095940513,5.686549095940513,-0.8760000000000003,8.430636405944824,0.2848053951789966,90,,,,,,
chesca_mesh,1287,16,6,6,8.00932649033348,7.133326490333481,-0.8759999999999994,8.430636405944824,0.2056327378053526,90,,,,,,
chesca_mesh,1288,17,6,6,11.193413537318278,10.317413537318279,-0.8759999999999994,8.386961936950684,0.8673164437039314,90,,,,,,
chesca_mesh,1289,18,6,6,13.232852902918697,12.356852902918698,-0.8759999999999994,8.386961936950684,1.3190117436139512,90,,,,,,
chesca_mesh,1290,19,6,6,16.284302092685227,15.40830209268523,-0.8759999999999977,8.386961936950684,2.218284836415975,90,,,,,,
chesca_mesh,1291,20,6,6,12.734563072919846,11.858563072919845,-0.8760000000000012,8.386961936950684,0.662669686595819,90,,,,,,
chesca_mesh,1292,21,6,6,12.021477344036102,11.145477344036102,-0.8759999999999994,8.386961936950684,0.7257820020651661,90,,,,,,
chesca_mesh,1293,22,6,0,10.06142726240812,10.06142726240812,0.0,8.386961936950684,0.24985780640331517,90,,,,,,
chesca_mesh,1294,23,6,6,9.88727310279148,9.01127310279148,-0.8760000000000012,8.430636405944824,0.37843992071003474,90,,,,,,
chesca_mesh,1295,24,6,6,10.48066436908709,9.604664369087093,-0.8759999999999977,8.430636405944824,0.3078257501986117,90,,,,,,
chesca_mesh,1296,1,6,6,10.846207766591224,9.970207766591223,-0.8760000000000012,8.430636405944824,0.3650722116693781,90,,,,,,
chesca_mesh,1297,2,6,6,8.669273795645687,9.545273795645688,0.8760000000000012,8.471013069152832,-0.32349130330373393,90,,,,,,
chesca_mesh,1298,3,6,6,6.881592764032186,7.757592764032186,0.8759999999999994,8.50669002532959,-0.32660396356389804,90,,,,,,
chesca_mesh,1299,4,6,6,6.021687630978043,6.748284039947699,0.7265964089696562,8.50669002532959,-0.2782502833069803,90,,,,,,
chesca_mesh,1300,5,6,6,5.249554363415978,5.828912721299184,0.5793583578832058,8.50669002532959,-0.3408372093744837,90,,,,,,
chesca_mesh,1301,6,6,6,5.445340355768287,5.787604940315452,0.34226458454716546,8.50669002532959,-0.14705961449448063,90,,,,,,
chesca_mesh,1302,7,6,6,4.179234520348084,4.4105687290788635,0.2313342087307797,8.50669002532959,-0.15134485081332053,90,,,,,,
chesca_mesh,1303,8,6,6,3.1412951323264875,3.361901616639543,0.22060648431305552,8.50669002532959,-0.1442275859515479,90,,,,,,
chesca_mesh,1304,9,6,6,1.4199920999932276,1.6399881756353492,0.21999607564212154,8.50669002532959,-0.11870006911256964,90,,,,,,
chesca_mesh,1305,10,6,0,1.6379630458422503,1.6379630458422505,2.220446049250313e-16,8.50669002532959,-0.07867854052217262,90,,,,,,
chesca_mesh,1306,11,6,6,3.5402442912306284,2.6642442912306294,-0.875999999999999,8.50669002532959,0.08258636814109502,90,,,,,,
chesca_mesh,1307,12,6,6,3.0321971208417846,2.1561971208417843,-0.8760000000000003,8.50669002532959,0.16120933432383827,90,,,,,,
chesca_mesh,1308,13,6,6,4.599168338507365,3.723168338507365,-0.8759999999999999,8.50669002532959,0.2831840677098669,90,,,,,,
chesca_mesh,1309,14,6,6,5.333681581853423,4.4576815818534214,-0.8760000000000012,8.50669002532959,0.3410583070908138,90,,,,,,
chesca_mesh,1310,15,6,6,7.892568624160033,7.016568624160034,-0.8759999999999986,8.50669002532959,0.33653412847910036,90,,,,,,
chesca_mesh,1311,16,6,6,11.324953471367724,10.448953471367725,-0.8759999999999994,8.50669002532959,0.8193164041258442,90,,,,,,
chesca_mesh,1312,17,6,6,15.3002006882761,14.424200688276096,-0.876000000000003,8.52819538116455,2.0358636700971506,90,,,,,,
chesca_mesh,1313,18,6,6,14.236102656573916,13.360102656573916,-0.8759999999999994,8.52819538116455,1.2905472337365782,90,,,,,,
chesca_mesh,1314,19,6,6,16.983209557232197,16.1072095572322,-0.8759999999999977,8.52819538116455,2.3458790909038245,90,,,,,,
chesca_mesh,1315,20,6,6,12.330818695121131,11.454818695121132,-0.8759999999999994,8.52819538116455,0.5293559968021662,90,,,,,,
chesca_mesh,1316,21,6,6,11.590866398777802,10.714866398777803,-0.8759999999999994,8.52819538116455,0.6240139659764882,90,,,,,,
chesca_mesh,1317,22,6,0,9.24893862959354,9.24893862959354,0.0,8.52819538116455,0.1582637723931768,90,,,,,,
chesca_mesh,1318,23,6,6,10.46493524771872,9.588935247718721,-0.8759999999999994,8.52819538116455,0.3320286619564711,90,,,,,,
chesca_mesh,1319,24,6,6,9.005124256431412,9.881124256431413,0.8760000000000012,8.52819538116455,-0.38167940703557246,90,,,,,,
chesca_mesh,1320,1,6,6,8.241049619693552,9.117049619693551,0.8759999999999994,8.52819538116455,-0.23540475015702597,90,,,,,,
chesca_mesh,1321,2,6,6,7.175783692075056,8.051783692075057,0.8760000000000012,8.52819538116455,-0.13026337229464766,90,,,,,,
chesca_mesh,1322,3,6,6,6.2259167674542955,7.101916767454294,0.8759999999999986,8.50669002532959,-0.1025920314523036,90,,,,,,
chesca_mesh,1323,4,6,5,5.639533803212949,6.301726508887553,0.6621927056746042,8.471013069152832,-0.09200581173636695,90,,,,,,
chesca_mesh,1324,5,6,5,5.294777789881261,5.767861435359228,0.473083645477967,8.471013069152832,-0.1003110410868022,90,,,,,,
chesca_mesh,1325,6,6,0,5.261315192018758,5.261315192018759,8.881784197001252e-16,8.471013069152832,0.029304739281392024,90,,,,,,
chesca_mesh,1326,7,6,0,5.294462650536545,5.294462650536544,-8.881784197001252e-16,8.471013069152832,-0.04304820883054385,90,,,,,,
chesca_mesh,1327,8,6,6,4.371643959734392,4.743814890795787,0.37217093106139476,8.430636405944824,-0.12173725934935947,90,,,,,,
chesca_mesh,1328,9,6,6,2.3605912739305888,2.6138513472865155,0.2532600733559267,8.430636405944824,-0.18078360570061336,90,,,,,,
chesca_mesh,1329,10,6,0,1.1205108375232078,1.1205108375232078,0.0,8.430636405944824,0.01458453055270274,90,,,,,,
chesca_mesh,1330,11,6,6,1.4323092922257472,0.5563092922257474,-0.8759999999999998,8.430636405944824,0.08401950148385234,90,,,,,,
chesca_mesh,1331,12,6,6,3.7888491628454757,2.912849162845476,-0.8759999999999999,8.430636405944824,0.33903470407470787,90,,,,,,
chesca_mesh,1332,13,6,6,6.029031338894197,5.1530313388941975,-0.8759999999999994,8.430636405944824,0.3326247553255244,90,,,,,,
chesca_mesh,1333,14,6,6,6.180147701677236,5.304147701677236,-0.8760000000000003,8.430636405944824,0.1554746914529414,90,,,,,,
chesca_mesh,1334,15,6,6,8.450593825949815,7.574593825949815,-0.8759999999999994,8.386961936950684,0.27333026479059847,90,,,,,,
chesca_mesh,1335,16,6,6,11.065964854604765,10.189964854604765,-0.8759999999999994,8.386961936950684,0.9673969646849032,90,,,,,,
chesca_mesh,1336,17,6,6,16.261989170584613,15.385989170584612,-0.8760000000000012,8.386961936950684,2.921705480575805,90,,,,,,
chesca_mesh,1337,18,6,6,15.179402292237217,14.303402292237216,-0.8760000000000012,8.430636405944824,2.063437327636796,90,,,,,,
chesca_mesh,1338,19,6,6,19.517961117753035,18.641961117753034,-0.8760000000000012,8.471013069152832,3.1734746217931433,90,,,,,,
chesca_mesh,1339,20,6,6,14.320258046596962,13.44425804659696,-0.8760000000000012,8.471013069152832,1.1268027693928255,90,,,,,,
chesca_mesh,1340,21,6,6,13.042231313719125,12.166231313719123,-0.8760000000000012,8.471013069152832,0.9274312769804767,90,,,,,,
chesca_mesh,1341,22,6,0,10.239652372334639,10.239652372334637,-1.7763568394002505e-15,8.471013069152832,0.027926084129117304,90,,,,,,
chesca_mesh,1342,23,6,6,10.40406500967665,9.528065009676649,-0.8760000000000012,8.471013069152832,0.2202057683192936,90,,,,,,
chesca_mesh,1343,24,6,6,10.41211854691125,9.536118546911252,-0.8759999999999977,8.50669002532959,0.24943260216577756,90,,,,,,
chesca_mesh,1344,1,6,6,10.882636400120925,10.006636400120925,-0.8759999999999994,8.50669002532959,0.37559318921118723,90,,,,,,
chesca_mesh,1345,2,6,6,10.187604961969415,9.311604961969413,-0.8760000000000012,8.50669002532959,0.315441189571199,90,,,,,,
chesca_mesh,1346,3,6,0,8.224156138205437,8.224156138205437,0.0,8.562851905822754,-0.06008801991707628,90,,,,,,
chesca_mesh,1347,4,6,6,6.469598264472167,7.345598264472167,0.8759999999999994,8.562851905822754,-0.0975281822429949,90,,,,,,
chesca_mesh,1348,5,6,0,5.6821508518909285,5.6821508518909285,0.0,8.562851905822754,-0.07676672309342261,90,,,,,,
chesca_mesh,1349,6,6,6,5.960604832879122,5.084604832879122,-0.8760000000000003,8.562851905822754,0.09427736085057534,90,,,,,,
chesca_mesh,1350,7,6,6,5.435884377489888,4.559884377489888,-0.8760000000000003,8.562851905822754,0.10249627373105853,90,,,,,,
chesca_mesh,1351,8,6,0,5.195616507206162,5.195616507206162,0.0,8.562851905822754,0.02556028885692599,90,,,,,,
chesca_mesh,1352,9,6,6,3.63298646652092,4.2186591328843,0.5856726663633798,8.562851905822754,-0.21467979492096353,90,,,,,,
chesca_mesh,1353,10,6,0,1.9204379929540152,1.9204379929540152,0.0,8.562851905822754,0.003541897098853032,90,,,,,,
chesca_mesh,1354,11,6,0,2.218916934256847,2.218916934256847,0.0,8.562851905822754,0.048099698775788235,90,,,,,,
chesca_mesh,1355,12,6,6,3.5792926198876724,2.7032926198876717,-0.8760000000000008,8.562851905822754,0.08977181576684834,90,,,,,,
chesca_mesh,1356,13,6,6,6.032849815068861,5.1568498150688615,-0.8759999999999994,8.562851905822754,0.15798843906248827,90,,,,,,
chesca_mesh,1357,14,6,6,6.707451301671296,5.831451301671295,-0.8760000000000003,8.562851905822754,0.24086656773958837,90,,,,,,
chesca_mesh,1358,15,6,6,8.954490996405681,8.078490996405682,-0.8759999999999994,8.562851905822754,0.2633343532891841,90,,,,,,
chesca_mesh,1359,16,6,6,9.338600314479844,8.462600314479845,-0.8759999999999994,8.676370620727539,0.3141620889240633,90,,,,,,
chesca_mesh,1360,17,6,6,13.900892723185015,13.024892723185015,-0.8759999999999994,8.798561096191406,1.8648401640317538,90,,,,,,
chesca_mesh,1361,18,6,6,14.063594143380609,13.187594143380608,-0.8760000000000012,8.874127388000488,1.7888902499250252,90,,,,,,
chesca_mesh,1362,19,6,6,16.073605708099382,15.197605708099385,-0.8759999999999977,8.926791191101074,1.9604465517290426,90,,,,,,
chesca_mesh,1363,20,6,6,13.101057671487045,12.225057671487043,-0.8760000000000012,9.012761116027832,0.6971577666478463,90,,,,,,
chesca_mesh,1364,21,6,6,11.415870871472825,10.539870871472825,-0.8759999999999994,9.012761116027832,0.3700507443556581,90,,,,,,
chesca_mesh,1365,22,6,0,9.591900604104705,9.591900604104705,0.0,9.012761116027832,0.0007299125749899577,90,,,,,,
chesca_mesh,1366,23,6,6,10.111214530172145,9.235214530172144,-0.8760000000000012,9.012761116027832,0.1305845945504244,90,,,,,,
chesca_mesh,1367,24,6,6,9.737018742448074,8.861018742448074,-0.8759999999999994,9.081808090209961,0.19089607390633184,90,,,,,,
chesca_mesh,1368,1,6,6,10.732581866212856,9.856581866212856,-0.8759999999999994,9.081808090209961,0.32854642708924015,90,,,,,,
chesca_mesh,1369,2,6,0,9.302315040895044,9.302315040895044,0.0,9.100321769714355,0.02503563870428404,90,,,,,,
chesca_mesh,1370,3,6,6,6.818301994174999,7.694301994174998,0.8759999999999986,9.106846809387207,-0.1280571307539168,90,,,,,,
chesca_mesh,1371,4,6,0,6.687846928274165,6.6878469282741655,8.881784197001252e-16,9.106846809387207,-0.05693311191712878,90,,,,,,
chesca_mesh,1372,5,6,0,5.678416141212631,5.678416141212631,0.0,9.106846809387207,-0.04873659729095113,90,,,,,,
chesca_mesh,1373,6,6,6,6.154695662629043,5.278695662629044,-0.8759999999999994,9.106846809387207,0.09603342906578845,90,,,,,,
chesca_mesh,1374,7,6,6,5.5197685903933165,4.643768590393318,-0.8759999999999986,9.106846809387207,0.10123220780337644,90,,,,,,
chesca_mesh,1375,8,6,6,5.186628426984349,4.310628426984349,-0.8760000000000003,9.106846809387207,0.09674234862942012,90,,,,,,
chesca_mesh,1376,9,6,6,5.211388321879058,4.335388321879058,-0.8760000000000003,9.106846809387207,0.13240468776073305,90,,,,,,
chesca_mesh,1377,10,6,6,5.712910842093333,4.836910842093333,-0.8759999999999994,9.106846809387207,0.17842402469176397,90,,,,,,
chesca_mesh,1378,11,6,0,4.883979690580175,4.883979690580175,0.0,9.106846809387207,0.05704925763198437,90,,,,,,
chesca_mesh,1379,12,6,6,3.586258307052743,4.2558970676399115,0.6696387605871683,9.122130393981934,-0.44248762980564704,90,,,,,,
chesca_mesh,1380,13,6,4,3.4266980020350495,3.905526131283235,0.4788281292481855,9.122130393981934,-0.10129838286344246,90,,,,,,
chesca_mesh,1381,14,6,0,3.92726258392082,3.9272625839208195,-4.440892098500626e-16,9.122130393981934,-0.020953876287875303,90,,,,,,
chesca_mesh,1382,15,6,6,6.46570943566383,7.0413084509533075,0.5755990152894777,9.136144638061523,-0.6622337421995087,90,,,,,,
chesca_mesh,1383,16,6,6,7.640056303004269,6.764056303004269,-0.8760000000000003,9.136144638061523,0.38712245480118557,90,,,,,,
chesca_mesh,1384,17,6,6,9.334619511245323,8.458619511245322,-0.8760000000000012,9.136144638061523,0.5769993099808808,90,,,,,,
chesca_mesh,1385,18,6,6,10.999920128554804,10.123920128554804,-0.8759999999999994,9.136144638061523,0.6663085305311596,90,,,,,,
chesca_mesh,1386,19,6,6,12.26666647348784,11.39066647348784,-0.8759999999999994,9.136144638061523,0.7057739066296962,90,,,,,,
chesca_mesh,1387,20,6,6,10.79403755354865,9.91803755354865,-0.8759999999999994,9.136144638061523,0.16176377932881086,90,,,,,,
chesca_mesh,1388,21,6,6,11.880008894649063,11.004008894649063,-0.8759999999999994,9.155844688415527,0.6148974579948558,90,,,,,,
chesca_mesh,1389,22,6,0,9.976076179990411,9.976076179990413,1.7763568394002505e-15,9.174417495727539,0.25738140348315525,90,,,,,,
chesca_mesh,1390,23,6,6,10.7274474216519,9.8514474216519,-0.8760000000000012,9.174417495727539,0.3072158546482281,90,,,,,,
chesca_mesh,1391,24,6,6,10.674097717183304,9.798097717183303,-0.8760000000000012,9.174417495727539,0.2457687067517167,90,,,,,,
chesca_mesh,1392,1,6,6,11.717396231549452,10.841396231549453,-0.8759999999999994,9.179190635681152,0.5872912305496262,90,,,,,,
chesca_mesh,1393,2,6,6,9.25100250811282,10.127002508112822,0.8760000000000012,9.179190635681152,-0.23106369314991881,90,,,,,,
chesca_mesh,1394,3,6,6,7.1589844885199865,8.034984488519985,0.8759999999999986,9.189969062805176,-0.11588515644526723,90,,,,,,
chesca_mesh,1395,4,6,0,6.573943111005585,6.573943111005586,8.881784197001252e-16,9.189969062805176,-0.011725584033933867,90,,,,,,
chesca_mesh,1396,5,6,0,5.632378213067654,5.632378213067654,0.0,9.189969062805176,0.0569350087798105,90,,,,,,
chesca_mesh,1397,6,6,6,5.953100912031079,5.077100912031079,-0.8760000000000003,9.189969062805176,0.09225370559890972,90,,,,,,
chesca_mesh,1398,7,6,6,5.630044540930652,4.754044540930652,-0.8760000000000003,9.189969062805176,0.18397480841588143,90,,,,,,
chesca_mesh,1399,8,6,6,5.833891145599974,4.957891145599974,-0.8760000000000003,9.189969062805176,0.16344038307188496,90,,,,,,
chesca_mesh,1400,9,6,0,4.142578321083389,4.142578321083389,0.0,9.179190635681152,0.026056778950454718,90,,,,,,
chesca_mesh,1401,10,6,6,3.2984582504485673,2.4224582504485674,-0.8759999999999999,9.179190635681152,0.0888281710963251,90,,,,,,
chesca_mesh,1402,11,6,6,5.0446600648428035,5.751696570380256,0.7070365055374523,9.189969062805176,-0.25500935588787493,90,,,,,,
chesca_mesh,1403,12,6,0,5.6272661142904,5.6272661142904,0.0,9.189969062805176,0.022176569399126655,90,,,,,,
chesca_mesh,1404,13,6,6,6.639570633410775,7.308970450983204,0.6693998175724287,9.21827220916748,-0.5041200768111098,90,,,,,,
chesca_mesh,1405,14,6,6,6.690860115803475,7.239265105266913,0.548404989463438,9.21827220916748,-0.11632885801504353,90,,,,,,
chesca_mesh,1406,15,6,6,8.02534690109375,7.1493469010937485,-0.8760000000000012,9.21827220916748,0.08600455354278388,90,,,,,,
chesca_mesh,1407,16,6,6,9.876267792768164,9.000267792768161,-0.876000000000003,9.21827220916748,0.5249619304938602,90,,,,,,
chesca_mesh,1408,17,6,6,12.437734873398835,11.561734873398835,-0.8759999999999994,9.21827220916748,1.1601340394012791,90,,,,,,
chesca_mesh,1409,18,6,6,13.757588803407508,12.88158880340751,-0.8759999999999977,9.21827220916748,1.3336427074787907,90,,,,,,
chesca_mesh,1410,19,6,6,15.662500700162626,14.786500700162625,-0.8760000000000012,9.235435485839844,1.527688504990057,90,,,,,,
chesca_mesh,1411,20,6,6,14.122154903205889,13.24615490320589,-0.8759999999999994,9.235435485839844,0.8986814160492952,90,,,,,,
chesca_mesh,1412,21,6,6,12.017039454232213,11.141039454232214,-0.8759999999999994,9.235435485839844,0.4227941974177471,90,,,,,,
chesca_mesh,1413,22,6,0,9.876508383562937,9.876508383562935,-1.7763568394002505e-15,9.26357650756836,0.1798872516712151,90,,,,,,
chesca_mesh,1414,23,6,6,9.81386672495021,8.937866724950208,-0.8760000000000012,9.26357650756836,0.4109777880426993,90,,,,,,
chesca_mesh,1415,24,6,6,10.255925984771947,9.379925984771948,-0.8759999999999994,9.359658241271973,0.31696361509011595,90,,,,,,
chesca_mesh,1416,1,6,6,9.904961515297433,9.028961515297434,-0.8759999999999994,9.423577308654785,0.1474971046800973,90,,,,,,
chesca_mesh,1417,2,6,0,9.215692730072192,9.215692730072192,0.0,9.423577308654785,0.03189906243048829,90,,,,,,
chesca_mesh,1418,3,6,6,7.172291068454799,8.048291068454798,0.8759999999999994,9.337424278259277,-0.12237217555299086,90,,,,,,
chesca_mesh,1419,4,6,0,7.273996104922967,7.2739961049229676,8.881784197001252e-16,9.337424278259277,-0.020580745644090452,90,,,,,,
chesca_mesh,1420,5,6,0,5.80480970591955,5.804809705919549,-8.881784197001252e-16,9.337424278259277,-0.04267918737105833,90,,,,,,
chesca_mesh,1421,6,6,6,6.267676433230433,5.391676433230433,-0.8759999999999994,9.337424278259277,0.12195882540966402,90,,,,,,
chesca_mesh,1422,7,6,6,5.486298433466166,4.610298433466167,-0.8759999999999986,9.337424278259277,0.11477871957720452,90,,,,,,
chesca_mesh,1423,8,6,6,4.716852876925804,3.840852876925804,-0.8760000000000003,9.337424278259277,0.08793376634051872,90,,,,,,
chesca_mesh,1424,9,6,6,4.414123406194267,3.5381234061942672,-0.8759999999999994,9.337424278259277,0.09970910357022522,90,,,,,,
chesca_mesh,1425,10,6,0,3.6034610730274874,3.6034610730274874,0.0,9.337424278259277,0.05205190784113146,90,,,,,,
chesca_mesh,1426,11,6,6,4.089347617526907,4.793915608783622,0.7045679912567149,9.337424278259277,-0.14591196787484267,90,,,,,,
chesca_mesh,1427,12,6,0,4.144928331854043,4.144928331854044,8.881784197001252e-16,9.337424278259277,0.07134267917351289,90,,,,,,
chesca_mesh,1428,13,6,6,6.114918211962754,5.238918211962755,-0.8759999999999994,9.337424278259277,0.23855192503058123,90,,,,,,
chesca_mesh,1429,14,6,6,5.928695857613853,5.0526958576138545,-0.8759999999999986,9.337424278259277,0.19024544738463744,90,,,,,,
chesca_mesh,1430,15,6,6,8.64620660402094,7.77020660402094,-0.8759999999999994,9.337424278259277,0.2669348457529106,90,,,,,,
chesca_mesh,1431,16,6,6,9.126702783563678,8.250702783563678,-0.8759999999999994,9.337424278259277,0.355316262659117,90,,,,,,
chesca_mesh,1432,17,6,6,13.178769843790867,12.302769843790866,-0.8760000000000012,9.337424278259277,1.6110013041728708,90,,,,,,
chesca_mesh,1433,18,6,6,14.224690664373426,13.348690664373425,-0.8760000000000012,9.423577308654785,1.4248560541042612,90,,,,,,
chesca_mesh,1434,19,6,6,16.7851059193902,15.909105919390202,-0.8759999999999994,9.436758995056152,1.89897483838321,90,,,,,,
chesca_mesh,1435,20,6,6,14.181456383466719,13.30545638346672,-0.8759999999999994,9.436758995056152,0.8464091579609154,90,,,,,,
chesca_mesh,1436,21,6,6,13.927687601164253,13.051687601164256,-0.8759999999999977,9.436758995056152,0.802216938960703,90,,,,,,
chesca_mesh,1437,22,6,0,10.934293802016233,10.934293802016235,1.7763568394002505e-15,9.436758995056152,0.2535359938286472,90,,,,,,
chesca_mesh,1438,23,6,0,10.053976980568253,10.053976980568253,0.0,9.436758995056152,0.04996606978131921,90,,,,,,
chesca_mesh,1439,24,6,6,10.493554598468016,9.617554598468017,-0.8759999999999994,9.426581382751465,0.3164635351068136,90,,,,,,
chesca_mesh,1440,1,6,6,10.655180518131129,9.779180518131128,-0.8760000000000012,9.43687629699707,0.3244703844130819,90,,,,,,
chesca_mesh,1441,2,6,0,10.07998129085853,10.079981290858528,-1.7763568394002505e-15,9.471776008605957,0.07366075928394104,90,,,,,,
chesca_mesh,1442,3,6,6,7.607125980388911,8.483125980388913,0.8760000000000012,9.504950523376465,-0.24886118117697947,90,,,,,,
chesca_mesh,1443,4,6,6,7.222184000372815,8.098184000372814,0.8759999999999994,9.519126892089844,-0.26800552897390784,90,,,,,,
chesca_mesh,1444,5,6,6,5.749557759005397,6.436171790883782,0.6866140318783858,9.519126892089844,-0.23148776048091171,90,,,,,,
chesca_mesh,1445,6,6,6,5.919772843200076,6.470180774482842,0.5504079312827663,9.519126892089844,-0.10458607037019896,90,,,,,,
chesca_mesh,1446,7,6,5,5.279148525798506,5.585375283959063,0.3062267581605571,9.519126892089844,-0.10666712186394384,90,,,,,,
chesca_mesh,1447,8,6,0,4.649037006847163,4.649037006847164,8.881784197001252e-16,9.519126892089844,-0.04406292946768625,90,,,,,,
chesca_mesh,1448,9,6,0,4.169310867027082,4.169310867027082,0.0,9.519126892089844,-0.08799156655707595,90,,,,,,
chesca_mesh,1449,10,6,0,3.631996626238312,3.631996626238312,0.0,9.519126892089844,-0.03429415138024838,90,,,,,,
chesca_mesh,1450,11,6,6,1.4711545625415532,1.7209803529543763,0.24982579041282316,9.519126892089844,-0.3028366554022444,90,,,,,,
chesca_mesh,1451,12,6,0,1.1932563617102432,1.1932563617102432,0.0,9.519126892089844,-0.04408513387956953,90,,,,,,
chesca_mesh,1452,13,6,6,5.431464053843721,4.55546405384372,-0.8760000000000003,9.519126892089844,0.27304603621022394,90,,,,,,
chesca_mesh,1453,14,6,6,4.65093961291178,3.7749396129117803,-0.8759999999999999,9.519126892089844,0.11839742816615041,90,,,,,,
chesca_mesh,1454,15,6,6,6.480237318524146,5.604237318524146,-0.8760000000000003,9.519126892089844,0.10803842085936899,90,,,,,,
chesca_mesh,1455,16,6,6,7.442794356070539,6.566794356070539,-0.8760000000000003,9.519126892089844,0.11831400553925639,90,,,,,,
chesca_mesh,1456,17,6,6,10.100832833324587,9.224832833324585,-0.8760000000000012,9.519126892089844,0.20693324340608127,90,,,,,,
chesca_mesh,1457,18,6,6,12.170074099571893,11.294074099571894,-0.8759999999999994,9.504950523376465,0.6181675507928539,90,,,,,,
chesca_mesh,1458,19,6,6,14.751565058342125,13.875565058342126,-0.8759999999999994,9.504950523376465,1.35997318432507,90,,,,,,
chesca_mesh,1459,20,6,6,13.858644447574452,12.982644447574451,-0.8760000000000012,9.504950523376465,0.30015238960125495,90,,,,,,
chesca_mesh,1460,21,6,6,12.416469709726535,11.540469709726533,-0.8760000000000012,9.504950523376465,0.4393959700499034,90,,,,,,
chesca_mesh,1461,22,6,0,10.746995409970133,10.746995409970133,0.0,9.504950523376465,-0.024932640420922456,90,,,,,,
chesca_mesh,1462,23,6,6,10.697857235014338,9.821857235014338,-0.8759999999999994,9.519126892089844,0.44217115402217894,90,,,,,,
chesca_mesh,1463,24,6,6,11.054554159634423,10.178554159634423,-0.8759999999999994,9.531474113464355,0.29648456623836184,90,,,,,,
chesca_mesh,1464,1,6,0,10.11720145248066,10.11720145248066,0.0,9.571955680847168,0.001237977250379274,90,,,,,,
chesca_mesh,1465,2,6,6,7.611994778206984,8.487994778206984,0.8759999999999994,9.571955680847168,-0.3072906035411942,90,,,,,,
chesca_mesh,1466,3,6,6,6.83823264953153,7.71423264953153,0.8759999999999994,9.571955680847168,-0.25825565666059613,90,,,,,,
chesca_mesh,1467,4,6,6,6.858823121463968,7.574041335672399,0.7152182142084307,9.571955680847168,-0.20529494948907723,90,,,,,,
chesca_mesh,1468,5,6,6,5.414568648429655,6.055799151078443,0.6412305026487877,9.571955680847168,-0.3179130646844224,90,,,,,,
chesca_mesh,1469,6,6,6,5.382452558795431,5.821220171536179,0.43876761274074827,9.571955680847168,-0.2683429835503141,90,,,,,,
chesca_mesh,1470,7,6,6,5.704981047299596,6.243075072192077,0.538094024892481,9.615269660949707,-0.6218617563127972,90,,,,,,
chesca_mesh,1471,8,6,6,5.083941068231689,5.6214963892609955,0.5375553210293065,9.6309175491333,-0.7254280080620296,90,,,,,,
chesca_mesh,1472,9,6,6,3.550791581896231,3.9100048562392513,0.3592132743430203,9.6309175491333,-0.12350292067952733,90,,,,,,
chesca_mesh,1473,10,6,1,2.8853142291720872,3.0173142291720874,0.13200000000000012,9.6309175491333,-0.09466679557570121,90,,,,,,
chesca_mesh,1474,11,6,0,2.3267922597152664,2.3267922597152664,0.0,9.6309175491333,0.0318710676004447,90,,,,,,
chesca_mesh,1475,12,6,6,3.88040566946446,4.379280132812488,0.49887446334802776,9.6309175491333,-0.19989655648802324,90,,,,,,
chesca_mesh,1476,13,6,6,4.942818694313188,4.066818694313188,-0.8760000000000003,9.6309175491333,0.14438105090651465,90,,,,,,
chesca_mesh,1477,14,6,6,7.19417965526541,6.31817965526541,-0.8760000000000003,9.6309175491333,0.21516064085220282,90,,,,,,
chesca_mesh,1478,15,6,0,8.233006045880838,8.233006045880838,0.0,9.6309175491333,0.06330581588420761,90,,,,,,
chesca_mesh,1479,16,6,0,9.113835620722487,9.113835620722487,0.0,9.6309175491333,-0.018873396790931904,90,,,,,,
chesca_mesh,1480,17,6,6,12.644021658379094,11.768021658379096,-0.8759999999999977,9.6309175491333,0.7072419779424397,90,,,,,,
chesca_mesh,1481,18,6,6,14.462699960783306,13.586699960783307,-0.8759999999999994,9.6309175491333,1.1046992997129799,90,,,,,,
chesca_mesh,1482,19,6,6,16.05895637536972,15.18295637536972,-0.8760000000000012,9.6309175491333,1.5966551944174445,90,,,,,,
chesca_mesh,1483,20,6,6,14.307289994560763,13.431289994560764,-0.8759999999999994,9.6309175491333,0.8408919552249174,90,,,,,,
chesca_mesh,1484,21,6,6,12.987099040388712,12.11109904038871,-0.8760000000000012,9.6309175491333,0.4542247189524612,90,,,,,,
chesca_mesh,1485,22,6,0,9.907426508940004,9.907426508940006,1.7763568394002505e-15,9.6309175491333,-0.028748979583829756,90,,,,,,
chesca_mesh,1486,23,6,6,10.569124050017038,9.693124050017037,-0.8760000000000012,9.6309175491333,0.12906946917218573,90,,,,,,
chesca_mesh,1487,24,6,6,9.873296424370713,10.749296424370714,0.8760000000000012,9.6309175491333,-0.2264417419870644,90,,,,,,
chesca_mesh,1488,1,6,6,10.247875543778859,9.37187554377886,-0.8759999999999994,9.6309175491333,0.18092247147838963,90,,,,,,
chesca_mesh,1489,2,6,0,9.64419506818148,9.64419506818148,0.0,9.6309175491333,0.07075334153196333,90,,,,,,
chesca_mesh,1490,3,6,6,6.797616650351981,7.673616650351982,0.8760000000000012,9.6309175491333,-0.09837429203496131,90,,,,,,
chesca_mesh,1491,4,6,6,5.99402708106021,6.870027081060211,0.8760000000000012,9.6309175491333,-0.08919446858412153,90,,,,,,
chesca_mesh,1492,5,6,0,5.62647281943655,5.62647281943655,0.0,9.6309175491333,-0.05107612642333097,90,,,,,,
chesca_mesh,1493,6,6,6,5.8689972921650835,4.992997292165084,-0.8759999999999994,9.6309175491333,0.08948394897439453,90,,,,,,
chesca_mesh,1494,7,6,6,5.427208190024822,4.551208190024822,-0.8760000000000003,9.6309175491333,0.12740347707922428,90,,,,,,
chesca_mesh,1495,8,6,0,5.578394110048918,5.578394110048919,8.881784197001252e-16,9.6309175491333,0.06866503785538869,90,,,,,,
chesca_mesh,1496,9,6,0,5.131459104449169,5.131459104449169,0.0,9.6309175491333,0.0007082985616769094,90,,,,,,
chesca_mesh,1497,10,6,6,4.554021302282743,5.149325910689388,0.5953046084066447,9.6309175491333,-0.12285996772531904,90,,,,,,
chesca_mesh,1498,11,6,0,6.010730108934375,6.010730108934375,0.0,9.6309175491333,-0.006565352603486438,90,,,,,,
chesca_mesh,1499,12,6,0,4.191500852966576,4.191500852966576,0.0,9.6309175491333,0.021609945821833197,90,,,,,,
chesca_mesh,1500,13,6,0,5.225648373908223,5.225648373908223,0.0,9.6309175491333,-0.0561816452491074,90,,,,,,
chesca_mesh,1501,14,6,6,3.59489214646382,4.175725731305294,0.5808335848414736,9.6309175491333,-0.12808053265004898,90,,,,,,
chesca_mesh,1502,15,6,6,5.254902804196515,4.378902804196516,-0.8759999999999994,9.6309175491333,0.09787482438053245,90,,,,,,
chesca_mesh,1503,16,6,6,5.2842455889149065,4.408245588914906,-0.8760000000000003,9.6309175491333,0.31308571914496297,90,,,,,,
chesca_mesh,1504,17,6,6,6.1877897407615725,5.311789740761572,-0.8760000000000003,9.6309175491333,0.26156680707324953,90,,,,,,
chesca_mesh,1505,18,6,6,7.722803988336201,6.846803988336201,-0.8760000000000003,9.615269660949707,0.36606395353921845,90,,,,,,
chesca_mesh,1506,19,6,6,8.27246436018327,7.39646436018327,-0.8759999999999994,9.571955680847168,0.10218724059533918,90,,,,,,
chesca_mesh,1507,20,6,6,9.059862679279187,8.183862679279185,-0.8760000000000012,9.5275297164917,0.10326559452488965,90,,,,,,
chesca_mesh,1508,21,6,6,9.107401630454126,8.231401630454126,-0.8759999999999994,9.474882125854492,0.14807038463508154,90,,,,,,
chesca_mesh,1509,22,6,6,8.638130247092178,9.514130247092178,0.8759999999999994,9.474882125854492,-0.5802650725151832,90,,,,,,
chesca_mesh,1510,23,6,6,7.69965501083114,8.57565501083114,0.8759999999999994,9.474882125854492,-0.13511974263402846,90,,,,,,
chesca_mesh,1511,24,6,6,7.352045016524964,8.228045016524964,0.8760000000000003,9.474882125854492,-0.1459666800549906,90,,,,,,
chesca_mesh,1512,1,6,0,8.198613518829069,8.198613518829069,0.0,9.426581382751465,0.04763957534896797,90,,,,,,
chesca_mesh,1513,2,6,0,7.948573342251038,7.948573342251038,0.0,9.423577308654785,0.034622348386208805,90,,,,,,
chesca_mesh,1514,3,6,0,6.10727132523673,6.10727132523673,0.0,9.423577308654785,-0.03570126675023222,90,,,,,,
chesca_mesh,1515,4,6,6,5.6222584710093555,4.746258471009356,-0.8759999999999994,9.423577308654785,0.09569162669325088,90,,,,,,
chesca_mesh,1516,5,6,6,5.650924606792791,4.774924606792791,-0.8760000000000003,9.423577308654785,0.09244431600484349,90,,,,,,
chesca_mesh,1517,6,6,6,5.761957770135014,4.885957770135014,-0.8760000000000003,9.423577308654785,0.14872038401707827,90,,,,,,
chesca_mesh,1518,7,6,6,5.478279096233271,6.222869905014981,0.7445908087817106,9.426581382751465,-0.4198904314526011,90,,,,,,
chesca_mesh,1519,8,6,0,4.0957297651583024,4.0957297651583024,0.0,9.426581382751465,-0.012017655957610368,90,,,,,,
chesca_mesh,1520,9,6,6,5.033186268913536,4.157186268913535,-0.8760000000000003,9.426581382751465,0.10274791613392814,90,,,,,,
chesca_mesh,1521,10,6,6,3.853474505798292,2.9774745057982916,-0.8760000000000003,9.426581382751465,0.15203165882413044,90,,,,,,
chesca_mesh,1522,11,6,6,4.345436658036551,3.4694366580365514,-0.8759999999999994,9.426581382751465,0.13410705297485007,90,,,,,,
chesca_mesh,1523,12,6,0,1.8356309446124917,1.8356309446124914,-2.220446049250313e-16,9.426581382751465,0.04180129727293536,90,,,,,,
chesca_mesh,1524,13,6,3,4.07809100120226,3.59809100120226,-0.48,9.426581382751465,0.07889320442284241,90,,,,,,
chesca_mesh,1525,14,6,6,4.740881368052985,3.864881368052986,-0.8759999999999994,9.426581382751465,0.1316227163078522,90,,,,,,
chesca_mesh,1526,15,6,6,5.268214833127536,4.392214833127536,-0.8760000000000003,9.426581382751465,0.09374316203792382,90,,,,,,
chesca_mesh,1527,16,6,6,7.128747257727825,6.252747257727825,-0.8759999999999994,9.423577308654785,0.6003425700198924,90,,,,,,
chesca_mesh,1528,17,6,6,8.50213003151342,7.626130031513421,-0.8759999999999994,9.423577308654785,0.477197796095556,90,,,,,,
chesca_mesh,1529,18,6,6,9.965978944788944,9.089978944788943,-0.8760000000000012,9.344481468200684,0.4345146068004456,90,,,,,,
chesca_mesh,1530,19,6,6,10.585586756765329,9.70958675676533,-0.8759999999999994,9.244061470031738,0.2461988580100242,90,,,,,,
chesca_mesh,1531,20,6,0,9.98979145814014,9.989791458140138,-1.7763568394002505e-15,9.244061470031738,-0.040338123350130824,90,,,,,,
chesca_mesh,1532,21,6,6,8.496916878037045,9.372916878037044,0.8759999999999994,9.244061470031738,-0.6059952256561277,90,,,,,,
chesca_mesh,1533,22,6,0,7.682312562976868,7.682312562976868,0.0,9.210288047790527,-0.05493644585641813,90,,,,,,
chesca_mesh,1534,23,6,6,7.737669100964331,6.861669100964333,-0.8759999999999977,9.210288047790527,0.13674354640337424,90,,,,,,
chesca_mesh,1535,24,6,6,8.62341247989233,7.74741247989233,-0.8760000000000003,9.175451278686523,0.14403346197468045,90,,,,,,
chesca_mesh,1536,1,6,0,8.796914381649904,8.796914381649904,0.0,9.175451278686523,0.028861915938051635,90,,,,,,
chesca_mesh,1537,2,6,0,8.43000982772822,8.43000982772822,0.0,9.143860816955566,0.022960637236655465,90,,,,,,
chesca_mesh,1538,3,6,6,5.622176662359507,6.498176662359507,0.8759999999999994,9.030959129333496,-0.09926615442963888,90,,,,,,
chesca_mesh,1539,4,6,0,5.450648508557887,5.450648508557887,0.0,9.030959129333496,-0.009638863940199804,90,,,,,,
chesca_mesh,1540,5,6,6,5.462561511862377,4.586561511862376,-0.8760000000000012,9.030959129333496,0.09357457912407927,90,,,,,,
chesca_mesh,1541,6,6,6,5.847189988932152,4.971189988932151,-0.8760000000000012,9.030959129333496,0.10549476194236063,90,,,,,,
chesca_mesh,1542,7,6,6,5.880689257499291,5.004689257499291,-0.8759999999999994,9.030959129333496,0.24141437505726493,90,,,,,,
chesca_mesh,1543,8,6,0,4.530793683761769,4.530793683761769,0.0,9.030959129333496,-0.0748803310975466,90,,,,,,
chesca_mesh,1544,9,6,0,3.7833677501518483,3.783367750151849,4.440892098500626e-16,9.030959129333496,0.057344627386810766,90,,,,,,
chesca_mesh,1545,10,6,6,3.4758951312362747,3.919421237364685,0.44352610612841037,9.030959129333496,-0.12354280895283695,90,,,,,,
chesca_mesh,1546,11,6,0,4.105907587912933,4.105907587912933,0.0,9.030959129333496,0.07031662280104874,90,,,,,,
chesca_mesh,1547,12,6,6,6.481816310071615,7.05564595066808,0.5738296405964656,9.030959129333496,-0.5536523048767609,90,,,,,,
chesca_mesh,1548,13,6,0,6.455349990239387,6.455349990239387,0.0,9.030959129333496,0.05360635897227348,90,,,,,,
chesca_mesh,1549,14,6,6,5.520982871026682,6.096002495086533,0.5750196240598511,9.030959129333496,-0.11179995376416965,90,,,,,,
chesca_mesh,1550,15,6,6,6.861151491922547,5.985151491922547,-0.8759999999999994,8.930009841918945,0.1503342051627395,90,,,,,,
chesca_mesh,1551,16,6,0,8.291653776563964,8.291653776563964,0.0,9.030959129333496,0.053027017634964736,90,,,,,,
chesca_mesh,1552,17,6,6,10.684908563017627,9.808908563017628,-0.8759999999999994,9.030959129333496,0.6016208455261797,90,,,,,,
chesca_mesh,1553,18,6,6,12.970919481868258,12.094919481868258,-0.8759999999999994,9.030959129333496,1.371982866809532,90,,,,,,
chesca_mesh,1554,19,6,6,15.110610591362034,14.234610591362033,-0.8760000000000012,9.030959129333496,1.6056194975046336,90,,,,,,
chesca_mesh,1555,20,6,6,11.05535982872143,10.179359828721429,-0.8760000000000012,9.030959129333496,0.34775274922623944,90,,,,,,
chesca_mesh,1556,21,6,6,9.781949315549458,8.905949315549458,-0.8759999999999994,9.030959129333496,0.23623774403061779,90,,,,,,
chesca_mesh,1557,22,6,1,8.85820807979723,8.69820807979723,-0.16000000000000014,8.930009841918945,0.08434480029969553,90,,,,,,
chesca_mesh,1558,23,6,6,10.187417719832746,11.063417719832746,0.8759999999999994,8.930009841918945,-0.30200388909677817,90,,,,,,
chesca_mesh,1559,24,6,6,8.17327774115063,9.04927774115063,0.8760000000000012,8.930009841918945,-0.2159187414526175,90,,,,,,
chesca_mesh,1560,1,6,6,8.691389284853516,9.567389284853515,0.8759999999999994,8.930009841918945,-0.21283800963857313,90,,,,,,
chesca_mesh,1561,2,6,6,7.899000501434486,8.775000501434487,0.8760000000000012,8.930009841918945,-0.16279154701579301,90,,,,,,
chesca_mesh,1562,3,6,6,7.587593793329607,8.463593793329608,0.8760000000000003,8.92281436920166,-0.12094735218483103,90,,,,,,
chesca_mesh,1563,4,6,6,5.6299200093897035,6.424106277762672,0.7941862683729681,8.92281436920166,-0.20701019533442805,90,,,,,,
chesca_mesh,1564,5,6,5,5.816914593727915,6.380495107374253,0.5635805136463379,8.92281436920166,-0.09329904574714126,90,,,,,,
chesca_mesh,1565,6,6,6,6.12221433814357,6.669233703324923,0.5470193651813533,8.92281436920166,-0.1855810916813094,90,,,,,,
chesca_mesh,1566,7,6,0,5.3417907678205925,5.3417907678205925,0.0,8.92281436920166,-0.020156443747383665,90,,,,,,
chesca_mesh,1567,8,6,6,5.866539322152301,4.990539322152301,-0.8759999999999994,8.92281436920166,0.12941608012752814,90,,,,,,
chesca_mesh,1568,9,6,0,5.224811924420821,5.22481192442082,-8.881784197001252e-16,8.92281436920166,0.048060298918182226,90,,,,,,
chesca_mesh,1569,10,6,0,5.179749996248545,5.179749996248545,0.0,8.92281436920166,-0.005022930791705814,90,,,,,,
chesca_mesh,1570,11,6,6,5.156245217258728,5.80686507704086,0.6506198597821324,8.877031326293945,-0.0985889049266657,90,,,,,,
chesca_mesh,1571,12,6,6,5.290771355599832,5.838187056533251,0.5474157009334197,8.877031326293945,-0.11451111654913776,90,,,,,,
chesca_mesh,1572,13,6,0,5.953378641282692,5.953378641282692,0.0,8.820548057556152,0.022649728750964136,90,,,,,,
chesca_mesh,1573,14,6,0,5.803528844486598,5.803528844486598,0.0,8.820548057556152,-0.020351186020203055,90,,,,,,
chesca_mesh,1574,15,6,0,5.718006397396678,5.718006397396678,0.0,8.820548057556152,-0.03912436942929021,90,,,,,,
chesca_mesh,1575,16,6,6,6.384784369927516,5.508784369927516,-0.8760000000000003,8.820548057556152,0.4171886795267614,90,,,,,,
chesca_mesh,1576,17,6,6,7.14886189390378,6.272861893903779,-0.8760000000000003,8.778894424438477,0.5226294690611101,90,,,,,,
chesca_mesh,1577,18,6,6,8.163011586935188,7.287011586935189,-0.8759999999999986,8.685705184936523,0.29743751391777606,90,,,,,,
chesca_mesh,1578,19,6,6,9.405846338641481,8.529846338641482,-0.8759999999999994,8.58973503112793,0.23114700974355223,90,,,,,,
chesca_mesh,1579,20,6,6,8.724447143853208,7.848447143853209,-0.8759999999999994,8.55872917175293,0.10601337431413571,90,,,,,,
chesca_mesh,1580,21,6,6,9.663682210488298,8.787682210488299,-0.8759999999999994,8.53002643585205,0.12998357204033711,90,,,,,,
chesca_mesh,1581,22,6,0,8.603011683292875,8.603011683292877,1.7763568394002505e-15,8.492729187011719,0.047491304536281254,90,,,,,,
chesca_mesh,1582,23,6,6,9.241276107064525,8.365276107064524,-0.8760000000000012,8.480209350585938,0.5234767431584186,90,,,,,,
chesca_mesh,1583,24,6,3,8.23970297815388,8.719702978153881,0.4800000000000004,8.400439262390137,-0.07786103225450272,90,,,,,,
chesca_mesh,1584,1,6,6,8.170842321780848,9.046842321780849,0.8760000000000012,8.400439262390137,-0.2843788237536551,90,,,,,,
chesca_mesh,1585,2,6,6,6.735483293691114,7.611483293691114,0.8759999999999994,8.400439262390137,-0.3745906791847201,90,,,,,,
chesca_mesh,1586,3,6,6,5.753830592310599,6.629830592310598,0.8759999999999994,8.31103229522705,-0.38654755149285835,90,,,,,,
chesca_mesh,1587,4,6,6,4.779835545483403,5.291590870161755,0.5117553246783526,8.31103229522705,-0.41385246320189534,90,,,,,,
chesca_mesh,1588,5,6,6,4.425302796979584,4.868461140132759,0.4431583431531747,8.31103229522705,-0.29118827726074165,90,,,,,,
chesca_mesh,1589,6,6,6,5.111610392000737,5.443359580252447,0.3317491882517096,8.31103229522705,-0.17024224603422916,90,,,,,,
chesca_mesh,1590,7,6,6,4.111640946847964,4.341506242597117,0.22986529574915338,8.31103229522705,-0.20459748314515802,90,,,,,,
chesca_mesh,1591,8,6,1,3.9816965447241723,4.1136965447241725,0.13200000000000012,8.31103229522705,-0.09321526396510366,90,,,,,,
chesca_mesh,1592,9,6,0,3.8743926825320454,3.8743926825320454,0.0,8.31103229522705,-0.06974734998439122,90,,,,,,
chesca_mesh,1593,10,6,6,2.641420272697986,2.8915446722806126,0.25012439958262656,8.31103229522705,-0.15634961778003836,90,,,,,,
chesca_mesh,1594,11,6,6,1.9068858340721606,2.1288056958469275,0.22191986177476686,8.31103229522705,-0.2889597091382589,90,,,,,,
chesca_mesh,1595,12,6,0,3.4573515617440744,3.457351561744074,-4.440892098500626e-16,8.31103229522705,0.023643185762545052,90,,,,,,
chesca_mesh,1596,13,6,6,5.66769562712428,6.12733053046438,0.45963490334009993,8.31103229522705,-0.15782947543870052,90,,,,,,
chesca_mesh,1597,14,6,6,4.002121090272503,4.442131577290998,0.4400104870184949,8.31103229522705,-0.14794076173496287,90,,,,,,
chesca_mesh,1598,15,6,6,7.221611743309906,6.345611743309906,-0.8760000000000003,8.31103229522705,0.15269755226571627,90,,,,,,
chesca_mesh,1599,16,6,6,7.384540452460083,6.508540452460083,-0.8760000000000003,8.31103229522705,0.35891880314052993,90,,,,,,
chesca_mesh,1600,17,6,6,9.438976970409147,8.562976970409146,-0.8760000000000012,8.400439262390137,0.3575129409404149,90,,,,,,
chesca_mesh,1601,18,6,6,11.568318972089639,10.692318972089637,-0.8760000000000012,8.31103229522705,1.2988203937945553,90,,,,,,
chesca_mesh,1602,19,6,6,13.728502490828575,12.852502490828575,-0.8759999999999994,8.31103229522705,1.4294179037500676,90,,,,,,
chesca_mesh,1603,20,6,6,11.432091118459446,10.556091118459445,-0.8760000000000012,8.31103229522705,0.38946707079109505,90,,,,,,
chesca_mesh,1604,21,6,6,11.278954216379024,10.402954216379024,-0.8759999999999994,8.31103229522705,0.5767854078900312,90,,,,,,
chesca_mesh,1605,22,6,1,9.580247988532706,9.420247988532708,-0.15999999999999837,8.31103229522705,0.1492386026515202,90,,,,,,
chesca_mesh,1606,23,6,6,10.044010413288664,9.168010413288664,-0.8759999999999994,8.308191299438477,0.13281165345070037,90,,,,,,
chesca_mesh,1607,24,6,6,10.598097250576453,9.722097250576454,-0.8759999999999994,8.308191299438477,0.24825663857162625,90,,,,,,
chesca_mesh,1608,1,6,6,9.859578699377705,8.983578699377704,-0.8760000000000012,8.308191299438477,0.4466136497155274,90,,,,,,
chesca_mesh,1609,2,6,6,8.900722355417965,9.776722355417967,0.8760000000000012,8.308191299438477,-0.41443505095701527,90,,,,,,
chesca_mesh,1610,3,6,6,6.4521566898320515,7.32815668983205,0.8759999999999986,8.308191299438477,-0.5595369057029306,90,,,,,,
chesca_mesh,1611,4,6,6,6.492672474676836,7.368672474676836,0.8759999999999994,8.25601863861084,-0.31956058783683366,90,,,,,,
chesca_mesh,1612,5,6,6,4.933883138636844,5.504172691692934,0.5702895530560896,8.25601863861084,-0.4785134615896332,90,,,,,,
chesca_mesh,1613,6,6,6,5.569976232724278,6.019425622345147,0.44944938962086933,8.25601863861084,-0.28625428863102265,90,,,,,,
chesca_mesh,1614,7,6,6,5.469151628886207,5.818659531179174,0.3495079022929666,8.25601863861084,-0.40564046923076624,90,,,,,,
chesca_mesh,1615,8,6,6,4.829717908105631,5.060268692113152,0.23055078400752116,8.25601863861084,-0.1085384421340795,90,,,,,,
chesca_mesh,1616,9,6,6,2.7198351291927025,3.0604433266491853,0.34060819745648274,8.25601863861084,-0.283843090208421,90,,,,,,
chesca_mesh,1617,10,6,6,2.730621620491844,2.961718706310903,0.23109708581905908,8.25601863861084,-0.12311087439664914,90,,,,,,
chesca_mesh,1618,11,6,6,0.9825119337024737,1.2033423572808954,0.22083042357842175,8.25601863861084,-0.33659360286166046,90,,,,,,
chesca_mesh,1619,12,6,0,3.42950338676497,3.42950338676497,0.0,8.25601863861084,0.043471051870185934,90,,,,,,
chesca_mesh,1620,13,6,0,3.8660999610315345,3.866099961031535,4.440892098500626e-16,8.25601863861084,0.03595001910672266,90,,,,,,
chesca_mesh,1621,14,6,6,4.598280430796612,5.056892553939444,0.4586121231428324,8.25601863861084,-0.10948004951168246,90,,,,,,
chesca_mesh,1622,15,6,6,5.906768205985394,6.2560006150561716,0.3492324090707779,8.25601863861084,-0.1122262823602028,90,,,,,,
chesca_mesh,1623,16,6,4,8.644786652790856,8.032786652790856,-0.6120000000000001,8.25601863861084,0.2431017048649401,90,,,,,,
chesca_mesh,1624,17,6,6,9.47078738499119,8.594787384991191,-0.8759999999999994,8.25601863861084,0.09551559035750554,90,,,,,,
chesca_mesh,1625,18,6,6,10.98410586252459,10.10810586252459,-0.8759999999999994,8.160809516906738,0.5745184539222072,90,,,,,,
chesca_mesh,1626,19,6,6,15.365839583605233,14.489839583605233,-0.8759999999999994,8.160809516906738,2.1474674116759997,90,,,,,,
chesca_mesh,1627,20,6,6,12.947259552191866,12.071259552191865,-0.8760000000000012,8.160809516906738,0.7823354669478413,90,,,,,,
chesca_mesh,1628,21,6,6,11.430110884194812,10.554110884194813,-0.8759999999999994,8.160809516906738,0.42839052316691706,90,,,,,,
chesca_mesh,1629,22,6,1,9.22506014445851,9.065060144458512,-0.15999999999999837,8.160809516906738,0.1093717524317738,90,,,,,,
chesca_mesh,1630,23,6,6,10.52965232193257,9.65365232193257,-0.8759999999999994,8.160809516906738,0.1498780367271963,90,,,,,,
chesca_mesh,1631,24,6,6,10.936086707956726,10.060086707956728,-0.8759999999999977,8.160809516906738,0.44091314778668733,90,,,,,,
chesca_mesh,1632,1,6,6,9.501238348846217,8.625238348846215,-0.8760000000000012,8.160809516906738,0.5220694027961665,90,,,,,,
chesca_mesh,1633,2,6,6,9.598388330225497,8.722388330225495,-0.8760000000000012,8.160809516906738,0.610762024869746,90,,,,,,
chesca_mesh,1634,3,6,6,7.768019729121388,8.64401972912139,0.8760000000000012,8.160809516906738,-0.09739587941017402,90,,,,,,
chesca_mesh,1635,4,6,6,6.7142840279714875,7.590284027971487,0.8759999999999994,8.25601863861084,-0.36933306547348466,90,,,,,,
chesca_mesh,1636,5,6,6,6.383458134770658,7.107303899125883,0.7238457643552252,8.25601863861084,-0.2996969669831938,90,,,,,,
chesca_mesh,1637,6,6,6,6.112413660613281,6.6665909377043695,0.5541772770910889,8.25601863861084,-0.25903056699895194,90,,,,,,
chesca_mesh,1638,7,6,6,5.361486578684998,5.828680609846111,0.4671940311611129,8.25601863861084,-0.7419683706907108,90,,,,,,
chesca_mesh,1639,8,6,6,4.062628877426712,4.393164768129163,0.3305358907024507,8.160809516906738,-0.22463133342839817,90,,,,,,
chesca_mesh,1640,9,6,6,1.7598036285322198,1.9899460015137405,0.23014237298152063,8.160809516906738,-0.3276236121337069,90,,,,,,
chesca_mesh,1641,10,6,0,2.7185930274210657,2.7185930274210657,0.0,8.160809516906738,0.018501832725927703,90,,,,,,
chesca_mesh,1642,11,6,0,3.9848102471594578,3.9848102471594578,0.0,8.160809516906738,0.016295362572097127,90,,,,,,
chesca_mesh,1643,12,6,0,4.030642964313609,4.030642964313609,0.0,8.160809516906738,0.040700143513401676,90,,,,,,
chesca_mesh,1644,13,6,6,5.113584172117667,5.498815833426928,0.3852316613092608,8.160809516906738,-0.25847984978755134,90,,,,,,
chesca_mesh,1645,14,6,3,3.8299396464854896,4.070995461488624,0.24105581500313455,8.160809516906738,-0.0976207494215928,90,,,,,,
chesca_mesh,1646,15,6,6,6.3436234606014725,5.51148749573102,-0.8321359648704529,8.160809516906738,0.14605543040632296,90,,,,,,
chesca_mesh,1647,16,6,6,7.784744975581194,6.908744975581194,-0.8760000000000003,8.156977653503418,0.15777083649689377,90,,,,,,
chesca_mesh,1648,17,6,6,12.565531605214176,11.689531605214176,-0.8759999999999994,8.156977653503418,1.215319044136549,90,,,,,,
chesca_mesh,1649,18,6,6,14.022848188157338,13.146848188157337,-0.8760000000000012,8.156977653503418,1.730306553261672,90,,,,,,
chesca_mesh,1650,19,6,6,15.707436178750463,14.831436178750463,-0.8759999999999994,8.156977653503418,2.1983566109847184,90,,,,,,
chesca_mesh,1651,20,6,6,13.815416229402704,12.939416229402706,-0.8759999999999977,8.156977653503418,1.1740785454522837,90,,,,,,
chesca_mesh,1652,21,6,6,12.383213626325796,11.507213626325797,-0.8759999999999994,8.156977653503418,0.32505724892823123,90,,,,,,
chesca_mesh,1653,22,6,0,10.20483021588839,10.20483021588839,0.0,8.156977653503418,0.29740710204048487,90,,,,,,
chesca_mesh,1654,23,6,6,10.45121112327414,9.57521112327414,-0.8759999999999994,8.156977653503418,0.34224856065885256,90,,,,,,
chesca_mesh,1655,24,6,6,11.382140618937681,10.506140618937684,-0.8759999999999977,8.156977653503418,0.693500310894988,90,,,,,,
chesca_mesh,1656,1,6,6,11.02622080766103,10.150220807661029,-0.8760000000000012,8.156977653503418,0.43852147750342846,90,,,,,,
chesca_mesh,1657,2,6,6,9.934541630513102,9.058541630513103,-0.8759999999999994,8.156977653503418,0.35768755566094423,90,,,,,,
chesca_mesh,1658,3,6,6,7.520058325852459,8.39605832585246,0.8760000000000003,8.156977653503418,-0.1493819295310873,90,,,,,,
chesca_mesh,1659,4,6,6,6.716140923316163,7.592140923316162,0.8759999999999986,8.234514236450195,-0.23816596427820053,90,,,,,,
chesca_mesh,1660,5,6,6,6.046898584735402,6.6888200779405595,0.6419214932051576,8.234514236450195,-0.24359110609771903,90,,,,,,
chesca_mesh,1661,6,6,6,6.053474057870981,6.597360733645242,0.5438866757742602,8.234514236450195,-0.13581412475908705,90,,,,,,
chesca_mesh,1662,7,6,6,5.242012190270972,5.4917980814319955,0.24978589116102334,8.234514236450195,-0.1670950215489458,90,,,,,,
chesca_mesh,1663,8,6,6,4.053108196402876,4.275024307523405,0.221916111120529,8.234514236450195,-0.21787502949962806,90,,,,,,
chesca_mesh,1664,9,6,6,2.442247987859729,2.6625303491038865,0.22028236124415734,8.234514236450195,-0.2516318565433612,90,,,,,,
chesca_mesh,1665,10,6,0,2.283476780260586,2.283476780260586,0.0,8.234514236450195,-0.09013327244615493,90,,,,,,
chesca_mesh,1666,11,6,0,1.7788329141521433,1.7788329141521433,0.0,8.234514236450195,-0.08126039544756418,90,,,,,,
chesca_mesh,1667,12,6,6,3.4774590513288275,2.6014590513288263,-0.8760000000000012,8.234514236450195,0.11527314230956998,90,,,,,,
chesca_mesh,1668,13,6,6,5.264540077661586,4.388540077661586,-0.8759999999999994,8.234514236450195,0.22054189254284712,90,,,,,,
chesca_mesh,1669,14,6,0,4.698131034496388,4.698131034496388,0.0,8.234514236450195,-0.01350904285844131,90,,,,,,
chesca_mesh,1670,15,6,6,7.476558630381274,6.600558630381275,-0.8759999999999994,8.234514236450195,0.1477364797333225,90,,,,,,
chesca_mesh,1671,16,6,6,8.66138612205484,7.785386122054839,-0.8760000000000003,8.234514236450195,0.45732601385832583,90,,,,,,
chesca_mesh,1672,17,6,6,11.864096516150617,10.988096516150616,-0.8760000000000012,8.234514236450195,1.431417791186197,90,,,,,,
chesca_mesh,1673,18,6,6,13.827887451261518,12.951887451261518,-0.8759999999999994,8.289170265197754,1.880786475225203,90,,,,,,
chesca_mesh,1674,19,6,6,16.30222751715616,15.426227517156159,-0.876000000000003,8.308191299438477,2.256885811853441,90,,,,,,
chesca_mesh,1675,20,6,6,13.5884765291214,12.7124765291214,-0.8759999999999994,8.375035285949707,0.9593121845804797,90,,,,,,
chesca_mesh,1676,21,6,6,12.184429511369258,11.308429511369258,-0.8759999999999994,8.452805519104004,0.6597994963433118,90,,,,,,
chesca_mesh,1677,22,6,0,9.144878291754429,9.144878291754429,0.0,8.452805519104004,0.0024644403566878095,90,,,,,,
chesca_mesh,1678,23,6,6,9.897208475995708,9.021208475995707,-0.8760000000000012,8.452805519104004,0.09432381345555983,90,,,,,,
chesca_mesh,1679,24,6,6,10.361243098794846,9.485243098794847,-0.8759999999999994,8.452805519104004,0.19622612595832895,90,,,,,,
chesca_mesh,1680,1,6,6,10.62773372679892,9.75173372679892,-0.8760000000000012,8.480209350585938,0.2526492327460914,90,,,,,,
chesca_mesh,1681,2,6,6,9.662491764865704,8.786491764865703,-0.8760000000000012,8.492508888244629,0.530195299488085,90,,,,,,
chesca_mesh,1682,3,6,6,8.427458840579163,9.303458840579165,0.8760000000000012,8.497612953186035,-0.2504682481770035,90,,,,,,
chesca_mesh,1683,4,6,6,6.640759488253577,7.516759488253576,0.8759999999999986,8.532355308532715,-0.29844673148452683,90,,,,,,
chesca_mesh,1684,5,6,6,5.623660338646559,6.335811796346421,0.7121514576998624,8.532355308532715,-0.25109162063144047,90,,,,,,
chesca_mesh,1685,6,6,6,5.188180507835686,5.633059477396413,0.4448789695607269,8.532355308532715,-0.1767385214292784,90,,,,,,
chesca_mesh,1686,7,6,6,4.960576382961257,5.379995769830812,0.4194193868695546,8.497612953186035,-0.1250687925580053,90,,,,,,
chesca_mesh,1687,8,6,6,3.9446609326032904,4.271762298808574,0.32710136620528374,8.497612953186035,-0.3176786539384033,90,,,,,,
chesca_mesh,1688,9,6,6,2.5438166409021044,2.7748091520035754,0.230992511101471,8.497612953186035,-0.26235279122985206,90,,,,,,
chesca_mesh,1689,10,6,6,0.9292039860807513,1.1500089420800113,0.22080495599925998,8.497612953186035,-0.14815525604769478,90,,,,,,
chesca_mesh,1690,11,6,0,1.8511039022699634,1.8511039022699634,0.0,8.497612953186035,0.04762335360623143,90,,,,,,
chesca_mesh,1691,12,6,6,2.906251925590487,3.2718501131683464,0.36559818757785933,8.497612953186035,-0.1698447367729297,90,,,,,,
chesca_mesh,1692,13,6,0,4.86017265996504,4.860172659965041,8.881784197001252e-16,8.497612953186035,-0.04742306467156113,90,,,,,,
chesca_mesh,1693,14,6,6,4.9335063483896775,5.413178265195243,0.4796719168055654,8.497612953186035,-0.1577168611824118,90,,,,,,
chesca_mesh,1694,15,6,0,7.294357221597282,7.294357221597282,0.0,8.497612953186035,0.0136367967251241,90,,,,,,
chesca_mesh,1695,16,6,5,9.081748578858921,8.337748578858921,-0.7439999999999998,8.497612953186035,0.5499412856999963,90,,,,,,
chesca_mesh,1696,17,6,6,12.744101860197995,11.868101860197996,-0.8759999999999994,8.497612953186035,1.6808347614391996,90,,,,,,
chesca_mesh,1697,18,6,6,14.549330580120419,13.67333058012042,-0.8759999999999994,8.532355308532715,1.8528233516180537,90,,,,,,
chesca_mesh,1698,19,6,6,17.122815106659736,16.24681510665974,-0.8759999999999977,8.578983306884766,2.1963196112943644,90,,,,,,
chesca_mesh,1699,20,6,6,15.499618652683242,14.623618652683243,-0.8759999999999994,8.578983306884766,1.1050398652723752,90,,,,,,
chesca_mesh,1700,21,6,6,13.037749892972316,12.161749892972317,-0.8759999999999994,8.578983306884766,0.1811601672951133,90,,,,,,
chesca_mesh,1701,22,6,6,8.636321647167206,9.512321647167207,0.8760000000000012,8.578983306884766,-0.3131019491491187,90,,,,,,
chesca_mesh,1702,23,6,6,8.530912625489023,9.406912625489024,0.8760000000000012,8.59427261352539,-0.29964485849996186,90,,,,,,
chesca_mesh,1703,24,6,6,9.123835919706046,8.247835919706045,-0.8760000000000012,8.604974746704102,0.38850983067103917,90,,,,,,
chesca_mesh,1704,1,6,6,10.301637397508493,9.425637397508492,-0.8760000000000012,8.604974746704102,0.2363169183578423,90,,,,,,
chesca_mesh,1705,2,6,6,8.61452044473249,9.490520444732491,0.8760000000000012,8.636817932128906,-0.32280036138941326,90,,,,,,
chesca_mesh,1706,3,6,6,6.98734869253465,7.86334869253465,0.8760000000000003,8.69186782836914,-0.25759723984476474,90,,,,,,
chesca_mesh,1707,4,6,6,6.956268381314487,7.763177419791217,0.8069090384767295,8.768357276916504,-0.22774756186292947,90,,,,,,
chesca_mesh,1708,5,6,6,5.300466798006763,5.889799358717213,0.5893325607104503,8.768357276916504,-0.24268220103704385,90,,,,,,
chesca_mesh,1709,6,6,0,6.0272309454522155,6.027230945452216,8.881784197001252e-16,8.768357276916504,-0.056698590324530784,90,,,,,,
chesca_mesh,1710,7,6,0,5.009967843183495,5.009967843183495,0.0,8.768357276916504,-0.011604128500460137,90,,,,,,
chesca_mesh,1711,8,6,0,4.6100473398505635,4.6100473398505635,0.0,8.768357276916504,-0.05934777035967308,90,,,,,,
chesca_mesh,1712,9,6,5,5.905492907716676,6.113120580645144,0.20762767292846807,8.842560768127441,-0.7433854204113941,90,,,,,,
chesca_mesh,1713,10,6,6,4.222034248469206,4.563657894112375,0.3416236456431694,8.879321098327637,-0.6928135069419208,90,,,,,,
chesca_mesh,1714,11,6,6,3.5291903814621737,3.7664681232679427,0.237277741805769,8.913224220275879,-0.5718837384763491,90,,,,,,
chesca_mesh,1715,12,6,0,4.2849669268496875,4.284966926849688,8.881784197001252e-16,8.879321098327637,0.05741827632082443,90,,,,,,
chesca_mesh,1716,13,6,6,6.626313034578883,5.750313034578883,-0.8760000000000003,8.879321098327637,0.18122463972895314,90,,,,,,
chesca_mesh,1717,14,6,6,7.111797293191459,6.2357972931914585,-0.8760000000000003,8.879321098327637,0.1786986083332728,90,,,,,,
chesca_mesh,1718,15,6,6,8.472309084206076,7.5963090842060765,-0.8759999999999994,8.879321098327637,0.1613177662646763,90,,,,,,
chesca_mesh,1719,16,6,6,11.173956356551196,10.297956356551197,-0.8759999999999994,8.842560768127441,1.0006771384642243,90,,,,,,
chesca_mesh,1720,17,6,6,14.98440793664746,14.108407936647456,-0.876000000000003,8.879321098327637,1.5787889135525401,90,,,,,,
chesca_mesh,1721,18,6,6,14.69785251934753,13.82185251934753,-0.8759999999999994,8.879321098327637,1.6586880652674298,90,,,,,,
chesca_mesh,1722,19,6,6,16.287006540791054,15.411006540791053,-0.8760000000000012,8.879321098327637,1.8929219164817526,90,,,,,,
chesca_mesh,1723,20,6,6,14.102752573653618,13.22675257365362,-0.8759999999999977,8.879321098327637,1.0356508850929471,90,,,,,,
chesca_mesh,1724,21,6,6,13.027205366102399,12.151205366102399,-0.8759999999999994,8.879321098327637,0.863272974751471,90,,,,,,
chesca_mesh,1725,22,6,6,11.556204290637703,10.680204290637702,-0.8760000000000012,8.913224220275879,0.6511071861842609,90,,,,,,
chesca_mesh,1726,23,6,6,11.160491517880777,10.284491517880776,-0.8760000000000012,8.913224220275879,0.2541417633889857,90,,,,,,
chesca_mesh,1727,24,6,6,10.72213858403511,9.84613858403511,-0.8759999999999994,8.913224220275879,0.15748404061345098,90,,,,,,
chesca_mesh,1728,1,6,6,11.034135790168673,10.15813579016867,-0.876000000000003,8.913224220275879,0.29706368643093833,90,,,,,,
chesca_mesh,1729,2,6,6,10.155214762179636,9.279214762179635,-0.8760000000000012,8.913224220275879,0.42245072591687116,90,,,,,,
chesca_mesh,1730,3,6,6,8.275715742811487,9.151715742811486,0.8759999999999994,8.936620712280273,-0.1944440432193433,90,,,,,,
chesca_mesh,1731,4,6,6,6.9625695375725805,7.83856953757258,0.8759999999999994,8.947628021240234,-0.23396424754487813,90,,,,,,
chesca_mesh,1732,5,6,6,5.8350664441235365,6.547217966846648,0.7121515227231114,8.947628021240234,-0.20430255086608493,90,,,,,,
chesca_mesh,1733,6,6,6,5.679833715391063,6.320930140100731,0.6410964247096675,8.947628021240234,-0.11409237800333903,90,,,,,,
chesca_mesh,1734,7,6,0,5.314708682134334,5.314708682134334,0.0,8.947628021240234,-0.05345612988271293,90,,,,,,
chesca_mesh,1735,8,6,0,4.1610621880498435,4.1610621880498435,0.0,8.947628021240234,-0.09189037746422762,90,,,,,,
chesca_mesh,1736,9,6,6,2.62109826361199,2.8710760476589567,0.2499777840469668,8.947628021240234,-0.3941372896729524,90,,,,,,
chesca_mesh,1737,10,6,6,2.1934475049284905,2.5349124539903394,0.3414649490618489,8.947628021240234,-0.14154868065410053,90,,,,,,
chesca_mesh,1738,11,6,6,3.0544091448539517,3.3945216463765684,0.34011250152261674,8.947628021240234,-0.11554705932808454,90,,,,,,
chesca_mesh,1739,12,6,6,4.416956278817482,4.756989048375739,0.340032769558257,8.947628021240234,-0.23169542497169263,90,,,,,,
chesca_mesh,1740,13,6,5,5.793588625606006,5.049588625606005,-0.7440000000000007,8.947628021240234,0.1848784862171711,90,,,,,,
chesca_mesh,1741,14,6,6,6.494585528434566,5.618585528434568,-0.8759999999999986,8.947628021240234,0.12811258000934064,90,,,,,,
chesca_mesh,1742,15,6,0,6.4932128190585825,6.4932128190585825,0.0,8.947628021240234,0.06251379609939431,90,,,,,,
chesca_mesh,1743,16,6,6,7.749565877298599,6.873565877298598,-0.8760000000000003,8.947628021240234,0.4477901248622585,90,,,,,,
chesca_mesh,1744,17,6,6,11.79144152613383,10.915441526133833,-0.8759999999999977,8.947628021240234,1.1963978066134224,90,,,,,,
chesca_mesh,1745,18,6,6,13.136166597349725,12.260166597349722,-0.876000000000003,8.959368705749512,1.3158858835509197,90,,,,,,
chesca_mesh,1746,19,6,6,14.682862326048241,13.80686232604824,-0.8760000000000012,9.024450302124023,1.5677560838547215,90,,,,,,
chesca_mesh,1747,20,6,6,13.202183149286865,12.326183149286864,-0.8760000000000012,9.09788703918457,0.8925024937650439,90,,,,,,
chesca_mesh,1748,21,6,6,12.361653942930477,11.48565394293048,-0.8759999999999977,9.131105422973633,0.6456690646480328,90,,,,,,
chesca_mesh,1749,22,6,1,10.697789616166956,10.537789616166956,-0.16000000000000014,9.159677505493164,0.45897090134584984,90,,,,,,
chesca_mesh,1750,23,6,6,11.310676512866479,10.43467651286648,-0.8759999999999994,9.190070152282715,0.3503332781768292,90,,,,,,
chesca_mesh,1751,24,6,6,10.714005827724366,9.838005827724368,-0.8759999999999977,9.224663734436035,0.2602437665179388,90,,,,,,
chesca_mesh,1752,1,6,6,11.46305558289833,10.587055582898328,-0.8760000000000012,9.24740982055664,0.472326793128912,90,,,,,,
chesca_mesh,1753,2,6,6,9.654515977114766,8.778515977114765,-0.8760000000000012,9.264947891235352,0.14561630071875575,90,,,,,,
chesca_mesh,1754,3,6,0,8.289581257867308,8.289581257867308,0.0,9.264947891235352,0.05302666757952014,90,,,,,,
chesca_mesh,1755,4,6,0,7.372935223082904,7.372935223082904,0.0,9.264947891235352,0.018706790358736902,90,,,,,,
chesca_mesh,1756,5,6,0,5.883816200563744,5.883816200563743,-8.881784197001252e-16,9.264947891235352,-0.002181601371012143,90,,,,,,
chesca_mesh,1757,6,6,6,6.590580208678491,5.714580208678491,-0.8759999999999994,9.264947891235352,0.12491707156244075,90,,,,,,
chesca_mesh,1758,7,6,6,5.8367762810685955,4.960776281068594,-0.8760000000000012,9.264947891235352,0.09709677524322713,90,,,,,,
chesca_mesh,1759,8,6,6,5.696773711924164,4.820773711924164,-0.8760000000000003,9.264947891235352,0.14301885659173227,90,,,,,,
chesca_mesh,1760,9,6,6,4.76024405953059,3.88424405953059,-0.8760000000000003,9.264947891235352,0.14389275016512093,90,,,,,,
chesca_mesh,1761,10,6,6,2.619440456052781,1.7434404560527812,-0.8759999999999997,9.264947891235352,0.0934691495396718,90,,,,,,
chesca_mesh,1762,11,6,6,2.469661895887119,1.593661895887119,-0.8760000000000001,9.264947891235352,0.1514387061010611,90,,,,,,
chesca_mesh,1763,12,6,0,4.14838532784229,4.1483853278422895,-8.881784197001252e-16,9.264947891235352,-0.038957367868527354,90,,,,,,
chesca_mesh,1764,13,6,6,4.801355445426029,3.92535544542603,-0.8759999999999994,9.264947891235352,0.24344062860362398,90,,,,,,
chesca_mesh,1765,14,6,6,5.07858501640073,4.20258501640073,-0.8760000000000003,9.264947891235352,0.3195075318697288,90,,,,,,
chesca_mesh,1766,15,6,6,7.496321217813928,6.620321217813927,-0.8760000000000012,9.264947891235352,0.3056804204665747,90,,,,,,
chesca_mesh,1767,16,6,6,8.026442246214913,7.150442246214912,-0.8760000000000003,9.264947891235352,0.5740889134649243,90,,,,,,
chesca_mesh,1768,17,6,6,10.653037007114348,9.777037007114346,-0.8760000000000012,9.24740982055664,0.8356772558613839,90,,,,,,
chesca_mesh,1769,18,6,6,12.571396106099249,11.695396106099249,-0.8759999999999994,9.24740982055664,1.30476601821815,90,,,,,,
chesca_mesh,1770,19,6,6,15.256795229609086,14.380795229609083,-0.876000000000003,9.24740982055664,1.6327017344859727,90,,,,,,
chesca_mesh,1771,20,6,6,12.956062223911285,12.080062223911286,-0.8759999999999994,9.24740982055664,0.6810519991741268,90,,,,,,
chesca_mesh,1772,21,6,6,12.097420879602431,11.221420879602432,-0.8759999999999994,9.24740982055664,0.586585984572049,90,,,,,,
chesca_mesh,1773,22,6,0,9.987384119785224,9.987384119785224,0.0,9.24740982055664,0.22259866916313653,90,,,,,,
chesca_mesh,1774,23,6,6,10.274808664677998,9.398808664677999,-0.8759999999999994,9.264947891235352,0.4582093171107201,90,,,,,,
chesca_mesh,1775,24,6,6,11.466282946246336,10.590282946246338,-0.8759999999999977,9.264947891235352,0.571666658827062,90,,,,,,
chesca_mesh,1776,1,6,6,11.235761346476744,10.359761346476745,-0.8759999999999994,9.264947891235352,0.30117696288465157,90,,,,,,
chesca_mesh,1777,2,6,6,10.976309255559578,10.100309255559576,-0.8760000000000012,9.323356628417969,0.2713073769887163,90,,,,,,
chesca_mesh,1778,3,6,0,8.640527293743963,8.640527293743963,0.0,9.323356628417969,0.023389010554829975,90,,,,,,
chesca_mesh,1779,4,6,6,7.835953754458124,6.959953754458124,-0.8760000000000003,9.323356628417969,0.11678375436915824,90,,,,,,
chesca_mesh,1780,5,6,6,6.040272388285871,5.164272388285871,-0.8759999999999994,9.323356628417969,0.08513814377969525,90,,,,,,
chesca_mesh,1781,6,6,6,6.510031357037795,5.634031357037795,-0.8759999999999994,9.323356628417969,0.2158040493249186,90,,,,,,
chesca_mesh,1782,7,6,6,6.3220640102210774,5.446064010221079,-0.8759999999999986,9.323356628417969,0.13948946206796276,90,,,,,,
chesca_mesh,1783,8,6,6,5.838460836967533,6.625122517449183,0.7866616804816502,9.369599342346191,-0.3077084534597323,90,,,,,,
chesca_mesh,1784,9,6,6,5.385836003669454,4.509836003669453,-0.8760000000000012,9.369599342346191,0.11371833230636635,90,,,,,,
chesca_mesh,1785,10,6,6,4.243427794948796,3.3674277949487967,-0.8759999999999994,9.369599342346191,0.10433551691596113,90,,,,,,
chesca_mesh,1786,11,6,6,4.534466550589135,3.658466550589136,-0.8759999999999994,9.369599342346191,0.27220543658760404,90,,,,,,
chesca_mesh,1787,12,6,6,5.6984111201900545,4.822411120190055,-0.8759999999999994,9.369599342346191,0.2947732463482451,90,,,,,,
chesca_mesh,1788,13,6,6,5.898117764085547,5.0221177640855466,-0.8760000000000003,9.369599342346191,0.25970995481250925,90,,,,,,
chesca_mesh,1789,14,6,6,6.336589906563608,5.460589906563608,-0.8760000000000003,9.369599342346191,0.24405976179571442,90,,,,,,
chesca_mesh,1790,15,6,6,8.132959648938158,7.256959648938158,-0.8760000000000003,9.369599342346191,0.3966324981282271,90,,,,,,
chesca_mesh,1791,16,6,6,9.555592798409966,8.679592798409967,-0.8759999999999994,9.369599342346191,0.25314140921789763,90,,,,,,
chesca_mesh,1792,17,6,6,13.667467169840172,12.791467169840171,-0.8760000000000012,9.369599342346191,1.3842959471065888,90,,,,,,
chesca_mesh,1793,18,6,6,14.752404231806597,13.8764042318066,-0.8759999999999977,9.382318496704102,1.4445521878137964,90,,,,,,
chesca_mesh,1794,19,6,6,15.655633057947243,14.779633057947244,-0.8759999999999994,9.48444652557373,1.6087042169205688,90,,,,,,
chesca_mesh,1795,20,6,6,13.651784656147772,12.775784656147772,-0.8759999999999994,9.48444652557373,0.8106162178372023,90,,,,,,
chesca_mesh,1796,21,6,6,12.56285263475052,11.68685263475052,-0.8759999999999994,9.48444652557373,0.5654699334063865,90,,,,,,
chesca_mesh,1797,22,6,0,9.74113934063615,9.741139340636153,1.7763568394002505e-15,9.582403182983398,0.05705772180182557,90,,,,,,
chesca_mesh,1798,23,6,6,10.754401383863483,9.878401383863482,-0.8760000000000012,9.499804496765137,0.2579765238669173,90,,,,,,
chesca_mesh,1799,24,6,6,11.145603154340286,10.269603154340288,-0.8759999999999977,9.499804496765137,0.545185328441083,90,,,,,,
chesca_mesh,1800,1,6,6,10.38704540693526,9.51104540693526,-0.8759999999999994,9.499804496765137,0.2136666709488092,90,,,,,,
chesca_mesh,1801,2,6,6,8.657292857119739,7.781292857119738,-0.8760000000000003,9.499804496765137,0.09792193347731128,90,,,,,,
chesca_mesh,1802,3,6,6,7.818387999961078,6.942387999961078,-0.8760000000000003,9.499804496765137,0.14938600964912122,90,,,,,,
chesca_mesh,1803,4,6,6,7.133572324610529,6.257572324610528,-0.8760000000000003,9.499804496765137,0.12378059692492968,90,,,,,,
chesca_mesh,1804,5,6,6,6.483757610068078,5.607757610068077,-0.8760000000000003,9.499804496765137,0.11496357386793485,90,,,,,,
chesca_mesh,1805,6,6,6,7.377502297527571,6.50150229752757,-0.8760000000000012,9.499804496765137,0.22947016869180328,90,,,,,,
chesca_mesh,1806,7,6,6,6.633747923104157,7.429747923104157,0.7960000000000003,9.499804496765137,-0.1402646897838861,90,,,,,,
chesca_mesh,1807,8,6,6,5.382493461361536,6.14211304553179,0.7596195841702542,9.499804496765137,-0.10902337820127114,90,,,,,,
chesca_mesh,1808,9,6,6,4.652007398862806,3.7760073988628062,-0.8759999999999999,9.499804496765137,0.13165225704422395,90,,,,,,
chesca_mesh,1809,10,6,6,4.306623941816375,3.4306239418163744,-0.8760000000000008,9.499804496765137,0.18707957404937406,90,,,,,,
chesca_mesh,1810,11,6,6,4.64971089993988,3.773710899939879,-0.8760000000000008,9.499804496765137,0.11316589143723976,90,,,,,,
chesca_mesh,1811,12,6,6,5.704612228270717,4.828612228270718,-0.8759999999999994,9.499804496765137,0.2541857685623807,90,,,,,,
chesca_mesh,1812,13,6,6,6.53135633233752,5.655356332337519,-0.8760000000000012,9.499804496765137,0.14523588503116347,90,,,,,,
chesca_mesh,1813,14,6,6,7.314737401354929,6.438737401354929,-0.8760000000000003,9.499804496765137,0.14958641387318583,90,,,,,,
chesca_mesh,1814,15,6,6,9.468830623059292,8.59283062305929,-0.8760000000000012,9.499804496765137,0.22698335249628665,90,,,,,,
chesca_mesh,1815,16,6,0,7.296569402272247,7.296569402272248,8.881784197001252e-16,9.499804496765137,0.012937532079883449,90,,,,,,
chesca_mesh,1816,17,6,0,9.197236405921512,9.197236405921512,0.0,9.499804496765137,0.07310576834958396,90,,,,,,
chesca_mesh,1817,18,6,0,8.71151749569114,8.711517495691142,1.7763568394002505e-15,9.401089668273926,0.059667457748393785,90,,,,,,
chesca_mesh,1818,19,6,6,12.19372053574525,11.31772053574525,-0.8759999999999994,9.369599342346191,0.7388955703111934,90,,,,,,
chesca_mesh,1819,20,6,6,11.43086453757075,10.55486453757075,-0.8759999999999994,9.323356628417969,0.6533605406996497,90,,,,,,
chesca_mesh,1820,21,6,6,9.332366872424194,10.208366872424193,0.8759999999999994,9.323356628417969,-0.29303064600722706,90,,,,,,
chesca_mesh,1821,22,6,6,8.0136679075417,8.8896679075417,0.8759999999999994,9.323356628417969,-0.14021682697611693,90,,,,,,
chesca_mesh,1822,23,6,0,7.417326075881613,7.417326075881613,0.0,9.323356628417969,-0.017489881017736963,90,,,,,,
chesca_mesh,1823,24,6,0,6.861028989711596,6.861028989711596,0.0,9.323356628417969,0.044753562244698446,90,,,,,,
chesca_mesh,1824,1,6,6,9.18413406742054,8.308134067420541,-0.8759999999999994,9.215964317321777,0.15528420032230866,90,,,,,,
chesca_mesh,1825,2,6,6,8.626304822837412,7.750304822837412,-0.8759999999999994,9.131345748901367,0.09470447572665032,90,,,,,,
chesca_mesh,1826,3,6,0,6.462430494712357,6.462430494712357,0.0,9.131345748901367,-0.054320756661818445,90,,,,,,
chesca_mesh,1827,4,6,0,5.556662786085747,5.556662786085746,-8.881784197001252e-16,9.131345748901367,-0.05437297490251908,90,,,,,,
chesca_mesh,1828,5,6,0,5.308985824398624,5.308985824398624,0.0,9.131345748901367,0.019953020852309516,90,,,,,,
chesca_mesh,1829,6,6,0,5.455876333628088,5.455876333628088,0.0,9.131345748901367,0.0694224337504846,90,,,,,,
chesca_mesh,1830,7,6,6,4.758381391434885,3.8823813914348846,-0.8760000000000008,9.131345748901367,0.10699853028757525,90,,,,,,
chesca_mesh,1831,8,6,6,4.546653537317644,3.6706535373176448,-0.875999999999999,9.131345748901367,0.12762087034097228,90,,,,,,
chesca_mesh,1832,9,6,6,4.213470245214286,3.337470245214286,-0.8760000000000003,9.131345748901367,0.1538445409593022,90,,,,,,
chesca_mesh,1833,10,6,0,1.6171825442374332,1.617182544237433,-2.220446049250313e-16,9.131345748901367,-0.0442692129814056,90,,,,,,
chesca_mesh,1834,11,6,6,2.5710567680343086,1.6950567680343083,-0.8760000000000003,9.131345748901367,0.09625801919664692,90,,,,,,
chesca_mesh,1835,12,6,6,3.233803158389257,2.3578031583892565,-0.8760000000000003,9.131345748901367,0.2276026597973273,90,,,,,,
chesca_mesh,1836,13,6,6,3.9392409613792583,3.0632409613792597,-0.8759999999999986,9.131345748901367,0.2080335972709671,90,,,,,,
chesca_mesh,1837,14,6,6,3.4593432974747307,2.583343297474731,-0.8759999999999999,9.131345748901367,0.11946084570421565,90,,,,,,
chesca_mesh,1838,15,6,6,5.969009041811834,5.0930090418118334,-0.8760000000000003,9.131345748901367,0.2571135506309531,90,,,,,,
chesca_mesh,1839,16,6,6,7.294196396256745,6.418196396256745,-0.8760000000000003,9.131345748901367,0.5619243425002812,90,,,,,,
chesca_mesh,1840,17,6,6,10.003472220499084,9.127472220499085,-0.8759999999999994,9.131345748901367,0.37125930512674665,90,,,,,,
chesca_mesh,1841,18,6,6,10.599629061289978,9.723629061289978,-0.8759999999999994,9.131345748901367,0.3674720512100033,90,,,,,,
chesca_mesh,1842,19,6,6,13.813483516355511,12.93748351635551,-0.8760000000000012,9.09818172454834,1.3392639558899113,90,,,,,,
chesca_mesh,1843,20,6,6,13.465468760728836,12.589468760728835,-0.8760000000000012,9.09818172454834,0.915744448406592,90,,,,,,
chesca_mesh,1844,21,6,6,12.061814543008804,11.185814543008803,-0.8760000000000012,9.09818172454834,0.44653873620444046,90,,,,,,
chesca_mesh,1845,22,6,6,9.161226812714377,10.037226812714378,0.8760000000000012,9.09818172454834,-0.1309602431566994,90,,,,,,
chesca_mesh,1846,23,6,0,8.414482087176818,8.414482087176818,0.0,9.131345748901367,-0.07621628344206618,90,,,,,,
chesca_mesh,1847,24,6,6,9.573976344245146,8.697976344245147,-0.8759999999999994,9.09818172454834,0.17238217320099114,90,,,,,,
chesca_mesh,1848,1,6,6,10.163553795446369,9.28755379544637,-0.8759999999999994,9.09818172454834,0.3320582136056329,90,,,,,,
chesca_mesh,1849,2,6,6,9.37790010383393,8.501900103833929,-0.8760000000000012,9.09818172454834,0.09408576788087533,90,,,,,,
chesca_mesh,1850,3,6,6,6.731304332844799,7.607304332844798,0.8759999999999994,9.09818172454834,-0.09418243130840358,90,,,,,,
chesca_mesh,1851,4,6,6,5.805267593694724,6.6812675936947254,0.8760000000000012,9.080769538879395,-0.10428945041950259,90,,,,,,
chesca_mesh,1852,5,6,0,5.61839605392919,5.61839605392919,0.0,9.080769538879395,-0.0398424611295799,90,,,,,,
chesca_mesh,1853,6,6,0,5.355145296363098,5.355145296363098,0.0,9.080769538879395,-0.0550101109565876,90,,,,,,
chesca_mesh,1854,7,6,0,6.624416766754672,6.624416766754672,0.0,9.080769538879395,0.050489751793921456,90,,,,,,
chesca_mesh,1855,8,6,6,3.777690711024414,4.163414095547952,0.3857233845235384,9.080769538879395,-0.10799296362801848,90,,,,,,
chesca_mesh,1856,9,6,0,2.889027420377931,2.8890274203779303,-8.881784197001252e-16,9.080769538879395,0.03995906906751653,90,,,,,,
chesca_mesh,1857,10,6,0,3.1589166027540916,3.1589166027540916,0.0,9.080769538879395,0.006933279730311312,90,,,,,,
chesca_mesh,1858,11,6,0,2.5238938440573317,2.5238938440573313,-4.440892098500626e-16,9.080769538879395,-0.013096834428869442,90,,,,,,
chesca_mesh,1859,12,6,0,3.4751945038351764,3.4751945038351764,0.0,9.080769538879395,0.01859989332493925,90,,,,,,
chesca_mesh,1860,13,6,6,4.451297053241151,3.575297053241151,-0.8760000000000003,9.080769538879395,0.11644500609192872,90,,,,,,
chesca_mesh,1861,14,6,6,5.049897527336872,4.17389752733687,-0.8760000000000012,9.080769538879395,0.2606436463026188,90,,,,,,
chesca_mesh,1862,15,6,6,6.103914025602892,5.227914025602892,-0.8759999999999994,9.080769538879395,0.14284969628635905,90,,,,,,
chesca_mesh,1863,16,6,6,7.543375584700348,6.6673755847003475,-0.8760000000000003,9.080769538879395,0.3918730046465553,90,,,,,,
chesca_mesh,1864,17,6,6,8.351849791761115,7.475849791761115,-0.8760000000000003,9.080769538879395,0.33728022933506496,90,,,,,,
chesca_mesh,1865,18,6,6,8.842073561636415,7.9660735616364144,-0.8760000000000003,9.03170394897461,0.40711993551327746,90,,,,,,
chesca_mesh,1866,19,6,6,10.638659518019438,9.762659518019438,-0.8759999999999994,9.013317108154297,0.3548052152405312,90,,,,,,
chesca_mesh,1867,20,6,6,11.474136392116547,10.598136392116546,-0.8760000000000012,9.013317108154297,0.5208760168789757,90,,,,,,
chesca_mesh,1868,21,6,0,9.954850258827207,9.954850258827207,0.0,9.013317108154297,0.06999774296675604,90,,,,,,
chesca_mesh,1869,22,6,6,8.223367135721094,9.099367135721096,0.8760000000000012,9.013317108154297,-0.6735602456442206,90,,,,,,
chesca_mesh,1870,23,6,6,7.414101909720451,8.29010190972045,0.8759999999999994,9.013317108154297,-0.2129001436433965,90,,,,,,
chesca_mesh,1871,24,6,0,8.151646477156902,8.1516464771569,-1.7763568394002505e-15,9.013317108154297,-0.02612005521260579,90,,,,,,
chesca_mesh,1872,1,6,3,8.126797756822803,8.606797756822804,0.4800000000000004,9.013317108154297,-0.08123492000743981,90,,,,,,
chesca_mesh,1873,2,6,6,6.481696169606974,7.3576961696069745,0.8760000000000003,8.983439445495605,-0.12726799642395953,90,,,,,,
chesca_mesh,1874,3,6,6,5.952093964731616,6.828093964731616,0.8760000000000003,8.961528778076172,-0.08425562965606787,90,,,,,,
chesca_mesh,1875,4,6,0,6.4017174104748955,6.4017174104748955,0.0,8.961528778076172,-0.05990091255005894,90,,,,,,
chesca_mesh,1876,5,6,0,6.00181769873961,6.00181769873961,0.0,8.961528778076172,-0.015799199940599955,90,,,,,,
chesca_mesh,1877,6,6,0,6.257224976853945,6.257224976853945,0.0,8.961528778076172,0.036359875191664726,90,,,,,,
chesca_mesh,1878,7,6,0,5.5718569811897485,5.5718569811897485,0.0,8.961528778076172,0.006697740096063914,90,,,,,,
chesca_mesh,1879,8,6,6,5.55421953915067,6.013854425705274,0.45963488655460427,8.983439445495605,-0.4557408384784257,90,,,,,,
chesca_mesh,1880,9,6,6,5.401683979708279,5.888238410919266,0.48655443121098685,8.983439445495605,-0.48609224966328746,90,,,,,,
chesca_mesh,1881,10,6,1,5.572952217444339,5.732952217444339,0.16000000000000014,8.961528778076172,-0.07894212018718254,90,,,,,,
chesca_mesh,1882,11,6,6,5.340236478924788,5.7996793563735265,0.4594428774487387,8.931235313415527,-0.33956848136270923,90,,,,,,
chesca_mesh,1883,12,6,0,5.36363135832792,5.363631358327921,8.881784197001252e-16,8.931235313415527,0.03906877258636063,90,,,,,,
chesca_mesh,1884,13,6,0,6.880839989887122,6.880839989887122,0.0,8.931235313415527,0.027528618461293272,90,,,,,,
chesca_mesh,1885,14,6,0,7.2810640348492655,7.281064034849266,8.881784197001252e-16,8.931235313415527,-0.03726832816544612,90,,,,,,
chesca_mesh,1886,15,6,4,9.758177839221615,9.146177839221615,-0.6120000000000001,8.961528778076172,0.34984475243431873,90,,,,,,
chesca_mesh,1887,16,6,6,10.663639795594898,9.787639795594897,-0.8760000000000012,8.983439445495605,0.44476387466135925,90,,,,,,
chesca_mesh,1888,17,6,6,13.591359853486244,12.715359853486243,-0.8760000000000012,8.983439445495605,1.088248246375859,90,,,,,,
chesca_mesh,1889,18,6,6,11.753426729718951,10.877426729718952,-0.8759999999999994,8.983439445495605,0.667601019014854,90,,,,,,
chesca_mesh,1890,19,6,6,13.705115931299922,12.82911593129992,-0.8760000000000012,8.983439445495605,1.2944610586088956,90,,,,,,
chesca_mesh,1891,20,6,6,12.074246394377525,11.198246394377525,-0.8759999999999994,8.983439445495605,0.3371480437365463,90,,,,,,
chesca_mesh,1892,21,6,6,11.439804662939162,12.315804662939163,0.8760000000000012,8.983439445495605,-0.45483611508997884,90,,,,,,
chesca_mesh,1893,22,6,6,7.734096970280882,8.610096970280882,0.8759999999999994,8.983439445495605,-0.660046983272241,90,,,,,,
chesca_mesh,1894,23,6,6,8.427945122561912,9.303945122561913,0.8760000000000012,8.983439445495605,-0.8591922027962349,90,,,,,,
chesca_mesh,1895,24,6,6,8.210956464988449,9.086956464988447,0.8759999999999977,8.961528778076172,-0.09646286059134512,90,,,,,,
chesca_mesh,1896,1,6,0,9.493855494686139,9.493855494686137,-1.7763568394002505e-15,8.95299243927002,-0.007187779593985144,90,,,,,,
chesca_mesh,1897,2,6,6,9.387995884045846,10.263995884045846,0.8759999999999994,8.95299243927002,-0.3080788751969803,90,,,,,,
chesca_mesh,1898,3,6,6,7.49873254267456,8.374732542674561,0.8760000000000012,8.95299243927002,-0.39162169476720643,90,,,,,,
chesca_mesh,1899,4,6,6,6.606513241287625,7.482513241287624,0.8759999999999986,8.925939559936523,-0.30356930532611914,90,,,,,,
chesca_mesh,1900,5,6,6,6.44547959140348,7.239393412363785,0.7939138209603049,8.925939559936523,-0.24606802687816903,90,,,,,,
chesca_mesh,1901,6,6,6,6.393210075626821,7.151761230283665,0.7585511546568435,8.925939559936523,-0.1941200634622852,90,,,,,,
chesca_mesh,1902,7,6,6,5.748503200042128,6.216686537578121,0.4681833375359927,8.925939559936523,-0.2101782208551567,90,,,,,,
chesca_mesh,1903,8,6,6,5.194979016166556,5.43639915941966,0.24142014325310424,8.925939559936523,-0.16662152946516634,90,,,,,,
chesca_mesh,1904,9,6,6,3.2943082315433556,3.6356717126107734,0.34136348106741776,8.95299243927002,-0.9631365984515374,90,,,,,,
chesca_mesh,1905,10,6,6,2.8201345209381357,3.0514037605939346,0.23126923965579893,8.95299243927002,-0.29963692590990054,90,,,,,,
chesca_mesh,1906,11,6,6,2.9271927574447005,3.1481941431809712,0.2210013857362707,8.95299243927002,-0.11631478867075692,90,,,,,,
chesca_mesh,1930,11,6,6,13.454471086195708,12.57847108619571,-0.8759999999999977,8.276420593261719,1.2823572271019272,90,,,,,,
chesca_mesh,1931,12,6,6,11.112839161686214,10.236839161686214,-0.8759999999999994,8.300333976745605,0.09480027787603464,90,,,,,,
chesca_mesh,1932,13,6,6,11.233795340134572,10.357795340134572,-0.8759999999999994,8.300333976745605,0.5005246611657155,90,,,,,,
chesca_mesh,1933,14,6,6,9.860843759720222,8.984843759720222,-0.8759999999999994,8.319393157958984,0.3263664799684461,90,,,,,,
chesca_mesh,1934,15,6,6,11.72941375921195,10.853413759211948,-0.8760000000000012,8.319393157958984,0.7417189736080398,90,,,,,,
chesca_mesh,1935,16,6,6,12.600705091490358,11.724705091490359,-0.8759999999999994,8.436616897583008,1.0796355482849926,90,,,,,,
chesca_mesh,1936,17,6,6,16.757969409680413,15.881969409680416,-0.8759999999999977,8.533310890197754,2.258042994217091,90,,,,,,
chesca_mesh,1937,18,6,6,16.298404899375196,15.422404899375197,-0.8759999999999994,8.533310890197754,1.8370371853011274,90,,,,,,
chesca_mesh,1938,19,6,6,17.083041567159132,16.20704156715913,-0.8760000000000012,8.533310890197754,1.6620750060022247,90,,,,,,
chesca_mesh,1939,20,6,6,15.153394270656538,14.277394270656538,-0.8759999999999994,8.533310890197754,0.8543312008137557,90,,,,,,
chesca_mesh,1940,21,6,6,13.651576403848642,12.77557640384864,-0.8760000000000012,8.533310890197754,0.8507845632139659,90,,,,,,
chesca_mesh,1941,22,6,0,10.175979106148647,10.175979106148647,0.0,8.533310890197754,-0.03951238591541262,90,,,,,,
chesca_mesh,1942,23,6,6,10.676101660899214,9.800101660899214,-0.8759999999999994,8.533310890197754,0.21494477116904565,90,,,,,,
chesca_mesh,1943,24,6,6,11.181350094454954,10.305350094454957,-0.8759999999999977,8.533310890197754,0.24260831868210558,90,,,,,,
chesca_mesh,1944,1,6,6,11.05798223819084,10.181982238190841,-0.8759999999999994,8.533310890197754,0.15941117916390063,90,,,,,,
chesca_mesh,1945,2,6,6,10.408679412182758,9.532679412182759,-0.8759999999999994,8.533310890197754,0.26980900358861415,90,,,,,,
chesca_mesh,1946,3,6,6,9.051748158686355,9.927748158686356,0.8760000000000012,8.533310890197754,-0.2790801030601139,90,,,,,,
chesca_mesh,1947,4,6,6,6.435609573934454,7.3116095739344535,0.8759999999999994,8.554359436035156,-0.3730718031692175,90,,,,,,
chesca_mesh,1948,5,6,6,5.8086660433577215,6.450587536562879,0.6419214932051576,8.554359436035156,-0.2335897154736482,90,,,,,,
chesca_mesh,1949,6,6,6,5.960772343328189,6.504743796980508,0.5439714536523184,8.554359436035156,-0.14476194072398874,90,,,,,,
chesca_mesh,1950,7,6,6,5.7169087796573095,6.165092835157126,0.44818405549981666,8.598694801330566,-0.3693917477438947,90,,,,,,
chesca_mesh,1951,8,6,6,4.739326819074918,4.978100937490831,0.2387741184159129,8.554359436035156,-0.12443011452946602,90,,,,,,
chesca_mesh,1952,9,6,6,2.4873450231038,2.7087918893645293,0.22144686626072918,8.554359436035156,-0.3665924495738116,90,,,,,,
chesca_mesh,1953,10,6,0,4.01475930141517,4.01475930141517,0.0,8.554359436035156,-0.04698291516335941,90,,,,,,
chesca_mesh,1954,11,6,1,3.7135253249835642,3.873525324983564,0.1599999999999997,8.554359436035156,-0.0959213919264565,90,,,,,,
chesca_mesh,1955,12,6,6,4.456576755994741,5.009415601435738,0.5528388454409976,8.554359436035156,-0.2082473494401904,90,,,,,,
chesca_mesh,1956,13,6,0,4.69611959707329,4.696119597073289,-8.881784197001252e-16,8.554359436035156,0.023401930320249537,90,,,,,,
chesca_mesh,1957,14,6,0,5.676166463738897,5.676166463738897,0.0,8.554359436035156,0.00827164481576674,90,,,,,,
chesca_mesh,1958,15,6,0,6.815295606972529,6.815295606972529,0.0,8.554359436035156,0.07450969219090077,90,,,,,,
chesca_mesh,1959,16,6,6,8.570261856353204,7.694261856353203,-0.8760000000000012,8.554359436035156,0.10442942883591948,90,,,,,,
chesca_mesh,1960,17,6,6,12.075166764723676,11.199166764723675,-0.8760000000000012,8.554359436035156,0.886885576519821,90,,,,,,
chesca_mesh,1961,18,6,6,15.004605626040929,14.12860562604093,-0.8759999999999994,8.554359436035156,1.3400913050968672,90,,,,,,
chesca_mesh,1962,19,6,6,16.906287595234613,16.03028759523461,-0.8760000000000012,8.554359436035156,1.6950832210314486,90,,,,,,
chesca_mesh,1963,20,6,6,14.19509939789772,13.31909939789772,-0.8759999999999994,8.554359436035156,0.45181617530149154,90,,,,,,
chesca_mesh,1964,21,6,6,13.150026309785122,12.274026309785125,-0.8759999999999977,8.554359436035156,0.7475425001406287,90,,,,,,
chesca_mesh,1965,22,6,1,9.905830783071414,9.745830783071414,-0.16000000000000014,8.554359436035156,0.17424850692080873,90,,,,,,
chesca_mesh,1966,23,6,6,10.18612608078434,9.31012608078434,-0.8760000000000012,8.554359436035156,0.1736016128077963,90,,,,,,
chesca_mesh,1967,24,6,6,10.584133354380537,9.708133354380536,-0.8760000000000012,8.598694801330566,0.2567096278449866,90,,,,,,
chesca_mesh,1968,1,6,6,10.184304359181265,9.308304359181264,-0.8760000000000012,8.598694801330566,0.2900030670263163,90,,,,,,
chesca_mesh,1969,2,6,0,8.996416335964884,8.996416335964886,1.7763568394002505e-15,8.598694801330566,-0.005614978301864776,90,,,,,,
chesca_mesh,1970,3,6,6,7.588779686091513,8.464779686091513,0.8759999999999994,8.691650390625,-0.11440939174433887,90,,,,,,
chesca_mesh,1971,4,6,6,6.2551194685549465,7.131119468554948,0.8760000000000012,8.691650390625,-0.16774267349863184,90,,,,,,
chesca_mesh,1972,5,6,6,5.402836161973541,6.025592972788202,0.6227568108146606,8.691650390625,-0.18469671474760763,90,,,,,,
chesca_mesh,1973,6,6,3,5.632626037168507,6.056626037168507,0.4240000000000004,8.691650390625,-0.10513322594365343,90,,,,,,
chesca_mesh,1974,7,6,0,5.411941230344737,5.411941230344737,0.0,8.598694801330566,-0.0574974529509243,90,,,,,,
chesca_mesh,1975,8,6,6,4.528203663856278,4.874427904165162,0.3462242403088842,8.554359436035156,-0.14953492143746708,90,,,,,,
chesca_mesh,1976,9,6,6,3.7975167219647727,4.1182799020022145,0.32076318003744175,8.554359436035156,-0.15284189267602782,90,,,,,,
chesca_mesh,1977,10,6,1,3.279962096601225,3.4119620966012247,0.13199999999999967,8.554359436035156,-0.10194632807454455,90,,,,,,
chesca_mesh,1978,11,6,0,1.4854295705498486,1.4854295705498486,0.0,8.554359436035156,-0.03183388751853382,90,,,,,,
chesca_mesh,1979,12,6,6,4.743172333189877,3.8671723331898766,-0.8760000000000003,8.554359436035156,0.14901093350011432,90,,,,,,
chesca_mesh,1980,13,6,6,6.359073568893826,5.4830735688938255,-0.8760000000000003,8.554359436035156,0.2062380615549895,90,,,,,,
chesca_mesh,1981,14,6,6,7.372283678261989,6.496283678261989,-0.8760000000000003,8.554359436035156,0.09680467128980359,90,,,,,,
chesca_mesh,1982,15,6,6,8.835885530969838,7.959885530969836,-0.8760000000000021,8.554359436035156,0.20309247385469592,90,,,,,,
chesca_mesh,1983,16,6,6,9.530773590416462,8.654773590416461,-0.8760000000000012,8.554359436035156,0.3184228732845414,90,,,,,,
chesca_mesh,1984,17,6,6,13.93193682998268,13.05593682998268,-0.8759999999999994,8.533310890197754,1.2884000783336729,90,,,,,,
chesca_mesh,1985,18,6,6,14.382566325974736,13.506566325974735,-0.8760000000000012,8.533310890197754,1.0681883488041042,90,,,,,,
chesca_mesh,1986,19,6,6,15.788652527490644,14.912652527490643,-0.8760000000000012,8.533310890197754,1.3958572111035563,90,,,,,,
chesca_mesh,1987,20,6,6,14.209922541108346,13.333922541108347,-0.8759999999999994,8.652762413024902,0.847625761662116,90,,,,,,
chesca_mesh,1988,21,6,6,11.959188450524357,11.083188450524357,-0.8759999999999994,8.652762413024902,0.36936901444991865,90,,,,,,
chesca_mesh,1989,22,6,0,9.699983925603892,9.69998392560389,-1.7763568394002505e-15,8.652762413024902,0.08350068572545846,90,,,,,,
chesca_mesh,1990,23,6,6,9.848085231113732,8.97208523111373,-0.8760000000000012,8.812759399414062,0.16110128554737427,90,,,,,,
chesca_mesh,1991,24,6,6,11.453130543052582,10.577130543052585,-0.8759999999999977,8.869658470153809,0.328039472518458,90,,,,,,
chesca_mesh,1992,1,6,6,10.362807641534067,9.486807641534067,-0.8759999999999994,8.913912773132324,0.3379235652348648,90,,,,,,
chesca_mesh,1993,2,6,6,9.347454767022763,10.223454767022764,0.8760000000000012,8.95299243927002,-0.27497477262621306,90,,,,,,
chesca_mesh,1994,3,6,6,7.528990096683541,8.40499009668354,0.8759999999999986,8.980000495910645,-0.3614188104510685,90,,,,,,
chesca_mesh,1995,4,6,6,6.709541606656829,7.585541606656827,0.8759999999999977,8.980000495910645,-0.27389007825177464,90,,,,,,
chesca_mesh,1996,5,6,6,5.659180760866754,6.16474639666748,0.5055656358007266,8.980000495910645,-0.3278695001288919,90,,,,,,
chesca_mesh,1997,6,6,6,4.949071379682872,5.190316723274018,0.2412453435911459,8.980000495910645,-0.25517675050039634,90,,,,,,
chesca_mesh,1998,7,6,6,4.084868215041071,4.306464993991066,0.22159677894999508,8.980000495910645,-0.1914846118881257,90,,,,,,
chesca_mesh,1999,8,6,6,3.261586625684293,3.482038175869426,0.22045155018513274,8.980000495910645,-0.14293294503147383,90,,,,,,
chesca_mesh,2000,9,6,6,1.5360260285524174,1.7564106824173078,0.22038465386489037,8.980000495910645,-0.1716136502082249,90,,,,,,
chesca_mesh,2001,10,6,6,3.316508905075719,2.4405089050757196,-0.8759999999999994,8.980000495910645,0.09335890038186898,90,,,,,,
chesca_mesh,2002,11,6,6,3.4424476881755917,2.5664476881755927,-0.875999999999999,8.980000495910645,0.14648778081285235,90,,,,,,
chesca_mesh,2003,12,6,3,5.202648340036669,4.722648340036668,-0.4800000000000013,8.980000495910645,0.08505880614673467,90,,,,,,
chesca_mesh,2004,13,6,6,5.095855569906697,4.219855569906698,-0.8759999999999994,8.980000495910645,0.11253345099131438,90,,,,,,
chesca_mesh,2005,14,6,6,5.646946991177298,4.770946991177298,-0.8760000000000003,8.980000495910645,0.1190120993861131,90,,,,,,
chesca_mesh,2006,15,6,6,7.646303381473035,6.770303381473036,-0.8759999999999994,8.980000495910645,0.20711011004595772,90,,,,,,
chesca_mesh,2007,16,6,6,8.770522220555268,7.894522220555268,-0.8760000000000003,8.980000495910645,0.47446475942186933,90,,,,,,
chesca_mesh,2008,17,6,6,11.507178644270684,10.631178644270683,-0.8760000000000012,8.95299243927002,0.9598027052542919,90,,,,,,
chesca_mesh,2009,18,6,6,13.017475949291613,12.141475949291612,-0.8760000000000012,8.95299243927002,1.0070805588413636,90,,,,,,
chesca_mesh,2010,19,6,6,13.88699562456843,13.010995624568428,-0.8760000000000012,8.95299243927002,0.8786645143735805,90,,,,,,
chesca_mesh,2011,20,6,6,12.890929141044616,12.014929141044616,-0.8759999999999994,8.95299243927002,0.6214863709167333,90,,,,,,
chesca_mesh,2012,21,6,6,12.348459961414337,11.472459961414335,-0.8760000000000012,8.95299243927002,0.5079367240861168,90,,,,,,
chesca_mesh,2013,22,6,0,10.052887992344367,10.052887992344365,-1.7763568394002505e-15,8.95299243927002,0.08485765433987158,90,,,,,,
chesca_mesh,2014,23,6,6,10.27490636128559,9.398906361285588,-0.8760000000000012,8.926613807678223,0.3149084292785014,90,,,,,,
chesca_mesh,2015,24,6,6,10.754680551069974,9.878680551069975,-0.8759999999999994,8.911247253417969,0.16888117791347132,90,,,,,,
chesca_mesh,2016,1,6,6,10.878868146836714,10.002868146836715,-0.8759999999999994,8.911247253417969,0.09982555124390827,90,,,,,,
chesca_mesh,2017,2,6,6,9.32861675672867,10.204616756728669,0.8759999999999994,8.911247253417969,-0.2948795610031362,90,,,,,,
chesca_mesh,2018,3,6,6,6.98176803219344,7.857768032193439,0.8759999999999994,8.9351224899292,-0.37544392174176533,90,,,,,,
chesca_mesh,2019,4,6,6,6.5649208950077345,7.371830006416438,0.8069091114087037,8.9351224899292,-0.24711525329381356,90,,,,,,
chesca_mesh,2020,5,6,6,5.389458421500143,5.9134100955212014,0.5239516740210588,8.9351224899292,-0.31623618404182174,90,,,,,,
chesca_mesh,2021,6,6,6,5.465758231145626,5.712100318973608,0.24634208782798162,8.9351224899292,-0.15673424764160976,90,,,,,,
chesca_mesh,2022,7,6,0,4.687834577513933,4.687834577513934,8.881784197001252e-16,8.9351224899292,-0.09429602482514196,90,,,,,,
chesca_mesh,2023,8,6,0,4.269100855953509,4.269100855953509,0.0,8.9351224899292,-0.06935965476489085,90,,,,,,
chesca_mesh,2024,9,6,6,1.9021286748591921,2.152039929748093,0.24991125488890087,8.9351224899292,-0.19836414380026623,90,,,,,,
chesca_mesh,2025,10,6,6,1.8045333930189789,2.0266820520263993,0.22214865900742042,8.9351224899292,-0.5136574544586703,90,,,,,,
chesca_mesh,2026,11,6,0,2.3842292859444605,2.3842292859444605,0.0,8.9351224899292,-0.02568599855487637,90,,,,,,
chesca_mesh,2027,12,6,6,4.326243547881704,3.4502435478817053,-0.875999999999999,8.9351224899292,0.1210471834591778,90,,,,,,
chesca_mesh,2028,13,6,6,5.158374119772537,4.282374119772538,-0.8759999999999994,8.9351224899292,0.2063568944229974,90,,,,,,
chesca_mesh,2029,14,6,6,6.082030921056499,5.2060309210565,-0.8759999999999994,8.9351224899292,0.09154283870415067,90,,,,,,
chesca_mesh,2030,15,6,6,8.207013125566688,7.331013125566687,-0.8760000000000003,8.9351224899292,0.1538002959654733,90,,,,,,
chesca_mesh,2031,16,6,6,8.845923347875326,7.969923347875325,-0.8760000000000012,8.9351224899292,0.4124984924409799,90,,,,,,
chesca_mesh,2032,17,6,6,14.532887706655771,13.656887706655771,-0.8759999999999994,9.023955345153809,1.6276512288871574,90,,,,,,
chesca_mesh,2033,18,6,6,14.295637711682089,13.419637711682089,-0.8759999999999994,9.095688819885254,1.3573525796376946,90,,,,,,
chesca_mesh,2034,19,6,6,15.735776357078686,14.859776357078687,-0.8759999999999994,9.235722541809082,1.315083236986555,90,,,,,,
chesca_mesh,2035,20,6,6,13.793432047367094,12.917432047367097,-0.8759999999999977,9.235722541809082,0.7036892955880639,90,,,,,,
chesca_mesh,2036,21,6,6,12.327390089035035,11.451390089035034,-0.8760000000000012,9.235722541809082,0.3088110949622963,90,,,,,,
chesca_mesh,2037,22,6,6,10.032918409432519,10.90891840943252,0.8760000000000012,9.235722541809082,-0.3203903394360907,90,,,,,,
chesca_mesh,2038,23,6,0,8.826752512180542,8.826752512180544,1.7763568394002505e-15,9.235722541809082,-0.07906463714084655,90,,,,,,
chesca_mesh,2039,24,6,0,9.700131217356162,9.700131217356162,0.0,9.361381530761719,0.03449458701376847,90,,,,,,
chesca_mesh,2040,1,6,0,10.020629328914653,10.020629328914653,0.0,9.376055717468262,0.07010649921345723,90,,,,,,
chesca_mesh,2041,2,6,6,9.050685928028525,9.926685928028526,0.8760000000000012,9.395245552062988,-0.182248338221629,90,,,,,,
chesca_mesh,2042,3,6,6,6.1849746030887385,7.060974603088738,0.8759999999999994,9.416574478149414,-0.3205408867986448,90,,,,,,
chesca_mesh,2043,4,6,6,6.452344795297693,7.247948733053624,0.7956039377559314,9.416574478149414,-0.1326472760045524,90,,,,,,
chesca_mesh,2044,5,6,6,5.5220802319498326,6.012666072424673,0.4905858404748402,9.416574478149414,-0.19240895022095927,90,,,,,,
chesca_mesh,2045,6,6,0,5.650967094855068,5.650967094855068,0.0,9.416574478149414,-0.06738516206563946,90,,,,,,
chesca_mesh,2046,7,6,0,5.189858727170431,5.18985872717043,-8.881784197001252e-16,9.416574478149414,0.04674302905747326,90,,,,,,
chesca_mesh,2047,8,6,0,4.357196217207635,4.357196217207635,0.0,9.395245552062988,0.047514610757340606,90,,,,,,
chesca_mesh,2048,9,6,6,4.2400512744443075,3.364051274444308,-0.8759999999999994,9.376055717468262,0.09994574969935899,90,,,,,,
chesca_mesh,2049,10,6,0,5.359736280802978,5.359736280802978,0.0,9.376055717468262,-0.005661074134614627,90,,,,,,
chesca_mesh,2050,11,6,0,3.892457118087135,3.892457118087135,0.0,9.376055717468262,0.08457276222319501,90,,,,,,
chesca_mesh,2051,12,6,6,4.500048688309142,3.6240486883091414,-0.8760000000000003,9.376055717468262,0.13712302104412744,90,,,,,,
chesca_mesh,2052,13,6,6,5.802922569689622,4.926922569689623,-0.8759999999999994,9.376055717468262,0.313189071204811,90,,,,,,
chesca_mesh,2053,14,6,6,7.3652732294866095,6.489273229486608,-0.8760000000000012,9.376055717468262,0.29772619298346137,90,,,,,,
chesca_mesh,2054,15,6,0,8.16376217215098,8.16376217215098,0.0,9.376055717468262,0.010114902995898373,90,,,,,,
chesca_mesh,2055,16,6,6,9.144022622430501,8.2680226224305,-0.8760000000000012,9.361381530761719,0.47647670030418315,90,,,,,,
chesca_mesh,2056,17,6,6,12.09531608682643,11.219316086826428,-0.8760000000000012,9.235722541809082,1.1433972424176158,90,,,,,,
chesca_mesh,2057,18,6,6,12.372040453853522,11.496040453853523,-0.8759999999999994,9.235722541809082,0.9706514992692339,90,,,,,,
chesca_mesh,2058,19,6,6,13.374394896637963,12.498394896637961,-0.8760000000000012,9.235722541809082,0.8465540648705063,90,,,,,,
chesca_mesh,2059,20,6,6,11.732511081695556,10.856511081695556,-0.8759999999999994,9.235722541809082,0.37364107217619613,90,,,,,,
chesca_mesh,2060,21,6,6,11.48028942172841,10.604289421728408,-0.8760000000000012,9.235722541809082,0.43717995169397283,90,,,,,,
chesca_mesh,2061,22,6,0,10.2437351181153,10.2437351181153,0.0,9.235722541809082,0.3319005283696891,90,,,,,,
chesca_mesh,2062,23,6,6,10.586795845663488,9.710795845663487,-0.8760000000000012,9.235722541809082,0.15039226018288973,90,,,,,,
chesca_mesh,2063,24,6,0,9.663828715370958,9.663828715370958,0.0,9.361381530761719,-0.0543540473006254,90,,,,,,
chesca_mesh,2064,1,6,0,8.646023529230794,8.646023529230794,0.0,9.376055717468262,0.0047927854725343805,90,,,,,,
chesca_mesh,2065,2,6,0,7.949531438302531,7.94953143830253,-8.881784197001252e-16,9.361381530761719,0.0008917048594237059,90,,,,,,
chesca_mesh,2066,3,6,0,6.436488125708404,6.436488125708404,0.0,9.235722541809082,-0.06280684541203556,90,,,,,,
chesca_mesh,2067,4,6,0,6.5627046713957435,6.5627046713957435,0.0,9.235722541809082,0.0704763589528026,90,,,,,,
chesca_mesh,2068,5,6,0,5.576063507439496,5.576063507439496,0.0,9.235722541809082,0.0133246857685448,90,,,,,,
chesca_mesh,2069,6,6,6,6.157293392070658,5.281293392070657,-0.8760000000000012,9.235722541809082,0.10721185283131571,90,,,,,,
chesca_mesh,2070,7,6,6,5.659653045542987,4.783653045542987,-0.8759999999999994,9.235722541809082,0.16989597818889374,90,,,,,,
chesca_mesh,2071,8,6,6,5.126710169222683,4.250710169222684,-0.8759999999999994,9.235722541809082,0.09181046617293512,90,,,,,,
chesca_mesh,2072,9,6,6,3.621386760084057,2.7453867600840565,-0.8760000000000003,9.095688819885254,0.14329748423568464,90,,,,,,
chesca_mesh,2073,10,6,6,3.750945752254861,2.8749457522548605,-0.8760000000000003,9.095688819885254,0.11509375545604027,90,,,,,,
chesca_mesh,2074,11,6,6,5.595845803016073,4.719845803016073,-0.8760000000000003,9.095688819885254,0.21931818977130313,90,,,,,,
chesca_mesh,2075,12,6,6,6.1068699069644605,5.23086990696446,-0.8760000000000003,9.095688819885254,0.10367943596436748,90,,,,,,
chesca_mesh,2076,13,6,6,7.049247330376596,6.173247330376596,-0.8759999999999994,9.095688819885254,0.3299337071089185,90,,,,,,
chesca_mesh,2077,14,6,6,7.148544178608054,6.272544178608054,-0.8760000000000003,9.095688819885254,0.18910452696724273,90,,,,,,
chesca_mesh,2078,15,6,6,8.554738616040803,7.678738616040803,-0.8759999999999994,9.095688819885254,0.25345850315308593,90,,,,,,
chesca_mesh,2079,16,6,6,9.958272198249942,9.082272198249942,-0.8759999999999994,9.095688819885254,0.5881361435799451,90,,,,,,
chesca_mesh,2080,17,6,6,13.451720661706135,12.575720661706134,-0.8760000000000012,9.095688819885254,1.5067952377902372,90,,,,,,
chesca_mesh,2081,18,6,6,13.113904089957115,12.237904089957116,-0.8759999999999994,9.235722541809082,1.0602318957185568,90,,,,,,
chesca_mesh,2082,19,6,6,14.384171205593919,13.508171205593918,-0.8760000000000012,9.361381530761719,1.0722361283809947,90,,,,,,
chesca_mesh,2083,20,6,6,13.551767501650986,12.675767501650984,-0.8760000000000012,9.394843101501465,0.8246641590273124,90,,,,,,
chesca_mesh,2084,21,6,6,12.04858174804323,11.172581748043228,-0.8760000000000012,9.412781715393066,0.4364023614580632,90,,,,,,
chesca_mesh,2085,22,6,3,10.775404731896963,11.255404731896963,0.4800000000000004,9.41834545135498,-0.0832798914973139,90,,,,,,
chesca_mesh,2086,23,6,0,10.286472454554772,10.286472454554772,0.0,9.472329139709473,-0.06873366568653651,90,,,,,,
chesca_mesh,2087,24,6,6,10.212828407402473,9.336828407402473,-0.8759999999999994,9.51820182800293,0.15617488477640418,90,,,,,,
chesca_mesh,2088,1,6,6,10.249246587551514,9.373246587551513,-0.8760000000000012,9.51820182800293,0.27977148160956006,90,,,,,,
chesca_mesh,2089,2,6,0,9.288206678276241,9.288206678276241,0.0,9.51820182800293,0.056674657146841,90,,,,,,
chesca_mesh,2090,3,6,6,7.566104030123017,8.442104030123017,0.8760000000000003,9.58256721496582,-0.12186571915072131,90,,,,,,
chesca_mesh,2091,4,6,0,5.889444291592598,5.889444291592598,0.0,9.58256721496582,-0.06778164374053287,90,,,,,,
chesca_mesh,2092,5,6,6,5.696339645748401,4.820339645748401,-0.8759999999999994,9.58256721496582,0.09107002027775443,90,,,,,,
chesca_mesh,2093,6,6,6,6.27341251468885,5.397412514688852,-0.8759999999999986,9.58256721496582,0.17565844145854628,90,,,,,,
chesca_mesh,2094,7,6,6,5.518643660650866,4.642643660650867,-0.8759999999999994,9.58256721496582,0.13946457901099904,90,,,,,,
chesca_mesh,2095,8,6,6,5.553891593306134,4.677891593306134,-0.8760000000000003,9.58256721496582,0.12641059908354546,90,,,,,,
chesca_mesh,2096,9,6,6,4.474002937442544,3.598002937442544,-0.8759999999999994,9.58256721496582,0.16302988148677525,90,,,,,,
chesca_mesh,2097,10,6,6,3.4856969374970195,2.6096969374970196,-0.8759999999999999,9.58256721496582,0.11592617720342825,90,,,,,,
chesca_mesh,2098,11,6,6,2.4295598348525216,1.5535598348525226,-0.875999999999999,9.58256721496582,0.10872246986979009,90,,,,,,
chesca_mesh,2099,12,6,6,4.210341347451731,3.3343413474517303,-0.8760000000000008,9.51820182800293,0.2876816896585215,90,,,,,,
chesca_mesh,2100,13,6,6,5.624812770847019,4.748812770847017,-0.8760000000000012,9.51820182800293,0.2658205698555709,90,,,,,,
chesca_mesh,2101,14,6,6,6.7063656349099325,5.830365634909933,-0.8759999999999994,9.51820182800293,0.26145092024517247,90,,,,,,
chesca_mesh,2102,15,6,6,7.317967800621606,8.193967800621605,0.8759999999999994,9.58256721496582,-0.5381324207007541,90,,,,,,
chesca_mesh,2103,16,6,6,8.946358595326323,8.070358595326322,-0.8760000000000012,9.51820182800293,0.4008297664669546,90,,,,,,
chesca_mesh,2104,17,6,6,11.048558525776224,10.172558525776223,-0.8760000000000012,9.472329139709473,0.8432320055685669,90,,,,,,
chesca_mesh,2105,18,6,6,11.241746861594974,10.365746861594975,-0.8759999999999994,9.472329139709473,0.6514408813315412,90,,,,,,
chesca_mesh,2106,19,6,6,12.06601378102375,11.19001378102375,-0.8760000000000012,9.41834545135498,0.659172036808491,90,,,,,,
chesca_mesh,2107,20,6,6,11.470803989402254,10.594803989402255,-0.8759999999999994,9.41834545135498,0.3251345520653413,90,,,,,,
chesca_mesh,2108,21,6,6,10.958706754198184,10.082706754198183,-0.8760000000000012,9.41834545135498,0.2343543512939331,90,,,,,,
chesca_mesh,2109,22,6,0,9.707481208318727,9.707481208318727,0.0,9.41834545135498,0.004226315406765865,90,,,,,,
chesca_mesh,2110,23,6,0,8.997636442829425,8.997636442829425,0.0,9.412781715393066,-0.016281258141560742,90,,,,,,
chesca_mesh,2111,24,6,3,8.688402756584571,9.16840275658457,0.47999999999999865,9.394843101501465,-0.07889510295030697,90,,,,,,
chesca_mesh,2112,1,6,6,9.211830705457249,10.08783070545725,0.8760000000000012,9.394843101501465,-0.19813355863707288,90,,,,,,
chesca_mesh,2113,2,6,6,8.757789666790444,9.633789666790445,0.8760000000000012,9.394843101501465,-0.16672329422174226,90,,,,,,
chesca_mesh,2114,3,6,6,6.802229719949364,7.678229719949363,0.8759999999999994,9.394843101501465,-0.24946603106819837,90,,,,,,
chesca_mesh,2115,4,6,6,5.881082768463596,6.676603671530752,0.795520903067156,9.361381530761719,-0.12428853765398719,90,,,,,,
chesca_mesh,2116,5,6,6,5.2117504832636286,5.7975489097409945,0.5857984264773659,9.361381530761719,-0.1247274767976777,90,,,,,,
chesca_mesh,2117,6,6,0,5.643863195527667,5.643863195527667,0.0,9.361381530761719,0.02472075782692213,90,,,,,,
chesca_mesh,2118,7,6,0,4.7440232406644345,4.7440232406644345,0.0,9.305882453918457,0.0346778777597245,90,,,,,,
chesca_mesh,2119,8,6,6,4.475632286999926,3.5996322869999253,-0.8760000000000008,9.305882453918457,0.10424880310908455,90,,,,,,
chesca_mesh,2120,9,6,6,4.695035856365351,3.8190358563653506,-0.8760000000000003,9.305882453918457,0.12334154802774684,90,,,,,,
chesca_mesh,2121,10,6,0,1.6912945767939496,1.6912945767939496,0.0,9.305882453918457,-0.06227847605447724,90,,,,,,
chesca_mesh,2122,11,6,0,1.5177324856007872,1.5177324856007872,0.0,9.305882453918457,-0.014709291077937149,90,,,,,,
chesca_mesh,2123,12,6,6,2.9431302348153823,2.0671302348153824,-0.8759999999999999,9.305882453918457,0.12615200071705246,90,,,,,,
chesca_mesh,2124,13,6,6,4.5261602938016745,3.6501602938016746,-0.8759999999999999,9.305882453918457,0.10390355353277857,90,,,,,,
chesca_mesh,2125,14,6,6,6.399115761197562,5.523115761197563,-0.8759999999999986,9.305882453918457,0.12684799776866496,90,,,,,,
chesca_mesh,2126,15,6,0,7.226357480083895,7.226357480083894,-8.881784197001252e-16,9.305882453918457,-0.023416392415775297,90,,,,,,
chesca_mesh,2127,16,6,0,7.737281382118984,7.737281382118983,-8.881784197001252e-16,9.305882453918457,0.03690059357180804,90,,,,,,
chesca_mesh,2128,17,6,6,9.437573450512888,8.561573450512888,-0.8759999999999994,9.305882453918457,0.16997123814081244,90,,,,,,
chesca_mesh,2129,18,6,6,10.931690801869507,10.055690801869506,-0.8760000000000012,9.227836608886719,0.3776142099845051,90,,,,,,
chesca_mesh,2130,19,6,6,12.79479323771725,11.918793237717253,-0.8759999999999977,9.227836608886719,0.8776277412393781,90,,,,,,
chesca_mesh,2131,20,6,6,11.318759220003228,10.442759220003227,-0.8760000000000012,9.227836608886719,0.23245545608426216,90,,,,,,
chesca_mesh,2132,21,6,6,10.802945715367718,9.926945715367719,-0.8759999999999994,9.227836608886719,0.2071995516090394,90,,,,,,
chesca_mesh,2133,22,6,1,9.847542776185408,9.68754277618541,-0.15999999999999837,9.151581764221191,0.21361404468222375,90,,,,,,
chesca_mesh,2134,23,6,0,9.04562598387219,9.04562598387219,0.0,9.151581764221191,0.005177457492033069,90,,,,,,
chesca_mesh,2135,24,6,6,10.243149849787244,9.367149849787243,-0.8760000000000012,9.227836608886719,0.2978575822230307,90,,,,,,
chesca_mesh,2136,1,6,6,9.932332513984635,9.056332513984636,-0.8759999999999994,9.227836608886719,0.24489332408164777,90,,,,,,
chesca_mesh,2137,2,6,6,9.582898993774247,8.706898993774244,-0.876000000000003,9.261674880981445,0.2567167910808287,90,,,,,,
chesca_mesh,2138,3,6,0,7.737216505928058,7.737216505928057,-8.881784197001252e-16,9.261674880981445,-0.07366145252370598,90,,,,,,
chesca_mesh,2139,4,6,0,7.467940043090179,7.46794004309018,8.881784197001252e-16,9.261674880981445,0.02401889044666608,90,,,,,,
chesca_mesh,2140,5,6,0,5.844944608787389,5.844944608787388,-8.881784197001252e-16,9.261674880981445,-0.04618473879884111,90,,,,,,
chesca_mesh,2141,6,6,6,6.392841218762532,5.516841218762532,-0.8760000000000003,9.261674880981445,0.09315648988341971,90,,,,,,
chesca_mesh,2142,7,6,6,5.440084099781558,4.5640840997815575,-0.8760000000000003,9.261674880981445,0.1306224947530188,90,,,,,,
chesca_mesh,2143,8,6,6,4.949352790141565,4.0733527901415645,-0.8760000000000003,9.261674880981445,0.1686700581020213,90,,,,,,
chesca_mesh,2144,9,6,6,3.9366490931500575,3.0606490931500576,-0.8759999999999999,9.261674880981445,0.10030611881968804,90,,,,,,
chesca_mesh,2145,10,6,6,4.381503913656341,3.5055039136563413,-0.8759999999999999,9.261674880981445,0.19412263537275543,90,,,,,,
chesca_mesh,2146,11,6,6,3.6252816262143357,2.749281626214336,-0.8759999999999999,9.261674880981445,0.08545313146321845,90,,,,,,
chesca_mesh,2147,12,6,6,3.8051265007410757,2.929126500741076,-0.8759999999999999,9.261674880981445,0.10622179842289625,90,,,,,,
chesca_mesh,2148,13,6,6,4.816609400919525,3.9406094009195263,-0.8759999999999986,9.261674880981445,0.0865826874726323,90,,,,,,
chesca_mesh,2149,14,6,6,4.882887320667324,4.006887320667324,-0.8760000000000003,9.261674880981445,0.30870408671730015,90,,,,,,
chesca_mesh,2150,15,6,6,6.821982117091741,5.9459821170917415,-0.8759999999999994,9.261674880981445,0.14466932897721768,90,,,,,,
chesca_mesh,2151,16,6,6,7.492928246157565,6.616928246157564,-0.8760000000000003,9.261674880981445,0.2193768146168161,90,,,,,,
chesca_mesh,2152,17,6,6,9.50437535657938,8.62837535657938,-0.8760000000000012,9.261674880981445,0.2099203754487352,90,,,,,,
chesca_mesh,2153,18,6,6,11.826886051723921,10.950886051723922,-0.8759999999999994,9.227836608886719,0.6759040185728986,90,,,,,,
chesca_mesh,2154,19,6,6,14.86274483763508,13.98674483763508,-0.8760000000000012,9.227836608886719,1.3894422922838559,90,,,,,,
chesca_mesh,2155,20,6,6,14.967288581417954,14.091288581417954,-0.8759999999999994,9.227836608886719,1.2540786812612912,90,,,,,,
chesca_mesh,2156,21,6,6,10.314644516963925,11.190644516963925,0.8759999999999994,9.227836608886719,-0.5369015063210842,90,,,,,,
chesca_mesh,2157,22,6,2,9.822144359359767,9.530144359359767,-0.2919999999999998,9.227836608886719,0.10007352430736913,90,,,,,,
chesca_mesh,2158,23,6,6,10.741597772216114,9.865597772216113,-0.8760000000000012,9.227836608886719,0.14288030462555362,90,,,,,,
chesca_mesh,2159,24,6,6,11.558769476234346,10.682769476234347,-0.8759999999999994,9.261674880981445,0.4999926755722374,90,,,,,,
chesca_mesh,2160,1,6,6,11.6054146576511,10.7294146576511,-0.8759999999999994,9.261674880981445,0.47016072640950723,90,,,,,,
chesca_mesh,2161,2,6,6,10.489196651660038,9.613196651660038,-0.8759999999999994,9.261674880981445,0.08406904956245322,90,,,,,,
chesca_mesh,2162,3,6,0,8.56607510774663,8.56607510774663,0.0,9.261674880981445,-0.0023274493054737666,90,,,,,,
chesca_mesh,2163,4,6,0,7.146792878217041,7.146792878217041,0.0,9.261674880981445,-0.015956443876611548,90,,,,,,
chesca_mesh,2164,5,6,3,5.820928646028875,6.300928646028875,0.47999999999999954,9.261674880981445,-0.07925051189214963,90,,,,,,
chesca_mesh,2165,6,6,6,6.28742458209237,5.411424582092371,-0.8759999999999994,9.261674880981445,0.12393745432151682,90,,,,,,
chesca_mesh,2166,7,6,6,5.63418500150861,4.7581850015086085,-0.8760000000000012,9.261674880981445,0.13330351254714892,90,,,,,,
chesca_mesh,2167,8,6,6,5.4892796563091295,6.272650282585319,0.7833706262761897,9.295801162719727,-0.2072470372817902,90,,,,,,
chesca_mesh,2168,9,6,0,4.054392133034665,4.054392133034665,0.0,9.295801162719727,0.0580983857441425,90,,,,,,
chesca_mesh,2169,10,6,6,3.298398803627292,2.422398803627292,-0.8759999999999999,9.295801162719727,0.09262874204131606,90,,,,,,
chesca_mesh,2170,11,6,6,3.322518639544046,2.446518639544045,-0.8760000000000008,9.295801162719727,0.11340880682332355,90,,,,,,
chesca_mesh,2171,12,6,6,5.075570063611824,4.199570063611824,-0.8760000000000003,9.295801162719727,0.24602296159381531,90,,,,,,
chesca_mesh,2172,13,6,6,6.371377611063336,5.495377611063336,-0.8759999999999994,9.295801162719727,0.21896551368870049,90,,,,,,
chesca_mesh,2173,14,6,6,6.745399323121717,5.869399323121717,-0.8759999999999994,9.295801162719727,0.08827650610697318,90,,,,,,
chesca_mesh,2174,15,6,6,8.163784951979656,8.79235524757215,0.6285702955924943,9.343684196472168,-0.15564592905629898,90,,,,,,
chesca_mesh,2175,16,6,6,9.231219875975402,8.355219875975402,-0.8759999999999994,9.343684196472168,0.3352323884076458,90,,,,,,
chesca_mesh,2176,17,6,6,11.783202689362628,10.907202689362629,-0.8759999999999994,9.343684196472168,1.0069493491464194,90,,,,,,
chesca_mesh,2177,18,6,6,13.029016414639957,12.153016414639957,-0.8759999999999994,9.343684196472168,1.3464060127379067,90,,,,,,
chesca_mesh,2178,19,6,6,15.744455572067432,14.86845557206743,-0.8760000000000012,9.343684196472168,1.847851810845582,90,,,,,,
chesca_mesh,2179,20,6,6,15.211644852562205,14.335644852562206,-0.8759999999999994,9.343684196472168,1.2731125947745239,90,,,,,,
chesca_mesh,2180,21,6,6,12.544021858011815,11.668021858011816,-0.8759999999999994,9.343684196472168,0.6085108483144738,90,,,,,,
chesca_mesh,2181,22,6,6,11.235971412438946,10.359971412438949,-0.8759999999999977,9.343684196472168,0.5648807244537484,90,,,,,,
chesca_mesh,2182,23,6,6,11.475805027457849,10.59980502745785,-0.8759999999999994,9.369168281555176,0.3609411044000432,90,,,,,,
chesca_mesh,2183,24,6,6,12.155967551290424,11.279967551290422,-0.8760000000000012,9.39700698852539,0.554550272216615,90,,,,,,
chesca_mesh,2184,1,6,6,11.43807034813306,10.562070348133059,-0.8760000000000012,9.39700698852539,0.22526064802093498,90,,,,,,
chesca_mesh,2185,2,6,6,11.11814563603715,10.24214563603715,-0.8759999999999994,9.39700698852539,0.16640095390851664,90,,,,,,
chesca_mesh,2186,3,6,6,8.740464607866322,9.616464607866321,0.8759999999999994,9.39700698852539,-0.10117124663551916,90,,,,,,
chesca_mesh,2187,4,6,6,7.136674824611973,8.012674824611974,0.8760000000000012,9.447843551635742,-0.3796071353536921,90,,,,,,
chesca_mesh,2188,5,6,6,6.004149828816275,6.727995625683126,0.7238457968668506,9.447843551635742,-0.1100619540450927,90,,,,,,
chesca_mesh,2189,6,6,0,6.134532262782706,6.134532262782706,0.0,9.447843551635742,0.0035491895164636994,90,,,,,,
chesca_mesh,2190,7,6,6,5.579684891617146,5.951284395956708,0.3715995043395619,9.447843551635742,-0.14683101565833967,90,,,,,,
chesca_mesh,2191,8,6,0,3.9198459138373023,3.9198459138373027,4.440892098500626e-16,9.447843551635742,-0.07174243061224904,90,,,,,,
chesca_mesh,2192,9,6,0,3.6759088819266745,3.6759088819266745,0.0,9.447843551635742,0.04585802432595899,90,,,,,,
chesca_mesh,2193,10,6,6,2.8654436006921005,3.1153498019412242,0.24990620124912377,9.447843551635742,-0.12150153115845352,90,,,,,,
chesca_mesh,2194,11,6,0,2.708954699090211,2.708954699090211,0.0,9.447843551635742,0.00772031444951882,90,,,,,,
chesca_mesh,2195,12,6,0,4.626787516074423,4.6267875160744225,-8.881784197001252e-16,9.447843551635742,0.06514164273947745,90,,,,,,
chesca_mesh,2196,13,6,6,5.92502838639836,5.097079923196836,-0.8279484632015235,9.447843551635742,0.1888713247342675,90,,,,,,
chesca_mesh,2197,14,6,6,7.166049436853594,6.290049436853594,-0.8760000000000003,9.447843551635742,0.19488208457571016,90,,,,,,
chesca_mesh,2198,15,6,6,8.527974828311747,7.651974828311747,-0.8759999999999994,9.447843551635742,0.12596420439422906,90,,,,,,
chesca_mesh,2199,16,6,6,10.861056393155845,9.985056393155844,-0.8760000000000012,9.447843551635742,0.800192182482094,90,,,,,,
chesca_mesh,2200,17,6,6,15.113851560876356,14.237851560876354,-0.8760000000000012,9.39700698852539,2.1519537629732177,90,,,,,,
chesca_mesh,2201,18,6,6,15.115364505987497,14.239364505987497,-0.8759999999999994,9.39700698852539,1.5499746236848306,90,,,,,,
chesca_mesh,2202,19,6,6,16.495251242274577,15.619251242274576,-0.8760000000000012,9.39700698852539,1.8201444551109685,90,,,,,,
chesca_mesh,2203,20,6,6,15.042127113589473,14.166127113589473,-0.8759999999999994,9.39700698852539,1.225853661724164,90,,,,,,
chesca_mesh,2204,21,6,6,14.281276159558555,13.405276159558555,-0.8759999999999994,9.39700698852539,1.065097780463615,90,,,,,,
chesca_mesh,2205,22,6,6,10.355098107154207,11.231098107154208,0.8760000000000012,9.39700698852539,-0.08501625442136243,90,,,,,,
chesca_mesh,2206,23,6,0,10.364144654319542,10.364144654319544,1.7763568394002505e-15,9.39700698852539,0.023598624134659463,90,,,,,,
chesca_reserve_contract_mesh,1,2,6,0,14.591872655066727,14.591872655066725,-1.7763568394002505e-15,14.591872655066727,2.4366104052742315,90,0.0,6.0,0.78,-0.09244084239006045,-0.09244084239006045,-0.046220421195030226
chesca_reserve_contract_mesh,2,3,6,6,5.947821367862543,6.823821367862543,0.8759999999999994,5.947821367862543,-0.3508886477834049,90,0.0,3.0,0.8,0.0,0.040000000000000036,0.08750000000000002
chesca_reserve_contract_mesh,3,4,6,4,4.9971270135488215,5.553127013548822,0.5560000000000009,4.9971270135488215,-0.1825206965634562,90,0.0,1.0,0.85,0.0,0.040000000000000036,0.11222222222222226
chesca_reserve_contract_mesh,4,5,6,0,4.5136598405566275,4.5136598405566275,0.0,4.5136598405566275,-0.03374265660045496,90,0.0,0.0,0.8,0.09499999999999997,0.09499999999999997,0.16624999999999995
chesca_reserve_contract_mesh,5,6,6,3,6.222568084278734,6.618568084278735,0.3960000000000008,6.222568084278734,-0.16960900648414703,90,0.0,0.0,0.75,0.09599999999999997,0.136,0.212
chesca_reserve_contract_mesh,6,7,6,2,5.103071762570454,5.367071762570454,0.26400000000000023,5.103071762570454,-0.17821828884623026,90,0.0,0.0,0.7,0.19333333333333336,0.2333333333333334,0.27111111111111114
chesca_reserve_contract_mesh,7,8,6,0,6.114817483578731,6.114817483578731,0.0,6.114817483578731,0.04004907484906263,90,0.0,0.0,0.6,0.2925,0.2925,0.36562500000000003
chesca_reserve_contract_mesh,8,9,6,2,6.366800941408201,6.6588009414082014,0.2920000000000007,6.366800941408201,-0.23734515580955745,90,0.0,0.0,0.5,0.34299999999999997,0.383,0.4706666666666666
chesca_reserve_contract_mesh,9,10,6,6,7.176044394644711,6.300044394644711,-0.8759999999999994,7.176044394644711,0.19529365323699557,90,6.0,0.0,0.6,0.24375000000000002,0.20375,0.31749999999999995
chesca_reserve_contract_mesh,10,11,6,5,7.176716746262694,7.920716746262694,0.7439999999999998,7.176716746262694,-0.24321376795748934,90,0.0,0.0,0.65,0.0485714285714286,0.08857142857142863,0.27619047619047615
chesca_reserve_contract_mesh,11,12,6,5,7.006220463908185,6.262220463908184,-0.7440000000000007,6.951138019561768,0.4700046485585756,90,5.0,1.0,0.65,0.0,0.0,0.17714285714285707
chesca_reserve_contract_mesh,12,13,6,4,7.962571465353195,7.378571465353195,-0.5839999999999996,6.794675827026367,0.5400436424471923,90,4.0,2.0,0.7,0.0,0.0,0.07805555555555554
chesca_reserve_contract_mesh,13,14,6,2,7.828732548911669,7.536732548911668,-0.2920000000000007,6.728982448577881,0.9470765432880999,90,2.0,4.0,0.7,0.0,0.0,0.04305555555555555
chesca_reserve_contract_mesh,14,15,6,3,5.367485376449529,4.943485376449528,-0.4240000000000004,6.663288593292236,0.5850903837135327,90,3.0,3.0,0.7,0.0,0.0,0.04444444444444443
chesca_reserve_contract_mesh,15,16,6,1,7.3734782080283825,7.241478208028382,-0.13200000000000056,6.167613983154297,1.1883407378026376,90,1.0,5.0,0.65,0.0,0.0,0.04999999999999999
chesca_reserve_contract_mesh,16,17,6,1,7.801849895255683,7.669849895255682,-0.13200000000000056,6.684474468231201,0.6969227216081484,90,1.0,5.0,0.7,0.0,0.0,0.03361111111111111
chesca_reserve_contract_mesh,17,18,6,2,6.538037286549805,6.246037286549805,-0.2920000000000007,6.74879789352417,0.08862720609868066,90,2.0,4.0,0.6,0.0,0.0,0.05166666666666664
chesca_reserve_contract_mesh,18,19,6,1,9.571248765306628,9.43924876530663,-0.1319999999999979,6.714441299438477,1.1999459321876997,90,1.0,5.0,0.6,0.0,0.0,0.03395833333333333
chesca_reserve_contract_mesh,19,20,6,1,8.513073242071629,8.381073242071631,-0.1319999999999979,6.775140285491943,0.5517177352647559,90,1.0,5.0,0.6,0.0,0.0,0.03395833333333333
chesca_reserve_contract_mesh,20,21,6,2,8.037989101536631,7.773989101536632,-0.26399999999999935,6.832215309143066,0.33605486742278495,90,2.0,4.0,0.6,0.0,0.0,0.02729166666666666
chesca_reserve_contract_mesh,21,22,6,0,6.528019903445723,6.528019903445722,-8.881784197001252e-16,7.347548484802246,-0.05286938384021353,90,0.0,3.0,0.55,0.0,0.0,0.07333333333333335
chesca_reserve_contract_mesh,22,23,6,0,6.316063335269111,6.316063335269111,0.0,7.070061206817627,0.08022173846518253,90,0.0,4.0,0.6,0.0,0.0,0.05687499999999999
chesca_reserve_contract_mesh,23,24,6,0,6.6000186105976795,6.6000186105976795,0.0,7.225695610046387,0.017220461495550163,90,0.0,5.0,0.65,0.0,0.0,0.048571428571428564
chesca_reserve_contract_mesh,24,1,6,0,6.335982250403428,6.335982250403429,8.881784197001252e-16,7.080729007720947,0.009988060632254908,90,0.0,5.0,0.72,0.0,0.0,0.045000000000000005
chesca_reserve_contract_mesh,25,2,6,5,4.646719009805244,5.390719009805244,0.7440000000000007,6.935762882232666,-0.09041968726039226,90,0.0,5.0,0.78,0.0,0.040000000000000036,0.06833333333333336
chesca_reserve_contract_mesh,26,3,6,5,4.19176549647335,4.9357654964733495,0.7439999999999998,6.823434352874756,-0.16848698005651153,90,0.0,2.0,0.8,0.0,0.040000000000000036,0.09666666666666668
chesca_reserve_contract_mesh,27,4,6,4,4.443723277494721,5.05572327749472,0.6119999999999992,6.792701721191406,-0.1918918013804472,90,0.0,1.0,0.85,0.0,0.040000000000000036,0.10444444444444446
chesca_reserve_contract_mesh,28,5,6,2,4.582136412408849,4.874136412408849,0.2920000000000007,6.761969089508057,-0.2221413208899603,90,0.0,0.0,0.8,0.04749999999999999,0.08750000000000002,0.17166666666666663
chesca_reserve_contract_mesh,29,6,6,0,5.315881228059451,5.315881228059451,0.0,6.729424476623535,-0.02439461462438329,90,0.0,0.0,0.75,0.14400000000000002,0.14400000000000002,0.224
chesca_reserve_contract_mesh,30,7,6,0,2.9269581969335596,2.92695819693356,4.440892098500626e-16,6.694463729858398,0.023955712939200846,90,0.0,0.0,0.7,0.2416666666666667,0.2416666666666667,0.2819444444444445
chesca_reserve_contract_mesh,31,8,6,6,2.1955023271642764,1.3195023271642767,-0.8759999999999997,6.6595025062561035,0.11352814111494566,90,6.0,0.0,0.6,0.39,0.35,0.35000000000000003
chesca_reserve_contract_mesh,32,9,6,6,2.535980618658405,1.6599806186584047,-0.8760000000000001,6.59709358215332,0.1527391905444177,90,6.0,0.0,0.5,0.392,0.352,0.4255
chesca_reserve_contract_mesh,33,10,6,5,4.729509508569075,3.9855095085690757,-0.7439999999999993,6.514098167419434,0.23298482580594013,90,5.0,1.0,0.6,0.0,0.0,0.25104166666666666
chesca_reserve_contract_mesh,34,11,6,6,2.417744466129168,1.5417444661291688,-0.8759999999999992,6.431103229522705,0.13195508673193654,90,6.0,0.0,0.65,0.14571428571428569,0.10571428571428565,0.2271428571428571
chesca_reserve_contract_mesh,35,12,6,6,3.712104041051919,2.836104041051918,-0.8760000000000008,6.367697715759277,0.10976452400377884,90,6.0,0.0,0.65,0.09714285714285709,0.05714285714285705,0.227142857142857
chesca_reserve_contract_mesh,36,13,6,5,3.7057747393041125,4.449774739304111,0.7439999999999984,6.312127113342285,-0.14039727602548702,90,0.0,1.0,0.7,0.0,0.040000000000000036,0.23472222222222228
chesca_reserve_contract_mesh,37,14,6,3,1.8531327985526918,2.3051327985526915,0.45199999999999974,6.419246673583984,-0.6195787227635124,90,0.0,1.0,0.7,0.0,0.040000000000000036,0.2455555555555556
chesca_reserve_contract_mesh,38,15,6,5,3.447007934499748,2.731007934499748,-0.7159999999999997,6.3597588539123535,0.28312861674034756,90,5.0,1.0,0.7,0.0,0.0,0.1922222222222222
chesca_reserve_contract_mesh,39,16,6,5,4.053657462931461,3.3376574629314604,-0.7160000000000002,6.304188251495361,0.5499965489465448,90,5.0,1.0,0.65,0.0,0.0,0.169047619047619
chesca_reserve_contract_mesh,40,17,6,3,7.5915627134268275,7.167562713426829,-0.4239999999999986,6.248618125915527,0.889048980512704,90,3.0,3.0,0.7,0.0,0.0,0.09277777777777778
chesca_reserve_contract_mesh,41,18,6,4,6.8963402471947415,6.312340247194741,-0.5840000000000005,6.156504154205322,0.3682263132190331,90,4.0,2.0,0.6,0.0,0.0,0.0952083333333333
chesca_reserve_contract_mesh,42,19,6,2,7.791040646473382,7.527040646473383,-0.26399999999999935,6.18382453918457,0.49925744416556267,90,2.0,4.0,0.6,0.0,0.0,0.043541666666666666
chesca_reserve_contract_mesh,43,20,6,1,8.082574440075044,7.950574440075044,-0.13199999999999967,6.243989944458008,0.533838321198405,90,1.0,5.0,0.6,0.0,0.0,0.03395833333333333
chesca_reserve_contract_mesh,44,21,6,1,11.591171339143216,11.459171339143214,-0.13200000000000145,6.343881130218506,1.6639306891960486,90,1.0,5.0,0.6,0.0,0.0,0.02583333333333332
chesca_reserve_contract_mesh,45,22,6,3,11.083914692581402,10.6599146925814,-0.42400000000000126,6.419281959533691,1.571668640625904,90,3.0,3.0,0.55,0.0,0.0,0.020740740740740726
chesca_reserve_contract_mesh,46,23,6,1,7.236294133868871,7.10429413386887,-0.13200000000000056,6.391513347625732,0.2723988820867408,90,1.0,5.0,0.6,0.0,0.0,0.017708333333333326
chesca_reserve_contract_mesh,47,24,6,6,6.132653296264635,7.0086532962646375,0.8760000000000021,6.433551788330078,-0.13734602994564593,90,0.0,5.0,0.65,0.0,0.040000000000000036,0.06428571428571432
chesca_reserve_contract_mesh,48,1,6,6,5.431825696568884,6.3078256965688855,0.8760000000000012,6.492868423461914,-0.21918688289246885,90,0.0,5.0,0.72,0.0,0.040000000000000036,0.07000000000000005
chesca_reserve_contract_mesh,49,2,6,6,4.942296844355374,5.818296844355373,0.8759999999999994,6.447821140289307,-0.22448139714625448,90,0.0,4.0,0.78,0.0,0.040000000000000036,0.06800000000000005
chesca_reserve_contract_mesh,50,3,6,5,4.375415831277072,5.119415831277072,0.7439999999999998,6.431173324584961,-0.264934277917501,90,0.0,1.0,0.8,0.0,0.040000000000000036,0.1125
chesca_reserve_contract_mesh,51,4,6,3,4.072375511487325,4.552375511487325,0.4800000000000004,6.414525508880615,-0.3347544700235254,90,0.0,2.0,0.85,0.0,0.040000000000000036,0.10555555555555558
chesca_reserve_contract_mesh,52,5,6,2,3.9568527922630308,4.276852792263031,0.3200000000000003,6.375636100769043,-0.20550729269851664,90,0.0,0.0,0.8,0.09499999999999997,0.135,0.1795833333333333
chesca_reserve_contract_mesh,53,6,6,0,4.673871323733705,4.673871323733704,-8.881784197001252e-16,6.320065021514893,0.010820046883185497,90,0.0,0.0,0.75,0.14400000000000002,0.14400000000000002,0.224
chesca_reserve_contract_mesh,54,7,6,0,3.352983742144503,3.3529837421445032,4.440892098500626e-16,6.264494895935059,0.040955883957327376,90,0.0,0.0,0.7,0.2416666666666667,0.2416666666666667,0.2819444444444445
chesca_reserve_contract_mesh,55,8,6,6,3.1326286703725645,2.2566286703725633,-0.8760000000000012,6.227453708648682,0.10456692998442196,90,6.0,0.0,0.6,0.34124999999999994,0.3012499999999999,0.341875
chesca_reserve_contract_mesh,56,9,6,0,2.4988467248576063,2.498846724857606,-4.440892098500626e-16,6.197823524475098,-0.011964773685149768,90,0.0,0.0,0.5,0.44100000000000006,0.44100000000000006,0.47366666666666674
chesca_reserve_contract_mesh,57,10,6,2,2.3874752424546175,2.6514752424546177,0.26400000000000023,6.168193340301514,-0.2733277704895129,90,0.0,0.0,0.6,0.24375000000000002,0.28375000000000006,0.3708333333333334
chesca_reserve_contract_mesh,58,11,6,1,0.612141806644853,0.744141806644853,0.132,6.223220348358154,-0.5950523315163054,90,0.0,0.0,0.65,0.29142857142857137,0.3314285714285714,0.3385714285714285
chesca_reserve_contract_mesh,59,12,6,0,0.6837884365722569,0.6837884365722569,0.0,6.1935906410217285,-0.56301427344747,90,0.0,0.0,0.65,0.33999999999999997,0.33999999999999997,0.3399999999999999
chesca_reserve_contract_mesh,60,13,6,1,2.020959221982228,2.152959221982228,0.13200000000000012,6.248618125915527,-1.1307950446980068,90,0.0,0.0,0.7,0.2416666666666667,0.28166666666666673,0.28861111111111115
chesca_reserve_contract_mesh,61,14,6,0,1.0749637834786556,1.0749637834786556,0.0,6.35181999206543,-1.5693110616132964,90,0.0,0.0,0.7,0.29000000000000004,0.29000000000000004,0.29000000000000004
chesca_reserve_contract_mesh,62,15,6,1,1.5474102388109001,1.7074102388108998,0.1599999999999997,6.421660423278809,-0.5202786066750379,90,0.0,0.0,0.7,0.2416666666666667,0.28166666666666673,0.28861111111111115
chesca_reserve_contract_mesh,63,16,6,0,4.318066671737193,4.318066671737193,0.0,6.452577590942383,-0.03430021803999562,90,0.0,0.0,0.65,0.10571428571428565,0.10571428571428565,0.3009523809523809
chesca_reserve_contract_mesh,64,17,6,6,4.829717886371064,3.953717886371065,-0.875999999999999,6.435929775238037,0.23787233309621056,90,6.0,0.0,0.7,0.19333333333333336,0.15333333333333332,0.22583333333333333
chesca_reserve_contract_mesh,65,18,6,6,5.589208762337219,4.713208762337219,-0.8760000000000003,6.419281959533691,0.2307627015326441,90,6.0,0.0,0.6,0.24375000000000002,0.20375,0.26875
chesca_reserve_contract_mesh,66,19,6,0,6.201046486538046,6.201046486538045,-8.881784197001252e-16,6.391512870788574,-0.04823114471362749,90,0.0,0.0,0.6,0.14625,0.14625,0.21124999999999997
chesca_reserve_contract_mesh,67,20,6,0,5.703493229235656,5.703493229235656,0.0,6.33594274520874,0.002010017447086534,90,0.0,0.0,0.6,0.04874999999999996,0.04874999999999996,0.21124999999999994
chesca_reserve_contract_mesh,68,21,6,0,6.06873227257408,6.0687322725740795,-8.881784197001252e-16,6.280372142791748,0.018311232386614678,90,0.0,1.0,0.6,0.0,0.0,0.17874999999999996
chesca_reserve_contract_mesh,69,22,6,6,5.792924163017697,6.668924163017698,0.8760000000000003,6.383574485778809,-0.1405281339282067,90,0.0,1.0,0.55,0.0,0.040000000000000036,0.22740740740740742
chesca_reserve_contract_mesh,70,23,6,5,5.951883009170278,6.6678830091702785,0.7160000000000002,6.431173324584961,-0.2241787063739274,90,0.0,1.0,0.6,0.0,0.040000000000000036,0.22020833333333334
chesca_reserve_contract_mesh,71,24,6,4,5.314697437340426,5.898697437340426,0.5840000000000005,6.414525508880615,-0.14232980284919694,90,0.0,1.0,0.65,0.0,0.040000000000000036,0.21285714285714286
chesca_reserve_contract_mesh,72,1,6,3,4.026195900983975,4.450195900983975,0.4240000000000004,6.375636100769043,-0.18599999935453476,90,0.0,2.0,0.72,0.0,0.040000000000000036,0.19250000000000003
chesca_reserve_contract_mesh,73,2,6,2,3.1449482641213513,3.4369482641213516,0.29200000000000026,6.320065021514893,-0.20445075666688234,90,0.0,1.0,0.78,0.0,0.040000000000000036,0.16033333333333333
chesca_reserve_contract_mesh,74,3,6,2,3.5370566714216496,3.82905667142165,0.29200000000000026,6.264494895935059,-0.08363400578997822,90,0.0,0.0,0.8,0.04749999999999999,0.08750000000000002,0.17166666666666663
chesca_reserve_contract_mesh,75,4,6,3,4.3572647494157515,3.8772647494157515,-0.48,6.244333267211914,0.07775682553668928,90,3.0,0.0,0.85,0.09333333333333338,0.053333333333333344,0.09666666666666668
chesca_reserve_contract_mesh,76,5,6,1,4.129491057822422,4.289491057822422,0.16000000000000014,6.312126636505127,-0.15813654955596307,90,0.0,0.0,0.8,0.14249999999999996,0.1825,0.18874999999999997
chesca_reserve_contract_mesh,77,6,6,6,4.915011611054077,4.039011611054077,-0.8760000000000003,6.256556510925293,0.14765318799246607,90,6.0,0.0,0.75,0.19199999999999995,0.1519999999999999,0.19199999999999995
chesca_reserve_contract_mesh,78,7,6,6,4.139624049572397,3.2636240495723974,-0.8759999999999999,6.243476390838623,0.22166563912494228,90,6.0,0.0,0.7,0.19333333333333336,0.15333333333333332,0.2338888888888889
chesca_reserve_contract_mesh,79,8,6,6,2.9178200772450538,2.0418200772450534,-0.8760000000000003,6.237478256225586,0.11088622666807868,90,6.0,0.0,0.6,0.24375000000000002,0.20375,0.325625
chesca_reserve_contract_mesh,80,9,6,6,3.058234916153951,2.1822349161539507,-0.8760000000000003,6.231479644775391,0.13269836840613203,90,6.0,0.0,0.5,0.392,0.352,0.42549999999999993
chesca_reserve_contract_mesh,81,10,6,6,4.4169269831294695,3.54092698312947,-0.8759999999999994,6.207847595214844,0.2647537918431,90,6.0,0.0,0.6,0.2925,0.25249999999999995,0.2931249999999999
chesca_reserve_contract_mesh,82,11,6,6,3.0603895514550463,2.1843895514550464,-0.8759999999999999,6.184216022491455,0.22939334092397717,90,6.0,0.0,0.65,0.19428571428571428,0.15428571428571425,0.27571428571428563
chesca_reserve_contract_mesh,83,12,6,5,5.253206964010448,4.509206964010447,-0.7440000000000007,6.16374397277832,0.42658461307018175,90,5.0,1.0,0.65,0.0,0.0,0.19333333333333327
chesca_reserve_contract_mesh,84,13,6,5,6.382113191803284,5.638113191803284,-0.7439999999999998,6.162229537963867,0.6423364202763434,90,5.0,1.0,0.7,0.0,0.0,0.13583333333333333
chesca_reserve_contract_mesh,85,14,6,3,1.8015559829818935,1.3215559829818933,-0.4800000000000002,6.160714626312256,0.07749026423211358,90,3.0,0.0,0.7,0.04833333333333334,0.008333333333333304,0.17333333333333334
chesca_reserve_contract_mesh,86,15,6,5,3.8885501486672935,3.1725501486672933,-0.7160000000000002,6.159275054931641,0.23528943752143144,90,5.0,1.0,0.7,0.0,0.0,0.12777777777777777
chesca_reserve_contract_mesh,87,16,6,5,4.246498669510619,3.530498669510619,-0.7160000000000002,6.158023357391357,0.4616668392972252,90,5.0,1.0,0.65,0.0,0.0,0.1609523809523809
chesca_reserve_contract_mesh,88,17,6,3,7.189615205037067,6.765615205037068,-0.4239999999999995,6.156771183013916,0.8268310809753899,90,3.0,3.0,0.7,0.0,0.0,0.10083333333333333
chesca_reserve_contract_mesh,89,18,6,5,5.98198638844575,5.265986388445749,-0.7160000000000011,6.1590962409973145,0.12525402439331346,90,5.0,1.0,0.6,0.0,0.0,0.12104166666666664
chesca_reserve_contract_mesh,90,19,6,3,6.81211907454823,6.38811907454823,-0.4239999999999995,6.157844066619873,0.19551938880906838,90,3.0,3.0,0.6,0.0,0.0,0.044999999999999984
chesca_reserve_contract_mesh,91,20,6,2,6.729832905845914,6.437832905845915,-0.2919999999999989,6.160281658172607,0.11503358813708127,90,2.0,4.0,0.6,0.0,0.0,0.019166666666666665
chesca_reserve_contract_mesh,92,21,6,1,6.938562368631361,6.806562368631362,-0.13199999999999878,6.163094997406006,0.11647116836671866,90,1.0,5.0,0.6,0.0,0.0,0.009583333333333333
chesca_reserve_contract_mesh,93,22,6,6,5.6018731485372,6.477873148537199,0.8759999999999994,6.1943440437316895,-0.23530459485265678,90,0.0,2.0,0.55,0.0,0.040000000000000036,0.09703703703703707
chesca_reserve_contract_mesh,94,23,6,6,6.386034547524943,7.262034547524943,0.8759999999999994,6.233193397521973,-0.3669093780532735,90,0.0,3.0,0.6,0.0,0.040000000000000036,0.08062500000000004
chesca_reserve_contract_mesh,95,24,6,0,6.498725914843168,6.498725914843167,-8.881784197001252e-16,6.244333267211914,0.0727285183198518,90,0.0,3.0,0.65,0.0,0.0,0.03238095238095238
chesca_reserve_contract_mesh,96,1,6,0,6.519930723693145,6.519930723693145,0.0,6.2740559577941895,-0.0707894697431966,90,0.0,5.0,0.72,0.0,0.0,0.014999999999999994
chesca_reserve_contract_mesh,97,2,6,6,5.192994398756423,6.068994398756423,0.8760000000000003,6.3131208419799805,-0.09898752272180275,90,0.0,6.0,0.78,0.0,0.040000000000000036,0.040000000000000036
chesca_reserve_contract_mesh,98,3,6,0,4.745704815119728,4.745704815119728,0.0,6.293134689331055,-0.059318298268558695,90,0.0,2.0,0.8,0.0,0.0,0.039583333333333325
chesca_reserve_contract_mesh,99,4,6,0,4.4081651310007235,4.408165131000723,-8.881784197001252e-16,6.270876407623291,0.04011286372565487,90,0.0,2.0,0.85,0.0,0.0,0.03888888888888888
chesca_reserve_contract_mesh,100,5,6,5,4.8410106583239445,4.125010658323944,-0.7160000000000002,6.248618125915527,0.09709835334540812,90,5.0,1.0,0.8,0.0,0.0,0.07749999999999994
chesca_reserve_contract_mesh,101,6,6,6,4.5357139958429515,3.6597139958429517,-0.8759999999999999,6.242619514465332,0.14437033939994168,90,6.0,0.0,0.75,0.04800000000000004,0.008000000000000007,0.11199999999999995
chesca_reserve_contract_mesh,102,7,6,5,4.833053660561881,4.117053660561881,-0.7160000000000002,6.236620903015137,0.2901202187967767,90,5.0,1.0,0.7,0.0,0.0,0.14388888888888887
chesca_reserve_contract_mesh,103,8,6,0,3.911114089314207,3.9111140893142076,4.440892098500626e-16,6.2281036376953125,-0.06222445459309339,90,0.0,0.0,0.6,0.14625,0.14625,0.26812499999999995
chesca_reserve_contract_mesh,104,9,6,6,3.3827868891813226,2.5067868891813228,-0.8759999999999999,6.204472064971924,0.11533614801062789,90,6.0,0.0,0.5,0.29400000000000004,0.254,0.3601666666666667
chesca_reserve_contract_mesh,105,10,6,4,4.121901504796029,4.70590150479603,0.5840000000000005,6.180840492248535,-0.16321503080724173,90,0.0,0.0,0.6,0.09750000000000003,0.13750000000000007,0.2866666666666667
chesca_reserve_contract_mesh,106,11,6,6,3.1720501718219065,2.2960501718219066,-0.8759999999999999,6.163527488708496,0.09679043708732764,90,6.0,0.0,0.65,0.19428571428571428,0.15428571428571425,0.2271428571428571
chesca_reserve_contract_mesh,107,12,6,6,3.0508014750781127,2.1748014750781133,-0.8759999999999994,6.162013053894043,0.11009057189332005,90,6.0,0.0,0.65,0.14571428571428569,0.10571428571428565,0.227142857142857
chesca_reserve_contract_mesh,108,13,6,6,4.15289664033881,3.2768966403388102,-0.8759999999999994,6.160498142242432,0.10399351199171972,90,6.0,0.0,0.7,0.04833333333333334,0.008333333333333304,0.15333333333333332
chesca_reserve_contract_mesh,109,14,6,5,2.6952947049048395,1.979294704904839,-0.7160000000000004,6.1590962409973145,0.11149942976834691,90,5.0,1.0,0.7,0.0,0.0,0.16
chesca_reserve_contract_mesh,110,15,6,5,4.9313229731003805,4.215322973100379,-0.7160000000000011,6.157844543457031,0.11249407452998605,90,5.0,1.0,0.7,0.0,0.0,0.12777777777777777
chesca_reserve_contract_mesh,111,16,6,4,6.111211104751907,5.555211104751906,-0.5560000000000009,6.15659236907959,0.11419379956041062,90,4.0,2.0,0.65,0.0,0.0,0.13523809523809519
chesca_reserve_contract_mesh,112,17,6,0,6.882108681097177,6.882108681097177,0.0,6.158917427062988,-0.058562065695021356,90,0.0,3.0,0.7,0.0,0.0,0.08861111111111113
chesca_reserve_contract_mesh,113,18,6,0,6.615318309241434,6.615318309241434,0.0,6.1615800857543945,0.03821511172187403,90,0.0,1.0,0.6,0.0,0.0,0.1625
chesca_reserve_contract_mesh,114,19,6,3,8.100216784720772,7.704216784720772,-0.3959999999999999,6.170712471008301,0.4606139698168079,90,3.0,3.0,0.6,0.0,0.0,0.06937499999999998
chesca_reserve_contract_mesh,115,20,6,1,8.497301252991203,8.365301252991202,-0.13200000000000145,6.214599609375,0.49232676706554934,90,1.0,5.0,0.6,0.0,0.0,0.03395833333333333
chesca_reserve_contract_mesh,116,21,6,1,7.452164377585019,7.320164377585019,-0.13199999999999967,6.238335132598877,0.08179891944698484,90,1.0,5.0,0.6,0.0,0.0,0.017708333333333326
chesca_reserve_contract_mesh,117,22,6,6,6.5401011212778375,7.416101121277838,0.8760000000000003,6.251797676086426,-0.27182645550145074,90,0.0,2.0,0.55,0.0,0.040000000000000036,0.11333333333333334
chesca_reserve_contract_mesh,118,23,6,6,6.253738371097779,7.12973837109778,0.8760000000000003,6.243476390838623,-0.273828290533809,90,0.0,3.0,0.6,0.0,0.040000000000000036,0.10500000000000004
chesca_reserve_contract_mesh,119,24,6,6,5.507737157787593,6.383737157787594,0.8760000000000003,6.270876407623291,-0.4383368232868512,90,0.0,3.0,0.65,0.0,0.040000000000000036,0.10476190476190478
chesca_reserve_contract_mesh,120,1,6,6,4.893177902791514,5.7691779027915135,0.8759999999999994,6.248618125915527,-0.47698446487534435,90,0.0,3.0,0.72,0.0,0.040000000000000036,0.10750000000000005
chesca_reserve_contract_mesh,121,2,6,5,4.333414683441133,5.077414683441133,0.7439999999999998,6.242619514465332,-0.49144548453630554,90,0.0,3.0,0.78,0.0,0.040000000000000036,0.10333333333333335
chesca_reserve_contract_mesh,122,3,6,4,4.784179690449512,5.396179690449511,0.6119999999999992,6.236620903015137,-0.35744861840162,90,0.0,2.0,0.8,0.0,0.040000000000000036,0.11375
chesca_reserve_contract_mesh,123,4,6,4,3.489372396795477,4.101372396795476,0.6119999999999992,6.2281036376953125,-0.45448657284086813,90,0.0,2.0,0.85,0.0,0.040000000000000036,0.10444444444444449
chesca_reserve_contract_mesh,124,5,6,2,3.574559106130074,3.8665591061300733,0.29199999999999937,6.204472064971924,-0.33001407512033243,90,0.0,0.0,0.8,0.09499999999999997,0.135,0.1795833333333333
chesca_reserve_contract_mesh,125,6,6,1,4.322342390157475,4.482342390157474,0.15999999999999925,6.180840492248535,-0.277146628642894,90,0.0,0.0,0.75,0.14400000000000002,0.18400000000000005,0.2306666666666667
chesca_reserve_contract_mesh,126,7,6,1,3.7518172620799235,3.911817262079923,0.1599999999999997,6.224727153778076,-1.32720452399362,90,0.0,0.0,0.7,0.14500000000000002,0.18500000000000005,0.2725
chesca_reserve_contract_mesh,127,8,6,2,3.4370190870164903,3.7290190870164905,0.29200000000000026,6.2010955810546875,-0.18848762839334837,90,0.0,0.0,0.6,0.34124999999999994,0.38125,0.3870833333333334
chesca_reserve_contract_mesh,128,9,6,1,2.457427443930462,2.6174274439304623,0.16000000000000014,6.177464008331299,-0.4557016702384118,90,0.0,0.0,0.5,0.44100000000000006,0.4810000000000001,0.4885
chesca_reserve_contract_mesh,129,10,6,0,2.657333028332385,2.657333028332385,0.0,6.221351623535156,-0.6373891643480889,90,0.0,0.0,0.6,0.39,0.39,0.39000000000000007
chesca_reserve_contract_mesh,130,11,6,0,2.1885664415405275,2.1885664415405275,0.0,6.197720050811768,-0.10340521463642395,90,0.0,0.0,0.65,0.33999999999999997,0.33999999999999997,0.3399999999999999
chesca_reserve_contract_mesh,131,12,6,6,3.0741869207841597,2.19818692078416,-0.8759999999999999,6.174088001251221,0.09240358785557287,90,6.0,0.0,0.65,0.29142857142857137,0.25142857142857133,0.29190476190476183
chesca_reserve_contract_mesh,132,13,6,6,3.9076854394920786,3.031685439492079,-0.8759999999999994,6.163094997406006,0.38730562209305064,90,6.0,0.0,0.7,0.2416666666666667,0.20166666666666666,0.22583333333333333
chesca_reserve_contract_mesh,133,14,6,6,3.5237374652704534,2.6477374652704535,-0.8759999999999999,6.1615800857543945,0.08288078749246472,90,6.0,0.0,0.7,0.09666666666666668,0.05666666666666664,0.1936111111111111
chesca_reserve_contract_mesh,134,15,6,2,3.5303052310247867,3.8503052310247865,0.31999999999999984,6.170712471008301,-0.6231410365759938,90,0.0,0.0,0.7,0.04833333333333334,0.08833333333333337,0.22277777777777782
chesca_reserve_contract_mesh,135,16,6,6,4.585662082889051,3.7096620828890523,-0.875999999999999,6.162878513336182,0.2485397071338284,90,6.0,0.0,0.65,0.0485714285714286,0.008571428571428563,0.21904761904761894
chesca_reserve_contract_mesh,136,17,6,5,4.609325231077191,3.8933252310771898,-0.7160000000000015,6.16136360168457,0.18002875852443645,90,5.0,1.0,0.7,0.0,0.0,0.16
chesca_reserve_contract_mesh,137,18,6,5,5.920220249266409,5.204220249266408,-0.7160000000000011,6.159849166870117,0.13367695528501997,90,5.0,1.0,0.6,0.0,0.0,0.19416666666666663
chesca_reserve_contract_mesh,138,19,6,3,8.053890928137484,7.629890928137484,-0.4240000000000004,6.158559799194336,0.5827693177835173,90,3.0,3.0,0.6,0.0,0.0,0.11812499999999997
chesca_reserve_contract_mesh,139,20,6,3,7.227819138839521,6.803819138839522,-0.4239999999999995,6.161147594451904,0.2190221067908365,90,3.0,3.0,0.6,0.0,0.0,0.05312499999999998
chesca_reserve_contract_mesh,140,21,6,0,7.70877784423001,7.708777844230009,-8.881784197001252e-16,6.1639604568481445,-0.055963586371557794,90,0.0,5.0,0.6,0.0,0.0,0.032499999999999994
chesca_reserve_contract_mesh,141,22,6,0,6.633598073203386,6.633598073203386,0.0,6.207847595214844,-0.030555861869940443,90,0.0,4.0,0.55,0.0,0.0,0.040740740740740744
chesca_reserve_contract_mesh,142,23,6,2,7.703527437757403,7.411527437757403,-0.2919999999999998,6.184216022491455,0.32580448758399194,90,2.0,4.0,0.6,0.0,0.0,0.0029166666666666416
chesca_reserve_contract_mesh,143,24,6,0,7.827564145073895,7.827564145073895,0.0,6.2281036376953125,0.3450824830820261,90,0.0,6.0,0.65,0.0,0.0,0.0
chesca_reserve_contract_mesh,144,1,6,0,7.094595013783428,7.094595013783428,0.0,6.241762638092041,-0.026385871870559435,90,0.0,6.0,0.72,0.0,0.0,0.0
chesca_reserve_contract_mesh,145,2,6,6,6.639424739275627,7.515424739275629,0.8760000000000012,6.264516830444336,-0.17899860560560993,90,0.0,6.0,0.78,0.0,0.040000000000000036,0.040000000000000036
chesca_reserve_contract_mesh,146,3,6,6,5.838995098396762,6.71499509839676,0.8759999999999986,6.305853366851807,-0.12906021895972097,90,0.0,2.0,0.8,0.0,0.040000000000000036,0.0716666666666667
chesca_reserve_contract_mesh,147,4,6,6,5.16462996697764,6.040629966977639,0.8759999999999994,6.322195053100586,-0.25155634916925995,90,0.0,2.0,0.85,0.0,0.040000000000000036,0.07888888888888891
chesca_reserve_contract_mesh,148,5,6,4,4.931557816963266,5.543557816963266,0.6120000000000001,6.315843105316162,-0.1434265544368884,90,0.0,0.0,0.8,0.04749999999999999,0.08750000000000002,0.16124999999999998
chesca_reserve_contract_mesh,149,6,6,4,5.483397670337549,6.067397670337549,0.5839999999999996,6.302673816680908,-0.09248058740760545,90,0.0,0.0,0.75,0.09599999999999997,0.136,0.2026666666666667
chesca_reserve_contract_mesh,150,7,6,3,4.130134791578762,4.554134791578762,0.4240000000000004,6.2804155349731445,-0.10636769785080169,90,0.0,0.0,0.7,0.19333333333333336,0.2333333333333334,0.26972222222222225
chesca_reserve_contract_mesh,151,8,6,0,4.959755293399723,4.959755293399723,0.0,6.258157253265381,-0.002832402599336011,90,0.0,0.0,0.6,0.2925,0.2925,0.36562500000000003
chesca_reserve_contract_mesh,152,9,6,0,5.138713522533909,5.13871352253391,8.881784197001252e-16,6.245190143585205,-0.051718036722869176,90,0.0,0.0,0.5,0.245,0.245,0.4246666666666667
chesca_reserve_contract_mesh,153,10,6,0,5.254039041306585,5.2540390413065845,-8.881784197001252e-16,6.239192008972168,-0.024753063474701388,90,0.0,0.0,0.6,0.04874999999999996,0.04874999999999996,0.30875
chesca_reserve_contract_mesh,154,11,6,3,4.147124599264235,4.5991245992642344,0.45199999999999907,6.233193397521973,-0.15304397155121702,90,0.0,1.0,0.65,0.0,0.040000000000000036,0.279047619047619
chesca_reserve_contract_mesh,155,12,6,4,4.872200863776321,5.484200863776321,0.6120000000000001,6.244333267211914,-0.9384340112454872,90,0.0,1.0,0.65,0.0,0.040000000000000036,0.2614285714285714
chesca_reserve_contract_mesh,156,13,6,4,6.290414738863868,5.678414738863869,-0.6119999999999992,6.238335132598877,0.11805812238397091,90,4.0,1.0,0.7,0.0,0.0,0.11166666666666665
chesca_reserve_contract_mesh,157,14,6,6,4.9300227017394835,4.054022701739484,-0.8759999999999994,6.232336521148682,0.17028008486518112,90,6.0,0.0,0.7,0.04833333333333334,0.008333333333333304,0.08083333333333331
chesca_reserve_contract_mesh,158,15,6,0,5.26457661936964,5.26457661936964,0.0,6.211223602294922,0.030439157856627277,90,0.0,3.0,0.7,0.0,0.0,0.08861111111111113
chesca_reserve_contract_mesh,159,16,6,4,5.8816514209662065,5.297651420966207,-0.5839999999999996,6.187592029571533,0.545100652469096,90,4.0,2.0,0.65,0.0,0.0,0.1271428571428571
chesca_reserve_contract_mesh,160,17,6,3,7.56029231843382,7.136292318433821,-0.4239999999999995,6.1639604568481445,0.8878479618532545,90,3.0,3.0,0.7,0.0,0.0,0.08472222222222221
chesca_reserve_contract_mesh,161,18,6,4,7.231774398575903,6.647774398575903,-0.5839999999999996,6.207847595214844,0.24445758770181805,90,4.0,2.0,0.6,0.0,0.0,0.0789583333333333
chesca_reserve_contract_mesh,162,19,6,6,8.190846318834106,9.066846318834108,0.8760000000000012,6.236620903015137,-0.36364259334911075,90,0.0,3.0,0.6,0.0,0.040000000000000036,0.09687500000000003
chesca_reserve_contract_mesh,163,20,6,3,7.844447249579046,7.392447249579046,-0.45199999999999996,6.247761249542236,0.1693693040081933,90,3.0,3.0,0.6,0.0,0.0,0.03687499999999997
chesca_reserve_contract_mesh,164,21,6,1,8.323985790150042,8.163985790150043,-0.15999999999999837,6.2867751121521,0.6264501784098869,90,1.0,5.0,0.6,0.0,0.0,0.017708333333333326
chesca_reserve_contract_mesh,165,22,6,2,8.72942473217909,8.43742473217909,-0.2919999999999998,6.316750526428223,0.49354767619403256,90,2.0,4.0,0.55,0.0,0.0,0.019259259259259254
chesca_reserve_contract_mesh,166,23,6,1,8.403360274214043,8.243360274214043,-0.16000000000000014,6.305853366851807,0.682213585262822,90,1.0,5.0,0.6,0.0,0.0,0.0014583333333333208
chesca_reserve_contract_mesh,167,24,6,3,7.432758675039407,7.912758675039408,0.4800000000000004,6.322195053100586,-0.07766751775977826,90,0.0,6.0,0.65,0.0,0.0,0.020000000000000018
chesca_reserve_contract_mesh,168,1,6,1,7.296262746567325,7.136262746567326,-0.15999999999999925,6.359238147735596,0.07959193561905431,90,1.0,5.0,0.72,0.0,0.0,0.000833333333333334
chesca_reserve_contract_mesh,169,2,6,6,6.598597408535669,7.474597408535669,0.8759999999999994,6.396353721618652,-0.1738058768525535,90,0.0,6.0,0.78,0.0,0.040000000000000036,0.040000000000000036
chesca_reserve_contract_mesh,170,3,6,6,5.949580274624396,6.825580274624395,0.8759999999999986,6.396353721618652,-0.12116636948004435,90,0.0,2.0,0.8,0.0,0.040000000000000036,0.07958333333333335
chesca_reserve_contract_mesh,171,4,6,5,4.801250057391896,5.517250057391896,0.7160000000000002,6.396353721618652,-0.2825261545294825,90,0.0,2.0,0.85,0.0,0.040000000000000036,0.0877777777777778
chesca_reserve_contract_mesh,172,5,6,3,4.672542148787853,5.124542148787854,0.45200000000000085,6.396353721618652,-0.1469625010607675,90,0.0,0.0,0.8,0.04749999999999999,0.08750000000000002,0.16249999999999998
chesca_reserve_contract_mesh,173,6,6,0,5.68308910052889,5.68308910052889,0.0,6.359238147735596,-0.06661892842515776,90,0.0,0.0,0.75,0.09599999999999997,0.09599999999999997,0.18400000000000002
chesca_reserve_contract_mesh,174,7,6,3,4.1643703398354095,4.58837033983541,0.4240000000000004,6.322195053100586,-0.09774888440215762,90,0.0,0.0,0.7,0.14500000000000002,0.18500000000000005,0.2455555555555556
chesca_reserve_contract_mesh,175,8,6,2,4.359413778800915,4.623413778800916,0.2640000000000011,6.322195053100586,-0.1960231304003615,90,0.0,0.0,0.6,0.14625,0.18625000000000003,0.34645833333333337
chesca_reserve_contract_mesh,176,9,6,2,4.289519041920391,4.581519041920391,0.2919999999999998,6.283595085144043,-0.17391368812353075,90,0.0,0.0,0.5,0.29400000000000004,0.3340000000000001,0.46249999999999997
chesca_reserve_contract_mesh,177,10,6,1,3.55951326915865,3.69151326915865,0.13200000000000012,6.283595085144043,-0.0826200213331651,90,0.0,0.0,0.6,0.24375000000000002,0.28375000000000006,0.3722916666666667
chesca_reserve_contract_mesh,178,11,6,1,1.3435140044192533,1.4755140044192534,0.13200000000000012,6.24090576171875,-0.21680563814915849,90,0.0,0.0,0.65,0.29142857142857137,0.3314285714285714,0.3385714285714285
chesca_reserve_contract_mesh,179,12,6,0,1.9149022463201242,1.9149022463201242,0.0,6.24090576171875,0.047163344970678076,90,0.0,0.0,0.65,0.33999999999999997,0.33999999999999997,0.3399999999999999
chesca_reserve_contract_mesh,180,13,6,0,2.3772541915533,2.3772541915533,0.0,6.24090576171875,0.02949292692579135,90,0.0,0.0,0.7,0.19333333333333336,0.19333333333333336,0.2738888888888889
chesca_reserve_contract_mesh,181,14,6,6,3.8759591010500696,2.99995910105007,-0.8759999999999994,6.24090576171875,0.08577348770603167,90,6.0,0.0,0.7,0.2416666666666667,0.20166666666666666,0.2338888888888889
chesca_reserve_contract_mesh,182,15,6,6,4.512025952229108,3.636025952229108,-0.8760000000000003,6.24090576171875,0.11721229855487988,90,6.0,0.0,0.7,0.19333333333333336,0.15333333333333332,0.1936111111111111
chesca_reserve_contract_mesh,183,16,6,6,5.2125224494936555,4.336522449493656,-0.8759999999999994,6.24090576171875,0.5413980238069559,90,6.0,0.0,0.65,0.09714285714285709,0.05714285714285705,0.19476190476190466
chesca_reserve_contract_mesh,184,17,6,5,5.670571386829956,4.954571386829957,-0.7159999999999993,6.2010955810546875,0.5330165741569285,90,5.0,1.0,0.7,0.0,0.0,0.1036111111111111
chesca_reserve_contract_mesh,185,18,6,5,6.525167543391809,5.809167543391809,-0.7159999999999993,6.162013053894043,0.44726056374296036,90,5.0,1.0,0.6,0.0,0.0,0.10479166666666662
chesca_reserve_contract_mesh,186,19,6,2,6.891106951524508,6.599106951524508,-0.2919999999999998,6.162013053894043,0.2791497100071717,90,2.0,4.0,0.6,0.0,0.0,0.05166666666666666
chesca_reserve_contract_mesh,187,20,6,0,8.741069488166152,8.741069488166152,0.0,6.162013053894043,0.02909834936448054,90,0.0,5.0,0.6,0.0,0.0,0.024374999999999997
chesca_reserve_contract_mesh,188,21,6,1,8.269567281813378,8.109567281813378,-0.16000000000000014,6.162013053894043,0.47988929453839246,90,1.0,5.0,0.6,0.0,0.0,0.0014583333333333208
chesca_reserve_contract_mesh,189,22,6,0,6.53337003000193,6.53337003000193,0.0,6.162013053894043,0.0002059769635002432,90,0.0,5.0,0.55,0.0,0.0,0.008148148148148146
chesca_reserve_contract_mesh,190,23,6,0,6.926807588843628,6.926807588843628,0.0,6.158023357391357,0.2872385882465357,90,0.0,6.0,0.6,0.0,0.0,0.0
chesca_reserve_contract_mesh,191,24,6,0,7.727634833207536,7.727634833207536,0.0,6.158023357391357,0.46344431079686094,90,0.0,6.0,0.65,0.0,0.0,0.0
chesca_reserve_contract_mesh,192,1,6,0,7.6573130323703404,7.6573130323703404,0.0,6.158023357391357,0.301226022346118,90,0.0,6.0,0.72,0.0,0.0,0.0
chesca_reserve_contract_mesh,193,2,6,6,6.491543536343239,7.36754353634324,0.8760000000000012,6.162013053894043,-0.18414204569254877,90,0.0,6.0,0.78,0.0,0.040000000000000036,0.040000000000000036
chesca_reserve_contract_mesh,194,3,6,6,4.560828964013211,5.436828964013211,0.8759999999999994,6.2010955810546875,-0.806951053623401,90,0.0,1.0,0.8,0.0,0.040000000000000036,0.07958333333333335
chesca_reserve_contract_mesh,195,4,6,6,4.678494311444465,5.554494311444464,0.8759999999999994,6.2010955810546875,-0.11945849224431161,90,0.0,2.0,0.85,0.0,0.040000000000000036,0.0944444444444445
chesca_reserve_contract_mesh,196,5,6,3,4.4976759921629235,4.949675992162923,0.45199999999999996,6.2010955810546875,-0.17257854485355495,90,0.0,0.0,0.8,0.04749999999999999,0.08750000000000002,0.16249999999999998
chesca_reserve_contract_mesh,197,6,6,0,5.005635174018602,5.005635174018602,0.0,6.2010955810546875,-0.02340469369086743,90,0.0,0.0,0.75,0.09599999999999997,0.09599999999999997,0.208
chesca_reserve_contract_mesh,198,7,6,2,4.285934857760305,4.5779348577603045,0.2919999999999998,6.2010955810546875,-0.10657037666459375,90,0.0,0.0,0.7,0.14500000000000002,0.18500000000000005,0.27111111111111114
chesca_reserve_contract_mesh,199,8,6,2,3.2774758818148513,3.5694758818148515,0.29200000000000026,6.2010955810546875,-0.09893383773425417,90,0.0,0.0,0.6,0.2925,0.3325,0.37895833333333334
chesca_reserve_contract_mesh,200,9,6,6,5.348219219447721,4.4722192194477195,-0.8760000000000012,6.2010955810546875,0.13930122000859463,90,6.0,0.0,0.5,0.44100000000000006,0.401,0.4255
chesca_reserve_contract_mesh,201,10,6,3,3.6479883711222287,4.099988371122229,0.45199999999999996,6.2010955810546875,-0.0902110021955351,90,0.0,0.0,0.6,0.24375000000000002,0.28375000000000006,0.36125000000000007
chesca_reserve_contract_mesh,202,11,6,0,3.6995522410078046,3.6995522410078046,0.0,6.2010955810546875,0.03824832689011264,90,0.0,0.0,0.65,0.19428571428571428,0.19428571428571428,0.29952380952380947
chesca_reserve_contract_mesh,203,12,6,6,3.1146655322445236,2.2386655322445232,-0.8760000000000003,6.2010955810546875,0.12033260261912393,90,6.0,0.0,0.65,0.14571428571428569,0.10571428571428565,0.25142857142857133
chesca_reserve_contract_mesh,204,13,6,5,5.2689395342747165,4.552939534274717,-0.7159999999999993,6.2010955810546875,0.30465596817797613,90,5.0,1.0,0.7,0.0,0.0,0.13583333333333333
chesca_reserve_contract_mesh,205,14,6,5,5.280688383885115,6.024688383885116,0.7440000000000007,6.2010955810546875,-0.302384756660274,90,0.0,1.0,0.7,0.0,0.040000000000000036,0.16222222222222227
chesca_reserve_contract_mesh,206,15,6,5,6.32841959366672,5.6124195936667185,-0.7160000000000011,6.2010955810546875,0.11455612267051014,90,5.0,1.0,0.7,0.0,0.0,0.08749999999999998
chesca_reserve_contract_mesh,207,16,6,3,7.30215510763895,6.878155107638951,-0.4239999999999995,6.2010955810546875,0.8362531599529321,90,3.0,3.0,0.65,0.0,0.0,0.09333333333333331
chesca_reserve_contract_mesh,208,17,6,2,9.3966678007102,9.1046678007102,-0.2919999999999998,6.2010955810546875,1.5424492564015473,90,2.0,4.0,0.7,0.0,0.0,0.010833333333333325
chesca_reserve_contract_mesh,209,18,6,0,9.008647276569576,9.008647276569574,-1.7763568394002505e-15,6.275882720947266,0.8490125377331391,90,0.0,6.0,0.6,0.0,0.0,0.0
chesca_reserve_contract_mesh,210,19,6,0,11.77259886354296,11.772598863542962,1.7763568394002505e-15,6.322195053100586,1.7992202562922552,90,0.0,6.0,0.6,0.0,0.0,0.0
chesca_reserve_contract_mesh,211,20,6,0,10.818348485012947,10.818348485012947,0.0,6.322195053100586,1.2068992383961255,90,0.0,6.0,0.6,0.0,0.0,0.0
chesca_reserve_contract_mesh,212,21,6,0,9.23481766213908,9.23481766213908,0.0,6.322195053100586,0.7869916649904286,90,0.0,6.0,0.6,0.0,0.0,0.0
chesca_reserve_contract_mesh,213,22,6,1,7.193358700165949,7.061358700165949,-0.13200000000000056,6.322195053100586,0.09725501315652202,90,1.0,5.0,0.55,0.0,0.0,0.0014814814814814725
chesca_reserve_contract_mesh,214,23,6,0,9.494835882252758,9.49483588225276,1.7763568394002505e-15,6.359238147735596,1.0374655953721463,90,0.0,6.0,0.6,0.0,0.0,0.0
chesca_reserve_contract_mesh,215,24,6,0,7.765715242417029,7.76571524241703,8.881784197001252e-16,6.359238147735596,0.2657785956158905,90,0.0,6.0,0.65,0.0,0.0,0.0
chesca_reserve_contract_mesh,216,1,6,0,7.930579984793878,7.930579984793878,0.0,6.359238147735596,0.4083611323945411,90,0.0,6.0,0.72,0.0,0.0,0.0
chesca_reserve_contract_mesh,217,2,6,0,6.927567349121637,6.927567349121637,0.0,6.403804302215576,-0.025074311856739334,90,0.0,6.0,0.78,0.0,0.0,0.0
chesca_reserve_contract_mesh,218,3,6,0,6.85706981191803,6.857069811918029,-8.881784197001252e-16,6.435713291168213,0.051092530957043095,90,0.0,5.0,0.8,0.0,0.0,0.007916666666666664
chesca_reserve_contract_mesh,219,4,6,6,6.142633764332074,7.018633764332074,0.8760000000000003,6.4513020515441895,-0.17159184727781557,90,0.0,5.0,0.85,0.0,0.040000000000000036,0.04777777777777781
chesca_reserve_contract_mesh,220,5,6,5,4.811029610985033,5.555029610985033,0.7439999999999998,6.458792686462402,-0.2621820295714522,90,0.0,1.0,0.8,0.0,0.040000000000000036,0.13625
chesca_reserve_contract_mesh,221,6,6,0,5.332202557035064,5.332202557035064,0.0,6.458792686462402,-0.036144128233157206,90,0.0,0.0,0.75,0.04800000000000004,0.04800000000000004,0.168
chesca_reserve_contract_mesh,222,7,6,0,3.9574822191324937,3.9574822191324937,0.0,6.458792686462402,0.008388886795651584,90,0.0,0.0,0.7,0.09666666666666668,0.09666666666666668,0.21750000000000003
chesca_reserve_contract_mesh,223,8,6,0,4.522649352147681,4.522649352147681,0.0,6.458792686462402,-0.015381660198159515,90,0.0,0.0,0.6,0.14625,0.14625,0.30874999999999997
chesca_reserve_contract_mesh,224,9,6,4,3.2776857083999507,3.8616857083999507,0.5840000000000001,6.478458881378174,-0.4731786920393251,90,0.0,0.0,0.5,0.245,0.28500000000000003,0.43500000000000005
chesca_reserve_contract_mesh,225,10,6,0,2.8504088847299056,2.8504088847299056,0.0,6.478458881378174,0.0408532381012426,90,0.0,0.0,0.6,0.19499999999999995,0.19499999999999995,0.34125
chesca_reserve_contract_mesh,226,11,6,6,2.6291231360420007,1.7531231360420012,-0.8759999999999994,6.474672317504883,0.1143757275599027,90,6.0,0.0,0.65,0.19428571428571428,0.15428571428571425,0.2514285714285714
chesca_reserve_contract_mesh,227,12,6,6,3.705993672062705,2.8299936720627046,-0.8760000000000003,6.474672317504883,0.2785807266397848,90,6.0,0.0,0.65,0.09714285714285709,0.05714285714285705,0.22714285714285706
chesca_reserve_contract_mesh,228,13,6,3,4.817884132233808,4.365884132233807,-0.45200000000000085,6.4513020515441895,0.41743632987109414,90,3.0,3.0,0.7,0.0,0.0,0.11694444444444445
chesca_reserve_contract_mesh,229,14,6,4,5.252998137448832,5.836998137448831,0.5839999999999996,6.4513020515441895,-0.1342357581859537,90,0.0,1.0,0.7,0.0,0.040000000000000036,0.17972222222222226
chesca_reserve_contract_mesh,230,15,6,0,5.306276932832119,5.306276932832119,0.0,6.435713291168213,0.0068313288340756916,90,0.0,1.0,0.7,0.0,0.0,0.14500000000000002
chesca_reserve_contract_mesh,231,16,6,4,5.776007782455368,5.220007782455369,-0.5559999999999992,6.403804302215576,0.43105296714148483,90,4.0,2.0,0.65,0.0,0.0,0.13523809523809519
chesca_reserve_contract_mesh,232,17,6,0,8.436423878904542,8.436423878904542,0.0,6.435713291168213,0.05722697137594213,90,0.0,3.0,0.7,0.0,0.0,0.10472222222222223
chesca_reserve_contract_mesh,233,18,6,5,8.441699959669608,7.725699959669608,-0.7159999999999993,6.4513020515441895,0.6958034248752699,90,5.0,1.0,0.6,0.0,0.0,0.08854166666666663
chesca_reserve_contract_mesh,234,19,6,1,9.861550058574174,9.701550058574174,-0.16000000000000014,6.474672317504883,1.055334816288174,90,1.0,5.0,0.6,0.0,0.0,0.017708333333333326
chesca_reserve_contract_mesh,235,20,6,1,9.749500064498141,9.589500064498141,-0.16000000000000014,6.495446681976318,0.7365453837587816,90,1.0,5.0,0.6,0.0,0.0,0.0014583333333333208
chesca_reserve_contract_mesh,236,21,6,0,9.456123202911623,9.456123202911623,0.0,6.514059066772461,0.8237637533289617,90,0.0,6.0,0.6,0.0,0.0,0.0
chesca_reserve_contract_mesh,237,22,6,2,9.10871343183194,8.788713431831942,-0.3199999999999985,6.514059066772461,0.5656050239238005,90,2.0,4.0,0.55,0.0,0.0,0.002962962962962945
chesca_reserve_contract_mesh,238,23,6,0,9.93298465225877,9.932984652258773,1.7763568394002505e-15,6.514059066772461,0.8650972676852567,90,0.0,6.0,0.6,0.0,0.0,0.0
chesca_reserve_contract_mesh,239,24,6,0,10.73658286315146,10.73658286315146,0.0,6.600538730621338,1.0241440604331977,90,0.0,6.0,0.65,0.0,0.0,0.0
chesca_reserve_contract_mesh,240,1,6,0,9.660000397181122,9.660000397181122,0.0,6.667623043060303,0.8324372062997516,90,0.0,6.0,0.72,0.0,0.0,0.0
chesca_reserve_contract_mesh,241,2,6,0,8.431633441898642,8.431633441898642,0.0,6.702620506286621,0.23216900738523638,90,0.0,6.0,0.78,0.0,0.0,0.0
chesca_reserve_contract_mesh,242,3,6,6,6.718749421907017,7.594749421907016,0.8759999999999994,6.788759231567383,-0.290740959156911,90,0.0,5.0,0.8,0.0,0.040000000000000036,0.0479166666666667
chesca_reserve_contract_mesh,243,4,6,6,5.041764054804387,5.917764054804389,0.8760000000000012,6.857070446014404,-0.31032182789413687,90,0.0,2.0,0.85,0.0,0.040000000000000036,0.07888888888888891
chesca_reserve_contract_mesh,244,5,6,3,5.2182723116891685,5.6702723116891685,0.45199999999999996,6.788759231567383,-0.18984674618832043,90,0.0,1.0,0.8,0.0,0.040000000000000036,0.14666666666666664
chesca_reserve_contract_mesh,245,6,6,2,5.080007369755538,5.372007369755538,0.2919999999999998,6.788759231567383,-0.11556979622976721,90,0.0,0.0,0.75,0.09599999999999997,0.136,0.20533333333333337
chesca_reserve_contract_mesh,246,7,6,3,4.194105544590643,4.618105544590644,0.4240000000000004,6.788759231567383,-0.14250470870227772,90,0.0,0.0,0.7,0.19333333333333336,0.2333333333333334,0.2616666666666667
chesca_reserve_contract_mesh,247,8,6,4,4.102348050966962,4.686348050966963,0.5840000000000005,6.788759231567383,-0.15533837424264796,90,0.0,0.0,0.6,0.34124999999999994,0.38125,0.3841666666666667
chesca_reserve_contract_mesh,248,9,6,1,4.403343134176989,4.563343134176989,0.16000000000000014,6.788759231567383,-0.13096530045660432,90,0.0,0.0,0.5,0.392,0.43200000000000005,0.4803333333333333
chesca_reserve_contract_mesh,249,10,6,2,2.4722427539951806,2.7642427539951804,0.2919999999999998,6.857070446014404,-0.5698278640290578,90,0.0,0.0,0.6,0.2925,0.3325,0.37895833333333334
chesca_reserve_contract_mesh,250,11,6,1,0.2933119519833387,0.45331195198333873,0.16000000000000003,6.857070446014404,-0.21440798074293405,90,0.0,0.0,0.65,0.24285714285714277,0.2828571428571428,0.3304761904761904
chesca_reserve_contract_mesh,251,12,6,0,-0.03889467279970771,-0.03889467279970771,0.0,6.857070446014404,0.028455788091357452,90,0.0,0.0,0.65,0.24285714285714277,0.24285714285714277,0.32380952380952377
chesca_reserve_contract_mesh,252,13,6,6,2.941882700006319,2.0658827000063194,-0.8759999999999994,6.857070446014404,0.1398731092589713,90,6.0,0.0,0.7,0.14500000000000002,0.10499999999999998,0.21777777777777776
chesca_reserve_contract_mesh,253,14,6,6,3.455414280437008,2.5794142804370077,-0.8760000000000003,6.857070446014404,0.3000920954671613,90,6.0,0.0,0.7,0.04833333333333334,0.008333333333333304,0.20166666666666666
chesca_reserve_contract_mesh,254,15,6,3,4.8256543894425254,5.277654389442525,0.45199999999999996,6.857070446014404,-0.10262503527195645,90,0.0,1.0,0.7,0.0,0.040000000000000036,0.2455555555555556
chesca_reserve_contract_mesh,255,16,6,3,9.15191663592444,8.69991663592444,-0.45199999999999996,6.857070446014404,1.3015556677184148,90,3.0,2.0,0.65,0.0,0.0,0.16619047619047614
chesca_reserve_contract_mesh,256,17,6,6,7.271978401342288,8.147978401342288,0.8759999999999994,6.871614456176758,-0.31065644892869765,90,0.0,1.0,0.7,0.0,0.040000000000000036,0.15277777777777782
chesca_reserve_contract_mesh,257,18,6,4,8.055566346725215,7.471566346725215,-0.5839999999999996,6.871614456176758,0.5700522995117832,90,4.0,2.0,0.6,0.0,0.0,0.09520833333333328
chesca_reserve_contract_mesh,258,19,6,2,12.433528698277343,12.141528698277344,-0.29199999999999804,6.9152750968933105,1.90790738391892,90,2.0,4.0,0.6,0.0,0.0,0.019166666666666648
chesca_reserve_contract_mesh,259,20,6,0,10.1550330722332,10.1550330722332,0.0,6.971412181854248,0.8511498977776022,90,0.0,6.0,0.6,0.0,0.0,0.0
chesca_reserve_contract_mesh,260,21,6,0,9.783385007238943,9.783385007238943,0.0,6.971412181854248,0.8097664869092085,90,0.0,6.0,0.6,0.0,0.0,0.0
chesca_reserve_contract_mesh,261,22,6,6,8.186650294372754,9.062650294372753,0.8759999999999994,6.971412181854248,-0.20009686065820742,90,0.0,6.0,0.55,0.0,0.040000000000000036,0.040000000000000036
chesca_reserve_contract_mesh,262,23,6,0,8.944721759152252,8.94472175915225,-1.7763568394002505e-15,6.971412181854248,0.6156221745159505,90,0.0,6.0,0.6,0.0,0.0,0.0
chesca_reserve_contract_mesh,263,24,6,0,9.613194105120177,9.61319410512018,1.7763568394002505e-15,7.0141425132751465,0.6934161019357391,90,0.0,6.0,0.65,0.0,0.0,0.0
chesca_reserve_contract_mesh,264,1,6,0,9.265481467544465,9.265481467544467,1.7763568394002505e-15,7.0793585777282715,0.49663708954139496,90,0.0,6.0,0.72,0.0,0.0,0.0
chesca_reserve_contract_mesh,265,2,6,0,8.230260679807003,8.230260679807003,0.0,7.149481773376465,0.16377485984992712,90,0.0,6.0,0.78,0.0,0.0,0.0
chesca_reserve_contract_mesh,266,3,6,6,6.16732629894079,7.043326298940792,0.8760000000000012,7.190951347351074,-0.13806329948838753,90,0.0,5.0,0.8,0.0,0.040000000000000036,0.0479166666666667
chesca_reserve_contract_mesh,267,4,6,6,5.6169563273616365,6.492956327361637,0.8760000000000003,7.190951347351074,-0.10078709701814771,90,0.0,2.0,0.85,0.0,0.040000000000000036,0.07888888888888891
chesca_reserve_contract_mesh,268,5,6,2,4.797659856262551,5.089659856262551,0.2919999999999998,7.190951347351074,-0.17595544642888705,90,0.0,0.0,0.8,0.04749999999999999,0.08750000000000002,0.16374999999999998
chesca_reserve_contract_mesh,269,6,6,0,5.014767280883384,5.014767280883384,0.0,7.190951347351074,-0.046709185697530464,90,0.0,0.0,0.75,0.14400000000000002,0.14400000000000002,0.216
chesca_reserve_contract_mesh,270,7,6,0,3.3618461581059194,3.3618461581059194,0.0,7.190951347351074,-0.05941532312903924,90,0.0,0.0,0.7,0.19333333333333336,0.19333333333333336,0.2738888888888889
chesca_reserve_contract_mesh,271,8,6,6,3.573031503370925,2.6970315033709245,-0.8760000000000003,7.190951347351074,0.12059773391690118,90,6.0,0.0,0.6,0.24375000000000002,0.20375,0.325625
chesca_reserve_contract_mesh,272,9,6,6,2.9031921373143583,2.0271921373143584,-0.8759999999999999,7.190951347351074,0.16852011715135262,90,6.0,0.0,0.5,0.44100000000000006,0.401,0.4336666666666667
chesca_reserve_contract_mesh,273,10,6,5,4.973590074712002,4.229590074712001,-0.7440000000000007,7.190951347351074,0.24590623325756694,90,5.0,1.0,0.6,0.0,0.0,0.27541666666666664
chesca_reserve_contract_mesh,274,11,6,6,3.13827062947619,2.2622706294761907,-0.8759999999999994,7.190951347351074,0.10279897223523224,90,6.0,0.0,0.65,0.09714285714285709,0.05714285714285705,0.23523809523809516
chesca_reserve_contract_mesh,275,12,6,6,3.6136844238056858,2.7376844238056854,-0.8760000000000003,7.190951347351074,0.1410343970325596,90,6.0,0.0,0.65,0.14571428571428569,0.10571428571428565,0.23523809523809516
chesca_reserve_contract_mesh,276,13,6,5,5.204690591036026,4.4886905910360255,-0.7160000000000002,7.190951347351074,0.38877105861558614,90,5.0,1.0,0.7,0.0,0.0,0.16
chesca_reserve_contract_mesh,277,14,6,5,4.338854652804915,3.6228546528049144,-0.7160000000000002,7.190951347351074,0.29510275732055086,90,5.0,1.0,0.7,0.0,0.0,0.1761111111111111
chesca_reserve_contract_mesh,278,15,6,5,4.7044331388915195,3.9884331388915193,-0.7160000000000002,7.190951347351074,0.2819447056140012,90,5.0,1.0,0.7,0.0,0.0,0.18416666666666667
chesca_reserve_contract_mesh,279,16,6,4,8.27506108068735,7.719061080687349,-0.556,7.190951347351074,0.42714487269690576,90,4.0,2.0,0.65,0.0,0.0,0.14333333333333326
chesca_reserve_contract_mesh,280,17,6,3,7.876849439268881,7.480849439268881,-0.3959999999999999,7.190951347351074,0.10887996594759151,90,3.0,3.0,0.7,0.0,0.0,0.04444444444444443
chesca_reserve_contract_mesh,281,18,6,1,10.361300405775033,10.229300405775033,-0.13199999999999967,7.224313735961914,1.020473197162559,90,1.0,5.0,0.6,0.0,0.0,0.017708333333333326
chesca_reserve_contract_mesh,282,19,6,0,12.944348095696093,12.944348095696093,0.0,7.254034996032715,1.8715575159210767,90,0.0,6.0,0.6,0.0,0.0,0.0
chesca_reserve_contract_mesh,283,20,6,0,10.846243440662954,10.846243440662954,0.0,7.254034996032715,0.8170223919472878,90,0.0,6.0,0.6,0.0,0.0,0.0
chesca_reserve_contract_mesh,284,21,6,0,11.219046879258572,11.21904687925857,-1.7763568394002505e-15,7.254034996032715,0.8904520392941688,90,0.0,6.0,0.6,0.0,0.0,0.0
chesca_reserve_contract_mesh,285,22,6,1,10.585600613949326,10.425600613949326,-0.16000000000000014,7.3010759353637695,0.3888226570192804,90,1.0,5.0,0.55,0.0,0.0,0.0014814814814814725
chesca_reserve_contract_mesh,286,23,6,0,10.160056742085775,10.160056742085777,1.7763568394002505e-15,7.358127117156982,-0.04924288885302944,90,0.0,6.0,0.6,0.0,0.0,0.0
chesca_reserve_contract_mesh,287,24,6,0,9.632813500981204,9.632813500981204,0.0,7.387517929077148,0.5938825961560557,90,0.0,6.0,0.65,0.0,0.0,0.0
chesca_reserve_contract_mesh,288,1,6,0,8.138350652586453,8.138350652586452,-1.7763568394002505e-15,7.394842624664307,0.08436576216779268,90,0.0,6.0,0.72,0.0,0.0,0.0
chesca_reserve_contract_mesh,289,2,6,0,7.967764033788444,7.967764033788445,8.881784197001252e-16,7.414646148681641,0.1550264598028729,90,0.0,6.0,0.78,0.0,0.0,0.0
chesca_reserve_contract_mesh,290,3,6,0,7.1180943601239575,7.118094360123958,8.881784197001252e-16,7.459446430206299,-0.018175048100308802,90,0.0,6.0,0.8,0.0,0.0,0.0
chesca_reserve_contract_mesh,291,4,6,0,7.1240065138617465,7.124006513861747,8.881784197001252e-16,7.459446430206299,0.09642656837947483,90,0.0,6.0,0.85,0.0,0.0,0.0
chesca_reserve_contract_mesh,292,5,6,0,5.1287919347612,5.1287919347612,0.0,7.459446430206299,-0.02639743476291706,90,0.0,0.0,0.8,0.04749999999999999,0.04749999999999999,0.07916666666666665
chesca_reserve_contract_mesh,293,6,6,5,6.222867025787924,5.478867025787924,-0.7439999999999998,7.459446430206299,0.17073914243514635,90,5.0,1.0,0.75,0.0,0.0,0.07866666666666662
chesca_reserve_contract_mesh,294,7,6,6,5.04356588553043,4.167565885530431,-0.8759999999999994,7.414646148681641,0.1903031015019308,90,6.0,0.0,0.7,0.04833333333333334,0.008333333333333304,0.10499999999999998
chesca_reserve_contract_mesh,295,8,6,6,4.486502536544269,3.6105025365442702,-0.875999999999999,7.414646148681641,0.1610316347104045,90,6.0,0.0,0.6,0.14625,0.10624999999999996,0.21187499999999995
chesca_reserve_contract_mesh,296,9,6,6,3.224808944784349,2.3488089447843485,-0.8760000000000003,7.414646148681641,0.15933158943776937,90,6.0,0.0,0.5,0.245,0.20499999999999996,0.3193333333333333
chesca_reserve_contract_mesh,297,10,6,6,2.2641154498535085,1.3881154498535084,-0.8760000000000001,7.414646148681641,0.2400512345889888,90,6.0,0.0,0.6,0.04874999999999996,0.008749999999999925,0.21999999999999997
chesca_reserve_contract_mesh,298,11,6,5,3.328899100752093,2.584899100752093,-0.7440000000000002,7.414646148681641,0.2221499683303531,90,5.0,1.0,0.65,0.0,0.0,0.17714285714285713
chesca_reserve_contract_mesh,299,12,6,4,5.208179844832121,4.624179844832121,-0.5839999999999996,7.414646148681641,0.41710142525676897,90,4.0,2.0,0.65,0.0,0.0,0.17571428571428563
chesca_reserve_contract_mesh,300,13,6,4,5.436149873499344,4.852149873499344,-0.5840000000000005,7.414646148681641,0.11430454774495127,90,4.0,2.0,0.7,0.0,0.0,0.12638888888888888
chesca_reserve_contract_mesh,301,14,6,4,5.174389871088387,4.618389871088386,-0.5560000000000009,7.414646148681641,0.2945465245710299,90,4.0,2.0,0.7,0.0,0.0,0.12638888888888888
chesca_reserve_contract_mesh,302,15,6,3,7.599924463716366,7.175924463716367,-0.4239999999999995,7.394842624664307,0.32106748985678923,90,3.0,3.0,0.7,0.0,0.0,0.10888888888888888
chesca_reserve_contract_mesh,303,16,6,3,8.432629270658946,8.008629270658947,-0.4239999999999995,7.394842624664307,0.39604986234214723,90,3.0,3.0,0.65,0.0,0.0,0.09333333333333331
chesca_reserve_contract_mesh,304,17,6,2,11.47914825947744,11.215148259477441,-0.26399999999999935,7.394842624664307,1.4808623136775756,90,2.0,4.0,0.7,0.0,0.0,0.026944444444444438
chesca_reserve_contract_mesh,305,18,6,2,9.753165864180458,9.461165864180456,-0.2920000000000016,7.414646148681641,0.6644362641363252,90,2.0,4.0,0.6,0.0,0.0,0.02729166666666664
chesca_reserve_contract_mesh,306,19,6,1,12.594711943943542,12.462711943943543,-0.13199999999999967,7.459446430206299,1.65891423381513,90,1.0,5.0,0.6,0.0,0.0,0.0014583333333333208
chesca_reserve_contract_mesh,307,20,6,0,13.19402988445223,13.19402988445223,0.0,7.527777671813965,1.3923269417354698,90,0.0,6.0,0.6,0.0,0.0,0.0
chesca_reserve_contract_mesh,308,21,6,0,9.98925127249602,9.98925127249602,0.0,7.527777671813965,0.6294268020535345,90,0.0,6.0,0.6,0.0,0.0,0.0
chesca_reserve_contract_mesh,309,22,6,0,7.838414100236952,7.838414100236951,-8.881784197001252e-16,7.592113018035889,0.05945135393555623,90,0.0,5.0,0.55,0.0,0.0,0.008148148148148146
chesca_reserve_contract_mesh,310,23,6,0,9.126908306267671,9.126908306267673,1.7763568394002505e-15,7.592113018035889,0.6732969301354691,90,0.0,6.0,0.6,0.0,0.0,0.0
chesca_reserve_contract_mesh,311,24,6,0,9.238547029738008,9.238547029738008,0.0,7.645015716552734,0.48667221044373477,90,0.0,6.0,0.65,0.0,0.0,0.0
chesca_reserve_contract_mesh,312,1,6,0,8.987324594681013,8.987324594681013,0.0,7.645015716552734,0.40722664935654074,90,0.0,6.0,0.72,0.0,0.0,0.0
chesca_reserve_contract_mesh,313,2,6,0,8.871140938225942,8.871140938225942,0.0,7.683316707611084,0.3694876707156447,90,0.0,6.0,0.78,0.0,0.0,0.0
chesca_reserve_contract_mesh,314,3,6,6,6.287793116629942,7.163793116629942,0.8760000000000003,7.717221736907959,-0.09551582553207551,90,0.0,6.0,0.8,0.0,0.040000000000000036,0.040000000000000036
chesca_reserve_contract_mesh,315,4,6,0,5.625844741690337,5.625844741690338,8.881784197001252e-16,7.717221736907959,-0.01665885120327759,90,0.0,4.0,0.85,0.0,0.0,0.015555555555555545
chesca_reserve_contract_mesh,316,5,6,0,4.893150014788262,4.893150014788262,0.0,7.717221736907959,0.06706884607520214,90,0.0,0.0,0.8,0.04749999999999999,0.04749999999999999,0.09499999999999997
chesca_reserve_contract_mesh,317,6,6,6,5.344909582412924,4.468909582412923,-0.8760000000000003,7.717221736907959,0.09366048227448256,90,6.0,0.0,0.75,0.09599999999999997,0.05599999999999994,0.12799999999999995
chesca_reserve_contract_mesh,318,7,6,6,5.206749362853072,4.330749362853073,-0.8759999999999994,7.717221736907959,0.13174896884129728,90,6.0,0.0,0.7,0.09666666666666668,0.05666666666666664,0.15333333333333332
chesca_reserve_contract_mesh,319,8,6,6,4.938867973000852,4.062867973000852,-0.8759999999999994,7.717221736907959,0.1334037704153602,90,6.0,0.0,0.6,0.14625,0.10624999999999996,0.23624999999999996
chesca_reserve_contract_mesh,320,9,6,0,3.2526934421480873,3.2526934421480873,0.0,7.717221736907959,0.028302291452248413,90,0.0,0.0,0.5,0.09799999999999998,0.09799999999999998,0.3511666666666666
chesca_reserve_contract_mesh,321,10,6,5,4.340304106932328,3.5963041069323265,-0.7440000000000011,7.717221736907959,0.20042548922759462,90,5.0,1.0,0.6,0.0,0.0,0.24291666666666667
chesca_reserve_contract_mesh,322,11,6,4,3.6733008086492855,3.0893008086492855,-0.5840000000000001,7.717221736907959,0.13077354476966055,90,4.0,2.0,0.65,0.0,0.0,0.19999999999999996
chesca_reserve_contract_mesh,323,12,6,4,4.659796549683888,4.075796549683888,-0.5839999999999996,7.683316707611084,0.14922381138426846,90,4.0,2.0,0.65,0.0,0.0,0.19999999999999996
chesca_reserve_contract_mesh,324,13,6,4,5.434280886908147,4.8502808869081475,-0.5839999999999996,7.683316707611084,0.10752577276310368,90,4.0,2.0,0.7,0.0,0.0,0.16666666666666666
chesca_reserve_contract_mesh,325,14,6,4,4.990616250805356,4.406616250805357,-0.5839999999999996,7.683316707611084,0.12381505047182598,90,4.0,2.0,0.7,0.0,0.0,0.1425
chesca_reserve_contract_mesh,326,15,6,4,4.874900037110459,4.290900037110458,-0.5840000000000005,7.683316707611084,0.3222560935438562,90,4.0,2.0,0.7,0.0,0.0,0.1425
chesca_reserve_contract_mesh,327,16,6,4,6.691565771567319,6.107565771567319,-0.5840000000000005,7.683316707611084,0.6201963371861259,90,4.0,2.0,0.65,0.0,0.0,0.12714285714285709
chesca_reserve_contract_mesh,328,17,6,3,10.013529341846185,9.589529341846186,-0.4239999999999995,7.683316707611084,1.2275323126823414,90,3.0,3.0,0.7,0.0,0.0,0.03638888888888888
chesca_reserve_contract_mesh,329,18,6,2,15.327126704978584,15.035126704978582,-0.2920000000000016,7.683316707611084,2.7412387259591844,90,2.0,4.0,0.6,0.0,0.0,0.043541666666666645
chesca_reserve_contract_mesh,330,19,6,1,12.974138314343438,12.814138314343436,-0.16000000000000192,7.683316707611084,0.7058251599499925,90,1.0,5.0,0.6,0.0,0.0,0.0014583333333333208
chesca_reserve_contract_mesh,331,20,6,0,11.328305361388852,11.328305361388852,0.0,7.683316707611084,0.8900428084717161,90,0.0,6.0,0.6,0.0,0.0,0.0
chesca_reserve_contract_mesh,332,21,6,0,11.102965551980173,11.102965551980173,0.0,7.717221736907959,0.9047651967800721,90,0.0,6.0,0.6,0.0,0.0,0.0
chesca_reserve_contract_mesh,333,22,6,1,10.573605206793776,10.413605206793775,-0.16000000000000014,7.717221736907959,0.8072668629044552,90,1.0,5.0,0.55,0.0,0.0,0.0014814814814814725
chesca_reserve_contract_mesh,334,23,6,0,11.481694481386997,11.481694481386997,0.0,7.7690229415893555,1.207347566461894,90,0.0,6.0,0.6,0.0,0.0,0.0
chesca_reserve_contract_mesh,335,24,6,0,9.816003351160061,9.816003351160061,0.0,7.7690229415893555,0.5180157180613467,90,0.0,6.0,0.65,0.0,0.0,0.0
chesca_reserve_contract_mesh,336,1,6,0,10.332283436407732,10.332283436407732,0.0,7.809012413024902,0.7683155702014003,90,0.0,6.0,0.72,0.0,0.0,0.0
chesca_reserve_contract_mesh,337,2,6,0,10.448114136389975,10.448114136389975,0.0,7.8271684646606445,0.8017366208899334,90,0.0,6.0,0.78,0.0,0.0,0.0
chesca_reserve_contract_mesh,338,3,6,0,8.41379089786685,8.41379089786685,0.0,7.847276210784912,0.14284629732798904,90,0.0,6.0,0.8,0.0,0.0,0.0
chesca_reserve_contract_mesh,339,4,6,0,7.168140762706118,7.168140762706118,0.0,7.902600288391113,0.06279250522907318,90,0.0,6.0,0.85,0.0,0.0,0.0
chesca_reserve_contract_mesh,340,5,6,4,6.18881038282519,5.6048103828251925,-0.5839999999999979,7.902600288391113,0.10060506477054343,90,4.0,2.0,0.8,0.0,0.0,0.036666666666666625
chesca_reserve_contract_mesh,341,6,6,3,6.512950711081728,6.060950711081727,-0.45200000000000085,7.902600288391113,0.08971125359613762,90,3.0,3.0,0.75,0.0,0.0,0.01999999999999998
chesca_reserve_contract_mesh,342,7,6,5,6.023607831439777,5.279607831439776,-0.7440000000000007,7.902600288391113,0.20589421974751673,90,5.0,1.0,0.7,0.0,0.0,0.03111111111111109
chesca_reserve_contract_mesh,343,8,6,0,5.220956639962894,5.220956639962894,0.0,7.902600288391113,0.013341280809042622,90,0.0,0.0,0.6,0.09750000000000003,0.09750000000000003,0.17062500000000003
chesca_reserve_contract_mesh,344,9,6,5,4.311746603494584,5.0277466034945855,0.7160000000000011,7.954533576965332,-0.28913913234337996,90,0.0,0.0,0.5,0.19599999999999995,0.236,0.34366666666666673
chesca_reserve_contract_mesh,345,10,6,4,2.978040660495962,3.5340406604959615,0.5559999999999996,7.954533576965332,-0.08958496948423177,90,0.0,0.0,0.6,0.09750000000000003,0.13750000000000007,0.29479166666666673
chesca_reserve_contract_mesh,346,11,6,2,2.9678336823683438,2.6478336823683444,-0.3199999999999994,7.954533576965332,0.08429014776784566,90,2.0,1.0,0.65,0.0,0.0,0.23761904761904754
chesca_reserve_contract_mesh,347,12,6,5,2.895084107314662,2.1790841073146616,-0.7160000000000002,7.954533576965332,0.09061092749962857,90,5.0,1.0,0.65,0.0,0.0,0.21761904761904757
chesca_reserve_contract_mesh,348,13,6,5,4.446086066382264,3.7300860663822637,-0.7160000000000006,7.954533576965332,0.3338299200317263,90,5.0,1.0,0.7,0.0,0.0,0.15194444444444444
chesca_reserve_contract_mesh,349,14,6,5,3.343998688022745,2.6279986880227453,-0.7159999999999997,7.954533576965332,0.15965133019756195,90,5.0,1.0,0.7,0.0,0.0,0.16805555555555554
chesca_reserve_contract_mesh,350,15,6,5,4.845521693917614,4.129521693917614,-0.7160000000000002,7.954533576965332,0.2700050973300968,90,5.0,1.0,0.7,0.0,0.0,0.1761111111111111
chesca_reserve_contract_mesh,351,16,6,4,7.038514458726997,6.454514458726996,-0.5840000000000014,7.954533576965332,0.6105930057771952,90,4.0,2.0,0.65,0.0,0.0,0.14333333333333328
chesca_reserve_contract_mesh,352,17,6,3,9.30197104501335,8.87797104501335,-0.4239999999999995,7.954533576965332,0.9550859195271367,90,3.0,3.0,0.7,0.0,0.0,0.03638888888888888
chesca_reserve_contract_mesh,353,18,6,2,10.059557296085615,9.767557296085613,-0.2920000000000016,8.01169490814209,0.8736443007609875,90,2.0,4.0,0.6,0.0,0.0,0.011041666666666653
chesca_reserve_contract_mesh,354,19,6,0,13.39876955280354,13.39876955280354,0.0,8.098967552185059,1.6748862862865306,90,0.0,6.0,0.6,0.0,0.0,0.0
chesca_reserve_contract_mesh,355,20,6,0,12.960194475843858,12.960194475843858,0.0,8.098967552185059,1.2805933152157831,90,0.0,6.0,0.6,0.0,0.0,0.0
chesca_reserve_contract_mesh,356,21,6,0,11.485228794968922,11.485228794968922,0.0,8.098967552185059,0.9051787223022172,90,0.0,6.0,0.6,0.0,0.0,0.0
chesca_reserve_contract_mesh,357,22,6,6,7.92371506187651,8.79971506187651,0.8760000000000003,8.228992462158203,-0.10354650986318531,90,0.0,5.0,0.55,0.0,0.040000000000000036,0.04814814814814818
chesca_reserve_contract_mesh,358,23,6,0,10.215761200371526,10.215761200371526,0.0,8.237513542175293,0.7000178229767686,90,0.0,6.0,0.6,0.0,0.0,0.0
chesca_reserve_contract_mesh,359,24,6,0,9.426467685647975,9.426467685647976,1.7763568394002505e-15,8.346410751342773,0.30992418790624077,90,0.0,6.0,0.65,0.0,0.0,0.0
chesca_reserve_contract_mesh,360,1,6,0,9.60545263844601,9.60545263844601,0.0,8.510263442993164,0.24538944429303045,90,0.0,6.0,0.72,0.0,0.0,0.0
chesca_reserve_contract_mesh,361,2,6,0,9.761530560957311,9.761530560957311,0.0,8.688305854797363,0.18815443964500045,90,0.0,6.0,0.78,0.0,0.0,0.0
chesca_reserve_contract_mesh,362,3,6,6,7.886573933324575,8.762573933324575,0.8759999999999994,8.688305854797363,-0.14466590333116386,90,0.0,6.0,0.8,0.0,0.040000000000000036,0.040000000000000036
chesca_reserve_contract_mesh,363,4,6,6,5.467247972103779,6.343247972103779,0.8759999999999994,8.688305854797363,-0.28520467587249654,90,0.0,2.0,0.85,0.0,0.040000000000000036,0.07111111111111112
chesca_reserve_contract_mesh,364,5,6,2,5.440932950827407,5.732932950827407,0.2919999999999998,8.688305854797363,-0.1044086289758562,90,0.0,0.0,0.8,0.09499999999999997,0.135,0.17166666666666663
chesca_reserve_contract_mesh,365,6,6,0,5.444843133514286,5.444843133514286,0.0,8.688305854797363,-0.016778589620379265,90,0.0,0.0,0.75,0.14400000000000002,0.14400000000000002,0.216
chesca_reserve_contract_mesh,366,7,6,0,4.065855923766781,4.065855923766782,8.881784197001252e-16,8.688305854797363,-0.007381852806904815,90,0.0,0.0,0.7,0.19333333333333336,0.19333333333333336,0.26583333333333337
chesca_reserve_contract_mesh,367,8,6,6,4.511609421542039,3.6356094215420396,-0.875999999999999,8.688305854797363,0.09793807766869139,90,6.0,0.0,0.6,0.2925,0.25249999999999995,0.31749999999999995
chesca_reserve_contract_mesh,368,9,6,6,3.6631337698546163,2.787133769854616,-0.8760000000000003,8.688305854797363,0.08595340024983568,90,6.0,0.0,0.5,0.34299999999999997,0.30299999999999994,0.4091666666666667
chesca_reserve_contract_mesh,384,1,6,0,28.04427751950599,28.04427751950599,0.0,8.01169490814209,6.439204847981861,90,0.0,6.0,0.72,-0.038009555339813206,-0.038009555339813206,-0.018062259356180815
chesca_reserve_contract_mesh,385,2,6,6,12.06604038287905,12.94204038287905,0.8759999999999994,8.098967552185059,-0.3015614041097905,90,0.0,6.0,0.78,0.0,0.040000000000000036,0.040000000000000036
chesca_reserve_contract_mesh,386,3,6,6,7.489390904204898,8.365390904204899,0.8760000000000012,8.151237487792969,-0.33873403829104953,90,0.0,6.0,0.8,0.0,0.040000000000000036,0.040000000000000036
chesca_reserve_contract_mesh,387,4,6,6,7.0166799747563395,7.892679974756339,0.8759999999999994,8.237513542175293,-0.15205421822823462,90,0.0,6.0,0.85,0.0,0.040000000000000036,0.040000000000000036
chesca_reserve_contract_mesh,388,5,6,6,6.129808497580872,7.005808497580872,0.8759999999999994,8.342827796936035,-0.170946864472992,90,0.0,0.0,0.8,0.04749999999999999,0.08750000000000002,0.11125000000000002
chesca_reserve_contract_mesh,389,6,6,4,5.405328570975916,5.989328570975917,0.5840000000000005,8.378495216369629,-0.20325812094246123,90,0.0,0.0,0.75,0.09599999999999997,0.136,0.21066666666666667
chesca_reserve_contract_mesh,390,7,6,1,3.468680585134067,3.6286805851340667,0.1599999999999997,8.378495216369629,-0.1141466120927596,90,0.0,0.0,0.7,0.2416666666666667,0.28166666666666673,0.28861111111111115
chesca_reserve_contract_mesh,391,8,6,0,3.2264440497117697,3.226444049711769,-8.881784197001252e-16,8.378495216369629,-0.04197457812956946,90,0.0,0.0,0.6,0.39,0.39,0.39000000000000007
chesca_reserve_contract_mesh,392,9,6,0,1.7836630600237153,1.7836630600237156,2.220446049250313e-16,8.342827796936035,-0.08348371940212894,90,0.0,0.0,0.5,0.44100000000000006,0.44100000000000006,0.48183333333333334
chesca_reserve_contract_mesh,393,10,6,0,1.0910859630567196,1.0910859630567198,2.220446049250313e-16,8.342827796936035,-0.06283157265836829,90,0.0,0.0,0.6,0.39,0.39,0.39000000000000007
chesca_reserve_contract_mesh,394,11,6,0,3.266277623283367,3.2662776232833663,-4.440892098500626e-16,8.342827796936035,0.030558967862594773,90,0.0,0.0,0.65,0.15428571428571425,0.15428571428571425,0.29285714285714276
chesca_reserve_contract_mesh,395,12,6,0,5.403537882527476,5.403537882527476,0.0,8.342827796936035,-0.08141402695340016,90,0.0,1.0,0.65,0.0,0.0,0.25095238095238087
chesca_reserve_contract_mesh,396,13,6,4,5.182330725694886,5.794330725694887,0.612000000000001,8.342827796936035,-0.13041787203614666,90,0.0,1.0,0.7,0.0,0.040000000000000036,0.1958333333333334
chesca_reserve_contract_mesh,397,14,6,0,4.854344982374513,4.854344982374513,0.0,8.342827796936035,0.0005430513365739416,90,0.0,0.0,0.7,0.04833333333333334,0.04833333333333334,0.17722222222222225
chesca_reserve_contract_mesh,398,15,6,4,6.253695623010318,5.697695623010318,-0.5559999999999992,8.342827796936035,0.1436314152512839,90,4.0,2.0,0.7,0.0,0.0,0.11833333333333333
chesca_reserve_contract_mesh,399,16,6,4,8.605472269932655,8.049472269932656,-0.5559999999999992,8.342827796936035,0.5166831981196675,90,4.0,2.0,0.65,0.0,0.0,0.07047619047619043
chesca_reserve_contract_mesh,400,17,6,0,12.409312134550468,12.40931213455047,1.7763568394002505e-15,8.237513542175293,1.5737507827827137,90,0.0,6.0,0.7,0.0,0.0,0.0
chesca_reserve_contract_mesh,401,18,6,0,12.654685685447266,12.654685685447266,0.0,8.342827796936035,1.3220687769239545,90,0.0,6.0,0.6,0.0,0.0,0.0
chesca_reserve_contract_mesh,402,19,6,0,15.428327190525485,15.428327190525486,1.7763568394002505e-15,8.378495216369629,1.5944981137571366,90,0.0,6.0,0.6,0.0,0.0,0.0
chesca_reserve_contract_mesh,403,20,6,0,12.134249938948077,12.134249938948079,1.7763568394002505e-15,8.378495216369629,0.32365456801416487,90,0.0,6.0,0.6,0.0,0.0,0.0
chesca_reserve_contract_mesh,404,21,6,0,11.349120668807103,11.349120668807101,-1.7763568394002505e-15,8.378495216369629,0.6660063550981498,90,0.0,6.0,0.6,0.0,0.0,0.0
chesca_reserve_contract_mesh,405,22,6,1,10.09458718873776,9.934587188737762,-0.15999999999999837,8.378495216369629,0.22021550791012323,90,1.0,5.0,0.55,0.0,0.0,0.0014814814814814725
chesca_reserve_contract_mesh,406,23,6,0,9.921797450387047,9.921797450387047,0.0,8.363224029541016,0.40771601238285543,90,0.0,6.0,0.6,0.0,0.0,0.0
chesca_reserve_contract_mesh,407,24,6,0,9.479931229173571,9.479931229173571,0.0,8.363224029541016,0.1918957838443753,90,0.0,6.0,0.65,0.0,0.0,0.0
chesca_reserve_contract_mesh,408,1,6,0,10.170421241025796,10.170421241025796,0.0,8.363224029541016,0.25453728133065795,90,0.0,6.0,0.72,0.0,0.0,0.0
chesca_reserve_contract_mesh,409,2,6,6,8.062619493256625,8.938619493256626,0.8760000000000012,8.363224029541016,-0.2421966534400986,90,0.0,6.0,0.78,0.0,0.040000000000000036,0.040000000000000036
chesca_reserve_contract_mesh,410,3,6,6,6.165361267479307,7.041361267479306,0.8759999999999986,8.378495216369629,-0.24820142828399583,90,0.0,4.0,0.8,0.0,0.040000000000000036,0.05583333333333337
chesca_reserve_contract_mesh,411,4,6,6,6.1523610663321575,7.028361066332157,0.8759999999999994,8.378495216369629,-0.1294373289355783,90,0.0,3.0,0.85,0.0,0.040000000000000036,0.07888888888888894
chesca_reserve_contract_mesh,412,5,6,3,5.4243331140636455,5.876333114063646,0.45200000000000085,8.378495216369629,-0.2243320751124503,90,0.0,1.0,0.8,0.0,0.040000000000000036,0.14666666666666664
chesca_reserve_contract_mesh,413,6,6,3,5.390416498254496,5.814416498254497,0.4240000000000004,8.378495216369629,-0.1963099241951498,90,0.0,0.0,0.75,0.04800000000000004,0.08800000000000008,0.19600000000000004
chesca_reserve_contract_mesh,414,7,6,2,4.920552089227953,5.2125520892279535,0.2920000000000007,8.378495216369629,-0.09713562778957127,90,0.0,0.0,0.7,0.14500000000000002,0.18500000000000005,0.2630555555555556
chesca_reserve_contract_mesh,415,8,6,0,3.971392505363548,3.971392505363548,0.0,8.378495216369629,-0.07955170064625677,90,0.0,0.0,0.6,0.2925,0.2925,0.3575
chesca_reserve_contract_mesh,416,9,6,0,2.5810244110665908,2.5810244110665908,0.0,8.378495216369629,-0.05068186569569201,90,0.0,0.0,0.5,0.392,0.392,0.4573333333333333
chesca_reserve_contract_mesh,417,10,6,0,2.8143927829769475,2.8143927829769475,0.0,8.378495216369629,0.006654439801881162,90,0.0,0.0,0.6,0.2925,0.2925,0.36562500000000003
chesca_reserve_contract_mesh,418,11,6,0,3.537151893147585,3.5371518931475854,4.440892098500626e-16,8.378495216369629,-0.01077562529662129,90,0.0,0.0,0.65,0.19428571428571428,0.19428571428571428,0.2995238095238095
chesca_reserve_contract_mesh,419,12,6,0,2.988261758047848,2.988261758047848,0.0,8.378495216369629,0.054051575941663946,90,0.0,0.0,0.65,0.14571428571428569,0.14571428571428569,0.28333333333333327
chesca_reserve_contract_mesh,420,13,6,5,4.534583556228445,3.8185835562284445,-0.7160000000000006,8.378495216369629,0.09463018698925388,90,5.0,1.0,0.7,0.0,0.0,0.16
chesca_reserve_contract_mesh,421,14,6,0,4.275409896177802,4.275409896177802,0.0,8.378495216369629,-0.06924630899669396,90,0.0,1.0,0.7,0.0,0.0,0.20138888888888892
chesca_reserve_contract_mesh,422,15,6,5,5.128386273694354,4.412386273694355,-0.7159999999999993,8.378495216369629,0.1615600167210594,90,5.0,1.0,0.7,0.0,0.0,0.16805555555555554
chesca_reserve_contract_mesh,423,16,6,4,7.739369639331061,7.15536963933106,-0.5840000000000005,8.378495216369629,0.6097263769699589,90,4.0,2.0,0.65,0.0,0.0,0.15952380952380948
chesca_reserve_contract_mesh,424,17,6,3,8.800291464247511,8.376291464247512,-0.4239999999999995,8.363224029541016,0.5805107267924626,90,3.0,3.0,0.7,0.0,0.0,0.06055555555555555
chesca_reserve_contract_mesh,425,18,6,2,11.147755010840646,10.855755010840648,-0.29199999999999804,8.363224029541016,1.0799725623360519,90,2.0,4.0,0.6,0.0,0.0,0.03541666666666665
chesca_reserve_contract_mesh,426,19,6,1,13.319280103600796,13.187280103600797,-0.13199999999999967,8.378495216369629,1.2093815368646976,90,1.0,5.0,0.6,0.0,0.0,0.0014583333333333208
chesca_reserve_contract_mesh,427,20,6,0,11.507601929483796,11.507601929483796,0.0,8.378495216369629,0.538879614191921,90,0.0,6.0,0.6,0.0,0.0,0.0
chesca_reserve_contract_mesh,428,21,6,0,10.207295417409503,10.207295417409503,0.0,8.378495216369629,0.29257020540548423,90,0.0,6.0,0.6,0.0,0.0,0.0
chesca_reserve_contract_mesh,429,22,6,6,8.060017939699621,8.936017939699623,0.8760000000000012,8.378495216369629,-0.0956847370679873,90,0.0,6.0,0.55,0.0,0.040000000000000036,0.040000000000000036
chesca_reserve_contract_mesh,430,23,6,0,8.720659467987678,8.720659467987678,0.0,8.378495216369629,0.03981108030229093,90,0.0,6.0,0.6,0.0,0.0,0.0
chesca_reserve_contract_mesh,431,24,6,6,8.276573278219075,9.152573278219075,0.8759999999999994,8.378495216369629,-0.17870332727142435,90,0.0,6.0,0.65,0.0,0.040000000000000036,0.040000000000000036
chesca_reserve_contract_mesh,432,1,6,6,7.919978024560856,8.795978024560856,0.8760000000000003,8.378495216369629,-0.11185947005961808,90,0.0,5.0,0.72,0.0,0.040000000000000036,0.04750000000000004
chesca_reserve_contract_mesh,433,2,6,6,6.354594446800199,7.230594446800199,0.8759999999999994,8.378495216369629,-0.33818191636818395,90,0.0,4.0,0.78,0.0,0.040000000000000036,0.06100000000000003
chesca_reserve_contract_mesh,434,3,6,6,4.92215872314561,5.79815872314561,0.8760000000000003,8.378495216369629,-0.34876899272460854,90,0.0,1.0,0.8,0.0,0.040000000000000036,0.10333333333333335
chesca_reserve_contract_mesh,435,4,6,4,4.990240746220692,5.574240746220693,0.5840000000000005,8.378495216369629,-0.2884317246772623,90,0.0,1.0,0.85,0.0,0.040000000000000036,0.11222222222222226
chesca_reserve_contract_mesh,436,5,6,1,4.192260264312368,4.352260264312367,0.15999999999999925,8.378495216369629,-0.34705672160037715,90,0.0,0.0,0.8,0.09499999999999997,0.135,0.1808333333333333
chesca_reserve_contract_mesh,437,6,6,1,5.4706908981665805,5.630690898166581,0.16000000000000014,8.378495216369629,-0.2791817389805833,90,0.0,0.0,0.75,0.09599999999999997,0.136,0.22266666666666668
chesca_reserve_contract_mesh,438,7,6,1,3.9898765302961348,4.149876530296135,0.16000000000000014,8.378495216369629,-0.25028268933791903,90,0.0,0.0,0.7,0.19333333333333336,0.2333333333333334,0.2805555555555556
chesca_reserve_contract_mesh,439,8,6,0,3.8959090231566,3.8959090231566,0.0,8.381796836853027,-0.6253703913510678,90,0.0,0.0,0.6,0.39,0.39,0.39000000000000007
chesca_reserve_contract_mesh,440,9,6,0,0.23691758054170198,0.23691758054170198,0.0,8.381796836853027,-0.3487325880308034,90,0.0,0.0,0.5,0.49,0.49,0.49000000000000005
chesca_reserve_contract_mesh,441,10,6,1,1.7014234246961035,1.8614234246961034,0.15999999999999992,8.381796836853027,-0.13941551186736112,90,0.0,0.0,0.6,0.34124999999999994,0.38125,0.38854166666666673
chesca_reserve_contract_mesh,442,11,6,0,0.40135830408773165,0.40135830408773165,0.0,8.381796836853027,-0.04411288285682069,90,0.0,0.0,0.65,0.33999999999999997,0.33999999999999997,0.3399999999999999
chesca_reserve_contract_mesh,443,12,6,6,1.9378437314590675,1.0618437314590683,-0.8759999999999992,8.381796836853027,0.11226610522585688,90,6.0,0.0,0.65,0.29142857142857137,0.25142857142857133,0.29190476190476183
chesca_reserve_contract_mesh,444,13,6,6,2.4387402119157846,1.5627402119157843,-0.8760000000000003,8.381796836853027,0.11150004258276991,90,6.0,0.0,0.7,0.19333333333333336,0.15333333333333332,0.22583333333333333
chesca_reserve_contract_mesh,445,14,6,6,3.243634552751978,2.3676345527519773,-0.8760000000000008,8.381796836853027,0.09463870633335647,90,6.0,0.0,0.7,0.04833333333333334,0.008333333333333304,0.20972222222222223
chesca_reserve_contract_mesh,446,15,6,3,4.864797227093446,5.316797227093445,0.45199999999999907,8.381796836853027,-0.11697921996106689,90,0.0,1.0,0.7,0.0,0.040000000000000036,0.2455555555555556
chesca_reserve_contract_mesh,447,16,6,5,6.391402333605003,5.675402333605004,-0.7159999999999993,8.381796836853027,0.09865535387723887,90,5.0,1.0,0.65,0.0,0.0,0.20952380952380945
chesca_reserve_contract_mesh,448,17,6,3,8.620597098310762,8.196597098310763,-0.4239999999999995,8.378495216369629,0.20905772488151725,90,3.0,3.0,0.7,0.0,0.0,0.06055555555555555
chesca_reserve_contract_mesh,449,18,6,1,11.709820155302152,11.577820155302152,-0.13199999999999967,8.378495216369629,0.8314350863151679,90,1.0,5.0,0.6,0.0,0.0,0.02583333333333332
chesca_reserve_contract_mesh,450,19,6,0,14.868029992844011,14.868029992844011,0.0,8.378495216369629,1.4882728587980931,90,0.0,6.0,0.6,0.0,0.0,0.0
chesca_reserve_contract_mesh,451,20,6,0,12.900135700383137,12.900135700383137,0.0,8.378495216369629,0.829928245344436,90,0.0,6.0,0.6,0.0,0.0,0.0
chesca_reserve_contract_mesh,452,21,6,0,11.862850587346946,11.862850587346946,0.0,8.378495216369629,0.6287352569617243,90,0.0,6.0,0.6,0.0,0.0,0.0
chesca_reserve_contract_mesh,453,22,6,0,9.783378311292577,9.783378311292577,0.0,8.378495216369629,0.1087392204173279,90,0.0,6.0,0.55,0.0,0.0,0.0
chesca_reserve_contract_mesh,454,23,6,0,9.941295879409651,9.941295879409653,1.7763568394002505e-15,8.378495216369629,0.2701736331420584,90,0.0,6.0,0.6,0.0,0.0,0.0
chesca_reserve_contract_mesh,455,24,6,0,9.740667033016114,9.740667033016114,0.0,8.378495216369629,0.0866477793516934,90,0.0,6.0,0.65,0.0,0.0,0.0
chesca_reserve_contract_mesh,456,1,6,0,10.09866968413651,10.09866968413651,0.0,8.378495216369629,0.11469630198846573,90,0.0,6.0,0.72,0.0,0.0,0.0
chesca_reserve_contract_mesh,457,2,6,6,7.998599645928055,8.874599645928056,0.8760000000000012,8.381796836853027,-0.2415205993785593,90,0.0,6.0,0.78,0.0,0.040000000000000036,0.040000000000000036
chesca_reserve_contract_mesh,458,3,6,6,6.806563046367319,7.682563046367318,0.8759999999999994,8.440797805786133,-0.3522996664129101,90,0.0,3.0,0.8,0.0,0.040000000000000036,0.06375000000000003
chesca_reserve_contract_mesh,459,4,6,6,6.296751776171511,7.172751776171509,0.8759999999999986,8.440797805786133,-0.314640629920669,90,0.0,3.0,0.85,0.0,0.040000000000000036,0.08666666666666673
chesca_reserve_contract_mesh,460,5,6,3,5.5196811031587725,5.943681103158773,0.4240000000000004,8.440797805786133,-0.4244997668875323,90,0.0,0.0,0.8,0.04749999999999999,0.08750000000000002,0.16249999999999998
chesca_reserve_contract_mesh,461,6,6,3,6.243113380784058,6.667113380784058,0.4240000000000004,8.440797805786133,-0.40537140450427733,90,0.0,0.0,0.75,0.04800000000000004,0.08800000000000008,0.18800000000000003
chesca_reserve_contract_mesh,462,7,6,4,5.722958051484493,6.306958051484493,0.5839999999999996,8.440797805786133,-0.14976655688957116,90,0.0,0.0,0.7,0.09666666666666668,0.13666666666666671,0.22000000000000006
chesca_reserve_contract_mesh,463,8,6,5,4.981310513887163,5.697310513887162,0.7159999999999993,8.440797805786133,-0.2576390383338474,90,0.0,0.0,0.6,0.19499999999999995,0.235,0.34208333333333335
chesca_reserve_contract_mesh,464,9,6,4,4.40893112863988,4.99293112863988,0.5839999999999996,8.440797805786133,-0.26818422346460324,90,0.0,0.0,0.5,0.34299999999999997,0.383,0.4676666666666667
chesca_reserve_contract_mesh,465,10,6,1,4.0591031980853245,4.219103198085325,0.16000000000000014,8.440797805786133,-0.1337000642576644,90,0.0,0.0,0.6,0.24375000000000002,0.28375000000000006,0.37229166666666674
chesca_reserve_contract_mesh,466,11,6,1,1.965195346714655,2.125195346714655,0.15999999999999992,8.440797805786133,-0.149204115885584,90,0.0,0.0,0.65,0.19428571428571428,0.23428571428571432,0.3223809523809524
chesca_reserve_contract_mesh,467,12,6,0,4.1627368960707365,4.1627368960707365,0.0,8.440797805786133,-0.07277402694300153,90,0.0,0.0,0.65,0.19428571428571428,0.19428571428571428,0.29142857142857137
chesca_reserve_contract_mesh,468,13,6,3,4.372341465544775,4.824341465544775,0.45199999999999996,8.440797805786133,-0.11306096642855229,90,0.0,0.0,0.7,0.09666666666666668,0.13666666666666671,0.23750000000000004
chesca_reserve_contract_mesh,469,14,6,0,5.145360612979862,5.145360612979861,-8.881784197001252e-16,8.440797805786133,-0.03779041924744153,90,0.0,0.0,0.7,0.04833333333333334,0.04833333333333334,0.2255555555555556
chesca_reserve_contract_mesh,470,15,6,0,5.676529760053735,5.676529760053735,0.0,8.440797805786133,-0.0506052045717981,90,0.0,1.0,0.7,0.0,0.0,0.2255555555555556
chesca_reserve_contract_mesh,471,16,6,0,6.7566344627566615,6.756634462756662,8.881784197001252e-16,8.440797805786133,0.03674979193778762,90,0.0,1.0,0.65,0.0,0.0,0.22666666666666666
chesca_reserve_contract_mesh,472,17,6,6,8.738278961254476,9.614278961254477,0.8760000000000012,8.561971664428711,-0.2448200194234859,90,0.0,2.0,0.7,0.0,0.040000000000000036,0.12861111111111115
chesca_reserve_contract_mesh,473,18,6,5,11.03592112447722,10.431409279126955,-0.6045118453502649,8.561971664428711,0.31578981004126283,90,5.0,1.0,0.6,0.0,0.0,0.06749999999999996
chesca_reserve_contract_mesh,474,19,6,1,11.914783146333612,11.78278314633361,-0.13200000000000145,8.561971664428711,0.7064349536648344,90,1.0,5.0,0.6,0.0,0.0,0.009583333333333333
chesca_reserve_contract_mesh,475,20,6,0,10.823390434722874,10.823390434722874,0.0,8.561971664428711,0.35687997235397295,90,0.0,6.0,0.6,0.0,0.0,0.0
chesca_reserve_contract_mesh,476,21,6,0,10.401203863890265,10.401203863890265,0.0,8.561971664428711,0.24902007926617709,90,0.0,6.0,0.6,0.0,0.0,0.0
chesca_reserve_contract_mesh,477,22,6,6,8.794273742352924,9.670273742352926,0.8760000000000012,8.561971664428711,-0.3109684920620192,90,0.0,5.0,0.55,0.0,0.040000000000000036,0.04814814814814818
chesca_reserve_contract_mesh,478,23,6,0,9.736828328073813,9.736828328073814,1.7763568394002505e-15,8.634732246398926,0.03455485388925511,90,0.0,6.0,0.6,0.0,0.0,0.0
chesca_reserve_contract_mesh,479,24,6,0,9.668597821583479,9.668597821583479,0.0,8.634732246398926,-0.006055007503172394,90,0.0,6.0,0.65,0.0,0.0,0.0
chesca_reserve_contract_mesh,480,1,6,0,10.413691256245734,10.413691256245734,0.0,8.634732246398926,0.2945868054817614,90,0.0,6.0,0.72,0.0,0.0,0.0
chesca_reserve_contract_mesh,481,2,6,6,9.156379419118784,10.032379419118781,0.8759999999999977,8.634732246398926,-0.3049815686611209,90,0.0,6.0,0.78,0.0,0.040000000000000036,0.040000000000000036
chesca_reserve_contract_mesh,482,3,6,6,8.27301667371651,9.14901667371651,0.8759999999999994,8.650484085083008,-0.09562058657731407,90,0.0,5.0,0.8,0.0,0.040000000000000036,0.05583333333333337
chesca_reserve_contract_mesh,483,4,6,5,6.936443375457532,7.6524433754575325,0.7160000000000002,8.660514831542969,-0.3296323293924487,90,0.0,5.0,0.85,0.0,0.040000000000000036,0.0566666666666667
chesca_reserve_contract_mesh,484,5,6,5,6.656778587110665,7.372778587110665,0.7160000000000002,8.660514831542969,-0.22960058514494053,90,0.0,2.0,0.8,0.0,0.040000000000000036,0.12041666666666667
chesca_reserve_contract_mesh,485,6,6,4,5.700318648490267,6.256318648490267,0.556,8.660514831542969,-0.1592782808506624,90,0.0,0.0,0.75,0.04800000000000004,0.08800000000000008,0.18666666666666668
chesca_reserve_contract_mesh,486,7,6,2,5.493524665421121,5.7855246654211205,0.2919999999999998,8.660514831542969,-0.13515277054890978,90,0.0,0.0,0.7,0.14500000000000002,0.18500000000000005,0.25500000000000006
chesca_reserve_contract_mesh,487,8,6,3,5.328780361976413,5.752780361976413,0.4239999999999995,8.660514831542969,-0.10212980999221595,90,0.0,0.0,0.6,0.2925,0.3325,0.3775
chesca_reserve_contract_mesh,488,9,6,0,2.9932943151225464,2.9932943151225464,0.0,8.660514831542969,-0.4151888524602052,90,0.0,0.0,0.5,0.49,0.49,0.49000000000000005
chesca_reserve_contract_mesh,489,10,6,1,1.8138981223497184,1.9458981223497185,0.13200000000000012,8.660514831542969,-0.2112397562142359,90,0.0,0.0,0.6,0.34124999999999994,0.38125,0.38854166666666673
chesca_reserve_contract_mesh,490,11,6,1,1.9761332865702683,2.108133286570268,0.13199999999999967,8.660514831542969,-0.11750430617340354,90,0.0,0.0,0.65,0.29142857142857137,0.3314285714285714,0.3385714285714285
chesca_reserve_contract_mesh,491,12,6,0,2.2744594562711136,2.2744594562711136,0.0,8.660514831542969,-0.1494294795704746,90,0.0,0.0,0.65,0.33999999999999997,0.33999999999999997,0.3399999999999999
chesca_reserve_contract_mesh,492,13,6,0,3.597998137785847,3.597998137785847,0.0,8.660514831542969,0.06903073538790913,90,0.0,0.0,0.7,0.2416666666666667,0.2416666666666667,0.2738888888888889
chesca_reserve_contract_mesh,493,14,6,0,3.322489777823239,3.322489777823239,0.0,8.660514831542969,-0.04339164576885419,90,0.0,0.0,0.7,0.19333333333333336,0.19333333333333336,0.25777777777777783
chesca_reserve_contract_mesh,494,15,6,0,5.514503323584665,5.514503323584665,0.0,8.660514831542969,0.038455555117647665,90,0.0,0.0,0.7,0.14500000000000002,0.14500000000000002,0.24972222222222226
chesca_reserve_contract_mesh,495,16,6,6,7.617342049379987,6.79120594268454,-0.8261361066954471,8.660514831542969,0.3641161136005482,90,6.0,0.0,0.65,0.09714285714285709,0.05714285714285705,0.18666666666666656
chesca_reserve_contract_mesh,496,17,6,3,9.072952784826692,8.648952784826692,-0.4239999999999995,8.660514831542969,0.35305908862859975,90,3.0,3.0,0.7,0.0,0.0,0.04444444444444443
chesca_reserve_contract_mesh,497,18,6,2,11.29340007804598,11.001400078045979,-0.2920000000000016,8.650484085083008,0.9822743789780074,90,2.0,4.0,0.6,0.0,0.0,0.03541666666666665
chesca_reserve_contract_mesh,498,19,6,1,13.353433276896482,13.221433276896482,-0.13199999999999967,8.650484085083008,1.08229099752625,90,1.0,5.0,0.6,0.0,0.0,0.009583333333333333
chesca_reserve_contract_mesh,499,20,6,0,10.957104522525604,10.957104522525604,0.0,8.650484085083008,0.2746204349498029,90,0.0,6.0,0.6,0.0,0.0,0.0
chesca_reserve_contract_mesh,500,21,6,0,10.856533135591002,10.856533135591002,0.0,8.650484085083008,0.413383063931095,90,0.0,6.0,0.6,0.0,0.0,0.0
chesca_reserve_contract_mesh,501,22,6,6,8.681491093791326,9.557491093791327,0.8760000000000012,8.650484085083008,-0.2150367917100214,90,0.0,6.0,0.55,0.0,0.040000000000000036,0.040000000000000036
chesca_reserve_contract_mesh,502,23,6,0,8.795650006037187,8.795650006037187,0.0,8.650484085083008,-0.030754766391682634,90,0.0,6.0,0.6,0.0,0.0,0.0
chesca_reserve_contract_mesh,503,24,6,0,9.313398544182508,9.313398544182508,0.0,8.634732246398926,0.1865269490256263,90,0.0,6.0,0.65,0.0,0.0,0.0
chesca_reserve_contract_mesh,504,1,6,0,10.026154595920215,10.026154595920216,1.7763568394002505e-15,8.634732246398926,0.3509082718210733,90,0.0,6.0,0.72,0.0,0.0,0.0
chesca_reserve_contract_mesh,505,2,6,6,8.558828304088387,9.434828304088386,0.8759999999999994,8.634732246398926,-0.1202785827716329,90,0.0,6.0,0.78,0.0,0.040000000000000036,0.040000000000000036
chesca_reserve_contract_mesh,506,3,6,6,6.4991233363300225,7.375123336330023,0.8760000000000003,8.634732246398926,-0.11124659886445712,90,0.0,2.0,0.8,0.0,0.040000000000000036,0.07958333333333335
chesca_reserve_contract_mesh,507,4,6,0,5.903822973798182,5.903822973798182,0.0,8.634732246398926,-0.0712338424788083,90,0.0,2.0,0.85,0.0,0.0,0.07000000000000002
chesca_reserve_contract_mesh,508,5,6,0,4.842955086397569,4.84295508639757,8.881784197001252e-16,8.634732246398926,-0.03817400487520038,90,0.0,0.0,0.8,0.04749999999999999,0.04749999999999999,0.15041666666666662
chesca_reserve_contract_mesh,509,6,6,6,4.731658103905152,3.855658103905152,-0.8760000000000003,8.634732246398926,0.0918061214783083,90,6.0,0.0,0.75,0.09599999999999997,0.05599999999999994,0.16799999999999993
chesca_reserve_contract_mesh,510,7,6,2,4.253084970246001,4.545084970246002,0.2920000000000007,8.650484085083008,-0.36935062285340303,90,0.0,0.0,0.7,0.14500000000000002,0.18500000000000005,0.27111111111111114
chesca_reserve_contract_mesh,511,8,6,0,4.045192182951999,4.045192182951999,0.0,8.650484085083008,0.06308240455132189,90,0.0,0.0,0.6,0.34124999999999994,0.34124999999999994,0.381875
chesca_reserve_contract_mesh,512,9,6,1,3.1480836515389914,3.2800836515389915,0.13200000000000012,8.634732246398926,-0.1136210144247122,90,0.0,0.0,0.5,0.44100000000000006,0.4810000000000001,0.4885
chesca_reserve_contract_mesh,513,10,6,0,3.20803693979033,3.20803693979033,0.0,8.634732246398926,-0.1269950503921134,90,0.0,0.0,0.6,0.20375,0.20375,0.3589583333333333
chesca_reserve_contract_mesh,514,11,6,1,2.4372181171831433,2.5692181171831434,0.13200000000000012,8.634732246398926,-0.1592909526619221,90,0.0,0.0,0.65,0.29142857142857137,0.3314285714285714,0.3385714285714285
chesca_reserve_contract_mesh,515,12,6,0,2.269026101955671,2.269026101955671,0.0,8.634732246398926,-0.19623837308255299,90,0.0,0.0,0.65,0.33999999999999997,0.33999999999999997,0.3399999999999999
chesca_reserve_contract_mesh,516,13,6,0,2.2761836787592706,2.2761836787592706,0.0,8.634732246398926,0.035771598669615594,90,0.0,0.0,0.7,0.2416666666666667,0.2416666666666667,0.2819444444444445
chesca_reserve_contract_mesh,517,14,6,0,2.8080173240386017,2.8080173240386017,0.0,8.634732246398926,0.048984255917311356,90,0.0,0.0,0.7,0.19333333333333336,0.19333333333333336,0.2738888888888889
chesca_reserve_contract_mesh,518,15,6,0,1.5286893856592358,1.5286893856592358,0.0,8.634732246398926,0.06974342618215429,90,0.0,0.0,0.7,0.09666666666666668,0.09666666666666668,0.25777777777777783
chesca_reserve_contract_mesh,519,16,6,6,4.538659698005931,3.6626596980059323,-0.875999999999999,8.634732246398926,0.5073837979650713,90,6.0,0.0,0.65,0.0485714285714286,0.008571428571428563,0.25142857142857133
chesca_reserve_contract_mesh,520,17,6,5,5.842183172950175,5.126183172950175,-0.7160000000000002,8.634732246398926,0.5112168825727486,90,5.0,1.0,0.7,0.0,0.0,0.16
chesca_reserve_contract_mesh,521,18,6,6,7.4936153847554845,6.617615384755485,-0.8759999999999994,8.561971664428711,0.5717196392714714,90,6.0,0.0,0.6,0.09750000000000003,0.057499999999999996,0.15499999999999994
chesca_reserve_contract_mesh,522,19,6,3,8.75346085609988,8.301460856099881,-0.4519999999999982,8.470105171203613,0.18341054044034097,90,3.0,3.0,0.6,0.0,0.0,0.05312499999999996
chesca_reserve_contract_mesh,523,20,6,3,9.048013336930268,8.596013336930268,-0.45199999999999996,8.417614936828613,0.09745318417669362,90,3.0,3.0,0.6,0.0,0.0,0.020624999999999966
chesca_reserve_contract_mesh,524,21,6,2,8.520790722254663,8.200790722254663,-0.3200000000000003,8.378495216369629,0.11108802908672871,90,2.0,4.0,0.6,0.0,0.0,0.0029166666666666416
chesca_reserve_contract_mesh,525,22,6,0,6.93212273190986,6.93212273190986,0.0,8.363224029541016,0.0027907148413244404,90,0.0,4.0,0.55,0.0,0.0,0.01629629629629629
chesca_reserve_contract_mesh,526,23,6,0,7.766227716330164,7.766227716330163,-8.881784197001252e-16,8.363224029541016,0.10894754619698957,90,0.0,6.0,0.6,0.0,0.0,0.0
chesca_reserve_contract_mesh,527,24,6,0,7.636177460666662,7.636177460666662,0.0,8.271509170532227,-0.02370681437474704,90,0.0,6.0,0.65,0.0,0.0,0.0
chesca_reserve_contract_mesh,528,1,6,0,8.553182253237729,8.553182253237729,0.0,8.166040420532227,0.07936707140079369,90,0.0,6.0,0.72,0.0,0.0,0.0
chesca_reserve_contract_mesh,529,2,6,6,6.5722845501450005,7.448284550145002,0.8760000000000012,8.166040420532227,-0.1723004705686504,90,0.0,6.0,0.78,0.0,0.040000000000000036,0.040000000000000036
chesca_reserve_contract_mesh,530,3,6,6,5.557218745458306,6.433218745458306,0.8759999999999994,8.097977638244629,-0.1874679117482538,90,0.0,1.0,0.8,0.0,0.040000000000000036,0.11125000000000002
chesca_reserve_contract_mesh,531,4,6,3,5.239400715945633,5.663400715945633,0.4239999999999995,8.001039505004883,-0.19501902986906788,90,0.0,0.0,0.85,0.046666666666666634,0.08666666666666667,0.12888888888888891
chesca_reserve_contract_mesh,532,5,6,0,4.2947438386766095,4.2947438386766095,0.0,8.001039505004883,-0.2352313003709926,90,0.0,0.0,0.8,0.18999999999999995,0.18999999999999995,0.18999999999999995
chesca_reserve_contract_mesh,533,6,6,0,4.750382761438518,4.750382761438518,0.0,8.001039505004883,-0.07103075193043736,90,0.0,0.0,0.75,0.24,0.24,0.24
chesca_reserve_contract_mesh,534,7,6,0,4.084453065987255,4.0844530659872555,8.881784197001252e-16,8.001039505004883,-0.09998866327200502,90,0.0,0.0,0.7,0.29000000000000004,0.29000000000000004,0.29000000000000004
chesca_reserve_contract_mesh,535,8,6,0,3.8149436543862687,3.8149436543862683,-4.440892098500626e-16,8.001039505004883,-0.16947091087196148,90,0.0,0.0,0.6,0.39,0.39,0.39000000000000007
chesca_reserve_contract_mesh,536,9,6,0,3.436161097777224,3.436161097777224,0.0,8.001039505004883,-0.21063520891124038,90,0.0,0.0,0.5,0.49,0.49,0.49000000000000005
chesca_reserve_contract_mesh,537,10,6,1,2.369208499220653,2.529208499220653,0.16000000000000014,8.097977638244629,-0.8187942045484584,90,0.0,0.0,0.6,0.24375000000000002,0.28375000000000006,0.37229166666666674
chesca_reserve_contract_mesh,538,11,6,2,2.9215878023490465,3.213587802349047,0.2920000000000007,8.097977638244629,-0.4879446324662934,90,0.0,0.0,0.65,0.19428571428571428,0.23428571428571432,0.3209523809523809
chesca_reserve_contract_mesh,539,12,6,0,3.854606175785385,3.854606175785385,0.0,8.097977638244629,0.03934465311711462,90,0.0,0.0,0.65,0.14571428571428569,0.14571428571428569,0.3076190476190475
chesca_reserve_contract_mesh,540,13,6,0,5.385893451097394,5.385893451097394,0.0,8.097977638244629,0.06037478606365384,90,0.0,1.0,0.7,0.0,0.0,0.20944444444444446
chesca_reserve_contract_mesh,541,14,6,5,6.068159990190702,5.352159990190703,-0.7159999999999993,8.097977638244629,0.116389614085854,90,5.0,1.0,0.7,0.0,0.0,0.1761111111111111
chesca_reserve_contract_mesh,542,15,6,4,7.05585925743525,7.667859257435251,0.612000000000001,8.097977638244629,-0.12308484935676206,90,0.0,2.0,0.7,0.0,0.040000000000000036,0.14750000000000005
chesca_reserve_contract_mesh,543,16,6,0,8.183387135561594,8.183387135561594,0.0,8.166040420532227,0.01277745919827944,90,0.0,2.0,0.65,0.0,0.0,0.1052380952380952
chesca_reserve_contract_mesh,544,17,6,2,10.64912634378506,10.385126343785062,-0.26399999999999757,8.166040420532227,1.1112280210217647,90,2.0,4.0,0.7,0.0,0.0,0.018888888888888882
chesca_reserve_contract_mesh,545,18,6,0,10.753289418197252,10.753289418197252,0.0,8.21981143951416,0.8910350048258919,90,0.0,6.0,0.6,0.0,0.0,0.0
chesca_reserve_contract_mesh,546,19,6,0,13.838663764644895,13.838663764644897,1.7763568394002505e-15,8.304157257080078,1.5785026216081577,90,0.0,6.0,0.6,0.0,0.0,0.0
chesca_reserve_contract_mesh,547,20,6,0,11.922204709949087,11.922204709949085,-1.7763568394002505e-15,8.363224029541016,0.7365340358544321,90,0.0,6.0,0.6,0.0,0.0,0.0
chesca_reserve_contract_mesh,548,21,6,0,11.974541896893992,11.974541896893992,0.0,8.378495216369629,0.8607291686603178,90,0.0,6.0,0.6,0.0,0.0,0.0
chesca_reserve_contract_mesh,549,22,6,0,9.836761620511725,9.836761620511727,1.7763568394002505e-15,8.417614936828613,0.18347668605380713,90,0.0,6.0,0.55,0.0,0.0,0.0
chesca_reserve_contract_mesh,550,23,6,0,9.820934119778913,9.820934119778913,0.0,8.54436206817627,0.3103469307885864,90,0.0,6.0,0.6,0.0,0.0,0.0
chesca_reserve_contract_mesh,551,24,6,0,9.990252274692017,9.990252274692017,0.0,8.634732246398926,-0.0741770555090978,90,0.0,6.0,0.65,0.0,0.0,0.0
chesca_reserve_contract_mesh,552,1,6,0,11.81953499400673,11.819534994006728,-1.7763568394002505e-15,8.650484085083008,0.8023245874235188,90,0.0,6.0,0.72,0.0,0.0,0.0
chesca_reserve_contract_mesh,553,2,6,6,8.454659627826402,9.330659627826405,0.876000000000003,8.650484085083008,-0.22003396896297914,90,0.0,6.0,0.78,0.0,0.040000000000000036,0.040000000000000036
chesca_reserve_contract_mesh,554,3,6,6,6.399602614715251,7.2756026147152495,0.8759999999999986,8.650484085083008,-0.257898718897924,90,0.0,3.0,0.8,0.0,0.040000000000000036,0.0716666666666667
chesca_reserve_contract_mesh,555,4,6,5,7.055244059495303,7.771244059495302,0.7159999999999993,8.634732246398926,-0.11258953752107317,90,0.0,4.0,0.85,0.0,0.040000000000000036,0.07222222222222226
chesca_reserve_contract_mesh,556,5,6,4,5.774499146415972,6.358499146415971,0.5839999999999987,8.650484085083008,-1.0525585142265113,90,0.0,1.0,0.8,0.0,0.040000000000000036,0.14541666666666667
chesca_reserve_contract_mesh,557,6,6,4,5.478896318091236,6.034896318091237,0.5560000000000009,8.650484085083008,-0.1219279137273982,90,0.0,0.0,0.75,0.09599999999999997,0.136,0.2106666666666667
chesca_reserve_contract_mesh,558,7,6,0,5.312554324175082,5.312554324175081,-8.881784197001252e-16,8.650484085083008,-0.061206611278339276,90,0.0,0.0,0.7,0.19333333333333336,0.19333333333333336,0.25777777777777783
chesca_reserve_contract_mesh,559,8,6,2,4.634418594888559,4.926418594888559,0.2919999999999998,8.650484085083008,-0.09349359050772037,90,0.0,0.0,0.6,0.2925,0.3325,0.37895833333333334
chesca_reserve_contract_mesh,560,9,6,1,1.9987775518636481,2.1587775518636483,0.16000000000000014,8.650484085083008,-0.3547142221510502,90,0.0,0.0,0.5,0.392,0.43200000000000005,0.4803333333333333
chesca_reserve_contract_mesh,561,10,6,3,4.10614595215169,3.62614595215169,-0.47999999999999954,8.650484085083008,0.07785376236948581,90,3.0,0.0,0.6,0.20375,0.20375,0.3308333333333333
chesca_reserve_contract_mesh,562,11,6,0,3.7275154212827806,3.7275154212827806,0.0,8.650484085083008,-0.014595006577594244,90,0.0,0.0,0.65,0.24285714285714277,0.24285714285714277,0.32380952380952377
chesca_reserve_contract_mesh,563,12,6,0,4.454217586094124,4.454217586094124,0.0,8.650484085083008,-0.04645225666940336,90,0.0,0.0,0.65,0.24285714285714277,0.24285714285714277,0.32380952380952377
chesca_reserve_contract_mesh,564,13,6,2,5.4625688527410174,5.754568852741018,0.2920000000000007,8.660514831542969,-0.38927568030414134,90,0.0,0.0,0.7,0.14500000000000002,0.18500000000000005,0.27111111111111114
chesca_reserve_contract_mesh,565,14,6,2,5.297708476459071,5.589708476459072,0.2920000000000007,8.660514831542969,-0.1760160535369021,90,0.0,1.0,0.7,0.0,0.040000000000000036,0.23888888888888893
chesca_reserve_contract_mesh,566,15,6,0,5.186259534044967,5.186259534044967,0.0,8.660514831542969,0.008326479755458705,90,0.0,1.0,0.7,0.0,0.0,0.2255555555555556
chesca_reserve_contract_mesh,567,16,6,4,9.061037093656898,8.505037093656897,-0.5560000000000009,8.660514831542969,0.5562132543823929,90,4.0,2.0,0.65,0.0,0.0,0.14333333333333328
chesca_reserve_contract_mesh,568,17,6,2,11.74695971350704,11.48295971350704,-0.2640000000000011,8.704020500183105,0.5339775699261501,90,2.0,4.0,0.7,0.0,0.0,0.034999999999999996
chesca_reserve_contract_mesh,569,18,6,1,12.253805945598437,12.121805945598435,-0.13200000000000145,8.704020500183105,1.3205334250714522,90,1.0,5.0,0.6,0.0,0.0,0.009583333333333333
chesca_reserve_contract_mesh,570,19,6,0,14.543123971924821,14.543123971924821,0.0,8.704020500183105,1.7174539922787422,90,0.0,6.0,0.6,0.0,0.0,0.0
chesca_reserve_contract_mesh,571,20,6,0,13.199258035408384,13.199258035408384,0.0,8.704020500183105,1.049081124002987,90,0.0,6.0,0.6,0.0,0.0,0.0
chesca_reserve_contract_mesh,572,21,6,0,12.672137230242795,12.672137230242795,0.0,8.704020500183105,1.0304044756428115,90,0.0,6.0,0.6,0.0,0.0,0.0
chesca_reserve_contract_mesh,573,22,6,0,9.68497265516027,9.684972655160268,-1.7763568394002505e-15,8.704020500183105,0.11831409050629563,90,0.0,6.0,0.55,0.0,0.0,0.0
chesca_reserve_contract_mesh,574,23,6,6,8.875193419414275,9.751193419414276,0.8760000000000012,8.760528564453125,-0.10005741320776362,90,0.0,6.0,0.6,0.0,0.040000000000000036,0.040000000000000036
chesca_reserve_contract_mesh,575,24,6,0,10.366253743286567,10.366253743286567,0.0,8.760528564453125,0.4759518664689325,90,0.0,6.0,0.65,0.0,0.0,0.0
chesca_reserve_contract_mesh,576,1,6,0,10.010752289353523,10.010752289353523,0.0,8.760528564453125,0.26333852448599937,90,0.0,6.0,0.72,0.0,0.0,0.0
chesca_reserve_contract_mesh,577,2,6,0,9.521458289132319,9.52145828913232,1.7763568394002505e-15,8.760528564453125,0.12638524072862958,90,0.0,6.0,0.78,0.0,0.0,0.0
chesca_reserve_contract_mesh,578,3,6,6,7.1473746516020356,8.023374651602037,0.8760000000000012,8.802067756652832,-0.16706825226791133,90,0.0,5.0,0.8,0.0,0.040000000000000036,0.0479166666666667
chesca_reserve_contract_mesh,579,4,6,6,6.527917576234591,7.403917576234591,0.8759999999999994,8.802067756652832,-0.12645906483301386,90,0.0,3.0,0.85,0.0,0.040000000000000036,0.07111111111111114
chesca_reserve_contract_mesh,580,5,6,3,6.458983217348205,6.8829832173482055,0.4240000000000004,8.802067756652832,-0.10537190570095452,90,0.0,1.0,0.8,0.0,0.040000000000000036,0.14666666666666664
chesca_reserve_contract_mesh,581,6,6,3,5.825538461825612,6.249538461825613,0.4240000000000004,8.802067756652832,-0.14979841560334128,90,0.0,1.0,0.75,0.0,0.040000000000000036,0.18800000000000003
chesca_reserve_contract_mesh,582,7,6,2,5.700310201104828,5.992310201104828,0.2919999999999998,8.802067756652832,-0.10469816016041156,90,0.0,1.0,0.7,0.0,0.040000000000000036,0.23888888888888893
chesca_reserve_contract_mesh,583,8,6,2,4.246156060969215,4.566156060969213,0.3199999999999985,8.802067756652832,-0.205947203494813,90,0.0,0.0,0.6,0.09750000000000003,0.13750000000000007,0.34645833333333337
chesca_reserve_contract_mesh,584,9,6,2,3.242013802431173,3.5620138024311734,0.3200000000000003,8.802067756652832,-0.11428401845483177,90,0.0,0.0,0.5,0.245,0.28500000000000003,0.4543333333333333
chesca_reserve_contract_mesh,585,10,6,1,2.505634489950829,2.66563448995083,0.16000000000000103,8.802067756652832,-0.11211209161797339,90,0.0,0.0,0.6,0.2925,0.3325,0.3804166666666667
chesca_reserve_contract_mesh,586,11,6,0,1.7473211648540483,1.747321164854048,-2.220446049250313e-16,8.802067756652832,-0.22747344357729732,90,0.0,0.0,0.65,0.33999999999999997,0.33999999999999997,0.3399999999999999
chesca_reserve_contract_mesh,587,12,6,6,2.7662387953506435,1.8902387953506437,-0.8759999999999999,8.802067756652832,0.10364697616640492,90,6.0,0.0,0.65,0.29142857142857137,0.25142857142857133,0.29190476190476183
chesca_reserve_contract_mesh,588,13,6,6,4.921624058163099,4.045624058163099,-0.8759999999999994,8.802067756652832,0.17947191348729183,90,6.0,0.0,0.7,0.04833333333333334,0.008333333333333304,0.18555555555555556
chesca_reserve_contract_mesh,589,14,6,5,5.859398087257199,5.143398087257198,-0.7160000000000011,8.802067756652832,0.19394832719259547,90,5.0,1.0,0.7,0.0,0.0,0.1922222222222222
chesca_reserve_contract_mesh,590,15,6,2,6.030783631524859,5.71078363152486,-0.3199999999999985,8.802067756652832,0.07875398719339445,90,2.0,1.0,0.7,0.0,0.0,0.19611111111111112
chesca_reserve_contract_mesh,591,16,6,5,7.652426262329072,6.936426262329072,-0.7160000000000002,8.802067756652832,0.5061483284684009,90,5.0,1.0,0.65,0.0,0.0,0.17714285714285705
chesca_reserve_contract_mesh,592,17,6,3,9.133132601629441,8.70913260162944,-0.42400000000000126,8.802067756652832,0.3650603387003006,90,3.0,3.0,0.7,0.0,0.0,0.05249999999999999
chesca_reserve_contract_mesh,593,18,6,4,10.787139972589435,10.203139972589435,-0.5839999999999996,8.962010383605957,0.6553124665419783,90,4.0,2.0,0.6,0.0,0.0,0.0302083333333333
chesca_reserve_contract_mesh,594,19,6,1,12.21555695649467,12.055556956494671,-0.15999999999999837,8.962010383605957,0.9221657507383186,90,1.0,5.0,0.6,0.0,0.0,0.0014583333333333208
chesca_reserve_contract_mesh,595,20,6,0,12.596412977128347,12.596412977128347,0.0,8.962010383605957,0.9489975871525732,90,0.0,6.0,0.6,0.0,0.0,0.0
chesca_reserve_contract_mesh,596,21,6,0,11.269883866109483,11.269883866109483,0.0,8.962010383605957,0.4716555100057669,90,0.0,6.0,0.6,0.0,0.0,0.0
chesca_reserve_contract_mesh,597,22,6,6,9.645354318608353,10.521354318608353,0.8759999999999994,8.962010383605957,-0.08503763678290947,90,0.0,5.0,0.55,0.0,0.040000000000000036,0.04814814814814818
chesca_reserve_contract_mesh,598,23,6,1,9.714856552803255,9.554856552803255,-0.16000000000000014,9.079338073730469,0.10770922744918274,90,1.0,5.0,0.6,0.0,0.0,0.0014583333333333208
chesca_reserve_contract_mesh,599,24,6,0,9.767948913394838,9.767948913394838,0.0,9.079338073730469,0.12265435205942554,90,0.0,6.0,0.65,0.0,0.0,0.0
chesca_reserve_contract_mesh,600,1,6,6,8.773602491923938,9.649602491923938,0.8759999999999994,9.130965232849121,-0.13741811408985277,90,0.0,6.0,0.72,0.0,0.040000000000000036,0.040000000000000036
chesca_reserve_contract_mesh,601,2,6,6,8.162641808155165,9.038641808155164,0.8759999999999994,9.208078384399414,-0.16644251518449363,90,0.0,5.0,0.78,0.0,0.040000000000000036,0.04700000000000004
chesca_reserve_contract_mesh,602,3,6,6,6.868006098456373,7.744006098456373,0.8760000000000003,9.208078384399414,-0.239840940315652,90,0.0,4.0,0.8,0.0,0.040000000000000036,0.06375000000000003
chesca_reserve_contract_mesh,603,4,6,5,6.170492194911358,6.886492194911358,0.7160000000000002,9.208078384399414,-0.2337030032649753,90,0.0,3.0,0.85,0.0,0.040000000000000036,0.08000000000000003
chesca_reserve_contract_mesh,604,5,6,3,5.493216382641227,5.917216382641226,0.4239999999999995,9.208078384399414,-0.16881729360386422,90,0.0,0.0,0.8,0.04749999999999999,0.08750000000000002,0.15458333333333332
chesca_reserve_contract_mesh,605,6,6,3,5.56820772972786,5.99220772972786,0.4240000000000004,9.208078384399414,-0.09877546441815077,90,0.0,0.0,0.75,0.09599999999999997,0.136,0.22
chesca_reserve_contract_mesh,606,7,6,1,5.214745736431576,5.374745736431576,0.16000000000000014,9.208078384399414,-0.08743065663042107,90,0.0,0.0,0.7,0.14500000000000002,0.18500000000000005,0.2725
chesca_reserve_contract_mesh,607,8,6,3,5.35200875733919,4.8720087573391915,-0.47999999999999865,9.130965232849121,0.08235604887293997,90,3.0,0.0,0.6,0.2925,0.25249999999999995,0.345625
chesca_reserve_contract_mesh,608,9,6,2,4.971682148568797,5.291682148568798,0.3200000000000012,9.208078384399414,-0.3842555455650684,90,0.0,0.0,0.5,0.392,0.43200000000000005,0.4706666666666666
chesca_reserve_contract_mesh,609,10,6,1,2.203946807301847,2.3639468073018466,0.1599999999999997,9.208078384399414,-0.15551892897811145,90,0.0,0.0,0.6,0.34124999999999994,0.38125,0.38854166666666673
chesca_reserve_contract_mesh,610,11,6,0,2.8345071356353415,2.8345071356353415,0.0,9.208078384399414,-0.11953299683812872,90,0.0,0.0,0.65,0.33999999999999997,0.33999999999999997,0.3399999999999999
chesca_reserve_contract_mesh,611,12,6,6,5.437299305928498,4.561299305928498,-0.8760000000000003,9.208078384399414,0.11520574264133951,90,6.0,0.0,0.65,0.29142857142857137,0.25142857142857133,0.28380952380952373
chesca_reserve_contract_mesh,612,13,6,4,5.49298224070027,6.07698224070027,0.5839999999999996,9.261279106140137,-0.5973887777532215,90,0.0,0.0,0.7,0.09666666666666668,0.13666666666666671,0.2522222222222223
chesca_reserve_contract_mesh,613,14,6,0,3.874716053541859,3.874716053541859,0.0,9.261279106140137,0.015473224282183388,90,0.0,0.0,0.7,0.19333333333333336,0.19333333333333336,0.26583333333333337
chesca_reserve_contract_mesh,614,15,6,6,6.599522829500587,5.723522829500587,-0.8759999999999994,9.261279106140137,0.21094645817415086,90,6.0,0.0,0.7,0.14500000000000002,0.10499999999999998,0.21777777777777776
chesca_reserve_contract_mesh,615,16,6,6,7.596252826937984,6.720252826937984,-0.8759999999999994,9.261279106140137,0.23265048589778325,90,6.0,0.0,0.65,0.09714285714285709,0.05714285714285705,0.1623809523809523
chesca_reserve_contract_mesh,616,17,6,3,9.212138195744986,8.788138195744985,-0.42400000000000126,9.261279106140137,0.2874649284317175,90,3.0,3.0,0.7,0.0,0.0,0.004166666666666652
chesca_reserve_contract_mesh,617,18,6,0,12.499789658345284,12.499789658345284,0.0,9.261279106140137,1.3185508230999503,90,0.0,6.0,0.6,0.0,0.0,0.0
chesca_reserve_contract_mesh,618,19,6,0,15.074608027517266,15.074608027517266,0.0,9.261279106140137,1.856983303169048,90,0.0,6.0,0.6,0.0,0.0,0.0
chesca_reserve_contract_mesh,619,20,6,0,13.460962042145331,13.460962042145331,0.0,9.261279106140137,0.9306128702838294,90,0.0,6.0,0.6,0.0,0.0,0.0
chesca_reserve_contract_mesh,620,21,6,0,11.238234744731768,11.238234744731766,-1.7763568394002505e-15,9.261279106140137,0.4632365934166498,90,0.0,6.0,0.6,0.0,0.0,0.0
chesca_reserve_contract_mesh,621,22,6,6,8.66844959103926,9.544449591039259,0.8759999999999994,9.261279106140137,-0.16141819206794306,90,0.0,4.0,0.55,0.0,0.040000000000000036,0.05629629629629632
chesca_reserve_contract_mesh,622,23,6,6,9.28771851776597,10.16371851776597,0.8759999999999994,9.33410358428955,-0.11482738387192756,90,0.0,6.0,0.6,0.0,0.040000000000000036,0.040000000000000036
chesca_reserve_contract_mesh,623,24,6,0,9.34250018912426,9.34250018912426,0.0,9.33410358428955,-0.07211677112540062,90,0.0,6.0,0.65,0.0,0.0,0.0
chesca_reserve_contract_mesh,624,1,6,0,9.370114262573992,9.370114262573994,1.7763568394002505e-15,9.33410358428955,-0.027487065818896983,90,0.0,6.0,0.72,0.0,0.0,0.0
chesca_reserve_contract_mesh,625,2,6,0,9.409976176947835,9.409976176947835,0.0,9.261279106140137,0.07056978393791924,90,0.0,6.0,0.78,0.0,0.0,0.0
chesca_reserve_contract_mesh,626,3,6,6,7.564993018898516,8.440993018898517,0.8760000000000012,9.261279106140137,-0.10802453085882105,90,0.0,4.0,0.8,0.0,0.040000000000000036,0.05583333333333337
chesca_reserve_contract_mesh,627,4,6,0,6.719532365185298,6.719532365185298,0.0,9.261279106140137,-0.052444144831929385,90,0.0,4.0,0.85,0.0,0.0,0.031111111111111128
chesca_reserve_contract_mesh,628,5,6,5,6.4407914535877495,5.696791453587749,-0.7440000000000007,9.261279106140137,0.09979561634754008,90,5.0,1.0,0.8,0.0,0.0,0.06166666666666661
chesca_reserve_contract_mesh,629,6,6,5,6.199839994654029,5.4558399946540295,-0.7439999999999998,9.261279106140137,0.1970830029183277,90,5.0,1.0,0.75,0.0,0.0,0.09466666666666664
chesca_reserve_contract_mesh,630,7,6,6,5.413103860553398,4.5371038605533975,-0.8760000000000003,9.261279106140137,0.20182597353948842,90,6.0,0.0,0.7,0.09666666666666668,0.05666666666666664,0.1613888888888889
chesca_reserve_contract_mesh,631,8,6,6,5.1290813279276986,4.253081327927697,-0.8760000000000012,9.261279106140137,0.1676477503162387,90,6.0,0.0,0.6,0.19499999999999995,0.15499999999999992,0.25249999999999995
chesca_reserve_contract_mesh,632,9,6,6,4.942575597301074,4.066575597301075,-0.8759999999999994,9.261279106140137,0.19575863930550672,90,6.0,0.0,0.5,0.19599999999999995,0.15599999999999992,0.34383333333333327
chesca_reserve_contract_mesh,633,10,6,6,4.402345088053161,3.526345088053161,-0.8759999999999999,9.261279106140137,0.14361422892968254,90,6.0,0.0,0.6,0.14625,0.10624999999999996,0.2525
chesca_reserve_contract_mesh,634,11,6,6,4.37235159829827,3.4963515982982694,-0.8760000000000003,9.261279106140137,0.3141471567641283,90,6.0,0.0,0.65,0.14571428571428569,0.10571428571428565,0.2109523809523809
chesca_reserve_contract_mesh,635,12,6,6,3.0647547141530826,2.1887547141530823,-0.8760000000000003,9.261279106140137,0.34460152316328607,90,6.0,0.0,0.65,0.09714285714285709,0.05714285714285705,0.20285714285714276
chesca_reserve_contract_mesh,636,13,6,5,1.9658281294862197,1.2498281294862197,-0.716,9.261279106140137,0.1606593162896245,90,5.0,1.0,0.7,0.0,0.0,0.15194444444444444
chesca_reserve_contract_mesh,637,14,6,5,4.090235642537188,3.374235642537188,-0.7159999999999997,9.261279106140137,0.30736490786349935,90,5.0,1.0,0.7,0.0,0.0,0.16
chesca_reserve_contract_mesh,638,15,6,4,6.904874115099128,6.320874115099127,-0.5840000000000005,9.261279106140137,0.10994062902711488,90,4.0,2.0,0.7,0.0,0.0,0.12638888888888888
chesca_reserve_contract_mesh,639,16,6,0,7.928897454290855,7.928897454290855,0.0,9.261279106140137,0.03914777523457563,90,0.0,2.0,0.65,0.0,0.0,0.10523809523809523
chesca_reserve_contract_mesh,640,17,6,3,7.617522707673716,7.193522707673717,-0.4239999999999995,9.208078384399414,0.10059066886738575,90,3.0,3.0,0.7,0.0,0.0,0.020277777777777766
chesca_reserve_contract_mesh,641,18,6,0,7.334233652148695,7.334233652148695,0.0,9.16352653503418,0.06683390309298981,90,0.0,1.0,0.6,0.0,0.0,0.06499999999999999
chesca_reserve_contract_mesh,642,19,6,2,8.919246218287785,8.599246218287785,-0.3200000000000003,9.11988639831543,0.25707202888113495,90,2.0,4.0,0.6,0.0,0.0,0.019166666666666665
chesca_reserve_contract_mesh,643,20,6,6,9.277441022950452,10.153441022950451,0.8759999999999994,9.11988639831543,-0.09983433727274296,90,0.0,5.0,0.6,0.0,0.040000000000000036,0.04812500000000003
chesca_reserve_contract_mesh,644,21,6,6,7.658635453834384,8.534635453834385,0.8760000000000012,9.11988639831543,-0.09381137955968596,90,0.0,3.0,0.6,0.0,0.040000000000000036,0.06437500000000002
chesca_reserve_contract_mesh,645,22,6,6,6.945216326351693,7.821216326351694,0.8760000000000012,9.11988639831543,-0.2790490774644143,90,0.0,1.0,0.55,0.0,0.040000000000000036,0.11333333333333338
chesca_reserve_contract_mesh,646,23,6,4,8.054690299831533,7.442690299831532,-0.612000000000001,9.079338073730469,0.13047010652273003,90,4.0,2.0,0.6,0.0,0.0,0.0464583333333333
chesca_reserve_contract_mesh,647,24,6,0,7.960867437258845,7.960867437258845,0.0,9.04776382446289,0.05499949476709154,90,0.0,5.0,0.65,0.0,0.0,0.016190476190476182
chesca_reserve_contract_mesh,648,1,6,1,7.481278679743374,7.321278679743374,-0.16000000000000014,8.969390869140625,0.13197224478385544,90,1.0,5.0,0.72,0.0,0.0,0.008333333333333323
chesca_reserve_contract_mesh,649,2,6,1,7.915098592299639,7.755098592299639,-0.16000000000000014,8.89859676361084,0.2003257773595689,90,1.0,5.0,0.78,0.0,0.0,0.00033333333333333365
chesca_reserve_contract_mesh,650,3,6,0,6.081311074966743,6.081311074966743,0.0,8.831459999084473,0.018582191675592274,90,0.0,2.0,0.8,0.0,0.0,0.031666666666666655
chesca_reserve_contract_mesh,651,4,6,3,5.325524738669889,4.8735247386698894,-0.45199999999999996,8.757474899291992,0.0930591590795758,90,3.0,3.0,0.85,0.0,0.0,0.0033333333333332993
chesca_reserve_contract_mesh,652,5,6,6,5.283474295713276,4.407474295713277,-0.8759999999999994,8.757474899291992,0.14553091763401146,90,6.0,0.0,0.8,0.04749999999999999,0.007499999999999951,0.047083333333333276
chesca_reserve_contract_mesh,653,6,6,6,5.8752660558977885,4.999266055897788,-0.8760000000000003,8.757474899291992,0.15621495662623036,90,6.0,0.0,0.75,0.04800000000000004,0.008000000000000007,0.08799999999999997
chesca_reserve_contract_mesh,654,7,6,6,5.532902120823648,4.6569021208236485,-0.8759999999999994,8.757474899291992,0.10265825539730353,90,6.0,0.0,0.7,0.09666666666666668,0.05666666666666664,0.15333333333333332
chesca_reserve_contract_mesh,655,8,6,0,5.421780027757467,5.421780027757467,0.0,8.757474899291992,-0.01881325818863608,90,0.0,0.0,0.6,0.19499999999999995,0.19499999999999995,0.30875
chesca_reserve_contract_mesh,656,9,6,0,5.120582474012175,5.120582474012175,0.0,8.757474899291992,-0.011483533115414252,90,0.0,0.0,0.5,0.14700000000000002,0.14700000000000002,0.37566666666666665
chesca_reserve_contract_mesh,657,10,6,3,4.2120137353647715,4.6640137353647715,0.45199999999999996,8.831459999084473,-0.41357247563779787,90,0.0,1.0,0.6,0.0,0.040000000000000036,0.29625000000000007
chesca_reserve_contract_mesh,658,11,6,5,3.958887701007471,3.2428877010074704,-0.7160000000000006,8.831459999084473,0.09930871142387623,90,5.0,1.0,0.65,0.0,0.0,0.20952380952380945
chesca_reserve_contract_mesh,659,12,6,4,3.658685741307753,3.0746857413077535,-0.5839999999999996,8.831459999084473,0.08363255195647515,90,4.0,2.0,0.65,0.0,0.0,0.19999999999999996
chesca_reserve_contract_mesh,660,13,6,4,3.5610622479041716,2.977062247904173,-0.5839999999999987,8.831459999084473,0.15014690661409852,90,4.0,2.0,0.7,0.0,0.0,0.16666666666666666
chesca_reserve_contract_mesh,661,14,6,5,4.2069175856557885,3.4909175856557897,-0.7159999999999989,8.831459999084473,0.13394686254137966,90,5.0,1.0,0.7,0.0,0.0,0.16805555555555554
chesca_reserve_contract_mesh,662,15,6,0,3.50588172020751,3.50588172020751,0.0,8.831459999084473,-0.023133952090691134,90,0.0,1.0,0.7,0.0,0.0,0.20138888888888892
chesca_reserve_contract_mesh,663,16,6,6,3.7674119003747655,2.891411900374765,-0.8760000000000003,8.831459999084473,0.34211942392420713,90,6.0,0.0,0.65,0.09714285714285709,0.05714285714285705,0.23523809523809516
chesca_reserve_contract_mesh,664,17,6,5,6.074552236702319,5.358552236702319,-0.7160000000000002,8.831459999084473,0.34006078740639556,90,5.0,1.0,0.7,0.0,0.0,0.15194444444444444
chesca_reserve_contract_mesh,665,18,6,6,7.277534684946392,6.401534684946393,-0.8759999999999994,8.831459999084473,0.3778803327293875,90,6.0,0.0,0.6,0.09750000000000003,0.057499999999999996,0.15499999999999994
chesca_reserve_contract_mesh,666,19,6,5,7.910712662875025,7.194712662875025,-0.7160000000000002,8.757474899291992,0.15781638511765483,90,5.0,1.0,0.6,0.0,0.0,0.10479166666666663
chesca_reserve_contract_mesh,667,20,6,0,7.882792759702092,7.882792759702092,0.0,8.66428279876709,0.07456877561601122,90,0.0,2.0,0.6,0.0,0.0,0.09749999999999999
chesca_reserve_contract_mesh,668,21,6,0,7.819787757617148,7.8197877576171475,-8.881784197001252e-16,8.523612022399902,0.011608880815774436,90,0.0,3.0,0.6,0.0,0.0,0.08124999999999999
chesca_reserve_contract_mesh,669,22,6,6,7.729119032900594,8.605119032900594,0.8760000000000003,8.523612022399902,-0.9993119398160693,90,0.0,2.0,0.55,0.0,0.040000000000000036,0.12962962962962968
chesca_reserve_contract_mesh,670,23,6,3,7.7228515236792745,8.202851523679275,0.4800000000000004,8.523612022399902,-0.07839769196462766,90,0.0,3.0,0.6,0.0,0.0,0.085
chesca_reserve_contract_mesh,671,24,6,0,7.7681345561869755,7.768134556186975,-8.881784197001252e-16,8.523612022399902,0.030468978584738557,90,0.0,4.0,0.65,0.0,0.0,0.06476190476190476
chesca_reserve_contract_mesh,672,1,6,2,8.376538450117545,8.056538450117545,-0.3200000000000003,8.360501289367676,0.0942910338377205,90,2.0,4.0,0.72,0.0,0.0,0.016666666666666663
chesca_reserve_contract_mesh,673,2,6,0,7.0866224794026955,7.0866224794026955,0.0,8.237515449523926,0.0335985451782337,90,0.0,5.0,0.78,0.0,0.0,0.007000000000000006
chesca_reserve_contract_mesh,674,3,6,6,6.0210338737852656,6.897033873785267,0.8760000000000012,8.237515449523926,-0.09630037085095683,90,0.0,3.0,0.8,0.0,0.040000000000000036,0.06375000000000003
chesca_reserve_contract_mesh,675,4,6,0,5.396567704839322,5.396567704839322,0.0,8.237515449523926,0.010993968890891048,90,0.0,3.0,0.85,0.0,0.0,0.04666666666666669
chesca_reserve_contract_mesh,676,5,6,6,5.095792123000955,4.219792123000953,-0.8760000000000012,8.237515449523926,0.08361100978116598,90,6.0,0.0,0.8,0.04749999999999999,0.007499999999999951,0.09458333333333326
chesca_reserve_contract_mesh,677,6,6,6,4.96911889143192,4.093118891431921,-0.8759999999999994,8.237515449523926,0.16648719253786862,90,6.0,0.0,0.75,0.04800000000000004,0.008000000000000007,0.12799999999999997
chesca_reserve_contract_mesh,678,7,6,6,5.186948352931916,4.310948352931916,-0.8759999999999994,8.13142204284668,0.17426639799499238,90,6.0,0.0,0.7,0.09666666666666668,0.05666666666666664,0.1775
chesca_reserve_contract_mesh,679,8,6,5,7.035308003893427,6.291308003893426,-0.7440000000000007,8.13142204284668,0.31428319571440644,90,5.0,1.0,0.6,0.0,0.0,0.24291666666666667
chesca_reserve_contract_mesh,680,9,6,6,2.2873597999112576,1.4113597999112584,-0.8759999999999992,8.13142204284668,0.2077180621071631,90,6.0,0.0,0.5,0.29400000000000004,0.254,0.38466666666666666
chesca_reserve_contract_mesh,681,10,6,6,2.0581615608699115,1.1821615608699116,-0.8759999999999999,8.13142204284668,0.09105774324568272,90,6.0,0.0,0.6,0.2925,0.25249999999999995,0.30937499999999996
chesca_reserve_contract_mesh,682,11,6,0,-0.01803211165390961,-0.018032111653909666,-5.551115123125783e-17,8.13142204284668,-0.07230060345496644,90,0.0,0.0,0.65,0.24285714285714277,0.24285714285714277,0.32380952380952377
chesca_reserve_contract_mesh,683,12,6,6,1.1380386531923796,0.2620386531923796,-0.876,8.13142204284668,0.11256725252230038,90,6.0,0.0,0.65,0.24285714285714277,0.20285714285714274,0.28380952380952373
chesca_reserve_contract_mesh,684,13,6,6,4.14927492052946,3.2732749205294596,-0.8760000000000003,8.13142204284668,0.36210756734948957,90,6.0,0.0,0.7,0.09666666666666668,0.05666666666666664,0.1936111111111111
chesca_reserve_contract_mesh,685,14,6,0,4.66752298336165,4.667522983361651,8.881784197001252e-16,8.13142204284668,0.058960741402502806,90,0.0,0.0,0.7,0.04833333333333334,0.04833333333333334,0.20944444444444446
chesca_reserve_contract_mesh,686,15,6,0,6.316637837565046,6.316637837565046,0.0,8.13142204284668,0.05871432541202205,90,0.0,1.0,0.7,0.0,0.0,0.17722222222222225
chesca_reserve_contract_mesh,687,16,6,6,6.660988542893644,5.784988542893643,-0.8760000000000012,8.13142204284668,0.3386888642777692,90,6.0,0.0,0.65,0.0485714285714286,0.008571428571428563,0.15428571428571422
chesca_reserve_contract_mesh,688,17,6,4,7.046482330451038,6.4624823304510395,-0.5839999999999987,8.13142204284668,0.46532489580754777,90,4.0,2.0,0.7,0.0,0.0,0.0861111111111111
chesca_reserve_contract_mesh,689,18,6,5,7.342162959836336,6.598162959836336,-0.7439999999999998,8.13142204284668,0.3131966518184617,90,5.0,1.0,0.6,0.0,0.0,0.09666666666666666
chesca_reserve_contract_mesh,690,19,6,6,9.130435824886744,10.006435824886744,0.8759999999999994,8.237515449523926,-0.2538406528995652,90,0.0,3.0,0.6,0.0,0.040000000000000036,0.08062500000000002
chesca_reserve_contract_mesh,691,20,6,2,9.413746859888104,9.093746859888105,-0.3199999999999985,8.237515449523926,0.4019509916905607,90,2.0,4.0,0.6,0.0,0.0,0.02729166666666666
chesca_reserve_contract_mesh,692,21,6,0,9.105944191038112,9.10594419103811,-1.7763568394002505e-15,8.348776817321777,0.01817947419298703,90,0.0,4.0,0.6,0.0,0.0,0.024374999999999997
chesca_reserve_contract_mesh,693,22,6,3,7.579762513821222,7.127762513821222,-0.45199999999999996,8.348776817321777,0.10211269171130646,90,3.0,3.0,0.55,0.0,0.0,0.028888888888888853
chesca_reserve_contract_mesh,694,23,6,1,7.178205655988345,7.018205655988344,-0.16000000000000103,8.348776817321777,0.14705851176181894,90,1.0,5.0,0.6,0.0,0.0,0.017708333333333326
chesca_reserve_contract_mesh,695,24,6,1,7.530990335751298,7.370990335751299,-0.15999999999999925,8.348776817321777,0.13090375705571894,90,1.0,5.0,0.65,0.0,0.0,0.009523809523809509
chesca_reserve_contract_mesh,696,1,6,0,7.427001867194033,7.427001867194033,0.0,8.348776817321777,0.026630722915047797,90,0.0,6.0,0.72,0.0,0.0,0.0
chesca_reserve_contract_mesh,697,2,6,0,6.428046091416976,6.428046091416976,0.0,8.333832740783691,-0.037929778450244644,90,0.0,6.0,0.78,0.0,0.0,0.0
chesca_reserve_contract_mesh,698,3,6,0,6.349570397967039,6.349570397967039,0.0,8.333832740783691,0.033449498276798384,90,0.0,4.0,0.8,0.0,0.0,0.015833333333333328
chesca_reserve_contract_mesh,699,4,6,0,5.010009650871053,5.010009650871053,0.0,8.333832740783691,-0.05310231690199025,90,0.0,4.0,0.85,0.0,0.0,0.015555555555555545
chesca_reserve_contract_mesh,700,5,6,0,5.058450071097614,5.058450071097615,8.881784197001252e-16,8.333832740783691,0.06853020797142553,90,0.0,0.0,0.8,0.09499999999999997,0.09499999999999997,0.12666666666666662
chesca_reserve_contract_mesh,701,6,6,6,5.494746984390908,4.618746984390908,-0.8759999999999994,8.333832740783691,0.14505418720649743,90,6.0,0.0,0.75,0.14400000000000002,0.10399999999999998,0.17599999999999993
chesca_reserve_contract_mesh,702,7,6,6,4.457857262499249,3.5818572624992493,-0.8759999999999994,8.333832740783691,0.10436922809120511,90,6.0,0.0,0.7,0.19333333333333336,0.15333333333333332,0.2338888888888889
chesca_reserve_contract_mesh,703,8,6,6,3.826622897236393,2.9506228972363937,-0.8759999999999994,8.333832740783691,0.14054534336459393,90,6.0,0.0,0.6,0.2925,0.25249999999999995,0.33375
chesca_reserve_contract_mesh,704,9,6,6,4.083977952557241,3.2079779525572403,-0.8760000000000008,8.333832740783691,0.09850269409511657,90,6.0,0.0,0.5,0.392,0.352,0.4255
chesca_reserve_contract_mesh,705,10,6,0,3.001781446788197,3.001781446788198,8.881784197001252e-16,8.13142204284668,0.05130960156858852,90,0.0,0.0,0.6,0.2925,0.2925,0.36562500000000003
chesca_reserve_contract_mesh,706,11,6,2,3.4460038713815777,3.738003871381578,0.29200000000000026,8.13142204284668,-0.0910913031826862,90,0.0,0.0,0.65,0.24285714285714277,0.2828571428571428,0.329047619047619
chesca_reserve_contract_mesh,707,12,6,0,2.8855262458518207,2.8855262458518207,0.0,8.13142204284668,0.046939110803543085,90,0.0,0.0,0.65,0.24285714285714277,0.24285714285714277,0.32380952380952377
chesca_reserve_contract_mesh,708,13,6,6,4.039761581951825,3.163761581951825,-0.8759999999999999,8.13142204284668,0.10234837310874398,90,6.0,0.0,0.7,0.14500000000000002,0.10499999999999998,0.22583333333333333
chesca_reserve_contract_mesh,709,14,6,5,5.014883038214908,4.298883038214909,-0.7159999999999993,8.13142204284668,0.09833169644390213,90,5.0,1.0,0.7,0.0,0.0,0.18416666666666667
chesca_reserve_contract_mesh,710,15,6,5,5.952621569377598,5.236621569377597,-0.7160000000000011,8.13142204284668,0.12173584480016264,90,5.0,1.0,0.7,0.0,0.0,0.1761111111111111
chesca_reserve_contract_mesh,711,16,6,5,7.400683762672804,6.684683762672804,-0.7160000000000002,7.996537208557129,0.2955612627834503,90,5.0,1.0,0.65,0.0,0.0,0.14476190476190473
chesca_reserve_contract_mesh,712,17,6,2,9.109217015168367,8.845217015168368,-0.26399999999999935,7.996537208557129,0.865341724899478,90,2.0,4.0,0.7,0.0,0.0,0.010833333333333325
chesca_reserve_contract_mesh,713,18,6,1,10.231666396024892,10.071666396024892,-0.16000000000000014,7.996537208557129,1.0717959326438542,90,1.0,5.0,0.6,0.0,0.0,0.0014583333333333208
chesca_reserve_contract_mesh,714,19,6,0,12.059217333375173,12.059217333375175,1.7763568394002505e-15,7.996537208557129,1.3636758049566005,90,0.0,6.0,0.6,0.0,0.0,0.0
chesca_reserve_contract_mesh,715,20,6,0,10.264015847086636,10.264015847086634,-1.7763568394002505e-15,7.996537208557129,0.5214233425608554,90,0.0,6.0,0.6,0.0,0.0,0.0
chesca_reserve_contract_mesh,716,21,6,0,10.282579993448318,10.282579993448318,0.0,7.996537208557129,0.6141849956701787,90,0.0,6.0,0.6,0.0,0.0,0.0
chesca_reserve_contract_mesh,717,22,6,2,9.167550626598027,8.875550626598027,-0.2919999999999998,7.996537208557129,0.12769705364769435,90,2.0,4.0,0.55,0.0,0.0,0.002962962962962945
chesca_reserve_contract_mesh,718,23,6,0,8.156952542689968,8.156952542689968,0.0,7.946445941925049,0.2348863076585629,90,0.0,6.0,0.6,0.0,0.0,0.0
chesca_reserve_contract_mesh,719,24,6,0,10.149899742520727,10.149899742520729,1.7763568394002505e-15,7.91954231262207,0.8461122655414257,90,0.0,6.0,0.65,0.0,0.0,0.0
chesca_reserve_contract_mesh,720,1,6,0,8.973908845351474,8.973908845351474,0.0,7.91954231262207,0.2053990011280804,90,0.0,6.0,0.72,0.0,0.0,0.0
chesca_reserve_contract_mesh,721,2,6,0,9.31513480510148,9.31513480510148,0.0,7.91954231262207,0.40881646640308084,90,0.0,6.0,0.78,0.0,0.0,0.0
chesca_reserve_contract_mesh,722,3,6,6,6.9825895054212905,7.858589505421291,0.8760000000000003,7.91954231262207,-0.15643886538545732,90,0.0,6.0,0.8,0.0,0.040000000000000036,0.040000000000000036
chesca_reserve_contract_mesh,723,4,6,6,6.090047133320973,6.966047133320972,0.8759999999999986,7.91954231262207,-0.15164452329098052,90,0.0,4.0,0.85,0.0,0.040000000000000036,0.05555555555555558
chesca_reserve_contract_mesh,724,5,6,4,5.766671913708178,6.322671913708178,0.556,7.909320831298828,-0.106678468001945,90,0.0,0.0,0.8,0.09499999999999997,0.135,0.16916666666666666
chesca_reserve_contract_mesh,725,6,6,0,5.345131893494081,5.34513189349408,-8.881784197001252e-16,7.909320831298828,-0.056989699208780685,90,0.0,0.0,0.75,0.19199999999999995,0.19199999999999995,0.21599999999999997
chesca_reserve_contract_mesh,726,7,6,0,4.851997615990353,4.851997615990353,0.0,7.909320831298828,0.0627474591149779,90,0.0,0.0,0.7,0.2416666666666667,0.2416666666666667,0.26583333333333337
chesca_reserve_contract_mesh,727,8,6,0,4.25807076075769,4.25807076075769,0.0,7.909320831298828,0.005717487094325402,90,0.0,0.0,0.6,0.34124999999999994,0.34124999999999994,0.381875
chesca_reserve_contract_mesh,728,9,6,1,2.5550928242701945,2.715092824270195,0.1600000000000006,7.909320831298828,-0.2241698638818874,90,0.0,0.0,0.5,0.44100000000000006,0.4810000000000001,0.4885
chesca_reserve_contract_mesh,729,10,6,1,1.3459101888985292,1.505910188898529,0.1599999999999997,7.909320831298828,-0.1198598409067569,90,0.0,0.0,0.6,0.34124999999999994,0.38125,0.38854166666666673
chesca_reserve_contract_mesh,730,11,6,0,2.039607841469109,2.039607841469109,0.0,7.909320831298828,0.0702336763081636,90,0.0,0.0,0.65,0.29142857142857137,0.29142857142857137,0.32380952380952377
chesca_reserve_contract_mesh,731,12,6,6,2.791961137894625,1.915961137894625,-0.8760000000000001,7.909320831298828,0.11211646581815683,90,6.0,0.0,0.65,0.24285714285714277,0.20285714285714274,0.28380952380952373
chesca_reserve_contract_mesh,732,13,6,6,4.5279284829896165,3.6519284829896166,-0.8759999999999999,7.904576301574707,0.18210909742223785,90,6.0,0.0,0.7,0.09666666666666668,0.05666666666666664,0.1936111111111111
chesca_reserve_contract_mesh,733,14,6,5,7.118254194943109,6.40225419494311,-0.7159999999999993,7.904576301574707,0.3335502070494875,90,5.0,1.0,0.7,0.0,0.0,0.13583333333333333
chesca_reserve_contract_mesh,734,15,6,3,8.304387820559743,7.880387820559743,-0.4240000000000004,7.904576301574707,0.19220183816192313,90,3.0,3.0,0.7,0.0,0.0,0.10083333333333333
chesca_reserve_contract_mesh,735,16,6,3,9.641937814672104,9.217937814672105,-0.4239999999999995,7.909320831298828,0.2604352523929254,90,3.0,3.0,0.65,0.0,0.0,0.07714285714285711
chesca_reserve_contract_mesh,736,17,6,2,12.1526413983785,11.8606413983785,-0.2920000000000016,7.904576301574707,1.8546342772323,90,2.0,4.0,0.7,0.0,0.0,0.018888888888888882
chesca_reserve_contract_mesh,737,18,6,1,12.07252369498737,11.94052369498737,-0.13199999999999967,7.904576301574707,1.5306947723244195,90,1.0,5.0,0.6,0.0,0.0,0.0014583333333333208
chesca_reserve_contract_mesh,738,19,6,0,14.640442956851354,14.640442956851356,1.7763568394002505e-15,7.904576301574707,2.2346331664058416,90,0.0,6.0,0.6,0.0,0.0,0.0
chesca_reserve_contract_mesh,739,20,6,0,13.482555250471107,13.482555250471107,0.0,7.904576301574707,1.405741925038569,90,0.0,6.0,0.6,0.0,0.0,0.0
chesca_reserve_contract_mesh,740,21,6,0,12.663340758605855,12.663340758605855,0.0,7.904576301574707,1.4249060503000546,90,0.0,6.0,0.6,0.0,0.0,0.0
chesca_reserve_contract_mesh,741,22,6,1,10.305434246525499,10.1454342465255,-0.15999999999999837,7.904576301574707,0.26854222837446773,90,1.0,5.0,0.55,0.0,0.0,0.0014814814814814725
chesca_reserve_contract_mesh,742,23,6,0,11.175341460744734,11.175341460744734,0.0,7.824129581451416,1.265128002830258,90,0.0,6.0,0.6,0.0,0.0,0.0
chesca_reserve_contract_mesh,743,24,6,0,9.503636503040225,9.503636503040225,0.0,7.824129581451416,0.3808485418098849,90,0.0,6.0,0.65,0.0,0.0,0.0
chesca_reserve_contract_mesh,744,1,6,0,9.722712776230695,9.722712776230695,0.0,7.824129581451416,0.5492929941599091,90,0.0,6.0,0.72,0.0,0.0,0.0
chesca_reserve_contract_mesh,745,2,6,0,9.533471438228517,9.533471438228517,0.0,7.824129581451416,0.4033278987734771,90,0.0,6.0,0.78,0.0,0.0,0.0
chesca_reserve_contract_mesh,746,3,6,1,8.76731313490836,8.60731313490836,-0.16000000000000014,7.824129581451416,0.13297379077896254,90,1.0,5.0,0.8,0.0,0.0,0.0012499999999999918
chesca_reserve_contract_mesh,747,4,6,0,8.303549277358806,8.303549277358806,0.0,7.824129581451416,0.03398919681777951,90,0.0,6.0,0.85,0.0,0.0,0.0
chesca_reserve_contract_mesh,748,5,6,6,6.585953471296897,7.461953471296896,0.8759999999999994,7.904576301574707,-0.14151081792570175,90,0.0,2.0,0.8,0.0,0.040000000000000036,0.09541666666666669
chesca_reserve_contract_mesh,749,6,6,5,5.666866220149432,6.382866220149432,0.7160000000000002,7.904576301574707,-0.10884251701480818,90,0.0,0.0,0.75,0.04800000000000004,0.08800000000000008,0.18533333333333335
chesca_reserve_contract_mesh,750,7,6,4,5.281371622861288,5.8653716228612875,0.5839999999999996,7.904576301574707,-0.14630526496873805,90,0.0,0.0,0.7,0.14500000000000002,0.18500000000000005,0.26027777777777783
chesca_reserve_contract_mesh,751,8,6,0,4.494711218832867,4.494711218832867,0.0,7.904576301574707,-0.05230876378797349,90,0.0,0.0,0.6,0.2925,0.2925,0.36562500000000003
chesca_reserve_contract_mesh,752,9,6,0,3.6556680120726455,3.6556680120726455,0.0,7.904576301574707,-0.01563775200279264,90,0.0,0.0,0.5,0.44100000000000006,0.44100000000000006,0.48183333333333334
chesca_reserve_contract_mesh,753,10,6,0,3.2040192912515653,3.204019291251565,-4.440892098500626e-16,7.904576301574707,-0.012516998878594875,90,0.0,0.0,0.6,0.39,0.39,0.39000000000000007
chesca_reserve_contract_mesh,754,11,6,0,2.4957843686289367,2.4957843686289367,0.0,7.904576301574707,0.028405565011118628,90,0.0,0.0,0.65,0.33999999999999997,0.33999999999999997,0.3399999999999999
chesca_reserve_contract_mesh,755,12,6,6,4.0944870141671235,3.218487014167124,-0.8759999999999994,7.904576301574707,0.1937280913915621,90,6.0,0.0,0.65,0.29142857142857137,0.25142857142857133,0.27571428571428563
chesca_reserve_contract_mesh,756,13,6,6,5.0620807385157764,4.186080738515776,-0.8760000000000003,7.904576301574707,0.24018071745275932,90,6.0,0.0,0.7,0.14500000000000002,0.10499999999999998,0.18555555555555556
chesca_reserve_contract_mesh,757,14,6,4,6.583551430653026,5.999551430653026,-0.5839999999999996,7.904576301574707,0.14002806836104825,90,4.0,2.0,0.7,0.0,0.0,0.1425
chesca_reserve_contract_mesh,758,15,6,4,7.581684129088217,6.997684129088217,-0.5839999999999996,7.904576301574707,0.11761935629364573,90,4.0,2.0,0.7,0.0,0.0,0.12638888888888888
chesca_reserve_contract_mesh,759,16,6,4,8.991255762817168,8.407255762817169,-0.5839999999999996,7.904576301574707,0.5297309847551692,90,4.0,2.0,0.65,0.0,0.0,0.09476190476190471
chesca_reserve_contract_mesh,760,17,6,0,13.341363883975765,13.341363883975763,-1.7763568394002505e-15,7.904576301574707,2.245891357782111,90,0.0,6.0,0.7,0.0,0.0,0.0
chesca_reserve_contract_mesh,761,18,6,1,10.040711520755377,9.880711520755376,-0.16000000000000014,7.904576301574707,0.2872405021794975,90,1.0,5.0,0.6,0.0,0.0,0.0014583333333333208
chesca_reserve_contract_mesh,762,19,6,0,13.524438617978088,13.524438617978088,0.0,7.904576301574707,1.3846219646033635,90,0.0,6.0,0.6,0.0,0.0,0.0
chesca_reserve_contract_mesh,763,20,6,0,11.614669254936254,11.614669254936254,0.0,7.904576301574707,0.8678168476855046,90,0.0,6.0,0.6,0.0,0.0,0.0
chesca_reserve_contract_mesh,764,21,6,0,12.085767695092636,12.085767695092636,0.0,7.904576301574707,1.04903629906957,90,0.0,6.0,0.6,0.0,0.0,0.0
chesca_reserve_contract_mesh,765,22,6,1,10.668701229236053,10.508701229236053,-0.16000000000000014,7.904576301574707,0.5838338447886631,90,1.0,5.0,0.55,0.0,0.0,0.0014814814814814725
chesca_reserve_contract_mesh,766,23,6,0,9.70190799358294,9.70190799358294,0.0,7.904576301574707,0.589651734166675,90,0.0,6.0,0.6,0.0,0.0,0.0
chesca_reserve_contract_mesh,767,24,6,0,10.905176794903946,10.905176794903946,0.0,7.904576301574707,0.9444586813181595,90,0.0,6.0,0.65,0.0,0.0,0.0
chesca_reserve_contract_mesh,768,1,6,0,10.307370320235547,10.307370320235547,0.0,7.904576301574707,0.6017921810006738,90,0.0,6.0,0.72,0.0,0.0,0.0
chesca_reserve_contract_mesh,769,2,6,0,9.878474697745801,9.878474697745801,0.0,7.904576301574707,0.5114573711384182,90,0.0,6.0,0.78,0.0,0.0,0.0
chesca_reserve_contract_mesh,770,3,6,0,8.73962486145719,8.739624861457191,1.7763568394002505e-15,7.904576301574707,0.07940286503432412,90,0.0,6.0,0.8,0.0,0.0,0.0
chesca_reserve_contract_mesh,771,4,6,6,7.767557963797749,8.643557963797749,0.8759999999999994,7.904576301574707,-0.10885355015542564,90,0.0,6.0,0.85,0.0,0.040000000000000036,0.040000000000000036
chesca_reserve_contract_mesh,772,5,6,6,6.450445373977677,7.326445373977676,0.8759999999999994,7.917657852172852,-0.1276396409718759,90,0.0,1.0,0.8,0.0,0.040000000000000036,0.11125000000000002
chesca_reserve_contract_mesh,773,6,6,0,6.247199720169871,6.24719972016987,-8.881784197001252e-16,7.917657852172852,-0.002505088910965264,90,0.0,0.0,0.75,0.09599999999999997,0.09599999999999997,0.168
chesca_reserve_contract_mesh,774,7,6,0,5.6487572208989345,5.6487572208989345,0.0,7.917657852172852,0.07411813257007227,90,0.0,0.0,0.7,0.14500000000000002,0.14500000000000002,0.2255555555555556
chesca_reserve_contract_mesh,775,8,6,0,5.850335953209206,5.850335953209206,0.0,7.917657852172852,0.06566473716881122,90,0.0,0.0,0.6,0.14625,0.14625,0.29250000000000004
chesca_reserve_contract_mesh,776,9,6,0,3.272145060177687,3.2721450601776865,-4.440892098500626e-16,7.904576301574707,-0.07647768399626707,90,0.0,0.0,0.5,0.29400000000000004,0.29400000000000004,0.43283333333333335
chesca_reserve_contract_mesh,777,10,6,6,3.7985097623775057,2.922509762377506,-0.8759999999999999,7.904576301574707,0.0861920438255519,90,6.0,0.0,0.6,0.14625,0.10624999999999996,0.309375
chesca_reserve_contract_mesh,778,11,6,6,4.054920845964862,3.1789208459648615,-0.8760000000000003,7.904576301574707,0.14142075309794644,90,6.0,0.0,0.65,0.0485714285714286,0.008571428571428563,0.227142857142857
chesca_reserve_contract_mesh,779,12,6,6,4.399792043096606,3.5237920430966065,-0.8759999999999994,7.904576301574707,0.10685292705400809,90,6.0,0.0,0.65,0.0485714285714286,0.008571428571428563,0.1947619047619047
chesca_reserve_contract_mesh,780,13,6,5,6.7151211696732425,5.971121169673242,-0.7440000000000007,7.824129581451416,0.10018724486587045,90,5.0,1.0,0.7,0.0,0.0,0.1036111111111111
chesca_reserve_contract_mesh,781,14,6,2,7.072187571103234,7.392187571103234,0.3200000000000003,7.8683342933654785,-0.07949511362452549,90,0.0,2.0,0.7,0.0,0.0,0.11805555555555558
chesca_reserve_contract_mesh,782,15,6,0,6.575869624364475,6.575869624364476,8.881784197001252e-16,7.8683342933654785,-0.05299643193002351,90,0.0,2.0,0.7,0.0,0.0,0.10472222222222223
chesca_reserve_contract_mesh,783,16,6,5,6.899774860827853,6.1557748608278535,-0.7439999999999998,7.8683342933654785,0.10381491437067532,90,5.0,1.0,0.65,0.0,0.0,0.10428571428571425
chesca_reserve_contract_mesh,784,17,6,2,8.248611402661643,7.928611402661644,-0.3199999999999994,7.8683342933654785,0.16674325950210328,90,2.0,4.0,0.7,0.0,0.0,0.034999999999999996
chesca_reserve_contract_mesh,785,18,6,0,7.198254564547101,7.198254564547101,0.0,7.783481121063232,0.013688053883241798,90,0.0,1.0,0.6,0.0,0.0,0.09749999999999999
chesca_reserve_contract_mesh,786,19,6,3,9.214833239831307,8.762833239831307,-0.45199999999999996,7.725121021270752,0.40055851421202693,90,3.0,3.0,0.6,0.0,0.0,0.012499999999999975
chesca_reserve_contract_mesh,787,20,6,1,8.95661518688624,8.796615186886239,-0.16000000000000014,7.725121021270752,0.346166554524287,90,1.0,5.0,0.6,0.0,0.0,0.0014583333333333208
chesca_reserve_contract_mesh,788,21,6,1,8.602141022652427,8.442141022652427,-0.16000000000000014,7.725121021270752,0.2441253638416242,90,1.0,5.0,0.6,0.0,0.0,0.0014583333333333208
chesca_reserve_contract_mesh,789,22,6,6,7.513511631893738,8.389511631893738,0.8760000000000003,7.725121021270752,-0.1391381924004947,90,0.0,3.0,0.55,0.0,0.040000000000000036,0.08074074074074077
chesca_reserve_contract_mesh,790,23,6,6,6.905524749523654,7.781524749523653,0.8759999999999994,7.725121021270752,-0.654352177688775,90,0.0,2.0,0.6,0.0,0.040000000000000036,0.11312500000000003
chesca_reserve_contract_mesh,791,24,6,0,7.699371732950537,7.699371732950537,0.0,7.7094950675964355,0.021348850437581078,90,0.0,3.0,0.65,0.0,0.0,0.048571428571428564
chesca_reserve_contract_mesh,792,1,6,1,8.800431693493751,8.640431693493753,-0.15999999999999837,7.7094950675964355,0.08480279734996901,90,1.0,5.0,0.72,0.0,0.0,0.015833333333333328
chesca_reserve_contract_mesh,793,2,6,1,9.322889545338821,9.162889545338821,-0.16000000000000014,7.7094950675964355,0.41310846102016296,90,1.0,5.0,0.78,0.0,0.0,0.00033333333333333365
chesca_reserve_contract_mesh,794,3,6,6,6.189679743129768,7.065679743129769,0.8760000000000003,7.7094950675964355,-0.3335588797502805,90,0.0,4.0,0.8,0.0,0.040000000000000036,0.05583333333333337
chesca_reserve_contract_mesh,795,4,6,0,6.402477974771928,6.402477974771928,0.0,7.671348571777344,-0.0018169172811074857,90,0.0,3.0,0.85,0.0,0.0,0.038888888888888896
chesca_reserve_contract_mesh,796,5,6,0,5.80324558096668,5.80324558096668,0.0,7.671348571777344,0.018832510045957596,90,0.0,0.0,0.8,0.04749999999999999,0.04749999999999999,0.12666666666666662
chesca_reserve_contract_mesh,797,6,6,5,6.644315136374227,5.928315136374227,-0.7160000000000002,7.671348571777344,0.11438592987320574,90,5.0,1.0,0.75,0.0,0.0,0.12666666666666662
chesca_reserve_contract_mesh,798,7,6,4,5.169603078268489,5.75360307826849,0.5840000000000014,7.671348571777344,-0.12275657372888088,90,0.0,0.0,0.7,0.04833333333333334,0.08833333333333337,0.2280555555555556
chesca_reserve_contract_mesh,799,8,6,3,5.188023722253776,5.612023722253776,0.4239999999999995,7.671348571777344,-0.09171582566926506,90,0.0,0.0,0.6,0.09750000000000003,0.13750000000000007,0.33687500000000004
chesca_reserve_contract_mesh,800,9,6,0,4.851398233666168,4.851398233666169,8.881784197001252e-16,7.671348571777344,-0.05233839600524349,90,0.0,0.0,0.5,0.245,0.245,0.4246666666666667
chesca_reserve_contract_mesh,801,10,6,0,6.736339041003417,6.736339041003418,8.881784197001252e-16,7.671348571777344,0.06050703979105037,90,0.0,1.0,0.6,0.0,0.0,0.26
chesca_reserve_contract_mesh,802,11,6,4,4.8037900759580925,5.387790075958093,0.5840000000000005,7.671348571777344,-0.10197058485273859,90,0.0,0.0,0.65,0.14571428571428569,0.18571428571428572,0.2776190476190476
chesca_reserve_contract_mesh,803,12,6,3,4.86904516642576,5.2930451664257605,0.4240000000000004,7.7094950675964355,-0.2821024619686729,90,0.0,0.0,0.65,0.14571428571428569,0.18571428571428572,0.3033333333333333
chesca_reserve_contract_mesh,804,13,6,6,6.259374987239394,5.383374987239393,-0.8760000000000003,7.7094950675964355,0.09116461396308981,90,6.0,0.0,0.7,0.19333333333333336,0.15333333333333332,0.21777777777777776
chesca_reserve_contract_mesh,805,14,6,0,5.923325126413726,5.923325126413726,0.0,7.7094950675964355,0.027570747421320634,90,0.0,0.0,0.7,0.14500000000000002,0.14500000000000002,0.2255555555555556
chesca_reserve_contract_mesh,806,15,6,0,5.347647965388246,5.347647965388246,0.0,7.7094950675964355,-0.039085905796473225,90,0.0,0.0,0.7,0.09666666666666668,0.09666666666666668,0.20138888888888892
chesca_reserve_contract_mesh,807,16,6,0,5.96783761000259,5.96783761000259,0.0,7.671348571777344,0.051192562315372,90,0.0,0.0,0.65,0.14571428571428569,0.14571428571428569,0.23476190476190473
chesca_reserve_contract_mesh,808,17,6,0,7.0309010700485,7.030901070048501,8.881784197001252e-16,7.637750625610352,0.008750309923244978,90,0.0,0.0,0.7,0.04833333333333334,0.04833333333333334,0.16111111111111112
chesca_reserve_contract_mesh,809,18,6,0,7.916862622328878,7.916862622328878,0.0,7.637750625610352,0.04466796561252814,90,0.0,0.0,0.6,0.09750000000000003,0.09750000000000003,0.19499999999999998
chesca_reserve_contract_mesh,810,19,6,4,8.554740340436886,7.970740340436886,-0.5840000000000005,7.671348571777344,0.44332491538103286,90,4.0,2.0,0.6,0.0,0.0,0.07895833333333331
chesca_reserve_contract_mesh,811,20,6,2,9.111966740696776,8.819966740696776,-0.2919999999999998,7.671348571777344,0.16686094519874445,90,2.0,4.0,0.6,0.0,0.0,0.05166666666666666
chesca_reserve_contract_mesh,812,21,6,2,10.989367167124026,10.697367167124028,-0.29199999999999804,7.671348571777344,0.9051588162048272,90,2.0,4.0,0.6,0.0,0.0,0.043541666666666645
chesca_reserve_contract_mesh,813,22,6,2,10.11219431857456,9.82019431857456,-0.2919999999999998,7.671348571777344,0.5288549352895939,90,2.0,4.0,0.55,0.0,0.0,0.051851851851851836
chesca_reserve_contract_mesh,814,23,6,0,8.030606983795726,8.030606983795726,0.0,7.671348571777344,0.01913562241554026,90,0.0,5.0,0.6,0.0,0.0,0.048749999999999995
chesca_reserve_contract_mesh,815,24,6,0,8.065489394098247,8.065489394098245,-1.7763568394002505e-15,7.661932945251465,-0.03547846940622554,90,0.0,5.0,0.65,0.0,0.0,0.048571428571428564
chesca_reserve_contract_mesh,816,1,6,1,9.196714282503383,9.036714282503384,-0.15999999999999837,7.6891655921936035,0.3808621147476129,90,1.0,5.0,0.72,0.0,0.0,0.03083333333333334
chesca_reserve_contract_mesh,817,2,6,6,7.57973872826979,8.455738728269793,0.876000000000003,7.7094950675964355,-0.2736472735535652,90,0.0,5.0,0.78,0.0,0.040000000000000036,0.06100000000000003
chesca_reserve_contract_mesh,818,3,6,5,6.048298647839584,6.764298647839584,0.7160000000000002,7.7341814041137695,-0.31561148548138446,90,0.0,1.0,0.8,0.0,0.040000000000000036,0.09666666666666668
chesca_reserve_contract_mesh,819,4,6,5,5.73837725845611,6.45437725845611,0.7160000000000002,7.7341814041137695,-0.090816979419691,90,0.0,2.0,0.85,0.0,0.040000000000000036,0.0955555555555556
chesca_reserve_contract_mesh,820,5,6,2,5.631770613528828,5.951770613528828,0.3200000000000003,7.7341814041137695,-0.08174772706516581,90,0.0,0.0,0.8,0.09499999999999997,0.135,0.1795833333333333
chesca_reserve_contract_mesh,821,6,6,0,5.692760097047705,5.692760097047705,0.0,7.7341814041137695,-0.006221185894161808,90,0.0,0.0,0.75,0.19199999999999995,0.19199999999999995,0.23199999999999998
chesca_reserve_contract_mesh,822,7,6,0,5.051894928530403,5.051894928530404,8.881784197001252e-16,7.7341814041137695,-0.020263603231003673,90,0.0,0.0,0.7,0.29000000000000004,0.29000000000000004,0.29000000000000004
chesca_reserve_contract_mesh,823,8,6,0,3.738017082829699,3.738017082829699,0.0,7.7341814041137695,-0.031504825919606176,90,0.0,0.0,0.6,0.39,0.39,0.39000000000000007
chesca_reserve_contract_mesh,824,9,6,0,3.396646118666655,3.396646118666655,0.0,7.7341814041137695,0.032885428202280596,90,0.0,0.0,0.5,0.44100000000000006,0.44100000000000006,0.48183333333333334
chesca_reserve_contract_mesh,825,10,6,2,1.3846409084716051,1.6766409084716054,0.29200000000000026,7.7094950675964355,-0.0981622887821775,90,0.0,0.0,0.6,0.34124999999999994,0.38125,0.3870833333333334
chesca_reserve_contract_mesh,826,11,6,0,2.0300531268447943,2.030053126844794,-4.440892098500626e-16,7.7094950675964355,0.04128495623352754,90,0.0,0.0,0.65,0.29142857142857137,0.29142857142857137,0.33190476190476187
chesca_reserve_contract_mesh,827,12,6,0,2.1573270352227913,2.1573270352227913,0.0,7.7094950675964355,0.06754439266677202,90,0.0,0.0,0.65,0.33999999999999997,0.33999999999999997,0.3399999999999999
chesca_reserve_contract_mesh,828,13,6,0,3.527461965836105,3.527461965836105,0.0,7.7094950675964355,-0.0054395641003303005,90,0.0,0.0,0.7,0.29000000000000004,0.29000000000000004,0.29000000000000004
chesca_reserve_contract_mesh,829,14,6,0,4.177455154704508,4.177455154704508,0.0,7.7094950675964355,0.029049453683671587,90,0.0,0.0,0.7,0.2416666666666667,0.2416666666666667,0.2819444444444445
chesca_reserve_contract_mesh,830,15,6,0,6.011219878222141,6.011219878222141,0.0,7.7094950675964355,0.010445330308868128,90,0.0,0.0,0.7,0.2416666666666667,0.2416666666666667,0.26583333333333337
chesca_reserve_contract_mesh,831,16,6,6,6.073452084491308,5.263452084491307,-0.8100000000000005,7.7094950675964355,0.14793133758760005,90,6.0,0.0,0.65,0.24285714285714277,0.22285714285714275,0.2709523809523809
chesca_reserve_contract_mesh,832,17,6,6,6.182083971498792,7.058083971498792,0.8760000000000003,7.7341814041137695,-0.18410535066756445,90,0.0,0.0,0.7,0.19333333333333336,0.2333333333333334,0.25750000000000006
chesca_reserve_contract_mesh,833,18,6,6,8.01223604873298,7.136236048732979,-0.8760000000000012,7.7341814041137695,0.14457233175623974,90,6.0,0.0,0.6,0.19499999999999995,0.15499999999999992,0.2768749999999999
chesca_reserve_contract_mesh,834,19,6,6,8.573290241342193,9.449290241342194,0.8760000000000012,7.790894985198975,-0.34675984382955843,90,0.0,1.0,0.6,0.0,0.040000000000000036,0.23500000000000001
chesca_reserve_contract_mesh,835,20,6,6,8.87916966972153,9.75516966972153,0.8759999999999994,7.828787803649902,-0.35646212938157046,90,0.0,2.0,0.6,0.0,0.040000000000000036,0.23500000000000001
chesca_reserve_contract_mesh,836,21,6,5,7.949860354977886,8.693860354977888,0.7440000000000015,7.828787803649902,-0.5151433601912265,90,0.0,2.0,0.6,0.0,0.040000000000000036,0.21208333333333337
chesca_reserve_contract_mesh,837,22,6,4,8.985946817186143,8.373946817186145,-0.6119999999999983,7.828787803649902,0.16806457140152753,90,4.0,1.0,0.55,0.0,0.0,0.18666666666666662
chesca_reserve_contract_mesh,838,23,6,6,7.549607388285851,8.425607388285853,0.8760000000000012,7.828787803649902,-0.26033795596082876,90,0.0,3.0,0.6,0.0,0.040000000000000036,0.17
chesca_reserve_contract_mesh,839,24,6,0,7.3341152088604025,7.3341152088604025,0.0,7.790894985198975,-0.020804600547276106,90,0.0,3.0,0.65,0.0,0.0,0.1133333333333333
chesca_reserve_contract_mesh,840,1,6,0,7.479757399963205,7.479757399963205,0.0,7.7341814041137695,0.044542257477309374,90,0.0,3.0,0.72,0.0,0.0,0.0675
chesca_reserve_contract_mesh,841,2,6,0,6.7545424786001105,6.7545424786001105,0.0,7.7094950675964355,-0.05750591878318978,90,0.0,4.0,0.78,0.0,0.0,0.04899999999999999
chesca_reserve_contract_mesh,842,3,6,0,6.158681226622548,6.158681226622548,0.0,7.6891655921936035,-0.019065901829548433,90,0.0,3.0,0.8,0.0,0.0,0.05541666666666665
chesca_reserve_contract_mesh,843,4,6,0,5.7852287642696245,5.785228764269625,8.881784197001252e-16,7.6891655921936035,0.029246721799125318,90,0.0,4.0,0.85,0.0,0.0,0.038888888888888896
chesca_reserve_contract_mesh,844,5,6,0,5.297756015198774,5.297756015198774,0.0,7.6891655921936035,0.027575684985174917,90,0.0,0.0,0.8,0.04749999999999999,0.04749999999999999,0.11874999999999997
chesca_reserve_contract_mesh,845,6,6,6,5.946090840046345,5.070090840046346,-0.8759999999999994,7.6891655921936035,0.104761360436636,90,6.0,0.0,0.75,0.04800000000000004,0.008000000000000007,0.13599999999999995
chesca_reserve_contract_mesh,846,7,6,6,5.7622842149914835,4.886284214991482,-0.8760000000000012,7.6891655921936035,0.24340466371579675,90,6.0,0.0,0.7,0.09666666666666668,0.05666666666666664,0.16944444444444443
chesca_reserve_contract_mesh,847,8,6,6,5.223109727049221,4.347109727049221,-0.8759999999999994,7.6891655921936035,0.09507098041843831,90,6.0,0.0,0.6,0.09750000000000003,0.057499999999999996,0.25249999999999995
chesca_reserve_contract_mesh,848,9,6,6,5.224065349535614,4.348065349535615,-0.8759999999999994,7.6891655921936035,0.0919166684280458,90,6.0,0.0,0.5,0.09799999999999998,0.05799999999999994,0.3356666666666666
chesca_reserve_contract_mesh,849,10,6,5,4.595899730652169,3.8518997306521694,-0.7439999999999998,7.6891655921936035,0.1658034093326927,90,5.0,1.0,0.6,0.0,0.0,0.2510416666666666
chesca_reserve_contract_mesh,850,11,6,2,2.0061281389667123,2.298128138966713,0.2920000000000007,7.6891655921936035,-0.25854280633628807,90,0.0,0.0,0.65,0.09714285714285709,0.13714285714285712,0.28857142857142853
chesca_reserve_contract_mesh,851,12,6,1,0.7113972269638107,0.8713972269638107,0.16000000000000003,7.6891655921936035,-0.0841786610464415,90,0.0,0.0,0.65,0.14571428571428569,0.18571428571428572,0.3142857142857142
chesca_reserve_contract_mesh,852,13,6,6,2.3240386689622685,1.4480386689622686,-0.8759999999999999,7.6891655921936035,0.09149468964761753,90,6.0,0.0,0.7,0.14500000000000002,0.10499999999999998,0.22583333333333333
chesca_reserve_contract_mesh,853,14,6,0,1.9634898865861687,1.9634898865861685,-2.220446049250313e-16,7.6891655921936035,-0.008935623828677818,90,0.0,0.0,0.7,0.04833333333333334,0.04833333333333334,0.24972222222222226
chesca_reserve_contract_mesh,854,15,6,5,3.588142513822441,2.8721425138224412,-0.7159999999999997,7.6891655921936035,0.08255302152407837,90,5.0,1.0,0.7,0.0,0.0,0.20027777777777778
chesca_reserve_contract_mesh,855,16,6,6,5.340621605495762,4.464621605495761,-0.8760000000000003,7.6891655921936035,0.40757224225134,90,6.0,0.0,0.65,0.0485714285714286,0.008571428571428563,0.23523809523809516
chesca_reserve_contract_mesh,856,17,6,5,7.2083940780772,6.492394078077201,-0.7159999999999993,7.6891655921936035,0.5270184806378121,90,5.0,1.0,0.7,0.0,0.0,0.13583333333333333
chesca_reserve_contract_mesh,857,18,6,5,9.759557766084473,9.015557766084472,-0.7440000000000015,7.7094950675964355,0.27016692229567785,90,5.0,1.0,0.6,0.0,0.0,0.09666666666666662
chesca_reserve_contract_mesh,858,19,6,3,9.68929665083477,9.23729665083477,-0.45199999999999996,7.6891655921936035,0.6442049502047271,90,3.0,3.0,0.6,0.0,0.0,0.020624999999999987
chesca_reserve_contract_mesh,859,20,6,1,10.098042984708371,9.966042984708372,-0.13199999999999967,7.7094950675964355,0.7280284458208064,90,1.0,5.0,0.6,0.0,0.0,0.0014583333333333208
chesca_reserve_contract_mesh,860,21,6,0,9.546484360660276,9.546484360660275,-1.7763568394002505e-15,7.7094950675964355,0.5895027730460066,90,0.0,6.0,0.6,0.0,0.0,0.0
chesca_reserve_contract_mesh,861,22,6,6,7.917973109013275,8.793973109013274,0.8759999999999994,7.7341814041137695,-0.33991966315811317,90,0.0,3.0,0.55,0.0,0.040000000000000036,0.07259259259259261
chesca_reserve_contract_mesh,862,23,6,0,7.0967034660492185,7.0967034660492185,0.0,7.7341814041137695,0.04176203201165998,90,0.0,4.0,0.6,0.0,0.0,0.032499999999999994
chesca_reserve_contract_mesh,863,24,6,1,8.52273198978277,8.36273198978277,-0.16000000000000014,7.7341814041137695,0.4159768663397457,90,1.0,5.0,0.65,0.0,0.0,0.017619047619047607
chesca_reserve_contract_mesh,864,1,6,1,8.82953879761966,8.66953879761966,-0.16000000000000014,7.790894985198975,0.3893113902245135,90,1.0,5.0,0.72,0.0,0.0,0.000833333333333334
chesca_reserve_contract_mesh,865,2,6,0,6.7803184043433795,6.78031840434338,8.881784197001252e-16,7.828787803649902,-0.05288696444397348,90,0.0,6.0,0.78,0.0,0.0,0.0
chesca_reserve_contract_mesh,866,3,6,3,5.811038060584535,5.359038060584536,-0.45199999999999907,7.828787803649902,0.09240433669997165,90,3.0,3.0,0.8,0.0,0.0,0.0037499999999999756
chesca_reserve_contract_mesh,867,4,6,2,5.245883852332879,4.953883852332878,-0.2920000000000007,7.828787803649902,0.14102981393260883,90,2.0,4.0,0.85,0.0,0.0,0.0022222222222221997
chesca_reserve_contract_mesh,868,5,6,6,5.2595051592923125,4.383505159292312,-0.8760000000000003,7.828787803649902,0.14630868649111478,90,6.0,0.0,0.8,0.04749999999999999,0.007499999999999951,0.0629166666666666
chesca_reserve_contract_mesh,869,6,6,6,5.709866309994454,4.833866309994454,-0.8760000000000003,7.828787803649902,0.24650641853217825,90,6.0,0.0,0.75,0.04800000000000004,0.008000000000000007,0.10399999999999997
chesca_reserve_contract_mesh,870,7,6,6,4.962068158898651,4.086068158898651,-0.8760000000000003,7.828787803649902,0.16516477856952774,90,6.0,0.0,0.7,0.09666666666666668,0.05666666666666664,0.15333333333333332
chesca_reserve_contract_mesh,871,8,6,6,3.9328401258114036,3.0568401258114024,-0.8760000000000012,7.828787803649902,0.14470695287587737,90,6.0,0.0,0.6,0.14625,0.10624999999999996,0.25249999999999995
chesca_reserve_contract_mesh,872,9,6,0,5.045688886605926,5.045688886605926,0.0,7.828787803649902,0.0685738206411082,90,0.0,0.0,0.5,0.245,0.245,0.37566666666666665
chesca_reserve_contract_mesh,873,10,6,3,3.962285531244567,4.414285531244567,0.45199999999999996,7.868456840515137,-0.7307480740146409,90,0.0,0.0,0.6,0.19499999999999995,0.235,0.32875000000000004
chesca_reserve_contract_mesh,874,11,6,2,3.7546569358827244,4.046656935882725,0.29200000000000026,7.868456840515137,-0.30390591000262235,90,0.0,0.0,0.65,0.19428571428571428,0.23428571428571432,0.30476190476190473
chesca_reserve_contract_mesh,875,12,6,2,4.11540335441582,4.40740335441582,0.2919999999999998,7.868456840515137,-0.08982139406125406,90,0.0,0.0,0.65,0.19428571428571428,0.23428571428571432,0.3209523809523809
chesca_reserve_contract_mesh,876,13,6,6,4.591226596307526,3.715226596307526,-0.8759999999999999,7.868456840515137,0.15586428200884236,90,6.0,0.0,0.7,0.14500000000000002,0.10499999999999998,0.20972222222222223
chesca_reserve_contract_mesh,877,14,6,5,6.883903302756924,6.1679033027569234,-0.7160000000000002,7.868456840515137,0.34729046414629655,90,5.0,1.0,0.7,0.0,0.0,0.1761111111111111
chesca_reserve_contract_mesh,878,15,6,4,6.970474376122732,7.5824743761227325,0.6120000000000001,7.939005374908447,-0.37324592010733937,90,0.0,1.0,0.7,0.0,0.040000000000000036,0.2119444444444445
chesca_reserve_contract_mesh,879,16,6,6,6.471166776929001,5.595166776929,-0.8760000000000012,7.948615074157715,0.15419135072503828,90,6.0,0.0,0.65,0.0485714285714286,0.008571428571428563,0.23523809523809516
chesca_reserve_contract_mesh,880,17,6,5,7.833609720711175,7.117609720711176,-0.7159999999999993,7.948615074157715,0.6128522199389353,90,5.0,1.0,0.7,0.0,0.0,0.13583333333333333
chesca_reserve_contract_mesh,881,18,6,5,8.222220001477579,7.506220001477578,-0.7160000000000011,7.91192102432251,0.42857024054711124,90,5.0,1.0,0.6,0.0,0.0,0.09666666666666664
chesca_reserve_contract_mesh,882,19,6,1,9.19619328632703,9.036193286327032,-0.15999999999999837,7.868456840515137,0.5372704358459812,90,1.0,5.0,0.6,0.0,0.0,0.017708333333333326
chesca_reserve_contract_mesh,883,20,6,6,7.756024654722018,8.632024654722018,0.8760000000000003,7.868456840515137,-0.13636504084503823,90,0.0,5.0,0.6,0.0,0.040000000000000036,0.04812500000000003
chesca_reserve_contract_mesh,884,21,6,0,7.85978107300111,7.859781073001111,8.881784197001252e-16,7.868456840515137,0.04485916559202676,90,0.0,4.0,0.6,0.0,0.0,0.024374999999999997
chesca_reserve_contract_mesh,885,22,6,3,7.824571755605289,7.40057175560529,-0.4239999999999995,7.828787803649902,0.17350772657722718,90,3.0,3.0,0.55,0.0,0.0,0.04518518518518516
chesca_reserve_contract_mesh,886,23,6,2,8.536593804866477,8.24459380486648,-0.29199999999999804,7.828787803649902,0.3727765885530496,90,2.0,4.0,0.6,0.0,0.0,0.019166666666666665
chesca_reserve_contract_mesh,887,24,6,0,7.995604035969215,7.995604035969215,0.0,7.868456840515137,0.10204411651414734,90,0.0,6.0,0.65,0.0,0.0,0.0
chesca_reserve_contract_mesh,888,1,6,1,8.561213724035023,8.429213724035023,-0.13199999999999967,7.828787803649902,0.2006464030949729,90,1.0,5.0,0.72,0.0,0.0,0.000833333333333334
chesca_reserve_contract_mesh,889,2,6,6,6.832757503709545,7.708757503709545,0.8759999999999994,7.828787803649902,-0.12151403684095854,90,0.0,6.0,0.78,0.0,0.040000000000000036,0.040000000000000036
chesca_reserve_contract_mesh,890,3,6,6,5.421841712884711,6.297841712884711,0.8760000000000003,7.790894985198975,-0.11829066670725993,90,0.0,0.0,0.8,0.04749999999999999,0.08750000000000002,0.11916666666666668
chesca_reserve_contract_mesh,891,4,6,3,5.093250386849969,5.545250386849969,0.45199999999999996,7.790894985198975,-0.10993086424968737,90,0.0,0.0,0.85,0.046666666666666634,0.08666666666666667,0.12111111111111113
chesca_reserve_contract_mesh,892,5,6,0,4.713009361610569,4.713009361610569,0.0,7.790894985198975,-0.0601761076771445,90,0.0,0.0,0.8,0.14249999999999996,0.14249999999999996,0.1820833333333333
chesca_reserve_contract_mesh,893,6,6,0,4.808973444746838,4.808973444746838,0.0,7.790894985198975,0.029052806242737227,90,0.0,0.0,0.75,0.19199999999999995,0.19199999999999995,0.23199999999999998
chesca_reserve_contract_mesh,894,7,6,0,4.323665804127138,4.323665804127138,0.0,7.790894985198975,0.05529242402503591,90,0.0,0.0,0.7,0.29000000000000004,0.29000000000000004,0.29000000000000004
chesca_reserve_contract_mesh,895,8,6,0,2.6256895849030113,2.625689584903011,-4.440892098500626e-16,7.790894985198975,-0.07935249200848728,90,0.0,0.0,0.6,0.39,0.39,0.39000000000000007
chesca_reserve_contract_mesh,896,9,6,1,1.897008226871236,2.057008226871236,0.16000000000000014,7.790894985198975,-0.5396456713377253,90,0.0,0.0,0.5,0.44100000000000006,0.4810000000000001,0.4885
chesca_reserve_contract_mesh,897,10,6,0,1.2135284098061554,1.2135284098061556,2.220446049250313e-16,7.828787803649902,-0.7589415137336823,90,0.0,0.0,0.6,0.39,0.39,0.39000000000000007
chesca_reserve_contract_mesh,898,11,6,1,1.9833426466787318,2.1433426466787324,0.1600000000000006,7.828787803649902,-0.6552288118929172,90,0.0,0.0,0.65,0.29142857142857137,0.3314285714285714,0.3385714285714285
chesca_reserve_contract_mesh,899,12,6,6,3.6670031589660637,2.791003158966064,-0.8759999999999994,7.828787803649902,0.15145491873611172,90,6.0,0.0,0.65,0.33999999999999997,0.29999999999999993,0.2999999999999999
chesca_reserve_contract_mesh,900,13,6,6,5.302190525622729,4.426190525622729,-0.8759999999999994,7.828787803649902,0.18632202948407442,90,6.0,0.0,0.7,0.19333333333333336,0.15333333333333332,0.20166666666666666
chesca_reserve_contract_mesh,901,14,6,6,7.316189651272004,6.440189651272004,-0.8760000000000003,7.828787803649902,0.1229173806819064,90,6.0,0.0,0.7,0.04833333333333334,0.008333333333333304,0.11305555555555553
chesca_reserve_contract_mesh,902,15,6,3,8.26333595152355,7.83933595152355,-0.4239999999999995,7.828787803649902,0.19739034451754417,90,3.0,3.0,0.7,0.0,0.0,0.06861111111111111
chesca_reserve_contract_mesh,903,16,6,2,8.842509752708677,8.550509752708678,-0.2919999999999998,7.828787803649902,0.458446803085519,90,2.0,4.0,0.65,0.0,0.0,0.0595238095238095
chesca_reserve_contract_mesh,904,17,6,0,12.393153258403977,12.393153258403975,-1.7763568394002505e-15,7.868456840515137,1.90104628725134,90,0.0,6.0,0.7,0.0,0.0,0.0
chesca_reserve_contract_mesh,905,18,6,1,10.137552454273424,9.977552454273424,-0.16000000000000014,7.868456840515137,0.7574393500403347,90,1.0,5.0,0.6,0.0,0.0,0.009583333333333333
chesca_reserve_contract_mesh,906,19,6,0,11.026264216519149,11.026264216519149,0.0,7.868456840515137,0.8663401283776039,90,0.0,6.0,0.6,0.0,0.0,0.0
chesca_reserve_contract_mesh,907,20,6,0,9.251936155718257,9.251936155718257,0.0,7.868456840515137,0.19779250988358826,90,0.0,6.0,0.6,0.0,0.0,0.0
chesca_reserve_contract_mesh,908,21,6,1,8.642808762865705,8.482808762865705,-0.16000000000000014,7.868456840515137,0.07822744739396516,90,1.0,5.0,0.6,0.0,0.0,0.0014583333333333208
chesca_reserve_contract_mesh,909,22,6,6,8.412935707505145,9.288935707505143,0.8759999999999977,7.868456840515137,-0.3884350181476396,90,0.0,4.0,0.55,0.0,0.040000000000000036,0.06444444444444447
chesca_reserve_contract_mesh,910,23,6,6,8.153895472403006,9.029895472403005,0.8759999999999994,7.91192102432251,-0.21995306706555556,90,0.0,5.0,0.6,0.0,0.040000000000000036,0.05625000000000004
chesca_reserve_contract_mesh,911,24,6,6,8.457758370071573,9.333758370071573,0.8759999999999994,7.91192102432251,-0.22788408596963172,90,0.0,5.0,0.65,0.0,0.040000000000000036,0.056190476190476214
chesca_reserve_contract_mesh,912,1,6,0,9.11329292952581,9.113292929525809,-1.7763568394002505e-15,7.91192102432251,0.05520205200251377,90,0.0,5.0,0.72,0.0,0.0,0.014999999999999994
chesca_reserve_contract_mesh,913,2,6,6,7.913693562787033,8.789693562787033,0.8759999999999994,7.91192102432251,-0.42672434506299034,90,0.0,5.0,0.78,0.0,0.040000000000000036,0.05400000000000003
chesca_reserve_contract_mesh,914,3,6,6,6.11487627564087,6.99087627564087,0.8760000000000003,7.91192102432251,-0.47983607657715166,90,0.0,2.0,0.8,0.0,0.040000000000000036,0.09541666666666669
chesca_reserve_contract_mesh,915,4,6,4,5.628965995910297,6.1849659959102965,0.5559999999999992,7.868456840515137,-0.31105863000865547,90,0.0,1.0,0.85,0.0,0.040000000000000036,0.09666666666666668
chesca_reserve_contract_mesh,916,5,6,2,5.024981117209512,5.316981117209512,0.2919999999999998,7.828787803649902,-0.3048063746099693,90,0.0,0.0,0.8,0.09499999999999997,0.135,0.1795833333333333
chesca_reserve_contract_mesh,917,6,6,2,5.632326373699672,5.896326373699672,0.26400000000000023,7.828787803649902,-0.11615634990458654,90,0.0,0.0,0.75,0.19199999999999995,0.23199999999999998,0.2373333333333333
chesca_reserve_contract_mesh,918,7,6,1,6.111052275440157,6.271052275440158,0.16000000000000103,7.828787803649902,-0.14515476196904376,90,0.0,0.0,0.7,0.19333333333333336,0.2333333333333334,0.2805555555555556
chesca_reserve_contract_mesh,919,8,6,1,4.9694107770326355,5.101410777032636,0.13200000000000056,7.868456840515137,-0.8027577200407509,90,0.0,0.0,0.6,0.34124999999999994,0.38125,0.38854166666666673
chesca_reserve_contract_mesh,920,9,6,0,2.8345135337528813,2.834513533752881,-4.440892098500626e-16,7.868456840515137,-0.42901624765584345,90,0.0,0.0,0.5,0.49,0.49,0.49000000000000005
chesca_reserve_contract_mesh,921,10,6,0,3.8948287183435424,3.8948287183435424,0.0,7.868456840515137,-0.15911544536060868,90,0.0,0.0,0.6,0.39,0.39,0.39000000000000007
chesca_reserve_contract_mesh,922,11,6,2,4.738456117971538,5.0304561179715375,0.2919999999999998,7.868456840515137,-0.21215820522215392,90,0.0,0.0,0.65,0.29142857142857137,0.3314285714285714,0.33714285714285713
chesca_reserve_contract_mesh,923,12,6,2,4.605754689675756,4.869754689675756,0.26400000000000023,7.868456840515137,-0.13123647667124713,90,0.0,0.0,0.65,0.29142857142857137,0.3314285714285714,0.33714285714285713
chesca_reserve_contract_mesh,924,13,6,3,5.711833119942463,6.107833119942462,0.395999999999999,7.868456840515137,-0.10871607620117132,90,0.0,0.0,0.7,0.2416666666666667,0.28166666666666673,0.2858333333333334
chesca_reserve_contract_mesh,925,14,6,2,4.524036302403674,4.816036302403674,0.2919999999999998,7.868456840515137,-0.20680809283398413,90,0.0,0.0,0.7,0.2416666666666667,0.28166666666666673,0.28722222222222227
chesca_reserve_contract_mesh,926,15,6,0,6.356546125275702,6.356546125275701,-8.881784197001252e-16,7.868456840515137,0.050489744169221806,90,0.0,0.0,0.7,0.19333333333333336,0.19333333333333336,0.24972222222222226
chesca_reserve_contract_mesh,927,16,6,6,6.285815118406284,5.409815118406284,-0.8760000000000003,7.868456840515137,0.12836756604351462,90,6.0,0.0,0.65,0.19428571428571428,0.15428571428571425,0.24333333333333326
chesca_reserve_contract_mesh,928,17,6,6,6.547638687360616,5.671638687360616,-0.8759999999999994,7.828787803649902,0.14702761735344128,90,6.0,0.0,0.7,0.09666666666666668,0.05666666666666664,0.15333333333333332
chesca_reserve_contract_mesh,929,18,6,5,7.591201184017902,6.875201184017902,-0.7160000000000002,7.814420223236084,0.3400206323305854,90,5.0,1.0,0.6,0.0,0.0,0.15354166666666666
chesca_reserve_contract_mesh,930,19,6,4,8.710210954920928,8.126210954920928,-0.5839999999999996,7.774681091308594,0.266178057387154,90,4.0,2.0,0.6,0.0,0.0,0.11145833333333328
chesca_reserve_contract_mesh,931,20,6,0,8.098288858085043,8.098288858085043,0.0,7.72698974609375,0.03587474484491643,90,0.0,2.0,0.6,0.0,0.0,0.09750000000000002
chesca_reserve_contract_mesh,932,21,6,6,7.070305962365401,7.946305962365401,0.8760000000000003,7.6930012702941895,-0.15411130921038435,90,0.0,2.0,0.6,0.0,0.040000000000000036,0.12125000000000002
chesca_reserve_contract_mesh,933,22,6,6,6.850030641426188,7.726030641426188,0.8760000000000003,7.647213935852051,-0.14847072792936974,90,0.0,0.0,0.55,0.09777777777777774,0.13777777777777778,0.21111111111111114
chesca_reserve_contract_mesh,934,23,6,5,7.175459518725879,7.891459518725879,0.7160000000000002,7.593764305114746,-0.143927616438336,90,0.0,2.0,0.6,0.0,0.040000000000000036,0.13895833333333338
chesca_reserve_contract_mesh,935,24,6,5,7.850788204495846,8.566788204495843,0.7159999999999975,7.593764305114746,-0.42072474194924186,90,0.0,2.0,0.65,0.0,0.040000000000000036,0.12238095238095241
chesca_reserve_contract_mesh,936,1,6,5,6.78386251643107,7.49986251643107,0.7159999999999993,7.593764305114746,-0.36580860576648183,90,0.0,3.0,0.72,0.0,0.040000000000000036,0.10833333333333335
chesca_reserve_contract_mesh,937,2,6,5,6.092696247618839,6.808696247618839,0.7159999999999993,7.558797836303711,-0.3676446543628591,90,0.0,2.0,0.78,0.0,0.040000000000000036,0.11033333333333335
chesca_reserve_contract_mesh,938,3,6,4,5.519515453762162,6.103515453762163,0.5840000000000005,7.52396297454834,-0.305613944039135,90,0.0,2.0,0.8,0.0,0.040000000000000036,0.12166666666666666
chesca_reserve_contract_mesh,939,4,6,3,4.910429959547381,5.362429959547381,0.45199999999999996,7.498575210571289,-0.27068721326702117,90,0.0,1.0,0.85,0.0,0.040000000000000036,0.11333333333333336
chesca_reserve_contract_mesh,940,5,6,1,4.861436505358273,5.021436505358272,0.15999999999999925,7.475930690765381,-0.17744409179852036,90,0.0,0.0,0.8,0.09499999999999997,0.135,0.1808333333333333
chesca_reserve_contract_mesh,941,6,6,0,5.329054024265495,5.329054024265495,0.0,7.475930690765381,-0.07193635826980313,90,0.0,0.0,0.75,0.19199999999999995,0.19199999999999995,0.23199999999999998
chesca_reserve_contract_mesh,942,7,6,0,4.77372551884181,4.773725518841809,-8.881784197001252e-16,7.475930690765381,-0.10194074813040906,90,0.0,0.0,0.7,0.29000000000000004,0.29000000000000004,0.29000000000000004
chesca_reserve_contract_mesh,943,8,6,1,5.684473595565306,5.844473595565306,0.16000000000000014,7.475930690765381,-0.1252185826199383,90,0.0,0.0,0.6,0.2925,0.3325,0.3804166666666667
chesca_reserve_contract_mesh,944,9,6,0,4.453369983615195,4.453369983615195,0.0,7.475930690765381,-0.3513120422404973,90,0.0,0.0,0.5,0.49,0.49,0.49000000000000005
chesca_reserve_contract_mesh,945,10,6,0,4.174375531203498,4.174375531203498,0.0,7.475930690765381,-0.058188390651414346,90,0.0,0.0,0.6,0.34124999999999994,0.34124999999999994,0.37375
chesca_reserve_contract_mesh,946,11,6,0,3.013581677894218,3.013581677894218,0.0,7.475930690765381,-0.1154873820048585,90,0.0,0.0,0.65,0.33999999999999997,0.33999999999999997,0.3399999999999999
chesca_reserve_contract_mesh,947,12,6,0,1.3845374123658618,1.3845374123658618,0.0,7.475930690765381,-0.4719476687599054,90,0.0,0.0,0.65,0.33999999999999997,0.33999999999999997,0.3399999999999999
chesca_reserve_contract_mesh,948,13,6,6,2.7769406412388395,1.9009406412388403,-0.8759999999999992,7.475930690765381,0.07724897618287438,90,6.0,0.0,0.7,0.29000000000000004,0.25,0.25
chesca_reserve_contract_mesh,949,14,6,0,3.039958669447269,3.039958669447269,0.0,7.450257301330566,0.05553767220419778,90,0.0,0.0,0.7,0.19333333333333336,0.19333333333333336,0.2738888888888889
chesca_reserve_contract_mesh,950,15,6,0,4.162080048120598,4.162080048120598,0.0,7.450257301330566,-0.04417010117591755,90,0.0,0.0,0.7,0.14500000000000002,0.14500000000000002,0.25777777777777783
chesca_reserve_contract_mesh,951,16,6,6,6.627374887426986,5.751374887426985,-0.8760000000000003,7.450257301330566,0.10101142368923077,90,6.0,0.0,0.65,0.14571428571428569,0.10571428571428565,0.24333333333333326
chesca_reserve_contract_mesh,952,17,6,5,7.576048256304535,6.860048256304535,-0.7160000000000002,7.450257301330566,0.08934657501647705,90,5.0,1.0,0.7,0.0,0.0,0.09555555555555555
chesca_reserve_contract_mesh,953,18,6,5,10.016954470700783,9.300954470700782,-0.7160000000000011,7.450257301330566,0.9002234717232401,90,5.0,1.0,0.6,0.0,0.0,0.06416666666666665
chesca_reserve_contract_mesh,954,19,6,1,11.38986262881886,11.25786262881886,-0.13199999999999967,7.475930690765381,1.5401362427936531,90,1.0,5.0,0.6,0.0,0.0,0.0014583333333333208
chesca_reserve_contract_mesh,955,20,6,0,10.404706146321137,10.404706146321137,0.0,7.475930690765381,0.8714056214752878,90,0.0,6.0,0.6,0.0,0.0,0.0
chesca_reserve_contract_mesh,956,21,6,0,10.184238629932903,10.184238629932903,0.0,7.475930690765381,0.8886517775830075,90,0.0,6.0,0.6,0.0,0.0,0.0
chesca_reserve_contract_mesh,957,22,6,2,10.140327694429493,9.848327694429493,-0.2919999999999998,7.475930690765381,0.861542108476396,90,2.0,4.0,0.55,0.0,0.0,0.002962962962962945
chesca_reserve_contract_mesh,958,23,6,0,8.353228347498407,8.353228347498405,-1.7763568394002505e-15,7.475930690765381,0.2379291627988181,90,0.0,6.0,0.6,0.0,0.0,0.0
chesca_reserve_contract_mesh,959,24,6,0,10.1952038172657,10.1952038172657,0.0,7.498575210571289,1.05278719353183,90,0.0,6.0,0.65,0.0,0.0,0.0
chesca_reserve_contract_mesh,960,1,6,0,9.225504503079424,9.225504503079424,0.0,7.498575210571289,0.32574687243821754,90,0.0,6.0,0.72,0.0,0.0,0.0
chesca_reserve_contract_mesh,961,2,6,0,8.629346888104875,8.629346888104875,0.0,7.498575210571289,0.10437151601318756,90,0.0,6.0,0.78,0.0,0.0,0.0
chesca_reserve_contract_mesh,962,3,6,6,6.863365916101451,7.739365916101451,0.8760000000000003,7.498575210571289,-0.2243189786402301,90,0.0,4.0,0.8,0.0,0.040000000000000036,0.05583333333333337
chesca_reserve_contract_mesh,963,4,6,6,5.489766874890395,6.3657668748903955,0.8760000000000003,7.498575210571289,-0.2973329416487563,90,0.0,4.0,0.85,0.0,0.040000000000000036,0.07111111111111117
chesca_reserve_contract_mesh,964,5,6,4,5.246424458103582,5.8304244581035825,0.5840000000000005,7.498575210571289,-0.16845002657316893,90,0.0,0.0,0.8,0.09499999999999997,0.135,0.17708333333333334
chesca_reserve_contract_mesh,965,6,6,1,5.654163867453729,5.81416386745373,0.16000000000000103,7.498575210571289,-0.08499275344066287,90,0.0,0.0,0.75,0.14400000000000002,0.18400000000000005,0.2306666666666667
chesca_reserve_contract_mesh,966,7,6,1,4.677226095518456,4.8372260955184565,0.16000000000000014,7.498575210571289,-0.088593382341984,90,0.0,0.0,0.7,0.2416666666666667,0.28166666666666673,0.28861111111111115
chesca_reserve_contract_mesh,967,8,6,0,5.141138048285162,5.141138048285162,0.0,7.498575210571289,-0.09371041689075936,90,0.0,0.0,0.6,0.39,0.39,0.39000000000000007
chesca_reserve_contract_mesh,968,9,6,0,5.509578639037503,5.509578639037504,8.881784197001252e-16,7.498575210571289,-0.1755949838293519,90,0.0,0.0,0.5,0.49,0.49,0.49000000000000005
chesca_reserve_contract_mesh,969,10,6,0,3.418904279918906,3.418904279918906,0.0,7.498575210571289,-0.21485921386171086,90,0.0,0.0,0.6,0.39,0.39,0.39000000000000007
chesca_reserve_contract_mesh,970,11,6,0,1.4918747448766108,1.4918747448766108,0.0,7.498575210571289,-0.18797390418841475,90,0.0,0.0,0.65,0.33999999999999997,0.33999999999999997,0.3399999999999999
chesca_reserve_contract_mesh,971,12,6,6,2.884339604356178,2.0083396043561796,-0.8759999999999986,7.4629034996032715,0.10042369922168438,90,6.0,0.0,0.65,0.33999999999999997,0.29999999999999993,0.2999999999999999
chesca_reserve_contract_mesh,972,13,6,6,4.222130439287178,3.3461304392871782,-0.8759999999999999,7.4629034996032715,0.23242627305616834,90,6.0,0.0,0.7,0.19333333333333336,0.15333333333333332,0.21777777777777776
chesca_reserve_contract_mesh,973,14,6,6,4.064059469673943,3.188059469673943,-0.8759999999999999,7.4629034996032715,0.16341257527540715,90,6.0,0.0,0.7,0.14500000000000002,0.10499999999999998,0.1936111111111111
chesca_reserve_contract_mesh,974,15,6,6,4.768707166250332,3.8927071662503314,-0.8760000000000003,7.4629034996032715,0.20421863760527595,90,6.0,0.0,0.7,0.09666666666666668,0.05666666666666664,0.1775
chesca_reserve_contract_mesh,975,16,6,6,6.6219418416961116,5.745941841696112,-0.8759999999999994,7.4629034996032715,0.2352795075175343,90,6.0,0.0,0.65,0.09714285714285709,0.05714285714285705,0.1785714285714285
chesca_reserve_contract_mesh,976,17,6,3,9.144965845597634,8.720965845597632,-0.42400000000000126,7.4629034996032715,0.7983026717423337,90,3.0,3.0,0.7,0.0,0.0,0.08472222222222221
chesca_reserve_contract_mesh,977,18,6,4,10.11627615076717,9.53227615076717,-0.5839999999999996,7.498575210571289,0.6630610751490745,90,4.0,2.0,0.6,0.0,0.0,0.0708333333333333
chesca_reserve_contract_mesh,978,19,6,2,10.924269057615621,10.632269057615622,-0.2919999999999998,7.498575210571289,1.1461052067999609,90,2.0,4.0,0.6,0.0,0.0,0.02729166666666666
chesca_reserve_contract_mesh,979,20,6,1,9.690683656215668,9.558683656215667,-0.13200000000000145,7.498575210571289,0.6394378441155704,90,1.0,5.0,0.6,0.0,0.0,0.009583333333333333
chesca_reserve_contract_mesh,980,21,6,0,8.60479878425598,8.60479878425598,0.0,7.498575210571289,0.25774303911024316,90,0.0,6.0,0.6,0.0,0.0,0.0
chesca_reserve_contract_mesh,981,22,6,2,8.34081920666663,8.04881920666663,-0.2919999999999998,7.498575210571289,0.08381433402312706,90,2.0,4.0,0.55,0.0,0.0,0.002962962962962945
chesca_reserve_contract_mesh,982,23,6,0,8.846930821683761,8.846930821683761,0.0,7.498575210571289,0.5995010091207146,90,0.0,6.0,0.6,0.0,0.0,0.0
chesca_reserve_contract_mesh,983,24,6,0,9.478673958599,9.478673958599,0.0,7.498575210571289,0.7841883414410553,90,0.0,6.0,0.65,0.0,0.0,0.0
chesca_reserve_contract_mesh,984,1,6,0,8.49537168331765,8.49537168331765,0.0,7.498575210571289,0.1821864952147679,90,0.0,6.0,0.72,0.0,0.0,0.0
chesca_reserve_contract_mesh,985,2,6,0,8.818993359134835,8.818993359134835,0.0,7.498575210571289,0.5142784292476614,90,0.0,6.0,0.78,0.0,0.0,0.0
chesca_reserve_contract_mesh,986,3,6,6,7.328535844175114,8.204535844175115,0.8760000000000012,7.498575210571289,-0.10078340243337658,90,0.0,5.0,0.8,0.0,0.040000000000000036,0.0479166666666667
chesca_reserve_contract_mesh,987,4,6,6,7.040044919709078,7.916044919709077,0.8759999999999994,7.52396297454834,-0.14491428988355798,90,0.0,4.0,0.85,0.0,0.040000000000000036,0.06333333333333337
chesca_reserve_contract_mesh,988,5,6,4,5.737567274766808,6.321567274766808,0.5840000000000005,7.52396297454834,-0.12635475029483142,90,0.0,0.0,0.8,0.09499999999999997,0.135,0.15333333333333332
chesca_reserve_contract_mesh,989,6,6,0,5.879133039785644,5.879133039785643,-8.881784197001252e-16,7.52396297454834,0.03260046474984506,90,0.0,0.0,0.75,0.19199999999999995,0.19199999999999995,0.21599999999999997
chesca_reserve_contract_mesh,990,7,6,0,5.157251933388862,5.157251933388863,8.881784197001252e-16,7.52396297454834,-0.010262452154770008,90,0.0,0.0,0.7,0.2416666666666667,0.2416666666666667,0.2819444444444445
chesca_reserve_contract_mesh,991,8,6,0,4.34031029176666,4.340310291766659,-8.881784197001252e-16,7.52396297454834,0.037685472605446683,90,0.0,0.0,0.6,0.39,0.39,0.39000000000000007
chesca_reserve_contract_mesh,992,9,6,1,2.855044774353799,3.015044774353799,0.1599999999999997,7.52396297454834,-0.07878066078065886,90,0.0,0.0,0.5,0.44100000000000006,0.4810000000000001,0.4885
chesca_reserve_contract_mesh,993,10,6,0,3.2758288317797457,3.2758288317797457,0.0,7.52396297454834,-0.0026043688391499866,90,0.0,0.0,0.6,0.39,0.39,0.39000000000000007
chesca_reserve_contract_mesh,994,11,6,6,2.1415318809247053,1.265531880924706,-0.8759999999999992,7.52396297454834,0.09625520388376724,90,6.0,0.0,0.65,0.33999999999999997,0.29999999999999993,0.2999999999999999
chesca_reserve_contract_mesh,995,12,6,0,4.705443164492277,4.705443164492277,0.0,7.52396297454834,0.034381283839924684,90,0.0,0.0,0.65,0.24285714285714277,0.24285714285714277,0.3076190476190475
chesca_reserve_contract_mesh,996,13,6,0,5.717272220784435,5.717272220784435,0.0,7.52396297454834,0.06264640174585244,90,0.0,0.0,0.7,0.14500000000000002,0.14500000000000002,0.2416666666666667
chesca_reserve_contract_mesh,997,14,6,0,5.931630558370358,5.931630558370357,-8.881784197001252e-16,7.52396297454834,-0.0390288435835696,90,0.0,0.0,0.7,0.19333333333333336,0.19333333333333336,0.2416666666666667
chesca_reserve_contract_mesh,998,15,6,6,4.992664692603485,4.116664692603486,-0.8759999999999994,7.52396297454834,0.14847905193345556,90,6.0,0.0,0.7,0.14500000000000002,0.10499999999999998,0.1936111111111111
chesca_reserve_contract_mesh,999,16,6,6,5.427363158350095,4.551363158350095,-0.8760000000000003,7.52396297454834,0.4697019180326845,90,6.0,0.0,0.65,0.14571428571428569,0.10571428571428565,0.2109523809523809
chesca_reserve_contract_mesh,1000,17,6,6,6.63107678150135,5.75507678150135,-0.8760000000000003,7.498575210571289,0.4689660830570167,90,6.0,0.0,0.7,0.04833333333333334,0.008333333333333304,0.11305555555555553
chesca_reserve_contract_mesh,1001,18,6,6,8.106322771597656,7.230322771597654,-0.8760000000000012,7.484954357147217,0.38393688092310363,90,6.0,0.0,0.6,0.09750000000000003,0.057499999999999996,0.08999999999999997
chesca_reserve_contract_mesh,1002,19,6,2,9.444887518731413,9.152887518731415,-0.29199999999999804,7.484954357147217,0.10964960289489623,90,2.0,4.0,0.6,0.0,0.0,0.011041666666666653
chesca_reserve_contract_mesh,1003,20,6,6,8.34740753674507,9.22340753674507,0.8759999999999994,7.484954357147217,-0.09211981382605272,90,0.0,4.0,0.6,0.0,0.040000000000000036,0.05625000000000002
chesca_reserve_contract_mesh,1004,21,6,0,7.768572334860543,7.768572334860542,-8.881784197001252e-16,7.484954357147217,-0.05646174111127522,90,0.0,4.0,0.6,0.0,0.0,0.03250000000000001
chesca_reserve_contract_mesh,1005,22,6,3,7.949013526545709,7.5250135265457105,-0.4239999999999986,7.484954357147217,0.5082383482218753,90,3.0,3.0,0.55,0.0,0.0,0.04518518518518516
chesca_reserve_contract_mesh,1006,23,6,1,8.50967891731594,8.349678917315941,-0.15999999999999837,7.476372241973877,0.3402694712218051,90,1.0,5.0,0.6,0.0,0.0,0.009583333333333333
chesca_reserve_contract_mesh,1007,24,6,0,8.212862565760195,8.212862565760195,0.0,7.484954357147217,0.23895430126546707,90,0.0,6.0,0.65,0.0,0.0,0.0
chesca_reserve_contract_mesh,1008,1,6,0,8.81184593837725,8.81184593837725,0.0,7.498575210571289,0.35610927509143697,90,0.0,6.0,0.72,0.0,0.0,0.0
chesca_reserve_contract_mesh,1009,2,6,6,7.499131342252692,8.375131342252693,0.8760000000000012,7.52396297454834,-0.30621962030609234,90,0.0,6.0,0.78,0.0,0.040000000000000036,0.040000000000000036
chesca_reserve_contract_mesh,1010,3,6,6,5.954194267433349,6.830194267433348,0.8759999999999994,7.558797836303711,-0.3449582515097975,90,0.0,2.0,0.8,0.0,0.040000000000000036,0.09541666666666669
chesca_reserve_contract_mesh,1011,4,6,3,5.584889614240051,6.008889614240051,0.4239999999999995,7.558797836303711,-0.26754378419722924,90,0.0,1.0,0.85,0.0,0.040000000000000036,0.11333333333333336
chesca_reserve_contract_mesh,1012,5,6,1,4.355441170029184,4.487441170029185,0.13200000000000056,7.558797836303711,-0.31305147935375344,90,0.0,0.0,0.8,0.14249999999999996,0.1825,0.18874999999999997
chesca_reserve_contract_mesh,1013,6,6,0,4.693195952390949,4.69319595239095,8.881784197001252e-16,7.558797836303711,-0.07621879015606788,90,0.0,0.0,0.75,0.24,0.24,0.24
chesca_reserve_contract_mesh,1014,7,6,0,4.770076325311727,4.770076325311727,0.0,7.558797836303711,-0.04097566547442486,90,0.0,0.0,0.7,0.2416666666666667,0.2416666666666667,0.2738888888888889
chesca_reserve_contract_mesh,1015,8,6,2,4.13521610760912,4.39921610760912,0.26400000000000023,7.558797836303711,-0.09909487433639566,90,0.0,0.0,0.6,0.2925,0.3325,0.37083333333333335
chesca_reserve_contract_mesh,1016,9,6,1,2.614238547220971,2.7462385472209707,0.13199999999999967,7.558797836303711,-0.07802928826234849,90,0.0,0.0,0.5,0.44100000000000006,0.4810000000000001,0.4885
chesca_reserve_contract_mesh,1017,10,6,6,4.366022242233274,3.4900222422332745,-0.8759999999999999,7.558797836303711,0.15408939537991792,90,6.0,0.0,0.6,0.39,0.35,0.35000000000000003
chesca_reserve_contract_mesh,1018,11,6,1,1.1679180625936778,1.3279180625936777,0.15999999999999992,7.558797836303711,-0.09090089467602981,90,0.0,0.0,0.65,0.29142857142857137,0.3314285714285714,0.3385714285714285
chesca_reserve_contract_mesh,1019,12,6,6,2.397229698992159,1.5212296989921585,-0.8760000000000006,7.558797836303711,0.11694665741031718,90,6.0,0.0,0.65,0.33999999999999997,0.29999999999999993,0.2999999999999999
chesca_reserve_contract_mesh,1020,13,6,6,3.224590084117587,2.3485900841175873,-0.8759999999999999,7.558797836303711,0.18275926603005518,90,6.0,0.0,0.7,0.19333333333333336,0.15333333333333332,0.22583333333333333
chesca_reserve_contract_mesh,1021,14,6,6,3.370780200785253,2.494780200785253,-0.8760000000000003,7.558797836303711,0.12052735608752903,90,6.0,0.0,0.7,0.09666666666666668,0.05666666666666664,0.20972222222222223
chesca_reserve_contract_mesh,1022,15,6,6,4.495727334355912,3.6197273343559124,-0.8759999999999999,7.558797836303711,0.1104190570700489,90,6.0,0.0,0.7,0.04833333333333334,0.008333333333333304,0.1775
chesca_reserve_contract_mesh,1023,16,6,6,5.902280560945366,5.026280560945366,-0.8760000000000003,7.558797836303711,0.2783796874268014,90,6.0,0.0,0.65,0.0485714285714286,0.008571428571428563,0.20285714285714276
chesca_reserve_contract_mesh,1024,17,6,5,6.9030439968018324,6.187043996801832,-0.7160000000000002,7.558797836303711,0.330715102903716,90,5.0,1.0,0.7,0.0,0.0,0.09555555555555555
chesca_reserve_contract_mesh,1025,18,6,6,7.9667262586950915,7.09072625869509,-0.8760000000000012,7.52396297454834,0.3745436405789876,90,6.0,0.0,0.6,0.09750000000000003,0.057499999999999996,0.08187499999999998
chesca_reserve_contract_mesh,1026,19,6,3,8.844514286675171,8.420514286675171,-0.4239999999999995,7.52396297454834,0.45278612437308374,90,3.0,3.0,0.6,0.0,0.0,0.004374999999999962
chesca_reserve_contract_mesh,1027,20,6,1,8.432191655874252,8.300191655874253,-0.13199999999999967,7.511207103729248,0.2602194292986506,90,1.0,5.0,0.6,0.0,0.0,0.0014583333333333208
chesca_reserve_contract_mesh,1028,21,6,6,7.766985754013062,8.642985754013061,0.8759999999999994,7.511207103729248,-0.29285534823721765,90,0.0,5.0,0.6,0.0,0.040000000000000036,0.04812500000000003
chesca_reserve_contract_mesh,1029,22,6,6,7.0878974811722575,7.963897481172258,0.8760000000000003,7.511207103729248,-0.2395435693535874,90,0.0,1.0,0.55,0.0,0.040000000000000036,0.12962962962962965
chesca_reserve_contract_mesh,1030,23,6,0,7.592919068037789,7.592919068037791,1.7763568394002505e-15,7.511207103729248,-0.051694211289087647,90,0.0,2.0,0.6,0.0,0.0,0.05687499999999999
chesca_reserve_contract_mesh,1031,24,6,6,6.6523777142177885,7.528377714217789,0.8760000000000003,7.511207103729248,-0.1803234247166418,90,0.0,3.0,0.65,0.0,0.040000000000000036,0.08857142857142859
chesca_reserve_contract_mesh,1032,1,6,6,6.369480442619023,7.245480442619023,0.8760000000000003,7.497251510620117,-0.2691583426243497,90,0.0,4.0,0.72,0.0,0.040000000000000036,0.06250000000000004
chesca_reserve_contract_mesh,1033,2,6,6,6.7185314785904495,7.594531478590451,0.8760000000000012,7.476372241973877,-0.1796190016113412,90,0.0,4.0,0.78,0.0,0.040000000000000036,0.06800000000000005
chesca_reserve_contract_mesh,1034,3,6,5,5.604759230525032,6.348759230525031,0.7439999999999989,7.476372241973877,-0.3930759283502377,90,0.0,0.0,0.8,0.04749999999999999,0.08750000000000002,0.1125
chesca_reserve_contract_mesh,1035,4,6,4,5.047920417353789,5.63192041735379,0.5840000000000005,7.476372241973877,-0.34260416388107184,90,0.0,0.0,0.85,0.046666666666666634,0.08666666666666667,0.12000000000000004
chesca_reserve_contract_mesh,1036,5,6,0,4.984788575683632,4.984788575683633,8.881784197001252e-16,7.476372241973877,-0.29704400300886646,90,0.0,0.0,0.8,0.18999999999999995,0.18999999999999995,0.18999999999999995
chesca_reserve_contract_mesh,1037,6,6,1,4.703864899264804,4.835864899264804,0.13199999999999967,7.476372241973877,-0.17913715398418015,90,0.0,0.0,0.75,0.19199999999999995,0.23199999999999998,0.23866666666666667
chesca_reserve_contract_mesh,1038,7,6,0,4.066155016728927,4.066155016728927,0.0,7.476372241973877,-0.07711930082033257,90,0.0,0.0,0.7,0.29000000000000004,0.29000000000000004,0.29000000000000004
chesca_reserve_contract_mesh,1039,8,6,5,6.481517168726569,5.765517168726571,-0.7159999999999975,7.476372241973877,0.09256279305547786,90,5.0,1.0,0.6,0.0,0.0,0.2916666666666667
chesca_reserve_contract_mesh,1040,9,6,6,2.6462350791132723,1.7702350791132724,-0.8759999999999999,7.476372241973877,0.10169893922384662,90,6.0,0.0,0.5,0.245,0.20499999999999996,0.4091666666666667
chesca_reserve_contract_mesh,1041,10,6,1,1.1310936048676508,1.2910936048676507,0.15999999999999992,7.459317684173584,-0.6855158025835055,90,0.0,0.0,0.6,0.09750000000000003,0.13750000000000007,0.3479166666666667
chesca_reserve_contract_mesh,1042,11,6,1,0.5611740319895497,0.7211740319895498,0.16000000000000003,7.459317684173584,-0.10216984069566161,90,0.0,0.0,0.65,0.09714285714285709,0.13714285714285712,0.3061904761904761
chesca_reserve_contract_mesh,1043,12,6,0,1.5495680489440267,1.5495680489440264,-2.220446049250313e-16,7.459317684173584,-0.019133573029879808,90,0.0,0.0,0.65,0.09714285714285709,0.09714285714285709,0.29952380952380947
chesca_reserve_contract_mesh,1044,13,6,6,2.008190405973556,1.1321904059735566,-0.8759999999999994,7.459317684173584,0.1268540545866972,90,6.0,0.0,0.7,0.04833333333333334,0.008333333333333304,0.20972222222222223
chesca_reserve_contract_mesh,1045,14,6,5,1.8270476713017985,1.111047671301798,-0.7160000000000004,7.459317684173584,0.11838441712319768,90,5.0,1.0,0.7,0.0,0.0,0.20833333333333334
chesca_reserve_contract_mesh,1046,15,6,5,5.26705982863226,4.551059828632261,-0.7159999999999993,7.442333221435547,0.17593687523739238,90,5.0,1.0,0.7,0.0,0.0,0.20833333333333334
chesca_reserve_contract_mesh,1047,16,6,4,6.468669341454653,7.080669341454653,0.6120000000000001,7.442333221435547,-0.2730942876654421,90,0.0,1.0,0.65,0.0,0.040000000000000036,0.2695238095238095
chesca_reserve_contract_mesh,1048,17,6,0,7.705417840843573,7.705417840843574,8.881784197001252e-16,7.459317684173584,0.04986197927959775,90,0.0,1.0,0.7,0.0,0.0,0.1691666666666667
chesca_reserve_contract_mesh,1049,18,6,6,7.91954048349942,7.043540483499419,-0.8760000000000003,7.476372241973877,0.12589364440169037,90,6.0,0.0,0.6,0.04874999999999996,0.008749999999999925,0.16312499999999994
chesca_reserve_contract_mesh,1050,19,6,4,8.401456099700901,7.845456099700902,-0.5559999999999992,7.476372241973877,0.1329066346249878,90,4.0,2.0,0.6,0.0,0.0,0.05458333333333328
chesca_reserve_contract_mesh,1051,20,6,1,8.552164255134521,8.420164255134523,-0.1319999999999979,7.476372241973877,0.16796531084619337,90,1.0,5.0,0.6,0.0,0.0,0.05020833333333332
chesca_reserve_contract_mesh,1052,21,6,0,7.734043264421974,7.734043264421975,8.881784197001252e-16,7.476372241973877,-0.03945686864973792,90,0.0,5.0,0.6,0.0,0.0,0.048749999999999995
chesca_reserve_contract_mesh,1053,22,6,0,7.740765248290421,7.740765248290422,8.881784197001252e-16,7.476372241973877,0.05551779524390585,90,0.0,4.0,0.55,0.0,0.0,0.05703703703703703
chesca_reserve_contract_mesh,1054,23,6,2,9.761304480983494,9.469304480983494,-0.2919999999999998,7.497251510620117,0.7479432239317996,90,2.0,4.0,0.6,0.0,0.0,0.011041666666666653
chesca_reserve_contract_mesh,1055,24,6,0,8.637196359749275,8.637196359749275,0.0,7.497251510620117,0.17553515741547882,90,0.0,6.0,0.65,0.0,0.0,0.0
chesca_reserve_contract_mesh,1056,1,6,0,8.431102602544058,8.431102602544057,-1.7763568394002505e-15,7.497251510620117,0.13850023834858494,90,0.0,6.0,0.72,0.0,0.0,0.0
chesca_reserve_contract_mesh,1057,2,6,6,7.288045781967503,8.164045781967504,0.8760000000000012,7.497251510620117,-0.38679854683315024,90,0.0,6.0,0.78,0.0,0.040000000000000036,0.040000000000000036
chesca_reserve_contract_mesh,1058,3,6,6,6.140595233902675,7.016595233902676,0.8760000000000003,7.497251510620117,-0.6140934711603646,90,0.0,1.0,0.8,0.0,0.040000000000000036,0.09541666666666669
chesca_reserve_contract_mesh,1059,4,6,4,5.413198960120863,5.997198960120864,0.5840000000000005,7.5107927322387695,-0.5217118487819932,90,0.0,1.0,0.85,0.0,0.040000000000000036,0.12000000000000005
chesca_reserve_contract_mesh,1060,5,6,1,5.039208343781818,5.171208343781818,0.13200000000000056,7.5107927322387695,-0.30159360618194697,90,0.0,0.0,0.8,0.14249999999999996,0.1825,0.18874999999999997
chesca_reserve_contract_mesh,1061,6,6,1,5.253165321047774,5.385165321047774,0.13199999999999967,7.5107927322387695,-0.1349065318031909,90,0.0,0.0,0.75,0.19199999999999995,0.23199999999999998,0.23866666666666667
chesca_reserve_contract_mesh,1062,7,6,0,4.631763244730238,4.631763244730238,0.0,7.5107927322387695,-0.09186190376705347,90,0.0,0.0,0.7,0.29000000000000004,0.29000000000000004,0.29000000000000004
chesca_reserve_contract_mesh,1063,8,6,0,4.042339902961105,4.042339902961105,0.0,7.5107927322387695,-0.07332414125162333,90,0.0,0.0,0.6,0.39,0.39,0.39000000000000007
chesca_reserve_contract_mesh,1064,9,6,1,1.8330776679485246,1.993077667948525,0.16000000000000036,7.5129714012146,-0.8997308330634621,90,0.0,0.0,0.5,0.44100000000000006,0.4810000000000001,0.4885
chesca_reserve_contract_mesh,1065,10,6,0,3.0015296832818774,3.001529683281877,-4.440892098500626e-16,7.5129714012146,-0.9921653723132557,90,0.0,0.0,0.6,0.39,0.39,0.39000000000000007
chesca_reserve_contract_mesh,1066,11,6,0,2.6711660929682357,2.6711660929682357,0.0,7.5129714012146,-0.7141124449425587,90,0.0,0.0,0.65,0.33999999999999997,0.33999999999999997,0.3399999999999999
chesca_reserve_contract_mesh,1067,12,6,1,1.264386550705267,1.424386550705267,0.16000000000000014,7.5129714012146,-0.20808847544093062,90,0.0,0.0,0.65,0.29142857142857137,0.3314285714285714,0.3385714285714285
chesca_reserve_contract_mesh,1068,13,6,2,4.483301993615882,4.803301993615882,0.3200000000000003,7.526066303253174,-0.5196218579347651,90,0.0,0.0,0.7,0.2416666666666667,0.28166666666666673,0.28722222222222227
chesca_reserve_contract_mesh,1069,14,6,2,3.6951284825644213,4.015128482564421,0.31999999999999984,7.526066303253174,-0.0919271908284279,90,0.0,0.0,0.7,0.2416666666666667,0.28166666666666673,0.28722222222222227
chesca_reserve_contract_mesh,1070,15,6,5,6.863525060525483,6.147525060525485,-0.7159999999999984,7.526066303253174,0.26685821908895646,90,5.0,1.0,0.7,0.0,0.0,0.20027777777777778
chesca_reserve_contract_mesh,1071,16,6,4,6.380446768468159,6.9924467684681595,0.6120000000000001,7.526066303253174,-0.14629558791762506,90,0.0,0.0,0.65,0.0485714285714286,0.08857142857142863,0.2614285714285714
chesca_reserve_contract_mesh,1072,17,6,4,7.420300586949099,6.8643005869491,-0.5559999999999992,7.526066303253174,0.10070956476899028,90,4.0,2.0,0.7,0.0,0.0,0.13444444444444445
chesca_reserve_contract_mesh,1073,18,6,5,9.733310731448988,9.017310731448987,-0.7160000000000011,7.526066303253174,0.8171036515654774,90,5.0,1.0,0.6,0.0,0.0,0.09666666666666661
chesca_reserve_contract_mesh,1074,19,6,1,10.957465760660613,10.825465760660613,-0.13199999999999967,7.526066303253174,1.3519464505436285,90,1.0,5.0,0.6,0.0,0.0,0.04208333333333333
chesca_reserve_contract_mesh,1075,20,6,1,10.37500051342497,10.24300051342497,-0.13199999999999967,7.526066303253174,0.8769756972238116,90,1.0,5.0,0.6,0.0,0.0,0.03395833333333333
chesca_reserve_contract_mesh,1076,21,6,1,9.457967194669179,9.325967194669179,-0.13199999999999967,7.526066303253174,0.4750947983790928,90,1.0,5.0,0.6,0.0,0.0,0.02583333333333332
chesca_reserve_contract_mesh,1077,22,6,2,8.322626883474278,8.030626883474277,-0.2920000000000016,7.526066303253174,0.16076834728894768,90,2.0,4.0,0.55,0.0,0.0,0.03555555555555554
chesca_reserve_contract_mesh,1078,23,6,1,9.537437533276748,9.405437533276746,-0.13200000000000145,7.526066303253174,0.7208833743549701,90,1.0,5.0,0.6,0.0,0.0,0.02583333333333332
chesca_reserve_contract_mesh,1079,24,6,1,8.711505938019398,8.579505938019398,-0.13199999999999967,7.526066303253174,0.2113741948496134,90,1.0,5.0,0.65,0.0,0.0,0.025714285714285707
chesca_reserve_contract_mesh,1080,1,6,6,7.550048605380821,8.42604860538082,0.8759999999999994,7.526066303253174,-0.1779926259117311,90,0.0,5.0,0.72,0.0,0.040000000000000036,0.07000000000000005
chesca_reserve_contract_mesh,1081,2,6,5,6.181349920929843,6.925349920929843,0.7440000000000007,7.526066303253174,-0.4324220854205787,90,0.0,4.0,0.78,0.0,0.040000000000000036,0.07533333333333336
chesca_reserve_contract_mesh,1082,3,6,5,5.346876592547354,6.090876592547354,0.7439999999999998,7.5129714012146,-0.2152016539565616,90,0.0,0.0,0.8,0.04749999999999999,0.08750000000000002,0.1125
chesca_reserve_contract_mesh,1083,4,6,4,5.885866243417264,6.497866243417264,0.6120000000000001,7.5129714012146,-0.13194589680162072,90,0.0,1.0,0.85,0.0,0.040000000000000036,0.09666666666666668
chesca_reserve_contract_mesh,1084,5,6,3,5.090592909794815,5.542592909794815,0.45199999999999996,7.5129714012146,-0.1612705097287388,90,0.0,0.0,0.8,0.09499999999999997,0.135,0.17833333333333332
chesca_reserve_contract_mesh,1085,6,6,2,4.981073992042426,5.273073992042425,0.2919999999999989,7.5129714012146,-0.08206561562129805,90,0.0,0.0,0.75,0.14400000000000002,0.18400000000000005,0.22933333333333336
chesca_reserve_contract_mesh,1086,7,6,0,4.98597977283976,4.985979772839761,8.881784197001252e-16,7.5129714012146,0.05774949552565779,90,0.0,0.0,0.7,0.19333333333333336,0.19333333333333336,0.26583333333333337
chesca_reserve_contract_mesh,1087,8,6,0,3.7389260434373606,3.7389260434373606,0.0,7.5107927322387695,-0.00959397869485578,90,0.0,0.0,0.6,0.34124999999999994,0.34124999999999994,0.37375
chesca_reserve_contract_mesh,1088,9,6,1,2.6106253486340143,2.770625348634014,0.1599999999999997,7.5107927322387695,-0.1618413128909667,90,0.0,0.0,0.5,0.44100000000000006,0.4810000000000001,0.4885
chesca_reserve_contract_mesh,1089,10,6,0,2.187273703472253,2.187273703472253,0.0,7.5107927322387695,0.04932458154277476,90,0.0,0.0,0.6,0.39,0.39,0.39000000000000007
chesca_reserve_contract_mesh,1090,11,6,6,3.206194581350027,2.3301945813500273,-0.8759999999999999,7.5107927322387695,0.10078992353106131,90,6.0,0.0,0.65,0.33999999999999997,0.29999999999999993,0.2999999999999999
chesca_reserve_contract_mesh,1091,12,6,6,5.079652425377587,4.2036524253775855,-0.8760000000000012,7.5107927322387695,0.16588563692640518,90,6.0,0.0,0.65,0.19428571428571428,0.15428571428571425,0.2676190476190475
chesca_reserve_contract_mesh,1092,13,6,6,4.083338567085879,3.207338567085879,-0.8759999999999999,7.5107927322387695,0.11014913599940263,90,6.0,0.0,0.7,0.19333333333333336,0.15333333333333332,0.21777777777777776
chesca_reserve_contract_mesh,1093,14,6,3,4.008666452526254,3.528666452526254,-0.47999999999999954,7.5107927322387695,0.07634667278308067,90,3.0,0.0,0.7,0.09666666666666668,0.05666666666666664,0.22972222222222224
chesca_reserve_contract_mesh,1094,15,6,5,5.6134809854755305,4.897480985475531,-0.7159999999999993,7.5107927322387695,0.27577459500404883,90,5.0,1.0,0.7,0.0,0.0,0.1761111111111111
chesca_reserve_contract_mesh,1095,16,6,5,6.970513547636764,6.254513547636764,-0.7160000000000002,7.5107927322387695,0.6748245514501059,90,5.0,1.0,0.65,0.0,0.0,0.16904761904761897
chesca_reserve_contract_mesh,1096,17,6,3,8.224681640292095,7.800681640292095,-0.4240000000000004,7.5107927322387695,0.7195499481019398,90,3.0,3.0,0.7,0.0,0.0,0.05249999999999999
chesca_reserve_contract_mesh,1097,18,6,3,11.216610518064478,10.792610518064478,-0.4239999999999995,7.5129714012146,1.1427776879637006,90,3.0,3.0,0.6,0.0,0.0,0.044999999999999984
chesca_reserve_contract_mesh,1098,19,6,1,11.690221239312807,11.558221239312807,-0.13199999999999967,7.526066303253174,1.5088739138098506,90,1.0,5.0,0.6,0.0,0.0,0.017708333333333326
chesca_reserve_contract_mesh,1099,20,6,1,11.306077116217141,11.17407711621714,-0.13200000000000145,7.6550116539001465,1.2668109019511533,90,1.0,5.0,0.6,0.0,0.0,0.009583333333333333
chesca_reserve_contract_mesh,1100,21,6,0,11.002960681355187,11.002960681355187,0.0,7.811774253845215,1.1237049019140932,90,0.0,6.0,0.6,0.0,0.0,0.0
chesca_reserve_contract_mesh,1101,22,6,1,9.211316263793481,9.079316263793482,-0.13199999999999967,7.868118762969971,0.40271331021124834,90,1.0,5.0,0.55,0.0,0.0,0.009629629629629618
chesca_reserve_contract_mesh,1102,23,6,1,8.51586475577705,8.383864755777049,-0.13200000000000145,7.90498685836792,0.1510220420038477,90,1.0,5.0,0.6,0.0,0.0,0.0014583333333333208
chesca_reserve_contract_mesh,1103,24,6,0,8.225758406232401,8.225758406232401,0.0,7.90498685836792,0.02275560771902048,90,0.0,5.0,0.65,0.0,0.0,0.0080952380952381
chesca_reserve_contract_mesh,1104,1,6,1,8.57442552055232,8.44242552055232,-0.13199999999999967,7.90498685836792,0.135996468682977,90,1.0,5.0,0.72,0.0,0.0,0.000833333333333334
chesca_reserve_contract_mesh,1105,2,6,6,7.944795089782021,8.820795089782022,0.8760000000000012,7.932878494262695,-0.15384130727554335,90,0.0,6.0,0.78,0.0,0.040000000000000036,0.040000000000000036
chesca_reserve_contract_mesh,1106,3,6,6,5.45567818340767,6.3316781834076705,0.8760000000000003,7.951746940612793,-0.33126622984083287,90,0.0,0.0,0.8,0.04749999999999999,0.08750000000000002,0.10333333333333335
chesca_reserve_contract_mesh,1107,4,6,4,5.68840170085107,6.272401700851071,0.5840000000000005,7.951746940612793,-0.12088358235753491,90,0.0,1.0,0.85,0.0,0.040000000000000036,0.10444444444444446
chesca_reserve_contract_mesh,1108,5,6,3,4.676236399385189,5.128236399385189,0.45199999999999996,7.951746940612793,-0.19485175161692633,90,0.0,0.0,0.8,0.09499999999999997,0.135,0.17833333333333332
chesca_reserve_contract_mesh,1109,6,6,0,6.161575371874031,6.161575371874031,0.0,7.951746940612793,-0.07368215332371031,90,0.0,0.0,0.75,0.09599999999999997,0.09599999999999997,0.216
chesca_reserve_contract_mesh,1110,7,6,0,4.47066931418855,4.47066931418855,0.0,7.951746940612793,-0.06264295468834727,90,0.0,0.0,0.7,0.14500000000000002,0.14500000000000002,0.26583333333333337
chesca_reserve_contract_mesh,1111,8,6,1,3.3398121634728506,3.4998121634728507,0.16000000000000014,7.951746940612793,-0.08670687455839685,90,0.0,0.0,0.6,0.2925,0.3325,0.3804166666666667
chesca_reserve_contract_mesh,1112,9,6,0,1.2607043041031172,1.2607043041031172,0.0,7.951746940612793,-0.2139816952432661,90,0.0,0.0,0.5,0.49,0.49,0.49000000000000005
chesca_reserve_contract_mesh,1113,10,6,0,0.11101738327623656,0.11101738327623667,1.1102230246251565e-16,7.951746940612793,-0.1280117881277449,90,0.0,0.0,0.6,0.39,0.39,0.39000000000000007
chesca_reserve_contract_mesh,1114,11,6,6,1.5898882514693864,0.7138882514693873,-0.8759999999999991,7.951746940612793,0.13457985321179344,90,6.0,0.0,0.65,0.33999999999999997,0.29999999999999993,0.2999999999999999
chesca_reserve_contract_mesh,1115,12,6,6,1.1205687266240567,0.24456872662405632,-0.8760000000000003,7.951746940612793,0.14157928061241498,90,6.0,0.0,0.65,0.29142857142857137,0.25142857142857133,0.29190476190476183
chesca_reserve_contract_mesh,1116,13,6,6,3.2385461775879816,2.3625461775879817,-0.8759999999999999,7.951746940612793,0.37291397741342497,90,6.0,0.0,0.7,0.19333333333333336,0.15333333333333332,0.22583333333333333
chesca_reserve_contract_mesh,1117,14,6,0,4.015514670359992,4.015514670359992,0.0,7.951746940612793,-0.039366598600895975,90,0.0,0.0,0.7,0.14500000000000002,0.14500000000000002,0.24972222222222226
chesca_reserve_contract_mesh,1118,15,6,6,5.573095139303525,4.697095139303524,-0.8760000000000003,7.951746940612793,0.18778442841748766,90,6.0,0.0,0.7,0.09666666666666668,0.05666666666666664,0.18555555555555556
chesca_reserve_contract_mesh,1119,16,6,5,7.687337896116534,6.971337896116534,-0.7160000000000002,7.951746940612793,0.295012909786484,90,5.0,1.0,0.65,0.0,0.0,0.16095238095238087
chesca_reserve_contract_mesh,1120,17,6,3,11.637995147350901,11.2419951473509,-0.3960000000000008,7.967286586761475,1.0049523112932603,90,3.0,3.0,0.7,0.0,0.0,0.08472222222222221
chesca_reserve_contract_mesh,1121,18,6,3,10.977155674326035,10.581155674326034,-0.3960000000000008,8.012784957885742,0.8996359659641465,90,3.0,3.0,0.6,0.0,0.0,0.05312499999999998
chesca_reserve_contract_mesh,1122,19,6,1,11.989598090531157,11.857598090531159,-0.1319999999999979,8.012784957885742,1.4573300449623645,90,1.0,5.0,0.6,0.0,0.0,0.0014583333333333208
chesca_reserve_contract_mesh,1123,20,6,0,12.084515705147455,12.084515705147455,0.0,8.012784957885742,1.2721227723871782,90,0.0,6.0,0.6,0.0,0.0,0.0
chesca_reserve_contract_mesh,1124,21,6,0,10.770292314094233,10.770292314094235,1.7763568394002505e-15,8.012784957885742,0.22948833293314205,90,0.0,6.0,0.6,0.0,0.0,0.0
chesca_reserve_contract_mesh,1125,22,6,1,9.070484255643766,8.910484255643766,-0.16000000000000014,8.012784957885742,0.18249990330342863,90,1.0,5.0,0.55,0.0,0.0,0.0014814814814814725
chesca_reserve_contract_mesh,1126,23,6,0,9.581821654391522,9.581821654391522,0.0,8.064756393432617,0.6319513490413957,90,0.0,6.0,0.6,0.0,0.0,0.0
chesca_reserve_contract_mesh,1127,24,6,0,9.266223061459732,9.266223061459732,0.0,8.064756393432617,0.3763521853453451,90,0.0,6.0,0.65,0.0,0.0,0.0
chesca_reserve_contract_mesh,1128,1,6,0,8.215803333002555,8.215803333002556,1.7763568394002505e-15,8.064756393432617,-0.006762587503458629,90,0.0,6.0,0.72,0.0,0.0,0.0
chesca_reserve_contract_mesh,1129,2,6,6,6.8332592380822135,7.709259238082215,0.8760000000000012,8.012784957885742,-0.09495009871761892,90,0.0,6.0,0.78,0.0,0.040000000000000036,0.040000000000000036
chesca_reserve_contract_mesh,1130,3,6,6,5.530216098546982,6.406216098546983,0.8760000000000003,7.95365047454834,-0.1591837694585459,90,0.0,0.0,0.8,0.04749999999999999,0.08750000000000002,0.10333333333333335
chesca_reserve_contract_mesh,1131,4,6,0,5.356626347144444,5.356626347144444,0.0,7.95365047454834,-0.03292637446947917,90,0.0,0.0,0.85,0.046666666666666634,0.046666666666666634,0.08555555555555555
chesca_reserve_contract_mesh,1132,5,6,0,4.910471542661772,4.910471542661773,8.881784197001252e-16,7.95365047454834,0.06392675225777844,90,0.0,0.0,0.8,0.09499999999999997,0.09499999999999997,0.1583333333333333
chesca_reserve_contract_mesh,1133,6,6,6,5.1520255095363545,4.276025509536356,-0.8759999999999986,7.95365047454834,0.15326923565641626,90,6.0,0.0,0.75,0.14400000000000002,0.10399999999999998,0.16799999999999993
chesca_reserve_contract_mesh,1134,7,6,6,5.105806273037572,4.229806273037573,-0.8759999999999994,7.95365047454834,0.20852289379531777,90,6.0,0.0,0.7,0.09666666666666668,0.05666666666666664,0.1936111111111111
chesca_reserve_contract_mesh,1135,8,6,3,4.436802789298341,4.888802789298341,0.45199999999999996,8.012784957885742,-0.23157621193190908,90,0.0,0.0,0.6,0.19499999999999995,0.235,0.34500000000000003
chesca_reserve_contract_mesh,1136,9,6,0,3.205045155276954,3.205045155276954,0.0,8.012784957885742,0.04432124935705707,90,0.0,0.0,0.5,0.392,0.392,0.4655
chesca_reserve_contract_mesh,1137,10,6,6,3.1747373126074834,2.2987373126074835,-0.8759999999999999,8.012784957885742,0.15754249743617796,90,6.0,0.0,0.6,0.19499999999999995,0.15499999999999992,0.30125
chesca_reserve_contract_mesh,1138,11,6,6,3.1238496448040305,2.2478496448040297,-0.8760000000000008,8.012784957885742,0.31868970880032943,90,6.0,0.0,0.65,0.19428571428571428,0.15428571428571425,0.24333333333333326
chesca_reserve_contract_mesh,1139,12,6,6,3.789150949903364,2.913150949903363,-0.8760000000000012,8.012784957885742,0.21881055267745292,90,6.0,0.0,0.65,0.09714285714285709,0.05714285714285705,0.23523809523809516
chesca_reserve_contract_mesh,1140,13,6,5,5.039107596357778,4.323107596357778,-0.7160000000000002,8.012784957885742,0.43086135712823315,90,5.0,1.0,0.7,0.0,0.0,0.16805555555555554
chesca_reserve_contract_mesh,1141,14,6,5,6.047091524067548,5.3310915240675465,-0.7160000000000011,8.012784957885742,0.36144705254112897,90,5.0,1.0,0.7,0.0,0.0,0.16
chesca_reserve_contract_mesh,1142,15,6,5,6.5864363821937175,5.870436382193716,-0.7160000000000011,8.012784957885742,0.2643629344167279,90,5.0,1.0,0.7,0.0,0.0,0.11972222222222222
chesca_reserve_contract_mesh,1143,16,6,4,7.973117078003162,7.4171170780031614,-0.5560000000000009,8.012784957885742,0.32125594823127684,90,4.0,2.0,0.65,0.0,0.0,0.10285714285714281
chesca_reserve_contract_mesh,1144,17,6,1,9.822943603942077,9.690943603942078,-0.13199999999999967,8.012784957885742,0.9113560007160219,90,1.0,5.0,0.7,0.0,0.0,0.025555555555555554
chesca_reserve_contract_mesh,1145,18,6,2,11.379069384950945,11.087069384950947,-0.29199999999999804,8.012784957885742,1.2162666073574881,90,2.0,4.0,0.6,0.0,0.0,0.02729166666666664
chesca_reserve_contract_mesh,1146,19,6,1,13.47411248241255,13.342112482412553,-0.1319999999999979,8.012784957885742,1.4871413452179372,90,1.0,5.0,0.6,0.0,0.0,0.009583333333333333
chesca_reserve_contract_mesh,1147,20,6,1,12.597789075890878,12.465789075890878,-0.13199999999999967,8.012784957885742,0.6763388909748695,90,1.0,5.0,0.6,0.0,0.0,0.0014583333333333208
chesca_reserve_contract_mesh,1148,21,6,0,10.873500160591872,10.873500160591872,0.0,8.012784957885742,0.7614135515442305,90,0.0,6.0,0.6,0.0,0.0,0.0
chesca_reserve_contract_mesh,1149,22,6,1,9.671692109692033,9.511692109692033,-0.16000000000000014,8.012784957885742,0.40454862726249907,90,1.0,5.0,0.55,0.0,0.0,0.0014814814814814725
chesca_reserve_contract_mesh,1150,23,6,0,10.155522656125134,10.155522656125136,1.7763568394002505e-15,8.064756393432617,0.7750310634445643,90,0.0,6.0,0.6,0.0,0.0,0.0
chesca_reserve_contract_mesh,1151,24,6,0,10.20788749284911,10.20788749284911,0.0,8.064756393432617,0.688903696460816,90,0.0,6.0,0.65,0.0,0.0,0.0
chesca_reserve_contract_mesh,1152,1,6,0,9.825196861620382,9.825196861620382,0.0,8.064756393432617,0.524620035353304,90,0.0,6.0,0.72,0.0,0.0,0.0
chesca_reserve_contract_mesh,1153,2,6,0,8.664429548322586,8.664429548322587,1.7763568394002505e-15,8.064756393432617,0.13844755001135617,90,0.0,6.0,0.78,0.0,0.0,0.0
chesca_reserve_contract_mesh,1154,3,6,6,6.540835877945436,7.416835877945436,0.8760000000000003,8.064756393432617,-0.09987558832914874,90,0.0,5.0,0.8,0.0,0.040000000000000036,0.0479166666666667
chesca_reserve_contract_mesh,1155,4,6,0,5.943975157131056,5.943975157131055,-8.881784197001252e-16,8.012784957885742,-0.0025161628672450975,90,0.0,3.0,0.85,0.0,0.0,0.03888888888888888
chesca_reserve_contract_mesh,1156,5,6,0,5.154174322169439,5.154174322169439,0.0,8.012784957885742,0.06927367506192322,90,0.0,0.0,0.8,0.04749999999999999,0.04749999999999999,0.11874999999999997
chesca_reserve_contract_mesh,1157,6,6,6,5.53159428868839,4.655594288688389,-0.8760000000000003,8.012784957885742,0.10486109058260065,90,6.0,0.0,0.75,0.09599999999999997,0.05599999999999994,0.14399999999999993
chesca_reserve_contract_mesh,1158,7,6,6,5.572179864891245,4.696179864891246,-0.8759999999999994,8.012784957885742,0.1990675445671678,90,6.0,0.0,0.7,0.14500000000000002,0.10499999999999998,0.1775
chesca_reserve_contract_mesh,1159,8,6,5,5.369389098537568,6.0853890985375685,0.7160000000000002,8.064756393432617,-0.42217579593411,90,0.0,0.0,0.6,0.24375000000000002,0.28375000000000006,0.33395833333333336
chesca_reserve_contract_mesh,1160,9,6,0,3.80744036336193,3.80744036336193,0.0,8.064756393432617,0.034358207370160376,90,0.0,0.0,0.5,0.392,0.392,0.4655
chesca_reserve_contract_mesh,1161,10,6,0,3.434506628435962,3.434506628435962,0.0,8.064756393432617,0.07704538409709269,90,0.0,0.0,0.6,0.2925,0.2925,0.36562500000000003
chesca_reserve_contract_mesh,1162,11,6,6,2.3662479043070634,1.4902479043070633,-0.8760000000000001,8.064756393432617,0.12899755143860764,90,6.0,0.0,0.65,0.24285714285714277,0.20285714285714274,0.28380952380952373
chesca_reserve_contract_mesh,1163,12,6,6,3.3955239010033433,2.5195239010033434,-0.8759999999999999,8.064756393432617,0.3147023810438577,90,6.0,0.0,0.65,0.14571428571428569,0.10571428571428565,0.2676190476190475
chesca_reserve_contract_mesh,1164,13,6,5,5.317672121336077,4.601672121336078,-0.7159999999999993,8.064756393432617,0.4177256664936966,90,5.0,1.0,0.7,0.0,0.0,0.1922222222222222
chesca_reserve_contract_mesh,1165,14,6,3,4.810217927618521,5.234217927618521,0.4239999999999995,8.091835021972656,-0.17240896938197667,90,0.0,1.0,0.7,0.0,0.040000000000000036,0.23750000000000004
chesca_reserve_contract_mesh,1166,15,6,4,6.743492415078573,7.327492415078574,0.5840000000000005,8.104727745056152,-0.12336093397075851,90,0.0,1.0,0.7,0.0,0.040000000000000036,0.2280555555555556
chesca_reserve_contract_mesh,1167,16,6,6,8.36598791445904,7.48998791445904,-0.8760000000000003,8.118234634399414,0.19977500158670408,90,6.0,0.0,0.65,0.0485714285714286,0.008571428571428563,0.15428571428571422
chesca_reserve_contract_mesh,1168,17,6,3,8.578917191967246,8.154917191967245,-0.42400000000000126,8.14650821685791,0.1048954901470117,90,3.0,3.0,0.7,0.0,0.0,0.020277777777777766
chesca_reserve_contract_mesh,1169,18,6,3,8.408376640310957,7.9843766403109555,-0.42400000000000126,8.14650821685791,0.44734811234867156,90,3.0,3.0,0.6,0.0,0.0,0.012499999999999975
chesca_reserve_contract_mesh,1170,19,6,0,13.106827914433342,13.106827914433344,1.7763568394002505e-15,8.118234634399414,1.9243057023976384,90,0.0,6.0,0.6,0.0,0.0,0.0
chesca_reserve_contract_mesh,1171,20,6,0,11.74138590335846,11.74138590335846,0.0,8.118234634399414,1.0164888962821401,90,0.0,6.0,0.6,0.0,0.0,0.0
chesca_reserve_contract_mesh,1172,21,6,0,11.192724504019292,11.192724504019292,0.0,8.118234634399414,0.8614693948629917,90,0.0,6.0,0.6,0.0,0.0,0.0
chesca_reserve_contract_mesh,1173,22,6,6,8.387201194773327,9.263201194773327,0.8759999999999994,8.14650821685791,-0.3004539814103855,90,0.0,4.0,0.55,0.0,0.040000000000000036,0.05629629629629632
chesca_reserve_contract_mesh,1174,23,6,2,8.636772689489057,8.344772689489055,-0.2920000000000016,8.18181324005127,0.16128797378019383,90,2.0,4.0,0.6,0.0,0.0,0.0029166666666666416
chesca_reserve_contract_mesh,1175,24,6,0,9.857393711625964,9.857393711625964,0.0,8.229208946228027,0.6549295246282876,90,0.0,6.0,0.65,0.0,0.0,0.0
chesca_reserve_contract_mesh,1176,1,6,0,9.177649027200456,9.177649027200456,0.0,8.229208946228027,0.15826790319004086,90,0.0,6.0,0.72,0.0,0.0,0.0
chesca_reserve_contract_mesh,1177,2,6,0,8.275899502107205,8.275899502107205,0.0,8.229208946228027,0.051644795812512495,90,0.0,6.0,0.78,0.0,0.0,0.0
chesca_reserve_contract_mesh,1178,3,6,0,7.250353699992082,7.250353699992081,-8.881784197001252e-16,8.18181324005127,0.020884035014241326,90,0.0,5.0,0.8,0.0,0.0,0.007916666666666664
chesca_reserve_contract_mesh,1179,4,6,1,10.294769361781857,10.134769361781856,-0.16000000000000014,8.18181324005127,0.8867619718765378,90,1.0,5.0,0.85,0.0,0.0,0.0011111111111110998
chesca_reserve_contract_mesh,1180,5,6,0,5.462688262324693,5.462688262324693,0.0,8.18181324005127,0.04188393416947428,90,0.0,0.0,0.8,0.04749999999999999,0.04749999999999999,0.0870833333333333
chesca_reserve_contract_mesh,1181,6,6,6,5.802753300551095,4.926753300551095,-0.8760000000000003,8.18181324005127,0.11374045882169606,90,6.0,0.0,0.75,0.09599999999999997,0.05599999999999994,0.11199999999999995
chesca_reserve_contract_mesh,1182,7,6,6,5.2501291032066,4.374129103206601,-0.8759999999999986,8.18181324005127,0.13724156987320574,90,6.0,0.0,0.7,0.09666666666666668,0.05666666666666664,0.15333333333333332
chesca_reserve_contract_mesh,1183,8,6,6,4.710646856526684,3.8346468565266845,-0.8759999999999994,8.18181324005127,0.11008773310102754,90,6.0,0.0,0.6,0.19499999999999995,0.15499999999999992,0.26875
chesca_reserve_contract_mesh,1184,9,6,4,5.467815373372135,6.023815373372135,0.556,8.183013916015625,-0.09181850933281653,90,0.0,0.0,0.5,0.29400000000000004,0.3340000000000001,0.4105000000000001
chesca_reserve_contract_mesh,1185,10,6,6,3.820019323964548,2.9440193239645476,-0.8760000000000003,8.183013916015625,0.1305906725901198,90,6.0,0.0,0.6,0.24375000000000002,0.20375,0.30937499999999996
chesca_reserve_contract_mesh,1186,11,6,0,1.6925309041914396,1.6925309041914396,0.0,8.183013916015625,0.017218881371830676,90,0.0,0.0,0.65,0.14571428571428569,0.14571428571428569,0.29952380952380947
chesca_reserve_contract_mesh,1187,12,6,6,2.174789337740892,1.2987893377408928,-0.875999999999999,8.183013916015625,0.12326223606669946,90,6.0,0.0,0.65,0.14571428571428569,0.10571428571428565,0.2676190476190475
chesca_reserve_contract_mesh,1188,13,6,5,4.213533607083525,3.4975336070835237,-0.7160000000000011,8.183013916015625,0.13784954156158352,90,5.0,1.0,0.7,0.0,0.0,0.1922222222222222
chesca_reserve_contract_mesh,1189,14,6,5,4.933458222486512,4.217458222486512,-0.7160000000000002,8.183013916015625,0.13719216474953577,90,5.0,1.0,0.7,0.0,0.0,0.1761111111111111
chesca_reserve_contract_mesh,1190,15,6,0,4.552877728822525,4.552877728822525,0.0,8.183013916015625,-0.06810108134556367,90,0.0,1.0,0.7,0.0,0.0,0.21750000000000003
chesca_reserve_contract_mesh,1191,16,6,6,5.646695998533051,4.770695998533051,-0.8760000000000003,8.183013916015625,0.34409846956561985,90,6.0,0.0,0.65,0.0485714285714286,0.008571428571428563,0.21904761904761902
chesca_reserve_contract_mesh,1192,17,6,5,6.806114427996297,6.090114427996296,-0.7160000000000011,8.183013916015625,0.5851414194086435,90,5.0,1.0,0.7,0.0,0.0,0.11972222222222222
chesca_reserve_contract_mesh,1193,18,6,6,7.842981604488332,6.966981604488334,-0.8759999999999986,8.183013916015625,0.43500725209481284,90,6.0,0.0,0.6,0.04874999999999996,0.008749999999999925,0.12249999999999996
chesca_reserve_contract_mesh,1194,19,6,2,8.75412429685907,8.46212429685907,-0.2919999999999998,8.183013916015625,0.27659669449130225,90,2.0,4.0,0.6,0.0,0.0,0.05166666666666666
chesca_reserve_contract_mesh,1195,20,6,1,9.40552398904827,9.24552398904827,-0.16000000000000014,8.183013916015625,0.4394468649973272,90,1.0,5.0,0.6,0.0,0.0,0.03395833333333333
chesca_reserve_contract_mesh,1196,21,6,1,9.569584821553551,9.409584821553551,-0.16000000000000014,8.183013916015625,0.420771466349348,90,1.0,5.0,0.6,0.0,0.0,0.02583333333333332
chesca_reserve_contract_mesh,1197,22,6,3,8.766371201533445,8.314371201533445,-0.45199999999999996,8.183013916015625,0.13458572928110146,90,3.0,3.0,0.55,0.0,0.0,0.02888888888888887
chesca_reserve_contract_mesh,1198,23,6,2,8.69509751361604,8.375097513616042,-0.3199999999999985,8.183013916015625,0.14552566391678667,90,2.0,4.0,0.6,0.0,0.0,0.0029166666666666416
chesca_reserve_contract_mesh,1199,24,6,0,7.890970802724319,7.890970802724319,0.0,8.183013916015625,0.0451211885754981,90,0.0,6.0,0.65,0.0,0.0,0.0
chesca_reserve_contract_mesh,1200,1,6,0,9.01999270583987,9.01999270583987,0.0,8.229208946228027,0.26951392968747884,90,0.0,6.0,0.72,0.0,0.0,0.0
chesca_reserve_contract_mesh,1201,2,6,6,7.23953722096981,8.115537220969813,0.876000000000003,8.293627738952637,-0.08620551938740965,90,0.0,6.0,0.78,0.0,0.040000000000000036,0.040000000000000036
chesca_reserve_contract_mesh,1202,3,6,6,6.1704524067944035,7.046452406794405,0.8760000000000012,8.293627738952637,-0.09267284832936508,90,0.0,2.0,0.8,0.0,0.040000000000000036,0.09541666666666669
chesca_reserve_contract_mesh,1203,4,6,0,5.7644028019482025,5.7644028019482025,0.0,8.293627738952637,-0.0007800258269035631,90,0.0,1.0,0.85,0.0,0.0,0.09333333333333334
chesca_reserve_contract_mesh,1204,5,6,5,7.747796990493417,7.003796990493417,-0.7439999999999998,8.293627738952637,0.2125810618721726,90,5.0,1.0,0.8,0.0,0.0,0.10916666666666659
chesca_reserve_contract_mesh,1205,6,6,5,5.990474068428984,5.246474068428984,-0.7439999999999998,8.293627738952637,0.27556262447505697,90,5.0,1.0,0.75,0.0,0.0,0.14266666666666664
chesca_reserve_contract_mesh,1206,7,6,5,5.242990404765938,4.498990404765937,-0.7440000000000007,8.293627738952637,0.14542891666595179,90,5.0,1.0,0.7,0.0,0.0,0.16805555555555554
chesca_reserve_contract_mesh,1207,8,6,6,4.37047198608819,3.4944719860881905,-0.8759999999999994,8.293627738952637,0.10294714161567232,90,6.0,0.0,0.6,0.19499999999999995,0.15499999999999992,0.276875
chesca_reserve_contract_mesh,1208,9,6,0,3.6827101756077574,3.682710175607757,-4.440892098500626e-16,8.293627738952637,0.00571272868880994,90,0.0,0.0,0.5,0.29400000000000004,0.29400000000000004,0.40833333333333327
chesca_reserve_contract_mesh,1209,10,6,0,3.563872093643609,3.563872093643609,0.0,8.293627738952637,-0.030616227723126374,90,0.0,0.0,0.6,0.2925,0.2925,0.36562500000000003
chesca_reserve_contract_mesh,1210,11,6,0,2.843745694123993,2.8437456941239927,-4.440892098500626e-16,8.293627738952637,-0.006823978212446874,90,0.0,0.0,0.65,0.24285714285714277,0.24285714285714277,0.32380952380952377
chesca_reserve_contract_mesh,1211,12,6,2,4.92678984296775,5.2467898429677495,0.3199999999999994,8.335144996643066,-0.2550787144781577,90,0.0,0.0,0.65,0.19428571428571428,0.23428571428571432,0.3128571428571428
chesca_reserve_contract_mesh,1212,13,6,6,5.453851373480732,4.577851373480732,-0.8760000000000003,8.335144996643066,0.1371656501894114,90,6.0,0.0,0.7,0.14500000000000002,0.10499999999999998,0.20972222222222223
chesca_reserve_contract_mesh,1213,14,6,6,4.438650470580981,3.562650470580981,-0.8760000000000003,8.335144996643066,0.09973258280734637,90,6.0,0.0,0.7,0.04833333333333334,0.008333333333333304,0.18555555555555556
chesca_reserve_contract_mesh,1214,15,6,5,6.664630488979043,5.948630488979043,-0.7160000000000002,8.335144996643066,0.2718918932462131,90,5.0,1.0,0.7,0.0,0.0,0.13583333333333333
chesca_reserve_contract_mesh,1215,16,6,4,8.271951355696643,7.715951355696643,-0.556,8.293627738952637,0.5588013388967819,90,4.0,2.0,0.65,0.0,0.0,0.09476190476190471
chesca_reserve_contract_mesh,1216,17,6,2,10.917969850468552,10.62596985046855,-0.2920000000000016,8.229208946228027,1.4222661218990507,90,2.0,4.0,0.7,0.0,0.0,0.018888888888888882
chesca_reserve_contract_mesh,1217,18,6,3,10.801387458036581,10.349387458036581,-0.45199999999999996,8.293627738952637,0.9956271745304783,90,3.0,3.0,0.6,0.0,0.0,0.012499999999999975
chesca_reserve_contract_mesh,1218,19,6,0,11.478715832967275,11.478715832967275,0.0,8.335144996643066,1.0339862429788667,90,0.0,6.0,0.6,0.0,0.0,0.0
chesca_reserve_contract_mesh,1219,20,6,0,9.152190271576295,9.152190271576297,1.7763568394002505e-15,8.335144996643066,0.14980880038783506,90,0.0,6.0,0.6,0.0,0.0,0.0
chesca_reserve_contract_mesh,1220,21,6,0,8.155602021211184,8.155602021211182,-1.7763568394002505e-15,8.335144996643066,0.05378708309008453,90,0.0,6.0,0.6,0.0,0.0,0.0
chesca_reserve_contract_mesh,1221,22,6,0,8.108810988170056,8.108810988170056,0.0,8.349848747253418,0.003911296593879746,90,0.0,2.0,0.55,0.0,0.0,0.04074074074074072
chesca_reserve_contract_mesh,1222,23,6,0,7.874616969006727,7.874616969006728,8.881784197001252e-16,8.349848747253418,-0.029720625940374112,90,0.0,5.0,0.6,0.0,0.0,0.008124999999999993
chesca_reserve_contract_mesh,1223,24,6,6,7.290394248649678,8.166394248649677,0.8759999999999994,8.349848747253418,-0.10266932801361756,90,0.0,5.0,0.65,0.0,0.040000000000000036,0.048095238095238135
chesca_reserve_contract_mesh,1224,1,6,6,7.496081351037984,8.372081351037984,0.8760000000000003,8.349848747253418,-0.11198195376787358,90,0.0,5.0,0.72,0.0,0.040000000000000036,0.04750000000000004
chesca_reserve_contract_mesh,1225,2,6,6,6.761430978203476,7.637430978203477,0.8760000000000003,8.361355781555176,-0.17513085407625803,90,0.0,3.0,0.78,0.0,0.040000000000000036,0.06800000000000005
chesca_reserve_contract_mesh,1226,3,6,6,5.561559617566555,6.437559617566555,0.8759999999999994,8.349848747253418,-0.1409601806015236,90,0.0,0.0,0.8,0.04749999999999999,0.08750000000000002,0.12708333333333335
chesca_reserve_contract_mesh,1227,4,6,3,4.998739612649892,5.394739612649891,0.395999999999999,8.328229904174805,-0.12722500144590398,90,0.0,0.0,0.85,0.046666666666666634,0.08666666666666667,0.12888888888888891
chesca_reserve_contract_mesh,1228,5,6,0,4.518680238743549,4.518680238743549,0.0,8.328229904174805,-0.11491298658122837,90,0.0,0.0,0.8,0.18999999999999995,0.18999999999999995,0.18999999999999995
chesca_reserve_contract_mesh,1229,6,6,0,5.341299226897097,5.341299226897096,-8.881784197001252e-16,8.328229904174805,0.0610903252914715,90,0.0,0.0,0.75,0.24,0.24,0.24
chesca_reserve_contract_mesh,1230,7,6,0,4.909272963768079,4.909272963768079,0.0,8.328229904174805,0.061142622258784175,90,0.0,0.0,0.7,0.19333333333333336,0.19333333333333336,0.2738888888888889
chesca_reserve_contract_mesh,1231,8,6,0,4.000014044958032,4.000014044958032,0.0,8.328229904174805,0.04891002305473008,90,0.0,0.0,0.6,0.39,0.39,0.39000000000000007
chesca_reserve_contract_mesh,1232,9,6,1,1.9612796158726178,2.121279615872618,0.16000000000000036,8.328229904174805,-0.7234865611921857,90,0.0,0.0,0.5,0.44100000000000006,0.4810000000000001,0.4885
chesca_reserve_contract_mesh,1233,10,6,0,1.5444639518621626,1.5444639518621626,0.0,8.285175323486328,-0.06046145172925818,90,0.0,0.0,0.6,0.39,0.39,0.39000000000000007
chesca_reserve_contract_mesh,1234,11,6,6,4.41135146394365,3.601351463943651,-0.8099999999999996,8.285175323486328,0.08763224560374665,90,6.0,0.0,0.65,0.24285714285714277,0.22285714285714275,0.2871428571428571
chesca_reserve_contract_mesh,1235,12,6,6,5.960925551680708,5.084925551680708,-0.8759999999999994,8.285175323486328,0.3199182004538369,90,6.0,0.0,0.65,0.14571428571428569,0.10571428571428565,0.25142857142857133
chesca_reserve_contract_mesh,1236,13,6,6,4.755802087762057,3.879802087762057,-0.8760000000000003,8.233930587768555,0.140827425453861,90,6.0,0.0,0.7,0.09666666666666668,0.05666666666666664,0.1613888888888889
chesca_reserve_contract_mesh,1237,14,6,6,5.503300437599218,4.627300437599217,-0.8760000000000003,8.233930587768555,0.10897804328758443,90,6.0,0.0,0.7,0.04833333333333334,0.008333333333333304,0.15333333333333332
chesca_reserve_contract_mesh,1238,15,6,4,7.026381291812349,6.4423812918123495,-0.5839999999999996,8.233930587768555,0.21105299053170148,90,4.0,2.0,0.7,0.0,0.0,0.11833333333333333
chesca_reserve_contract_mesh,1239,16,6,3,8.481746504604981,8.057746504604982,-0.4239999999999995,8.188785552978516,0.36769039016881905,90,3.0,3.0,0.65,0.0,0.0,0.09333333333333328
chesca_reserve_contract_mesh,1240,17,6,2,10.410919506583761,10.11891950658376,-0.2920000000000016,8.188785552978516,0.6941692288731167,90,2.0,4.0,0.7,0.0,0.0,0.002777777777777768
chesca_reserve_contract_mesh,1241,18,6,2,10.161986072824424,9.869986072824426,-0.29199999999999804,8.188785552978516,0.6714833806246348,90,2.0,4.0,0.6,0.0,0.0,0.0029166666666666416
chesca_reserve_contract_mesh,1242,19,6,0,12.909660539239178,12.909660539239178,0.0,8.233930587768555,1.5552445462416078,90,0.0,6.0,0.6,0.0,0.0,0.0
chesca_reserve_contract_mesh,1243,20,6,0,9.568307922023806,9.568307922023804,-1.7763568394002505e-15,8.233930587768555,-0.033953262462033486,90,0.0,6.0,0.6,0.0,0.0,0.0
chesca_reserve_contract_mesh,1244,21,6,0,9.349208053682409,9.349208053682409,0.0,8.233930587768555,0.2564537572629429,90,0.0,6.0,0.6,0.0,0.0,0.0
chesca_reserve_contract_mesh,1245,22,6,2,9.205972134053805,8.913972134053807,-0.29199999999999804,8.188785552978516,0.22018238081485234,90,2.0,4.0,0.55,0.0,0.0,0.01111111111111109
chesca_reserve_contract_mesh,1246,23,6,0,9.50512804307289,9.50512804307289,0.0,8.233930587768555,0.19558692142216366,90,0.0,6.0,0.6,0.0,0.0,0.0
chesca_reserve_contract_mesh,1247,24,6,0,9.303718126195143,9.303718126195143,0.0,8.233930587768555,0.12861486954300613,90,0.0,6.0,0.65,0.0,0.0,0.0
chesca_reserve_contract_mesh,1248,1,6,6,8.414867434409786,9.290867434409785,0.8759999999999994,8.285175323486328,-0.2548949262001809,90,0.0,6.0,0.72,0.0,0.040000000000000036,0.040000000000000036
chesca_reserve_contract_mesh,1249,2,6,6,7.9801899143098,8.8561899143098,0.8760000000000003,8.285175323486328,-0.1168255129065286,90,0.0,5.0,0.78,0.0,0.040000000000000036,0.04700000000000004
chesca_reserve_contract_mesh,1250,3,6,6,6.42152656051121,7.297526560511211,0.8760000000000012,8.328229904174805,-0.39385261516625164,90,0.0,2.0,0.8,0.0,0.040000000000000036,0.07958333333333335
chesca_reserve_contract_mesh,1251,4,6,5,5.962003154628148,6.678003154628148,0.7160000000000002,8.328229904174805,-0.3111865054245643,90,0.0,1.0,0.85,0.0,0.040000000000000036,0.09555555555555557
chesca_reserve_contract_mesh,1252,5,6,2,5.158877873665241,5.450877873665241,0.2919999999999998,8.328229904174805,-0.38102111504151204,90,0.0,0.0,0.8,0.09499999999999997,0.135,0.1795833333333333
chesca_reserve_contract_mesh,1253,6,6,3,5.988263005414622,6.412263005414623,0.4240000000000004,8.328229904174805,-0.23831120773616846,90,0.0,0.0,0.75,0.19199999999999995,0.23199999999999998,0.236
chesca_reserve_contract_mesh,1254,7,6,1,5.500292166202007,5.6322921662020065,0.13199999999999967,8.328229904174805,-0.23082342514696613,90,0.0,0.0,0.7,0.19333333333333336,0.2333333333333334,0.2805555555555556
chesca_reserve_contract_mesh,1255,8,6,0,3.6295398762632134,3.6295398762632134,0.0,8.328229904174805,-0.2651022632751603,90,0.0,0.0,0.6,0.39,0.39,0.39000000000000007
chesca_reserve_contract_mesh,1256,9,6,0,2.902593773634196,2.902593773634196,0.0,8.328229904174805,-0.12678823023004687,90,0.0,0.0,0.5,0.49,0.49,0.49000000000000005
chesca_reserve_contract_mesh,1257,10,6,0,2.73653114716137,2.73653114716137,0.0,8.328229904174805,-0.1347486869020474,90,0.0,0.0,0.6,0.39,0.39,0.39000000000000007
chesca_reserve_contract_mesh,1258,11,6,1,0.9199155274712141,1.0519155274712142,0.13200000000000012,8.328229904174805,-0.7073456206354736,90,0.0,0.0,0.65,0.29142857142857137,0.3314285714285714,0.3385714285714285
chesca_reserve_contract_mesh,1259,12,6,0,0.8682370740197298,0.8682370740197298,0.0,8.328229904174805,0.002657679840646257,90,0.0,0.0,0.65,0.33999999999999997,0.33999999999999997,0.3399999999999999
chesca_reserve_contract_mesh,1260,13,6,6,3.597212274019809,2.721212274019809,-0.8759999999999999,8.328229904174805,0.16944046821953795,90,6.0,0.0,0.7,0.29000000000000004,0.25,0.25
chesca_reserve_contract_mesh,1261,14,6,6,4.804056939416903,3.9280569394169027,-0.8759999999999999,8.328229904174805,0.1681202690827474,90,6.0,0.0,0.7,0.19333333333333336,0.15333333333333332,0.21777777777777776
chesca_reserve_contract_mesh,1262,15,6,0,4.303020960764849,4.303020960764849,0.0,8.328229904174805,0.05973326315809373,90,0.0,0.0,0.7,0.09666666666666668,0.09666666666666668,0.24972222222222226
chesca_reserve_contract_mesh,1263,16,6,6,7.0036339563505114,6.156037846994312,-0.8475961093561999,8.328229904174805,0.5196058921437331,90,6.0,0.0,0.65,0.09714285714285709,0.05714285714285705,0.21904761904761894
chesca_reserve_contract_mesh,1264,17,6,5,8.125995248461185,7.409995248461184,-0.7160000000000011,8.328229904174805,0.5129709800232551,90,5.0,1.0,0.7,0.0,0.0,0.07944444444444443
chesca_reserve_contract_mesh,1265,18,6,3,8.914871200076602,8.490871200076601,-0.42400000000000126,8.285175323486328,0.4333694843561909,90,3.0,3.0,0.6,0.0,0.0,0.03687499999999997
chesca_reserve_contract_mesh,1266,19,6,1,12.316662170957615,12.156662170957613,-0.16000000000000192,8.285175323486328,1.2380454242816206,90,1.0,5.0,0.6,0.0,0.0,0.009583333333333333
chesca_reserve_contract_mesh,1267,20,6,0,11.924867861484273,11.924867861484273,0.0,8.285175323486328,0.7600158696096386,90,0.0,6.0,0.6,0.0,0.0,0.0
chesca_reserve_contract_mesh,1268,21,6,0,9.98049131613563,9.98049131613563,0.0,8.285175323486328,-0.07841412984455089,90,0.0,6.0,0.6,0.0,0.0,0.0
chesca_reserve_contract_mesh,1269,22,6,1,9.52809772570958,9.36809772570958,-0.16000000000000014,8.285175323486328,0.1640405725300233,90,1.0,5.0,0.55,0.0,0.0,0.0014814814814814725
chesca_reserve_contract_mesh,1270,23,6,0,10.926373028314384,10.926373028314384,0.0,8.328229904174805,0.44082432874976657,90,0.0,6.0,0.6,0.0,0.0,0.0
chesca_reserve_contract_mesh,1271,24,6,6,8.938233215033966,9.814233215033967,0.8760000000000012,8.328229904174805,-0.1522256159824995,90,0.0,6.0,0.65,0.0,0.040000000000000036,0.040000000000000036
chesca_reserve_contract_mesh,1272,1,6,6,8.522951682507948,9.398951682507949,0.8760000000000012,8.349848747253418,-0.24060972381832035,90,0.0,6.0,0.72,0.0,0.040000000000000036,0.040000000000000036
chesca_reserve_contract_mesh,1273,2,6,6,8.02767851439531,8.90367851439531,0.8759999999999994,8.368103981018066,-0.08651715013753,90,0.0,5.0,0.78,0.0,0.040000000000000036,0.04700000000000004
chesca_reserve_contract_mesh,1274,3,6,6,5.919721876379531,6.795721876379529,0.8759999999999986,8.365649223327637,-0.3496928587702771,90,0.0,2.0,0.8,0.0,0.040000000000000036,0.07958333333333335
chesca_reserve_contract_mesh,1275,4,6,5,5.584348959117638,6.328348959117638,0.7439999999999998,8.365649223327637,-0.23330858204484842,90,0.0,2.0,0.85,0.0,0.040000000000000036,0.0955555555555556
chesca_reserve_contract_mesh,1276,5,6,3,5.022992433374606,5.446992433374607,0.42400000000000126,8.365649223327637,-0.28060705356956545,90,0.0,0.0,0.8,0.09499999999999997,0.135,0.17833333333333332
chesca_reserve_contract_mesh,1277,6,6,2,5.741753897854091,6.00575389785409,0.26399999999999935,8.365649223327637,-0.11683152278816017,90,0.0,0.0,0.75,0.19199999999999995,0.23199999999999998,0.2373333333333333
chesca_reserve_contract_mesh,1278,7,6,1,5.233363354060996,5.365363354060996,0.13199999999999967,8.365649223327637,-0.14969915565327868,90,0.0,0.0,0.7,0.2416666666666667,0.28166666666666673,0.28861111111111115
chesca_reserve_contract_mesh,1279,8,6,0,4.732423470342355,4.732423470342356,8.881784197001252e-16,8.365649223327637,-0.25371288359303273,90,0.0,0.0,0.6,0.39,0.39,0.39000000000000007
chesca_reserve_contract_mesh,1280,9,6,0,4.242722095453768,4.242722095453768,0.0,8.365649223327637,-0.27624652013783196,90,0.0,0.0,0.5,0.49,0.49,0.49000000000000005
chesca_reserve_contract_mesh,1281,10,6,0,3.1446130374529178,3.1446130374529178,0.0,8.365649223327637,-0.13227014639066018,90,0.0,0.0,0.6,0.39,0.39,0.39000000000000007
chesca_reserve_contract_mesh,1282,11,6,0,3.260192353882036,3.260192353882036,0.0,8.365649223327637,-0.1098958003026263,90,0.0,0.0,0.65,0.33999999999999997,0.33999999999999997,0.3399999999999999
chesca_reserve_contract_mesh,1283,12,6,0,2.6771881618609674,2.6771881618609674,0.0,8.365649223327637,-0.31978900818151834,90,0.0,0.0,0.65,0.33999999999999997,0.33999999999999997,0.3399999999999999
chesca_reserve_contract_mesh,1284,13,6,0,3.5539153877824696,3.5539153877824696,0.0,8.365649223327637,-0.010215591754838285,90,0.0,0.0,0.7,0.2416666666666667,0.2416666666666667,0.2738888888888889
chesca_reserve_contract_mesh,1285,14,6,6,4.308613911094023,3.432613911094024,-0.8759999999999986,8.365649223327637,0.12068710524323985,90,6.0,0.0,0.7,0.14500000000000002,0.10499999999999998,0.22583333333333333
chesca_reserve_contract_mesh,1286,15,6,5,6.562270617477022,5.846270617477022,-0.7160000000000002,8.365649223327637,0.2935784047493566,90,5.0,1.0,0.7,0.0,0.0,0.16
chesca_reserve_contract_mesh,1287,16,6,4,8.032132705619736,7.448132705619735,-0.5840000000000005,8.365649223327637,0.2153590233924696,90,4.0,2.0,0.65,0.0,0.0,0.10285714285714281
chesca_reserve_contract_mesh,1288,17,6,1,10.886393665844965,10.754393665844967,-0.1319999999999979,8.32522964477539,1.0001945937272991,90,1.0,5.0,0.7,0.0,0.0,0.009444444444444441
chesca_reserve_contract_mesh,1289,18,6,0,12.474522647171858,12.474522647171858,0.0,8.32522964477539,1.3194741669088277,90,0.0,6.0,0.6,0.0,0.0,0.0
chesca_reserve_contract_mesh,1290,19,6,0,15.407049043073183,15.407049043073183,0.0,8.32522964477539,2.189771364556455,90,0.0,6.0,0.6,0.0,0.0,0.0
chesca_reserve_contract_mesh,1291,20,6,0,11.859184178113937,11.859184178113937,0.0,8.32522964477539,0.6696568056408776,90,0.0,6.0,0.6,0.0,0.0,0.0
chesca_reserve_contract_mesh,1292,21,6,0,11.146194049119948,11.146194049119948,0.0,8.32522964477539,0.7320322561123455,90,0.0,6.0,0.6,0.0,0.0,0.0
chesca_reserve_contract_mesh,1293,22,6,0,9.381703838423805,9.381703838423805,0.0,8.32522964477539,0.017585557601018112,90,0.0,5.0,0.55,0.0,0.0,0.008148148148148146
chesca_reserve_contract_mesh,1294,23,6,1,9.929887838156393,9.769887838156393,-0.16000000000000014,8.365649223327637,0.4072450625759245,90,1.0,5.0,0.6,0.0,0.0,0.0014583333333333208
chesca_reserve_contract_mesh,1295,24,6,0,9.614379486064784,9.614379486064784,0.0,8.365649223327637,0.25708011014730403,90,0.0,6.0,0.65,0.0,0.0,0.0
chesca_reserve_contract_mesh,1296,1,6,0,9.971326093732031,9.971326093732031,0.0,8.365649223327637,0.3759163497121104,90,0.0,6.0,0.72,0.0,0.0,0.0
chesca_reserve_contract_mesh,1297,2,6,6,7.794009544413541,8.670009544413542,0.8760000000000012,8.464618682861328,-0.1887764637547404,90,0.0,6.0,0.78,0.0,0.040000000000000036,0.040000000000000036
chesca_reserve_contract_mesh,1298,3,6,6,6.830181445253194,7.706181445253193,0.8759999999999994,8.53443717956543,-0.25292659358672204,90,0.0,3.0,0.8,0.0,0.040000000000000036,0.07958333333333335
chesca_reserve_contract_mesh,1299,4,6,4,6.01865730103534,6.602657301035339,0.5839999999999987,8.53443717956543,-0.2854252137897738,90,0.0,2.0,0.85,0.0,0.040000000000000036,0.0888888888888889
chesca_reserve_contract_mesh,1300,5,6,3,5.321059963629981,5.745059963629982,0.42400000000000126,8.53443717956543,-0.33945983655035694,90,0.0,0.0,0.8,0.04749999999999999,0.08750000000000002,0.17041666666666666
chesca_reserve_contract_mesh,1301,6,6,2,5.399975057115638,5.663975057115637,0.26399999999999935,8.53443717956543,-0.15421797481711802,90,0.0,0.0,0.75,0.19199999999999995,0.23199999999999998,0.2373333333333333
chesca_reserve_contract_mesh,1302,7,6,0,4.393942878397476,4.393942878397476,0.0,8.53443717956543,-0.14324479618037025,90,0.0,0.0,0.7,0.29000000000000004,0.29000000000000004,0.29000000000000004
chesca_reserve_contract_mesh,1303,8,6,0,3.3697766515487464,3.3697766515487464,0.0,8.53443717956543,-0.14172428831794304,90,0.0,0.0,0.6,0.39,0.39,0.39000000000000007
chesca_reserve_contract_mesh,1304,9,6,0,1.649368636545757,1.649368636545757,0.0,8.53443717956543,-0.09796013571423404,90,0.0,0.0,0.5,0.49,0.49,0.49000000000000005
chesca_reserve_contract_mesh,1305,10,6,0,1.8673979055949057,1.8673979055949057,0.0,8.53443717956543,-0.058082766879123775,90,0.0,0.0,0.6,0.39,0.39,0.39000000000000007
chesca_reserve_contract_mesh,1306,11,6,0,3.5276746372097447,3.5276746372097447,0.0,8.53443717956543,0.06015119387618573,90,0.0,0.0,0.65,0.33999999999999997,0.33999999999999997,0.3399999999999999
chesca_reserve_contract_mesh,1307,12,6,6,2.492231663434162,1.6162316634341636,-0.8759999999999986,8.53443717956543,0.11355431259168908,90,6.0,0.0,0.65,0.29142857142857137,0.25142857142857133,0.29190476190476183
chesca_reserve_contract_mesh,1308,13,6,6,4.625295485387197,3.749295485387196,-0.8760000000000008,8.53443717956543,0.32979623369540184,90,6.0,0.0,0.7,0.14500000000000002,0.10499999999999998,0.20972222222222223
chesca_reserve_contract_mesh,1309,14,6,5,5.1405254761919235,4.424525476191923,-0.7160000000000002,8.53443717956543,0.3325848790575751,90,5.0,1.0,0.7,0.0,0.0,0.18416666666666667
chesca_reserve_contract_mesh,1310,15,6,5,7.734817117195668,7.018817117195666,-0.716000000000002,8.53443717956543,0.33628281004544747,90,5.0,1.0,0.7,0.0,0.0,0.1036111111111111
chesca_reserve_contract_mesh,1311,16,6,2,10.971787791197666,10.707787791197665,-0.2640000000000011,8.53443717956543,0.8961524410406042,90,2.0,4.0,0.65,0.0,0.0,0.07571428571428568
chesca_reserve_contract_mesh,1312,17,6,2,14.677215551767159,14.413215551767156,-0.2640000000000029,8.54953670501709,1.9819946283626704,90,2.0,4.0,0.7,0.0,0.0,0.010833333333333325
chesca_reserve_contract_mesh,1313,18,6,0,13.623701045961045,13.623701045961047,1.7763568394002505e-15,8.54953670501709,1.3658992029333226,90,0.0,6.0,0.6,0.0,0.0,0.0
chesca_reserve_contract_mesh,1314,19,6,0,16.09687193125182,16.09687193125182,0.0,8.54953670501709,2.287548046589586,90,0.0,6.0,0.6,0.0,0.0,0.0
chesca_reserve_contract_mesh,1315,20,6,0,11.454930508427939,11.454930508427939,0.0,8.54953670501709,0.5182959988873473,90,0.0,6.0,0.6,0.0,0.0,0.0
chesca_reserve_contract_mesh,1316,21,6,0,10.715554529394943,10.715554529394945,1.7763568394002505e-15,8.54953670501709,0.6112638882085084,90,0.0,6.0,0.6,0.0,0.0,0.0
chesca_reserve_contract_mesh,1317,22,6,6,8.56921303005436,9.445213030054362,0.8760000000000012,8.54953670501709,-0.11913271785219506,90,0.0,5.0,0.55,0.0,0.040000000000000036,0.04814814814814818
chesca_reserve_contract_mesh,1318,23,6,1,9.791041643440156,9.631041643440156,-0.16000000000000014,8.54953670501709,0.32015044314438085,90,1.0,5.0,0.6,0.0,0.0,0.009583333333333333
chesca_reserve_contract_mesh,1319,24,6,6,8.096711650566752,8.972711650566753,0.8760000000000012,8.54953670501709,-0.1892052938129049,90,0.0,5.0,0.65,0.0,0.040000000000000036,0.048095238095238135
chesca_reserve_contract_mesh,1320,1,6,6,7.993322291154657,8.869322291154658,0.8760000000000012,8.54953670501709,-0.09657125181126455,90,0.0,6.0,0.72,0.0,0.040000000000000036,0.040000000000000036
chesca_reserve_contract_mesh,1321,2,6,6,7.160617099477095,8.036617099477095,0.8759999999999994,8.54953670501709,-0.10858270672645728,90,0.0,4.0,0.78,0.0,0.040000000000000036,0.05400000000000005
chesca_reserve_contract_mesh,1322,3,6,6,6.22498623166099,7.100986231660991,0.8760000000000003,8.54316520690918,-0.10056769301136133,90,0.0,2.0,0.8,0.0,0.040000000000000036,0.09541666666666669
chesca_reserve_contract_mesh,1323,4,6,4,5.639476678121395,6.223476678121394,0.5839999999999996,8.54316520690918,-0.09825476887709651,90,0.0,1.0,0.85,0.0,0.040000000000000036,0.09666666666666668
chesca_reserve_contract_mesh,1324,5,6,2,5.33161723928693,5.623617239286931,0.2920000000000007,8.54316520690918,-0.10892295645529089,90,0.0,1.0,0.8,0.0,0.040000000000000036,0.16374999999999998
chesca_reserve_contract_mesh,1325,6,6,0,5.372010297809851,5.372010297809851,0.0,8.54316520690918,0.04569993158106625,90,0.0,0.0,0.75,0.04800000000000004,0.04800000000000004,0.208
chesca_reserve_contract_mesh,1326,7,6,0,5.2912390346203235,5.291239034620323,-8.881784197001252e-16,8.54316520690918,-0.05295120648821181,90,0.0,0.0,0.7,0.14500000000000002,0.14500000000000002,0.25777777777777783
chesca_reserve_contract_mesh,1327,8,6,1,4.371447037908984,4.503447037908985,0.13200000000000056,8.464618682861328,-0.14181530569874992,90,0.0,0.0,0.6,0.2925,0.3325,0.3804166666666667
chesca_reserve_contract_mesh,1328,9,6,0,2.5411800855453315,2.5411800855453315,0.0,8.464618682861328,-0.16821680279883233,90,0.0,0.0,0.5,0.49,0.49,0.49000000000000005
chesca_reserve_contract_mesh,1329,10,6,0,1.3467272610308643,1.3467272610308643,0.0,8.464618682861328,0.039042204641647996,90,0.0,0.0,0.6,0.39,0.39,0.39000000000000007
chesca_reserve_contract_mesh,1330,11,6,0,1.4213611408910154,1.4213611408910154,0.0,8.464618682861328,0.06201429782662386,90,0.0,0.0,0.65,0.33999999999999997,0.33999999999999997,0.3399999999999999
chesca_reserve_contract_mesh,1331,12,6,6,3.054575734787793,2.1785757347877936,-0.8759999999999994,8.464618682861328,0.19422589608171625,90,6.0,0.0,0.65,0.29142857142857137,0.25142857142857133,0.29190476190476183
chesca_reserve_contract_mesh,1332,13,6,6,6.069037177359696,5.193037177359695,-0.8760000000000003,8.464618682861328,0.3987724434498907,90,6.0,0.0,0.7,0.14500000000000002,0.10499999999999998,0.1936111111111111
chesca_reserve_contract_mesh,1333,14,6,6,6.179716348426097,5.3037163484260965,-0.8760000000000003,8.464618682861328,0.15067930980772615,90,6.0,0.0,0.7,0.04833333333333334,0.008333333333333304,0.13722222222222222
chesca_reserve_contract_mesh,1334,15,6,4,8.257268717660097,7.673268717660097,-0.5839999999999996,8.365649223327637,0.27974032965164786,90,4.0,2.0,0.7,0.0,0.0,0.06999999999999999
chesca_reserve_contract_mesh,1335,16,6,3,10.764003718740508,10.340003718740508,-0.4239999999999995,8.365649223327637,1.0139239141138838,90,3.0,3.0,0.65,0.0,0.0,0.044761904761904746
chesca_reserve_contract_mesh,1336,17,6,1,15.80027827051633,15.668278270516328,-0.13200000000000145,8.365649223327637,2.99480420883018,90,1.0,5.0,0.7,0.0,0.0,0.009444444444444441
chesca_reserve_contract_mesh,1337,18,6,0,14.452419585452013,14.452419585452015,1.7763568394002505e-15,8.464618682861328,2.066518903139985,90,0.0,6.0,0.6,0.0,0.0,0.0
chesca_reserve_contract_mesh,1338,19,6,0,18.63863709283734,18.63863709283734,0.0,8.54316520690918,3.1075536119286005,90,0.0,6.0,0.6,0.0,0.0,0.0
chesca_reserve_contract_mesh,1339,20,6,0,13.444752438276723,13.444752438276723,0.0,8.54316520690918,1.0974531901943463,90,0.0,6.0,0.6,0.0,0.0,0.0
chesca_reserve_contract_mesh,1340,21,6,0,12.16693947744685,12.16693947744685,0.0,8.54316520690918,0.899712125178483,90,0.0,6.0,0.6,0.0,0.0,0.0
chesca_reserve_contract_mesh,1341,22,6,0,10.385680463095703,10.385680463095703,0.0,8.54316520690918,0.06064008142655937,90,0.0,5.0,0.55,0.0,0.0,0.008148148148148146
chesca_reserve_contract_mesh,1342,23,6,0,10.251680448376371,10.25168044837637,-1.7763568394002505e-15,8.54316520690918,0.4642433892212251,90,0.0,6.0,0.6,0.0,0.0,0.0
chesca_reserve_contract_mesh,1343,24,6,0,10.063428676503372,10.06342867650337,-1.7763568394002505e-15,8.563971519470215,0.35635919136081756,90,0.0,6.0,0.65,0.0,0.0,0.0
chesca_reserve_contract_mesh,1344,1,6,0,10.009785904544067,10.009785904544065,-1.7763568394002505e-15,8.563971519470215,0.297024010454923,90,0.0,6.0,0.72,0.0,0.0,0.0
chesca_reserve_contract_mesh,1345,2,6,0,9.29644902018179,9.29644902018179,0.0,8.563971519470215,-0.018732584670703836,90,0.0,6.0,0.78,0.0,0.0,0.0
chesca_reserve_contract_mesh,1346,3,6,6,6.86412235029003,7.74012235029003,0.8760000000000003,8.574707984924316,-0.09923786090895534,90,0.0,6.0,0.8,0.0,0.040000000000000036,0.040000000000000036
chesca_reserve_contract_mesh,1347,4,6,6,6.121651777840136,6.997651777840137,0.8760000000000003,8.574707984924316,-0.08431022415503457,90,0.0,3.0,0.85,0.0,0.040000000000000036,0.06333333333333335
chesca_reserve_contract_mesh,1348,5,6,0,5.671988008901961,5.671988008901961,0.0,8.574707984924316,-0.04629942250289046,90,0.0,0.0,0.8,0.09499999999999997,0.09499999999999997,0.15041666666666662
chesca_reserve_contract_mesh,1349,6,6,0,5.581982611790712,5.581982611790712,0.0,8.574707984924316,0.06233155147686282,90,0.0,0.0,0.75,0.14400000000000002,0.14400000000000002,0.19200000000000003
chesca_reserve_contract_mesh,1350,7,6,6,5.390365543773177,4.514365543773177,-0.8759999999999994,8.574707984924316,0.14366031184352124,90,6.0,0.0,0.7,0.19333333333333336,0.15333333333333332,0.21777777777777776
chesca_reserve_contract_mesh,1351,8,6,0,5.052907765302858,5.052907765302858,0.0,8.574707984924316,0.0658532235620172,90,0.0,0.0,0.6,0.24375000000000002,0.24375000000000002,0.34125
chesca_reserve_contract_mesh,1352,9,6,3,3.434283798426285,3.858283798426285,0.4240000000000004,8.574707984924316,-0.23021619020789388,90,0.0,0.0,0.5,0.34299999999999997,0.383,0.461
chesca_reserve_contract_mesh,1353,10,6,0,1.8530492300031176,1.8530492300031176,0.0,8.574707984924316,0.025006617121020112,90,0.0,0.0,0.6,0.2925,0.2925,0.36562500000000003
chesca_reserve_contract_mesh,1354,11,6,0,2.0432719421413474,2.0432719421413474,0.0,8.574707984924316,0.03860498835080793,90,0.0,0.0,0.65,0.19428571428571428,0.19428571428571428,0.31571428571428567
chesca_reserve_contract_mesh,1355,12,6,6,3.569958535169725,2.693958535169725,-0.8760000000000003,8.574707984924316,0.10340928862515315,90,6.0,0.0,0.65,0.14571428571428569,0.10571428571428565,0.2676190476190475
chesca_reserve_contract_mesh,1356,13,6,5,6.206828499094906,5.490828499094906,-0.7159999999999993,8.574707984924316,0.1861892873019272,90,5.0,1.0,0.7,0.0,0.0,0.1761111111111111
chesca_reserve_contract_mesh,1357,14,6,5,6.549987253524092,5.833987253524093,-0.7159999999999993,8.574707984924316,0.21008484817687229,90,5.0,1.0,0.7,0.0,0.0,0.13583333333333333
chesca_reserve_contract_mesh,1358,15,6,3,8.635388154790006,8.183388154790006,-0.45199999999999996,8.574707984924316,0.2696139978728941,90,3.0,3.0,0.7,0.0,0.0,0.08472222222222221
chesca_reserve_contract_mesh,1359,16,6,3,8.908596140962619,8.456596140962617,-0.45200000000000173,8.647196769714355,0.16185568630977337,90,3.0,3.0,0.65,0.0,0.0,0.044761904761904725
chesca_reserve_contract_mesh,1360,17,6,0,13.477701938755425,13.477701938755425,0.0,8.71703052520752,2.0304085640448437,90,0.0,6.0,0.7,0.0,0.0,0.0
chesca_reserve_contract_mesh,1361,18,6,0,13.159037278808231,13.159037278808231,0.0,8.793042182922363,1.744663131288819,90,0.0,6.0,0.6,0.0,0.0,0.0
chesca_reserve_contract_mesh,1362,19,6,0,15.200139764724653,15.200139764724653,0.0,8.847375869750977,1.9615594062545334,90,0.0,6.0,0.6,0.0,0.0,0.0
chesca_reserve_contract_mesh,1363,20,6,0,12.225888342618708,12.225888342618708,0.0,8.872645378112793,0.7262521709501325,90,0.0,6.0,0.6,0.0,0.0,0.0
chesca_reserve_contract_mesh,1364,21,6,0,10.54059751267251,10.54059751267251,0.0,8.872645378112793,0.4032616929620302,90,0.0,6.0,0.6,0.0,0.0,0.0
chesca_reserve_contract_mesh,1365,22,6,1,9.723055223163785,9.563055223163785,-0.16000000000000014,8.872645378112793,0.08281880838409013,90,1.0,5.0,0.55,0.0,0.0,0.0014814814814814725
chesca_reserve_contract_mesh,1366,23,6,0,9.305672253952523,9.305672253952523,0.0,8.89963436126709,0.1363012031910165,90,0.0,6.0,0.6,0.0,0.0,0.0
chesca_reserve_contract_mesh,1367,24,6,6,8.326181349045546,9.202181349045548,0.8760000000000012,8.95722770690918,-0.12474202522932203,90,0.0,6.0,0.65,0.0,0.040000000000000036,0.040000000000000036
chesca_reserve_contract_mesh,1368,1,6,0,8.448588473626671,8.448588473626671,0.0,8.95722770690918,-0.022474413899458236,90,0.0,6.0,0.72,0.0,0.0,0.0
chesca_reserve_contract_mesh,1369,2,6,0,8.010636349430342,8.010636349430342,0.0,8.951336860656738,-0.0373406264728447,90,0.0,6.0,0.78,0.0,0.0,0.0
chesca_reserve_contract_mesh,1370,3,6,6,6.764048940509837,7.640048940509837,0.8760000000000003,8.951336860656738,-0.09664923997445894,90,0.0,5.0,0.8,0.0,0.040000000000000036,0.0479166666666667
chesca_reserve_contract_mesh,1371,4,6,0,6.684649210607539,6.684649210607539,0.0,8.951336860656738,-0.051933038465355456,90,0.0,4.0,0.85,0.0,0.0,0.023333333333333334
chesca_reserve_contract_mesh,1372,5,6,0,5.678227176607299,5.678227176607299,0.0,8.951336860656738,-0.04773471248580882,90,0.0,0.0,0.8,0.04749999999999999,0.04749999999999999,0.10291666666666664
chesca_reserve_contract_mesh,1373,6,6,6,6.154691031348145,5.278691031348146,-0.8759999999999994,8.951336860656738,0.09543403951868751,90,6.0,0.0,0.75,0.09599999999999997,0.05599999999999994,0.11999999999999995
chesca_reserve_contract_mesh,1374,7,6,6,5.519768214884055,4.643768214884056,-0.8759999999999986,8.951336860656738,0.1007272648643773,90,6.0,0.0,0.7,0.09666666666666668,0.05666666666666664,0.15333333333333332
chesca_reserve_contract_mesh,1375,8,6,6,5.186629142240086,4.310629142240086,-0.8760000000000003,8.951336860656738,0.09638683135387746,90,6.0,0.0,0.6,0.19499999999999995,0.15499999999999992,0.23624999999999993
chesca_reserve_contract_mesh,1376,9,6,6,5.211390457683484,4.335390457683483,-0.8760000000000003,8.951336860656738,0.13182993072088142,90,6.0,0.0,0.5,0.245,0.20499999999999996,0.31116666666666665
chesca_reserve_contract_mesh,1377,10,6,6,6.000744663515899,5.124744663515901,-0.8759999999999986,8.951336860656738,0.20140432021922194,90,6.0,0.0,0.6,0.04874999999999996,0.008749999999999925,0.17937499999999998
chesca_reserve_contract_mesh,1378,11,6,5,5.3573092107953,4.613309210795301,-0.7439999999999989,8.951336860656738,0.10764788455601512,90,5.0,1.0,0.65,0.0,0.0,0.14476190476190473
chesca_reserve_contract_mesh,1379,12,6,4,3.997611522951529,4.58161152295153,0.5840000000000005,9.06866455078125,-0.38995669781141795,90,0.0,1.0,0.65,0.0,0.040000000000000036,0.22095238095238093
chesca_reserve_contract_mesh,1380,13,6,3,3.713726103020166,4.1377261030201655,0.4239999999999995,9.06866455078125,-0.10409983726361192,90,0.0,1.0,0.7,0.0,0.040000000000000036,0.21333333333333337
chesca_reserve_contract_mesh,1381,14,6,0,3.973256870562312,3.9732568705623117,-4.440892098500626e-16,9.06866455078125,-0.03740535741783725,90,0.0,1.0,0.7,0.0,0.0,0.21750000000000003
chesca_reserve_contract_mesh,1382,15,6,3,6.464188834648777,6.916188834648777,0.45199999999999996,9.141324043273926,-0.6707650513265069,90,0.0,1.0,0.7,0.0,0.040000000000000036,0.21333333333333337
chesca_reserve_contract_mesh,1383,16,6,6,7.088682647461521,6.21268264746152,-0.8760000000000012,9.141324043273926,0.3508366641343379,90,6.0,0.0,0.65,0.0485714285714286,0.008571428571428563,0.18666666666666662
chesca_reserve_contract_mesh,1384,17,6,3,9.477561263455524,9.053561263455524,-0.4239999999999995,9.141324043273926,0.7627020752755409,90,3.0,3.0,0.7,0.0,0.0,0.06055555555555555
chesca_reserve_contract_mesh,1385,18,6,2,10.861586980896416,10.597586980896414,-0.2640000000000011,9.141324043273926,0.7743997962581346,90,2.0,4.0,0.6,0.0,0.0,0.02729166666666664
chesca_reserve_contract_mesh,1386,19,6,1,11.968172196034097,11.836172196034097,-0.13199999999999967,9.141324043273926,0.7602792069690367,90,1.0,5.0,0.6,0.0,0.0,0.0014583333333333208
chesca_reserve_contract_mesh,1387,20,6,0,10.262235402380092,10.262235402380094,1.7763568394002505e-15,9.141324043273926,0.2393692504088915,90,0.0,6.0,0.6,0.0,0.0,0.0
chesca_reserve_contract_mesh,1388,21,6,0,11.143824243357919,11.143824243357919,0.0,9.169925689697266,0.6436722820692253,90,0.0,6.0,0.6,0.0,0.0,0.0
chesca_reserve_contract_mesh,1389,22,6,0,9.585042814841334,9.585042814841334,0.0,9.183117866516113,0.1208684556105962,90,0.0,6.0,0.55,0.0,0.0,0.0
chesca_reserve_contract_mesh,1390,23,6,0,10.783556951385558,10.783556951385558,0.0,9.183117866516113,0.6509182779737174,90,0.0,6.0,0.6,0.0,0.0,0.0
chesca_reserve_contract_mesh,1391,24,6,0,9.853532916682434,9.853532916682434,0.0,9.183117866516113,0.18344112430136805,90,0.0,6.0,0.65,0.0,0.0,0.0
chesca_reserve_contract_mesh,1392,1,6,0,10.36057927651025,10.360579276510249,-1.7763568394002505e-15,9.18613052368164,0.4113025065769754,90,0.0,6.0,0.72,0.0,0.0,0.0
chesca_reserve_contract_mesh,1393,2,6,0,8.963843165942537,8.963843165942535,-1.7763568394002505e-15,9.188645362854004,-0.038141606488803714,90,0.0,6.0,0.78,0.0,0.0,0.0
chesca_reserve_contract_mesh,1394,3,6,0,7.879459955913086,7.879459955913086,0.0,9.188645362854004,0.006792108561852514,90,0.0,5.0,0.8,0.0,0.0,0.007916666666666664
chesca_reserve_contract_mesh,1395,4,6,1,7.564275537980061,7.404275537980061,-0.16000000000000014,9.188645362854004,0.08323811685901429,90,1.0,5.0,0.85,0.0,0.0,0.0011111111111110998
chesca_reserve_contract_mesh,1396,5,6,0,5.606089913745527,5.606089913745526,-8.881784197001252e-16,9.188645362854004,-0.012880437038341852,90,0.0,0.0,0.8,0.04749999999999999,0.04749999999999999,0.07916666666666665
chesca_reserve_contract_mesh,1397,6,6,6,6.1310232654894845,5.255023265489484,-0.8760000000000003,9.188645362854004,0.10922664621318218,90,6.0,0.0,0.75,0.09599999999999997,0.05599999999999994,0.10399999999999994
chesca_reserve_contract_mesh,1398,7,6,6,5.808023921379311,4.932023921379312,-0.8759999999999994,9.188645362854004,0.18336841136719856,90,6.0,0.0,0.7,0.09666666666666668,0.05666666666666664,0.13722222222222222
chesca_reserve_contract_mesh,1399,8,6,6,5.357420877177575,4.481420877177575,-0.8760000000000003,9.188645362854004,0.10915285127892971,90,6.0,0.0,0.6,0.19499999999999995,0.15499999999999992,0.2281249999999999
chesca_reserve_contract_mesh,1400,9,6,0,4.14086197720369,4.140861977203689,-8.881784197001252e-16,9.183117866516113,0.026656122512894703,90,0.0,0.0,0.5,0.245,0.245,0.3511666666666666
chesca_reserve_contract_mesh,1401,10,6,0,3.1396791321492037,3.1396791321492037,0.0,9.183117866516113,0.0756171172546708,90,0.0,0.0,0.6,0.09750000000000003,0.09750000000000003,0.251875
chesca_reserve_contract_mesh,1402,11,6,4,5.336081286178438,5.920081286178439,0.5840000000000005,9.188645362854004,-0.29822621073622485,90,0.0,1.0,0.65,0.0,0.040000000000000036,0.23714285714285718
chesca_reserve_contract_mesh,1403,12,6,0,5.68450190062621,5.68450190062621,0.0,9.188645362854004,0.0111923526099455,90,0.0,1.0,0.65,0.0,0.0,0.2428571428571428
chesca_reserve_contract_mesh,1404,13,6,4,6.636720753669107,7.220720753669108,0.5840000000000005,9.202078819274902,-0.5225351450381129,90,0.0,2.0,0.7,0.0,0.040000000000000036,0.1958333333333334
chesca_reserve_contract_mesh,1405,14,6,3,6.762883671559091,7.186883671559091,0.4239999999999995,9.202078819274902,-0.10261806917021346,90,0.0,2.0,0.7,0.0,0.040000000000000036,0.2052777777777778
chesca_reserve_contract_mesh,1406,15,6,4,8.138346158658296,7.554346158658294,-0.5840000000000014,9.202078819274902,0.12302621603395406,90,4.0,2.0,0.7,0.0,0.0,0.1425
chesca_reserve_contract_mesh,1407,16,6,4,9.559526287519956,8.975526287519957,-0.5839999999999996,9.202078819274902,0.48777913508748594,90,4.0,2.0,0.65,0.0,0.0,0.062380952380952336
chesca_reserve_contract_mesh,1408,17,6,0,11.987467665776308,11.987467665776308,0.0,9.202078819274902,1.3072563382816527,90,0.0,6.0,0.7,0.0,0.0,0.0
chesca_reserve_contract_mesh,1409,18,6,0,12.85300802552398,12.85300802552398,0.0,9.202078819274902,1.2839049110760308,90,0.0,6.0,0.6,0.0,0.0,0.0
chesca_reserve_contract_mesh,1410,19,6,0,14.789036038326,14.789036038326001,1.7763568394002505e-15,9.202078819274902,1.5267916781431627,90,0.0,6.0,0.6,0.0,0.0,0.0
chesca_reserve_contract_mesh,1411,20,6,0,13.2469854293194,13.2469854293194,0.0,9.202078819274902,0.9002439767885924,90,0.0,6.0,0.6,0.0,0.0,0.0
chesca_reserve_contract_mesh,1412,21,6,0,11.141767686854362,11.141767686854362,0.0,9.202078819274902,0.42852774478971806,90,0.0,6.0,0.6,0.0,0.0,0.0
chesca_reserve_contract_mesh,1413,22,6,0,9.196784339690314,9.196784339690314,0.0,9.276185035705566,-0.03386591968944133,90,0.0,5.0,0.55,0.0,0.0,0.008148148148148146
chesca_reserve_contract_mesh,1414,23,6,0,9.661481728536025,9.661481728536025,0.0,9.276185035705566,0.1128054648547001,90,0.0,6.0,0.6,0.0,0.0,0.0
chesca_reserve_contract_mesh,1415,24,6,0,9.790672399749301,9.790672399749301,0.0,9.276185035705566,0.1195164958570468,90,0.0,6.0,0.65,0.0,0.0,0.0
chesca_reserve_contract_mesh,1416,1,6,3,9.032112301220437,9.512112301220437,0.4800000000000004,9.293302536010742,-0.08189225029747516,90,0.0,6.0,0.72,0.0,0.0,0.020000000000000018
chesca_reserve_contract_mesh,1417,2,6,6,7.405512380295747,8.281512380295746,0.8759999999999994,9.36923885345459,-0.11667101789224427,90,0.0,6.0,0.78,0.0,0.040000000000000036,0.040000000000000036
chesca_reserve_contract_mesh,1418,3,6,0,6.995933639904077,6.995933639904077,0.0,9.36923885345459,-0.07715438964359897,90,0.0,2.0,0.8,0.0,0.0,0.031666666666666655
chesca_reserve_contract_mesh,1419,4,6,0,7.036541246834014,7.036541246834013,-8.881784197001252e-16,9.36923885345459,0.046550709016921266,90,0.0,5.0,0.85,0.0,0.0,0.007777777777777772
chesca_reserve_contract_mesh,1420,5,6,0,5.812839127010628,5.812839127010629,8.881784197001252e-16,9.36923885345459,-0.021794563719992097,90,0.0,0.0,0.8,0.04749999999999999,0.04749999999999999,0.07916666666666665
chesca_reserve_contract_mesh,1421,6,6,6,6.268780588866268,5.392780588866267,-0.8760000000000012,9.36923885345459,0.12085695951308614,90,6.0,0.0,0.75,0.09599999999999997,0.05599999999999994,0.11199999999999995
chesca_reserve_contract_mesh,1422,7,6,6,5.486593651774933,4.610593651774934,-0.8759999999999986,9.36923885345459,0.11440306212380856,90,6.0,0.0,0.7,0.09666666666666668,0.05666666666666664,0.1613888888888889
chesca_reserve_contract_mesh,1423,8,6,6,4.716936341071466,3.8409363410714654,-0.8760000000000003,9.36923885345459,0.08789149760806646,90,6.0,0.0,0.6,0.19499999999999995,0.15499999999999992,0.26062499999999994
chesca_reserve_contract_mesh,1424,9,6,6,4.413848325310517,3.5378483253105175,-0.8759999999999994,9.36923885345459,0.09926185835675767,90,6.0,0.0,0.5,0.29400000000000004,0.254,0.34383333333333327
chesca_reserve_contract_mesh,1425,10,6,0,3.602923230276938,3.602923230276938,0.0,9.36923885345459,0.05188476276750409,90,0.0,0.0,0.6,0.09750000000000003,0.09750000000000003,0.268125
chesca_reserve_contract_mesh,1426,11,6,4,4.089082808633703,4.645082808633704,0.5560000000000009,9.36923885345459,-0.15470023467029032,90,0.0,1.0,0.65,0.0,0.040000000000000036,0.25333333333333335
chesca_reserve_contract_mesh,1427,12,6,3,4.218039075855952,3.738039075855952,-0.48,9.36923885345459,0.08337195375301353,90,3.0,1.0,0.65,0.0,0.0,0.22285714285714278
chesca_reserve_contract_mesh,1428,13,6,5,6.234663535299518,5.490663535299516,-0.7440000000000015,9.36923885345459,0.2909198976169076,90,5.0,1.0,0.7,0.0,0.0,0.12777777777777777
chesca_reserve_contract_mesh,1429,14,6,3,5.797372976308603,5.345372976308603,-0.45199999999999996,9.36923885345459,0.1920065141653245,90,3.0,3.0,0.7,0.0,0.0,0.10083333333333333
chesca_reserve_contract_mesh,1430,15,6,2,8.362778203683053,8.070778203683053,-0.2919999999999998,9.36923885345459,0.2651469325028333,90,2.0,4.0,0.7,0.0,0.0,0.07527777777777778
chesca_reserve_contract_mesh,1431,16,6,3,8.87783006536572,8.453830065365718,-0.42400000000000126,9.36923885345459,0.3470210004374842,90,3.0,3.0,0.65,0.0,0.0,0.052857142857142825
chesca_reserve_contract_mesh,1432,17,6,1,12.553650819275713,12.421650819275714,-0.13199999999999967,9.36923885345459,1.61471352159263,90,1.0,5.0,0.7,0.0,0.0,0.001388888888888884
chesca_reserve_contract_mesh,1433,18,6,0,13.468241507385116,13.468241507385116,0.0,9.38985824584961,1.4545386726557918,90,0.0,6.0,0.6,0.0,0.0,0.0
chesca_reserve_contract_mesh,1434,19,6,0,15.902473216801166,15.902473216801166,0.0,9.408019065856934,1.8751473872994158,90,0.0,6.0,0.6,0.0,0.0,0.0
chesca_reserve_contract_mesh,1435,20,6,0,13.30577912569046,13.30577912569046,0.0,9.408019065856934,0.8465831441627967,90,0.0,6.0,0.6,0.0,0.0,0.0
chesca_reserve_contract_mesh,1436,21,6,0,13.120261161708077,13.120261161708077,0.0,9.408019065856934,0.8262418752688552,90,0.0,6.0,0.6,0.0,0.0,0.0
chesca_reserve_contract_mesh,1437,22,6,0,10.25456746338038,10.25456746338038,0.0,9.408019065856934,0.025821494432283855,90,0.0,5.0,0.55,0.0,0.0,0.008148148148148146
chesca_reserve_contract_mesh,1438,23,6,0,9.901592538477264,9.901592538477264,0.0,9.408019065856934,0.06114608236892171,90,0.0,6.0,0.6,0.0,0.0,0.0
chesca_reserve_contract_mesh,1439,24,6,0,10.483968145030213,10.483968145030211,-1.7763568394002505e-15,9.38985824584961,0.3331240243507929,90,0.0,6.0,0.65,0.0,0.0,0.0
chesca_reserve_contract_mesh,1440,1,6,0,10.316830398141771,10.31683039814177,-1.7763568394002505e-15,9.38985824584961,0.1456379353938839,90,0.0,6.0,0.72,0.0,0.0,0.0
chesca_reserve_contract_mesh,1441,2,6,6,8.721576621495469,9.59757662149547,0.8760000000000012,9.408019065856934,-0.12146443121982778,90,0.0,6.0,0.78,0.0,0.040000000000000036,0.040000000000000036
chesca_reserve_contract_mesh,1442,3,6,6,6.888772786867412,7.764772786867411,0.8759999999999994,9.45072078704834,-0.2676800713228475,90,0.0,4.0,0.8,0.0,0.040000000000000036,0.05583333333333337
chesca_reserve_contract_mesh,1443,4,6,6,7.022902903914379,7.8989029039143785,0.8759999999999994,9.45072078704834,-0.2240047386325782,90,0.0,4.0,0.85,0.0,0.040000000000000036,0.06333333333333337
chesca_reserve_contract_mesh,1444,5,6,4,5.895145162064402,6.451145162064403,0.5560000000000009,9.45072078704834,-0.21299081950895712,90,0.0,0.0,0.8,0.09499999999999997,0.135,0.16916666666666666
chesca_reserve_contract_mesh,1445,6,6,2,6.003124009114613,6.2951240091146135,0.2920000000000007,9.45072078704834,-0.10314871482681345,90,0.0,0.0,0.75,0.19199999999999995,0.23199999999999998,0.2373333333333333
chesca_reserve_contract_mesh,1446,7,6,1,5.359065390432066,5.491065390432066,0.13199999999999967,9.45072078704834,-0.08607847632362706,90,0.0,0.0,0.7,0.2416666666666667,0.28166666666666673,0.28861111111111115
chesca_reserve_contract_mesh,1447,8,6,0,4.600893141977091,4.6008931419770915,8.881784197001252e-16,9.45072078704834,-0.04189905196500163,90,0.0,0.0,0.6,0.34124999999999994,0.34124999999999994,0.381875
chesca_reserve_contract_mesh,1448,9,6,1,4.172599670352071,4.332599670352071,0.16000000000000014,9.45072078704834,-0.08361230057570321,90,0.0,0.0,0.5,0.44100000000000006,0.4810000000000001,0.4885
chesca_reserve_contract_mesh,1449,10,6,0,3.4830999547155788,3.483099954715579,4.440892098500626e-16,9.45072078704834,-0.060412682681834376,90,0.0,0.0,0.6,0.34124999999999994,0.34124999999999994,0.381875
chesca_reserve_contract_mesh,1450,11,6,1,1.4815731746470582,1.641573174647058,0.15999999999999992,9.45072078704834,-0.2960172357259097,90,0.0,0.0,0.65,0.29142857142857137,0.3314285714285714,0.3385714285714285
chesca_reserve_contract_mesh,1451,12,6,0,1.25898146805174,1.25898146805174,0.0,9.45072078704834,-0.033891583910255915,90,0.0,0.0,0.65,0.29142857142857137,0.29142857142857137,0.33190476190476187
chesca_reserve_contract_mesh,1452,13,6,6,5.430566856283091,4.554566856283092,-0.8759999999999994,9.45072078704834,0.26610395545125554,90,6.0,0.0,0.7,0.19333333333333336,0.15333333333333332,0.22583333333333333
chesca_reserve_contract_mesh,1453,14,6,6,4.650959771600007,3.7749597716000074,-0.8759999999999999,9.45072078704834,0.1173533223580812,90,6.0,0.0,0.7,0.14500000000000002,0.10499999999999998,0.20972222222222223
chesca_reserve_contract_mesh,1454,15,6,6,6.480279685903017,5.604279685903017,-0.8760000000000003,9.45072078704834,0.10739625308609457,90,6.0,0.0,0.7,0.04833333333333334,0.008333333333333304,0.1613888888888889
chesca_reserve_contract_mesh,1455,16,6,5,7.441823033159414,6.725823033159414,-0.7160000000000002,9.45072078704834,0.13071684273078,90,5.0,1.0,0.65,0.0,0.0,0.13666666666666663
chesca_reserve_contract_mesh,1456,17,6,3,10.124603481565627,9.672603481565629,-0.4519999999999982,9.45072078704834,0.2870475214246966,90,3.0,3.0,0.7,0.0,0.0,0.03638888888888888
chesca_reserve_contract_mesh,1457,18,6,2,11.952002258570383,11.660002258570383,-0.2919999999999998,9.408019065856934,0.7280129890602035,90,2.0,4.0,0.6,0.0,0.0,0.019166666666666648
chesca_reserve_contract_mesh,1458,19,6,0,14.317045279214328,14.31704527921433,1.7763568394002505e-15,9.408019065856934,1.4986727332485716,90,0.0,6.0,0.6,0.0,0.0,0.0
chesca_reserve_contract_mesh,1459,20,6,0,12.97303541685088,12.97303541685088,0.0,9.408019065856934,0.2832155207906158,90,0.0,6.0,0.6,0.0,0.0,0.0
chesca_reserve_contract_mesh,1460,21,6,0,11.540606711956224,11.540606711956224,0.0,9.408019065856934,0.46176706732427475,90,0.0,6.0,0.6,0.0,0.0,0.0
chesca_reserve_contract_mesh,1461,22,6,0,10.639151157203102,10.639151157203102,0.0,9.408019065856934,-0.03637856375416863,90,0.0,5.0,0.55,0.0,0.0,0.008148148148148146
chesca_reserve_contract_mesh,1462,23,6,0,10.545474825441737,10.545474825441737,0.0,9.45072078704834,0.12299821024219297,90,0.0,6.0,0.6,0.0,0.0,0.0
chesca_reserve_contract_mesh,1463,24,6,0,10.221101797812295,10.221101797812295,0.0,9.509674072265625,-0.03512726985974152,90,0.0,6.0,0.65,0.0,0.0,0.0
chesca_reserve_contract_mesh,1464,1,6,6,8.8761533245135,9.7521533245135,0.8760000000000012,9.62890625,-0.13745351488876134,90,0.0,6.0,0.72,0.0,0.040000000000000036,0.040000000000000036
chesca_reserve_contract_mesh,1465,2,6,6,7.389617937803607,8.265617937803604,0.8759999999999977,9.62890625,-0.295348561427709,90,0.0,5.0,0.78,0.0,0.040000000000000036,0.04700000000000004
chesca_reserve_contract_mesh,1466,3,6,6,6.819229165282414,7.695229165282416,0.8760000000000012,9.62890625,-0.22359354233764483,90,0.0,3.0,0.8,0.0,0.040000000000000036,0.09541666666666669
chesca_reserve_contract_mesh,1467,4,6,4,6.6678177782717,7.223817778271701,0.5560000000000009,9.62890625,-0.23187053893904547,90,0.0,3.0,0.85,0.0,0.040000000000000036,0.08111111111111113
chesca_reserve_contract_mesh,1468,5,6,4,5.47616726526811,6.03216726526811,0.556,9.62890625,-0.29769182369326697,90,0.0,1.0,0.8,0.0,0.040000000000000036,0.15333333333333332
chesca_reserve_contract_mesh,1469,6,6,2,5.459712874213675,5.723712874213675,0.26399999999999935,9.62890625,-0.26503777977256054,90,0.0,0.0,0.75,0.09599999999999997,0.136,0.21333333333333337
chesca_reserve_contract_mesh,1470,7,6,3,5.454450529534977,5.878450529534977,0.4239999999999995,9.75110149383545,-0.6422293968855877,90,0.0,0.0,0.7,0.19333333333333336,0.2333333333333334,0.27777777777777785
chesca_reserve_contract_mesh,1471,8,6,2,5.200218229289445,5.4922182292894455,0.2920000000000007,9.759391784667969,-0.72415596317493,90,0.0,0.0,0.6,0.34124999999999994,0.38125,0.3870833333333334
chesca_reserve_contract_mesh,1472,9,6,1,3.4695184910172374,3.601518491017237,0.13199999999999967,9.759391784667969,-0.1376855482846273,90,0.0,0.0,0.5,0.44100000000000006,0.4810000000000001,0.4885
chesca_reserve_contract_mesh,1473,10,6,0,3.0612650722536396,3.0612650722536396,0.0,9.759391784667969,-0.06883635538017026,90,0.0,0.0,0.6,0.2925,0.2925,0.37375
chesca_reserve_contract_mesh,1474,11,6,0,2.2968667255690933,2.2968667255690933,0.0,9.759391784667969,0.025292778053987306,90,0.0,0.0,0.65,0.24285714285714277,0.24285714285714277,0.32380952380952377
chesca_reserve_contract_mesh,1475,12,6,2,4.038739638592253,4.358739638592254,0.3200000000000003,9.759391784667969,-0.19743369297456756,90,0.0,0.0,0.65,0.29142857142857137,0.3314285714285714,0.337142857142857
chesca_reserve_contract_mesh,1476,13,6,6,5.092980473229044,4.216980473229044,-0.8760000000000003,9.759391784667969,0.11474426929774333,90,6.0,0.0,0.7,0.2416666666666667,0.20166666666666666,0.2338888888888889
chesca_reserve_contract_mesh,1477,14,6,6,7.184765202963531,6.308765202963531,-0.8760000000000003,9.759391784667969,0.1992447128550837,90,6.0,0.0,0.7,0.09666666666666668,0.05666666666666664,0.16944444444444443
chesca_reserve_contract_mesh,1478,15,6,0,8.233036342921777,8.233036342921777,0.0,9.759391784667969,0.06250125726834946,90,0.0,2.0,0.7,0.0,0.0,0.12083333333333335
chesca_reserve_contract_mesh,1479,16,6,0,9.11383569224806,9.11383569224806,0.0,9.759391784667969,-0.01967236864582686,90,0.0,2.0,0.65,0.0,0.0,0.08904761904761903
chesca_reserve_contract_mesh,1480,17,6,1,12.64402177162792,12.51202177162792,-0.13199999999999967,9.758140563964844,0.920182013560818,90,1.0,5.0,0.7,0.0,0.0,0.001388888888888884
chesca_reserve_contract_mesh,1481,18,6,0,13.711378656938855,13.711378656938855,0.0,9.758140563964844,1.0401308793122928,90,0.0,6.0,0.6,0.0,0.0,0.0
chesca_reserve_contract_mesh,1482,19,6,0,15.176008817205123,15.176008817205123,0.0,9.758140563964844,1.533809828356819,90,0.0,6.0,0.6,0.0,0.0,0.0
chesca_reserve_contract_mesh,1483,20,6,0,13.431594432198095,13.431594432198093,-1.7763568394002505e-15,9.758140563964844,0.7995197290301153,90,0.0,6.0,0.6,0.0,0.0,0.0
chesca_reserve_contract_mesh,1484,21,6,0,12.111798138260491,12.111798138260491,0.0,9.758140563964844,0.4172113364939729,90,0.0,6.0,0.6,0.0,0.0,0.0
chesca_reserve_contract_mesh,1485,22,6,6,9.423256959660263,10.299256959660262,0.8759999999999994,9.758140563964844,-0.13887157633000152,90,0.0,4.0,0.55,0.0,0.040000000000000036,0.05629629629629632
chesca_reserve_contract_mesh,1486,23,6,0,9.511698748972425,9.511698748972425,0.0,9.758140563964844,0.0649807315471728,90,0.0,5.0,0.6,0.0,0.0,0.008124999999999993
chesca_reserve_contract_mesh,1487,24,6,6,9.382321990050787,10.258321990050788,0.8760000000000012,9.758140563964844,-0.17786042233901983,90,0.0,6.0,0.65,0.0,0.040000000000000036,0.040000000000000036
chesca_reserve_contract_mesh,1488,1,6,0,10.184863784259283,10.184863784259283,0.0,9.821219444274902,0.1712052563339618,90,0.0,6.0,0.72,0.0,0.0,0.0
chesca_reserve_contract_mesh,1489,2,6,0,8.827843882445682,8.827843882445682,0.0,9.879295349121094,-0.06649716211669676,90,0.0,6.0,0.78,0.0,0.0,0.0
chesca_reserve_contract_mesh,1490,3,6,6,6.1607979618406565,7.036797961840657,0.8760000000000003,9.879295349121094,-0.14090190291481527,90,0.0,5.0,0.8,0.0,0.040000000000000036,0.0479166666666667
chesca_reserve_contract_mesh,1491,4,6,0,5.9911468654153754,5.991146865415375,-8.881784197001252e-16,9.879295349121094,-0.05520902652371232,90,0.0,3.0,0.85,0.0,0.0,0.031111111111111107
chesca_reserve_contract_mesh,1492,5,6,0,5.756670070518018,5.756670070518018,0.0,9.879295349121094,0.03250993008809201,90,0.0,0.0,0.8,0.04749999999999999,0.04749999999999999,0.1108333333333333
chesca_reserve_contract_mesh,1493,6,6,6,6.061711035565658,5.1857110355656575,-0.8760000000000003,9.879295349121094,0.09420102457490487,90,6.0,0.0,0.75,0.09599999999999997,0.05599999999999994,0.12799999999999995
chesca_reserve_contract_mesh,1494,7,6,6,5.575366785268911,4.6993667852689125,-0.8759999999999986,9.879295349121094,0.12294576621800592,90,6.0,0.0,0.7,0.14500000000000002,0.10499999999999998,0.16944444444444443
chesca_reserve_contract_mesh,1495,8,6,0,5.370844575966506,5.3708445759665056,-8.881784197001252e-16,9.879295349121094,0.0395063068334527,90,0.0,0.0,0.6,0.24375000000000002,0.24375000000000002,0.2925
chesca_reserve_contract_mesh,1496,9,6,0,5.118868952455096,5.118868952455096,0.0,9.879295349121094,0.017445591279215647,90,0.0,0.0,0.5,0.34299999999999997,0.34299999999999997,0.4083333333333334
chesca_reserve_contract_mesh,1497,10,6,3,4.717933512739756,5.169933512739756,0.45199999999999996,9.879295349121094,-0.10627884389653894,90,0.0,0.0,0.6,0.24375000000000002,0.28375000000000006,0.3531250000000001
chesca_reserve_contract_mesh,1498,11,6,0,6.127487919723409,6.127487919723409,0.0,9.879295349121094,-0.0010293457324275293,90,0.0,0.0,0.65,0.19428571428571428,0.19428571428571428,0.2671428571428571
chesca_reserve_contract_mesh,1499,12,6,0,4.184258150212488,4.1842581502124885,8.881784197001252e-16,9.879295349121094,0.01052294113049381,90,0.0,0.0,0.65,0.14571428571428569,0.14571428571428569,0.28333333333333327
chesca_reserve_contract_mesh,1500,13,6,0,5.22709938420495,5.22709938420495,0.0,9.879295349121094,-0.05550500748210335,90,0.0,0.0,0.7,0.04833333333333334,0.04833333333333334,0.20944444444444446
chesca_reserve_contract_mesh,1501,14,6,4,3.5948425800359525,4.178842580035952,0.5839999999999996,9.879295349121094,-0.12769621152677108,90,0.0,0.0,0.7,0.14500000000000002,0.18500000000000005,0.26027777777777783
chesca_reserve_contract_mesh,1502,15,6,6,5.053509054589299,4.177509054589299,-0.8760000000000003,9.879295349121094,0.14881947875459006,90,6.0,0.0,0.7,0.2416666666666667,0.20166666666666666,0.21777777777777776
chesca_reserve_contract_mesh,1503,16,6,6,5.294012791121927,4.418012791121926,-0.8760000000000003,9.879295349121094,0.330036478026143,90,6.0,0.0,0.65,0.29142857142857137,0.25142857142857133,0.2676190476190475
chesca_reserve_contract_mesh,1504,17,6,6,5.997409159621054,5.121409159621054,-0.8760000000000003,9.879295349121094,0.2444007035277213,90,6.0,0.0,0.7,0.19333333333333336,0.15333333333333332,0.1936111111111111
chesca_reserve_contract_mesh,1505,18,6,6,7.72857387387621,6.852573873876208,-0.8760000000000021,9.821219444274902,0.38123511417902206,90,6.0,0.0,0.6,0.14625,0.10624999999999996,0.20374999999999996
chesca_reserve_contract_mesh,1506,19,6,5,8.271758326238187,7.555758326238186,-0.7160000000000011,9.758140563964844,0.09954136884212197,90,5.0,1.0,0.6,0.0,0.0,0.12104166666666662
chesca_reserve_contract_mesh,1507,20,6,4,9.049906458890772,8.465906458890773,-0.5839999999999996,9.62890625,0.08538684944379984,90,4.0,2.0,0.6,0.0,0.0,0.0789583333333333
chesca_reserve_contract_mesh,1508,21,6,2,8.99189310746676,8.69989310746676,-0.2919999999999998,9.45072078704834,0.08633545402719559,90,2.0,4.0,0.6,0.0,0.0,0.043541666666666666
chesca_reserve_contract_mesh,1509,22,6,6,8.182155703425053,9.058155703425053,0.8759999999999994,9.45072078704834,-0.6632106222174241,90,0.0,3.0,0.55,0.0,0.040000000000000036,0.12148148148148152
chesca_reserve_contract_mesh,1510,23,6,6,7.686450184952997,8.562450184952997,0.8760000000000003,9.45072078704834,-0.09485464153422937,90,0.0,2.0,0.6,0.0,0.040000000000000036,0.12125000000000002
chesca_reserve_contract_mesh,1511,24,6,6,7.1580185205573725,8.034018520557373,0.8760000000000003,9.45072078704834,-0.15964832290908249,90,0.0,2.0,0.65,0.0,0.040000000000000036,0.09666666666666668
chesca_reserve_contract_mesh,1512,1,6,0,7.889395140762051,7.889395140762051,0.0,9.408019065856934,0.03739791016420821,90,0.0,4.0,0.72,0.0,0.0,0.022500000000000003
chesca_reserve_contract_mesh,1513,2,6,0,7.996152967380738,7.996152967380738,0.0,9.34437370300293,0.06603651103694472,90,0.0,4.0,0.78,0.0,0.0,0.021
chesca_reserve_contract_mesh,1514,3,6,0,6.212158827430181,6.212158827430181,0.0,9.34437370300293,-0.03081150720167858,90,0.0,2.0,0.8,0.0,0.0,0.039583333333333325
chesca_reserve_contract_mesh,1515,4,6,4,5.825357496894619,5.2413574968946195,-0.5839999999999996,9.34437370300293,0.10465906056096239,90,4.0,2.0,0.85,0.0,0.0,0.01222222222222219
chesca_reserve_contract_mesh,1516,5,6,0,5.708575057737692,5.708575057737691,-8.881784197001252e-16,9.34437370300293,0.054616668538307336,90,0.0,0.0,0.8,0.04749999999999999,0.04749999999999999,0.1108333333333333
chesca_reserve_contract_mesh,1517,6,6,0,5.622726613738148,5.622726613738149,8.881784197001252e-16,9.34437370300293,0.05471682963194589,90,0.0,0.0,0.75,0.04800000000000004,0.04800000000000004,0.18399999999999997
chesca_reserve_contract_mesh,1518,7,6,2,4.760932860719583,5.052932860719584,0.2920000000000007,9.408019065856934,-0.5789238564802206,90,0.0,0.0,0.7,0.09666666666666668,0.13666666666666671,0.2630555555555556
chesca_reserve_contract_mesh,1519,8,6,0,3.899760609608301,3.899760609608301,0.0,9.408019065856934,0.06520429877751653,90,0.0,0.0,0.6,0.2925,0.2925,0.37375
chesca_reserve_contract_mesh,1520,9,6,6,5.021187684295177,4.145187684295177,-0.8760000000000003,9.408019065856934,0.118189576194424,90,6.0,0.0,0.5,0.392,0.352,0.4173333333333334
chesca_reserve_contract_mesh,1521,10,6,6,3.692213079817497,2.816213079817496,-0.8760000000000008,9.408019065856934,0.13708914972405,90,6.0,0.0,0.6,0.34124999999999994,0.3012499999999999,0.341875
chesca_reserve_contract_mesh,1522,11,6,6,4.176359583500102,3.3003595835001023,-0.8759999999999999,9.408019065856934,0.13135102363042261,90,6.0,0.0,0.65,0.29142857142857137,0.25142857142857133,0.29190476190476183
chesca_reserve_contract_mesh,1523,12,6,0,1.8263325067787046,1.8263325067787046,0.0,9.408019065856934,0.05461820382536823,90,0.0,0.0,0.65,0.24285714285714277,0.24285714285714277,0.32380952380952377
chesca_reserve_contract_mesh,1524,13,6,3,4.077577888657247,3.5975778886572467,-0.4800000000000004,9.408019065856934,0.07814358986844262,90,3.0,0.0,0.7,0.19333333333333336,0.15333333333333332,0.2538888888888889
chesca_reserve_contract_mesh,1525,14,6,6,4.740852441918876,3.864852441918876,-0.8759999999999999,9.408019065856934,0.12932140633487502,90,6.0,0.0,0.7,0.09666666666666668,0.05666666666666664,0.21777777777777776
chesca_reserve_contract_mesh,1526,15,6,5,5.268216806041278,4.552216806041278,-0.7160000000000002,9.408019065856934,0.10564129606112144,90,5.0,1.0,0.7,0.0,0.0,0.1922222222222222
chesca_reserve_contract_mesh,1527,16,6,5,6.9581879706565966,6.242187970656596,-0.7160000000000002,9.34437370300293,0.5818951157733746,90,5.0,1.0,0.65,0.0,0.0,0.17714285714285707
chesca_reserve_contract_mesh,1528,17,6,5,8.342844843792168,7.626844843792169,-0.7159999999999993,9.34437370300293,0.47585312827747606,90,5.0,1.0,0.7,0.0,0.0,0.05527777777777776
chesca_reserve_contract_mesh,1529,18,6,3,9.806039417277347,9.382039417277348,-0.4239999999999995,9.237627029418945,0.49665024541276515,90,3.0,3.0,0.6,0.0,0.0,0.02874999999999998
chesca_reserve_contract_mesh,1530,19,6,1,10.115118062793695,9.955118062793694,-0.16000000000000014,9.192666053771973,0.31878930322475624,90,1.0,5.0,0.6,0.0,0.0,0.0014583333333333208
chesca_reserve_contract_mesh,1531,20,6,6,9.257106678972963,10.133106678972965,0.8760000000000012,9.192666053771973,-0.309230591833774,90,0.0,6.0,0.6,0.0,0.040000000000000036,0.040000000000000036
chesca_reserve_contract_mesh,1532,21,6,6,8.019093718342372,8.895093718342373,0.8760000000000012,9.192666053771973,-0.6842658079822511,90,0.0,4.0,0.6,0.0,0.040000000000000036,0.05625000000000002
chesca_reserve_contract_mesh,1533,22,6,0,7.656625893103037,7.656625893103037,0.0,9.152149200439453,-0.014861924495252449,90,0.0,2.0,0.55,0.0,0.0,0.08148148148148145
chesca_reserve_contract_mesh,1534,23,6,2,7.54185058256414,7.2498505825641395,-0.2920000000000007,9.033249855041504,0.096293282984303,90,2.0,4.0,0.6,0.0,0.0,0.03541666666666665
chesca_reserve_contract_mesh,1535,24,6,1,8.622505664317117,8.462505664317119,-0.15999999999999837,8.932856559753418,0.1704705818193465,90,1.0,5.0,0.65,0.0,0.0,0.017619047619047607
chesca_reserve_contract_mesh,1536,1,6,6,8.059878742363864,8.935878742363862,0.8759999999999977,9.033249855041504,-0.10986657156150494,90,0.0,5.0,0.72,0.0,0.040000000000000036,0.04750000000000004
chesca_reserve_contract_mesh,1537,2,6,6,6.950039972936055,7.826039972936055,0.8760000000000003,9.033249855041504,-0.11537725576863148,90,0.0,5.0,0.78,0.0,0.040000000000000036,0.04700000000000004
chesca_reserve_contract_mesh,1538,3,6,6,5.645801508341105,6.521801508341105,0.8760000000000003,9.033249855041504,-0.11834527179842982,90,0.0,0.0,0.8,0.04749999999999999,0.08750000000000002,0.11125000000000002
chesca_reserve_contract_mesh,1539,4,6,0,5.281049010524363,5.281049010524363,0.0,9.033249855041504,-0.02508791982322034,90,0.0,0.0,0.85,0.046666666666666634,0.046666666666666634,0.09333333333333334
chesca_reserve_contract_mesh,1540,5,6,3,5.122495680201152,4.642495680201152,-0.4800000000000004,9.033249855041504,0.07881995916628293,90,3.0,0.0,0.8,0.14249999999999996,0.10249999999999992,0.1541666666666666
chesca_reserve_contract_mesh,1541,6,6,6,5.60285660341694,4.726856603416939,-0.8760000000000003,9.033249855041504,0.11360642852463794,90,6.0,0.0,0.75,0.14400000000000002,0.10399999999999998,0.16799999999999995
chesca_reserve_contract_mesh,1542,7,6,6,5.71824163194171,4.84224163194171,-0.8760000000000003,9.033249855041504,0.24669627196567995,90,6.0,0.0,0.7,0.04833333333333334,0.008333333333333304,0.1936111111111111
chesca_reserve_contract_mesh,1543,8,6,0,4.545275232309513,4.545275232309513,0.0,9.033249855041504,-0.056831685660836406,90,0.0,0.0,0.6,0.14625,0.14625,0.325
chesca_reserve_contract_mesh,1544,9,6,0,3.591166377433038,3.591166377433038,0.0,9.033249855041504,0.03979664581018953,90,0.0,0.0,0.5,0.19599999999999995,0.19599999999999995,0.4328333333333334
chesca_reserve_contract_mesh,1545,10,6,1,3.462663558608253,3.5946635586082536,0.13200000000000056,9.033249855041504,-0.13301354871901108,90,0.0,0.0,0.6,0.09750000000000003,0.13750000000000007,0.3479166666666667
chesca_reserve_contract_mesh,1546,11,6,6,4.213580866380929,3.337580866380929,-0.8759999999999999,9.033249855041504,0.1037365397422442,90,6.0,0.0,0.65,0.14571428571428569,0.10571428571428565,0.25952380952380943
chesca_reserve_contract_mesh,1547,12,6,5,6.481634448335919,7.225634448335921,0.7440000000000015,9.033249855041504,-0.4668844090526161,90,0.0,0.0,0.65,0.14571428571428569,0.18571428571428572,0.29238095238095235
chesca_reserve_contract_mesh,1548,13,6,0,6.366272089658989,6.366272089658989,0.0,9.033249855041504,0.029608730847416012,90,0.0,0.0,0.7,0.09666666666666668,0.09666666666666668,0.20944444444444446
chesca_reserve_contract_mesh,1549,14,6,3,5.6562054724800195,6.10820547248002,0.45200000000000085,9.033249855041504,-0.08888118795756597,90,0.0,0.0,0.7,0.09666666666666668,0.13666666666666671,0.22944444444444448
chesca_reserve_contract_mesh,1550,15,6,6,6.974758709621397,6.098758709621397,-0.8759999999999994,8.932856559753418,0.11425357837653521,90,6.0,0.0,0.7,0.09666666666666668,0.05666666666666664,0.1613888888888889
chesca_reserve_contract_mesh,1551,16,6,0,8.281507299438243,8.281507299438243,0.0,9.033249855041504,0.04610019843997102,90,0.0,0.0,0.65,0.0485714285714286,0.0485714285714286,0.13761904761904759
chesca_reserve_contract_mesh,1552,17,6,2,11.234116415412373,10.970116415412374,-0.26399999999999935,9.033249855041504,1.0109205757415944,90,2.0,4.0,0.7,0.0,0.0,0.018888888888888882
chesca_reserve_contract_mesh,1553,18,6,0,12.290478821664017,12.290478821664017,0.0,9.033249855041504,1.3267573387239877,90,0.0,6.0,0.6,0.0,0.0,0.0
chesca_reserve_contract_mesh,1554,19,6,0,14.233962689833318,14.233962689833318,0.0,9.033249855041504,1.568143742577923,90,0.0,6.0,0.6,0.0,0.0,0.0
chesca_reserve_contract_mesh,1555,20,6,0,10.180027634187145,10.180027634187145,0.0,9.033249855041504,0.03366605108068349,90,0.0,6.0,0.6,0.0,0.0,0.0
chesca_reserve_contract_mesh,1556,21,6,0,9.10166912009693,9.10166912009693,0.0,9.033249855041504,-0.007462908676627349,90,0.0,5.0,0.6,0.0,0.0,0.008124999999999993
chesca_reserve_contract_mesh,1557,22,6,2,9.432140405697194,9.112140405697195,-0.3199999999999985,8.932856559753418,0.1365645848197753,90,2.0,4.0,0.55,0.0,0.0,0.01111111111111109
chesca_reserve_contract_mesh,1558,23,6,6,9.441324132855216,10.317324132855218,0.8760000000000012,9.033249855041504,-0.3194994154572542,90,0.0,6.0,0.6,0.0,0.040000000000000036,0.040000000000000036
chesca_reserve_contract_mesh,1559,24,6,6,8.162343269066584,9.038343269066585,0.8760000000000012,9.033249855041504,-0.1551413076212047,90,0.0,5.0,0.65,0.0,0.040000000000000036,0.048095238095238135
chesca_reserve_contract_mesh,1560,1,6,6,8.690703503613053,9.566703503613052,0.8759999999999994,9.00833511352539,-0.13713268705668627,90,0.0,6.0,0.72,0.0,0.040000000000000036,0.040000000000000036
chesca_reserve_contract_mesh,1561,2,6,6,7.898960488836449,8.774960488836449,0.8759999999999994,9.00833511352539,-0.16671150086789038,90,0.0,5.0,0.78,0.0,0.040000000000000036,0.04700000000000004
chesca_reserve_contract_mesh,1562,3,6,6,7.156409824428498,8.032409824428498,0.8760000000000003,9.00833511352539,-0.15418985161998816,90,0.0,3.0,0.8,0.0,0.040000000000000036,0.0716666666666667
chesca_reserve_contract_mesh,1563,4,6,5,5.636043758645837,6.352043758645837,0.7160000000000002,9.00833511352539,-0.18473843158271064,90,0.0,1.0,0.85,0.0,0.040000000000000036,0.08777777777777779
chesca_reserve_contract_mesh,1564,5,6,3,5.700155865700571,6.124155865700572,0.4240000000000004,9.00833511352539,-0.11171435030868535,90,0.0,0.0,0.8,0.04749999999999999,0.08750000000000002,0.16249999999999998
chesca_reserve_contract_mesh,1565,6,6,4,6.0261518618423775,6.582151861842376,0.5559999999999983,9.00833511352539,-0.17267062027673016,90,0.0,0.0,0.75,0.14400000000000002,0.18400000000000005,0.21866666666666668
chesca_reserve_contract_mesh,1566,7,6,0,5.48083111277413,5.48083111277413,0.0,9.00833511352539,-0.0013763220294414832,90,0.0,0.0,0.7,0.19333333333333336,0.19333333333333336,0.26583333333333337
chesca_reserve_contract_mesh,1567,8,6,6,5.861621110453768,4.985621110453769,-0.8759999999999994,9.00833511352539,0.11570564403966363,90,6.0,0.0,0.6,0.19499999999999995,0.15499999999999992,0.293125
chesca_reserve_contract_mesh,1568,9,6,0,5.225136632644164,5.225136632644164,0.0,9.00833511352539,0.03942793433452611,90,0.0,0.0,0.5,0.14700000000000002,0.14700000000000002,0.39200000000000007
chesca_reserve_contract_mesh,1569,10,6,0,5.179748774353327,5.179748774353327,0.0,9.00833511352539,-0.004850885034745338,90,0.0,1.0,0.6,0.0,0.0,0.2925
chesca_reserve_contract_mesh,1570,11,6,4,5.156246170933045,5.712246170933044,0.5559999999999992,8.932856559753418,-0.09768357903920188,90,0.0,1.0,0.65,0.0,0.040000000000000036,0.2776190476190476
chesca_reserve_contract_mesh,1571,12,6,3,5.363976111382913,5.787976111382912,0.4239999999999995,8.932856559753418,-0.10076615959567473,90,0.0,0.0,0.65,0.09714285714285709,0.13714285714285712,0.29523809523809524
chesca_reserve_contract_mesh,1572,13,6,0,6.066007446991511,6.066007446991511,0.0,8.861246109008789,0.034776644234248213,90,0.0,0.0,0.7,0.04833333333333334,0.04833333333333334,0.21750000000000003
chesca_reserve_contract_mesh,1573,14,6,0,5.801003901208007,5.801003901208006,-8.881784197001252e-16,8.861246109008789,-0.030539475806705622,90,0.0,0.0,0.7,0.10499999999999998,0.10499999999999998,0.2188888888888889
chesca_reserve_contract_mesh,1574,15,6,0,5.713783736180682,5.713783736180682,0.0,8.861246109008789,-0.03935044868385035,90,0.0,0.0,0.7,0.14500000000000002,0.14500000000000002,0.23361111111111113
chesca_reserve_contract_mesh,1575,16,6,6,6.385006248240787,5.509006248240787,-0.8759999999999994,8.861246109008789,0.41564663386496636,90,6.0,0.0,0.65,0.14571428571428569,0.10571428571428565,0.227142857142857
chesca_reserve_contract_mesh,1576,17,6,5,7.148847320571935,6.4048473205719345,-0.7440000000000007,8.752998352050781,0.5302045236827629,90,5.0,1.0,0.7,0.0,0.0,0.12777777777777777
chesca_reserve_contract_mesh,1577,18,6,5,8.02309198403806,7.279091984038062,-0.7439999999999989,8.645430564880371,0.2851094672152265,90,5.0,1.0,0.6,0.0,0.0,0.12916666666666662
chesca_reserve_contract_mesh,1578,19,6,4,9.274544828329573,8.690544828329573,-0.5839999999999996,8.535073280334473,0.19592074766047854,90,4.0,2.0,0.6,0.0,0.0,0.08708333333333329
chesca_reserve_contract_mesh,1579,20,6,0,8.422137374516167,8.422137374516169,1.7763568394002505e-15,8.479989051818848,0.018457939008048957,90,0.0,4.0,0.6,0.0,0.0,0.09749999999999999
chesca_reserve_contract_mesh,1580,21,6,2,9.142041858774009,8.850041858774008,-0.2920000000000016,8.479989051818848,0.11402316345990272,90,2.0,4.0,0.6,0.0,0.0,0.06791666666666664
chesca_reserve_contract_mesh,1581,22,6,0,8.371320427460347,8.371320427460347,0.0,8.466708183288574,-0.010021980062449011,90,0.0,2.0,0.55,0.0,0.0,0.09777777777777776
chesca_reserve_contract_mesh,1582,23,6,2,8.89847220229272,8.60647220229272,-0.2919999999999998,8.37640380859375,0.12095757656582824,90,2.0,4.0,0.6,0.0,0.0,0.043541666666666645
chesca_reserve_contract_mesh,1583,24,6,6,7.669393306070709,8.545393306070707,0.8759999999999986,8.247335433959961,-0.15011287965706804,90,0.0,4.0,0.65,0.0,0.040000000000000036,0.07238095238095242
chesca_reserve_contract_mesh,1584,1,6,6,8.034965028909374,8.910965028909374,0.8759999999999994,8.247335433959961,-0.2804736058688789,90,0.0,3.0,0.72,0.0,0.040000000000000036,0.07750000000000005
chesca_reserve_contract_mesh,1585,2,6,6,6.686810939517453,7.562810939517453,0.8760000000000003,8.247335433959961,-0.365308653663225,90,0.0,3.0,0.78,0.0,0.040000000000000036,0.09600000000000002
chesca_reserve_contract_mesh,1586,3,6,4,5.481437497770957,6.093437497770956,0.6119999999999992,8.247335433959961,-0.42855923954460384,90,0.0,1.0,0.8,0.0,0.040000000000000036,0.13749999999999998
chesca_reserve_contract_mesh,1587,4,6,2,4.69976122325974,4.99176122325974,0.2919999999999998,8.247335433959961,-0.3914887092125775,90,0.0,2.0,0.85,0.0,0.040000000000000036,0.10666666666666669
chesca_reserve_contract_mesh,1588,5,6,2,4.563789361138976,4.855789361138977,0.2920000000000007,8.247335433959961,-0.2716179643559122,90,0.0,0.0,0.8,0.09499999999999997,0.135,0.1795833333333333
chesca_reserve_contract_mesh,1589,6,6,1,5.262943008806768,5.394943008806767,0.13199999999999967,8.247335433959961,-0.17435327735847098,90,0.0,0.0,0.75,0.19199999999999995,0.23199999999999998,0.23866666666666667
chesca_reserve_contract_mesh,1590,7,6,0,4.300300310833025,4.300300310833025,0.0,8.247335433959961,-0.20452734434804498,90,0.0,0.0,0.7,0.29000000000000004,0.29000000000000004,0.29000000000000004
chesca_reserve_contract_mesh,1591,8,6,0,4.207466165857977,4.207466165857977,0.0,8.247335433959961,-0.07053031568682892,90,0.0,0.0,0.6,0.34124999999999994,0.34124999999999994,0.381875
chesca_reserve_contract_mesh,1592,9,6,0,4.001355982046658,4.001355982046659,8.881784197001252e-16,8.247335433959961,-0.06750920594678322,90,0.0,0.0,0.5,0.49,0.49,0.49000000000000005
chesca_reserve_contract_mesh,1593,10,6,0,2.648350880276867,2.648350880276867,0.0,8.247335433959961,-0.18862678902350882,90,0.0,0.0,0.6,0.39,0.39,0.39000000000000007
chesca_reserve_contract_mesh,1594,11,6,0,2.12180066857083,2.12180066857083,0.0,8.247335433959961,-0.267892096533517,90,0.0,0.0,0.65,0.33999999999999997,0.33999999999999997,0.3399999999999999
chesca_reserve_contract_mesh,1595,12,6,0,3.575715284314972,3.5757152843149718,-4.440892098500626e-16,8.247335433959961,0.03344614957948487,90,0.0,0.0,0.65,0.12571428571428567,0.12571428571428567,0.3042857142857142
chesca_reserve_contract_mesh,1596,13,6,2,5.769949833065375,6.061949833065375,0.2919999999999998,8.247335433959961,-0.17313505589434497,90,0.0,0.0,0.7,0.14500000000000002,0.18500000000000005,0.27111111111111114
chesca_reserve_contract_mesh,1597,14,6,2,4.148973976949291,4.440973976949291,0.2919999999999998,8.247335433959961,-0.14270002900485906,90,0.0,0.0,0.7,0.14500000000000002,0.18500000000000005,0.27111111111111114
chesca_reserve_contract_mesh,1598,15,6,6,7.213722225048949,6.40372222504895,-0.8099999999999987,8.247335433959961,0.10685283649410246,90,6.0,0.0,0.7,0.09666666666666668,0.05666666666666664,0.18888888888888888
chesca_reserve_contract_mesh,1599,16,6,6,7.634246288653985,6.758246288653984,-0.8760000000000012,8.192130088806152,0.3746895724111848,90,6.0,0.0,0.65,0.09714285714285709,0.05714285714285705,0.1542857142857142
chesca_reserve_contract_mesh,1600,17,6,3,9.427131933187237,8.975131933187237,-0.45199999999999996,8.247335433959961,0.20823959797157948,90,3.0,3.0,0.7,0.0,0.0,0.012222222222222209
chesca_reserve_contract_mesh,1601,18,6,2,11.316554653385033,11.024554653385032,-0.2920000000000016,8.192130088806152,1.402136057996737,90,2.0,4.0,0.6,0.0,0.0,0.0029166666666666416
chesca_reserve_contract_mesh,1602,19,6,0,12.767341670105996,12.767341670105994,-1.7763568394002505e-15,8.192130088806152,1.380166922056207,90,0.0,6.0,0.6,0.0,0.0,0.0
chesca_reserve_contract_mesh,1603,20,6,0,10.553064633970004,10.553064633970003,-1.7763568394002505e-15,8.192130088806152,0.42260129223824167,90,0.0,6.0,0.6,0.0,0.0,0.0
chesca_reserve_contract_mesh,1604,21,6,0,10.97536476893654,10.97536476893654,0.0,8.192130088806152,0.8156117589297093,90,0.0,6.0,0.6,0.0,0.0,0.0
chesca_reserve_contract_mesh,1605,22,6,2,9.385272768729287,9.065272768729287,-0.3200000000000003,8.192130088806152,0.11318668757141609,90,2.0,4.0,0.55,0.0,0.0,0.002962962962962945
chesca_reserve_contract_mesh,1606,23,6,0,10.062187284826827,10.062187284826827,0.0,8.161107063293457,0.5234238692264898,90,0.0,6.0,0.6,0.0,0.0,0.0
chesca_reserve_contract_mesh,1607,24,6,0,9.775189290161567,9.775189290161567,0.0,8.161107063293457,0.21954068293379156,90,0.0,6.0,0.65,0.0,0.0,0.0
chesca_reserve_contract_mesh,1608,1,6,6,8.502616785842406,9.378616785842407,0.8760000000000012,8.161107063293457,-0.3635220348661227,90,0.0,6.0,0.72,0.0,0.040000000000000036,0.040000000000000036
chesca_reserve_contract_mesh,1609,2,6,6,7.912267292464543,8.788267292464543,0.8759999999999994,8.161107063293457,-0.19992225135801825,90,0.0,5.0,0.78,0.0,0.040000000000000036,0.04700000000000004
chesca_reserve_contract_mesh,1610,3,6,6,5.80645827020529,6.682458270205291,0.8760000000000003,8.161107063293457,-0.5247461953617928,90,0.0,1.0,0.8,0.0,0.040000000000000036,0.09541666666666669
chesca_reserve_contract_mesh,1611,4,6,5,5.913811959264934,6.657811959264934,0.7439999999999998,8.13059139251709,-0.32579883242842106,90,0.0,1.0,0.85,0.0,0.040000000000000036,0.10333333333333337
chesca_reserve_contract_mesh,1612,5,6,3,4.9042499980728795,5.328249998072879,0.4239999999999995,8.13059139251709,-0.42676496169001266,90,0.0,0.0,0.8,0.09499999999999997,0.135,0.17833333333333332
chesca_reserve_contract_mesh,1613,6,6,2,5.676416508631794,5.968416508631794,0.2919999999999998,8.13059139251709,-0.2773150124312744,90,0.0,0.0,0.75,0.19199999999999995,0.23199999999999998,0.2373333333333333
chesca_reserve_contract_mesh,1614,7,6,1,5.618484605227454,5.7784846052274546,0.16000000000000014,8.13059139251709,-0.4020745160180064,90,0.0,0.0,0.7,0.2416666666666667,0.28166666666666673,0.28861111111111115
chesca_reserve_contract_mesh,1615,8,6,0,5.016407112083216,5.016407112083216,0.0,8.13059139251709,-0.11060509580360088,90,0.0,0.0,0.6,0.39,0.39,0.39000000000000007
chesca_reserve_contract_mesh,1616,9,6,1,2.94524137062302,3.10524137062302,0.16000000000000014,8.13059139251709,-0.27445474930710356,90,0.0,0.0,0.5,0.44100000000000006,0.4810000000000001,0.4885
chesca_reserve_contract_mesh,1617,10,6,0,2.916770156707797,2.9167701567077966,-4.440892098500626e-16,8.13059139251709,-0.13267639533608158,90,0.0,0.0,0.6,0.39,0.39,0.39000000000000007
chesca_reserve_contract_mesh,1618,11,6,0,1.2078725835367456,1.2078725835367456,0.0,8.13059139251709,-0.3248384019462928,90,0.0,0.0,0.65,0.33999999999999997,0.33999999999999997,0.3399999999999999
chesca_reserve_contract_mesh,1619,12,6,0,3.6572950657111987,3.6572950657111987,0.0,8.13059139251709,0.05998177852532205,90,0.0,0.0,0.65,0.33999999999999997,0.33999999999999997,0.3399999999999999
chesca_reserve_contract_mesh,1620,13,6,0,3.853655649651148,3.853655649651148,0.0,8.13059139251709,0.008765277406483613,90,0.0,0.0,0.7,0.2416666666666667,0.2416666666666667,0.2819444444444445
chesca_reserve_contract_mesh,1621,14,6,2,4.597864020827281,4.8898640208272806,0.2919999999999998,8.13059139251709,-0.08326937513791624,90,0.0,0.0,0.7,0.19333333333333336,0.2333333333333334,0.27916666666666673
chesca_reserve_contract_mesh,1622,15,6,1,6.049692312106458,6.209692312106458,0.15999999999999925,8.13059139251709,-0.0977952260690697,90,0.0,0.0,0.7,0.14500000000000002,0.18500000000000005,0.2725
chesca_reserve_contract_mesh,1623,16,6,5,8.706225698662863,8.00746145342524,-0.6987642452376228,8.13059139251709,0.29909065456336525,90,5.0,0.0,0.65,0.14571428571428569,0.10571428571428565,0.20142857142857137
chesca_reserve_contract_mesh,1624,17,6,3,9.523466557030222,9.099466557030222,-0.4239999999999995,8.13059139251709,0.31860569344838496,90,3.0,3.0,0.7,0.0,0.0,0.020277777777777766
chesca_reserve_contract_mesh,1625,18,6,2,10.861528631594261,10.541528631594263,-0.3199999999999985,8.13059139251709,0.6877841950243119,90,2.0,4.0,0.6,0.0,0.0,0.011041666666666653
chesca_reserve_contract_mesh,1626,19,6,0,14.593977780073587,14.593977780073587,0.0,8.13059139251709,2.1180418180725926,90,0.0,6.0,0.6,0.0,0.0,0.0
chesca_reserve_contract_mesh,1627,20,6,0,12.059515757273806,12.059515757273806,0.0,8.13059139251709,0.7630323466206521,90,0.0,6.0,0.6,0.0,0.0,0.0
chesca_reserve_contract_mesh,1628,21,6,0,10.554067940001927,10.554067940001927,0.0,8.13059139251709,0.42993498164682675,90,0.0,6.0,0.6,0.0,0.0,0.0
chesca_reserve_contract_mesh,1629,22,6,3,9.278533399009545,8.826533399009545,-0.45199999999999996,8.13059139251709,0.19830260951387652,90,3.0,3.0,0.55,0.0,0.0,0.0044444444444444176
chesca_reserve_contract_mesh,1630,23,6,0,10.516735929844634,10.516735929844634,0.0,8.13059139251709,0.5172919742011854,90,0.0,6.0,0.6,0.0,0.0,0.0
chesca_reserve_contract_mesh,1631,24,6,0,10.111468183643753,10.111468183643753,0.0,8.13059139251709,0.37809117204502485,90,0.0,6.0,0.65,0.0,0.0,0.0
chesca_reserve_contract_mesh,1632,1,6,6,8.628945341472406,9.504945341472405,0.8759999999999994,8.13059139251709,-0.1782336953079697,90,0.0,6.0,0.72,0.0,0.040000000000000036,0.040000000000000036
chesca_reserve_contract_mesh,1633,2,6,6,8.06741899586156,8.94341899586156,0.8759999999999994,8.13059139251709,-0.08623900767571363,90,0.0,5.0,0.78,0.0,0.040000000000000036,0.04700000000000004
chesca_reserve_contract_mesh,1634,3,6,6,7.161564116517772,8.037564116517773,0.8760000000000012,8.161107063293457,-0.32496424307246574,90,0.0,3.0,0.8,0.0,0.040000000000000036,0.0716666666666667
chesca_reserve_contract_mesh,1635,4,6,5,6.633311638035041,7.349311638035042,0.7160000000000011,8.161107063293457,-0.3327502712736658,90,0.0,3.0,0.85,0.0,0.040000000000000036,0.08000000000000003
chesca_reserve_contract_mesh,1636,5,6,4,5.746690311733939,6.330690311733939,0.5839999999999996,8.161107063293457,-0.32482717385174825,90,0.0,0.0,0.8,0.09499999999999997,0.135,0.16916666666666666
chesca_reserve_contract_mesh,1637,6,6,2,6.1668764273083045,6.430876427308305,0.26400000000000023,8.161107063293457,-0.21302343245817612,90,0.0,0.0,0.75,0.14400000000000002,0.18400000000000005,0.22933333333333336
chesca_reserve_contract_mesh,1638,7,6,1,5.433594943028642,5.593594943028641,0.15999999999999925,8.161107063293457,-0.734962641694619,90,0.0,0.0,0.7,0.2416666666666667,0.28166666666666673,0.28861111111111115
chesca_reserve_contract_mesh,1639,8,6,0,4.18029962351474,4.18029962351474,0.0,8.13059139251709,-0.224344253083585,90,0.0,0.0,0.6,0.39,0.39,0.39000000000000007
chesca_reserve_contract_mesh,1640,9,6,0,1.9102676030023804,1.9102676030023804,0.0,8.13059139251709,-0.31336810065282616,90,0.0,0.0,0.5,0.49,0.49,0.49000000000000005
chesca_reserve_contract_mesh,1641,10,6,0,2.942052515574523,2.942052515574523,0.0,8.13059139251709,0.04354338102144378,90,0.0,0.0,0.6,0.39,0.39,0.39000000000000007
chesca_reserve_contract_mesh,1642,11,6,0,3.972635295129276,3.9726352951292765,4.440892098500626e-16,8.13059139251709,-0.00951780157744811,90,0.0,0.0,0.65,0.33999999999999997,0.33999999999999997,0.3399999999999999
chesca_reserve_contract_mesh,1643,12,6,0,3.618297405035412,3.618297405035412,0.0,8.13059139251709,-0.0005340972012905787,90,0.0,0.0,0.65,0.29142857142857137,0.29142857142857137,0.33190476190476187
chesca_reserve_contract_mesh,1644,13,6,1,4.944312101000483,5.104312101000484,0.16000000000000103,8.13059139251709,-0.2573012715519377,90,0.0,0.0,0.7,0.19333333333333336,0.2333333333333334,0.2805555555555556
chesca_reserve_contract_mesh,1645,14,6,0,3.998082030776183,3.9980820307761835,4.440892098500626e-16,8.13059139251709,-0.04765481648090246,90,0.0,0.0,0.7,0.14500000000000002,0.14500000000000002,0.26583333333333337
chesca_reserve_contract_mesh,1646,15,6,6,6.3945559935477405,5.566848458280865,-0.8277075352668755,8.13059139251709,0.1533383195565464,90,6.0,0.0,0.7,0.09666666666666668,0.05666666666666664,0.1936111111111111
chesca_reserve_contract_mesh,1647,16,6,6,7.775699315426035,6.899699315426033,-0.8760000000000021,8.110248565673828,0.1473364304318986,90,6.0,0.0,0.65,0.0485714285714286,0.008571428571428563,0.13809523809523802
chesca_reserve_contract_mesh,1648,17,6,2,12.760377651185093,12.468377651185094,-0.2919999999999998,8.110248565673828,1.5138139701657316,90,2.0,4.0,0.7,0.0,0.0,0.002777777777777768
chesca_reserve_contract_mesh,1649,18,6,0,13.413372360940237,13.413372360940237,0.0,8.110248565673828,1.7449489223915593,90,0.0,6.0,0.6,0.0,0.0,0.0
chesca_reserve_contract_mesh,1650,19,6,0,14.994826745429123,14.994826745429123,0.0,8.110248565673828,2.2126944165429103,90,0.0,6.0,0.6,0.0,0.0,0.0
chesca_reserve_contract_mesh,1651,20,6,0,13.085134870693183,13.085134870693183,0.0,8.110248565673828,1.2141186850743364,90,0.0,6.0,0.6,0.0,0.0,0.0
chesca_reserve_contract_mesh,1652,21,6,0,11.507873665273854,11.507873665273854,0.0,8.110248565673828,-0.014024363217270262,90,0.0,6.0,0.6,0.0,0.0,0.0
chesca_reserve_contract_mesh,1653,22,6,0,9.525102190449712,9.525102190449712,0.0,8.110248565673828,0.0467794530385,90,0.0,5.0,0.55,0.0,0.0,0.008148148148148146
chesca_reserve_contract_mesh,1654,23,6,0,10.298827396438888,10.298827396438888,0.0,8.110248565673828,0.6849735882587948,90,0.0,6.0,0.6,0.0,0.0,0.0
chesca_reserve_contract_mesh,1655,24,6,0,10.548689669745636,10.548689669745634,-1.7763568394002505e-15,8.110248565673828,0.6421325240800266,90,0.0,6.0,0.65,0.0,0.0,0.0
chesca_reserve_contract_mesh,1656,1,6,0,10.639486575551999,10.639486575551997,-1.7763568394002505e-15,8.110248565673828,0.6231398290487528,90,0.0,6.0,0.72,0.0,0.0,0.0
chesca_reserve_contract_mesh,1657,2,6,6,8.573287626671668,9.44928762667167,0.8760000000000012,8.110248565673828,-0.1815988830344541,90,0.0,6.0,0.78,0.0,0.040000000000000036,0.040000000000000036
chesca_reserve_contract_mesh,1658,3,6,6,7.119582614801043,7.995582614801044,0.8760000000000003,8.110248565673828,-0.3094261299996863,90,0.0,2.0,0.8,0.0,0.040000000000000036,0.0716666666666667
chesca_reserve_contract_mesh,1659,4,6,6,6.647759352976961,7.523759352976961,0.8759999999999994,8.110248565673828,-0.2063889040054624,90,0.0,1.0,0.85,0.0,0.040000000000000036,0.09444444444444448
chesca_reserve_contract_mesh,1660,5,6,3,5.675970461022862,6.0999704610228624,0.4240000000000004,8.110248565673828,-0.2901548688965102,90,0.0,0.0,0.8,0.09499999999999997,0.135,0.17833333333333332
chesca_reserve_contract_mesh,1661,6,6,1,6.142162353139995,6.274162353139994,0.13199999999999878,8.110248565673828,-0.12122887174415661,90,0.0,0.0,0.75,0.19199999999999995,0.23199999999999998,0.23866666666666667
chesca_reserve_contract_mesh,1662,7,6,0,5.279820459533286,5.279820459533286,0.0,8.110248565673828,-0.15657409210375828,90,0.0,0.0,0.7,0.29000000000000004,0.29000000000000004,0.29000000000000004
chesca_reserve_contract_mesh,1663,8,6,0,4.0980633669736415,4.0980633669736415,0.0,8.110248565673828,-0.21458880796282587,90,0.0,0.0,0.6,0.39,0.39,0.39000000000000007
chesca_reserve_contract_mesh,1664,9,6,0,2.647506675148829,2.647506675148829,0.0,8.110248565673828,-0.24923792644816783,90,0.0,0.0,0.5,0.49,0.49,0.49000000000000005
chesca_reserve_contract_mesh,1665,10,6,0,2.511178396547817,2.5111783965478174,4.440892098500626e-16,8.110248565673828,-0.07013844290341813,90,0.0,0.0,0.6,0.39,0.39,0.39000000000000007
chesca_reserve_contract_mesh,1666,11,6,0,1.76637556127548,1.7663755612754797,-2.220446049250313e-16,8.110248565673828,-0.10396654957988694,90,0.0,0.0,0.65,0.33999999999999997,0.33999999999999997,0.3399999999999999
chesca_reserve_contract_mesh,1667,12,6,6,3.4767218789949035,2.6007218789949036,-0.8759999999999999,8.110248565673828,0.15520186458523347,90,6.0,0.0,0.65,0.29142857142857137,0.25142857142857133,0.28380952380952373
chesca_reserve_contract_mesh,1668,13,6,6,5.264586962675168,4.388586962675166,-0.8760000000000012,8.110248565673828,0.2147351876669053,90,6.0,0.0,0.7,0.14500000000000002,0.10499999999999998,0.20166666666666666
chesca_reserve_contract_mesh,1669,14,6,0,4.698132661703189,4.698132661703189,0.0,8.110248565673828,-0.014871717002990413,90,0.0,0.0,0.7,0.04833333333333334,0.04833333333333334,0.20138888888888892
chesca_reserve_contract_mesh,1670,15,6,5,7.476559107218433,6.760559107218433,-0.7160000000000002,8.110248565673828,0.15784171777821238,90,5.0,1.0,0.7,0.0,0.0,0.14388888888888887
chesca_reserve_contract_mesh,1671,16,6,4,8.490825285262847,7.906825285262847,-0.5840000000000005,8.110248565673828,0.45052814552813925,90,4.0,2.0,0.65,0.0,0.0,0.1028571428571428
chesca_reserve_contract_mesh,1672,17,6,1,11.564891397732877,11.404891397732877,-0.16000000000000014,8.110248565673828,1.588657902244959,90,1.0,5.0,0.7,0.0,0.0,0.009444444444444441
chesca_reserve_contract_mesh,1673,18,6,0,13.090415536970134,13.090415536970136,1.7763568394002505e-15,8.161107063293457,1.900412514887995,90,0.0,6.0,0.6,0.0,0.0,0.0
chesca_reserve_contract_mesh,1674,19,6,0,15.41770248034433,15.417702480344332,1.7763568394002505e-15,8.236733436584473,2.2173385292003682,90,0.0,6.0,0.6,0.0,0.0,0.0
chesca_reserve_contract_mesh,1675,20,6,0,12.712622239589692,12.712622239589692,0.0,8.358551025390625,0.9457308575160062,90,0.0,6.0,0.6,0.0,0.0,0.0
chesca_reserve_contract_mesh,1676,21,6,0,11.309113308728724,11.309113308728724,0.0,8.437541007995605,0.6510370324948015,90,0.0,6.0,0.6,0.0,0.0,0.0
chesca_reserve_contract_mesh,1677,22,6,6,8.785246796561388,9.661246796561388,0.8759999999999994,8.437541007995605,-0.24490607427962152,90,0.0,4.0,0.55,0.0,0.040000000000000036,0.05629629629629632
chesca_reserve_contract_mesh,1678,23,6,1,9.405227265581345,9.245227265581345,-0.16000000000000014,8.437541007995605,0.08639061093217769,90,1.0,5.0,0.6,0.0,0.0,0.0014583333333333208
chesca_reserve_contract_mesh,1679,24,6,0,9.65719006043616,9.65719006043616,0.0,8.437541007995605,0.23817475952399242,90,0.0,6.0,0.65,0.0,0.0,0.0
chesca_reserve_contract_mesh,1680,1,6,0,9.763039483129411,9.763039483129411,0.0,8.466708183288574,0.23824459982533322,90,0.0,6.0,0.72,0.0,0.0,0.0
chesca_reserve_contract_mesh,1681,2,6,6,8.303105980766901,9.1791059807669,0.8759999999999994,8.522819519042969,-0.2405641002745691,90,0.0,6.0,0.78,0.0,0.040000000000000036,0.040000000000000036
chesca_reserve_contract_mesh,1682,3,6,6,7.298352844685687,8.174352844685687,0.8760000000000003,8.560556411743164,-0.22798505641902944,90,0.0,4.0,0.8,0.0,0.040000000000000036,0.06375000000000003
chesca_reserve_contract_mesh,1683,4,6,5,6.566255783944111,7.282255783944113,0.716000000000002,8.560556411743164,-0.21629918279541518,90,0.0,3.0,0.85,0.0,0.040000000000000036,0.07222222222222224
chesca_reserve_contract_mesh,1684,5,6,3,5.399492886788039,5.795492886788039,0.3959999999999999,8.560556411743164,-0.27658907740052363,90,0.0,0.0,0.8,0.09499999999999997,0.135,0.17041666666666666
chesca_reserve_contract_mesh,1685,6,6,2,5.207533641275704,5.4715336412757045,0.26400000000000023,8.560556411743164,-0.14925382112021562,90,0.0,0.0,0.75,0.14400000000000002,0.18400000000000005,0.22933333333333336
chesca_reserve_contract_mesh,1686,7,6,0,4.9623776695708175,4.9623776695708175,0.0,8.522819519042969,-0.08071052496072252,90,0.0,0.0,0.7,0.14500000000000002,0.14500000000000002,0.26583333333333337
chesca_reserve_contract_mesh,1687,8,6,1,3.8577422412030193,3.989742241203019,0.13199999999999967,8.522819519042969,-0.3288786997368484,90,0.0,0.0,0.6,0.2925,0.3325,0.3804166666666667
chesca_reserve_contract_mesh,1688,9,6,0,2.6670333434488454,2.667033343448846,4.440892098500626e-16,8.522819519042969,-0.26148253563881246,90,0.0,0.0,0.5,0.49,0.49,0.49000000000000005
chesca_reserve_contract_mesh,1689,10,6,0,1.0844317375952175,1.0844317375952173,-2.220446049250313e-16,8.522819519042969,-0.1441537617979211,90,0.0,0.0,0.6,0.39,0.39,0.39000000000000007
chesca_reserve_contract_mesh,1690,11,6,0,1.8062548269224696,1.8062548269224696,0.0,8.522819519042969,0.04056895829956489,90,0.0,0.0,0.65,0.29142857142857137,0.29142857142857137,0.33190476190476187
chesca_reserve_contract_mesh,1691,12,6,1,2.90661817861775,3.06661817861775,0.16000000000000014,8.522819519042969,-0.17381365655179745,90,0.0,0.0,0.65,0.24285714285714277,0.2828571428571428,0.3304761904761904
chesca_reserve_contract_mesh,1692,13,6,0,5.037385453022443,5.037385453022443,0.0,8.522819519042969,-0.015069708397450934,90,0.0,0.0,0.7,0.14500000000000002,0.14500000000000002,0.25777777777777783
chesca_reserve_contract_mesh,1693,14,6,2,4.924229052720756,5.2442290527207565,0.3200000000000003,8.522819519042969,-0.18762008195703417,90,0.0,0.0,0.7,0.04833333333333334,0.08833333333333337,0.25500000000000006
chesca_reserve_contract_mesh,1694,15,6,0,7.434833377275712,7.434833377275712,0.0,8.522819519042969,0.03931237203796641,90,0.0,1.0,0.7,0.0,0.0,0.21750000000000003
chesca_reserve_contract_mesh,1695,16,6,4,9.271942755294392,8.687942755294392,-0.5839999999999996,8.522819519042969,0.6112901632624883,90,4.0,1.0,0.65,0.0,0.0,0.13523809523809519
chesca_reserve_contract_mesh,1696,17,6,1,12.556569363745664,12.424569363745665,-0.13199999999999967,8.522819519042969,1.8333776703123332,90,1.0,5.0,0.7,0.0,0.0,0.001388888888888884
chesca_reserve_contract_mesh,1697,18,6,0,13.774776273851726,13.774776273851726,0.0,8.560556411743164,1.80266854767919,90,0.0,6.0,0.6,0.0,0.0,0.0
chesca_reserve_contract_mesh,1698,19,6,0,16.24135090544781,16.24135090544781,0.0,8.571404457092285,2.145316740409979,90,0.0,6.0,0.6,0.0,0.0,0.0
chesca_reserve_contract_mesh,1699,20,6,0,14.62400935016249,14.62400935016249,0.0,8.571404457092285,1.0880544660814033,90,0.0,6.0,0.6,0.0,0.0,0.0
chesca_reserve_contract_mesh,1700,21,6,0,12.162452024720515,12.162452024720515,0.0,8.571404457092285,0.179921768895561,90,0.0,6.0,0.6,0.0,0.0,0.0
chesca_reserve_contract_mesh,1701,22,6,6,8.963487350436651,9.83948735043665,0.8759999999999994,8.600386619567871,-0.3120963974273506,90,0.0,4.0,0.55,0.0,0.040000000000000036,0.05629629629629632
chesca_reserve_contract_mesh,1702,23,6,6,8.039594277725715,8.915594277725715,0.8759999999999994,8.635355949401855,-0.26633011199426837,90,0.0,5.0,0.6,0.0,0.040000000000000036,0.04812500000000003
chesca_reserve_contract_mesh,1703,24,6,0,9.11036861346678,9.11036861346678,0.0,8.655611991882324,0.07503336043518957,90,0.0,5.0,0.65,0.0,0.0,0.016190476190476182
chesca_reserve_contract_mesh,1704,1,6,1,9.585218801002375,9.425218801002375,-0.16000000000000014,8.655611991882324,0.1443392282486803,90,1.0,5.0,0.72,0.0,0.0,0.008333333333333323
chesca_reserve_contract_mesh,1705,2,6,6,7.707248045545402,8.583248045545403,0.8760000000000012,8.655611991882324,-0.6178923569731222,90,0.0,5.0,0.78,0.0,0.040000000000000036,0.04700000000000004
chesca_reserve_contract_mesh,1706,3,6,6,6.524796679018749,7.400796679018749,0.8760000000000003,8.655611991882324,-0.2183577841566271,90,0.0,2.0,0.8,0.0,0.040000000000000036,0.08750000000000002
chesca_reserve_contract_mesh,1707,4,6,4,6.803285418388258,7.387285418388259,0.5840000000000005,8.655611991882324,-0.11628808710558754,90,0.0,2.0,0.85,0.0,0.040000000000000036,0.0888888888888889
chesca_reserve_contract_mesh,1708,5,6,3,5.290014968573322,5.714014968573322,0.4239999999999995,8.655611991882324,-0.22613038881739952,90,0.0,0.0,0.8,0.09499999999999997,0.135,0.17833333333333332
chesca_reserve_contract_mesh,1709,6,6,0,6.134350767954353,6.134350767954353,0.0,8.655611991882324,-0.03782349222906269,90,0.0,0.0,0.75,0.09599999999999997,0.09599999999999997,0.208
chesca_reserve_contract_mesh,1710,7,6,0,5.527931488580022,5.527931488580023,8.881784197001252e-16,8.655611991882324,0.008973020960359138,90,0.0,0.0,0.7,0.09666666666666668,0.09666666666666668,0.24972222222222226
chesca_reserve_contract_mesh,1711,8,6,1,4.604385891133446,4.736385891133446,0.13200000000000056,8.655611991882324,-0.22595908706506013,90,0.0,0.0,0.6,0.2925,0.3325,0.3804166666666667
chesca_reserve_contract_mesh,1712,9,6,0,6.1018962227839655,6.101896222783966,8.881784197001252e-16,8.662330627441406,-0.7448281501864229,90,0.0,0.0,0.5,0.15599999999999992,0.15599999999999992,0.4343333333333333
chesca_reserve_contract_mesh,1713,10,6,1,4.410302242396206,4.570302242396207,0.16000000000000103,8.736950874328613,-0.5573045805204868,90,0.0,0.0,0.6,0.34124999999999994,0.38125,0.38854166666666673
chesca_reserve_contract_mesh,1714,11,6,0,3.7177195867738226,3.717719586773822,-4.440892098500626e-16,8.812870979309082,-0.5702374543751156,90,0.0,0.0,0.65,0.33999999999999997,0.33999999999999997,0.3399999999999999
chesca_reserve_contract_mesh,1715,12,6,0,4.455575551615947,4.455575551615947,0.0,8.736950874328613,0.07368690447414665,90,0.0,0.0,0.65,0.29142857142857137,0.29142857142857137,0.33190476190476187
chesca_reserve_contract_mesh,1716,13,6,6,6.614656642928949,5.73865664292895,-0.8759999999999994,8.736950874328613,0.15897529467394986,90,6.0,0.0,0.7,0.19333333333333336,0.15333333333333332,0.22583333333333333
chesca_reserve_contract_mesh,1717,14,6,6,7.11254528379466,6.23654528379466,-0.8759999999999994,8.736950874328613,0.17735000509285082,90,6.0,0.0,0.7,0.09666666666666668,0.05666666666666664,0.13722222222222222
chesca_reserve_contract_mesh,1718,15,6,3,8.472272355823966,8.048272355823965,-0.42400000000000126,8.736950874328613,0.19658666977058353,90,3.0,3.0,0.7,0.0,0.0,0.06055555555555555
chesca_reserve_contract_mesh,1719,16,6,3,10.69291816761687,10.26891816761687,-0.4239999999999995,8.662330627441406,0.9918202239695687,90,3.0,3.0,0.65,0.0,0.0,0.020476190476190443
chesca_reserve_contract_mesh,1720,17,6,0,14.534535115078016,14.534535115078015,-1.7763568394002505e-15,8.662330627441406,1.7669770467201942,90,0.0,6.0,0.7,0.0,0.0,0.0
chesca_reserve_contract_mesh,1721,18,6,0,13.627588190202898,13.627588190202898,0.0,8.662330627441406,1.5984493849722774,90,0.0,6.0,0.6,0.0,0.0,0.0
chesca_reserve_contract_mesh,1722,19,6,0,15.255988123744595,15.255988123744595,0.0,8.662330627441406,1.8756890748059956,90,0.0,6.0,0.6,0.0,0.0,0.0
chesca_reserve_contract_mesh,1723,20,6,0,13.097730311450233,13.097730311450231,-1.7763568394002505e-15,8.662330627441406,1.0360189919974065,90,0.0,6.0,0.6,0.0,0.0,0.0
chesca_reserve_contract_mesh,1724,21,6,0,11.983483236289132,11.983483236289132,0.0,8.662330627441406,0.8528367615498013,90,0.0,6.0,0.6,0.0,0.0,0.0
chesca_reserve_contract_mesh,1725,22,6,1,10.721028153026749,10.561028153026749,-0.16000000000000014,8.753132820129395,0.35230579182935,90,1.0,5.0,0.55,0.0,0.0,0.0014814814814814725
chesca_reserve_contract_mesh,1726,23,6,0,10.8351542682436,10.8351542682436,0.0,8.753132820129395,0.5191777134342481,90,0.0,6.0,0.6,0.0,0.0,0.0
chesca_reserve_contract_mesh,1727,24,6,0,9.844513064997864,9.844513064997864,0.0,8.753132820129395,0.1505424299801259,90,0.0,6.0,0.65,0.0,0.0,0.0
chesca_reserve_contract_mesh,1728,1,6,0,10.158711613714129,10.158711613714127,-1.7763568394002505e-15,8.753132820129395,0.3348574837465201,90,0.0,6.0,0.72,0.0,0.0,0.0
chesca_reserve_contract_mesh,1729,2,6,6,9.279926597564005,10.155926597564005,0.8759999999999994,8.753132820129395,-0.13514473074532385,90,0.0,6.0,0.78,0.0,0.040000000000000036,0.040000000000000036
chesca_reserve_contract_mesh,1730,3,6,6,7.336571421131418,8.212571421131418,0.8760000000000003,8.919106483459473,-0.27058341059258517,90,0.0,3.0,0.8,0.0,0.040000000000000036,0.0716666666666667
chesca_reserve_contract_mesh,1731,4,6,5,6.308567655298159,7.024567655298158,0.7159999999999993,8.919106483459473,-0.22250606458292044,90,0.0,3.0,0.85,0.0,0.040000000000000036,0.08000000000000003
chesca_reserve_contract_mesh,1732,5,6,4,5.4247708170063795,5.98077081700638,0.556,8.919106483459473,-0.18294204946873519,90,0.0,0.0,0.8,0.09499999999999997,0.135,0.16916666666666666
chesca_reserve_contract_mesh,1733,6,6,0,5.729501221132184,5.729501221132184,0.0,8.919106483459473,-0.0695003849489712,90,0.0,0.0,0.75,0.14400000000000002,0.14400000000000002,0.208
chesca_reserve_contract_mesh,1734,7,6,0,5.271106176450434,5.2711061764504334,-8.881784197001252e-16,8.919106483459473,-0.008851130615175503,90,0.0,0.0,0.7,0.2416666666666667,0.2416666666666667,0.26583333333333337
chesca_reserve_contract_mesh,1735,8,6,0,4.466176771780541,4.466176771780541,0.0,8.919106483459473,-0.0622304291471661,90,0.0,0.0,0.6,0.34124999999999994,0.34124999999999994,0.381875
chesca_reserve_contract_mesh,1736,9,6,1,2.6367486356880256,2.7687486356880258,0.13200000000000012,8.919106483459473,-0.42255360660808977,90,0.0,0.0,0.5,0.44100000000000006,0.4810000000000001,0.4885
chesca_reserve_contract_mesh,1737,10,6,1,2.445125983646296,2.605125983646295,0.15999999999999925,8.919106483459473,-0.12788128330039664,90,0.0,0.0,0.6,0.34124999999999994,0.38125,0.38854166666666673
chesca_reserve_contract_mesh,1738,11,6,1,2.8778108498777133,3.0378108498777134,0.16000000000000014,8.919106483459473,-0.14881601104225775,90,0.0,0.0,0.65,0.29142857142857137,0.3314285714285714,0.3385714285714285
chesca_reserve_contract_mesh,1739,12,6,1,4.605305567519494,4.765305567519494,0.16000000000000014,8.919106483459473,-0.21515396406053625,90,0.0,0.0,0.65,0.29142857142857137,0.3314285714285714,0.3385714285714285
chesca_reserve_contract_mesh,1740,13,6,6,5.956763986762469,5.129056451495592,-0.8277075352668763,8.919106483459473,0.18965779806206354,90,6.0,0.0,0.7,0.19333333333333336,0.15333333333333332,0.20972222222222223
chesca_reserve_contract_mesh,1741,14,6,6,6.4384947829855,5.5624947829855,-0.8760000000000003,8.919106483459473,0.11627522092858521,90,6.0,0.0,0.7,0.09666666666666668,0.05666666666666664,0.15333333333333332
chesca_reserve_contract_mesh,1742,15,6,0,6.495843067725455,6.495843067725456,8.881784197001252e-16,8.919106483459473,0.06730947575046463,90,0.0,0.0,0.7,0.04833333333333334,0.04833333333333334,0.1691666666666667
chesca_reserve_contract_mesh,1743,16,6,4,8.180115884760825,7.596115884760824,-0.5840000000000014,8.919106483459473,0.5062184729503378,90,4.0,1.0,0.65,0.0,0.0,0.11095238095238091
chesca_reserve_contract_mesh,1744,17,6,1,11.782419796659292,11.650419796659293,-0.13199999999999967,8.919106483459473,1.361189255721083,90,1.0,5.0,0.7,0.0,0.0,0.001388888888888884
chesca_reserve_contract_mesh,1745,18,6,0,12.663108147170115,12.663108147170115,0.0,9.060505867004395,1.353466549546232,90,0.0,6.0,0.6,0.0,0.0,0.0
chesca_reserve_contract_mesh,1746,19,6,0,14.165323159205448,14.165323159205448,0.0,9.115138053894043,1.6111291707166588,90,0.0,6.0,0.6,0.0,0.0,0.0
chesca_reserve_contract_mesh,1747,20,6,0,12.32633884355606,12.326338843556062,1.7763568394002505e-15,9.185978889465332,0.8292245062931571,90,0.0,6.0,0.6,0.0,0.0,0.0
chesca_reserve_contract_mesh,1748,21,6,0,11.486345637907576,11.486345637907576,0.0,9.26369857788086,0.6044311357175797,90,0.0,6.0,0.6,0.0,0.0,0.0
chesca_reserve_contract_mesh,1749,22,6,1,10.668890578035256,10.508890578035258,-0.15999999999999837,9.395004272460938,0.3842943498981126,90,1.0,5.0,0.55,0.0,0.0,0.0014814814814814725
chesca_reserve_contract_mesh,1750,23,6,0,10.232691204732816,10.232691204732816,0.0,9.492502212524414,0.2308949498722332,90,0.0,6.0,0.6,0.0,0.0,0.0
chesca_reserve_contract_mesh,1751,24,6,0,9.673708141821624,9.673708141821624,0.0,9.519636154174805,0.13066656627872203,90,0.0,6.0,0.65,0.0,0.0,0.0
chesca_reserve_contract_mesh,1752,1,6,0,9.634874041974502,9.6348740419745,-1.7763568394002505e-15,9.54207992553711,0.10363161491252482,90,0.0,6.0,0.72,0.0,0.0,0.0
chesca_reserve_contract_mesh,1753,2,6,0,8.779426427096453,8.779426427096453,0.0,9.542253494262695,0.017556914092344347,90,0.0,6.0,0.78,0.0,0.0,0.0
chesca_reserve_contract_mesh,1754,3,6,0,7.414312899875138,7.414312899875138,0.0,9.542253494262695,-0.017153228796657663,90,0.0,6.0,0.8,0.0,0.0,0.0
chesca_reserve_contract_mesh,1755,4,6,0,7.321522700290086,7.321522700290085,-8.881784197001252e-16,9.542253494262695,0.0859794704262105,90,0.0,6.0,0.85,0.0,0.0,0.0
chesca_reserve_contract_mesh,1756,5,6,0,5.880787605116203,5.880787605116203,0.0,9.542253494262695,0.0031260832653001724,90,0.0,0.0,0.8,0.04749999999999999,0.04749999999999999,0.07916666666666665
chesca_reserve_contract_mesh,1757,6,6,6,6.590399988074548,5.714399988074548,-0.8760000000000003,9.542253494262695,0.12511082542626784,90,6.0,0.0,0.75,0.09599999999999997,0.05599999999999994,0.11199999999999995
chesca_reserve_contract_mesh,1758,7,6,6,5.83677917785433,4.960779177854332,-0.8759999999999986,9.542253494262695,0.09779777011236762,90,6.0,0.0,0.7,0.09666666666666668,0.05666666666666664,0.13722222222222222
chesca_reserve_contract_mesh,1759,8,6,6,5.696772913221924,4.820772913221925,-0.8759999999999994,9.542253494262695,0.14336149072053087,90,6.0,0.0,0.6,0.19499999999999995,0.15499999999999992,0.2281249999999999
chesca_reserve_contract_mesh,1760,9,6,6,4.760242271391247,3.884242271391247,-0.8760000000000003,9.542253494262695,0.14401022327580432,90,6.0,0.0,0.5,0.29400000000000004,0.254,0.3601666666666666
chesca_reserve_contract_mesh,1761,10,6,6,2.619440098424912,1.7434400984249125,-0.8759999999999997,9.542253494262695,0.09394920947709567,90,6.0,0.0,0.6,0.24375000000000002,0.20375,0.2849999999999999
chesca_reserve_contract_mesh,1762,11,6,6,2.4696626111428563,1.5936626111428562,-0.8760000000000001,9.542253494262695,0.1509893162723562,90,6.0,0.0,0.65,0.14571428571428569,0.10571428571428565,0.25142857142857133
chesca_reserve_contract_mesh,1763,12,6,0,4.148386162307317,4.148386162307316,-8.881784197001252e-16,9.542253494262695,-0.036912777838656124,90,0.0,0.0,0.65,0.0485714285714286,0.0485714285714286,0.2752380952380952
chesca_reserve_contract_mesh,1764,13,6,5,4.8013549685753905,4.085354968575391,-0.7159999999999993,9.542253494262695,0.2549332653075372,90,5.0,1.0,0.7,0.0,0.0,0.20027777777777778
chesca_reserve_contract_mesh,1765,14,6,5,4.910614359069631,4.1946143590696305,-0.7160000000000002,9.542253494262695,0.29887108084691866,90,5.0,1.0,0.7,0.0,0.0,0.20027777777777778
chesca_reserve_contract_mesh,1766,15,6,5,7.335845010117323,6.619845010117322,-0.7160000000000011,9.542253494262695,0.3040531201311,90,5.0,1.0,0.7,0.0,0.0,0.1761111111111111
chesca_reserve_contract_mesh,1767,16,6,5,7.866428808943795,7.150428808943794,-0.7160000000000002,9.542253494262695,0.5726665611807783,90,5.0,1.0,0.65,0.0,0.0,0.15285714285714277
chesca_reserve_contract_mesh,1768,17,6,2,10.493054325839934,10.229054325839934,-0.26399999999999935,9.5394868850708,0.9078244717223285,90,2.0,4.0,0.7,0.0,0.0,0.010833333333333325
chesca_reserve_contract_mesh,1769,18,6,0,11.93037325105584,11.930373251055839,-1.7763568394002505e-15,9.5394868850708,1.2620288598023555,90,0.0,6.0,0.6,0.0,0.0,0.0
chesca_reserve_contract_mesh,1770,19,6,0,14.3723115464998,14.3723115464998,0.0,9.5394868850708,1.5182578334263814,90,0.0,6.0,0.6,0.0,0.0,0.0
chesca_reserve_contract_mesh,1771,20,6,0,12.080285444259644,12.080285444259644,0.0,9.5394868850708,0.6012816501409948,90,0.0,6.0,0.6,0.0,0.0,0.0
chesca_reserve_contract_mesh,1772,21,6,0,11.222114481925965,11.222114481925964,-1.7763568394002505e-15,9.5394868850708,0.5080792642209239,90,0.0,6.0,0.6,0.0,0.0,0.0
chesca_reserve_contract_mesh,1773,22,6,0,9.503214194996218,9.503214194996218,0.0,9.5394868850708,-0.0029129716997071675,90,0.0,4.0,0.55,0.0,0.0,0.01629629629629629
chesca_reserve_contract_mesh,1774,23,6,0,10.501890505311819,10.501890505311819,0.0,9.542253494262695,0.20983570069241272,90,0.0,6.0,0.6,0.0,0.0,0.0
chesca_reserve_contract_mesh,1775,24,6,0,10.61994046606369,10.619940466063689,-1.7763568394002505e-15,9.567610740661621,0.4125434179425747,90,0.0,6.0,0.65,0.0,0.0,0.0
chesca_reserve_contract_mesh,1776,1,6,0,10.362116171973419,10.362116171973417,-1.7763568394002505e-15,9.567610740661621,0.22215151599153665,90,0.0,6.0,0.72,0.0,0.0,0.0
chesca_reserve_contract_mesh,1777,2,6,0,10.101124278504981,10.101124278504981,0.0,9.614561080932617,0.1968592489120528,90,0.0,6.0,0.78,0.0,0.0,0.0
chesca_reserve_contract_mesh,1778,3,6,0,8.527162806151791,8.527162806151791,0.0,9.659160614013672,0.014937814448629572,90,0.0,5.0,0.8,0.0,0.0,0.007916666666666664
chesca_reserve_contract_mesh,1779,4,6,0,7.205042100026033,7.2050421000260325,-8.881784197001252e-16,9.659160614013672,0.07600176594959761,90,0.0,5.0,0.85,0.0,0.0,0.007777777777777772
chesca_reserve_contract_mesh,1780,5,6,0,6.100751217192884,6.100751217192883,-8.881784197001252e-16,9.659160614013672,0.07111386849382535,90,0.0,0.0,0.8,0.04749999999999999,0.04749999999999999,0.07916666666666665
chesca_reserve_contract_mesh,1781,6,6,6,6.357586171233428,5.4815861712334275,-0.8760000000000003,9.659160614013672,0.12853285785398938,90,6.0,0.0,0.75,0.09599999999999997,0.05599999999999994,0.09599999999999993
chesca_reserve_contract_mesh,1782,7,6,6,6.138706620929952,5.262706620929952,-0.8760000000000003,9.659160614013672,0.13732626871662035,90,6.0,0.0,0.7,0.09666666666666668,0.05666666666666664,0.13722222222222222
chesca_reserve_contract_mesh,1783,8,6,4,5.796340828125962,6.3523408281259615,0.5559999999999992,9.728104591369629,-0.31015767909778125,90,0.0,0.0,0.6,0.14625,0.18625000000000003,0.30291666666666667
chesca_reserve_contract_mesh,1784,9,6,6,5.2341414229237575,4.358141422923757,-0.8760000000000003,9.728104591369629,0.14808484247467696,90,6.0,0.0,0.5,0.34299999999999997,0.30299999999999994,0.40099999999999997
chesca_reserve_contract_mesh,1785,10,6,6,4.22831274702467,3.3523127470246696,-0.8760000000000008,9.728104591369629,0.11580901035070483,90,6.0,0.0,0.6,0.19499999999999995,0.15499999999999992,0.2849999999999999
chesca_reserve_contract_mesh,1786,11,6,6,4.529680099645061,3.6536800996450616,-0.8759999999999994,9.728104591369629,0.2717218353968134,90,6.0,0.0,0.65,0.14571428571428569,0.10571428571428565,0.20285714285714276
chesca_reserve_contract_mesh,1787,12,6,6,5.505227232231528,4.629227232231528,-0.8759999999999994,9.728104591369629,0.2779815464681441,90,6.0,0.0,0.65,0.0485714285714286,0.008571428571428563,0.16238095238095232
chesca_reserve_contract_mesh,1788,13,6,5,5.393718344710645,4.6777183447106445,-0.7160000000000002,9.728104591369629,0.24610321673634233,90,5.0,1.0,0.7,0.0,0.0,0.1036111111111111
chesca_reserve_contract_mesh,1789,14,6,4,6.194627347976216,5.610627347976216,-0.5840000000000005,9.728104591369629,0.2827767544744248,90,4.0,2.0,0.7,0.0,0.0,0.11027777777777777
chesca_reserve_contract_mesh,1790,15,6,3,7.675089793693204,7.2230897936932035,-0.45200000000000085,9.728104591369629,0.37868832684203263,90,3.0,3.0,0.7,0.0,0.0,0.08472222222222221
chesca_reserve_contract_mesh,1791,16,6,2,8.975454001160852,8.655454001160853,-0.3199999999999985,9.728104591369629,0.252286433143481,90,2.0,4.0,0.65,0.0,0.0,0.0514285714285714
chesca_reserve_contract_mesh,1792,17,6,0,12.724888377268151,12.724888377268151,0.0,9.728104591369629,1.258829370404766,90,0.0,6.0,0.7,0.0,0.0,0.0
chesca_reserve_contract_mesh,1793,18,6,0,13.877764780302845,13.877764780302847,1.7763568394002505e-15,9.778018951416016,1.3354513584248315,90,0.0,6.0,0.6,0.0,0.0,0.0
chesca_reserve_contract_mesh,1794,19,6,0,14.780227114553536,14.780227114553536,0.0,9.801671981811523,1.5123666603694694,90,0.0,6.0,0.6,0.0,0.0,0.0
chesca_reserve_contract_mesh,1795,20,6,0,12.77649800549012,12.776498005490119,-1.7763568394002505e-15,9.801671981811523,0.7232705683691886,90,0.0,6.0,0.6,0.0,0.0,0.0
chesca_reserve_contract_mesh,1796,21,6,0,11.68757484134308,11.68757484134308,0.0,9.801671981811523,0.4810293165622551,90,0.0,6.0,0.6,0.0,0.0,0.0
chesca_reserve_contract_mesh,1797,22,6,2,10.279421286156252,9.98742128615625,-0.2920000000000016,9.820588111877441,0.1761232373084732,90,2.0,4.0,0.55,0.0,0.0,0.01111111111111109
chesca_reserve_contract_mesh,1798,23,6,1,10.725565336214098,10.5655653362141,-0.15999999999999837,9.820588111877441,0.34250726475086474,90,1.0,5.0,0.6,0.0,0.0,0.0014583333333333208
chesca_reserve_contract_mesh,1799,24,6,0,10.956209213969766,10.956209213969766,0.0,9.801671981811523,0.6373598166990023,90,0.0,6.0,0.65,0.0,0.0,0.0
chesca_reserve_contract_mesh,1800,1,6,0,8.553089965194054,8.553089965194053,-1.7763568394002505e-15,9.801671981811523,-0.04803239582944194,90,0.0,6.0,0.72,0.0,0.0,0.0
chesca_reserve_contract_mesh,1801,2,6,0,7.782760223099888,7.782760223099888,0.0,9.778018951416016,0.09971780804324143,90,0.0,6.0,0.78,0.0,0.0,0.0
chesca_reserve_contract_mesh,1802,3,6,0,7.030302869375755,7.030302869375754,-8.881784197001252e-16,9.778018951416016,0.103878633078861,90,0.0,6.0,0.8,0.0,0.0,0.0
chesca_reserve_contract_mesh,1803,4,6,0,6.830204028281554,6.830204028281555,8.881784197001252e-16,9.778018951416016,0.1464995552398599,90,0.0,6.0,0.85,0.0,0.0,0.0
chesca_reserve_contract_mesh,1804,5,6,5,6.301978207335228,5.557978207335228,-0.7439999999999998,9.778018951416016,0.1250965990860852,90,5.0,1.0,0.8,0.0,0.0,0.04583333333333328
chesca_reserve_contract_mesh,1805,6,6,4,7.2701798115981795,6.68617981159818,-0.5839999999999996,9.778018951416016,0.2476243949559106,90,4.0,2.0,0.75,0.0,0.0,0.061333333333333316
chesca_reserve_contract_mesh,1806,7,6,5,6.3357056430659595,7.051705643065959,0.7159999999999993,9.778018951416016,-0.11849814021922248,90,0.0,1.0,0.7,0.0,0.040000000000000036,0.16222222222222227
chesca_reserve_contract_mesh,1807,8,6,0,5.408925956929118,5.408925956929118,0.0,9.778018951416016,-0.07780308980144099,90,0.0,0.0,0.6,0.09750000000000003,0.09750000000000003,0.268125
chesca_reserve_contract_mesh,1808,9,6,6,4.668509260678915,3.7925092606789153,-0.8759999999999999,9.778018951416016,0.1210200954738676,90,6.0,0.0,0.5,0.14700000000000002,0.10699999999999998,0.34383333333333327
chesca_reserve_contract_mesh,1809,10,6,6,4.299891501854647,3.4238915018546474,-0.8759999999999999,9.778018951416016,0.18438637603354102,90,6.0,0.0,0.6,0.09750000000000003,0.057499999999999996,0.2281249999999999
chesca_reserve_contract_mesh,1810,11,6,6,4.649805164704,3.773805164704001,-0.8759999999999994,9.778018951416016,0.11356643385838305,90,6.0,0.0,0.65,0.09714285714285709,0.05714285714285705,0.15428571428571422
chesca_reserve_contract_mesh,1811,12,6,6,5.292993070842998,4.416993070842998,-0.8760000000000003,9.778018951416016,0.21873018119596266,90,6.0,0.0,0.65,0.0485714285714286,0.008571428571428563,0.12999999999999992
chesca_reserve_contract_mesh,1812,13,6,5,5.789511513451192,5.073511513451192,-0.7160000000000002,9.778018951416016,0.13057875318394344,90,5.0,1.0,0.7,0.0,0.0,0.05527777777777776
chesca_reserve_contract_mesh,1813,14,6,1,7.012449187863488,6.852449187863488,-0.15999999999999925,9.778018951416016,0.23001274689559115,90,1.0,5.0,0.7,0.0,0.0,0.041666666666666664
chesca_reserve_contract_mesh,1814,15,6,1,8.315266535612553,8.155266535612554,-0.15999999999999837,9.778018951416016,0.15538384187419882,90,1.0,5.0,0.7,0.0,0.0,0.041666666666666664
chesca_reserve_contract_mesh,1815,16,6,0,6.926078555910815,6.926078555910815,0.0,9.778018951416016,0.018987987536577197,90,0.0,3.0,0.65,0.0,0.0,0.07285714285714286
chesca_reserve_contract_mesh,1816,17,6,0,8.86632963926845,8.866329639268452,1.7763568394002505e-15,9.778018951416016,0.0762087533730724,90,0.0,5.0,0.7,0.0,0.0,0.04833333333333334
chesca_reserve_contract_mesh,1817,18,6,3,8.760576058426832,8.308576058426832,-0.45199999999999996,9.728104591369629,0.09079021973236365,90,3.0,2.0,0.6,0.0,0.0,0.05312499999999998
chesca_reserve_contract_mesh,1818,19,6,1,12.48029151271783,12.32029151271783,-0.16000000000000014,9.636301040649414,1.0379904526799826,90,1.0,5.0,0.6,0.0,0.0,0.0014583333333333208
chesca_reserve_contract_mesh,1819,20,6,0,10.85193726501254,10.85193726501254,0.0,9.567610740661621,0.6026224375476932,90,0.0,6.0,0.6,0.0,0.0,0.0
chesca_reserve_contract_mesh,1820,21,6,6,8.429978126877854,9.305978126877854,0.8759999999999994,9.567610740661621,-0.24174394128452859,90,0.0,6.0,0.6,0.0,0.040000000000000036,0.040000000000000036
chesca_reserve_contract_mesh,1821,22,6,0,7.960588505094952,7.960588505094952,0.0,9.542253494262695,-0.06484943476631537,90,0.0,2.0,0.55,0.0,0.0,0.0651851851851852
chesca_reserve_contract_mesh,1822,23,6,2,7.78840005692829,7.46840005692829,-0.3200000000000003,9.542253494262695,0.09566526153982016,90,2.0,4.0,0.6,0.0,0.0,0.011041666666666653
chesca_reserve_contract_mesh,1823,24,6,1,7.533080109856575,7.373080109856577,-0.15999999999999837,9.5394868850708,0.08350561147771728,90,1.0,5.0,0.65,0.0,0.0,0.0014285714285714273
chesca_reserve_contract_mesh,1824,1,6,0,9.567813123588143,9.567813123588143,0.0,9.519636154174805,0.23202232054293742,90,0.0,6.0,0.72,0.0,0.0,0.0
chesca_reserve_contract_mesh,1825,2,6,0,8.379221401186097,8.379221401186095,-1.7763568394002505e-15,9.495617866516113,-0.036373961925610765,90,0.0,6.0,0.78,0.0,0.0,0.0
chesca_reserve_contract_mesh,1826,3,6,6,5.712066663851695,6.588066663851695,0.8760000000000003,9.404269218444824,-0.09707956702832239,90,0.0,2.0,0.8,0.0,0.040000000000000036,0.0716666666666667
chesca_reserve_contract_mesh,1827,4,6,0,5.546019486665072,5.546019486665072,0.0,9.404269218444824,-0.036518215604852536,90,0.0,0.0,0.85,0.046666666666666634,0.046666666666666634,0.07777777777777779
chesca_reserve_contract_mesh,1828,5,6,0,5.146176098398791,5.146176098398792,8.881784197001252e-16,9.404269218444824,0.006881744651674966,90,0.0,0.0,0.8,0.14249999999999996,0.14249999999999996,0.1741666666666666
chesca_reserve_contract_mesh,1829,6,6,0,5.269239362154394,5.269239362154394,0.0,9.404269218444824,0.06712258435340386,90,0.0,0.0,0.75,0.19199999999999995,0.19199999999999995,0.23199999999999998
chesca_reserve_contract_mesh,1830,7,6,3,4.277745014736073,3.7977450147360723,-0.48000000000000087,9.404269218444824,0.08125547478209622,90,3.0,0.0,0.7,0.29000000000000004,0.25,0.27
chesca_reserve_contract_mesh,1831,8,6,6,3.8328508742297993,2.9568508742297994,-0.8759999999999999,9.404269218444824,0.14840687164214647,90,6.0,0.0,0.6,0.39,0.35,0.35000000000000003
chesca_reserve_contract_mesh,1832,9,6,6,4.024452659459893,3.148452659459892,-0.8760000000000012,9.404269218444824,0.12280795853570259,90,6.0,0.0,0.5,0.44100000000000006,0.401,0.4418333333333333
chesca_reserve_contract_mesh,1833,10,6,0,1.6046284720957869,1.6046284720957869,0.0,9.404269218444824,-0.028172564936335354,90,0.0,0.0,0.6,0.39,0.39,0.39000000000000007
chesca_reserve_contract_mesh,1834,11,6,6,2.569583913080487,1.6935839130804866,-0.8760000000000003,9.404269218444824,0.09663398171258265,90,6.0,0.0,0.65,0.33999999999999997,0.29999999999999993,0.2999999999999999
chesca_reserve_contract_mesh,1835,12,6,6,3.2339198043480746,2.3579198043480742,-0.8760000000000003,9.404269218444824,0.225704699275809,90,6.0,0.0,0.65,0.29142857142857137,0.25142857142857133,0.29190476190476183
chesca_reserve_contract_mesh,1836,13,6,6,4.350715881072141,3.474715881072141,-0.8759999999999999,9.404269218444824,0.24152034455954569,90,6.0,0.0,0.7,0.19333333333333336,0.15333333333333332,0.22583333333333333
chesca_reserve_contract_mesh,1837,14,6,6,3.6278320678007097,2.7518320678007093,-0.8760000000000003,9.404269218444824,0.10829357752435397,90,6.0,0.0,0.7,0.14500000000000002,0.10499999999999998,0.22583333333333333
chesca_reserve_contract_mesh,1838,15,6,6,5.9782867427923385,5.102286742792338,-0.8760000000000003,9.404269218444824,0.2413471044153504,90,6.0,0.0,0.7,0.04833333333333334,0.008333333333333304,0.1936111111111111
chesca_reserve_contract_mesh,1839,16,6,5,7.100311785126984,6.384311785126984,-0.7160000000000002,9.404269218444824,0.5564057759088288,90,5.0,1.0,0.65,0.0,0.0,0.17714285714285705
chesca_reserve_contract_mesh,1840,17,6,4,9.845725154478119,9.261725154478118,-0.5840000000000014,9.404269218444824,0.3854681805246495,90,4.0,2.0,0.7,0.0,0.0,0.037777777777777764
chesca_reserve_contract_mesh,1841,18,6,3,10.4948590696537,10.042859069653701,-0.4519999999999982,9.404269218444824,0.09076486015001053,90,3.0,3.0,0.6,0.0,0.0,0.02874999999999998
chesca_reserve_contract_mesh,1842,19,6,1,13.179771248479838,13.01977124847984,-0.15999999999999837,9.30647087097168,1.2726886488442966,90,1.0,5.0,0.6,0.0,0.0,0.0014583333333333208
chesca_reserve_contract_mesh,1843,20,6,0,12.740417518615722,12.740417518615722,0.0,9.30647087097168,0.8968990292459239,90,0.0,6.0,0.6,0.0,0.0,0.0
chesca_reserve_contract_mesh,1844,21,6,0,11.175411125421522,11.175411125421522,0.0,9.30647087097168,0.3702379669013482,90,0.0,6.0,0.6,0.0,0.0,0.0
chesca_reserve_contract_mesh,1845,22,6,6,9.018506265176534,9.894506265176535,0.8760000000000012,9.30647087097168,-0.1521354201517663,90,0.0,4.0,0.55,0.0,0.040000000000000036,0.05629629629629632
chesca_reserve_contract_mesh,1846,23,6,6,7.816867015585871,8.69286701558587,0.8759999999999994,9.212228775024414,-0.1142056804717216,90,0.0,4.0,0.6,0.0,0.040000000000000036,0.05625000000000002
chesca_reserve_contract_mesh,1847,24,6,0,8.587943250315856,8.587943250315856,0.0,9.074090957641602,-0.005820630738668904,90,0.0,6.0,0.65,0.0,0.0,0.0
chesca_reserve_contract_mesh,1848,1,6,0,9.866463113949319,9.866463113949319,0.0,9.074090957641602,0.2407191189186515,90,0.0,6.0,0.72,0.0,0.0,0.0
chesca_reserve_contract_mesh,1849,2,6,6,8.50297047307755,9.378970473077551,0.8760000000000012,9.074090957641602,-0.10439470427214453,90,0.0,6.0,0.78,0.0,0.040000000000000036,0.040000000000000036
chesca_reserve_contract_mesh,1850,3,6,6,6.039177129618709,6.915177129618709,0.8759999999999994,9.016143798828125,-0.14988056715179837,90,0.0,1.0,0.8,0.0,0.040000000000000036,0.08750000000000002
chesca_reserve_contract_mesh,1851,4,6,0,5.746823882254958,5.746823882254958,0.0,9.016143798828125,-0.04902285426219799,90,0.0,1.0,0.85,0.0,0.0,0.07
chesca_reserve_contract_mesh,1852,5,6,0,5.450457285065511,5.450457285065511,0.0,9.016143798828125,0.026235446684897287,90,0.0,0.0,0.8,0.14249999999999996,0.14249999999999996,0.16624999999999995
chesca_reserve_contract_mesh,1853,6,6,0,5.346414002684815,5.346414002684814,-8.881784197001252e-16,9.016143798828125,-0.040158942568114794,90,0.0,0.0,0.75,0.19199999999999995,0.19199999999999995,0.22399999999999998
chesca_reserve_contract_mesh,1854,7,6,0,6.6245843261399715,6.6245843261399715,0.0,9.016143798828125,0.051479711705365264,90,0.0,1.0,0.7,0.0,0.0,0.23361111111111113
chesca_reserve_contract_mesh,1855,8,6,1,3.7770313763098207,3.9370313763098213,0.1600000000000006,9.016143798828125,-0.11919967867087518,90,0.0,0.0,0.6,0.19499999999999995,0.235,0.36416666666666675
chesca_reserve_contract_mesh,1856,9,6,0,3.065698621358096,3.065698621358096,0.0,9.016143798828125,0.07107377480157923,90,0.0,0.0,0.5,0.34299999999999997,0.34299999999999997,0.4655
chesca_reserve_contract_mesh,1857,10,6,0,3.150863007915656,3.150863007915656,0.0,9.016143798828125,-0.008392359168533634,90,0.0,0.0,0.6,0.24375000000000002,0.24375000000000002,0.3656250000000001
chesca_reserve_contract_mesh,1858,11,6,0,2.52341912288012,2.52341912288012,0.0,9.016143798828125,-0.011950597994436804,90,0.0,0.0,0.65,0.14571428571428569,0.14571428571428569,0.3076190476190475
chesca_reserve_contract_mesh,1859,12,6,0,3.475165047240311,3.4751650472403104,-4.440892098500626e-16,9.016143798828125,0.018730761901619868,90,0.0,0.0,0.65,0.14571428571428569,0.14571428571428569,0.3076190476190475
chesca_reserve_contract_mesh,1860,13,6,6,4.451296165134381,3.5752961651343815,-0.8759999999999994,9.016143798828125,0.11552336310439838,90,6.0,0.0,0.7,0.04833333333333334,0.008333333333333304,0.20166666666666666
chesca_reserve_contract_mesh,1861,14,6,5,5.049896216045833,4.333896216045833,-0.7160000000000002,9.016143798828125,0.27191249181888544,90,5.0,1.0,0.7,0.0,0.0,0.20027777777777778
chesca_reserve_contract_mesh,1862,15,6,5,5.933354142485216,5.217354142485217,-0.7159999999999993,9.016143798828125,0.1271016312789803,90,5.0,1.0,0.7,0.0,0.0,0.1761111111111111
chesca_reserve_contract_mesh,1863,16,6,6,7.577023920316288,6.701023920316288,-0.8759999999999994,9.016143798828125,0.3950149862981178,90,6.0,0.0,0.65,0.0485714285714286,0.008571428571428563,0.17047619047619042
chesca_reserve_contract_mesh,1864,17,6,4,8.155359146352485,7.5993591463524846,-0.556,9.016143798828125,0.3447542438800959,90,4.0,2.0,0.7,0.0,0.0,0.061944444444444434
chesca_reserve_contract_mesh,1865,18,6,5,8.705496141401735,7.961496141401733,-0.7440000000000015,9.000505447387695,0.39566163714280395,90,5.0,1.0,0.6,0.0,0.0,0.05604166666666662
chesca_reserve_contract_mesh,1866,19,6,2,10.312788115994215,10.048788115994215,-0.26399999999999935,8.993536949157715,0.4593913859244576,90,2.0,4.0,0.6,0.0,0.0,0.011041666666666653
chesca_reserve_contract_mesh,1867,20,6,1,10.839196185112,10.707196185111998,-0.13200000000000145,8.993536949157715,0.5366626340336043,90,1.0,5.0,0.6,0.0,0.0,0.0014583333333333208
chesca_reserve_contract_mesh,1868,21,6,6,9.20177384853363,10.07777384853363,0.8759999999999994,8.993536949157715,-0.22199179404364655,90,0.0,6.0,0.6,0.0,0.040000000000000036,0.040000000000000036
chesca_reserve_contract_mesh,1869,22,6,6,7.74398883430751,8.61998883430751,0.8759999999999994,8.993536949157715,-0.7468935022739092,90,0.0,3.0,0.55,0.0,0.040000000000000036,0.08074074074074077
chesca_reserve_contract_mesh,1870,23,6,6,7.241631502234488,8.117631502234486,0.8759999999999986,8.993536949157715,-0.18363448149524841,90,0.0,4.0,0.6,0.0,0.040000000000000036,0.06437500000000003
chesca_reserve_contract_mesh,1871,24,6,0,8.16305209977544,8.163052099775438,-1.7763568394002505e-15,8.993536949157715,-0.009327343486050464,90,0.0,5.0,0.65,0.0,0.0,0.016190476190476182
chesca_reserve_contract_mesh,1872,1,6,6,8.113278128774862,8.989278128774862,0.8759999999999994,8.963988304138184,-0.08342061885693502,90,0.0,5.0,0.72,0.0,0.040000000000000036,0.04750000000000004
chesca_reserve_contract_mesh,1873,2,6,6,6.233890486327936,7.109890486327936,0.8760000000000003,8.832771301269531,-0.18498472391777349,90,0.0,4.0,0.78,0.0,0.040000000000000036,0.06100000000000003
chesca_reserve_contract_mesh,1874,3,6,6,5.78876615802042,6.664766158020418,0.8759999999999986,8.832771301269531,-0.15714756352287426,90,0.0,0.0,0.8,0.04749999999999999,0.08750000000000002,0.11125000000000002
chesca_reserve_contract_mesh,1875,4,6,0,6.3890833694039575,6.3890833694039575,0.0,8.832771301269531,-0.045773897280549654,90,0.0,1.0,0.85,0.0,0.0,0.07777777777777778
chesca_reserve_contract_mesh,1876,5,6,0,5.847342641614517,5.847342641614518,8.881784197001252e-16,8.832771301269531,-0.028939265451979685,90,0.0,0.0,0.8,0.09499999999999997,0.09499999999999997,0.15041666666666662
chesca_reserve_contract_mesh,1877,6,6,0,6.248723572330096,6.248723572330095,-8.881784197001252e-16,8.832771301269531,0.04946895508431347,90,0.0,0.0,0.75,0.14400000000000002,0.14400000000000002,0.20000000000000004
chesca_reserve_contract_mesh,1878,7,6,0,5.571388876112005,5.571388876112005,0.0,8.832771301269531,0.007258468843309732,90,0.0,0.0,0.7,0.19333333333333336,0.19333333333333336,0.26583333333333337
chesca_reserve_contract_mesh,1879,8,6,2,5.554194445595219,5.846194445595219,0.2919999999999998,8.963988304138184,-0.4668876346453099,90,0.0,0.0,0.6,0.2925,0.3325,0.37895833333333334
chesca_reserve_contract_mesh,1880,9,6,2,5.543888347822751,5.835888347822751,0.2919999999999998,8.963988304138184,-0.47264361038550584,90,0.0,0.0,0.5,0.44100000000000006,0.4810000000000001,0.4870000000000001
chesca_reserve_contract_mesh,1881,10,6,0,5.714667082413593,5.714667082413593,0.0,8.832771301269531,-0.06471006016290923,90,0.0,0.0,0.6,0.34124999999999994,0.34124999999999994,0.37375
chesca_reserve_contract_mesh,1882,11,6,2,5.310197532398397,5.602197532398397,0.2919999999999998,8.692298889160156,-0.35339055395856034,90,0.0,0.0,0.65,0.24285714285714277,0.2828571428571428,0.329047619047619
chesca_reserve_contract_mesh,1883,12,6,0,5.506825330779266,5.506825330779266,0.0,8.692298889160156,0.06739627684141292,90,0.0,0.0,0.65,0.24285714285714277,0.24285714285714277,0.31571428571428567
chesca_reserve_contract_mesh,1884,13,6,0,6.873379938509507,6.873379938509507,0.0,8.692298889160156,0.011421612747481005,90,0.0,0.0,0.7,0.14500000000000002,0.14500000000000002,0.23361111111111113
chesca_reserve_contract_mesh,1885,14,6,0,7.281207247326632,7.281207247326631,-8.881784197001252e-16,8.692298889160156,-0.03755316442238785,90,0.0,0.0,0.7,0.04833333333333334,0.04833333333333334,0.17722222222222225
chesca_reserve_contract_mesh,1886,15,6,1,9.758157334465869,9.62615733446587,-0.13199999999999967,8.832771301269531,0.14390736704610785,90,1.0,3.0,0.7,0.0,0.0,0.055833333333333325
chesca_reserve_contract_mesh,1887,16,6,2,10.345240318589893,10.081240318589893,-0.26399999999999935,8.963988304138184,0.5164381908642035,90,2.0,4.0,0.65,0.0,0.0,0.027142857142857118
chesca_reserve_contract_mesh,1888,17,6,0,12.965872084836187,12.965872084836187,0.0,8.963988304138184,1.1504803195517734,90,0.0,6.0,0.7,0.0,0.0,0.0
chesca_reserve_contract_mesh,1889,18,6,2,11.218085552970676,10.926085552970676,-0.2919999999999998,8.963988304138184,0.6625233338336782,90,2.0,4.0,0.6,0.0,0.0,0.0029166666666666416
chesca_reserve_contract_mesh,1890,19,6,0,12.76281871106982,12.76281871106982,0.0,8.963988304138184,1.2487043380359357,90,0.0,6.0,0.6,0.0,0.0,0.0
chesca_reserve_contract_mesh,1891,20,6,0,11.197359519940193,11.197359519940193,0.0,8.963988304138184,0.004716205163106099,90,0.0,6.0,0.6,0.0,0.0,0.0
chesca_reserve_contract_mesh,1892,21,6,6,10.564433797003979,11.44043379700398,0.8760000000000012,8.963988304138184,-0.11618197943426364,90,0.0,6.0,0.6,0.0,0.040000000000000036,0.040000000000000036
chesca_reserve_contract_mesh,1893,22,6,6,7.682677956513075,8.558677956513074,0.8759999999999994,8.963988304138184,-0.579811880996119,90,0.0,2.0,0.55,0.0,0.040000000000000036,0.08074074074074077
chesca_reserve_contract_mesh,1894,23,6,6,8.426605102859002,9.302605102859001,0.8759999999999994,8.963988304138184,-0.8421491879556673,90,0.0,4.0,0.6,0.0,0.040000000000000036,0.05625000000000002
chesca_reserve_contract_mesh,1895,24,6,6,8.210869865400054,9.086869865400052,0.8759999999999977,8.832771301269531,-0.20958373756284063,90,0.0,5.0,0.65,0.0,0.040000000000000036,0.056190476190476214
chesca_reserve_contract_mesh,1896,1,6,0,9.49385182304002,9.49385182304002,0.0,8.832771301269531,0.024087127320016055,90,0.0,6.0,0.72,0.0,0.0,0.0
chesca_reserve_contract_mesh,1897,2,6,0,9.387995031699425,9.387995031699425,0.0,8.832771301269531,-0.07507268373023729,90,0.0,6.0,0.78,0.0,0.0,0.0
chesca_reserve_contract_mesh,1898,3,6,6,8.322600435893555,9.198600435893555,0.8759999999999994,8.832771301269531,-0.13719540739574354,90,0.0,6.0,0.8,0.0,0.040000000000000036,0.040000000000000036
chesca_reserve_contract_mesh,1899,4,6,6,6.654897800442135,7.530897800442135,0.8760000000000003,8.939842224121094,-0.3719136628194771,90,0.0,5.0,0.85,0.0,0.040000000000000036,0.04777777777777781
chesca_reserve_contract_mesh,1900,5,6,5,6.448329140458579,7.1643291404585785,0.7159999999999993,8.939842224121094,-0.2569852156508341,90,0.0,0.0,0.8,0.09499999999999997,0.135,0.15208333333333332
chesca_reserve_contract_mesh,1901,6,6,5,6.429781828651877,7.145781828651877,0.7160000000000002,8.939842224121094,-0.19168055889377278,90,0.0,0.0,0.75,0.14400000000000002,0.18400000000000005,0.22533333333333336
chesca_reserve_contract_mesh,1902,7,6,2,5.787186465489743,6.079186465489744,0.2920000000000007,8.939842224121094,-0.22212961693940037,90,0.0,0.0,0.7,0.2416666666666667,0.28166666666666673,0.28722222222222227
chesca_reserve_contract_mesh,1903,8,6,0,5.339408324342596,5.339408324342596,0.0,8.939842224121094,-0.16530064997177052,90,0.0,0.0,0.6,0.39,0.39,0.39000000000000007
chesca_reserve_contract_mesh,1904,9,6,1,3.5160300416458177,3.6760300416458174,0.1599999999999997,8.971755027770996,-0.9458845898365913,90,0.0,0.0,0.5,0.44100000000000006,0.4810000000000001,0.4885
chesca_reserve_contract_mesh,1905,10,6,0,3.0050871316692627,3.0050871316692627,0.0,8.971755027770996,-0.30622913763834547,90,0.0,0.0,0.6,0.39,0.39,0.39000000000000007
chesca_reserve_contract_mesh,1906,11,6,0,3.1512494424155566,3.1512494424155566,0.0,8.971755027770996,-0.11350162770059294,90,0.0,0.0,0.65,0.33999999999999997,0.33999999999999997,0.3399999999999999
chesca_reserve_contract_mesh,1930,11,6,0,13.484181158494561,13.484181158494561,0.0,8.294447898864746,1.5476595269122049,90,0.0,6.0,0.65,0.0,0.0,0.0
chesca_reserve_contract_mesh,1931,12,6,0,10.290238457280005,10.290238457280005,0.0,8.344369888305664,0.0329500102847224,90,0.0,6.0,0.65,0.0,0.0,0.0
chesca_reserve_contract_mesh,1932,13,6,0,10.368915219385915,10.368915219385915,0.0,8.344369888305664,0.48583517260864684,90,0.0,6.0,0.7,0.0,0.0,0.0
chesca_reserve_contract_mesh,1933,14,6,0,8.99107655878785,8.99107655878785,0.0,8.463461875915527,0.02517411424488368,90,0.0,5.0,0.7,0.0,0.0,0.016111111111111114
chesca_reserve_contract_mesh,1934,15,6,0,10.85924357722228,10.859243577222278,-1.7763568394002505e-15,8.463461875915527,0.7040619596484385,90,0.0,6.0,0.7,0.0,0.0,0.0
chesca_reserve_contract_mesh,1935,16,6,0,11.729185645117374,11.729185645117374,0.0,8.538824081420898,1.0513762774177366,90,0.0,6.0,0.65,0.0,0.0,0.0
chesca_reserve_contract_mesh,1936,17,6,0,15.885513574338006,15.885513574338006,0.0,8.556554794311523,2.239954233602783,90,0.0,6.0,0.7,0.0,0.0,0.0
chesca_reserve_contract_mesh,1937,18,6,0,15.425190296863867,15.425190296863866,-1.7763568394002505e-15,8.556554794311523,1.8222816189413142,90,0.0,6.0,0.6,0.0,0.0,0.0
chesca_reserve_contract_mesh,1938,19,6,0,16.208746964235964,16.208746964235964,0.0,8.556554794311523,1.6467114869401338,90,0.0,6.0,0.6,0.0,0.0,0.0
chesca_reserve_contract_mesh,1939,20,6,0,14.278504306866925,14.278504306866925,0.0,8.556554794311523,0.843807399523263,90,0.0,6.0,0.6,0.0,0.0,0.0
chesca_reserve_contract_mesh,1940,21,6,0,12.776293722846033,12.776293722846033,0.0,8.556554794311523,0.8403723869693427,90,0.0,6.0,0.6,0.0,0.0,0.0
chesca_reserve_contract_mesh,1941,22,6,6,9.982197327798072,10.858197327798074,0.8760000000000012,8.556554794311523,-0.14824612378295565,90,0.0,5.0,0.55,0.0,0.040000000000000036,0.04814814814814818
chesca_reserve_contract_mesh,1942,23,6,6,9.612025267056516,10.488025267056514,0.8759999999999977,8.556554794311523,-0.15066064572218163,90,0.0,6.0,0.6,0.0,0.040000000000000036,0.040000000000000036
chesca_reserve_contract_mesh,1943,24,6,0,9.4703564766819,9.4703564766819,0.0,8.556554794311523,-0.056711038127531754,90,0.0,6.0,0.65,0.0,0.0,0.0
chesca_reserve_contract_mesh,1944,1,6,0,10.133423401969146,10.133423401969146,0.0,8.556554794311523,0.19716381008974432,90,0.0,6.0,0.72,0.0,0.0,0.0
chesca_reserve_contract_mesh,1945,2,6,0,9.53036622243781,9.53036622243781,0.0,8.556554794311523,0.009495386687924268,90,0.0,6.0,0.78,0.0,0.0,0.0
chesca_reserve_contract_mesh,1946,3,6,6,7.8468239242178575,8.722823924217858,0.8760000000000003,8.556554794311523,-0.2030098965331494,90,0.0,5.0,0.8,0.0,0.040000000000000036,0.0479166666666667
chesca_reserve_contract_mesh,1947,4,6,6,6.390236072395224,7.266236072395225,0.8760000000000012,8.597314834594727,-0.2901796800616689,90,0.0,3.0,0.85,0.0,0.040000000000000036,0.07111111111111114
chesca_reserve_contract_mesh,1948,5,6,3,5.652159117536419,6.0761591175364185,0.4239999999999995,8.597314834594727,-0.2565421357622178,90,0.0,0.0,0.8,0.09499999999999997,0.135,0.16249999999999998
chesca_reserve_contract_mesh,1949,6,6,3,6.0591784614827136,6.483178461482715,0.42400000000000126,8.597314834594727,-0.12734526062593662,90,0.0,0.0,0.75,0.19199999999999995,0.23199999999999998,0.236
chesca_reserve_contract_mesh,1950,7,6,2,5.830232939041083,6.1222329390410835,0.2920000000000007,8.625951766967773,-0.36985281007467213,90,0.0,0.0,0.7,0.2416666666666667,0.28166666666666673,0.28722222222222227
chesca_reserve_contract_mesh,1951,8,6,0,4.888167282236386,4.888167282236386,0.0,8.597314834594727,-0.12805474228321662,90,0.0,0.0,0.6,0.39,0.39,0.39000000000000007
chesca_reserve_contract_mesh,1952,9,6,0,2.7091088067971123,2.7091088067971127,4.440892098500626e-16,8.597314834594727,-0.3593604036734506,90,0.0,0.0,0.5,0.49,0.49,0.49000000000000005
chesca_reserve_contract_mesh,1953,10,6,0,4.240889894206165,4.240889894206165,0.0,8.597314834594727,-0.030994895663222916,90,0.0,0.0,0.6,0.39,0.39,0.39000000000000007
chesca_reserve_contract_mesh,1954,11,6,1,3.701183384579392,3.861183384579392,0.1599999999999997,8.597314834594727,-0.11301156533777622,90,0.0,0.0,0.65,0.29142857142857137,0.3314285714285714,0.3385714285714285
chesca_reserve_contract_mesh,1955,12,6,3,4.456158760587318,4.880158760587319,0.42400000000000126,8.597314834594727,-0.2159859987320182,90,0.0,0.0,0.65,0.29142857142857137,0.3314285714285714,0.3357142857142857
chesca_reserve_contract_mesh,1956,13,6,0,4.803420701142045,4.803420701142045,0.0,8.597314834594727,0.038539625301787936,90,0.0,0.0,0.7,0.19333333333333336,0.19333333333333336,0.26583333333333337
chesca_reserve_contract_mesh,1957,14,6,0,5.669980628138998,5.669980628138998,0.0,8.597314834594727,-0.0002277564865334064,90,0.0,0.0,0.7,0.14500000000000002,0.14500000000000002,0.2416666666666667
chesca_reserve_contract_mesh,1958,15,6,0,6.814921325566127,6.814921325566127,0.0,8.597314834594727,0.07417914865912446,90,0.0,0.0,0.7,0.04833333333333334,0.04833333333333334,0.19333333333333336
chesca_reserve_contract_mesh,1959,16,6,5,8.570257570779244,7.854257570779243,-0.7160000000000011,8.597314834594727,0.0999820099840227,90,5.0,1.0,0.65,0.0,0.0,0.1204761904761904
chesca_reserve_contract_mesh,1960,17,6,2,11.904610177742855,11.640610177742854,-0.2640000000000011,8.597314834594727,0.9901429705534104,90,2.0,4.0,0.7,0.0,0.0,0.002777777777777768
chesca_reserve_contract_mesh,1961,18,6,0,14.379037283832066,14.379037283832067,1.7763568394002505e-15,8.597314834594727,1.3635996774889139,90,0.0,6.0,0.6,0.0,0.0,0.0
chesca_reserve_contract_mesh,1962,19,6,0,16.01563911100457,16.01563911100457,0.0,8.597314834594727,1.6514174516835496,90,0.0,6.0,0.6,0.0,0.0,0.0
chesca_reserve_contract_mesh,1963,20,6,0,13.318988581895827,13.318988581895828,1.7763568394002505e-15,8.597314834594727,0.4402465262673084,90,0.0,6.0,0.6,0.0,0.0,0.0
chesca_reserve_contract_mesh,1964,21,6,0,12.282047578443585,12.282047578443585,0.0,8.597314834594727,0.7355674433834499,90,0.0,6.0,0.6,0.0,0.0,0.0
chesca_reserve_contract_mesh,1965,22,6,0,9.191883968611252,9.191883968611252,0.0,8.597314834594727,0.005214812507407723,90,0.0,4.0,0.55,0.0,0.0,0.01629629629629629
chesca_reserve_contract_mesh,1966,23,6,0,9.900629947218437,9.900629947218437,0.0,8.556554794311523,0.37951955849697544,90,0.0,6.0,0.6,0.0,0.0,0.0
chesca_reserve_contract_mesh,1967,24,6,0,10.111815391096322,10.111815391096323,1.7763568394002505e-15,8.597314834594727,0.3298107729295942,90,0.0,6.0,0.65,0.0,0.0,0.0
chesca_reserve_contract_mesh,1968,1,6,0,9.311083420737125,9.311083420737125,0.0,8.597314834594727,0.010114752672948438,90,0.0,6.0,0.72,0.0,0.0,0.0
chesca_reserve_contract_mesh,1969,2,6,6,8.121257453823773,8.997257453823773,0.8759999999999994,8.625951766967773,-0.15322595867070815,90,0.0,6.0,0.78,0.0,0.040000000000000036,0.040000000000000036
chesca_reserve_contract_mesh,1970,3,6,6,6.915309284965325,7.791309284965324,0.8759999999999994,8.648577690124512,-0.1543703648064183,90,0.0,2.0,0.8,0.0,0.040000000000000036,0.0716666666666667
chesca_reserve_contract_mesh,1971,4,6,6,6.228998779639694,7.104998779639694,0.8760000000000003,8.648577690124512,-0.1293868389781572,90,0.0,2.0,0.85,0.0,0.040000000000000036,0.0944444444444445
chesca_reserve_contract_mesh,1972,5,6,3,5.031426986577576,5.455426986577576,0.4240000000000004,8.648577690124512,-0.22204031239257696,90,0.0,0.0,0.8,0.09499999999999997,0.135,0.17041666666666666
chesca_reserve_contract_mesh,1973,6,6,0,5.718939748096472,5.718939748096471,-8.881784197001252e-16,8.648577690124512,-0.06549748424297912,90,0.0,0.0,0.75,0.19199999999999995,0.19199999999999995,0.21599999999999997
chesca_reserve_contract_mesh,1974,7,6,0,5.475279143381083,5.4752791433810835,8.881784197001252e-16,8.625951766967773,-0.029931680462883845,90,0.0,0.0,0.7,0.14500000000000002,0.14500000000000002,0.26583333333333337
chesca_reserve_contract_mesh,1975,8,6,1,4.533962400943527,4.665962400943528,0.13200000000000056,8.625951766967773,-0.16793654034082015,90,0.0,0.0,0.6,0.19499999999999995,0.235,0.3641666666666667
chesca_reserve_contract_mesh,1976,9,6,1,3.9749820757397982,4.106982075739798,0.13199999999999967,8.625951766967773,-0.1402737018437428,90,0.0,0.0,0.5,0.29400000000000004,0.3340000000000001,0.46399999999999997
chesca_reserve_contract_mesh,1977,10,6,2,3.321247615010706,3.613247615010706,0.2919999999999998,8.625951766967773,-0.09626857173658573,90,0.0,0.0,0.6,0.19499999999999995,0.235,0.34645833333333337
chesca_reserve_contract_mesh,1978,11,6,0,1.6213337694348116,1.6213337694348116,0.0,8.625951766967773,-0.036875644722194845,90,0.0,0.0,0.65,0.14571428571428569,0.14571428571428569,0.3076190476190475
chesca_reserve_contract_mesh,1979,12,6,6,4.75261609310809,3.876616093108089,-0.8760000000000008,8.625951766967773,0.13911229700607894,90,6.0,0.0,0.65,0.09714285714285709,0.05714285714285705,0.25142857142857133
chesca_reserve_contract_mesh,1980,13,6,5,6.3584903434051645,5.642490343405164,-0.7160000000000002,8.625951766967773,0.2151878496892154,90,5.0,1.0,0.7,0.0,0.0,0.1761111111111111
chesca_reserve_contract_mesh,1981,14,6,5,7.201764940230603,6.485764940230602,-0.7160000000000011,8.625951766967773,0.11155952211584576,90,5.0,1.0,0.7,0.0,0.0,0.15194444444444444
chesca_reserve_contract_mesh,1982,15,6,4,8.675247896032475,8.119247896032475,-0.5560000000000009,8.625951766967773,0.09281313481408,90,4.0,2.0,0.7,0.0,0.0,0.0861111111111111
chesca_reserve_contract_mesh,1983,16,6,3,9.200189821333439,8.776189821333439,-0.4239999999999995,8.625951766967773,0.19651063241660502,90,3.0,3.0,0.65,0.0,0.0,0.028571428571428543
chesca_reserve_contract_mesh,1984,17,6,0,13.47275332182495,13.472753321824952,1.7763568394002505e-15,8.597314834594727,1.377954231084146,90,0.0,6.0,0.7,0.0,0.0,0.0
chesca_reserve_contract_mesh,1985,18,6,0,13.502008067679675,13.502008067679675,0.0,8.625951766967773,1.0121681099192184,90,0.0,6.0,0.6,0.0,0.0,0.0
chesca_reserve_contract_mesh,1986,19,6,0,14.913571685710934,14.913571685710934,0.0,8.625951766967773,1.3682823735051644,90,0.0,6.0,0.6,0.0,0.0,0.0
chesca_reserve_contract_mesh,1987,20,6,0,13.334651578393197,13.334651578393197,0.0,8.709888458251953,0.8308291982174789,90,0.0,6.0,0.6,0.0,0.0,0.0
chesca_reserve_contract_mesh,1988,21,6,0,11.083911503514662,11.083911503514662,0.0,8.709888458251953,0.35549646915880473,90,0.0,6.0,0.6,0.0,0.0,0.0
chesca_reserve_contract_mesh,1989,22,6,2,10.238265513495396,9.946265513495396,-0.2919999999999998,8.709888458251953,0.13923868819876248,90,2.0,4.0,0.55,0.0,0.0,0.002962962962962945
chesca_reserve_contract_mesh,1990,23,6,0,9.835167348909676,9.835167348909675,-1.7763568394002505e-15,8.861723899841309,0.1290380275599071,90,0.0,6.0,0.6,0.0,0.0,0.0
chesca_reserve_contract_mesh,1991,24,6,0,10.628513866483598,10.628513866483598,0.0,8.939842224121094,0.26585272052031894,90,0.0,6.0,0.65,0.0,0.0,0.0
chesca_reserve_contract_mesh,1992,1,6,6,9.49051344206736,10.366513442067362,0.8760000000000012,8.971755027770996,-0.16633789825147896,90,0.0,6.0,0.72,0.0,0.040000000000000036,0.040000000000000036
chesca_reserve_contract_mesh,1993,2,6,6,8.388396157592975,9.264396157592975,0.8759999999999994,8.971755027770996,-0.2188959746720499,90,0.0,5.0,0.78,0.0,0.040000000000000036,0.04700000000000004
chesca_reserve_contract_mesh,1994,3,6,6,7.166840718195774,8.042840718195775,0.8760000000000012,8.998847961425781,-0.3122837212610311,90,0.0,3.0,0.8,0.0,0.040000000000000036,0.06375000000000003
chesca_reserve_contract_mesh,1995,4,6,6,6.710781387639164,7.5867813876391645,0.8760000000000003,8.998847961425781,-0.25758333475534073,90,0.0,2.0,0.85,0.0,0.040000000000000036,0.08666666666666671
chesca_reserve_contract_mesh,1996,5,6,1,5.285976845509163,5.4179768455091635,0.13200000000000056,8.998847961425781,-0.3675572987253547,90,0.0,0.0,0.8,0.14249999999999996,0.1825,0.18874999999999997
chesca_reserve_contract_mesh,1997,6,6,0,5.103277375480983,5.103277375480983,0.0,8.998847961425781,-0.22300537090255418,90,0.0,0.0,0.75,0.24,0.24,0.24
chesca_reserve_contract_mesh,1998,7,6,0,4.306735222058208,4.306735222058208,0.0,8.998847961425781,-0.18648705518682984,90,0.0,0.0,0.7,0.29000000000000004,0.29000000000000004,0.29000000000000004
chesca_reserve_contract_mesh,1999,8,6,0,3.487533904422315,3.4875339044223144,-4.440892098500626e-16,8.998847961425781,-0.14214385688193176,90,0.0,0.0,0.6,0.39,0.39,0.39000000000000007
chesca_reserve_contract_mesh,2000,9,6,0,1.76221732276028,1.76221732276028,0.0,8.998847961425781,-0.17086258083195788,90,0.0,0.0,0.5,0.49,0.49,0.49000000000000005
chesca_reserve_contract_mesh,2001,10,6,6,3.5427168110960556,2.666716811096056,-0.8759999999999994,8.998847961425781,0.10775707102985108,90,6.0,0.0,0.6,0.39,0.35,0.35000000000000003
chesca_reserve_contract_mesh,2002,11,6,6,3.4279893656505678,2.5519893656505683,-0.8759999999999994,8.998847961425781,0.12845058409948867,90,6.0,0.0,0.65,0.29142857142857137,0.25142857142857133,0.29190476190476183
chesca_reserve_contract_mesh,2003,12,6,0,4.7905044053903545,4.7905044053903545,0.0,8.998847961425781,0.057781065986876615,90,0.0,0.0,0.65,0.19428571428571428,0.19428571428571428,0.29952380952380947
chesca_reserve_contract_mesh,2004,13,6,0,4.411664434314053,4.411664434314053,0.0,8.998847961425781,0.061284695978774784,90,0.0,0.0,0.7,0.09666666666666668,0.09666666666666668,0.25777777777777783
chesca_reserve_contract_mesh,2005,14,6,5,5.272808377156595,4.556808377156594,-0.7160000000000011,8.998847961425781,0.13231733369548673,90,5.0,1.0,0.7,0.0,0.0,0.20027777777777778
chesca_reserve_contract_mesh,2006,15,6,5,7.519947646965793,6.803947646965794,-0.7159999999999993,8.998847961425781,0.22286797967658678,90,5.0,1.0,0.7,0.0,0.0,0.15194444444444444
chesca_reserve_contract_mesh,2007,16,6,4,8.421926449412853,7.865926449412853,-0.556,8.998847961425781,0.46961124612027105,90,4.0,2.0,0.65,0.0,0.0,0.13523809523809519
chesca_reserve_contract_mesh,2008,17,6,2,10.868609793038154,10.576609793038154,-0.2919999999999998,8.97909164428711,0.9380882200430554,90,2.0,4.0,0.7,0.0,0.0,0.04305555555555555
chesca_reserve_contract_mesh,2009,18,6,1,12.279059539799121,12.11905953979912,-0.16000000000000192,8.97909164428711,0.9959789049868727,90,1.0,5.0,0.6,0.0,0.0,0.03395833333333333
chesca_reserve_contract_mesh,2010,19,6,1,13.172676228549445,13.012676228549445,-0.16000000000000014,8.97909164428711,0.8713727659613019,90,1.0,5.0,0.6,0.0,0.0,0.017708333333333326
chesca_reserve_contract_mesh,2011,20,6,0,12.175687321424483,12.175687321424483,0.0,8.97909164428711,0.6583421673265424,90,0.0,6.0,0.6,0.0,0.0,0.0
chesca_reserve_contract_mesh,2012,21,6,0,11.462605687379835,11.462605687379837,1.7763568394002505e-15,8.97909164428711,0.4866813025451921,90,0.0,6.0,0.6,0.0,0.0,0.0
chesca_reserve_contract_mesh,2013,22,6,2,10.372296154167996,10.080296154167995,-0.2920000000000016,8.97909164428711,0.16308175151048748,90,2.0,4.0,0.55,0.0,0.0,0.002962962962962945
chesca_reserve_contract_mesh,2014,23,6,0,9.503446680463155,9.503446680463155,0.0,8.939842224121094,0.1125477863297565,90,0.0,6.0,0.6,0.0,0.0,0.0
chesca_reserve_contract_mesh,2015,24,6,0,9.930064947384595,9.930064947384595,0.0,9.012154579162598,0.14201702965222243,90,0.0,6.0,0.65,0.0,0.0,0.0
chesca_reserve_contract_mesh,2016,1,6,0,10.374773397701976,10.374773397701977,1.7763568394002505e-15,9.012154579162598,0.17801842901884837,90,0.0,6.0,0.72,0.0,0.0,0.0
chesca_reserve_contract_mesh,2017,2,6,6,8.45351486854889,9.329514868548891,0.8760000000000012,9.012154579162598,-0.19285498111253027,90,0.0,6.0,0.78,0.0,0.040000000000000036,0.040000000000000036
chesca_reserve_contract_mesh,2018,3,6,6,6.752166346830343,7.6281663468303424,0.8759999999999994,9.069721221923828,-0.33112278659000105,90,0.0,2.0,0.8,0.0,0.040000000000000036,0.08750000000000002
chesca_reserve_contract_mesh,2019,4,6,4,6.388790645747823,6.972790645747823,0.5839999999999996,9.069721221923828,-0.25856331976893066,90,0.0,1.0,0.85,0.0,0.040000000000000036,0.10444444444444446
chesca_reserve_contract_mesh,2020,5,6,2,5.2124785936192835,5.504478593619284,0.2920000000000007,9.069721221923828,-0.31841857032491816,90,0.0,0.0,0.8,0.14249999999999996,0.1825,0.18749999999999997
chesca_reserve_contract_mesh,2021,6,6,0,5.596323653918988,5.596323653918987,-8.881784197001252e-16,9.069721221923828,-0.14235767047014156,90,0.0,0.0,0.75,0.24,0.24,0.24
chesca_reserve_contract_mesh,2022,7,6,0,4.908160709096194,4.908160709096195,8.881784197001252e-16,9.069721221923828,-0.07281820125698535,90,0.0,0.0,0.7,0.29000000000000004,0.29000000000000004,0.29000000000000004
chesca_reserve_contract_mesh,2023,8,6,0,4.257862066413881,4.257862066413881,0.0,9.069721221923828,-0.08496279382138663,90,0.0,0.0,0.6,0.39,0.39,0.39000000000000007
chesca_reserve_contract_mesh,2024,9,6,0,1.9014644943882821,1.9014644943882821,0.0,9.069721221923828,-0.2141320550201454,90,0.0,0.0,0.5,0.49,0.49,0.49000000000000005
chesca_reserve_contract_mesh,2025,10,6,0,2.0171875365466665,2.0171875365466665,0.0,9.069721221923828,-0.49750061189405087,90,0.0,0.0,0.6,0.39,0.39,0.39000000000000007
chesca_reserve_contract_mesh,2026,11,6,0,2.609527559462398,2.609527559462398,0.0,9.069721221923828,-0.009541542341035086,90,0.0,0.0,0.65,0.33999999999999997,0.33999999999999997,0.3399999999999999
chesca_reserve_contract_mesh,2027,12,6,6,4.313941179024029,3.4379411790240306,-0.8759999999999986,9.069721221923828,0.10460442210854143,90,6.0,0.0,0.65,0.29142857142857137,0.25142857142857133,0.29190476190476183
chesca_reserve_contract_mesh,2028,13,6,6,5.159164417757616,4.2831644177576145,-0.8760000000000012,9.069721221923828,0.2067653562120904,90,6.0,0.0,0.7,0.09666666666666668,0.05666666666666664,0.20166666666666666
chesca_reserve_contract_mesh,2029,14,6,5,6.082046454025148,5.366046454025147,-0.7160000000000011,9.069721221923828,0.0978566979424059,90,5.0,1.0,0.7,0.0,0.0,0.16805555555555554
chesca_reserve_contract_mesh,2030,15,6,5,8.036454684916544,7.320454684916545,-0.7159999999999993,9.069721221923828,0.14186630545397821,90,5.0,1.0,0.7,0.0,0.0,0.11972222222222222
chesca_reserve_contract_mesh,2031,16,6,3,8.68528549234554,8.261285492345541,-0.4239999999999995,9.069721221923828,0.4329337768502609,90,3.0,3.0,0.65,0.0,0.0,0.06904761904761901
chesca_reserve_contract_mesh,2032,17,6,0,14.067892864841731,14.067892864841731,0.0,9.091484069824219,1.704950899383321,90,0.0,6.0,0.7,0.0,0.0,0.0
chesca_reserve_contract_mesh,2033,18,6,1,13.587693897881275,13.427693897881277,-0.15999999999999837,9.154972076416016,1.3157183417666016,90,1.0,5.0,0.6,0.0,0.0,0.0014583333333333208
chesca_reserve_contract_mesh,2034,19,6,0,14.824856476211682,14.824856476211682,0.0,9.231180191040039,1.3011722164087347,90,0.0,6.0,0.6,0.0,0.0,0.0
chesca_reserve_contract_mesh,2035,20,6,0,12.917423179149628,12.917423179149626,-1.7763568394002505e-15,9.231180191040039,0.7047918437048549,90,0.0,6.0,0.6,0.0,0.0,0.0
chesca_reserve_contract_mesh,2036,21,6,0,11.452064898014067,11.452064898014068,1.7763568394002505e-15,9.231180191040039,0.3091781726220519,90,0.0,6.0,0.6,0.0,0.0,0.0
chesca_reserve_contract_mesh,2037,22,6,6,9.318969455172196,10.194969455172197,0.8760000000000012,9.231180191040039,-0.27407699343934505,90,0.0,5.0,0.55,0.0,0.040000000000000036,0.05629629629629632
chesca_reserve_contract_mesh,2038,23,6,0,8.806177705490327,8.806177705490327,0.0,9.154972076416016,-0.03275485209642716,90,0.0,5.0,0.6,0.0,0.0,0.008124999999999993
chesca_reserve_contract_mesh,2039,24,6,0,9.538116589899497,9.538116589899497,0.0,9.231180191040039,0.018214118284965754,90,0.0,6.0,0.65,0.0,0.0,0.0
chesca_reserve_contract_mesh,2040,1,6,0,10.011712408491146,10.011712408491146,0.0,9.269301414489746,0.10026229919471134,90,0.0,6.0,0.72,0.0,0.0,0.0
chesca_reserve_contract_mesh,2041,2,6,6,9.05019633547634,9.926196335476341,0.8760000000000012,9.319551467895508,-0.18154740658521654,90,0.0,6.0,0.78,0.0,0.040000000000000036,0.040000000000000036
chesca_reserve_contract_mesh,2042,3,6,6,6.1849471611102835,7.060947161110285,0.8760000000000012,9.36679458618164,-0.3200484525024436,90,0.0,1.0,0.8,0.0,0.040000000000000036,0.08750000000000002
chesca_reserve_contract_mesh,2043,4,6,5,6.452345427106927,7.168345427106926,0.7159999999999993,9.36679458618164,-0.13797943200351007,90,0.0,1.0,0.85,0.0,0.040000000000000036,0.10333333333333337
chesca_reserve_contract_mesh,2044,5,6,2,5.558366752907778,5.85036675290778,0.2920000000000016,9.36679458618164,-0.200439631220322,90,0.0,0.0,0.8,0.09499999999999997,0.135,0.1795833333333333
chesca_reserve_contract_mesh,2045,6,6,0,5.794610998587368,5.794610998587368,0.0,9.36679458618164,-0.050259263323932504,90,0.0,0.0,0.75,0.19199999999999995,0.19199999999999995,0.23199999999999998
chesca_reserve_contract_mesh,2046,7,6,0,5.184046773625814,5.184046773625813,-8.881784197001252e-16,9.36679458618164,0.03673011192624054,90,0.0,0.0,0.7,0.29000000000000004,0.29000000000000004,0.29000000000000004
chesca_reserve_contract_mesh,2047,8,6,0,4.356848287014689,4.356848287014689,0.0,9.319551467895508,0.04786995594488004,90,0.0,0.0,0.6,0.39,0.39,0.39000000000000007
chesca_reserve_contract_mesh,2048,9,6,6,4.240028910781589,3.364028910781588,-0.8760000000000012,9.269301414489746,0.09988838784836739,90,6.0,0.0,0.5,0.44100000000000006,0.401,0.4418333333333333
chesca_reserve_contract_mesh,2049,10,6,0,5.359736155684082,5.359736155684082,0.0,9.269301414489746,-0.005424140263494567,90,0.0,0.0,0.6,0.2925,0.2925,0.3575
chesca_reserve_contract_mesh,2050,11,6,0,3.8924586260786453,3.892458626078646,4.440892098500626e-16,9.269301414489746,0.08457797629941577,90,0.0,0.0,0.65,0.24285714285714277,0.24285714285714277,0.32380952380952377
chesca_reserve_contract_mesh,2051,12,6,6,4.500048926761276,3.6240489267612768,-0.8759999999999994,9.269301414489746,0.13706750785917038,90,6.0,0.0,0.65,0.14571428571428569,0.10571428571428565,0.2676190476190475
chesca_reserve_contract_mesh,2052,13,6,5,5.8029220928550895,5.086922092855089,-0.7160000000000002,9.269301414489746,0.3233431372443707,90,5.0,1.0,0.7,0.0,0.0,0.18416666666666667
chesca_reserve_contract_mesh,2053,14,6,5,7.1947145384639875,6.478714538463988,-0.7159999999999993,9.269301414489746,0.2860642216452145,90,5.0,1.0,0.7,0.0,0.0,0.15194444444444444
chesca_reserve_contract_mesh,2054,15,6,0,8.003127177661142,8.003127177661142,0.0,9.269301414489746,0.0004019895938618401,90,0.0,2.0,0.7,0.0,0.0,0.12083333333333335
chesca_reserve_contract_mesh,2055,16,6,4,9.134093203866657,8.578093203866658,-0.5559999999999992,9.231180191040039,0.5075505370844516,90,4.0,2.0,0.65,0.0,0.0,0.10285714285714281
chesca_reserve_contract_mesh,2056,17,6,3,11.75485125642787,11.33085125642787,-0.4239999999999995,9.154972076416016,1.1694695818633705,90,3.0,3.0,0.7,0.0,0.0,0.02833333333333332
chesca_reserve_contract_mesh,2057,18,6,1,11.926278701724922,11.79427870172492,-0.13200000000000145,9.154972076416016,1.0620347111901138,90,1.0,5.0,0.6,0.0,0.0,0.017708333333333326
chesca_reserve_contract_mesh,2058,19,6,0,12.611779668938684,12.611779668938683,-1.7763568394002505e-15,9.154972076416016,0.8738813368125198,90,0.0,6.0,0.6,0.0,0.0,0.0
chesca_reserve_contract_mesh,2059,20,6,0,10.847966965436935,10.847966965436935,0.0,9.154972076416016,0.3802355684070824,90,0.0,6.0,0.6,0.0,0.0,0.0
chesca_reserve_contract_mesh,2060,21,6,0,10.604496346166885,10.604496346166885,0.0,9.154972076416016,0.4547334556550173,90,0.0,6.0,0.6,0.0,0.0,0.0
chesca_reserve_contract_mesh,2061,22,6,1,9.563981671278341,9.403981671278341,-0.16000000000000014,9.154972076416016,0.10898504167653271,90,1.0,5.0,0.55,0.0,0.0,0.0014814814814814725
chesca_reserve_contract_mesh,2062,23,6,0,10.604972347652852,10.604972347652852,0.0,9.154972076416016,0.4864592967263815,90,0.0,6.0,0.6,0.0,0.0,0.0
chesca_reserve_contract_mesh,2063,24,6,6,9.325683878179555,10.201683878179557,0.8760000000000012,9.231180191040039,-0.18539908764155477,90,0.0,6.0,0.65,0.0,0.040000000000000036,0.040000000000000036
chesca_reserve_contract_mesh,2064,1,6,0,7.922326300560673,7.922326300560673,0.0,9.269301414489746,-0.08311459160288341,90,0.0,5.0,0.72,0.0,0.0,0.007500000000000007
chesca_reserve_contract_mesh,2065,2,6,0,7.412043961860968,7.412043961860968,0.0,9.231180191040039,0.014072064983754427,90,0.0,5.0,0.78,0.0,0.0,0.013999999999999993
chesca_reserve_contract_mesh,2066,3,6,0,6.29500890770227,6.29500890770227,0.0,9.154972076416016,-0.034578650218457394,90,0.0,5.0,0.8,0.0,0.0,0.023749999999999993
chesca_reserve_contract_mesh,2067,4,6,0,6.554910309089149,6.554910309089149,0.0,9.154972076416016,0.07976066912352957,90,0.0,5.0,0.85,0.0,0.0,0.023333333333333334
chesca_reserve_contract_mesh,2068,5,6,0,5.575632804276349,5.575632804276349,0.0,9.154972076416016,0.014128836745176662,90,0.0,0.0,0.8,0.09499999999999997,0.09499999999999997,0.1108333333333333
chesca_reserve_contract_mesh,2069,6,6,6,6.157272166856653,5.281272166856652,-0.8760000000000012,9.154972076416016,0.10725843659256379,90,6.0,0.0,0.75,0.14400000000000002,0.10399999999999998,0.13599999999999995
chesca_reserve_contract_mesh,2070,7,6,6,5.65965289057091,4.78365289057091,-0.8759999999999994,9.154972076416016,0.16973469281838763,90,6.0,0.0,0.7,0.14500000000000002,0.10499999999999998,0.1775
chesca_reserve_contract_mesh,2071,8,6,6,5.126708577778667,4.250708577778668,-0.8759999999999994,9.154972076416016,0.09210863497195772,90,6.0,0.0,0.6,0.19499999999999995,0.15499999999999992,0.228125
chesca_reserve_contract_mesh,2072,9,6,6,3.6213875528258326,2.7453875528258322,-0.8760000000000003,9.087594032287598,0.14308823576613774,90,6.0,0.0,0.5,0.245,0.20499999999999996,0.31116666666666665
chesca_reserve_contract_mesh,2073,10,6,6,3.750947063557046,2.8749470635570455,-0.8760000000000003,9.087594032287598,0.11516490999245224,90,6.0,0.0,0.6,0.09750000000000003,0.057499999999999996,0.21999999999999997
chesca_reserve_contract_mesh,2074,11,6,4,5.5958448493417565,5.011844849341756,-0.5840000000000005,9.087594032287598,0.2393339782208519,90,4.0,2.0,0.65,0.0,0.0,0.18380952380952376
chesca_reserve_contract_mesh,2075,12,6,4,5.796387428822676,5.212387428822676,-0.5840000000000005,9.087594032287598,0.1231102838356756,90,4.0,2.0,0.65,0.0,0.0,0.17571428571428563
chesca_reserve_contract_mesh,2076,13,6,4,6.7563874780626,6.172387478062601,-0.5839999999999996,9.087594032287598,0.3302389509985965,90,4.0,2.0,0.7,0.0,0.0,0.12638888888888888
chesca_reserve_contract_mesh,2077,14,6,3,6.856719599369161,6.432719599369162,-0.4239999999999995,9.087594032287598,0.19989482959264157,90,3.0,3.0,0.7,0.0,0.0,0.125
chesca_reserve_contract_mesh,2078,15,6,3,8.092853402188874,7.668853402188875,-0.4239999999999995,9.087594032287598,0.24053180152156362,90,3.0,3.0,0.7,0.0,0.0,0.10083333333333333
chesca_reserve_contract_mesh,2079,16,6,3,9.505901346017962,9.081901346017963,-0.4239999999999995,9.087594032287598,0.5881775693510547,90,3.0,3.0,0.65,0.0,0.0,0.07714285714285711
chesca_reserve_contract_mesh,2080,17,6,2,12.999989230221912,12.707989230221912,-0.2919999999999998,9.087594032287598,1.5432262283261153,90,2.0,4.0,0.7,0.0,0.0,0.026944444444444438
chesca_reserve_contract_mesh,2081,18,6,1,12.537631650000451,12.405631650000451,-0.13199999999999967,9.154972076416016,1.116385229447162,90,1.0,5.0,0.6,0.0,0.0,0.009583333333333333
chesca_reserve_contract_mesh,2082,19,6,0,13.62958800776181,13.62958800776181,0.0,9.231180191040039,1.1209739484085046,90,0.0,6.0,0.6,0.0,0.0,0.0
chesca_reserve_contract_mesh,2083,20,6,0,12.667663804112607,12.667663804112607,0.0,9.312612533569336,0.827948406870315,90,0.0,6.0,0.6,0.0,0.0,0.0
chesca_reserve_contract_mesh,2084,21,6,0,11.172812502418687,11.172812502418687,0.0,9.39026927947998,0.4403357029649547,90,0.0,6.0,0.6,0.0,0.0,0.0
chesca_reserve_contract_mesh,2085,22,6,6,10.095655522966194,10.971655522966193,0.8759999999999994,9.439706802368164,-0.293310432210523,90,0.0,5.0,0.55,0.0,0.040000000000000036,0.05629629629629632
chesca_reserve_contract_mesh,2086,23,6,6,9.883116702325083,10.75911670232508,0.8759999999999977,9.482312202453613,-0.22057366147349988,90,0.0,5.0,0.6,0.0,0.040000000000000036,0.04812500000000003
chesca_reserve_contract_mesh,2087,24,6,6,9.348659494889558,10.224659494889558,0.8759999999999994,9.504694938659668,-0.11625601514280627,90,0.0,5.0,0.65,0.0,0.040000000000000036,0.048095238095238135
chesca_reserve_contract_mesh,2088,1,6,0,9.20264127552076,9.202641275520758,-1.7763568394002505e-15,9.533604621887207,-0.03714292119128306,90,0.0,5.0,0.72,0.0,0.0,0.014999999999999994
chesca_reserve_contract_mesh,2089,2,6,0,8.350866315965831,8.350866315965831,0.0,9.533604621887207,-0.001183929977194173,90,0.0,5.0,0.78,0.0,0.0,0.013999999999999993
chesca_reserve_contract_mesh,2090,3,6,6,6.878912215145333,7.754912215145334,0.8760000000000003,9.575057029724121,-0.1017734674321027,90,0.0,5.0,0.8,0.0,0.040000000000000036,0.05583333333333337
chesca_reserve_contract_mesh,2091,4,6,0,5.873852979343096,5.873852979343097,8.881784197001252e-16,9.575057029724121,-0.015255311527986246,90,0.0,2.0,0.85,0.0,0.0,0.05444444444444444
chesca_reserve_contract_mesh,2092,5,6,0,5.508741548424029,5.508741548424029,0.0,9.575057029724121,0.07774213512264407,90,0.0,0.0,0.8,0.04749999999999999,0.04749999999999999,0.14249999999999996
chesca_reserve_contract_mesh,2093,6,6,6,5.92628418307531,5.050284183075311,-0.8759999999999994,9.575057029724121,0.0940810024452726,90,6.0,0.0,0.75,0.09599999999999997,0.05599999999999994,0.14399999999999996
chesca_reserve_contract_mesh,2094,7,6,6,5.5422694038810505,4.666269403881052,-0.8759999999999986,9.575057029724121,0.16874612638287717,90,6.0,0.0,0.7,0.09666666666666668,0.05666666666666664,0.16944444444444443
chesca_reserve_contract_mesh,2095,8,6,6,5.559033475487301,4.683033475487301,-0.8760000000000003,9.575057029724121,0.12497752475855672,90,6.0,0.0,0.6,0.04874999999999996,0.008749999999999925,0.24437499999999993
chesca_reserve_contract_mesh,2096,9,6,6,4.315654339153054,3.4396543391530545,-0.8759999999999999,9.575057029724121,0.14957420392881704,90,6.0,0.0,0.5,0.245,0.20499999999999996,0.36833333333333335
chesca_reserve_contract_mesh,2097,10,6,6,3.475439135725856,2.5994391357258557,-0.8760000000000003,9.575057029724121,0.12782928737111135,90,6.0,0.0,0.6,0.19499999999999995,0.15499999999999992,0.276875
chesca_reserve_contract_mesh,2098,11,6,6,2.4279625403175658,1.551962540317566,-0.8759999999999997,9.575057029724121,0.10917414910938741,90,6.0,0.0,0.65,0.09714285714285709,0.05714285714285705,0.21904761904761894
chesca_reserve_contract_mesh,2099,12,6,6,4.2105652966797456,3.3345652966797457,-0.8759999999999999,9.533604621887207,0.2868512469530963,90,6.0,0.0,0.65,0.0485714285714286,0.008571428571428563,0.21904761904761902
chesca_reserve_contract_mesh,2100,13,6,5,5.782862890564934,5.066862890564934,-0.7160000000000002,9.533604621887207,0.2904000328573054,90,5.0,1.0,0.7,0.0,0.0,0.18416666666666667
chesca_reserve_contract_mesh,2101,14,6,5,6.565486754727031,5.849486754727031,-0.7160000000000002,9.533604621887207,0.23690940707099872,90,5.0,1.0,0.7,0.0,0.0,0.16805555555555554
chesca_reserve_contract_mesh,2102,15,6,4,7.159632347233871,7.743632347233871,0.5839999999999996,9.575057029724121,-0.5727639014224299,90,0.0,1.0,0.7,0.0,0.040000000000000036,0.18777777777777782
chesca_reserve_contract_mesh,2103,16,6,5,8.859667290304944,8.143667290304943,-0.7160000000000011,9.533604621887207,0.44219899116103223,90,5.0,1.0,0.65,0.0,0.0,0.12857142857142853
chesca_reserve_contract_mesh,2104,17,6,3,10.883047880465014,10.459047880465011,-0.42400000000000304,9.504694938659668,0.921163164919141,90,3.0,3.0,0.7,0.0,0.0,0.03638888888888888
chesca_reserve_contract_mesh,2105,18,6,3,10.792482807526232,10.340482807526234,-0.4519999999999982,9.504694938659668,0.6111698695944238,90,3.0,3.0,0.6,0.0,0.0,0.012499999999999975
chesca_reserve_contract_mesh,2106,19,6,0,11.484070209506744,11.484070209506744,0.0,9.482312202453613,0.7401175474856347,90,0.0,6.0,0.6,0.0,0.0,0.0
chesca_reserve_contract_mesh,2107,20,6,0,10.579998815528437,10.579998815528437,0.0,9.482312202453613,0.27806906731422787,90,0.0,6.0,0.6,0.0,0.0,0.0
chesca_reserve_contract_mesh,2108,21,6,0,10.085225677307932,10.085225677307934,1.7763568394002505e-15,9.482312202453613,0.21921402400346482,90,0.0,6.0,0.6,0.0,0.0,0.0
chesca_reserve_contract_mesh,2109,22,6,6,9.027684405056672,9.903684405056673,0.8760000000000012,9.482312202453613,-0.12737844353332972,90,0.0,5.0,0.55,0.0,0.040000000000000036,0.05629629629629632
chesca_reserve_contract_mesh,2110,23,6,6,8.13382936184531,9.009829361845307,0.8759999999999977,9.439706802368164,-0.10486826952973408,90,0.0,5.0,0.6,0.0,0.040000000000000036,0.05625000000000004
chesca_reserve_contract_mesh,2111,24,6,6,8.00742314045347,8.88342314045347,0.8759999999999994,9.39026927947998,-0.13683652825278828,90,0.0,5.0,0.65,0.0,0.040000000000000036,0.056190476190476214
chesca_reserve_contract_mesh,2112,1,6,6,8.770310590320152,9.646310590320152,0.8759999999999994,9.39026927947998,-0.1373740924254483,90,0.0,5.0,0.72,0.0,0.040000000000000036,0.05500000000000003
chesca_reserve_contract_mesh,2113,2,6,6,8.709225743908362,9.585225743908364,0.8760000000000012,9.39026927947998,-0.13348874600555072,90,0.0,5.0,0.78,0.0,0.040000000000000036,0.05400000000000003
chesca_reserve_contract_mesh,2114,3,6,6,6.843408165765403,7.719408165765404,0.8760000000000003,9.400915145874023,-0.24139930499031775,90,0.0,2.0,0.8,0.0,0.040000000000000036,0.08750000000000002
chesca_reserve_contract_mesh,2115,4,6,5,5.877009951694315,6.593009951694315,0.7160000000000002,9.400915145874023,-0.13445031211764755,90,0.0,1.0,0.85,0.0,0.040000000000000036,0.10333333333333337
chesca_reserve_contract_mesh,2116,5,6,2,5.064373984087603,5.328373984087603,0.26400000000000023,9.400915145874023,-0.11094375345304236,90,0.0,0.0,0.8,0.14249999999999996,0.1825,0.18749999999999997
chesca_reserve_contract_mesh,2117,6,6,0,5.701727050889605,5.701727050889605,0.0,9.400915145874023,0.06479265044712593,90,0.0,0.0,0.75,0.24,0.24,0.24
chesca_reserve_contract_mesh,2118,7,6,0,4.736721731284094,4.736721731284094,0.0,9.312612533569336,0.02924656107675954,90,0.0,0.0,0.7,0.29000000000000004,0.29000000000000004,0.29000000000000004
chesca_reserve_contract_mesh,2119,8,6,6,4.475189150278293,3.5991891502782942,-0.875999999999999,9.312612533569336,0.10457433486377521,90,6.0,0.0,0.6,0.34124999999999994,0.3012499999999999,0.341875
chesca_reserve_contract_mesh,2120,9,6,6,4.695064424891159,3.8190644248911587,-0.8760000000000003,9.312612533569336,0.12304657231228165,90,6.0,0.0,0.5,0.392,0.352,0.4173333333333333
chesca_reserve_contract_mesh,2121,10,6,0,1.6912942370474746,1.6912942370474746,0.0,9.312612533569336,-0.061925762141327084,90,0.0,0.0,0.6,0.24375000000000002,0.24375000000000002,0.3656250000000001
chesca_reserve_contract_mesh,2122,11,6,0,1.5177299822057067,1.5177299822057069,2.220446049250313e-16,9.312612533569336,-0.014602315230100762,90,0.0,0.0,0.65,0.19428571428571428,0.19428571428571428,0.31571428571428567
chesca_reserve_contract_mesh,2123,12,6,6,2.943128923513197,2.0671289235131973,-0.8759999999999999,9.312612533569336,0.12568752093483873,90,6.0,0.0,0.65,0.19428571428571428,0.15428571428571425,0.27571428571428563
chesca_reserve_contract_mesh,2124,13,6,6,4.528964124112671,3.6529641241126707,-0.8759999999999999,9.312612533569336,0.10383243797703243,90,6.0,0.0,0.7,0.04833333333333334,0.008333333333333304,0.20166666666666666
chesca_reserve_contract_mesh,2125,14,6,5,6.39911623805277,5.683116238052771,-0.7159999999999984,9.312612533569336,0.1395915583723368,90,5.0,1.0,0.7,0.0,0.0,0.1761111111111111
chesca_reserve_contract_mesh,2126,15,6,0,7.05579723939537,7.05579723939537,0.0,9.312612533569336,-0.05034901316112299,90,0.0,1.0,0.7,0.0,0.0,0.1691666666666667
chesca_reserve_contract_mesh,2127,16,6,0,7.726737916504665,7.726737916504664,-8.881784197001252e-16,9.312612533569336,0.049948072477369175,90,0.0,1.0,0.65,0.0,0.0,0.16999999999999996
chesca_reserve_contract_mesh,2128,17,6,3,9.438269155926706,9.014269155926707,-0.4239999999999995,9.312612533569336,0.2072955366088498,90,3.0,3.0,0.7,0.0,0.0,0.05249999999999999
chesca_reserve_contract_mesh,2129,18,6,3,10.668145331631775,10.244145331631774,-0.42400000000000126,9.231180191040039,0.4020808458606733,90,3.0,3.0,0.6,0.0,0.0,0.020624999999999987
chesca_reserve_contract_mesh,2130,19,6,0,12.135571785242657,12.135571785242659,1.7763568394002505e-15,9.231180191040039,0.9326483302504903,90,0.0,6.0,0.6,0.0,0.0,0.0
chesca_reserve_contract_mesh,2131,20,6,0,10.428470387007318,10.428470387007316,-1.7763568394002505e-15,9.231180191040039,0.20681290729545962,90,0.0,6.0,0.6,0.0,0.0,0.0
chesca_reserve_contract_mesh,2132,21,6,0,9.929412143363473,9.929412143363473,0.0,9.231180191040039,0.20783842982107836,90,0.0,6.0,0.6,0.0,0.0,0.0
chesca_reserve_contract_mesh,2133,22,6,1,9.32909528030244,9.16909528030244,-0.16000000000000014,9.160090446472168,0.08198788671767077,90,1.0,4.0,0.55,0.0,0.0,0.017777777777777764
chesca_reserve_contract_mesh,2134,23,6,0,8.921242946781888,8.921242946781888,0.0,9.160090446472168,0.03921293334691462,90,0.0,5.0,0.6,0.0,0.0,0.008124999999999993
chesca_reserve_contract_mesh,2135,24,6,0,10.041479679956922,10.04147967995692,-1.7763568394002505e-15,9.160090446472168,0.25364101462951594,90,0.0,6.0,0.65,0.0,0.0,0.0
chesca_reserve_contract_mesh,2136,1,6,3,9.09605536585708,9.57605536585708,0.4800000000000004,9.160090446472168,-0.07849892581709328,90,0.0,6.0,0.72,0.0,0.0,0.020000000000000018
chesca_reserve_contract_mesh,2137,2,6,6,8.427605057521651,9.303605057521652,0.8760000000000012,9.231180191040039,-0.14890516587952266,90,0.0,5.0,0.78,0.0,0.040000000000000036,0.04700000000000004
chesca_reserve_contract_mesh,2138,3,6,6,6.959519956512469,7.835519956512469,0.8760000000000003,9.238451957702637,-0.11657431205482355,90,0.0,2.0,0.8,0.0,0.040000000000000036,0.08750000000000002
chesca_reserve_contract_mesh,2139,4,6,0,6.767766342280701,6.767766342280701,0.0,9.238451957702637,-0.045220265317273994,90,0.0,2.0,0.85,0.0,0.0,0.05444444444444444
chesca_reserve_contract_mesh,2140,5,6,0,5.637561817029805,5.637561817029805,0.0,9.238451957702637,-0.0028643700169585784,90,0.0,0.0,0.8,0.09499999999999997,0.09499999999999997,0.14249999999999996
chesca_reserve_contract_mesh,2141,6,6,6,5.816149964289799,4.9401499642898,-0.8759999999999994,9.238451957702637,0.1371810109366972,90,6.0,0.0,0.75,0.14400000000000002,0.10399999999999998,0.14399999999999996
chesca_reserve_contract_mesh,2142,7,6,6,5.447386088303769,4.57138608830377,-0.8759999999999986,9.238451957702637,0.1811965031943897,90,6.0,0.0,0.7,0.14500000000000002,0.10499999999999998,0.1775
chesca_reserve_contract_mesh,2143,8,6,6,4.9534504404311,4.0774504404311,-0.8759999999999994,9.238451957702637,0.16816939025084618,90,6.0,0.0,0.6,0.24375000000000002,0.20375,0.30124999999999996
chesca_reserve_contract_mesh,2144,9,6,6,3.940012982568807,3.0640129825688076,-0.8759999999999994,9.238451957702637,0.10027669435507722,90,6.0,0.0,0.5,0.34299999999999997,0.30299999999999994,0.38466666666666666
chesca_reserve_contract_mesh,2145,10,6,6,4.379036857426146,3.5030368574261455,-0.8760000000000008,9.238451957702637,0.19313224680532956,90,6.0,0.0,0.6,0.24375000000000002,0.20375,0.276875
chesca_reserve_contract_mesh,2146,11,6,6,3.4292566626310705,2.5532566626310715,-0.875999999999999,9.238451957702637,0.14450255322291286,90,6.0,0.0,0.65,0.14571428571428569,0.10571428571428565,0.23523809523809516
chesca_reserve_contract_mesh,2147,12,6,6,3.7933676454322716,2.9173676454322712,-0.8760000000000003,9.238451957702637,0.12204354898061268,90,6.0,0.0,0.65,0.09714285714285709,0.05714285714285705,0.25142857142857133
chesca_reserve_contract_mesh,2148,13,6,5,4.6210778390680245,3.905077839068024,-0.7160000000000006,9.238451957702637,0.08443455794053284,90,5.0,1.0,0.7,0.0,0.0,0.18416666666666667
chesca_reserve_contract_mesh,2149,14,6,5,4.723103322683866,4.007103322683867,-0.7159999999999993,9.238451957702637,0.3102460272265646,90,5.0,1.0,0.7,0.0,0.0,0.18416666666666667
chesca_reserve_contract_mesh,2150,15,6,5,6.662269048685506,5.946269048685506,-0.7159999999999993,9.238451957702637,0.14414060622006974,90,5.0,1.0,0.7,0.0,0.0,0.16805555555555554
chesca_reserve_contract_mesh,2151,16,6,5,7.333967602763911,6.617967602763911,-0.7160000000000002,9.238451957702637,0.2183038603392302,90,5.0,1.0,0.65,0.0,0.0,0.15285714285714277
chesca_reserve_contract_mesh,2152,17,6,2,9.184297722721656,8.892297722721654,-0.2920000000000016,9.238451957702637,0.08979699092473717,90,2.0,4.0,0.7,0.0,0.0,0.04305555555555555
chesca_reserve_contract_mesh,2153,18,6,2,11.426440120766125,11.134440120766126,-0.2919999999999998,9.203839302062988,0.7215211301060305,90,2.0,4.0,0.6,0.0,0.0,0.019166666666666648
chesca_reserve_contract_mesh,2154,19,6,0,14.072078120344203,14.072078120344202,-1.7763568394002505e-15,9.203839302062988,1.401870291905746,90,0.0,6.0,0.6,0.0,0.0,0.0
chesca_reserve_contract_mesh,2155,20,6,0,14.082423798130904,14.082423798130904,0.0,9.203839302062988,1.2419358030346834,90,0.0,6.0,0.6,0.0,0.0,0.0
chesca_reserve_contract_mesh,2156,21,6,6,9.438827653192714,10.314827653192713,0.8759999999999994,9.203839302062988,-0.21629886870848208,90,0.0,6.0,0.6,0.0,0.040000000000000036,0.040000000000000036
chesca_reserve_contract_mesh,2157,22,6,2,9.770698666597402,9.478698666597403,-0.2919999999999998,9.203839302062988,0.16294814378232722,90,2.0,4.0,0.55,0.0,0.0,0.01111111111111109
chesca_reserve_contract_mesh,2158,23,6,1,10.744896698569569,10.584896698569567,-0.16000000000000192,9.203839302062988,0.407272481412665,90,1.0,5.0,0.6,0.0,0.0,0.0014583333333333208
chesca_reserve_contract_mesh,2159,24,6,0,10.885194742500216,10.885194742500216,0.0,9.203839302062988,0.5231456090103113,90,0.0,6.0,0.65,0.0,0.0,0.0
chesca_reserve_contract_mesh,2160,1,6,0,11.228571256058881,11.228571256058881,0.0,9.203839302062988,0.6422884129885553,90,0.0,6.0,0.72,0.0,0.0,0.0
chesca_reserve_contract_mesh,2161,2,6,0,9.614672788463665,9.614672788463665,0.0,9.203839302062988,0.057311597622019705,90,0.0,6.0,0.78,0.0,0.0,0.0
chesca_reserve_contract_mesh,2162,3,6,6,7.361474931810849,8.23747493181085,0.8760000000000003,9.238451957702637,-0.10483639531997188,90,0.0,5.0,0.8,0.0,0.040000000000000036,0.0479166666666667
chesca_reserve_contract_mesh,2163,4,6,0,6.804970140841145,6.804970140841144,-8.881784197001252e-16,9.238451957702637,-0.016417794178222145,90,0.0,3.0,0.85,0.0,0.0,0.031111111111111107
chesca_reserve_contract_mesh,2164,5,6,0,5.814097566069004,5.814097566069004,0.0,9.238451957702637,-0.049541074415535374,90,0.0,0.0,0.8,0.04749999999999999,0.04749999999999999,0.11874999999999997
chesca_reserve_contract_mesh,2165,6,6,6,6.3612902478142646,5.485290247814264,-0.8760000000000003,9.238451957702637,0.09695260465656849,90,6.0,0.0,0.75,0.09599999999999997,0.05599999999999994,0.14399999999999996
chesca_reserve_contract_mesh,2166,7,6,6,5.632419100910285,4.7564191009102865,-0.8759999999999986,9.238451957702637,0.12675400259677191,90,6.0,0.0,0.7,0.09666666666666668,0.05666666666666664,0.16944444444444443
chesca_reserve_contract_mesh,2167,8,6,4,5.331955456878964,5.915955456878963,0.5839999999999996,9.310253143310547,-0.23574792929050517,90,0.0,0.0,0.6,0.19499999999999995,0.235,0.31916666666666665
chesca_reserve_contract_mesh,2168,9,6,6,4.24179152850956,3.36579152850956,-0.8759999999999999,9.310253143310547,0.10262930806521575,90,6.0,0.0,0.5,0.34299999999999997,0.30299999999999994,0.4091666666666666
chesca_reserve_contract_mesh,2169,10,6,6,3.993010651027957,3.1170106510279565,-0.8760000000000003,9.310253143310547,0.13635142082554405,90,6.0,0.0,0.6,0.19499999999999995,0.15499999999999992,0.30124999999999996
chesca_reserve_contract_mesh,2170,11,6,6,3.3001191007886295,2.424119100788629,-0.8760000000000003,9.310253143310547,0.09249532027105783,90,6.0,0.0,0.65,0.09714285714285709,0.05714285714285705,0.24333333333333326
chesca_reserve_contract_mesh,2171,12,6,6,5.073968468946326,4.197968468946327,-0.8759999999999994,9.310253143310547,0.2463284241473928,90,6.0,0.0,0.65,0.0485714285714286,0.008571428571428563,0.20285714285714282
chesca_reserve_contract_mesh,2172,13,6,4,6.371319466732357,5.787319466732358,-0.5839999999999996,9.310253143310547,0.2433797712666953,90,4.0,2.0,0.7,0.0,0.0,0.1425
chesca_reserve_contract_mesh,2173,14,6,4,6.455389162924176,5.871389162924177,-0.5839999999999987,9.310253143310547,0.11375466064011015,90,4.0,2.0,0.7,0.0,0.0,0.1425
chesca_reserve_contract_mesh,2174,15,6,3,7.872189594368525,8.324189594368525,0.45199999999999996,9.353057861328125,-0.19516781658538399,90,0.0,2.0,0.7,0.0,0.040000000000000036,0.1730555555555556
chesca_reserve_contract_mesh,2175,16,6,4,9.31882780207173,8.734827802071731,-0.5839999999999996,9.353057861328125,0.4040742596203732,90,4.0,2.0,0.65,0.0,0.0,0.12714285714285709
chesca_reserve_contract_mesh,2176,17,6,3,11.46720949359188,11.04320949359188,-0.42400000000000126,9.353057861328125,1.0156689306854534,90,3.0,3.0,0.7,0.0,0.0,0.012222222222222209
chesca_reserve_contract_mesh,2177,18,6,1,12.586445549524278,12.454445549524278,-0.13199999999999967,9.353057861328125,1.4334833604480042,90,1.0,5.0,0.6,0.0,0.0,0.0014583333333333208
chesca_reserve_contract_mesh,2178,19,6,0,14.981595506432113,14.981595506432113,0.0,9.353057861328125,1.8447781712972882,90,0.0,6.0,0.6,0.0,0.0,0.0
chesca_reserve_contract_mesh,2179,20,6,0,14.327364558417386,14.327364558417385,-1.7763568394002505e-15,9.353057861328125,1.2473563096995415,90,0.0,6.0,0.6,0.0,0.0,0.0
chesca_reserve_contract_mesh,2180,21,6,0,11.668241680956536,11.668241680956537,1.7763568394002505e-15,9.353057861328125,0.6022196808031367,90,0.0,6.0,0.6,0.0,0.0,0.0
chesca_reserve_contract_mesh,2181,22,6,1,10.556221017337439,10.396221017337439,-0.16000000000000014,9.353057861328125,0.25793875362632246,90,1.0,5.0,0.55,0.0,0.0,0.0014814814814814725
chesca_reserve_contract_mesh,2182,23,6,0,10.562539364072459,10.562539364072459,0.0,9.400915145874023,0.33320543696552435,90,0.0,6.0,0.6,0.0,0.0,0.0
chesca_reserve_contract_mesh,2183,24,6,0,11.646537846701813,11.646537846701813,0.0,9.474191665649414,0.6632662241293238,90,0.0,6.0,0.65,0.0,0.0,0.0
chesca_reserve_contract_mesh,2184,1,6,0,11.533526643174362,11.53352664317436,-1.7763568394002505e-15,9.474191665649414,0.5158884624229513,90,0.0,6.0,0.72,0.0,0.0,0.0
chesca_reserve_contract_mesh,2185,2,6,0,9.874659391996383,9.874659391996383,0.0,9.474191665649414,-0.06420717454627649,90,0.0,6.0,0.78,0.0,0.0,0.0
chesca_reserve_contract_mesh,2186,3,6,6,8.107727938065096,8.983727938065098,0.8760000000000012,9.521872520446777,-0.12770900648325206,90,0.0,5.0,0.8,0.0,0.040000000000000036,0.0479166666666667
chesca_reserve_contract_mesh,2187,4,6,6,7.5775006098502775,8.453500609850277,0.8759999999999994,9.544036865234375,-0.11223605092037142,90,0.0,4.0,0.85,0.0,0.040000000000000036,0.06333333333333337
chesca_reserve_contract_mesh,2188,5,6,4,5.847700713539938,6.431700713539938,0.5840000000000005,9.544036865234375,-0.14461405772098826,90,0.0,0.0,0.8,0.09499999999999997,0.135,0.16916666666666666
chesca_reserve_contract_mesh,2189,6,6,0,6.19632877300228,6.19632877300228,0.0,9.544036865234375,0.02889443160595058,90,0.0,0.0,0.75,0.19199999999999995,0.19199999999999995,0.22399999999999998
chesca_reserve_contract_mesh,2190,7,6,1,5.381699432085817,5.541699432085817,0.16000000000000014,9.544036865234375,-0.11396229121353438,90,0.0,0.0,0.7,0.2416666666666667,0.28166666666666673,0.28861111111111115
chesca_reserve_contract_mesh,2191,8,6,0,3.9094421834624367,3.9094421834624367,0.0,9.544036865234375,-0.05500927093486431,90,0.0,0.0,0.6,0.39,0.39,0.39000000000000007
chesca_reserve_contract_mesh,2192,9,6,0,3.4756858755098388,3.4756858755098388,0.0,9.544036865234375,0.012961543448587312,90,0.0,0.0,0.5,0.49,0.49,0.49000000000000005
chesca_reserve_contract_mesh,2193,10,6,0,3.5461671303249918,3.5461671303249913,-4.440892098500626e-16,9.544036865234375,-0.08303062942235431,90,0.0,0.0,0.6,0.39,0.39,0.39000000000000007
chesca_reserve_contract_mesh,2194,11,6,0,3.5933505911157906,3.5933505911157906,0.0,9.544036865234375,0.061341947103648695,90,0.0,0.0,0.65,0.29142857142857137,0.29142857142857137,0.33190476190476187
chesca_reserve_contract_mesh,2195,12,6,0,5.278745475212267,5.278745475212267,0.0,9.544036865234375,0.07730047759218427,90,0.0,0.0,0.65,0.19428571428571428,0.19428571428571428,0.31571428571428567
chesca_reserve_contract_mesh,2196,13,6,6,5.92465490965466,5.114654909654661,-0.8099999999999996,9.544036865234375,0.14850778396241543,90,6.0,0.0,0.7,0.04833333333333334,0.008333333333333304,0.19694444444444445
chesca_reserve_contract_mesh,2197,14,6,5,7.136264894531435,6.420264894531435,-0.7160000000000002,9.544036865234375,0.2030632737868347,90,5.0,1.0,0.7,0.0,0.0,0.16805555555555554
chesca_reserve_contract_mesh,2198,15,6,5,8.359409209349549,7.643409209349549,-0.7159999999999993,9.544036865234375,0.11343387956188966,90,5.0,1.0,0.7,0.0,0.0,0.1036111111111111
chesca_reserve_contract_mesh,2199,16,6,3,10.700318509109163,10.276318509109162,-0.42400000000000126,9.544036865234375,0.8741499568897838,90,3.0,3.0,0.65,0.0,0.0,0.012380952380952362
chesca_reserve_contract_mesh,2200,17,6,0,14.643437274037755,14.643437274037753,-1.7763568394002505e-15,9.521872520446777,2.230788011371594,90,0.0,6.0,0.7,0.0,0.0,0.0
chesca_reserve_contract_mesh,2201,18,6,0,14.249500086063483,14.249500086063485,1.7763568394002505e-15,9.521872520446777,1.4795839744077859,90,0.0,6.0,0.6,0.0,0.0,0.0
chesca_reserve_contract_mesh,2202,19,6,0,15.619265327828955,15.619265327828955,0.0,9.521872520446777,1.777451365332487,90,0.0,6.0,0.6,0.0,0.0,0.0
chesca_reserve_contract_mesh,2203,20,6,0,14.166804145841681,14.166804145841681,0.0,9.521872520446777,1.1868909154791287,90,0.0,6.0,0.6,0.0,0.0,0.0
chesca_reserve_contract_mesh,2204,21,6,0,13.405994074630271,13.40599407463027,-1.7763568394002505e-15,9.521872520446777,1.0267061302307792,90,0.0,6.0,0.6,0.0,0.0,0.0
chesca_reserve_contract_mesh,2205,22,6,6,9.870931347371842,10.746931347371842,0.8759999999999994,9.521872520446777,-0.2935240754438472,90,0.0,4.0,0.55,0.0,0.040000000000000036,0.05629629629629632
chesca_reserve_contract_mesh,2206,23,6,6,9.96129065279748,10.83729065279748,0.8759999999999994,9.544036865234375,-0.11943181758451903,90,0.0,6.0,0.6,0.0,0.040000000000000036,0.040000000000000036
