controller,step,hour,active_peers,changed_peers,official_predicted_grid,negotiated_predicted_grid,predicted_grid_delta,district_target,final_shadow_signal,logical_message_count,relief_selected_peers,recovery_selected_peers,debt_created_soc,debt_repaid_soc,extra_discharge_soc,extra_charge_soc,total_debt_soc,max_debt_soc,mean_budget_use_soc
chesca_mesh,1,2,6,6,14.591872655066727,13.715872769507643,-0.875999885559084,14.591872655066727,2.1499049922464,90,,,,,,,,,
chesca_mesh,2,3,6,6,6.204107326152643,7.0801073261526435,0.8760000000000003,6.204107326152643,-0.3123500037849793,90,,,,,,,,,
chesca_mesh,3,4,6,6,5.192537087941776,5.988537087941776,0.7959999999999994,5.192537087941776,-0.1941129957619891,90,,,,,,,,,
chesca_mesh,4,5,6,0,4.711030065747744,4.711030065747743,-8.881784197001252e-16,4.711030065747744,-0.04868147801391834,90,,,,,,,,,
chesca_mesh,5,6,6,6,6.237404508867892,6.772583181138234,0.5351786722703418,6.237404508867892,-0.19209621228683554,90,,,,,,,,,
chesca_mesh,6,7,6,6,4.990351398238254,5.416675363261937,0.4263239650236823,4.990351398238254,-0.1467055614586119,90,,,,,,,,,
chesca_mesh,7,8,6,0,5.958205647622158,5.958205647622158,0.0,5.958205647622158,0.030926627979021917,90,,,,,,,,,
chesca_mesh,8,9,6,6,6.376008958995863,6.855535459789824,0.47952650079396086,6.376008958995863,-0.15843770878299196,90,,,,,,,,,
chesca_mesh,9,10,6,6,7.02868775335214,6.152687753352139,-0.8760000000000012,7.02868775335214,0.19106139501776173,90,,,,,,,,,
chesca_mesh,10,11,6,6,7.186134500674392,7.985314305634385,0.7991798049599934,7.186134500674392,-0.24567295159223942,90,,,,,,,,,
chesca_mesh,11,12,6,6,6.810344518203861,5.9343445182038606,-0.8760000000000003,7.096320629119873,0.46217004799161004,90,,,,,,,,,
chesca_mesh,12,13,6,6,8.115086283544723,7.239086283544723,-0.8760000000000003,6.954711437225342,0.5036717997864393,90,,,,,,,,,
chesca_mesh,13,14,6,6,8.290243064124681,7.414243064124681,-0.8760000000000003,6.931127548217773,0.8986533824303784,90,,,,,,,,,
chesca_mesh,14,15,6,6,5.607807749044998,4.7318077490449975,-0.8760000000000003,6.907543182373047,0.5906636689011409,90,,,,,,,,,
chesca_mesh,15,16,6,6,8.185377715074127,7.3093777150741275,-0.8759999999999994,6.435116767883301,1.178473248395156,90,,,,,,,,,
chesca_mesh,16,17,6,6,8.541006505029316,7.665006505029317,-0.8759999999999986,6.847706317901611,0.657886183472074,90,,,,,,,,,
chesca_mesh,17,18,6,6,7.281281582862137,6.405281582862136,-0.8760000000000012,6.904174327850342,0.2283915428412563,90,,,,,,,,,
chesca_mesh,18,19,6,6,10.144266404228366,9.268266404228365,-0.8760000000000012,6.874255657196045,1.1163849762298812,90,,,,,,,,,
chesca_mesh,19,20,6,6,9.267856228712562,8.39185622871256,-0.8760000000000012,6.924388885498047,0.5397474519535497,90,,,,,,,,,
chesca_mesh,20,21,6,6,8.621313878186108,7.745313878186106,-0.8760000000000012,6.968188285827637,0.29575386123281344,90,,,,,,,,,
chesca_mesh,21,22,6,0,6.9419170615386445,6.9419170615386445,0.0,7.523429870605469,-0.021319858510128326,90,,,,,,,,,
chesca_mesh,22,23,6,0,6.484753156989234,6.4847531569892345,8.881784197001252e-16,7.224452972412109,0.060314026193149455,90,,,,,,,,,
chesca_mesh,23,24,6,0,6.6108341207344195,6.6108341207344195,0.0,7.392750263214111,0.0034337170042111065,90,,,,,,,,,
chesca_mesh,24,1,6,0,6.496680664252305,6.496680664252306,8.881784197001252e-16,7.236332416534424,0.022620215505930463,90,,,,,,,,,
chesca_mesh,25,2,6,6,4.655562610555212,5.43956745938101,0.7840048488257976,7.0799150466918945,-0.1041640338849726,90,,,,,,,,,
chesca_mesh,26,3,6,6,4.156259259920158,4.933695660550658,0.7774364006305001,6.961450099945068,-0.17307979377397695,90,,,,,,,,,
chesca_mesh,27,4,6,6,4.405697588369659,5.113622477395722,0.7079248890260637,6.937865734100342,-0.18744558946196874,90,,,,,,,,,
chesca_mesh,28,5,6,6,4.508248402622243,4.996964854008022,0.4887164513857787,6.914281368255615,-0.21551492071737754,90,,,,,,,,,
chesca_mesh,29,6,6,0,5.163984661906879,5.163984661906879,0.0,6.8888773918151855,-0.04507831215576871,90,,,,,,,,,
chesca_mesh,30,7,6,0,2.932988738591962,2.9329887385919617,-4.440892098500626e-16,6.86104679107666,0.03766388625710412,90,,,,,,,,,
chesca_mesh,31,8,6,6,2.195852260073288,1.3198522600732885,-0.8759999999999997,6.833215713500977,0.11359760828372398,90,,,,,,,,,
chesca_mesh,32,9,6,6,2.5359584397700834,1.6599584397700835,-0.8759999999999999,6.819491863250732,0.1550803156812523,90,,,,,,,,,
chesca_mesh,33,10,6,5,4.729508980471923,3.985508980471923,-0.7440000000000002,6.816348552703857,0.23594620673075298,90,,,,,,,,,
chesca_mesh,34,11,6,6,2.417743679347857,1.5417436793478574,-0.8759999999999994,6.813205242156982,0.1336487937812134,90,,,,,,,,,
chesca_mesh,35,12,6,6,3.7121042377472464,2.8361042377472456,-0.8760000000000008,6.674088954925537,0.11139511404106076,90,,,,,,,,,
chesca_mesh,36,13,6,6,3.7057747393041125,4.503823296392728,0.7980485570886153,6.480583190917969,-0.13704249927775985,90,,,,,,,,,
chesca_mesh,37,14,6,6,1.817312612414539,2.3988279746317236,0.5815153622171847,6.812756538391113,-0.621700038883361,90,,,,,,,,,
chesca_mesh,38,15,6,6,3.335185251880653,2.459185251880653,-0.8759999999999999,6.646444797515869,0.2554563080480714,90,,,,,,,,,
chesca_mesh,39,16,6,6,4.0369909555511105,3.16099095555111,-0.8760000000000003,6.452938556671143,0.5601815765726643,90,,,,,,,,,
chesca_mesh,40,17,6,6,7.958363117021798,7.082363117021799,-0.8759999999999986,6.259433746337891,0.8756432172536424,90,,,,,,,,,
chesca_mesh,41,18,6,6,7.164086164038156,6.288086164038156,-0.8759999999999994,6.219779014587402,0.3499745826876516,90,,,,,,,,,
chesca_mesh,42,19,6,6,8.279434269110178,7.4034342691101775,-0.8760000000000003,6.180124282836914,0.46100436421703894,90,,,,,,,,,
chesca_mesh,43,20,6,6,8.70382716758359,7.827827167583589,-0.8760000000000012,6.253768444061279,0.5012686586426766,90,,,,,,,,,
chesca_mesh,44,21,6,6,11.975208159715788,11.099208159715788,-0.8759999999999994,6.591156959533691,1.4873664423977104,90,,,,,,,,,
chesca_mesh,45,22,6,6,11.471012320883448,10.595012320883447,-0.8760000000000012,6.397651195526123,1.6029084795033024,90,,,,,,,,,
chesca_mesh,46,23,6,6,7.195860426842884,6.319860426842883,-0.8760000000000012,6.248103618621826,0.3575261338253035,90,,,,,,,,,
chesca_mesh,47,24,6,6,7.248408401837617,6.3724084018376175,-0.8759999999999994,6.208448886871338,0.3786913610678808,90,,,,,,,,,
chesca_mesh,48,1,6,6,6.198321096131503,7.074321096131503,0.8760000000000003,6.220086574554443,-0.2526923256486755,90,,,,,,,,,
chesca_mesh,49,2,6,6,5.2728342050534,6.148834205053401,0.8760000000000012,6.252056121826172,-0.2661003755451791,90,,,,,,,,,
chesca_mesh,50,3,6,6,4.47537121028632,5.35137121028632,0.8760000000000003,6.234841823577881,-0.2732657406023884,90,,,,,,,,,
chesca_mesh,51,4,6,6,4.917771672667263,5.705307158425135,0.7875354857578714,6.21762752532959,-0.24640283225270704,90,,,,,,,,,
chesca_mesh,52,5,6,6,4.11838098025322,4.626918512776388,0.5085375325231682,6.197426795959473,-0.282988425190442,90,,,,,,,,,
chesca_mesh,53,6,6,0,4.537189474969287,4.537189474969286,-8.881784197001252e-16,6.174986362457275,-0.03259903283905126,90,,,,,,,,,
chesca_mesh,54,7,6,0,3.359036826279559,3.3590368262795587,-4.440892098500626e-16,6.152545928955078,0.055292069685254776,90,,,,,,,,,
chesca_mesh,55,8,6,6,3.13297587934931,2.256975879349309,-0.8760000000000008,6.142551422119141,0.10428553119652167,90,,,,,,,,,
chesca_mesh,56,9,6,0,2.4988248082297218,2.4988248082297218,0.0,6.1375346183776855,-0.01290789764372284,90,,,,,,,,,
chesca_mesh,57,10,6,6,2.3874751292057916,2.8576358187988844,0.47016068959309276,6.132518291473389,-0.25605865851526177,90,,,,,,,,,
chesca_mesh,58,11,6,6,0.46267559008067505,0.79241293240105,0.329737342320375,6.141834735870361,-0.6130213493279687,90,,,,,,,,,
chesca_mesh,59,12,6,6,0.4892670511409678,0.7195800814016655,0.23031303026069772,6.136817932128906,-0.5703859721231259,90,,,,,,,,,
chesca_mesh,60,13,6,6,1.9473799971573231,2.1671836553621864,0.21980365820486325,6.146134376525879,-1.149597339709329,90,,,,,,,,,
chesca_mesh,61,14,6,6,0.8111294798611784,1.0303383793404122,0.21920889947923372,6.187809467315674,-1.585736036485815,90,,,,,,,,,
chesca_mesh,62,15,6,6,1.3103824208463464,1.6495453911354934,0.339162970289147,6.225005149841309,-0.5431911761945791,90,,,,,,,,,
chesca_mesh,63,16,6,0,4.238394554503917,4.238394554503918,8.881784197001252e-16,6.256974220275879,-0.039866830992684295,90,,,,,,,,,
chesca_mesh,64,17,6,6,4.512647327268727,3.6366473272687267,-0.8760000000000003,6.239759922027588,0.216775553021137,90,,,,,,,,,
chesca_mesh,65,18,6,6,5.591644120146286,4.715644120146285,-0.8760000000000012,6.222545623779297,0.2436570959315461,90,,,,,,,,,
chesca_mesh,66,19,6,0,6.201505235117072,6.201505235117071,-8.881784197001252e-16,6.203838348388672,-0.04810650524308287,90,,,,,,,,,
chesca_mesh,67,20,6,0,5.703721748913772,5.703721748913771,-8.881784197001252e-16,6.181397914886475,0.0023539436516398053,90,,,,,,,,,
chesca_mesh,68,21,6,0,6.242199837949688,6.242199837949688,0.0,6.158957481384277,0.05799393317050951,90,,,,,,,,,
chesca_mesh,69,22,6,6,5.6317224697232104,6.507722469723211,0.8760000000000003,6.200632572174072,-0.179082905701628,90,,,,,,,,,
chesca_mesh,70,23,6,6,5.96000136587499,6.75446593375302,0.7944645678780304,6.234841823577881,-0.1280650235400413,90,,,,,,,,,
chesca_mesh,71,24,6,6,5.11677514200847,5.784608814303293,0.6678336722948224,6.262503623962402,-0.15755119244095972,90,,,,,,,,,
chesca_mesh,72,1,6,6,3.941272824354336,4.517292996277189,0.576020171922853,6.249597072601318,-0.16933983385192014,90,,,,,,,,,
chesca_mesh,73,2,6,6,3.0283147118084996,3.478917935162764,0.4506032233542645,6.232382297515869,-0.20419718647127683,90,,,,,,,,,
chesca_mesh,74,3,6,4,3.38246938471091,3.7546430618085784,0.37217367709766824,6.215167999267578,-0.10183577339254338,90,,,,,,,,,
chesca_mesh,75,4,6,3,4.279616032250758,3.7996160322507575,-0.48000000000000087,6.194221019744873,0.07783427633760265,90,,,,,,,,,
chesca_mesh,76,5,6,6,4.134986296126561,4.577758148420394,0.4427718522938333,6.229923248291016,-0.12492514203202837,90,,,,,,,,,
chesca_mesh,77,6,6,6,4.732025196621551,3.8560251966215513,-0.8759999999999999,6.212708950042725,0.11097864159124005,90,,,,,,,,,
chesca_mesh,78,7,6,6,4.151234575418878,3.275234575418879,-0.8759999999999994,6.191015243530273,0.24059320052137603,90,,,,,,,,,
chesca_mesh,79,8,6,6,2.9182338526890845,2.0422338526890846,-0.8759999999999999,6.168574810028076,0.10938166688767267,90,,,,,,,,,
chesca_mesh,80,9,6,6,3.0582760195169865,2.182276019516987,-0.8759999999999994,6.146134376525879,0.1328374280013978,90,,,,,,,,,
chesca_mesh,81,10,6,6,4.416928556692092,3.540928556692091,-0.8760000000000008,6.141118049621582,0.26595420022876637,90,,,,,,,,,
chesca_mesh,82,11,6,6,3.060389944845702,2.1843899448457016,-0.8760000000000003,6.136101245880127,0.23050040910051944,90,,,,,,,,,
chesca_mesh,83,12,6,5,5.2532071607057755,4.509207160705775,-0.7440000000000007,6.13016414642334,0.42877491618766345,90,,,,,,,,,
chesca_mesh,84,13,6,6,6.382113191803284,5.506113191803284,-0.8759999999999994,6.118703842163086,0.6333373444921241,90,,,,,,,,,
chesca_mesh,85,14,6,6,1.9414755977737632,1.065475597773763,-0.8760000000000001,6.107243537902832,0.10295231127393936,90,,,,,,,,,
chesca_mesh,86,15,6,6,4.144164786360063,3.268164786360063,-0.8760000000000003,6.098650932312012,0.2682388386065183,90,,,,,,,,,
chesca_mesh,87,16,6,6,4.560237363940017,3.6842373639400168,-0.8759999999999999,6.097228527069092,0.4675639383521197,90,,,,,,,,,
chesca_mesh,88,17,6,6,7.32396957586951,6.447969575869511,-0.8759999999999994,6.095805644989014,0.7119471200235599,90,,,,,,,,,
chesca_mesh,89,18,6,6,6.078341758490458,5.202341758490457,-0.8760000000000012,6.098447799682617,0.14824114367392546,90,,,,,,,,,
chesca_mesh,90,19,6,6,7.331776650632368,6.455776650632368,-0.8760000000000003,6.097024917602539,0.24583949562914098,90,,,,,,,,,
chesca_mesh,91,20,6,6,7.180563330965316,6.3045633309653155,-0.8760000000000003,6.103969097137451,0.2986942976694842,90,,,,,,,,,
chesca_mesh,92,21,6,6,7.53017485666275,6.65417485666275,-0.8760000000000003,6.125252723693848,0.08166153560696979,90,,,,,,,,,
chesca_mesh,93,22,6,6,5.8039542940356865,6.679954294035688,0.8760000000000012,6.138251304626465,-0.20328466597035816,90,,,,,,,,,
chesca_mesh,94,23,6,6,6.5875281598143705,7.463528159814371,0.8760000000000003,6.148901462554932,-0.2855409325835707,90,,,,,,,,,
chesca_mesh,95,24,6,6,6.5121910663574925,5.636191066357492,-0.8760000000000003,6.166888236999512,0.4173617390995525,90,,,,,,,,,
chesca_mesh,96,1,6,6,7.623548494603408,6.747548494603407,-0.8760000000000012,6.157203197479248,0.131051328967482,90,,,,,,,,,
chesca_mesh,97,2,6,0,6.230547667427459,6.23054766742746,8.881784197001252e-16,6.175628185272217,-0.007393627048543544,90,,,,,,,,,
chesca_mesh,98,3,6,0,5.28324925348185,5.28324925348185,0.0,6.165504455566406,-0.024206796224661736,90,,,,,,,,,
chesca_mesh,99,4,6,0,4.435538841235681,4.435538841235681,0.0,6.155819416046143,-0.008110673948425198,90,,,,,,,,,
chesca_mesh,100,5,6,6,4.836313070357025,3.9603130703570253,-0.8759999999999994,6.146134376525879,0.11655039667870278,90,,,,,,,,,
chesca_mesh,101,6,6,6,4.509990290646572,3.633990290646571,-0.8760000000000008,6.141118049621582,0.15767272412160138,90,,,,,,,,,
chesca_mesh,102,7,6,6,5.023705533594132,4.147705533594133,-0.8759999999999994,6.136101245880127,0.2960784737370716,90,,,,,,,,,
chesca_mesh,103,8,6,0,4.065749373022781,4.065749373022781,0.0,6.13016414642334,-0.050798758511410164,90,,,,,,,,,
chesca_mesh,104,9,6,6,3.3904346620180066,2.5144346620180067,-0.8759999999999999,6.118703842163086,0.10159517139075282,90,,,,,,,,,
chesca_mesh,105,10,6,6,4.124071063559533,4.83202172410315,0.7079506605436174,6.107243537902832,-0.15208916151000146,90,,,,,,,,,
chesca_mesh,106,11,6,6,3.0996672601057185,2.223667260105718,-0.8760000000000003,6.098650932312012,0.08276535757137389,90,,,,,,,,,
chesca_mesh,107,12,6,6,3.2154418305288797,2.3394418305288793,-0.8760000000000003,6.097228527069092,0.1335108671913125,90,,,,,,,,,
chesca_mesh,108,13,6,6,4.162591425615859,3.2865914256158586,-0.8760000000000003,6.095805644989014,0.08988786274725954,90,,,,,,,,,
chesca_mesh,109,14,6,6,2.8890339581873867,2.013033958187387,-0.8759999999999999,6.085648536682129,0.12988583168991724,90,,,,,,,,,
chesca_mesh,110,15,6,6,5.090547179309564,4.214547179309562,-0.8760000000000012,6.063845634460449,0.11000560936388515,90,,,,,,,,,
chesca_mesh,111,16,6,6,6.271146763922057,5.395146763922057,-0.8760000000000003,6.042042255401611,0.2147667271170388,90,,,,,,,,,
chesca_mesh,112,17,6,6,7.212657682790903,6.336657682790903,-0.8760000000000003,6.082533359527588,0.45830183736056773,90,,,,,,,,,
chesca_mesh,113,18,6,6,6.653632966929575,5.777632966929574,-0.8760000000000003,6.060730934143066,0.48588919802737285,90,,,,,,,,,
chesca_mesh,114,19,6,6,8.709873897718502,7.8338738977185,-0.8760000000000021,6.038928031921387,0.6367976247026605,90,,,,,,,,,
chesca_mesh,115,20,6,6,8.442838556448919,7.566838556448918,-0.8760000000000012,6.079419136047363,0.205255799047527,90,,,,,,,,,
chesca_mesh,116,21,6,6,7.701703651484059,6.825703651484059,-0.8759999999999994,6.09661865234375,0.3354801565298853,90,,,,,,,,,
chesca_mesh,117,22,6,2,6.902003422507912,6.638003422507912,-0.26400000000000023,6.10069465637207,0.0903964241898832,90,,,,,,,,,
chesca_mesh,118,23,6,6,7.050412045442797,6.174412045442796,-0.8760000000000003,6.097837924957275,0.5194366726548845,90,,,,,,,,,
chesca_mesh,119,24,6,0,7.224998520442416,7.224998520442416,0.0,6.1060872077941895,0.02173642133292647,90,,,,,,,,,
chesca_mesh,120,1,6,6,6.427267484670392,7.3032674846703936,0.8760000000000012,6.119142055511475,-0.42502394297300644,90,,,,,,,,,
chesca_mesh,121,2,6,6,4.984184188828719,5.86018418882872,0.8760000000000012,6.127370834350586,-0.5656329344844444,90,,,,,,,,,
chesca_mesh,122,3,6,6,5.151959477989947,6.027959477989947,0.8760000000000003,6.1229400634765625,-0.35916931533873336,90,,,,,,,,,
chesca_mesh,123,4,6,6,3.733231086659953,4.450803149982771,0.7175720633228178,6.118137836456299,-0.4831100955689802,90,,,,,,,,,
chesca_mesh,124,5,6,6,3.513093995351265,4.085956165128674,0.5728621697774088,6.111108303070068,-0.33998154460958974,90,,,,,,,,,
chesca_mesh,125,6,6,6,4.249053043462528,4.610286216016568,0.36123317255403986,6.104078769683838,-0.2855524165608563,90,,,,,,,,,
chesca_mesh,126,7,6,6,4.192958931027361,4.53346325961554,0.34050432858817903,6.117133617401123,-1.2840292454779398,90,,,,,,,,,
chesca_mesh,127,8,6,6,3.242589415252117,3.680810149309675,0.4382207340575581,6.110104084014893,-0.2542600991366723,90,,,,,,,,,
chesca_mesh,128,9,6,6,2.303034933277922,2.6509375060963034,0.34790257281838155,6.103074550628662,-0.4499743730773694,90,,,,,,,,,
chesca_mesh,129,10,6,6,2.4647884428660007,2.6950943394552915,0.2303058965892908,6.116129398345947,-0.6399929715900539,90,,,,,,,,,
chesca_mesh,130,11,6,3,2.2523400321106823,2.3730548001736205,0.12071476806293813,6.109099864959717,-0.10061100163343711,90,,,,,,,,,
chesca_mesh,131,12,6,0,2.3206503297771843,2.3206503297771843,0.0,6.102070331573486,0.025763360969899562,90,,,,,,,,,
chesca_mesh,132,13,6,6,3.362699539487374,2.4866995394873745,-0.8759999999999994,6.098244667053223,0.31114509642394506,90,,,,,,,,,
chesca_mesh,133,14,6,6,3.3915405672074304,2.51554056720743,-0.8760000000000003,6.0968217849731445,0.12330465752333936,90,,,,,,,,,
chesca_mesh,134,15,6,6,3.5227161522805335,4.093141808172043,0.5704256558915097,6.1010661125183105,-0.590444959399985,90,,,,,,,,,
chesca_mesh,135,16,6,6,4.442414185774979,3.5664141857749794,-0.8759999999999994,6.098041534423828,0.22320541354651036,90,,,,,,,,,
chesca_mesh,136,17,6,6,4.423110902867632,3.547110902867631,-0.8760000000000008,6.09661865234375,0.1623567906880919,90,,,,,,,,,
chesca_mesh,137,18,6,6,6.080162001223349,5.204162001223348,-0.8760000000000012,6.095195770263672,0.16759830448052054,90,,,,,,,,,
chesca_mesh,138,19,6,6,8.194907787986354,7.318907787986354,-0.8760000000000003,6.0763044357299805,0.49273148231672215,90,,,,,,,,,
chesca_mesh,139,20,6,6,7.69051879771022,6.814518797710219,-0.8760000000000003,6.0964155197143555,0.10723201973327083,90,,,,,,,,,
chesca_mesh,140,21,6,0,7.966215174714398,7.9662151747143986,8.881784197001252e-16,6.099057674407959,0.06201691399538256,90,,,,,,,,,
chesca_mesh,141,22,6,0,6.652969713885607,6.652969713885606,-8.881784197001252e-16,6.112112522125244,-0.018717493564445062,90,,,,,,,,,
chesca_mesh,142,23,6,6,7.702564804862886,6.826564804862887,-0.8759999999999994,6.1229400634765625,0.11653778963987804,90,,,,,,,,,
chesca_mesh,143,24,6,6,9.005373971598848,8.129373971598849,-0.8759999999999994,6.131168365478516,0.5500625135226411,90,,,,,,,,,
chesca_mesh,144,1,6,6,7.9507119225721095,7.07471192257211,-0.8759999999999994,6.137465476989746,0.3325722491275468,90,,,,,,,,,
chesca_mesh,145,2,6,0,6.857617290991993,6.857617290991993,0.0,6.142464637756348,-0.05511632290893026,90,,,,,,,,,
chesca_mesh,146,3,6,6,6.020707100197297,6.896707100197297,0.8759999999999994,6.1456451416015625,-0.2700970946595876,90,,,,,,,,,
chesca_mesh,147,4,6,6,5.854044318406248,6.7300443184062475,0.8759999999999994,6.161353588104248,-0.3085263342674851,90,,,,,,,,,
chesca_mesh,148,5,6,6,4.920175976495813,5.796175976495814,0.8760000000000012,6.151668548583984,-0.14700277547471008,90,,,,,,,,,
chesca_mesh,149,6,6,6,5.542634718725076,6.329587745416255,0.7869530266911786,6.145400524139404,-0.11078844525970682,90,,,,,,,,,
chesca_mesh,150,7,6,5,4.327651441540234,4.87933344508166,0.5516820035414263,6.143687725067139,-0.10001035974727085,90,,,,,,,,,
chesca_mesh,151,8,6,0,4.8999638715094616,4.899963871509462,8.881784197001252e-16,6.141974925994873,-0.03532734292340839,90,,,,,,,,,
chesca_mesh,152,9,6,0,5.142434253077045,5.142434253077045,0.0,6.139353275299072,-0.044840614054097505,90,,,,,,,,,
chesca_mesh,153,10,6,0,5.253981099631398,5.253981099631398,0.0,6.136049270629883,-0.013951879624889847,90,,,,,,,,,
chesca_mesh,154,11,6,6,4.147139858053299,4.721335856748026,0.5741959986947274,6.132745742797852,-0.14176459546205605,90,,,,,,,,,
chesca_mesh,155,12,6,6,4.956873892620065,5.635580870879526,0.678706978259461,6.138881206512451,-0.9390631138648939,90,,,,,,,,,
chesca_mesh,156,13,6,5,6.315256877949003,5.571256877949003,-0.7439999999999998,6.135577201843262,0.14368725070315724,90,,,,,,,,,
chesca_mesh,157,14,6,6,4.95239550145389,4.07639550145389,-0.8760000000000003,6.1322736740112305,0.18929279288388426,90,,,,,,,,,
chesca_mesh,158,15,6,0,5.23162741921629,5.23162741921629,0.0,6.1280035972595215,0.02534848891476739,90,,,,,,,,,
chesca_mesh,159,16,6,6,5.725597526207982,4.849597526207983,-0.8759999999999986,6.123572826385498,0.5061007867596616,90,,,,,,,,,
chesca_mesh,160,17,6,6,7.875610300869047,6.999610300869048,-0.8759999999999994,6.119142055511475,0.8922108823491738,90,,,,,,,,,
chesca_mesh,161,18,6,6,7.674396964799048,6.798396964799048,-0.8760000000000003,6.127370834350586,0.34096030562764124,90,,,,,,,,,
chesca_mesh,162,19,6,6,8.472647035949509,9.34864703594951,0.8760000000000012,6.134633541107178,-0.414321897099327,90,,,,,,,,,
chesca_mesh,163,20,6,6,7.860968888210867,6.984968888210868,-0.8759999999999994,6.140769004821777,0.3542984764049874,90,,,,,,,,,
chesca_mesh,164,21,6,6,8.198211730560134,7.3222117305601335,-0.8760000000000003,6.144176959991455,0.384182339151449,90,,,,,,,,,
chesca_mesh,165,22,6,6,9.303413647781458,8.427413647781457,-0.8760000000000012,6.15305233001709,0.6182234217214256,90,,,,,,,,,
chesca_mesh,166,23,6,6,8.663785625645708,7.787785625645711,-0.8759999999999977,6.1456451416015625,0.5574754639485205,90,,,,,,,,,
chesca_mesh,167,24,6,6,8.149693743408319,7.273693743408319,-0.8760000000000003,6.161353588104248,0.28843073111151607,90,,,,,,,,,
chesca_mesh,168,1,6,6,8.43202253651102,7.556022536511019,-0.8760000000000012,6.193850040435791,0.28915510705703096,90,,,,,,,,,
chesca_mesh,169,2,6,6,7.519866729977318,6.643866729977318,-0.8760000000000003,6.237300872802734,0.5258609776701662,90,,,,,,,,,
chesca_mesh,170,3,6,6,6.162907901035309,7.0389079010353095,0.8760000000000003,6.237300872802734,-0.3174780418046962,90,,,,,,,,,
chesca_mesh,171,4,6,6,5.61995417617637,6.4959541761763715,0.8760000000000012,6.237300872802734,-0.13181033703973988,90,,,,,,,,,
chesca_mesh,172,5,6,6,5.526661410643816,6.262201481654404,0.7355400710105879,6.270690441131592,-0.13174869121626964,90,,,,,,,,,
chesca_mesh,173,6,6,6,5.667894452835255,6.337937034537655,0.6700425817023996,6.237300872802734,-0.149557533381608,90,,,,,,,,,
chesca_mesh,174,7,6,6,4.036169313713635,4.585607219804768,0.549437906091133,6.2061896324157715,-0.16016782147888664,90,,,,,,,,,
chesca_mesh,175,8,6,6,4.045314192790936,4.476569677355126,0.43125548456418983,6.2061896324157715,-0.20930141834216331,90,,,,,,,,,
chesca_mesh,176,9,6,6,3.960616545391765,4.408231314384413,0.4476147689926484,6.188887596130371,-0.17397949681888175,90,,,,,,,,,
chesca_mesh,177,10,6,0,3.6898935231385117,3.6898935231385117,0.0,6.188887596130371,-0.06614901560334348,90,,,,,,,,,
chesca_mesh,178,11,6,6,1.5186918825265971,1.8918221981815746,0.37313031565497745,6.161353588104248,-0.1763668425861462,90,,,,,,,,,
chesca_mesh,179,12,6,0,1.7404164734379355,1.7404164734379355,0.0,6.161353588104248,-0.00539619567337947,90,,,,,,,,,
chesca_mesh,180,13,6,0,2.387754407798951,2.387754407798951,0.0,6.161353588104248,0.04749110280745435,90,,,,,,,,,
chesca_mesh,181,14,6,6,3.8759634936739706,2.9999634936739707,-0.8759999999999999,6.161353588104248,0.0850828864321705,90,,,,,,,,,
chesca_mesh,182,15,6,6,4.511448716768826,3.635448716768826,-0.8760000000000003,6.161353588104248,0.11758425114005547,90,,,,,,,,,
chesca_mesh,183,16,6,6,5.210474797453448,4.334474797453447,-0.8760000000000003,6.161353588104248,0.5419280556923013,90,,,,,,,,,
chesca_mesh,184,17,6,6,5.831256958738908,4.955256958738908,-0.8759999999999994,6.143932342529297,0.5339221348625248,90,,,,,,,,,
chesca_mesh,185,18,6,6,6.491271094541177,5.6152710945411775,-0.8759999999999994,6.136993408203125,0.42844197703289244,90,,,,,,,,,
chesca_mesh,186,19,6,6,7.4194685223596215,6.543468522359621,-0.8760000000000003,6.136993408203125,0.2842112248905394,90,,,,,,,,,
chesca_mesh,187,20,6,6,9.331859473822892,8.45585947382289,-0.8760000000000012,6.136993408203125,0.27581633183798276,90,,,,,,,,,
chesca_mesh,188,21,6,6,8.96895483097529,8.092954830975291,-0.8759999999999994,6.136993408203125,0.5097109925996286,90,,,,,,,,,
chesca_mesh,189,22,6,0,7.2843970131835665,7.2843970131835665,0.0,6.136993408203125,0.3072929748903005,90,,,,,,,,,
chesca_mesh,190,23,6,6,7.039294302968307,6.163294302968309,-0.8759999999999986,6.136993408203125,0.614632472443726,90,,,,,,,,,
chesca_mesh,191,24,6,6,8.557455633035111,7.681455633035111,-0.8760000000000003,6.126104831695557,0.5303730410736262,90,,,,,,,,,
chesca_mesh,192,1,6,6,8.529875369292032,7.653875369292033,-0.8759999999999994,6.126104831695557,0.3155136690689813,90,,,,,,,,,
chesca_mesh,193,2,6,6,7.366660295881887,6.490660295881888,-0.8759999999999994,6.126104831695557,0.5201366230258111,90,,,,,,,,,
chesca_mesh,194,3,6,6,5.041515794694731,5.917515794694731,0.8760000000000003,6.136993408203125,-0.6821060694749703,90,,,,,,,,,
chesca_mesh,195,4,6,6,5.265259315123701,6.1412593151237,0.8759999999999994,6.136993408203125,-0.11974821214404648,90,,,,,,,,,
chesca_mesh,196,5,6,6,4.844028661878804,5.56787442623403,0.7238457643552261,6.136993408203125,-0.15841203224827977,90,,,,,,,,,
chesca_mesh,197,6,6,2,4.9823557531659395,5.30235575316594,0.3200000000000003,6.136993408203125,-0.07805843835139606,90,,,,,,,,,
chesca_mesh,198,7,6,6,4.374702660078242,4.731400617766379,0.3566979576881373,6.136993408203125,-0.120626853400102,90,,,,,,,,,
chesca_mesh,199,8,6,6,3.249762953758135,3.5702958106535747,0.32053285689543953,6.136993408203125,-0.11142906625985524,90,,,,,,,,,
chesca_mesh,200,9,6,6,5.3130159733310816,4.437015973331081,-0.8760000000000003,6.136993408203125,0.13613257706687718,90,,,,,,,,,
chesca_mesh,201,10,6,6,3.6489939026716818,4.280646101591529,0.6316521989198471,6.136993408203125,-0.0870534939411555,90,,,,,,,,,
chesca_mesh,202,11,6,0,3.5891768184279034,3.5891768184279034,0.0,6.136993408203125,0.016806119254110338,90,,,,,,,,,
chesca_mesh,203,12,6,6,3.1171836791340737,2.2411836791340747,-0.875999999999999,6.136993408203125,0.1323800617184248,90,,,,,,,,,
chesca_mesh,204,13,6,6,5.267845359492281,4.39184535949228,-0.8760000000000003,6.136993408203125,0.2911823988322152,90,,,,,,,,,
chesca_mesh,205,14,6,6,5.45133523574262,6.249434286068913,0.798099050326293,6.136993408203125,-0.233311370905105,90,,,,,,,,,
chesca_mesh,206,15,6,6,6.303295854026801,5.4272958540268,-0.8760000000000003,6.136993408203125,0.17457400882772747,90,,,,,,,,,
chesca_mesh,207,16,6,6,7.475187242069699,6.5991872420697,-0.8759999999999994,6.136993408203125,0.7652255363743561,90,,,,,,,,,
chesca_mesh,208,17,6,6,9.865603701239426,8.989603701239426,-0.8759999999999994,6.136993408203125,1.5530370151584132,90,,,,,,,,,
chesca_mesh,209,18,6,6,9.60312214176771,8.727122141767708,-0.8760000000000012,6.159151554107666,0.787467325580487,90,,,,,,,,,
chesca_mesh,210,19,6,6,12.465934641064095,11.589934641064096,-0.8759999999999994,6.188887596130371,1.8106256895931898,90,,,,,,,,,
chesca_mesh,211,20,6,6,11.702483194848,10.826483194848,-0.8759999999999994,6.188887596130371,1.279155464668483,90,,,,,,,,,
chesca_mesh,212,21,6,6,10.11064270963206,9.234642709632059,-0.8760000000000012,6.188887596130371,0.8332998995876327,90,,,,,,,,,
chesca_mesh,213,22,6,0,7.539140086622794,7.539140086622794,0.0,6.2061896324157715,0.2687446033527867,90,,,,,,,,,
chesca_mesh,214,23,6,6,9.469849698609417,8.59384969860942,-0.8759999999999977,6.22609806060791,0.7439260438973844,90,,,,,,,,,
chesca_mesh,215,24,6,6,8.587991006167107,7.711991006167106,-0.8760000000000003,6.261524677276611,0.36249581634409495,90,,,,,,,,,
chesca_mesh,216,1,6,6,8.230817606760672,7.354817606760671,-0.8760000000000012,6.293524265289307,0.2123265465079346,90,,,,,,,,,
chesca_mesh,217,2,6,6,7.802660982058114,6.926660982058114,-0.8760000000000003,6.293524265289307,0.40550223358760895,90,,,,,,,,,
chesca_mesh,218,3,6,6,7.575588146068343,6.699588146068343,-0.8760000000000003,6.341617584228516,0.3619235533315513,90,,,,,,,,,
chesca_mesh,219,4,6,6,7.0117893939669305,6.135789393966931,-0.8759999999999994,6.389096736907959,0.4647646117337937,90,,,,,,,,,
chesca_mesh,220,5,6,6,5.298039074849641,6.17403907484964,0.8759999999999986,6.427236557006836,-0.12181144653383108,90,,,,,,,,,
chesca_mesh,221,6,6,3,5.528145939679717,6.008145939679718,0.4800000000000013,6.427236557006836,-0.07619812424316334,90,,,,,,,,,
chesca_mesh,222,7,6,0,4.223834136558285,4.223834136558285,0.0,6.427236557006836,-0.030068634176001342,90,,,,,,,,,
chesca_mesh,223,8,6,0,4.692377645089729,4.692377645089729,0.0,6.427236557006836,-0.02463189916898916,90,,,,,,,,,
chesca_mesh,224,9,6,6,3.5028548663860075,4.17129992721194,0.6684450608259329,6.456424713134766,-0.46512028012757006,90,,,,,,,,,
chesca_mesh,225,10,6,0,2.933151309456393,2.9331513094563935,4.440892098500626e-16,6.456424713134766,0.05920298619728401,90,,,,,,,,,
chesca_mesh,226,11,6,6,2.80318008061663,1.9271800806166304,-0.8759999999999997,6.427236557006836,0.12452754079218754,90,,,,,,,,,
chesca_mesh,227,12,6,6,3.7002314320956304,2.8242314320956305,-0.8759999999999999,6.427236557006836,0.2651023869680161,90,,,,,,,,,
chesca_mesh,228,13,6,5,5.172742171851347,4.428742171851347,-0.7439999999999998,6.389096736907959,0.4290004050936481,90,,,,,,,,,
chesca_mesh,229,14,6,6,5.7793461839081095,6.484730425203652,0.7053842412955422,6.389096736907959,-0.14788166751068485,90,,,,,,,,,
chesca_mesh,230,15,6,4,5.241009241696712,5.825009241696712,0.5840000000000005,6.341617584228516,-0.08947917781764132,90,,,,,,,,,
chesca_mesh,231,16,6,6,5.690399851113924,4.814399851113925,-0.8759999999999994,6.293524265289307,0.3411025978203596,90,,,,,,,,,
chesca_mesh,232,17,6,6,8.58867026185628,7.712670261856278,-0.8760000000000012,6.341617584228516,0.48776162860162897,90,,,,,,,,,
chesca_mesh,233,18,6,6,8.630115381632347,7.754115381632347,-0.8760000000000003,6.389096736907959,0.800645251045667,90,,,,,,,,,
chesca_mesh,234,19,6,6,10.535526622981523,9.659526622981522,-0.8760000000000012,6.427236557006836,1.0682115703978043,90,,,,,,,,,
chesca_mesh,235,20,6,6,10.10661264448157,9.230612644481573,-0.8759999999999977,6.456424713134766,0.6250996075620052,90,,,,,,,,,
chesca_mesh,236,21,6,6,10.171896797291048,9.295896797291048,-0.8759999999999994,6.491438388824463,0.8085969965611192,90,,,,,,,,,
chesca_mesh,237,22,6,6,9.603490599205177,8.727490599205176,-0.8760000000000012,6.491438388824463,0.5740750136787433,90,,,,,,,,,
chesca_mesh,238,23,6,6,10.398689747361857,9.52268974736186,-0.8759999999999977,6.491438388824463,0.734928174149998,90,,,,,,,,,
chesca_mesh,239,24,6,6,11.616509461223512,10.740509461223512,-0.8759999999999994,6.514715194702148,1.1079767866710426,90,,,,,,,,,
chesca_mesh,240,1,6,6,9.218451826230925,8.342451826230926,-0.8759999999999994,6.5286030769348145,0.38590362792071126,90,,,,,,,,,
chesca_mesh,241,2,6,6,9.189011260482372,8.313011260482371,-0.8760000000000012,6.544561386108398,0.3844786352135907,90,,,,,,,,,
chesca_mesh,242,3,6,6,8.25834456824198,7.382344568241981,-0.8759999999999994,6.5772480964660645,0.34468706799048354,90,,,,,,,,,
chesca_mesh,243,4,6,6,6.679785123289865,7.5557851232898665,0.8760000000000012,6.605974197387695,-0.3168152645852577,90,,,,,,,,,
chesca_mesh,244,5,6,6,5.451480372192174,6.3274803721921735,0.8759999999999994,6.605974197387695,-0.28051389715326636,90,,,,,,,,,
chesca_mesh,245,6,6,6,5.476498471252372,6.067591168157752,0.5910926969053802,6.605974197387695,-0.18747504886995148,90,,,,,,,,,
chesca_mesh,246,7,6,6,4.421735345721617,4.971771455473755,0.5500361097521385,6.605974197387695,-0.16009577303162273,90,,,,,,,,,
chesca_mesh,247,8,6,6,4.111696982543975,4.678416860763827,0.5667198782198515,6.605974197387695,-0.17711703247735394,90,,,,,,,,,
chesca_mesh,248,9,6,6,4.3825984460179495,4.743703474570538,0.36110502855258897,6.605974197387695,-0.10878958851803787,90,,,,,,,,,
chesca_mesh,249,10,6,6,2.2805502228863226,2.7195165681273705,0.43896634524104794,6.681683540344238,-0.5993535192741359,90,,,,,,,,,
chesca_mesh,250,11,6,6,0.1392182215336627,0.48718554514251833,0.3479673236088556,6.681683540344238,-0.2103820001199797,90,,,,,,,,,
chesca_mesh,251,12,6,0,-0.23856936686432428,-0.23856936686432428,0.0,6.681683540344238,0.00816493147210038,90,,,,,,,,,
chesca_mesh,252,13,6,6,2.7923395307462937,1.959624758283449,-0.8327147724628448,6.681683540344238,0.14777709094176367,90,,,,,,,,,
chesca_mesh,253,14,6,6,3.5887420685515554,2.7127420685515555,-0.8759999999999999,6.681683540344238,0.3301503348056156,90,,,,,,,,,
chesca_mesh,254,15,6,6,4.832997008146368,5.472511144833607,0.6395141366872394,6.681683540344238,-0.0984966112723068,90,,,,,,,,,
chesca_mesh,255,16,6,4,9.25335358708487,8.64135358708487,-0.6120000000000001,6.681683540344238,1.3389626460842585,90,,,,,,,,,
chesca_mesh,256,17,6,0,7.546260916629686,7.546260916629687,8.881784197001252e-16,6.748184680938721,0.007891084073980693,90,,,,,,,,,
chesca_mesh,257,18,6,6,8.81195600573066,7.93595600573066,-0.8760000000000003,6.748184680938721,0.8465005182490606,90,,,,,,,,,
chesca_mesh,258,19,6,6,12.753522562336792,11.877522562336793,-0.8759999999999994,6.801942348480225,1.850407061125374,90,,,,,,,,,
chesca_mesh,259,20,6,6,10.915784587860108,10.039784587860106,-0.8760000000000012,6.801942348480225,0.898596751548338,90,,,,,,,,,
chesca_mesh,260,21,6,6,10.668122355795461,9.792122355795462,-0.8759999999999994,6.801942348480225,0.8897477896901929,90,,,,,,,,,
chesca_mesh,261,22,6,6,8.6943226334962,9.570322633496199,0.8759999999999994,6.801942348480225,-0.29323391486705075,90,,,,,,,,,
chesca_mesh,262,23,6,6,8.970681119751768,8.094681119751769,-0.8759999999999994,6.801942348480225,0.2977561192800277,90,,,,,,,,,
chesca_mesh,263,24,6,6,9.94134874263949,9.065348742639491,-0.8759999999999994,6.896455764770508,0.6144501296744161,90,,,,,,,,,
chesca_mesh,264,1,6,6,10.142220599948791,9.266220599948792,-0.8759999999999994,6.947919845581055,0.5943182420730101,90,,,,,,,,,
chesca_mesh,265,2,6,6,8.53371489623142,7.657714896231419,-0.8760000000000003,7.045384883880615,0.30957888405218426,90,,,,,,,,,
chesca_mesh,266,3,6,0,7.457770527407349,7.457770527407349,0.0,7.1426262855529785,0.036963308235610955,90,,,,,,,,,
chesca_mesh,267,4,6,6,5.804780054174635,6.680780054174634,0.8759999999999994,7.173978805541992,-0.1540514370830673,90,,,,,,,,,
chesca_mesh,268,5,6,6,4.949773812713967,5.825773812713967,0.8760000000000003,7.173978805541992,-0.12899208415685437,90,,,,,,,,,
chesca_mesh,269,6,6,6,5.008451369208885,5.581287613934238,0.5728362447253534,7.173978805541992,-0.11294159212878288,90,,,,,,,,,
chesca_mesh,270,7,6,2,3.6351149325089067,3.927114932508907,0.29200000000000026,7.173978805541992,-0.08392126871719194,90,,,,,,,,,
chesca_mesh,271,8,6,6,3.8160061089312265,2.9400061089312266,-0.8759999999999999,7.173978805541992,0.13197619207915048,90,,,,,,,,,
chesca_mesh,272,9,6,6,2.702059698893109,1.8260596988931082,-0.8760000000000008,7.173978805541992,0.1305234819517863,90,,,,,,,,,
chesca_mesh,273,10,6,5,4.7652335130512355,4.021233513051235,-0.7440000000000007,7.173978805541992,0.24967610085704733,90,,,,,,,,,
chesca_mesh,274,11,6,6,3.125376839469552,2.249376839469552,-0.8759999999999999,7.173978805541992,0.12072317876576921,90,,,,,,,,,
chesca_mesh,275,12,6,6,3.6128892561211314,2.736889256121131,-0.8760000000000003,7.173978805541992,0.14280535215052415,90,,,,,,,,,
chesca_mesh,276,13,6,6,5.204641631780807,4.3286416317808065,-0.8760000000000003,7.173978805541992,0.38024703855009656,90,,,,,,,,,
chesca_mesh,277,14,6,6,4.5094117166228935,3.6334117166228928,-0.8760000000000008,7.173978805541992,0.31499956343245716,90,,,,,,,,,
chesca_mesh,278,15,6,6,4.865070040746988,3.9890700407469875,-0.8760000000000008,7.173978805541992,0.284898032414832,90,,,,,,,,,
chesca_mesh,279,16,6,6,8.06688669053223,7.190886690532231,-0.8759999999999994,7.173978805541992,0.24233867952931515,90,,,,,,,,,
chesca_mesh,280,17,6,6,8.20739224207955,7.33139224207955,-0.8759999999999994,7.173978805541992,0.2849006794562913,90,,,,,,,,,
chesca_mesh,281,18,6,6,10.852480825696908,9.976480825696907,-0.8760000000000012,7.1939897537231445,0.9688232438931639,90,,,,,,,,,
chesca_mesh,282,19,6,6,13.69263523105872,12.816635231058719,-0.8760000000000012,7.212924480438232,1.8974497113776683,90,,,,,,,,,
chesca_mesh,283,20,6,6,11.36172605653315,10.485726056533151,-0.8759999999999994,7.212924480438232,0.723927838079983,90,,,,,,,,,
chesca_mesh,284,21,6,6,11.726590037235395,10.850590037235396,-0.8759999999999994,7.212924480438232,0.8170474940736092,90,,,,,,,,,
chesca_mesh,285,22,6,6,11.633547258597947,10.757547258597947,-0.8759999999999994,7.232356071472168,0.5642384739372425,90,,,,,,,,,
chesca_mesh,286,23,6,0,10.485391226067435,10.485391226067433,-1.7763568394002505e-15,7.251291275024414,0.05969024507361417,90,,,,,,,,,
chesca_mesh,287,24,6,6,10.054772603689345,9.178772603689346,-0.8759999999999994,7.3134236335754395,0.44276962115070045,90,,,,,,,,,
chesca_mesh,288,1,6,6,9.333589219539439,8.457589219539438,-0.8760000000000012,7.3656229972839355,0.23812572328227355,90,,,,,,,,,
chesca_mesh,289,2,6,6,8.840201522821191,7.96420152282119,-0.8760000000000012,7.38019323348999,0.13895500344909928,90,,,,,,,,,
chesca_mesh,290,3,6,6,7.993206244002666,7.1172062440026655,-0.8760000000000003,7.3910746574401855,0.20718255800454766,90,,,,,,,,,
chesca_mesh,291,4,6,6,8.587205610183283,7.711205610183282,-0.8760000000000003,7.3910746574401855,0.22557639332042329,90,,,,,,,,,
chesca_mesh,292,5,6,0,5.120571158680116,5.120571158680115,-8.881784197001252e-16,7.428086757659912,-0.07784443201090191,90,,,,,,,,,
chesca_mesh,293,6,6,6,5.750012237712234,4.874012237712234,-0.8759999999999994,7.428086757659912,0.12271049296621113,90,,,,,,,,,
chesca_mesh,294,7,6,6,5.193749978131572,4.317749978131571,-0.8760000000000003,7.3910746574401855,0.23990972958394322,90,,,,,,,,,
chesca_mesh,295,8,6,6,4.4956840322107725,3.6196840322107726,-0.8759999999999999,7.3910746574401855,0.14947779067934172,90,,,,,,,,,
chesca_mesh,296,9,6,6,3.3843794735299997,2.5083794735299993,-0.8760000000000003,7.3910746574401855,0.1719971467979001,90,,,,,,,,,
chesca_mesh,297,10,6,6,2.275056476064295,1.3990564760642945,-0.8760000000000003,7.3910746574401855,0.22924139451312775,90,,,,,,,,,
chesca_mesh,298,11,6,6,3.364832050261033,2.4888320502610326,-0.8760000000000003,7.3910746574401855,0.21627546482289078,90,,,,,,,,,
chesca_mesh,299,12,6,6,5.545561866361455,4.669561866361455,-0.8759999999999994,7.3910746574401855,0.43385322070300125,90,,,,,,,,,
chesca_mesh,300,13,6,6,5.728422730211685,4.852422730211685,-0.8760000000000003,7.3910746574401855,0.1350668304806639,90,,,,,,,,,
chesca_mesh,301,14,6,6,5.888831436500774,5.0128314365007745,-0.8759999999999994,7.3910746574401855,0.3311818700632001,90,,,,,,,,,
chesca_mesh,302,15,6,6,8.09694933363519,7.22094933363519,-0.8759999999999994,7.38019323348999,0.30984743647773194,90,,,,,,,,,
chesca_mesh,303,16,6,6,8.884423912868954,8.008423912868952,-0.8760000000000012,7.38019323348999,0.4014310841349079,90,,,,,,,,,
chesca_mesh,304,17,6,6,11.930971690730873,11.054971690730873,-0.8759999999999994,7.38019323348999,1.4541871760662133,90,,,,,,,,,
chesca_mesh,305,18,6,6,10.180470714997183,9.304470714997183,-0.8759999999999994,7.3910746574401855,0.6402395742164707,90,,,,,,,,,
chesca_mesh,306,19,6,6,13.383001014072937,12.507001014072937,-0.8759999999999994,7.428086757659912,1.7271511696222006,90,,,,,,,,,
chesca_mesh,307,20,6,6,13.938771699780828,13.062771699780829,-0.8759999999999994,7.512493133544922,1.3714361762453247,90,,,,,,,,,
chesca_mesh,308,21,6,6,10.018120063205197,9.142120063205198,-0.8759999999999994,7.512493133544922,0.35968386061500374,90,,,,,,,,,
chesca_mesh,309,22,6,3,8.886770651988158,8.406770651988158,-0.4800000000000004,7.560426235198975,0.5022792647563549,90,,,,,,,,,
chesca_mesh,310,23,6,6,9.42410579820298,8.54810579820298,-0.8759999999999994,7.588111400604248,0.3437863804095467,90,,,,,,,,,
chesca_mesh,311,24,6,6,9.61751058642628,8.74151058642628,-0.8759999999999994,7.6408514976501465,0.3618856578932391,90,,,,,,,,,
chesca_mesh,312,1,6,6,9.862130510036698,8.986130510036697,-0.8760000000000012,7.6408514976501465,0.4597131491181373,90,,,,,,,,,
chesca_mesh,313,2,6,6,9.378202043638145,8.502202043638144,-0.8760000000000012,7.678192615509033,0.24895272484108116,90,,,,,,,,,
chesca_mesh,314,3,6,0,7.163071309388502,7.163071309388502,0.0,7.698953628540039,-0.012938207792071943,90,,,,,,,,,
chesca_mesh,315,4,6,0,6.160457537361165,6.160457537361165,0.0,7.698953628540039,0.02599550834307439,90,,,,,,,,,
chesca_mesh,316,5,6,0,4.918205110460869,4.918205110460869,0.0,7.698953628540039,0.023170040007756548,90,,,,,,,,,
chesca_mesh,317,6,6,6,5.341553913248265,4.4655539132482645,-0.8760000000000003,7.698953628540039,0.0908174298875691,90,,,,,,,,,
chesca_mesh,318,7,6,6,5.203790108747185,4.327790108747187,-0.8759999999999986,7.698953628540039,0.1322826837411316,90,,,,,,,,,
chesca_mesh,319,8,6,6,5.1981375509511505,4.322137550951151,-0.8759999999999994,7.698953628540039,0.11543892474524112,90,,,,,,,,,
chesca_mesh,320,9,6,0,3.252610036844132,3.2526100368441324,4.440892098500626e-16,7.698953628540039,0.0004299818319357246,90,,,,,,,,,
chesca_mesh,321,10,6,6,4.180872666102096,3.304872666102096,-0.8759999999999999,7.698953628540039,0.17855671712038299,90,,,,,,,,,
chesca_mesh,322,11,6,6,4.014407902937158,3.138407902937158,-0.8760000000000003,7.698953628540039,0.16050932534472728,90,,,,,,,,,
chesca_mesh,323,12,6,6,4.950042231685002,4.074042231685001,-0.8760000000000003,7.678192615509033,0.1469976305427967,90,,,,,,,,,
chesca_mesh,324,13,6,0,4.969299260160873,4.969299260160873,0.0,7.678192615509033,0.06951480461232776,90,,,,,,,,,
chesca_mesh,325,14,6,0,4.651837313545046,4.651837313545046,0.0,7.678192615509033,0.06868896305875691,90,,,,,,,,,
chesca_mesh,326,15,6,6,5.470468413601742,4.594468413601741,-0.8760000000000003,7.678192615509033,0.324167749879421,90,,,,,,,,,
chesca_mesh,327,16,6,6,7.018181569018884,6.142181569018882,-0.8760000000000021,7.678192615509033,0.6149328769912277,90,,,,,,,,,
chesca_mesh,328,17,6,6,10.107388900349019,9.231388900349017,-0.8760000000000012,7.678192615509033,1.119436088257542,90,,,,,,,,,
chesca_mesh,329,18,6,6,15.80575599245989,14.929755992459892,-0.8759999999999977,7.678192615509033,2.7773238927954496,90,,,,,,,,,
chesca_mesh,330,19,6,6,13.761496422565436,12.885496422565435,-0.8760000000000012,7.678192615509033,0.7402360274860136,90,,,,,,,,,
chesca_mesh,331,20,6,6,11.863858161950413,10.987858161950413,-0.8759999999999994,7.678192615509033,0.8044974295394102,90,,,,,,,,,
chesca_mesh,332,21,6,6,11.846844710603126,10.970844710603126,-0.8759999999999994,7.698953628540039,0.9276094894905959,90,,,,,,,,,
chesca_mesh,333,22,6,6,11.454618517781732,10.578618517781731,-0.8760000000000012,7.698953628540039,0.9104507239214028,90,,,,,,,,,
chesca_mesh,334,23,6,6,11.438684455212696,10.562684455212695,-0.8760000000000012,7.754542350769043,0.9295600533155124,90,,,,,,,,,
chesca_mesh,335,24,6,6,10.325423262705534,9.449423262705535,-0.8759999999999994,7.754542350769043,0.4827270007989325,90,,,,,,,,,
chesca_mesh,336,1,6,6,11.207707732071565,10.331707732071566,-0.8759999999999994,7.82426118850708,0.809758162373743,90,,,,,,,,,
chesca_mesh,337,2,6,6,10.470442069912695,9.594442069912695,-0.8759999999999994,7.870350360870361,0.5208037336085841,90,,,,,,,,,
chesca_mesh,338,3,6,6,9.492398390996296,8.616398390996297,-0.8759999999999994,7.889988899230957,0.2687612887482636,90,,,,,,,,,
chesca_mesh,339,4,6,6,9.208304966505903,8.332304966505902,-0.8760000000000012,7.955063819885254,0.25027716778903003,90,,,,,,,,,
chesca_mesh,340,5,6,0,6.63222208941467,6.632222089414671,8.881784197001252e-16,7.955063819885254,0.05785234442763118,90,,,,,,,,,
chesca_mesh,341,6,6,0,6.610876746962771,6.61087674696277,-8.881784197001252e-16,8.015046119689941,0.017874125000621383,90,,,,,,,,,
chesca_mesh,342,7,6,6,6.079793902597232,5.203793902597232,-0.8760000000000003,8.015046119689941,0.1562113102304403,90,,,,,,,,,
chesca_mesh,343,8,6,0,5.201034156995518,5.201034156995518,0.0,8.015046119689941,0.014733451688552945,90,,,,,,,,,
chesca_mesh,344,9,6,6,4.319797371848397,5.165724492490626,0.8459271206422292,8.067370414733887,-0.28535679310971773,90,,,,,,,,,
chesca_mesh,345,10,6,5,2.9404134761049416,3.576413476104941,0.6359999999999992,8.067370414733887,-0.09331929475408733,90,,,,,,,,,
chesca_mesh,346,11,6,6,3.0882396454486143,2.2122396454486135,-0.8760000000000008,8.067370414733887,0.09596501107354813,90,,,,,,,,,
chesca_mesh,347,12,6,6,3.139521912115785,2.2635219121157846,-0.8760000000000003,8.067370414733887,0.08673181137850604,90,,,,,,,,,
chesca_mesh,348,13,6,6,4.6009716593197325,3.724971659319733,-0.8759999999999994,8.067370414733887,0.3329139059662581,90,,,,,,,,,
chesca_mesh,349,14,6,6,3.503680112402093,2.6276801124020945,-0.8759999999999986,8.067370414733887,0.17991640791452318,90,,,,,,,,,
chesca_mesh,350,15,6,6,5.005233564349514,4.129233564349514,-0.8760000000000003,8.067370414733887,0.26619887345979093,90,,,,,,,,,
chesca_mesh,351,16,6,6,7.197441884452115,6.321441884452115,-0.8759999999999994,8.067370414733887,0.6048080976041091,90,,,,,,,,,
chesca_mesh,352,17,6,6,9.602470379825515,8.726470379825516,-0.8759999999999994,8.067370414733887,0.8991973239948258,90,,,,,,,,,
chesca_mesh,353,18,6,6,10.527501822338674,9.651501822338673,-0.8760000000000012,8.176255226135254,0.8162907234314682,90,,,,,,,,,
chesca_mesh,354,19,6,6,14.145240427351498,13.269240427351496,-0.8760000000000012,8.235282897949219,1.6443311484925862,90,,,,,,,,,
chesca_mesh,355,20,6,6,13.844058467342807,12.968058467342805,-0.8760000000000012,8.235282897949219,1.2883063494086682,90,,,,,,,,,
chesca_mesh,356,21,6,6,11.992851441700019,11.116851441700017,-0.8760000000000012,8.235282897949219,0.7645343889517131,90,,,,,,,,,
chesca_mesh,357,22,6,6,8.603473110198976,9.479473110198976,0.8759999999999994,8.24807357788086,-0.14842502371538396,90,,,,,,,,,
chesca_mesh,358,23,6,6,10.43008981126859,9.55408981126859,-0.8760000000000012,8.281516075134277,0.4264623084440416,90,,,,,,,,,
chesca_mesh,359,24,6,6,10.319555573411954,9.443555573411953,-0.8760000000000012,8.32185173034668,0.38295255943249973,90,,,,,,,,,
chesca_mesh,360,1,6,6,10.481760078250089,9.605760078250087,-0.8760000000000012,8.35460376739502,0.29056388115501974,90,,,,,,,,,
chesca_mesh,361,2,6,6,10.150750998167355,9.274750998167356,-0.8759999999999994,8.3718843460083,0.11213417114729364,90,,,,,,,,,
chesca_mesh,362,3,6,0,8.761856244764088,8.76185624476409,1.7763568394002505e-15,8.3718843460083,-0.025196159248656536,90,,,,,,,,,
chesca_mesh,363,4,6,6,6.51550871818227,7.391508718182269,0.8759999999999994,8.385164260864258,-0.20359261591775707,90,,,,,,,,,
chesca_mesh,364,5,6,6,5.439629665705489,6.3156296657054884,0.8759999999999994,8.385164260864258,-0.14309706480327036,90,,,,,,,,,
chesca_mesh,365,6,6,0,5.5884885988882775,5.588488598888278,8.881784197001252e-16,8.385164260864258,-0.05244974736135596,90,,,,,,,,,
chesca_mesh,366,7,6,0,4.0742207621285225,4.0742207621285225,0.0,8.385164260864258,-0.018963638058698426,90,,,,,,,,,
chesca_mesh,367,8,6,6,4.5121027870682395,3.636102787068239,-0.8760000000000003,8.385164260864258,0.09856245487041737,90,,,,,,,,,
chesca_mesh,368,9,6,6,3.663102811202119,2.787102811202119,-0.8760000000000003,8.385164260864258,0.0872047317453043,90,,,,,,,,,
chesca_mesh,384,1,6,6,28.041409403604042,27.165409518044964,-0.8759998855590787,8.235282897949219,6.225037172705703,90,,,,,,,,,
chesca_mesh,385,2,6,0,12.87290361334589,12.87290361334589,0.0,8.24807357788086,-0.044020872021772996,90,,,,,,,,,
chesca_mesh,386,3,6,6,8.362922555701786,9.238922555701787,0.8760000000000012,8.281516075134277,-0.11617115797726851,90,,,,,,,,,
chesca_mesh,387,4,6,6,7.067995550594428,7.943995550594428,0.8760000000000003,8.32185173034668,-0.21027822235891547,90,,,,,,,,,
chesca_mesh,388,5,6,6,6.132832688245163,7.008832688245163,0.8760000000000003,8.35460376739502,-0.17606399289791194,90,,,,,,,,,
chesca_mesh,389,6,6,6,5.4055074027916366,6.127876591540659,0.7223691887490222,8.361703872680664,-0.19497094374427262,90,,,,,,,,,
chesca_mesh,390,7,6,5,3.3956591195941352,3.7543081806578376,0.3586490610637023,8.361703872680664,-0.11271826669771683,90,,,,,,,,,
chesca_mesh,391,8,6,0,3.078203239079064,3.0782032390790635,-4.440892098500626e-16,8.361703872680664,-0.0588140393356393,90,,,,,,,,,
chesca_mesh,392,9,6,0,1.7898064988397873,1.7898064988397873,0.0,8.34807014465332,-0.07434483055212718,90,,,,,,,,,
chesca_mesh,393,10,6,0,1.0914201543790467,1.0914201543790467,0.0,8.34807014465332,-0.06422117593336137,90,,,,,,,,,
chesca_mesh,394,11,6,0,3.2663013578529156,3.2663013578529156,0.0,8.34807014465332,0.031444381483146204,90,,,,,,,,,
chesca_mesh,395,12,6,0,5.4035360824672045,5.4035360824672045,0.0,8.34807014465332,-0.0828207146803682,90,,,,,,,,,
chesca_mesh,396,13,6,6,5.182331679369202,5.869854747754382,0.6875230683851798,8.34807014465332,-0.1275794911052753,90,,,,,,,,,
chesca_mesh,397,14,6,0,4.7828386728652355,4.7828386728652355,0.0,8.34807014465332,-0.00981199320038871,90,,,,,,,,,
chesca_mesh,398,15,6,6,6.257455448239964,5.381455448239964,-0.8759999999999994,8.34807014465332,0.12901791371447693,90,,,,,,,,,
chesca_mesh,399,16,6,6,8.946361199299721,8.07036119929972,-0.8760000000000012,8.34807014465332,0.543411330505141,90,,,,,,,,,
chesca_mesh,400,17,6,6,12.727898180054085,11.851898180054086,-0.8759999999999994,8.32185173034668,1.4097491992835072,90,,,,,,,,,
chesca_mesh,401,18,6,6,13.537156251481584,12.661156251481582,-0.8760000000000012,8.34807014465332,1.3797119642669184,90,,,,,,,,,
chesca_mesh,402,19,6,6,16.303219473011445,15.427219473011448,-0.8759999999999977,8.361703872680664,1.625146861447869,90,,,,,,,,,
chesca_mesh,403,20,6,6,13.009504009706898,12.133504009706897,-0.8760000000000012,8.361703872680664,0.3325459631521795,90,,,,,,,,,
chesca_mesh,404,21,6,6,12.224398706593586,11.348398706593587,-0.8759999999999994,8.361703872680664,0.680036851736818,90,,,,,,,,,
chesca_mesh,405,22,6,0,10.774310737891831,10.774310737891831,0.0,8.361703872680664,0.4658194682138523,90,,,,,,,,,
chesca_mesh,406,23,6,6,9.90362361868577,9.02762361868577,-0.8760000000000012,8.361703872680664,0.10275802934365043,90,,,,,,,,,
chesca_mesh,407,24,6,6,9.818076918711393,8.942076918711395,-0.8759999999999977,8.361703872680664,0.104547029005602,90,,,,,,,,,
chesca_mesh,408,1,6,6,11.042620406846872,10.16662040684687,-0.8760000000000012,8.361703872680664,0.29630274956411035,90,,,,,,,,,
chesca_mesh,409,2,6,6,8.451601511887567,9.327601511887567,0.8759999999999994,8.3718843460083,-0.1999931041579998,90,,,,,,,,,
chesca_mesh,410,3,6,6,6.7028781506923885,7.578878150692388,0.8759999999999994,8.385164260864258,-0.23959786245190595,90,,,,,,,,,
chesca_mesh,411,4,6,6,6.155388714065847,7.031388714065844,0.8759999999999977,8.385164260864258,-0.16576971716713168,90,,,,,,,,,
chesca_mesh,412,5,6,6,5.424513489639665,6.033444027515174,0.6089305378755094,8.385164260864258,-0.21466443374732522,90,,,,,,,,,
chesca_mesh,413,6,6,6,5.440186478828151,5.894166467897505,0.4539799890693539,8.385164260864258,-0.19979063345288461,90,,,,,,,,,
chesca_mesh,414,7,6,4,4.757424242997663,5.130373192291319,0.3729489492936562,8.385164260864258,-0.1189745655073007,90,,,,,,,,,
chesca_mesh,415,8,6,0,3.909995449304554,3.9099954493045543,4.440892098500626e-16,8.385164260864258,-0.07743965973681019,90,,,,,,,,,
chesca_mesh,416,9,6,0,2.602894388452569,2.602894388452569,0.0,8.385164260864258,-0.044157805281079515,90,,,,,,,,,
chesca_mesh,417,10,6,0,2.8308463094538148,2.830846309453815,4.440892098500626e-16,8.385164260864258,0.007960809515720582,90,,,,,,,,,
chesca_mesh,418,11,6,0,3.537150218257068,3.537150218257068,0.0,8.385164260864258,-0.011525089811120909,90,,,,,,,,,
chesca_mesh,419,12,6,0,2.9882623540942954,2.9882623540942954,0.0,8.385164260864258,0.055174369531576575,90,,,,,,,,,
chesca_mesh,420,13,6,6,4.534583675437735,3.658583675437734,-0.8760000000000008,8.385164260864258,0.0961159833043258,90,,,,,,,,,
chesca_mesh,421,14,6,0,4.445970732969794,4.445970732969794,0.0,8.385164260864258,-0.0473447485457561,90,,,,,,,,,
chesca_mesh,422,15,6,6,5.138929739308673,4.262929739308674,-0.8759999999999994,8.385164260864258,0.14172089957990314,90,,,,,,,,,
chesca_mesh,423,16,6,6,7.909002193385321,7.03300219338532,-0.8760000000000012,8.385164260864258,0.6156395331834176,90,,,,,,,,,
chesca_mesh,424,17,6,6,9.099555036940382,8.22355503694038,-0.8760000000000012,8.3718843460083,0.579298253697927,90,,,,,,,,,
chesca_mesh,425,18,6,6,11.242285968223523,10.366285968223524,-0.8759999999999994,8.3718843460083,0.9588479750280615,90,,,,,,,,,
chesca_mesh,426,19,6,6,13.905193606770812,13.02919360677081,-0.8760000000000012,8.385164260864258,1.2161149082742466,90,,,,,,,,,
chesca_mesh,427,20,6,6,11.893609774331198,11.017609774331197,-0.8760000000000012,8.385164260864258,0.41647728999653694,90,,,,,,,,,
chesca_mesh,428,21,6,6,11.09114074669417,10.215140746694171,-0.8759999999999994,8.385164260864258,0.3323791201717709,90,,,,,,,,,
chesca_mesh,429,22,6,6,8.935773339165182,9.811773339165182,0.8759999999999994,8.385164260864258,-0.09868934988276017,90,,,,,,,,,
chesca_mesh,430,23,6,0,8.746482637934347,8.746482637934347,0.0,8.402392387390137,-0.017601983281513287,90,,,,,,,,,
chesca_mesh,431,24,6,6,8.646290626395357,9.522290626395357,0.8759999999999994,8.402392387390137,-0.21727575624668077,90,,,,,,,,,
chesca_mesh,432,1,6,6,8.28826325193712,9.16426325193712,0.8759999999999994,8.402392387390137,-0.2645329765658907,90,,,,,,,,,
chesca_mesh,433,2,6,6,6.354599531076398,7.230599531076399,0.8760000000000003,8.402392387390137,-0.36571357212794064,90,,,,,,,,,
chesca_mesh,434,3,6,6,4.922158901959544,5.798158901959544,0.8760000000000003,8.402392387390137,-0.34976911152120505,90,,,,,,,,,
chesca_mesh,435,4,6,6,4.99024146147643,5.695137400949543,0.7048959394731131,8.402392387390137,-0.2799944048627678,90,,,,,,,,,
chesca_mesh,436,5,6,6,4.119109635507207,4.518483977843072,0.39937434233586533,8.402392387390137,-0.3419097993675047,90,,,,,,,,,
chesca_mesh,437,6,6,6,5.284314958320542,5.627287662841903,0.34297270452136086,8.402392387390137,-0.28830488305496293,90,,,,,,,,,
chesca_mesh,438,7,6,6,3.796744207269478,4.136326219885812,0.33958201261633425,8.402392387390137,-0.2521966288449592,90,,,,,,,,,
chesca_mesh,439,8,6,6,3.7023777543215326,3.9598718245443747,0.2574940702228421,8.420153617858887,-0.6268501068292949,90,,,,,,,,,
chesca_mesh,440,9,6,6,0.005863977846236823,0.22764380308651944,0.2217798252402826,8.420153617858887,-0.3548268308703528,90,,,,,,,,,
chesca_mesh,441,10,6,6,1.468029040311949,1.8075410827983365,0.33951204248638756,8.420153617858887,-0.14205847278767744,90,,,,,,,,,
chesca_mesh,442,11,6,0,0.21046858793935608,0.21046858793935613,5.551115123125783e-17,8.420153617858887,-0.054167556909851144,90,,,,,,,,,
chesca_mesh,443,12,6,6,1.9482412908634414,1.0722412908634422,-0.8759999999999992,8.420153617858887,0.1282783331459757,90,,,,,,,,,
chesca_mesh,444,13,6,6,2.4380750300405554,1.562075030040555,-0.8760000000000003,8.420153617858887,0.11225980856853193,90,,,,,,,,,
chesca_mesh,445,14,6,6,3.243598402534922,2.3675984025349215,-0.8760000000000003,8.420153617858887,0.09590003534629438,90,,,,,,,,,
chesca_mesh,446,15,6,6,4.864794854828583,5.492230831169234,0.6274359763406512,8.420153617858887,-0.1061873005381006,90,,,,,,,,,
chesca_mesh,447,16,6,6,6.477178692107255,5.601178692107257,-0.8759999999999986,8.420153617858887,0.09828537197079143,90,,,,,,,,,
chesca_mesh,448,17,6,6,8.78423472408451,7.908234724084511,-0.8759999999999986,8.402392387390137,0.19736625531763882,90,,,,,,,,,
chesca_mesh,449,18,6,6,11.9833081702386,11.1073081702386,-0.8759999999999994,8.381209373474121,0.7268824221878761,90,,,,,,,,,
chesca_mesh,450,19,6,6,15.631813560987855,14.755813560987855,-0.8759999999999994,8.381209373474121,1.5100548301290304,90,,,,,,,,,
chesca_mesh,451,20,6,6,13.411340943893103,12.535340943893104,-0.8759999999999994,8.381209373474121,0.7446780668440641,90,,,,,,,,,
chesca_mesh,452,21,6,6,12.738366358259118,11.862366358259116,-0.8760000000000012,8.381209373474121,0.6633042843605895,90,,,,,,,,,
chesca_mesh,453,22,6,0,10.658670844928668,10.65867084492867,1.7763568394002505e-15,8.381209373474121,0.3669713184606481,90,,,,,,,,,
chesca_mesh,454,23,6,6,9.885217928216795,9.009217928216797,-0.8759999999999977,8.381209373474121,0.19517281027380468,90,,,,,,,,,
chesca_mesh,455,24,6,6,10.444669948764814,9.568669948764812,-0.8760000000000012,8.381209373474121,0.1070028253869417,90,,,,,,,,,
chesca_mesh,456,1,6,6,10.602527361757117,9.726527361757118,-0.8759999999999994,8.381209373474121,0.2752603667309711,90,,,,,,,,,
chesca_mesh,457,2,6,6,8.872334279483606,9.748334279483608,0.8760000000000012,8.402392387390137,-0.22691991687853774,90,,,,,,,,,
chesca_mesh,458,3,6,6,6.8579670337750045,7.733967033775003,0.8759999999999986,8.420153617858887,-0.41311563154297204,90,,,,,,,,,
chesca_mesh,459,4,6,6,6.299778887463396,7.1757788874633945,0.8759999999999986,8.420153617858887,-0.31856702376821305,90,,,,,,,,,
chesca_mesh,460,5,6,6,5.51985836141187,6.091650341655793,0.5717919802439226,8.420153617858887,-0.41593149527173495,90,,,,,,,,,
chesca_mesh,461,6,6,6,6.132503634804749,6.681120841613487,0.5486172068087383,8.420153617858887,-0.4145322071609111,90,,,,,,,,,
chesca_mesh,462,7,6,6,5.803212635637986,6.460965695325956,0.6577530596879697,8.420153617858887,-0.1368966479580127,90,,,,,,,,,
chesca_mesh,463,8,6,6,5.310836037777282,5.968018351460123,0.6571823136828412,8.420153617858887,-0.26276300175014095,90,,,,,,,,,
chesca_mesh,464,9,6,6,4.28114354023427,4.8779642175054425,0.5968206772711726,8.420153617858887,-0.2967204892506714,90,,,,,,,,,
chesca_mesh,465,10,6,4,4.108487018380658,4.427643899501669,0.31915688112101126,8.420153617858887,-0.11225103481054216,90,,,,,,,,,
chesca_mesh,466,11,6,6,1.8631295805163604,2.2149417717338595,0.3518121912174992,8.420153617858887,-0.15363628229844692,90,,,,,,,,,
chesca_mesh,467,12,6,2,3.9975981502178572,4.317598150217857,0.31999999999999984,8.420153617858887,-0.09007318628692042,90,,,,,,,,,
chesca_mesh,468,13,6,4,4.414073561024741,4.802778131188121,0.3887045701633802,8.420153617858887,-0.1082104714069826,90,,,,,,,,,
chesca_mesh,469,14,6,0,5.028641723902357,5.028641723902357,0.0,8.420153617858887,-0.04202872977380276,90,,,,,,,,,
chesca_mesh,470,15,6,0,5.485300654660644,5.4853006546606435,-8.881784197001252e-16,8.420153617858887,-0.05525822127523477,90,,,,,,,,,
chesca_mesh,471,16,6,0,6.5762170204348855,6.576217020434885,-8.881784197001252e-16,8.420153617858887,0.03937812185594821,90,,,,,,,,,
chesca_mesh,472,17,6,6,8.750203985048651,9.626203985048651,0.8759999999999994,8.460563659667969,-0.2569172793880029,90,,,,,,,,,
chesca_mesh,473,18,6,6,11.209856674290773,10.445344828940506,-0.7645118453502668,8.460563659667969,0.34829070281641183,90,,,,,,,,,
chesca_mesh,474,19,6,6,12.29316435689918,11.417164356899178,-0.8760000000000012,8.460563659667969,0.6414719412088058,90,,,,,,,,,
chesca_mesh,475,20,6,6,11.58909494135854,10.71309494135854,-0.8760000000000012,8.460563659667969,0.38118806439306163,90,,,,,,,,,
chesca_mesh,476,21,6,6,11.285892789633369,10.409892789633368,-0.8760000000000012,8.460563659667969,0.28875207614400844,90,,,,,,,,,
chesca_mesh,477,22,6,0,9.670072015439471,9.670072015439473,1.7763568394002505e-15,8.487076759338379,-0.03267455225824262,90,,,,,,,,,
chesca_mesh,478,23,6,6,10.243958032471689,9.36795803247169,-0.8759999999999994,8.555880546569824,0.20839032176181496,90,,,,,,,,,
chesca_mesh,479,24,6,6,10.543881152262419,9.66788115226242,-0.8759999999999977,8.689923286437988,0.2647824622729955,90,,,,,,,,,
chesca_mesh,480,1,6,6,11.288969288071751,10.41296928807175,-0.8760000000000012,8.761944770812988,0.27234266302193477,90,,,,,,,,,
chesca_mesh,481,2,6,0,10.031658583433051,10.031658583433051,0.0,8.761944770812988,-0.07371410163858771,90,,,,,,,,,
chesca_mesh,482,3,6,6,8.95829590359589,9.834295903595889,0.8759999999999994,8.798083305358887,-0.18509047761962072,90,,,,,,,,,
chesca_mesh,483,4,6,6,6.9794254776926925,7.855425477692691,0.8759999999999986,8.831658363342285,-0.36672560887012834,90,,,,,,,,,
chesca_mesh,484,5,6,6,6.8740395360846005,7.750039536084602,0.8760000000000012,8.831658363342285,-0.21759959065826764,90,,,,,,,,,
chesca_mesh,485,6,6,6,5.730742891702012,6.413670625556827,0.6829277338548154,8.831658363342285,-0.162327327109814,90,,,,,,,,,
chesca_mesh,486,7,6,6,5.420467001980417,5.878748027087161,0.45828102510674373,8.831658363342285,-0.13624926224483014,90,,,,,,,,,
chesca_mesh,487,8,6,5,5.1780455141923705,5.682352781554792,0.5043072673624218,8.831658363342285,-0.11883432166210256,90,,,,,,,,,
chesca_mesh,488,9,6,6,2.9169320509662042,3.1926574483404235,0.2757253973742193,8.831658363342285,-0.39984292466176063,90,,,,,,,,,
chesca_mesh,489,10,6,6,1.5900206268224508,1.9099923899756928,0.31997176315324194,8.831658363342285,-0.22652346118278816,90,,,,,,,,,
chesca_mesh,490,11,6,4,1.783253299807268,2.035497722199679,0.25224442239241096,8.831658363342285,-0.12080510436616584,90,,,,,,,,,
chesca_mesh,491,12,6,6,2.1580741871060756,2.3954802431244335,0.23740605601835796,8.831658363342285,-0.1359825625111051,90,,,,,,,,,
chesca_mesh,492,13,6,0,3.3713400438565566,3.371340043856556,-4.440892098500626e-16,8.831658363342285,0.04663432412082724,90,,,,,,,,,
chesca_mesh,493,14,6,0,3.3355951762397593,3.3355951762397593,0.0,8.831658363342285,-0.025357120028502628,90,,,,,,,,,
chesca_mesh,494,15,6,0,5.5146832938491,5.5146832938491,0.0,8.831658363342285,0.03931865138120818,90,,,,,,,,,
chesca_mesh,495,16,6,6,7.617373097439451,6.791222477013001,-0.8261506204264499,8.831658363342285,0.3655459371652873,90,,,,,,,,,
chesca_mesh,496,17,6,6,9.072967763473924,8.196967763473925,-0.8759999999999994,8.831658363342285,0.32157766717408615,90,,,,,,,,,
chesca_mesh,497,18,6,6,11.578499541508808,10.702499541508809,-0.8759999999999994,8.798083305358887,0.9020542330920228,90,,,,,,,,,
chesca_mesh,498,19,6,6,14.145807548050884,13.269807548050887,-0.8759999999999977,8.798083305358887,1.1031237299480037,90,,,,,,,,,
chesca_mesh,499,20,6,6,11.702246755897338,10.826246755897339,-0.8759999999999994,8.798083305358887,0.20208965397485013,90,,,,,,,,,
chesca_mesh,500,21,6,6,11.740054066596478,10.86405406659648,-0.8759999999999977,8.798083305358887,0.39845760171961114,90,,,,,,,,,
chesca_mesh,501,22,6,0,9.557224707759222,9.557224707759222,0.0,8.798083305358887,0.017829688896242396,90,,,,,,,,,
chesca_mesh,502,23,6,6,9.670985288124513,8.794985288124513,-0.8759999999999994,8.76639461517334,0.21343579373903662,90,,,,,,,,,
chesca_mesh,503,24,6,6,10.188680801977842,9.312680801977844,-0.8759999999999977,8.759018898010254,0.1600947984682082,90,,,,,,,,,
chesca_mesh,504,1,6,6,10.416669403194856,9.540669403194855,-0.8760000000000012,8.759018898010254,0.17684344209314284,90,,,,,,,,,
chesca_mesh,505,2,6,6,9.432755234148912,8.556755234148913,-0.8759999999999994,8.759018898010254,0.15107823929801437,90,,,,,,,,,
chesca_mesh,506,3,6,0,7.3147690289169205,7.3147690289169205,0.0,8.633682250976562,-0.04981600110688838,90,,,,,,,,,
chesca_mesh,507,4,6,0,6.10861636208541,6.10861636208541,0.0,8.633682250976562,-0.05292995432848517,90,,,,,,,,,
chesca_mesh,508,5,6,0,5.016218755888383,5.016218755888384,8.881784197001252e-16,8.633682250976562,-0.04194432929430393,90,,,,,,,,,
chesca_mesh,509,6,6,6,5.600366160581316,4.724366160581317,-0.8759999999999994,8.633682250976562,0.14413040228209323,90,,,,,,,,,
chesca_mesh,510,7,6,6,4.39890213101133,5.125993951200697,0.7270918201893668,8.759018898010254,-0.3859579148260319,90,,,,,,,,,
chesca_mesh,511,8,6,0,4.134981799834575,4.134981799834575,0.0,8.759018898010254,0.030975180026418747,90,,,,,,,,,
chesca_mesh,512,9,6,4,3.410681033522409,3.708553505071703,0.29787247154929375,8.633682250976562,-0.1018682740492178,90,,,,,,,,,
chesca_mesh,513,10,6,5,3.2572843190933085,3.479606650174802,0.22232233108149346,8.633682250976562,-0.11834313542529927,90,,,,,,,,,
chesca_mesh,514,11,6,6,2.2557451242861104,2.5761697616734187,0.3204246373873083,8.633682250976562,-0.1794459775072949,90,,,,,,,,,
chesca_mesh,515,12,6,6,2.0744108630507174,2.304936902734865,0.23052603968414775,8.633682250976562,-0.2226549355993011,90,,,,,,,,,
chesca_mesh,516,13,6,0,2.238576819154753,2.238576819154753,0.0,8.633682250976562,0.030318609708933627,90,,,,,,,,,
chesca_mesh,517,14,6,0,2.807653836636003,2.8076538366360033,4.440892098500626e-16,8.633682250976562,0.05223879887531204,90,,,,,,,,,
chesca_mesh,518,15,6,0,1.5299498029616858,1.5299498029616858,0.0,8.633682250976562,0.07072238137342127,90,,,,,,,,,
chesca_mesh,519,16,6,6,4.572659023088346,3.6966590230883467,-0.8759999999999994,8.633682250976562,0.5120100002160908,90,,,,,,,,,
chesca_mesh,520,17,6,6,5.879773499370478,5.003773499370478,-0.8760000000000003,8.633682250976562,0.504360495773206,90,,,,,,,,,
chesca_mesh,521,18,6,6,7.333064948912758,6.457064948912759,-0.8759999999999994,8.487076759338379,0.5749672320058026,90,,,,,,,,,
chesca_mesh,522,19,6,6,8.964192022701063,8.088192022701062,-0.8760000000000012,8.46941089630127,0.18795415568550355,90,,,,,,,,,
chesca_mesh,523,20,6,6,8.671267142884393,7.795267142884392,-0.8760000000000003,8.439071655273438,0.13328703023242916,90,,,,,,,,,
chesca_mesh,524,21,6,6,9.008818207447465,8.132818207447466,-0.8759999999999994,8.395828247070312,0.28880682443711037,90,,,,,,,,,
chesca_mesh,525,22,6,0,7.348728377475285,7.348728377475285,0.0,8.355731964111328,0.04458180208590567,90,,,,,,,,,
chesca_mesh,526,23,6,6,8.489761238816325,7.613761238816325,-0.8759999999999994,8.34807014465332,0.16893014203654003,90,,,,,,,,,
chesca_mesh,527,24,6,6,8.486966077800757,7.6109660778007555,-0.8760000000000012,8.329349517822266,0.102706313266959,90,,,,,,,,,
chesca_mesh,528,1,6,6,8.940923142231908,8.064923142231907,-0.8760000000000012,8.28499984741211,0.17726967481628247,90,,,,,,,,,
chesca_mesh,529,2,6,6,7.447481877281994,8.323481877281994,0.8759999999999994,8.221001625061035,-0.1356960438579432,90,,,,,,,,,
chesca_mesh,530,3,6,6,5.62950914694492,6.505509146944919,0.8759999999999994,8.147590637207031,-0.24975853426022376,90,,,,,,,,,
chesca_mesh,531,4,6,6,5.200275223770212,6.007184359489576,0.8069091357193647,8.096940994262695,-0.163790046062591,90,,,,,,,,,
chesca_mesh,532,5,6,6,4.890034785637059,5.2614599966718885,0.37142521103482906,8.096940994262695,-0.18648365449008855,90,,,,,,,,,
chesca_mesh,533,6,6,6,4.5685204965669195,4.797193459759971,0.22867296319305108,8.096940994262695,-0.1300985739969732,90,,,,,,,,,
chesca_mesh,534,7,6,6,3.8545218068319818,4.074560888978745,0.22003908214676304,8.096940994262695,-0.1215311633814219,90,,,,,,,,,
chesca_mesh,535,8,6,6,3.582040322868094,3.801556329069448,0.2195160062013537,8.096940994262695,-0.17148290085746126,90,,,,,,,,,
chesca_mesh,536,9,6,6,3.2030780046108713,3.4225622674119167,0.21948426280104538,8.096940994262695,-0.21250110244475345,90,,,,,,,,,
chesca_mesh,537,10,6,6,2.3311115122116055,2.670525429227322,0.33941391701571666,8.147590637207031,-0.811667229897911,90,,,,,,,,,
chesca_mesh,538,11,6,6,2.877749596091909,3.217163448084376,0.3394138519924672,8.158211708068848,-0.5043319247167058,90,,,,,,,,,
chesca_mesh,539,12,6,0,3.631432366393274,3.631432366393274,0.0,8.158211708068848,0.022266552333575412,90,,,,,,,,,
chesca_mesh,540,13,6,0,5.390581049665316,5.390581049665316,0.0,8.158211708068848,0.07990149162606983,90,,,,,,,,,
chesca_mesh,541,14,6,6,5.874877141594129,4.9988771415941295,-0.8759999999999994,8.158211708068848,0.11490832704574543,90,,,,,,,,,
chesca_mesh,542,15,6,3,7.2361110465282685,7.716111046528269,0.4800000000000004,8.158211708068848,-0.08140045114047767,90,,,,,,,,,
chesca_mesh,543,16,6,0,8.173784663358477,8.173784663358477,0.0,8.221001625061035,0.000297907664098207,90,,,,,,,,,
chesca_mesh,544,17,6,6,10.80969853883816,9.933698538838161,-0.8759999999999994,8.221001625061035,0.9594354053554651,90,,,,,,,,,
chesca_mesh,545,18,6,6,11.357391570783236,10.481391570783234,-0.8760000000000012,8.28499984741211,0.8289286782687952,90,,,,,,,,,
chesca_mesh,546,19,6,6,14.722871907402311,13.846871907402312,-0.8759999999999994,8.329349517822266,1.6207991370667303,90,,,,,,,,,
chesca_mesh,547,20,6,6,12.797977376880239,11.921977376880237,-0.8760000000000012,8.355731964111328,0.7489415551562206,90,,,,,,,,,
chesca_mesh,548,21,6,6,12.849850350930703,11.973850350930704,-0.8759999999999994,8.395828247070312,0.8713280336139528,90,,,,,,,,,
chesca_mesh,549,22,6,3,10.712043413390832,10.23204341339083,-0.4800000000000022,8.439071655273438,0.4776692937882801,90,,,,,,,,,
chesca_mesh,550,23,6,6,10.276537480908674,9.400537480908673,-0.8760000000000012,8.469491004943848,0.1587133917895456,90,,,,,,,,,
chesca_mesh,551,24,6,6,9.871567936332921,10.747567936332922,0.8760000000000012,8.633682250976562,-0.24386496827477167,90,,,,,,,,,
chesca_mesh,552,1,6,6,11.045815117002105,10.169815117002106,-0.8759999999999994,8.759018898010254,0.16014755247625884,90,,,,,,,,,
chesca_mesh,553,2,6,6,9.237611203344057,8.361611203344058,-0.8759999999999994,8.633682250976562,0.3466087098003173,90,,,,,,,,,
chesca_mesh,554,3,6,6,7.399808060243281,8.27580806024328,0.8759999999999994,8.469491004943848,-0.11684653832865363,90,,,,,,,,,
chesca_mesh,555,4,6,6,7.279611097665797,8.155611097665798,0.8760000000000003,8.439071655273438,-0.1034722501782001,90,,,,,,,,,
chesca_mesh,556,5,6,6,6.007324663593553,6.801399839745869,0.7940751761523162,8.469491004943848,-1.0563066565664003,90,,,,,,,,,
chesca_mesh,557,6,6,6,5.780478300176642,6.538902561963363,0.758424261786721,8.469491004943848,-0.1311253975510131,90,,,,,,,,,
chesca_mesh,558,7,6,6,5.496622043952505,5.962099728231646,0.4654776842791408,8.469491004943848,-0.10681203864184022,90,,,,,,,,,
chesca_mesh,559,8,6,6,4.202187539390436,4.6536971959112945,0.4515096565208587,8.469491004943848,-0.14832091534591574,90,,,,,,,,,
chesca_mesh,560,9,6,6,1.8347245192270063,2.184328326483226,0.34960380725621976,8.469491004943848,-0.3308808833951713,90,,,,,,,,,
chesca_mesh,561,10,6,5,4.320250827123828,3.576250827123828,-0.7439999999999998,8.469491004943848,0.09985577792865909,90,,,,,,,,,
chesca_mesh,562,11,6,0,3.8993180907057488,3.8993180907057488,0.0,8.469491004943848,0.034128991409327625,90,,,,,,,,,
chesca_mesh,563,12,6,6,3.772073325511511,4.143409227252865,0.3713359017413538,8.469491004943848,-0.10797673784483046,90,,,,,,,,,
chesca_mesh,564,13,6,6,5.289891070284937,5.631195870938785,0.34130480065384816,8.633682250976562,-0.36545024808433396,90,,,,,,,,,
chesca_mesh,565,14,6,6,5.114216044421083,5.5252631768863605,0.4110471324652778,8.633682250976562,-0.17323792345889785,90,,,,,,,,,
chesca_mesh,566,15,6,0,4.8411034425933215,4.841103442593322,8.881784197001252e-16,8.633682250976562,-0.01696389610981868,90,,,,,,,,,
chesca_mesh,567,16,6,5,9.070979893463493,8.354979893463495,-0.7159999999999975,8.633682250976562,0.576358916771787,90,,,,,,,,,
chesca_mesh,568,17,6,6,11.928030106830938,11.052030106830937,-0.8760000000000012,8.759018898010254,0.379615871815418,90,,,,,,,,,
chesca_mesh,569,18,6,6,12.894680182420563,12.018680182420564,-0.8759999999999994,8.759018898010254,1.316919806592176,90,,,,,,,,,
chesca_mesh,570,19,6,6,15.295008997661926,14.419008997661926,-0.8759999999999994,8.759018898010254,1.6859722823375982,90,,,,,,,,,
chesca_mesh,571,20,6,6,13.742697551888655,12.866697551888656,-0.8759999999999994,8.759018898010254,0.9355771301172395,90,,,,,,,,,
chesca_mesh,572,21,6,6,13.549935172906196,12.673935172906196,-0.8759999999999994,8.759018898010254,1.0614167180672445,90,,,,,,,,,
chesca_mesh,573,22,6,0,10.560277455432256,10.560277455432256,0.0,8.759018898010254,0.42746200594924966,90,,,,,,,,,
chesca_mesh,574,23,6,6,8.819113352256531,9.69511335225653,0.8759999999999994,8.759018898010254,-0.29421374716353954,90,,,,,,,,,
chesca_mesh,575,24,6,6,10.362952957268195,9.486952957268196,-0.8759999999999994,8.795689582824707,0.15372967440144378,90,,,,,,,,,
chesca_mesh,576,1,6,6,10.899412863312872,10.023412863312872,-0.8759999999999994,8.795689582824707,0.3404270428582121,90,,,,,,,,,
chesca_mesh,577,2,6,6,9.911406499055074,9.035406499055075,-0.8759999999999994,8.795689582824707,0.26099336977739385,90,,,,,,,,,
chesca_mesh,578,3,6,6,8.115105028183974,8.991105028183975,0.8760000000000012,8.759018898010254,-0.11662888979426268,90,,,,,,,,,
chesca_mesh,579,4,6,6,7.057019476493011,7.93301947649301,0.8759999999999994,8.795689582824707,-0.16610233630316845,90,,,,,,,,,
chesca_mesh,580,5,6,6,6.458139946331131,7.181985710686357,0.7238457643552261,8.795689582824707,-0.10269365739279329,90,,,,,,,,,
chesca_mesh,581,6,6,6,5.95101923374868,6.414482029501594,0.46346279575291405,8.795689582824707,-0.15708090560391877,90,,,,,,,,,
chesca_mesh,582,7,6,6,5.526421797927567,5.966259186957138,0.43983738902957104,8.795689582824707,-0.12073028398467667,90,,,,,,,,,
chesca_mesh,583,8,6,6,4.08995214132009,4.5782565316195205,0.4883043902994304,8.795689582824707,-0.20480173915357575,90,,,,,,,,,
chesca_mesh,584,9,6,6,3.0939050220471103,3.5549039724435314,0.46099895039642114,8.795689582824707,-0.11492996547837248,90,,,,,,,,,
chesca_mesh,585,10,6,6,2.3528314742419054,2.7027407444836564,0.349909270241751,8.795689582824707,-0.10917507193486363,90,,,,,,,,,
chesca_mesh,586,11,6,6,2.056693196893125,2.3967792195241446,0.3400860226310196,8.795689582824707,-0.17434984820869026,90,,,,,,,,,
chesca_mesh,587,12,6,0,2.605568812917325,2.605568812917325,0.0,8.795689582824707,0.05353655096080102,90,,,,,,,,,
chesca_mesh,588,13,6,6,4.518910014148486,3.642910014148486,-0.8759999999999999,8.795689582824707,0.08320627904474243,90,,,,,,,,,
chesca_mesh,589,14,6,6,5.529143064731412,4.653143064731411,-0.8760000000000003,8.795689582824707,0.1656554603232451,90,,,,,,,,,
chesca_mesh,590,15,6,6,6.205080293855487,5.329080293855487,-0.8760000000000003,8.795689582824707,0.14048966127086124,90,,,,,,,,,
chesca_mesh,591,16,6,6,7.882695947699654,7.006695947699654,-0.8759999999999994,8.795689582824707,0.549106121762236,90,,,,,,,,,
chesca_mesh,592,17,6,6,9.289935079942888,8.413935079942886,-0.8760000000000012,8.795689582824707,0.3332709082266334,90,,,,,,,,,
chesca_mesh,593,18,6,6,11.061159855030002,10.185159855030001,-0.8760000000000012,8.853337287902832,0.7102081801440335,90,,,,,,,,,
chesca_mesh,594,19,6,6,12.864058382476191,11.988058382476193,-0.8759999999999977,8.853337287902832,0.9418983562034047,90,,,,,,,,,
chesca_mesh,595,20,6,6,13.183003445024623,12.307003445024623,-0.8759999999999994,8.853337287902832,0.8977853090220198,90,,,,,,,,,
chesca_mesh,596,21,6,6,12.017567625678847,11.141567625678846,-0.8760000000000012,8.853337287902832,0.4745867645492837,90,,,,,,,,,
chesca_mesh,597,22,6,0,10.521321523179122,10.521321523179124,1.7763568394002505e-15,8.853337287902832,-0.044168034858251756,90,,,,,,,,,
chesca_mesh,598,23,6,6,9.910409256711043,9.034409256711044,-0.8759999999999994,9.002958297729492,0.51979090855345,90,,,,,,,,,
chesca_mesh,599,24,6,6,10.68054130059424,9.80454130059424,-0.8759999999999994,8.853337287902832,0.24610252843835043,90,,,,,,,,,
chesca_mesh,600,1,6,6,9.651189071246755,8.775189071246754,-0.8760000000000012,8.853337287902832,0.47264738987682803,90,,,,,,,,,
chesca_mesh,601,2,6,0,9.207810920759268,9.207810920759268,0.0,8.798195838928223,0.03720193988786151,90,,,,,,,,,
chesca_mesh,602,3,6,6,7.9844352114234365,8.860435211423436,0.8759999999999994,8.853337287902832,-0.15606138691862376,90,,,,,,,,,
chesca_mesh,603,4,6,6,6.995730038691137,7.871730038691138,0.8760000000000003,8.874068260192871,-0.22267497675419567,90,,,,,,,,,
chesca_mesh,604,5,6,6,5.857703944820791,6.581424955607312,0.7237210107865204,8.874068260192871,-0.28543034159222475,90,,,,,,,,,
chesca_mesh,605,6,6,5,5.556908328206175,6.076167594105834,0.5192592658996587,8.874068260192871,-0.10697210672844146,90,,,,,,,,,
chesca_mesh,606,7,6,5,5.1416849973912,5.46703684268291,0.3253518452917099,8.874068260192871,-0.10035071162781142,90,,,,,,,,,
chesca_mesh,607,8,6,0,5.040016403935273,5.040016403935273,0.0,8.847389221191406,0.048744807791571955,90,,,,,,,,,
chesca_mesh,608,9,6,6,4.905853891736562,5.345371218670907,0.43951732693434487,8.874068260192871,-0.414018366029223,90,,,,,,,,,
chesca_mesh,609,10,6,6,1.7663745960172652,2.0025433929442764,0.2361687969270112,8.874068260192871,-0.1873199366180457,90,,,,,,,,,
chesca_mesh,610,11,6,6,2.5451512615741017,2.765699321730941,0.22054806015683948,8.874068260192871,-0.11543675890943476,90,,,,,,,,,
chesca_mesh,611,12,6,6,5.201057095063696,4.326830864714836,-0.8742262303488602,8.874068260192871,0.1009113180661432,90,,,,,,,,,
chesca_mesh,612,13,6,6,5.036057975689334,5.6535639227563435,0.6175059470670092,8.968810081481934,-0.6237532063681194,90,,,,,,,,,
chesca_mesh,613,14,6,0,3.733594618376454,3.733594618376454,0.0,8.968810081481934,0.051561365715632565,90,,,,,,,,,
chesca_mesh,614,15,6,6,6.600348002163322,5.724348002163323,-0.8759999999999994,8.968810081481934,0.22646598939965093,90,,,,,,,,,
chesca_mesh,615,16,6,6,7.59619982648785,6.720199826487851,-0.8759999999999994,8.968810081481934,0.2353325578221825,90,,,,,,,,,
chesca_mesh,616,17,6,6,9.212141313067907,8.336141313067907,-0.8759999999999994,8.968810081481934,0.2496327762994994,90,,,,,,,,,
chesca_mesh,617,18,6,6,12.980829754628243,12.104829754628241,-0.8760000000000012,8.968810081481934,1.3129817843450982,90,,,,,,,,,
chesca_mesh,618,19,6,6,15.974882781087825,15.098882781087822,-0.876000000000003,8.968810081481934,2.012127735912961,90,,,,,,,,,
chesca_mesh,619,20,6,6,13.96948146459893,13.093481464598929,-0.8760000000000012,8.968810081481934,0.8866799116661422,90,,,,,,,,,
chesca_mesh,620,21,6,6,12.48179447533908,11.60579447533908,-0.8760000000000012,8.968810081481934,0.7083252131393191,90,,,,,,,,,
chesca_mesh,621,22,6,6,9.152622364930284,10.028622364930284,0.8759999999999994,8.968810081481934,-0.08470455678559838,90,,,,,,,,,
chesca_mesh,622,23,6,6,9.690573091492624,8.814573091492624,-0.8759999999999994,8.968810081481934,0.4055084777448675,90,,,,,,,,,
chesca_mesh,623,24,6,6,11.089741507350121,10.21374150735012,-0.8760000000000012,8.968810081481934,0.475876273919885,90,,,,,,,,,
chesca_mesh,624,1,6,6,10.296677400343691,9.420677400343692,-0.8759999999999994,8.968810081481934,0.3401524682774837,90,,,,,,,,,
chesca_mesh,625,2,6,6,9.802161796223844,8.926161796223845,-0.8759999999999994,8.968810081481934,0.2961790152961925,90,,,,,,,,,
chesca_mesh,626,3,6,0,8.093699644121676,8.093699644121676,0.0,8.874068260192871,-0.018307607320746468,90,,,,,,,,,
chesca_mesh,627,4,6,6,7.902508318888444,7.026508318888444,-0.8759999999999994,8.874068260192871,0.08346125724951625,90,,,,,,,,,
chesca_mesh,628,5,6,6,6.3990051147815965,5.523005114781596,-0.8760000000000003,8.874068260192871,0.1511185136452425,90,,,,,,,,,
chesca_mesh,629,6,6,6,6.312431373485891,5.436431373485893,-0.8759999999999986,8.874068260192871,0.2112155137417157,90,,,,,,,,,
chesca_mesh,630,7,6,6,5.373770586983654,4.4977705869836555,-0.8759999999999986,8.874068260192871,0.2002749709087731,90,,,,,,,,,
chesca_mesh,631,8,6,6,5.30571904302894,4.429719043028941,-0.8759999999999994,8.874068260192871,0.18689698686950945,90,,,,,,,,,
chesca_mesh,632,9,6,6,5.107533796992847,4.2315337969928475,-0.8759999999999994,8.874068260192871,0.19494377091349593,90,,,,,,,,,
chesca_mesh,633,10,6,6,4.418122295904571,3.5421222959045706,-0.8760000000000008,8.874068260192871,0.12994825721131759,90,,,,,,,,,
chesca_mesh,634,11,6,6,4.37696194137988,3.50096194137988,-0.8760000000000003,8.874068260192871,0.32560187826384124,90,,,,,,,,,
chesca_mesh,635,12,6,6,3.452128054896012,2.576128054896012,-0.8759999999999999,8.874068260192871,0.38084565437600704,90,,,,,,,,,
chesca_mesh,636,13,6,6,2.676236053899901,1.800236053899901,-0.8759999999999999,8.874068260192871,0.17519641871379277,90,,,,,,,,,
chesca_mesh,637,14,6,6,4.262752357825351,3.3867523578253502,-0.8760000000000003,8.874068260192871,0.26198114737709777,90,,,,,,,,,
chesca_mesh,638,15,6,6,7.224618806232627,6.348618806232626,-0.8760000000000012,8.874068260192871,0.11101363379833538,90,,,,,,,,,
chesca_mesh,639,16,6,0,8.218465112578993,8.218465112578993,0.0,8.916448593139648,0.06117843908181933,90,,,,,,,,,
chesca_mesh,640,17,6,0,7.6147231518952125,7.6147231518952125,0.0,8.874068260192871,0.07506204643500375,90,,,,,,,,,
chesca_mesh,641,18,6,0,7.203658527169676,7.203658527169677,8.881784197001252e-16,8.823533058166504,0.017224598116106396,90,,,,,,,,,
chesca_mesh,642,19,6,6,8.745909211718878,7.869909211718875,-0.876000000000003,8.766532897949219,0.20603646650104984,90,,,,,,,,,
chesca_mesh,643,20,6,0,9.875199244576734,9.875199244576734,0.0,8.766532897949219,-0.041519671719743495,90,,,,,,,,,
chesca_mesh,644,21,6,0,8.149997284068911,8.149997284068911,0.0,8.766532897949219,-0.028321830570711914,90,,,,,,,,,
chesca_mesh,645,22,6,6,7.795599113870814,8.671599113870814,0.8759999999999994,8.766532897949219,-0.17545426294904343,90,,,,,,,,,
chesca_mesh,646,23,6,6,8.071332951389456,7.195332951389455,-0.8760000000000012,8.763278007507324,0.1109595736247511,90,,,,,,,,,
chesca_mesh,647,24,6,6,8.625075056687479,7.74907505668748,-0.8759999999999986,8.737325668334961,0.13536770692399497,90,,,,,,,,,
chesca_mesh,648,1,6,6,7.6033714336939235,6.727371433693923,-0.8760000000000003,8.655557632446289,0.09779644833756512,90,,,,,,,,,
chesca_mesh,649,2,6,6,8.15488449352946,7.27888449352946,-0.8760000000000003,8.563637733459473,0.2116715925609864,90,,,,,,,,,
chesca_mesh,650,3,6,6,6.757860331250541,5.8818603312505395,-0.8760000000000012,8.506467819213867,0.12029920552717185,90,,,,,,,,,
chesca_mesh,651,4,6,6,6.89814425597261,6.022144255972609,-0.8760000000000003,8.466666221618652,0.1860724133246353,90,,,,,,,,,
chesca_mesh,652,5,6,6,5.227625193931432,4.351625193931431,-0.8760000000000012,8.466666221618652,0.13078692723827304,90,,,,,,,,,
chesca_mesh,653,6,6,6,5.859156502369955,4.983156502369956,-0.8759999999999986,8.466666221618652,0.15969228655324427,90,,,,,,,,,
chesca_mesh,654,7,6,6,5.524698516840723,4.648698516840723,-0.8760000000000003,8.466666221618652,0.10225867703931027,90,,,,,,,,,
chesca_mesh,655,8,6,0,5.41150881637174,5.41150881637174,0.0,8.466666221618652,-0.02235168554001249,90,,,,,,,,,
chesca_mesh,656,9,6,0,5.309679160041609,5.309679160041609,0.0,8.466666221618652,0.003614637450078645,90,,,,,,,,,
chesca_mesh,657,10,6,6,4.7444176548171955,5.360388516431372,0.6159708616141764,8.506467819213867,-0.377291341445826,90,,,,,,,,,
chesca_mesh,658,11,6,0,4.0769314962210474,4.0769314962210474,0.0,8.506467819213867,0.05086548407974359,90,,,,,,,,,
chesca_mesh,659,12,6,0,3.0838420187258904,3.083842018725891,4.440892098500626e-16,8.506467819213867,0.00902108293689774,90,,,,,,,,,
chesca_mesh,660,13,6,6,2.9756902231296216,2.0996902231296213,-0.8760000000000003,8.506467819213867,0.15062696917112942,90,,,,,,,,,
chesca_mesh,661,14,6,6,4.357827006393027,3.4818270063930266,-0.8760000000000003,8.506467819213867,0.14950206980878905,90,,,,,,,,,
chesca_mesh,662,15,6,0,3.665187480352697,3.665187480352697,0.0,8.506467819213867,-0.008786017445422123,90,,,,,,,,,
chesca_mesh,663,16,6,6,3.7762286104722147,2.900228610472214,-0.8760000000000008,8.506467819213867,0.3276605788912406,90,,,,,,,,,
chesca_mesh,664,17,6,6,6.075622351553317,5.199622351553317,-0.8760000000000003,8.506467819213867,0.3241250065391249,90,,,,,,,,,
chesca_mesh,665,18,6,6,7.251449716856335,6.375449716856336,-0.8759999999999994,8.506467819213867,0.39016987103401685,90,,,,,,,,,
chesca_mesh,666,19,6,6,7.912153531014292,7.036153531014293,-0.8759999999999994,8.466666221618652,0.14825350852467845,90,,,,,,,,,
chesca_mesh,667,20,6,6,8.051701412413305,7.175701412413305,-0.8759999999999994,8.421893119812012,0.10581289661326476,90,,,,,,,,,
chesca_mesh,668,21,6,6,8.684978058830243,7.808978058830243,-0.8760000000000003,8.387149810791016,0.24176015095222417,90,,,,,,,,,
chesca_mesh,669,22,6,6,7.893026248201111,8.769026248201111,0.8760000000000003,8.387149810791016,-0.9184307790244278,90,,,,,,,,,
chesca_mesh,670,23,6,3,7.8940241125045,8.3740241125045,0.4800000000000004,8.387149810791016,-0.08001101306774135,90,,,,,,,,,
chesca_mesh,671,24,6,0,7.927080040518649,7.92708004051865,8.881784197001252e-16,8.387149810791016,0.0287375086975713,90,,,,,,,,,
chesca_mesh,672,1,6,6,8.622367791529136,7.746367791529135,-0.8760000000000012,8.332172393798828,0.2106479426471915,90,,,,,,,,,
chesca_mesh,673,2,6,6,7.9670382117864245,7.091038211786424,-0.8760000000000003,8.25500202178955,0.1378199808843244,90,,,,,,,,,
chesca_mesh,674,3,6,0,6.528007802713641,6.528007802713641,0.0,8.317809104919434,-0.05504681404025946,90,,,,,,,,,
chesca_mesh,675,4,6,6,5.885952611687593,5.009952611687594,-0.8759999999999986,8.317809104919434,0.08531394768411407,90,,,,,,,,,
chesca_mesh,676,5,6,6,5.069099764030312,4.193099764030312,-0.8760000000000003,8.317809104919434,0.1146502564117586,90,,,,,,,,,
chesca_mesh,677,6,6,6,5.303702286960712,4.427702286960713,-0.8759999999999994,8.317809104919434,0.1987307973194743,90,,,,,,,,,
chesca_mesh,678,7,6,6,5.390283117809872,4.514283117809871,-0.8760000000000012,8.199767112731934,0.1632774395531118,90,,,,,,,,,
chesca_mesh,679,8,6,6,7.196692811241676,6.320692811241677,-0.8759999999999994,8.199767112731934,0.3018263897296599,90,,,,,,,,,
chesca_mesh,680,9,6,6,2.414459761065617,1.5384597610656165,-0.8760000000000006,8.199767112731934,0.21770399342836516,90,,,,,,,,,
chesca_mesh,681,10,6,3,2.0714504922351935,1.591450492235194,-0.47999999999999954,8.199767112731934,0.08108928543011563,90,,,,,,,,,
chesca_mesh,682,11,6,5,0.12187399774724783,0.561202391423312,0.43932839367606413,8.199767112731934,-0.09801893829726294,90,,,,,,,,,
chesca_mesh,683,12,6,6,1.0465820319880565,0.17058203198805696,-0.8759999999999996,8.199767112731934,0.1079631939939335,90,,,,,,,,,
chesca_mesh,684,13,6,6,4.156858491804536,3.280858491804535,-0.8760000000000012,8.199767112731934,0.37578712946527115,90,,,,,,,,,
chesca_mesh,685,14,6,0,4.861150841932826,4.861150841932826,0.0,8.199767112731934,0.0753179227694331,90,,,,,,,,,
chesca_mesh,686,15,6,0,6.520852619087797,6.520852619087797,0.0,8.199767112731934,0.060126844579529826,90,,,,,,,,,
chesca_mesh,687,16,6,6,6.648991510728116,5.772991510728115,-0.8760000000000012,8.199767112731934,0.31925198534286076,90,,,,,,,,,
chesca_mesh,688,17,6,6,7.047275352368381,6.171275352368383,-0.8759999999999977,8.199767112731934,0.4425573556924658,90,,,,,,,,,
chesca_mesh,689,18,6,6,7.42183470513663,6.545834705136628,-0.8760000000000012,8.199767112731934,0.333043157992492,90,,,,,,,,,
chesca_mesh,690,19,6,0,9.265632610813563,9.265632610813563,0.0,8.317809104919434,-0.05566609516087705,90,,,,,,,,,
chesca_mesh,691,20,6,6,9.06390170240692,8.18790170240692,-0.8759999999999994,8.317809104919434,0.16164759240859672,90,,,,,,,,,
chesca_mesh,692,21,6,6,10.122526232710582,9.246526232710583,-0.8759999999999994,8.387149810791016,0.2906051646494886,90,,,,,,,,,
chesca_mesh,693,22,6,1,8.09708378669775,7.93708378669775,-0.16000000000000014,8.387149810791016,0.16200021408486798,90,,,,,,,,,
chesca_mesh,694,23,6,6,7.943644991856122,7.067644991856121,-0.8760000000000003,8.387149810791016,0.1373528807871186,90,,,,,,,,,
chesca_mesh,695,24,6,6,8.401651693477667,7.525651693477668,-0.8759999999999994,8.387149810791016,0.11953334112181223,90,,,,,,,,,
chesca_mesh,696,1,6,6,9.128510442275335,8.252510442275334,-0.8760000000000012,8.387149810791016,0.3511502644703036,90,,,,,,,,,
chesca_mesh,697,2,6,0,7.905996026018236,7.905996026018235,-8.881784197001252e-16,8.387149810791016,0.017101696290916235,90,,,,,,,,,
chesca_mesh,698,3,6,6,6.401893459194837,7.2778934591948365,0.8759999999999994,8.387149810791016,-0.09013837644217293,90,,,,,,,,,
chesca_mesh,699,4,6,6,5.2112302498071355,6.087230249807135,0.8759999999999994,8.387149810791016,-0.1179419354673481,90,,,,,,,,,
chesca_mesh,700,5,6,0,4.6122078275692475,4.6122078275692475,0.0,8.387149810791016,-0.06314161123958,90,,,,,,,,,
chesca_mesh,701,6,6,6,4.591421617464715,3.715421617464714,-0.8760000000000012,8.387149810791016,0.10687948635197425,90,,,,,,,,,
chesca_mesh,702,7,6,6,4.299296068794643,3.423296068794643,-0.8759999999999999,8.387149810791016,0.16904615493178016,90,,,,,,,,,
chesca_mesh,703,8,6,6,3.8199963715959053,2.943996371595905,-0.8760000000000003,8.387149810791016,0.11314349794159007,90,,,,,,,,,
chesca_mesh,704,9,6,6,4.085703927498493,3.209703927498495,-0.8759999999999977,8.387149810791016,0.09980978194447346,90,,,,,,,,,
chesca_mesh,705,10,6,0,2.839859333126534,2.839859333126534,0.0,8.317809104919434,0.03743101567205755,90,,,,,,,,,
chesca_mesh,706,11,6,6,3.436764302121886,3.8064579140598482,0.36969361193796235,8.317809104919434,-0.10528368415429488,90,,,,,,,,,
chesca_mesh,707,12,6,0,2.668347352764913,2.6683473527649135,4.440892098500626e-16,8.317809104919434,0.02419938327289558,90,,,,,,,,,
chesca_mesh,708,13,6,6,4.046938046749617,3.170938046749617,-0.8760000000000003,8.317809104919434,0.1231162153827925,90,,,,,,,,,
chesca_mesh,709,14,6,6,5.014419886298929,4.138419886298929,-0.8759999999999994,8.317809104919434,0.099203135803105,90,,,,,,,,,
chesca_mesh,710,15,6,6,6.123170443521276,5.247170443521275,-0.8760000000000003,8.317809104919434,0.13849924092929128,90,,,,,,,,,
chesca_mesh,711,16,6,6,7.561320789692873,6.685320789692874,-0.8759999999999994,8.190553665161133,0.2935345022835432,90,,,,,,,,,
chesca_mesh,712,17,6,6,9.269159326226893,8.393159326226893,-0.8759999999999994,8.190553665161133,0.6616183988560954,90,,,,,,,,,
chesca_mesh,713,18,6,6,10.67768841659263,9.80168841659263,-0.8760000000000012,8.122499465942383,0.9934782960244024,90,,,,,,,,,
chesca_mesh,714,19,6,6,12.98100990614467,12.105009906144671,-0.8759999999999994,8.122499465942383,1.393635909370205,90,,,,,,,,,
chesca_mesh,715,20,6,6,11.140625524161432,10.264625524161431,-0.8760000000000012,8.122499465942383,0.49234026836784817,90,,,,,,,,,
chesca_mesh,716,21,6,6,11.15793731734755,10.28193731734755,-0.8759999999999994,8.122499465942383,0.5896342252508228,90,,,,,,,,,
chesca_mesh,717,22,6,1,9.881501190174406,9.721501190174408,-0.15999999999999837,8.122499465942383,0.399564868442515,90,,,,,,,,,
chesca_mesh,718,23,6,6,8.131968188909221,7.255968188909222,-0.8759999999999994,8.108392715454102,0.1111757521660536,90,,,,,,,,,
chesca_mesh,719,24,6,6,10.972174612201133,10.096174612201136,-0.8759999999999977,8.086199760437012,0.8746356899453472,90,,,,,,,,,
chesca_mesh,720,1,6,6,9.274145334830015,8.398145334830014,-0.8760000000000012,8.086199760437012,0.2776396202615579,90,,,,,,,,,
chesca_mesh,721,2,6,6,9.618318189940966,8.742318189940965,-0.8760000000000012,8.086199760437012,0.21162580057389502,90,,,,,,,,,
chesca_mesh,722,3,6,0,8.42977014402884,8.42977014402884,0.0,8.086199760437012,0.06852837942758361,90,,,,,,,,,
chesca_mesh,723,4,6,6,7.163902482242002,8.039902482242002,0.8760000000000003,8.121520042419434,-0.10961377752607067,90,,,,,,,,,
chesca_mesh,724,5,6,6,5.889960036179559,6.765960036179558,0.8759999999999986,8.086199760437012,-0.11558188162240857,90,,,,,,,,,
chesca_mesh,725,6,6,0,5.411217503693055,5.411217503693055,0.0,8.086199760437012,-0.07372658014352326,90,,,,,,,,,
chesca_mesh,726,7,6,0,5.011570354160979,5.011570354160978,-8.881784197001252e-16,8.086199760437012,0.07219829626927463,90,,,,,,,,,
chesca_mesh,727,8,6,0,4.263619819195037,4.263619819195037,0.0,8.086199760437012,-0.008473504298397466,90,,,,,,,,,
chesca_mesh,728,9,6,6,2.7149363330382776,3.1950178929420527,0.4800815599037751,8.086199760437012,-0.18560300621051848,90,,,,,,,,,
chesca_mesh,729,10,6,6,1.2462692294167206,1.5985625619357555,0.35229333251903494,8.086199760437012,-0.15433900580715798,90,,,,,,,,,
chesca_mesh,730,11,6,0,2.017049041029436,2.017049041029436,0.0,8.086199760437012,0.061512535521296166,90,,,,,,,,,
chesca_mesh,731,12,6,6,2.565090815308496,1.6890908153084965,-0.8759999999999994,8.086199760437012,0.093549764719658,90,,,,,,,,,
chesca_mesh,732,13,6,6,4.534917556721454,3.658917556721453,-0.8760000000000008,8.058443069458008,0.20418764869361006,90,,,,,,,,,
chesca_mesh,733,14,6,6,7.118719886026696,6.242719886026695,-0.8760000000000012,8.058443069458008,0.325310966020886,90,,,,,,,,,
chesca_mesh,734,15,6,6,8.474975360241254,7.598975360241254,-0.8760000000000003,8.058443069458008,0.18507937656093798,90,,,,,,,,,
chesca_mesh,735,16,6,6,10.113055764129326,9.237055764129327,-0.8759999999999994,8.086199760437012,0.241607855120991,90,,,,,,,,,
chesca_mesh,736,17,6,6,12.603169394194115,11.727169394194114,-0.8760000000000012,8.058443069458008,1.791086449513841,90,,,,,,,,,
chesca_mesh,737,18,6,6,12.648722624512239,11.77272262451224,-0.8759999999999994,8.058443069458008,1.4608394315541233,90,,,,,,,,,
chesca_mesh,738,19,6,6,15.026832426406822,14.150832426406822,-0.8759999999999994,8.058443069458008,2.068766401994638,90,,,,,,,,,
chesca_mesh,739,20,6,6,14.365825400888317,13.489825400888318,-0.8759999999999994,8.058443069458008,1.4835993329204487,90,,,,,,,,,
chesca_mesh,740,21,6,6,13.539064293417097,12.663064293417097,-0.8759999999999994,8.058443069458008,1.4123931744202733,90,,,,,,,,,
chesca_mesh,741,22,6,6,10.985181017647882,10.109181017647883,-0.8759999999999994,8.058443069458008,0.544860612131491,90,,,,,,,,,
chesca_mesh,742,23,6,6,11.720408627472473,10.844408627472474,-0.8759999999999994,8.04565143585205,1.1112091760189449,90,,,,,,,,,
chesca_mesh,743,24,6,6,10.749461949246596,9.873461949246597,-0.8759999999999994,8.04565143585205,0.4801653257564533,90,,,,,,,,,
chesca_mesh,744,1,6,6,10.966335628156827,10.090335628156826,-0.8760000000000012,8.04565143585205,0.6031062660028427,90,,,,,,,,,
chesca_mesh,745,2,6,6,10.29083977967373,9.414839779673729,-0.8760000000000012,8.04565143585205,0.2719579334087632,90,,,,,,,,,
chesca_mesh,746,3,6,6,8.880682110730284,8.004682110730283,-0.8760000000000012,8.04565143585205,0.5229236069436238,90,,,,,,,,,
chesca_mesh,747,4,6,6,8.55551295870448,7.679512958704479,-0.8760000000000003,8.04565143585205,0.44933949123460315,90,,,,,,,,,
chesca_mesh,748,5,6,6,6.959474044912924,7.835474044912924,0.8759999999999994,8.058443069458008,-0.14846337670143936,90,,,,,,,,,
chesca_mesh,749,6,6,6,5.869924920186435,6.665924920186434,0.7959999999999994,8.058443069458008,-0.12695715465535776,90,,,,,,,,,
chesca_mesh,750,7,6,6,5.25324479872074,6.013303875029943,0.7600590763092034,8.058443069458008,-0.15823852666712823,90,,,,,,,,,
chesca_mesh,751,8,6,0,4.978530249643731,4.978530249643732,8.881784197001252e-16,8.058443069458008,-0.02276487009298111,90,,,,,,,,,
chesca_mesh,752,9,6,0,4.2547559209601395,4.2547559209601395,0.0,8.058443069458008,0.012688437460404035,90,,,,,,,,,
chesca_mesh,753,10,6,0,3.390020386784935,3.390020386784935,0.0,8.058443069458008,-0.07114459688898242,90,,,,,,,,,
chesca_mesh,754,11,6,0,2.70258909413967,2.70258909413967,0.0,8.058443069458008,0.031064179939300746,90,,,,,,,,,
chesca_mesh,755,12,6,6,4.107013255090726,3.2310132550907267,-0.875999999999999,8.058443069458008,0.18082483394110693,90,,,,,,,,,
chesca_mesh,756,13,6,6,5.061781037301939,4.18578103730194,-0.8759999999999994,8.058443069458008,0.24602346805714242,90,,,,,,,,,
chesca_mesh,757,14,6,6,6.7428173243507645,5.866817324350764,-0.8760000000000003,8.058443069458008,0.13158383415971037,90,,,,,,,,,
chesca_mesh,758,15,6,6,7.882359813301855,7.006359813301855,-0.8760000000000003,8.058443069458008,0.13593495820165932,90,,,,,,,,,
chesca_mesh,759,16,6,6,9.283576872588897,8.407576872588898,-0.8759999999999994,8.058443069458008,0.4904784726592854,90,,,,,,,,,
chesca_mesh,760,17,6,6,13.633112854722757,12.757112854722756,-0.8760000000000012,8.086199760437012,2.021396941894211,90,,,,,,,,,
chesca_mesh,761,18,6,6,10.750614217364873,9.874614217364872,-0.8760000000000012,8.086199760437012,0.28581922400284043,90,,,,,,,,,
chesca_mesh,762,19,6,6,14.435191146883957,13.559191146883958,-0.8759999999999994,8.086199760437012,1.3832369700845561,90,,,,,,,,,
chesca_mesh,763,20,6,6,12.490670100381875,11.614670100381876,-0.8759999999999994,8.086199760437012,0.8360705918185296,90,,,,,,,,,
chesca_mesh,764,21,6,6,12.961091759611648,12.085091759611647,-0.8760000000000012,8.086199760437012,1.0238616851558366,90,,,,,,,,,
chesca_mesh,765,22,6,6,11.348426864567182,10.472426864567183,-0.8759999999999994,8.086199760437012,0.5339195561015728,90,,,,,,,,,
chesca_mesh,766,23,6,6,10.61517358544276,9.739173585442758,-0.8760000000000012,8.086199760437012,0.5702836942432209,90,,,,,,,,,
chesca_mesh,767,24,6,6,11.29804105634309,10.42204105634309,-0.8759999999999994,8.086199760437012,0.7345195094346759,90,,,,,,,,,
chesca_mesh,768,1,6,6,11.182794019852933,10.306794019852934,-0.8759999999999994,8.086199760437012,0.6087022877770174,90,,,,,,,,,
chesca_mesh,769,2,6,6,10.267645913440191,9.391645913440192,-0.8759999999999994,8.086199760437012,0.29390432282600487,90,,,,,,,,,
chesca_mesh,770,3,6,6,9.042994194906981,8.166994194906982,-0.8759999999999994,8.086199760437012,0.5068956889249338,90,,,,,,,,,
chesca_mesh,771,4,6,6,8.555690044961764,7.679690044961764,-0.8760000000000003,8.086199760437012,0.30583144531899376,90,,,,,,,,,
chesca_mesh,772,5,6,0,7.076090172494905,7.076090172494904,-8.881784197001252e-16,8.058443069458008,0.01923712795592184,90,,,,,,,,,
chesca_mesh,773,6,6,0,6.226747470881312,6.226747470881312,0.0,8.058443069458008,0.016466541678740218,90,,,,,,,,,
chesca_mesh,774,7,6,6,6.079065099458724,5.2030650994587235,-0.8760000000000003,8.058443069458008,0.1144259362806091,90,,,,,,,,,
chesca_mesh,775,8,6,6,5.887807990524067,5.011807990524066,-0.8760000000000012,8.058443069458008,0.12737233469492035,90,,,,,,,,,
chesca_mesh,776,9,6,0,3.632612901802899,3.6326129018028994,4.440892098500626e-16,8.036114692687988,0.026549760403515907,90,,,,,,,,,
chesca_mesh,777,10,6,6,4.191810322136645,3.3158103221366453,-0.8759999999999994,8.036114692687988,0.08986196903224575,90,,,,,,,,,
chesca_mesh,778,11,6,6,4.543794324012095,3.6677943240120943,-0.8760000000000003,8.036114692687988,0.1527194314857555,90,,,,,,,,,
chesca_mesh,779,12,6,6,5.325025004171623,4.449025004171624,-0.8759999999999994,8.036114692687988,0.13888724072846964,90,,,,,,,,,
chesca_mesh,780,13,6,6,8.233962854995909,7.357962854995908,-0.8760000000000003,8.005181312561035,0.14752481953333424,90,,,,,,,,,
chesca_mesh,781,14,6,6,7.71260356304532,8.495931859186513,0.7833282961411925,8.036114692687988,-0.19505425837285195,90,,,,,,,,,
chesca_mesh,782,15,6,5,6.521328986076613,7.237328986076612,0.7159999999999993,8.036114692687988,-0.09128465577276153,90,,,,,,,,,
chesca_mesh,783,16,6,6,6.894955027344839,6.018955027344838,-0.8760000000000012,8.036114692687988,0.11487176303887021,90,,,,,,,,,
chesca_mesh,784,17,6,6,8.262690634321213,7.386690634321215,-0.8759999999999986,8.036114692687988,0.11899787814112507,90,,,,,,,,,
chesca_mesh,785,18,6,0,7.259738040709058,7.259738040709058,0.0,8.036114692687988,0.06923186374283047,90,,,,,,,,,
chesca_mesh,786,19,6,6,9.037687401417424,8.161687401417424,-0.8759999999999994,8.0027437210083,0.10310619902921181,90,,,,,,,,,
chesca_mesh,787,20,6,6,9.762817161040742,8.886817161040742,-0.8759999999999994,7.986064434051514,0.37121752896874693,90,,,,,,,,,
chesca_mesh,788,21,6,6,9.314604029362215,8.438604029362216,-0.8759999999999994,7.986064434051514,0.16448957985110918,90,,,,,,,,,
chesca_mesh,789,22,6,0,7.871626418498139,7.871626418498139,0.0,7.986064434051514,-0.0669878326962694,90,,,,,,,,,
chesca_mesh,790,23,6,6,7.042959282642855,7.918959282642856,0.8760000000000012,7.986064434051514,-0.6525038826692364,90,,,,,,,,,
chesca_mesh,791,24,6,0,8.031747853790337,8.031747853790337,0.0,7.950383186340332,0.06372914042402164,90,,,,,,,,,
chesca_mesh,792,1,6,6,9.371313387452988,8.495313387452988,-0.8759999999999994,7.950383186340332,0.2692494343577723,90,,,,,,,,,
chesca_mesh,793,2,6,6,10.210122958319854,9.334122958319854,-0.8759999999999994,7.950383186340332,0.43580455901578774,90,,,,,,,,,
chesca_mesh,794,3,6,6,6.720728506047287,7.596728506047288,0.8760000000000012,7.950383186340332,-0.3109580763383369,90,,,,,,,,,
chesca_mesh,795,4,6,0,6.439498321254523,6.439498321254523,0.0,7.83978271484375,-0.04900080922699869,90,,,,,,,,,
chesca_mesh,796,5,6,0,5.799080071742741,5.799080071742741,0.0,7.83978271484375,0.0138549192088646,90,,,,,,,,,
chesca_mesh,797,6,6,6,6.832074976009555,5.956074976009555,-0.8760000000000003,7.83978271484375,0.11880011021310447,90,,,,,,,,,
chesca_mesh,798,7,6,6,5.331857641123257,6.023226563096745,0.6913689219734884,7.83978271484375,-0.11634986476513132,90,,,,,,,,,
chesca_mesh,799,8,6,6,5.113417725677412,5.6640173571508186,0.550599631473407,7.83978271484375,-0.12372712813306139,90,,,,,,,,,
chesca_mesh,800,9,6,0,4.736030705720955,4.736030705720955,0.0,7.83978271484375,-0.06920001524959105,90,,,,,,,,,
chesca_mesh,801,10,6,0,6.743861622819138,6.743861622819138,0.0,7.83978271484375,0.07500179112940164,90,,,,,,,,,
chesca_mesh,802,11,6,6,4.804940672440417,5.472245036220103,0.667304363779686,7.83978271484375,-0.10356981158060367,90,,,,,,,,,
chesca_mesh,803,12,6,6,4.956679608015477,5.437001798469949,0.4803221904544719,7.8741455078125,-0.2829594723386402,90,,,,,,,,,
chesca_mesh,804,13,6,6,6.081581222539732,5.205581222539733,-0.8759999999999994,7.8741455078125,0.1516704732529264,90,,,,,,,,,
chesca_mesh,805,14,6,0,5.934718757315698,5.934718757315698,0.0,7.8741455078125,0.04806276341861862,90,,,,,,,,,
chesca_mesh,806,15,6,0,5.347242326375591,5.347242326375591,0.0,7.8741455078125,-0.03933781607119296,90,,,,,,,,,
chesca_mesh,807,16,6,0,5.966888102391452,5.966888102391452,0.0,7.790005683898926,0.055540475463103145,90,,,,,,,,,
chesca_mesh,808,17,6,0,6.838566007624159,6.83856600762416,8.881784197001252e-16,7.73721170425415,-0.005389960696994642,90,,,,,,,,,
chesca_mesh,809,18,6,0,7.925906581708073,7.925906581708074,8.881784197001252e-16,7.706654071807861,0.052184709605740814,90,,,,,,,,,
chesca_mesh,810,19,6,6,8.554103468344131,7.678103468344131,-0.8760000000000003,7.73721170425415,0.4416883686180019,90,,,,,,,,,
chesca_mesh,811,20,6,6,9.812450354906991,8.936450354906992,-0.8759999999999994,7.706654071807861,0.2432287185711593,90,,,,,,,,,
chesca_mesh,812,21,6,6,11.573148035891066,10.697148035891066,-0.8759999999999994,7.706654071807861,0.9130776758007821,90,,,,,,,,,
chesca_mesh,813,22,6,6,10.534337916092362,9.658337916092362,-0.8759999999999994,7.706654071807861,0.6314109654799189,90,,,,,,,,,
chesca_mesh,814,23,6,6,8.213290435869252,7.337290435869254,-0.8759999999999986,7.6503801345825195,0.47547287065879207,90,,,,,,,,,
chesca_mesh,815,24,6,6,8.738756854308226,7.862756854308228,-0.8759999999999986,7.6044697761535645,0.3271427004518319,90,,,,,,,,,
chesca_mesh,816,1,6,6,9.407640397222737,8.531640397222736,-0.8760000000000012,7.6503801345825195,0.20862901084281296,90,,,,,,,,,
chesca_mesh,817,2,6,6,8.892130074303413,8.016130074303412,-0.8760000000000012,7.706654071807861,0.6189666130442886,90,,,,,,,,,
chesca_mesh,818,3,6,6,6.860394362408677,7.736394362408676,0.8759999999999994,7.73721170425415,-0.18290042598422876,90,,,,,,,,,
chesca_mesh,819,4,6,6,6.759469810245212,7.635469810245213,0.8760000000000003,7.73721170425415,-0.1565376453119807,90,,,,,,,,,
chesca_mesh,820,5,6,6,5.834055782653433,6.532428949366279,0.6983731667128463,7.73721170425415,-0.08954946064476098,90,,,,,,,,,
chesca_mesh,821,6,6,0,5.693969253894704,5.693969253894704,0.0,7.73721170425415,-0.05919840951470948,90,,,,,,,,,
chesca_mesh,822,7,6,0,5.0568907960211735,5.056890796021173,-8.881784197001252e-16,7.73721170425415,-0.020782515957570975,90,,,,,,,,,
chesca_mesh,823,8,6,0,3.8975528007938696,3.89755280079387,4.440892098500626e-16,7.73721170425415,-0.01792264726144171,90,,,,,,,,,
chesca_mesh,824,9,6,0,3.4054211204309515,3.4054211204309515,0.0,7.73721170425415,0.018097060130624586,90,,,,,,,,,
chesca_mesh,825,10,6,6,1.3851240994849414,1.8436778497595583,0.45855375027461687,7.706654071807861,-0.1021176282920877,90,,,,,,,,,
chesca_mesh,826,11,6,0,1.884733140501411,1.8847331405014107,-2.220446049250313e-16,7.706654071807861,0.014063664078580377,90,,,,,,,,,
chesca_mesh,827,12,6,6,2.1652176709461894,1.2892176709461893,-0.8760000000000001,7.706654071807861,0.08331990893386383,90,,,,,,,,,
chesca_mesh,828,13,6,6,4.088359581666209,3.2123595816662087,-0.8760000000000003,7.706654071807861,0.13348228626019704,90,,,,,,,,,
chesca_mesh,829,14,6,6,4.562201435454147,3.6862014354541475,-0.8759999999999999,7.706654071807861,0.09864764451379887,90,,,,,,,,,
chesca_mesh,830,15,6,6,6.403271036173496,5.527271036173496,-0.8760000000000003,7.706654071807861,0.09799137013414716,90,,,,,,,,,
chesca_mesh,831,16,6,6,6.099530483093657,5.223530483093658,-0.8759999999999994,7.706654071807861,0.11055830717139903,90,,,,,,,,,
chesca_mesh,832,17,6,6,6.095939849931385,6.971939849931384,0.8759999999999986,7.73721170425415,-0.19772460284253923,90,,,,,,,,,
chesca_mesh,833,18,6,6,7.9843854079592065,7.108385407959206,-0.8760000000000003,7.73721170425415,0.14915220635996734,90,,,,,,,,,
chesca_mesh,834,19,6,6,9.05525902901233,9.93125902901233,0.8759999999999994,7.75625467300415,-0.4927240137158848,90,,,,,,,,,
chesca_mesh,835,20,6,6,9.009982909534381,9.88598290953438,0.8759999999999994,7.796753406524658,-0.45992131260949387,90,,,,,,,,,
chesca_mesh,836,21,6,6,8.135937306004804,9.011937306004803,0.8759999999999994,7.8741455078125,-0.42775554438552094,90,,,,,,,,,
chesca_mesh,837,22,6,5,8.605711771620646,7.861711771620645,-0.7440000000000007,7.8741455078125,0.22041060199449153,90,,,,,,,,,
chesca_mesh,838,23,6,0,8.400901713399149,8.400901713399149,0.0,7.8741455078125,0.025939710611205508,90,,,,,,,,,
chesca_mesh,839,24,6,6,7.9822599053344785,7.106259905334478,-0.8760000000000003,7.796753406524658,0.10081928636497242,90,,,,,,,,,
chesca_mesh,840,1,6,0,7.553837112059849,7.553837112059849,0.0,7.75625467300415,0.07438929603273106,90,,,,,,,,,
chesca_mesh,841,2,6,0,7.224468036308851,7.224468036308851,0.0,7.75625467300415,-0.020271522276566967,90,,,,,,,,,
chesca_mesh,842,3,6,0,6.3820013111943865,6.3820013111943865,0.0,7.73721170425415,-0.044043384635668446,90,,,,,,,,,
chesca_mesh,843,4,6,6,6.534637585351946,5.658637585351947,-0.8759999999999986,7.73721170425415,0.08008014514867366,90,,,,,,,,,
chesca_mesh,844,5,6,0,5.442139553444928,5.442139553444928,0.0,7.73721170425415,0.052830709595045065,90,,,,,,,,,
chesca_mesh,845,6,6,6,6.135619068472325,5.2596190684723245,-0.8760000000000003,7.73721170425415,0.10865506216132122,90,,,,,,,,,
chesca_mesh,846,7,6,6,5.745740439909847,4.869740439909847,-0.8759999999999994,7.73721170425415,0.2252922343750072,90,,,,,,,,,
chesca_mesh,847,8,6,6,5.2119854465964925,4.335985446596493,-0.8759999999999994,7.73721170425415,0.0942772576317841,90,,,,,,,,,
chesca_mesh,848,9,6,5,5.378489904265075,4.6344899042650765,-0.7439999999999989,7.73721170425415,0.121030377856776,90,,,,,,,,,
chesca_mesh,849,10,6,6,4.786947628948695,3.910947628948696,-0.8759999999999994,7.73721170425415,0.14475467502444583,90,,,,,,,,,
chesca_mesh,850,11,6,6,2.3368254167827214,2.927344148766946,0.5905187319842247,7.73721170425415,-0.20790097635190302,90,,,,,,,,,
chesca_mesh,851,12,6,6,0.7493024260041143,1.1318276718788394,0.38252524587472503,7.73721170425415,-0.10811108600307401,90,,,,,,,,,
chesca_mesh,852,13,6,6,2.144499424380675,1.2684994243806755,-0.8759999999999997,7.73721170425415,0.14184782848494998,90,,,,,,,,,
chesca_mesh,853,14,6,0,2.168187484010358,2.168187484010358,0.0,7.73721170425415,0.031059498142625062,90,,,,,,,,,
chesca_mesh,854,15,6,6,3.7693536337047524,2.893353633704752,-0.8760000000000003,7.73721170425415,0.0848472066442574,90,,,,,,,,,
chesca_mesh,855,16,6,6,5.304921934329477,4.428921934329477,-0.8760000000000003,7.73721170425415,0.4061820688938748,90,,,,,,,,,
chesca_mesh,856,17,6,6,7.4050167656554,6.529016765655401,-0.8759999999999994,7.73721170425415,0.5409168537826996,90,,,,,,,,,
chesca_mesh,857,18,6,5,9.726806854371826,8.982806854371827,-0.7439999999999998,7.75625467300415,0.23997045787324062,90,,,,,,,,,
chesca_mesh,858,19,6,6,9.518244748701502,8.642244748701502,-0.8759999999999994,7.73721170425415,0.4086606246095501,90,,,,,,,,,
chesca_mesh,859,20,6,6,10.534820564485806,9.658820564485804,-0.8760000000000012,7.75625467300415,0.6538121242862185,90,,,,,,,,,
chesca_mesh,860,21,6,6,10.678138744866517,9.802138744866516,-0.8760000000000012,7.75625467300415,0.7185033771924824,90,,,,,,,,,
chesca_mesh,861,22,6,6,8.250179449235352,9.126179449235353,0.8760000000000012,7.796753406524658,-0.21114945016347875,90,,,,,,,,,
chesca_mesh,862,23,6,0,7.4607490848217255,7.4607490848217255,0.0,7.821720600128174,0.044243971862233014,90,,,,,,,,,
chesca_mesh,863,24,6,6,8.51244254758415,7.636442547584151,-0.8759999999999994,7.821720600128174,0.1238397986489273,90,,,,,,,,,
chesca_mesh,864,1,6,6,9.044064763470454,8.168064763470452,-0.8760000000000012,7.793517112731934,0.2628079236957883,90,,,,,,,,,
chesca_mesh,865,2,6,6,7.672920657303585,6.796920657303585,-0.8760000000000003,7.793517112731934,0.08005353512026833,90,,,,,,,,,
chesca_mesh,866,3,6,6,6.150641986051072,5.274641986051073,-0.8759999999999994,7.793517112731934,0.1229694967025159,90,,,,,,,,,
chesca_mesh,867,4,6,6,6.520595429699656,5.644595429699657,-0.8759999999999994,7.793517112731934,0.21604834675941204,90,,,,,,,,,
chesca_mesh,868,5,6,6,5.145071438942046,4.2690714389420465,-0.8759999999999994,7.793517112731934,0.08444203824946135,90,,,,,,,,,
chesca_mesh,869,6,6,6,5.695233395975822,4.8192333959758225,-0.8759999999999994,7.793517112731934,0.25749261426030345,90,,,,,,,,,
chesca_mesh,870,7,6,6,5.147344432228705,4.271344432228704,-0.8760000000000003,7.793517112731934,0.18482196945654034,90,,,,,,,,,
chesca_mesh,871,8,6,6,4.097209596407717,3.221209596407717,-0.8760000000000003,7.793517112731934,0.14270841231548295,90,,,,,,,,,
chesca_mesh,872,9,6,0,5.051197957589122,5.051197957589122,0.0,7.793517112731934,0.053730662965945926,90,,,,,,,,,
chesca_mesh,873,10,6,6,4.125648596726631,4.7420623940635265,0.6164137973368957,7.821720600128174,-0.7141130651430753,90,,,,,,,,,
chesca_mesh,874,11,6,6,3.657907311936942,4.2195801980935155,0.5616728861565736,7.821720600128174,-0.3201398521929526,90,,,,,,,,,
chesca_mesh,875,12,6,6,4.045670512913029,4.497990267113916,0.45231975420088677,7.821720600128174,-0.11576272606473777,90,,,,,,,,,
chesca_mesh,876,13,6,6,4.603133500678341,3.7271335006783404,-0.8760000000000008,7.821720600128174,0.15284385729868796,90,,,,,,,,,
chesca_mesh,877,14,6,6,7.0768131454809415,6.200813145480942,-0.8759999999999994,7.821720600128174,0.35764568598002683,90,,,,,,,,,
chesca_mesh,878,15,6,6,6.968472449685794,7.688702907824829,0.7202304581390351,7.895122051239014,-0.3730161408358126,90,,,,,,,,,
chesca_mesh,879,16,6,6,6.400661947624442,5.524661947624441,-0.8760000000000012,7.967546463012695,0.13722113108868764,90,,,,,,,,,
chesca_mesh,880,17,6,6,7.470236884517751,6.594236884517751,-0.8760000000000003,7.967546463012695,0.5756302745445387,90,,,,,,,,,
chesca_mesh,881,18,6,6,8.370306339302267,7.494306339302267,-0.8760000000000003,7.967546463012695,0.46430946719831806,90,,,,,,,,,
chesca_mesh,882,19,6,6,9.885772100233625,9.009772100233624,-0.8760000000000012,7.895122051239014,0.5318791844930337,90,,,,,,,,,
chesca_mesh,883,20,6,6,8.489939983715972,7.613939983715972,-0.8760000000000003,7.895122051239014,0.5044922304496621,90,,,,,,,,,
chesca_mesh,884,21,6,6,9.074326183678416,8.198326183678416,-0.8759999999999994,7.821720600128174,0.293722132657105,90,,,,,,,,,
chesca_mesh,885,22,6,2,8.129939170753698,7.837939170753698,-0.2919999999999998,7.793517112731934,0.1991794973151479,90,,,,,,,,,
chesca_mesh,886,23,6,6,8.691056995422052,7.815056995422053,-0.8759999999999994,7.793517112731934,0.1721128775113958,90,,,,,,,,,
chesca_mesh,887,24,6,6,9.246608415956931,8.370608415956932,-0.8759999999999994,7.793517112731934,0.32136989875160094,90,,,,,,,,,
chesca_mesh,888,1,6,6,8.818822815477093,7.9428228154770935,-0.8759999999999994,7.793517112731934,0.33911719347835617,90,,,,,,,,,
chesca_mesh,889,2,6,0,7.724596477470149,7.72459647747015,8.881784197001252e-16,7.746502876281738,0.013607780318509906,90,,,,,,,,,
chesca_mesh,890,3,6,6,5.933902000438536,6.8099020004385356,0.8759999999999994,7.725293159484863,-0.15849723944283203,90,,,,,,,,,
chesca_mesh,891,4,6,6,5.264332138355504,6.071891341082811,0.8075592027273064,7.672253608703613,-0.1458966561921376,90,,,,,,,,,
chesca_mesh,892,5,6,6,4.7468387735940585,5.2216761379391485,0.47483736434509005,7.608335494995117,-0.10769566609901415,90,,,,,,,,,
chesca_mesh,893,6,6,0,4.737796236323223,4.7377962363232236,8.881784197001252e-16,7.608335494995117,-0.024673782396990793,90,,,,,,,,,
chesca_mesh,894,7,6,0,4.334967059353275,4.334967059353275,0.0,7.608335494995117,0.0647537701402142,90,,,,,,,,,
chesca_mesh,895,8,6,0,2.626356554917582,2.626356554917582,0.0,7.608335494995117,-0.08236282076347344,90,,,,,,,,,
chesca_mesh,896,9,6,6,1.897048531532033,2.2614618570127467,0.3644133254807138,7.608335494995117,-0.5300300519898009,90,,,,,,,,,
chesca_mesh,897,10,6,6,1.0330481203469277,1.264845865791242,0.2317977454443143,7.672253608703613,-0.7867867186302826,90,,,,,,,,,
chesca_mesh,898,11,6,6,1.7550765744054786,2.094761750351337,0.33968517594585856,7.725293159484863,-0.6767194030986846,90,,,,,,,,,
chesca_mesh,899,12,6,6,3.4777552885208123,2.601755288520812,-0.8760000000000003,7.725293159484863,0.1411109417055953,90,,,,,,,,,
chesca_mesh,900,13,6,6,5.314195212206362,4.438195212206361,-0.8760000000000003,7.725293159484863,0.21208988938012863,90,,,,,,,,,
chesca_mesh,901,14,6,6,7.3159651265356,6.4399651265356,-0.8760000000000003,7.725293159484863,0.12633095083713303,90,,,,,,,,,
chesca_mesh,902,15,6,6,8.263328387674257,7.3873283876742555,-0.8760000000000012,7.725293159484863,0.23643284278811488,90,,,,,,,,,
chesca_mesh,903,16,6,6,9.32258670945764,8.44658670945764,-0.8760000000000012,7.725293159484863,0.49848670875278145,90,,,,,,,,,
chesca_mesh,904,17,6,6,12.983008440574842,12.107008440574843,-0.8759999999999994,7.746502876281738,1.865164876669357,90,,,,,,,,,
chesca_mesh,905,18,6,6,10.829065449039657,9.953065449039658,-0.8759999999999994,7.746502876281738,0.8266209966570341,90,,,,,,,,,
chesca_mesh,906,19,6,6,11.938198735333234,11.062198735333236,-0.8759999999999977,7.746502876281738,0.9437384072408672,90,,,,,,,,,
chesca_mesh,907,20,6,6,10.124708730143,9.248708730142999,-0.8760000000000012,7.746502876281738,0.23757808875771064,90,,,,,,,,,
chesca_mesh,908,21,6,6,9.322933712082548,8.446933712082547,-0.8760000000000012,7.746502876281738,0.10572317064239188,90,,,,,,,,,
chesca_mesh,909,22,6,6,8.929926965702505,9.805926965702504,0.8759999999999994,7.746502876281738,-0.19620269849745509,90,,,,,,,,,
chesca_mesh,910,23,6,6,8.359578017111257,9.235578017111258,0.8760000000000012,7.793517112731934,-0.3538313226287614,90,,,,,,,,,
chesca_mesh,911,24,6,6,8.471090475095094,9.347090475095094,0.8759999999999994,7.793517112731934,-0.44752186760473034,90,,,,,,,,,
chesca_mesh,912,1,6,6,9.128378991480307,8.252378991480308,-0.8759999999999994,7.793517112731934,0.4821893723140089,90,,,,,,,,,
chesca_mesh,913,2,6,0,8.601336990874268,8.601336990874268,0.0,7.793517112731934,-0.002768110486070119,90,,,,,,,,,
chesca_mesh,914,3,6,6,6.587872443300631,7.4638724433006285,0.8759999999999977,7.793517112731934,-0.41370520795526644,90,,,,,,,,,
chesca_mesh,915,4,6,6,5.669027396800647,6.545027396800647,0.8759999999999994,7.746502876281738,-0.3231877179255492,90,,,,,,,,,
chesca_mesh,916,5,6,6,5.284112518509943,5.898940573959663,0.6148280554497205,7.725293159484863,-0.28260656691117647,90,,,,,,,,,
chesca_mesh,917,6,6,6,5.729353443888194,6.073562325037691,0.34420888114949655,7.725293159484863,-0.14914491091494686,90,,,,,,,,,
chesca_mesh,918,7,6,6,5.898990739128055,6.249072167772783,0.350081428644728,7.673529624938965,-0.16370418384894408,90,,,,,,,,,
chesca_mesh,919,8,6,6,4.781495809542568,5.139374576078062,0.3578787665354941,7.746502876281738,-0.8087160340458063,90,,,,,,,,,
chesca_mesh,920,9,6,6,2.6459328002152076,2.876706657656049,0.23077385744084156,7.746502876281738,-0.42977683087324847,90,,,,,,,,,
chesca_mesh,921,10,6,6,3.666031163373755,3.8863887876220486,0.22035762424829386,7.746502876281738,-0.1638782114220299,90,,,,,,,,,
chesca_mesh,922,11,6,6,4.507326465730335,4.945843206822255,0.4385167410919202,7.746502876281738,-0.2219773365046995,90,,,,,,,,,
chesca_mesh,923,12,6,6,4.456506983739324,4.8847075936429825,0.4282006099036586,7.746502876281738,-0.12131202111521759,90,,,,,,,,,
chesca_mesh,924,13,6,6,5.560640931679522,6.077644858130078,0.5170039264505562,7.746502876281738,-0.1123524788837083,90,,,,,,,,,
chesca_mesh,925,14,6,6,4.407864715890154,4.862867634582394,0.45500291869223997,7.746502876281738,-0.19940005790216042,90,,,,,,,,,
chesca_mesh,926,15,6,0,6.225674553973287,6.225674553973287,0.0,7.746502876281738,0.035726779966338135,90,,,,,,,,,
chesca_mesh,927,16,6,6,6.288418595645893,5.412418595645892,-0.8760000000000003,7.746502876281738,0.14318767492654838,90,,,,,,,,,
chesca_mesh,928,17,6,6,6.547452947366567,5.671452947366567,-0.8760000000000003,7.673529624938965,0.14668352203039253,90,,,,,,,,,
chesca_mesh,929,18,6,6,7.591222170813328,6.715222170813329,-0.8759999999999994,7.608335494995117,0.32496795524531524,90,,,,,,,,,
chesca_mesh,930,19,6,6,8.87523107506482,7.99923107506482,-0.8759999999999994,7.6044697761535645,0.4262778358363854,90,,,,,,,,,
chesca_mesh,931,20,6,6,8.398503995089897,7.522503995089894,-0.8760000000000021,7.597190856933594,0.6515060800240033,90,,,,,,,,,
chesca_mesh,932,21,6,0,7.641276906054749,7.641276906054749,0.0,7.578393936157227,0.000403291584269147,90,,,,,,,,,
chesca_mesh,933,22,6,6,6.654831068783544,7.530831068783543,0.8759999999999994,7.556181907653809,-0.1365816676346145,90,,,,,,,,,
chesca_mesh,934,23,6,6,8.043513487393863,7.167513487393863,-0.8760000000000003,7.537456035614014,0.23330993141540257,90,,,,,,,,,
chesca_mesh,935,24,6,6,9.116325023034237,8.240325023034238,-0.8759999999999994,7.537456035614014,0.45462087610582974,90,,,,,,,,,
chesca_mesh,936,1,6,6,7.988009322592913,8.864009322592914,0.8760000000000003,7.537456035614014,-0.374947757010471,90,,,,,,,,,
chesca_mesh,937,2,6,6,6.5773519625427355,7.344513235718756,0.7671612731760202,7.537456035614014,-0.452505152073306,90,,,,,,,,,
chesca_mesh,938,3,6,6,5.436896958696434,6.193691607820581,0.7567946491241466,7.526318550109863,-0.4067255334502414,90,,,,,,,,,
chesca_mesh,939,4,6,6,4.923326792887708,5.591129440910129,0.6678026480224215,7.4812140464782715,-0.26184465439705107,90,,,,,,,,,
chesca_mesh,940,5,6,6,4.975816384594494,5.3909375925474805,0.41512120795298646,7.4812140464782715,-0.1600563323417885,90,,,,,,,,,
chesca_mesh,941,6,6,6,5.157063949869363,5.3924089593845475,0.23534500951518478,7.4812140464782715,-0.09989681754587021,90,,,,,,,,,
chesca_mesh,942,7,6,6,4.354159137864178,4.574846943028514,0.22068780516433595,7.4812140464782715,-0.1323160128096006,90,,,,,,,,,
chesca_mesh,943,8,6,6,5.636650918728778,5.976281502798752,0.33963058406997426,7.4812140464782715,-0.10869162204097324,90,,,,,,,,,
chesca_mesh,944,9,6,6,4.057269730748451,4.287831717585946,0.23056198683749507,7.4812140464782715,-0.3906141753236394,90,,,,,,,,,
chesca_mesh,945,10,6,0,4.093888811855164,4.093888811855165,8.881784197001252e-16,7.4812140464782715,-0.046949711707282585,90,,,,,,,,,
chesca_mesh,946,11,6,6,2.855765762601036,3.1282841895246705,0.2725184269236345,7.4812140464782715,-0.09196251538671137,90,,,,,,,,,
chesca_mesh,947,12,6,6,1.1586980359031567,1.3815070926698305,0.22280905676667384,7.4812140464782715,-0.48351934734399943,90,,,,,,,,,
chesca_mesh,948,13,6,6,2.546142927243861,1.6701429272438604,-0.8760000000000006,7.4812140464782715,0.1452985570381048,90,,,,,,,,,
chesca_mesh,949,14,6,6,3.0547088997596177,2.1787088997596173,-0.8760000000000003,7.4316229820251465,0.08563820070478279,90,,,,,,,,,
chesca_mesh,950,15,6,6,4.654108883814594,3.778108883814595,-0.875999999999999,7.427657604217529,0.11106066624750374,90,,,,,,,,,
chesca_mesh,951,16,6,6,6.811896435357566,5.9358964353575665,-0.8759999999999994,7.427657604217529,0.16669099226849646,90,,,,,,,,,
chesca_mesh,952,17,6,6,7.762567256675833,6.886567256675832,-0.8760000000000012,7.427657604217529,0.16483600267039691,90,,,,,,,,,
chesca_mesh,953,18,6,6,10.166910088367027,9.290910088367028,-0.8759999999999994,7.427657604217529,0.9047789357412231,90,,,,,,,,,
chesca_mesh,954,19,6,6,12.422304042221418,11.546304042221415,-0.876000000000003,7.4316229820251465,1.6988297190859836,90,,,,,,,,,
chesca_mesh,955,20,6,6,11.13687911828502,10.26087911828502,-0.8759999999999994,7.480622291564941,0.7729755164997588,90,,,,,,,,,
chesca_mesh,956,21,6,6,11.067144905833363,10.191144905833363,-0.8759999999999994,7.480622291564941,0.909206130643459,90,,,,,,,,,
chesca_mesh,957,22,6,6,10.854640898626604,9.978640898626605,-0.8759999999999994,7.480622291564941,0.9223308668113224,90,,,,,,,,,
chesca_mesh,958,23,6,6,9.089101653295982,8.213101653295983,-0.8759999999999994,7.480622291564941,0.1552016313331528,90,,,,,,,,,
chesca_mesh,959,24,6,6,10.693455827056795,9.817455827056795,-0.8759999999999994,7.480622291564941,0.8979686749674125,90,,,,,,,,,
chesca_mesh,960,1,6,6,10.100224933453571,9.22422493345357,-0.8760000000000012,7.480622291564941,0.4272262930194973,90,,,,,,,,,
chesca_mesh,961,2,6,6,8.932681323035151,8.056681323035152,-0.8759999999999994,7.480622291564941,0.6718829457575595,90,,,,,,,,,
chesca_mesh,962,3,6,6,7.76009051339463,8.636090513394631,0.8760000000000012,7.480622291564941,-0.3442967990948243,90,,,,,,,,,
chesca_mesh,963,4,6,6,6.949162093157954,7.825162093157953,0.8759999999999994,7.526318550109863,-0.1549635860833773,90,,,,,,,,,
chesca_mesh,964,5,6,6,5.75230506602451,6.558075101529805,0.8057700355052946,7.526318550109863,-0.1759230089263274,90,,,,,,,,,
chesca_mesh,965,6,6,6,5.8564206006328225,6.267062124149402,0.41064152351657945,7.526318550109863,-0.09745054724983707,90,,,,,,,,,
chesca_mesh,966,7,6,6,4.509754340967522,4.853662363991761,0.3439080230242393,7.526318550109863,-0.13244519367874175,90,,,,,,,,,
chesca_mesh,967,8,6,6,4.951079095818461,5.182632610962922,0.2315535151444612,7.526318550109863,-0.10306753548237971,90,,,,,,,,,
chesca_mesh,968,9,6,6,5.281055897308414,5.501533902458048,0.22047800514963445,7.526318550109863,-0.1816393810405882,90,,,,,,,,,
chesca_mesh,969,10,6,6,3.1880019180479495,3.407794653990853,0.2197927359429035,7.526318550109863,-0.21695360655681237,90,,,,,,,,,
chesca_mesh,970,11,6,6,1.2608208381974586,1.4805711552559344,0.2197503170584758,7.526318550109863,-0.16694503997580848,90,,,,,,,,,
chesca_mesh,971,12,6,3,2.653276679476418,2.173276679476418,-0.4800000000000004,7.474120140075684,0.07511722506885031,90,,,,,,,,,
chesca_mesh,972,13,6,6,4.136140475517265,3.260140475517265,-0.8759999999999999,7.474120140075684,0.2057452037042444,90,,,,,,,,,
chesca_mesh,973,14,6,6,3.7346420821903843,2.8586420821903844,-0.8759999999999999,7.474120140075684,0.1373762483056299,90,,,,,,,,,
chesca_mesh,974,15,6,6,4.747831923619691,3.8718319236196908,-0.8759999999999999,7.474120140075684,0.22085111957922843,90,,,,,,,,,
chesca_mesh,975,16,6,6,6.6243143655148105,5.74831436551481,-0.8760000000000003,7.474120140075684,0.23901533625623245,90,,,,,,,,,
chesca_mesh,976,17,6,6,8.790462297452338,7.914462297452339,-0.8759999999999994,7.474120140075684,0.4311574201953872,90,,,,,,,,,
chesca_mesh,977,18,6,6,10.425029032055699,9.5490290320557,-0.8759999999999994,7.526318550109863,0.7536515728719809,90,,,,,,,,,
chesca_mesh,978,19,6,6,11.409995813473088,10.533995813473089,-0.8759999999999994,7.526318550109863,1.0967871374545406,90,,,,,,,,,
chesca_mesh,979,20,6,6,10.283083843469619,9.40708384346962,-0.8759999999999994,7.526318550109863,0.5760051206355434,90,,,,,,,,,
chesca_mesh,980,21,6,6,9.359373285770417,8.483373285770416,-0.8760000000000012,7.526318550109863,0.21178859261102476,90,,,,,,,,,
chesca_mesh,981,22,6,1,9.06358985696714,8.90358985696714,-0.16000000000000014,7.526318550109863,0.34128710051139166,90,,,,,,,,,
chesca_mesh,982,23,6,6,8.821400024440644,7.945400024440643,-0.8760000000000012,7.541558265686035,0.09009427103926779,90,,,,,,,,,
chesca_mesh,983,24,6,6,10.300920736610323,9.424920736610323,-0.8759999999999994,7.541558265686035,0.8479506212861441,90,,,,,,,,,
chesca_mesh,984,1,6,6,9.249598037439101,8.3735980374391,-0.8760000000000012,7.541558265686035,0.12007265118083846,90,,,,,,,,,
chesca_mesh,985,2,6,6,9.325888477532267,8.449888477532268,-0.8759999999999994,7.541558265686035,0.36255492021205893,90,,,,,,,,,
chesca_mesh,986,3,6,6,8.533169386791043,7.657169386791044,-0.8759999999999986,7.541558265686035,0.4013664311086844,90,,,,,,,,,
chesca_mesh,987,4,6,6,8.392401793777655,7.516401793777654,-0.8760000000000003,7.547069072723389,0.37818701088838264,90,,,,,,,,,
chesca_mesh,988,5,6,0,6.0351553382452785,6.0351553382452785,0.0,7.547069072723389,-0.05188084814724167,90,,,,,,,,,
chesca_mesh,989,6,6,6,6.109725562835952,5.233725562835952,-0.8760000000000003,7.547069072723389,0.08854364010443605,90,,,,,,,,,
chesca_mesh,990,7,6,6,5.509559233877017,4.633559233877016,-0.8760000000000003,7.547069072723389,0.09761670445337808,90,,,,,,,,,
chesca_mesh,991,8,6,6,5.201493919848935,4.325493919848935,-0.8760000000000003,7.547069072723389,0.09279919351484592,90,,,,,,,,,
chesca_mesh,992,9,6,0,4.094862051928338,4.094862051928338,0.0,7.547069072723389,0.0567736341809671,90,,,,,,,,,
chesca_mesh,993,10,6,0,4.015901479112891,4.01590147911289,-8.881784197001252e-16,7.547069072723389,-0.038421464996846566,90,,,,,,,,,
chesca_mesh,994,11,6,0,2.5101587427558822,2.5101587427558827,4.440892098500626e-16,7.547069072723389,0.057059071736000576,90,,,,,,,,,
chesca_mesh,995,12,6,6,4.310774756949912,4.863752430917632,0.5529776739677201,7.547069072723389,-0.09795788134570282,90,,,,,,,,,
chesca_mesh,996,13,6,0,5.4842348435064245,5.4842348435064245,0.0,7.547069072723389,0.022392888644299544,90,,,,,,,,,
chesca_mesh,997,14,6,0,5.767902537781801,5.7679025377818,-8.881784197001252e-16,7.547069072723389,-0.030785615502276542,90,,,,,,,,,
chesca_mesh,998,15,6,6,4.984312170548177,4.108312170548178,-0.8759999999999994,7.547069072723389,0.16887331103164782,90,,,,,,,,,
chesca_mesh,999,16,6,6,5.4230003205927115,4.547000320592712,-0.8759999999999994,7.547069072723389,0.47286273205156365,90,,,,,,,,,
chesca_mesh,1000,17,6,6,7.022815018643913,6.146815018643913,-0.8759999999999994,7.52867317199707,0.5160484075088662,90,,,,,,,,,
chesca_mesh,1001,18,6,6,8.102583542156964,7.226583542156965,-0.8759999999999986,7.52867317199707,0.34287553585636155,90,,,,,,,,,
chesca_mesh,1002,19,6,6,9.640077016202271,8.76407701620227,-0.8760000000000012,7.52867317199707,0.7239770862178476,90,,,,,,,,,
chesca_mesh,1003,20,6,6,8.987569960355758,9.863569960355758,0.8759999999999994,7.52867317199707,-0.5700930903519499,90,,,,,,,,,
chesca_mesh,1004,21,6,6,7.807093872402884,8.683093872402884,0.8759999999999994,7.52867317199707,-0.3265242919396232,90,,,,,,,,,
chesca_mesh,1005,22,6,6,8.224049680520292,7.348049680520291,-0.8760000000000003,7.52867317199707,0.5278174911526768,90,,,,,,,,,
chesca_mesh,1006,23,6,6,8.579612466936217,7.703612466936217,-0.8759999999999994,7.52867317199707,0.6960595923902524,90,,,,,,,,,
chesca_mesh,1007,24,6,6,9.112296458725513,8.236296458725512,-0.8760000000000012,7.52867317199707,0.2847837975661282,90,,,,,,,,,
chesca_mesh,1008,1,6,6,9.09849152427236,8.22249152427236,-0.8759999999999994,7.547069072723389,0.47849684916059565,90,,,,,,,,,
chesca_mesh,1009,2,6,6,7.786436757525929,8.662436757525931,0.8760000000000021,7.578393936157227,-0.3086316874807467,90,,,,,,,,,
chesca_mesh,1010,3,6,6,5.574427494329206,6.4504274943292055,0.8759999999999994,7.601738452911377,-0.4233813978492155,90,,,,,,,,,
chesca_mesh,1011,4,6,6,5.006109813944746,5.6523932196697695,0.6462834057250237,7.601738452911377,-0.26608925706621533,90,,,,,,,,,
chesca_mesh,1012,5,6,6,4.249815928511165,4.544661832923547,0.2948459044123819,7.601738452911377,-0.2561610679928728,90,,,,,,,,,
chesca_mesh,1013,6,6,6,4.438290662979405,4.662402572829665,0.22411190985025975,7.601738452911377,-0.10363811921225685,90,,,,,,,,,
chesca_mesh,1014,7,6,0,4.697470337047644,4.697470337047644,0.0,7.601738452911377,-0.04578877168001514,90,,,,,,,,,
chesca_mesh,1015,8,6,0,4.301812296711841,4.301812296711841,0.0,7.601738452911377,-0.07231654022725702,90,,,,,,,,,
chesca_mesh,1016,9,6,6,2.402843776715163,2.7469899067217374,0.34414613000657424,7.601738452911377,-0.10604875113727338,90,,,,,,,,,
chesca_mesh,1017,10,6,6,4.333972437323212,3.4579724373232126,-0.875999999999999,7.601738452911377,0.1557592602353232,90,,,,,,,,,
chesca_mesh,1018,11,6,6,1.1788169685861847,1.642002950740938,0.46318598215475326,7.601738452911377,-0.11517081648062796,90,,,,,,,,,
chesca_mesh,1019,12,6,6,2.2185004151903978,1.342500415190398,-0.8759999999999997,7.601738452911377,0.13041809204451787,90,,,,,,,,,
chesca_mesh,1020,13,6,6,3.235932091039356,2.3599320910393558,-0.8760000000000003,7.601738452911377,0.20645542127115227,90,,,,,,,,,
chesca_mesh,1021,14,6,6,3.3711871932432538,2.4951871932432534,-0.8760000000000003,7.601738452911377,0.12148201293960571,90,,,,,,,,,
chesca_mesh,1022,15,6,6,4.4957515934353935,3.6197515934353945,-0.875999999999999,7.601738452911377,0.11182588675392996,90,,,,,,,,,
chesca_mesh,1023,16,6,6,5.9022804417360755,5.026280441736077,-0.8759999999999986,7.601738452911377,0.2787328542630384,90,,,,,,,,,
chesca_mesh,1024,17,6,6,6.903044515362242,6.027044515362242,-0.8760000000000003,7.601738452911377,0.3137677827931824,90,,,,,,,,,
chesca_mesh,1025,18,6,6,7.921819140613045,7.045819140613045,-0.8760000000000003,7.578393936157227,0.38925785110318983,90,,,,,,,,,
chesca_mesh,1026,19,6,6,9.042463815369326,8.166463815369324,-0.8760000000000012,7.578393936157227,0.32589497954860513,90,,,,,,,,,
chesca_mesh,1027,20,6,6,8.90014771604538,8.024147716045379,-0.8760000000000012,7.547069072723389,0.15065749300466497,90,,,,,,,,,
chesca_mesh,1028,21,6,6,8.530156705617904,7.654156705617904,-0.8759999999999994,7.547069072723389,0.5549747915436601,90,,,,,,,,,
chesca_mesh,1029,22,6,6,7.319173473399893,8.195173473399892,0.8759999999999994,7.52867317199707,-0.13474295345273893,90,,,,,,,,,
chesca_mesh,1030,23,6,6,8.141503320156854,7.265503320156855,-0.8759999999999994,7.503166675567627,0.6029505065998348,90,,,,,,,,,
chesca_mesh,1031,24,6,6,7.289843613106241,8.16584361310624,0.8759999999999994,7.503166675567627,-0.2768662276539686,90,,,,,,,,,
chesca_mesh,1032,1,6,6,7.207893737411198,8.083893737411199,0.8760000000000003,7.503166675567627,-0.347166582671542,90,,,,,,,,,
chesca_mesh,1033,2,6,6,6.768007772774181,7.644007772774182,0.8760000000000003,7.503166675567627,-0.26117995927409776,90,,,,,,,,,
chesca_mesh,1034,3,6,6,5.757346101433769,6.633346101433769,0.8760000000000003,7.503166675567627,-0.36704062745651833,90,,,,,,,,,
chesca_mesh,1035,4,6,6,5.0894459839317,5.795670518553345,0.7062245346216445,7.503166675567627,-0.35722686984725793,90,,,,,,,,,
chesca_mesh,1036,5,6,6,4.914881136928598,5.223435871579952,0.30855473465135397,7.503166675567627,-0.2836778546597468,90,,,,,,,,,
chesca_mesh,1037,6,6,6,4.641440162908069,4.866523908153375,0.22508374524530605,7.503166675567627,-0.19392791854579247,90,,,,,,,,,
chesca_mesh,1038,7,6,6,3.8087044182506102,4.028812559781741,0.220108141531131,7.503166675567627,-0.11040176990916573,90,,,,,,,,,
chesca_mesh,1039,8,6,5,6.420084891762384,5.704084891762383,-0.7160000000000011,7.503166675567627,0.0906489878943992,90,,,,,,,,,
chesca_mesh,1040,9,6,6,2.6750622239744932,1.7990622239744933,-0.8759999999999999,7.503166675567627,0.11404068877016449,90,,,,,,,,,
chesca_mesh,1041,10,6,6,1.1297197130372065,1.5869425559270667,0.45722284288986015,7.438214302062988,-0.6598860281627028,90,,,,,,,,,
chesca_mesh,1042,11,6,6,0.3810706044772437,0.7276801393070683,0.3466095348298246,7.419248104095459,-0.12235018744542625,90,,,,,,,,,
chesca_mesh,1043,12,6,0,1.3590938423942462,1.359093842394246,-2.220446049250313e-16,7.419248104095459,-0.04062038946657065,90,,,,,,,,,
chesca_mesh,1044,13,6,6,2.0170056106733907,1.14100561067339,-0.8760000000000008,7.419248104095459,0.15142703940821897,90,,,,,,,,,
chesca_mesh,1045,14,6,6,1.6331709399060774,0.7571709399060769,-0.8760000000000006,7.419248104095459,0.09821486619961746,90,,,,,,,,,
chesca_mesh,1046,15,6,6,5.450358619087125,4.574358619087126,-0.8759999999999994,7.331686019897461,0.2200904062417504,90,,,,,,,,,
chesca_mesh,1047,16,6,6,6.630094705472139,7.35019731385819,0.7201026083860507,7.331686019897461,-0.24361823340109567,90,,,,,,,,,
chesca_mesh,1048,17,6,0,7.6401511242675895,7.64015112426759,8.881784197001252e-16,7.419248104095459,0.007230984062250437,90,,,,,,,,,
chesca_mesh,1049,18,6,6,7.922676081193539,7.04667608119354,-0.8759999999999994,7.503166675567627,0.13268361527259914,90,,,,,,,,,
chesca_mesh,1050,19,6,6,8.401262080691334,7.525262080691334,-0.8759999999999994,7.503166675567627,0.3752915944142815,90,,,,,,,,,
chesca_mesh,1051,20,6,6,8.893291984518424,8.017291984518423,-0.8760000000000012,7.503166675567627,0.4088593903213422,90,,,,,,,,,
chesca_mesh,1052,21,6,6,8.504377526076354,7.628377526076354,-0.8759999999999994,7.503166675567627,0.34232922821237177,90,,,,,,,,,
chesca_mesh,1053,22,6,2,8.430187096591691,8.138187096591691,-0.2919999999999998,7.503166675567627,0.23786364034658783,90,,,,,,,,,
chesca_mesh,1054,23,6,6,9.843215440227269,8.967215440227267,-0.8760000000000012,7.52867317199707,0.4743308224901119,90,,,,,,,,,
chesca_mesh,1055,24,6,6,9.53243760835691,8.65643760835691,-0.8759999999999994,7.52867317199707,0.23061776380188198,90,,,,,,,,,
chesca_mesh,1056,1,6,6,9.307513480248678,8.431513480248677,-0.8760000000000012,7.52867317199707,0.12849975254204593,90,,,,,,,,,
chesca_mesh,1057,2,6,6,8.163388991472583,9.039388991472585,0.8760000000000012,7.52867317199707,-0.38769329885137516,90,,,,,,,,,
chesca_mesh,1058,3,6,6,5.8120106028172795,6.688010602817279,0.8759999999999994,7.52867317199707,-0.7453998286565563,90,,,,,,,,,
chesca_mesh,1059,4,6,6,5.399368729090082,6.206277840498787,0.8069091114087055,7.683594703674316,-0.46499882563437966,90,,,,,,,,,
chesca_mesh,1060,5,6,6,5.036556208886494,5.511168279510024,0.4746120706235297,7.683594703674316,-0.2849975228257934,90,,,,,,,,,
chesca_mesh,1061,6,6,6,5.30688756044673,5.549895060693643,0.24300750024691364,7.683594703674316,-0.15044727492400947,90,,,,,,,,,
chesca_mesh,1062,7,6,6,4.381540639263396,4.602727767215953,0.22118712795255657,7.683594703674316,-0.11121646589091459,90,,,,,,,,,
chesca_mesh,1063,8,6,3,3.8106989978192742,3.931135693958523,0.12043669613924868,7.683594703674316,-0.09609949552293688,90,,,,,,,,,
chesca_mesh,1064,9,6,6,1.9155483732192913,2.1498369939742314,0.23428862075494017,7.831128120422363,-0.8746403913348528,90,,,,,,,,,
chesca_mesh,1065,10,6,6,2.739220012821357,2.959845743303737,0.22062573048238,7.831128120422363,-1.016934123669859,90,,,,,,,,,
chesca_mesh,1066,11,6,6,2.4385670431815254,2.6584207476988198,0.21985370451729436,7.834240913391113,-0.7148238832422622,90,,,,,,,,,
chesca_mesh,1067,12,6,6,1.0336604635590005,1.373346522907796,0.33968605934879537,7.834240913391113,-0.21380059923663447,90,,,,,,,,,
chesca_mesh,1068,13,6,6,4.488166274611057,4.827849854272686,0.3396835796616289,7.885219097137451,-0.5151582466462689,90,,,,,,,,,
chesca_mesh,1069,14,6,6,3.4687212824815683,3.92827290595287,0.4595516234713015,7.885219097137451,-0.12031939526205558,90,,,,,,,,,
chesca_mesh,1070,15,6,5,6.7122748435372,5.9962748435372,-0.7160000000000002,7.885219097137451,0.2604281113773276,90,,,,,,,,,
chesca_mesh,1071,16,6,6,6.389983487790364,7.1125034508137315,0.7225199630233679,7.885219097137451,-0.11965240231420564,90,,,,,,,,,
chesca_mesh,1072,17,6,6,7.350742616186847,6.474742616186847,-0.8759999999999994,7.885219097137451,0.0833778944640823,90,,,,,,,,,
chesca_mesh,1073,18,6,6,9.88371599415765,9.00771599415765,-0.8759999999999994,7.885219097137451,0.7366509121723878,90,,,,,,,,,
chesca_mesh,1074,19,6,6,11.313266222499855,10.437266222499856,-0.8759999999999994,7.885219097137451,1.0656029074394022,90,,,,,,,,,
chesca_mesh,1075,20,6,6,10.77731205250396,9.901312052503961,-0.8759999999999994,7.885219097137451,0.6505803403293938,90,,,,,,,,,
chesca_mesh,1076,21,6,6,10.203032764546318,9.327032764546319,-0.8759999999999994,7.885219097137451,0.3947001532436368,90,,,,,,,,,
chesca_mesh,1077,22,6,1,8.870662141777178,8.738662141777178,-0.13199999999999967,7.885219097137451,0.1866263711443108,90,,,,,,,,,
chesca_mesh,1078,23,6,6,9.527376603024672,8.651376603024673,-0.8759999999999994,7.885219097137451,0.1865679188894745,90,,,,,,,,,
chesca_mesh,1079,24,6,6,9.410331613268498,8.534331613268499,-0.8759999999999994,7.885219097137451,0.1530792507218762,90,,,,,,,,,
chesca_mesh,1080,1,6,0,8.290892163692284,8.290892163692284,0.0,7.885219097137451,0.060803089961459514,90,,,,,,,,,
chesca_mesh,1081,2,6,6,6.910623917426044,7.731235609937677,0.8206116925116334,7.885219097137451,-0.3315277356499915,90,,,,,,,,,
chesca_mesh,1082,3,6,6,5.337069243819173,6.116664503855299,0.7795952600361256,7.834240913391113,-0.29654605842151666,90,,,,,,,,,
chesca_mesh,1083,4,6,6,5.852714756036557,6.629992310824504,0.7772775547879469,7.834240913391113,-0.13860817207675297,90,,,,,,,,,
chesca_mesh,1084,5,6,6,5.082663840991027,5.686935137276418,0.6042712962853907,7.834240913391113,-0.16071779850289214,90,,,,,,,,,
chesca_mesh,1085,6,6,2,5.031444709949376,5.242704558370646,0.2112598484212702,7.834240913391113,-0.08829305618867847,90,,,,,,,,,
chesca_mesh,1086,7,6,0,4.925333894606308,4.925333894606309,8.881784197001252e-16,7.834240913391113,0.056089837199839204,90,,,,,,,,,
chesca_mesh,1087,8,6,0,3.739609774278044,3.739609774278044,0.0,7.683594703674316,-0.0029722347112092207,90,,,,,,,,,
chesca_mesh,1088,9,6,6,2.610677586175405,3.00330052529568,0.3926229391202751,7.683594703674316,-0.13724209152499184,90,,,,,,,,,
chesca_mesh,1089,10,6,0,2.0075096055617285,2.0075096055617285,0.0,7.683594703674316,0.009087364178154441,90,,,,,,,,,
chesca_mesh,1090,11,6,6,3.213919373161347,2.3379193731613457,-0.8760000000000012,7.683594703674316,0.12195288439337187,90,,,,,,,,,
chesca_mesh,1091,12,6,6,5.079161986421422,4.203161986421422,-0.8760000000000003,7.683594703674316,0.16604300171280145,90,,,,,,,,,
chesca_mesh,1092,13,6,6,4.083316668339389,3.2073166683393897,-0.8759999999999994,7.683594703674316,0.11088778806784849,90,,,,,,,,,
chesca_mesh,1093,14,6,3,4.0086662200681396,3.528666220068139,-0.4800000000000004,7.683594703674316,0.07680976579209264,90,,,,,,,,,
chesca_mesh,1094,15,6,6,5.613480156940646,4.737480156940645,-0.8760000000000012,7.683594703674316,0.2600228237843451,90,,,,,,,,,
chesca_mesh,1095,16,6,6,7.1410729539172815,6.265072953917282,-0.8759999999999994,7.683594703674316,0.6946491344196668,90,,,,,,,,,
chesca_mesh,1096,17,6,6,8.38396933139632,7.50796933139632,-0.8760000000000003,7.683594703674316,0.5919012300197578,90,,,,,,,,,
chesca_mesh,1097,18,6,6,11.492030932319238,10.616030932319239,-0.8759999999999994,7.834240913391113,0.9959272717154795,90,,,,,,,,,
chesca_mesh,1098,19,6,6,12.348665018127182,11.472665018127183,-0.8759999999999994,7.885219097137451,1.3819145137777384,90,,,,,,,,,
chesca_mesh,1099,20,6,6,12.059141486343819,11.183141486343818,-0.8760000000000012,7.915347576141357,1.20248419883525,90,,,,,,,,,
chesca_mesh,1100,21,6,6,11.746998911510778,10.870998911510776,-0.8760000000000012,7.92020845413208,1.0372332855745008,90,,,,,,,,,
chesca_mesh,1101,22,6,6,9.448672192878696,8.572672192878697,-0.8759999999999994,7.9662251472473145,0.48835024795671744,90,,,,,,,,,
chesca_mesh,1102,23,6,6,9.258447069553066,8.382447069553066,-0.8759999999999994,7.9662251472473145,0.18421294094040658,90,,,,,,,,,
chesca_mesh,1103,24,6,6,9.454306353452566,8.578306353452565,-0.8760000000000012,7.9662251472473145,0.15421156482555215,90,,,,,,,,,
chesca_mesh,1104,1,6,6,9.453999421490353,8.577999421490354,-0.8759999999999994,7.9662251472473145,0.13839418633061026,90,,,,,,,,,
chesca_mesh,1105,2,6,6,8.844046974004053,7.968046974004051,-0.8760000000000021,7.9662251472473145,0.5803012795586145,90,,,,,,,,,
chesca_mesh,1106,3,6,6,5.925889124007112,6.801889124007112,0.8760000000000003,7.9662251472473145,-0.195522617139746,90,,,,,,,,,
chesca_mesh,1107,4,6,6,5.5915227541202785,6.417283797043755,0.8257610429234763,7.9662251472473145,-0.15456026265637102,90,,,,,,,,,
chesca_mesh,1108,5,6,6,5.034887974950528,5.744605434690791,0.7097174597402631,7.9662251472473145,-0.1651232165251691,90,,,,,,,,,
chesca_mesh,1109,6,6,6,5.9586071090585575,6.422867882669333,0.4642607736107758,7.9662251472473145,-0.10781540706496692,90,,,,,,,,,
chesca_mesh,1110,7,6,4,4.369266107601712,4.653145471897882,0.2838793642961699,7.9662251472473145,-0.0980891967307202,90,,,,,,,,,
chesca_mesh,1111,8,6,0,3.7616539843777597,3.7616539843777597,0.0,7.9662251472473145,-0.061284890848597465,90,,,,,,,,,
chesca_mesh,1112,9,6,6,1.2252587927620218,1.5045608908528734,0.2793020980908516,7.9662251472473145,-0.19908136976259205,90,,,,,,,,,
chesca_mesh,1113,10,6,6,-0.10788100248693133,0.11556179924673889,0.2234428017336702,7.9662251472473145,-0.14793870245744395,90,,,,,,,,,
chesca_mesh,1114,11,6,6,1.3601929730865887,0.4841929730865894,-0.8759999999999993,7.9662251472473145,0.11142409523309295,90,,,,,,,,,
chesca_mesh,1115,12,6,6,1.1352494530144,0.2592494530143994,-0.8760000000000006,7.9662251472473145,0.08515002949078096,90,,,,,,,,,
chesca_mesh,1116,13,6,6,3.2390727190594633,2.363072719059464,-0.8759999999999994,7.9662251472473145,0.37363893426807987,90,,,,,,,,,
chesca_mesh,1117,14,6,0,4.0155529435899435,4.0155529435899435,0.0,7.9662251472473145,-0.03997574005775226,90,,,,,,,,,
chesca_mesh,1118,15,6,6,5.573095055838084,4.697095055838084,-0.8759999999999994,7.9662251472473145,0.18922004279459748,90,,,,,,,,,
chesca_mesh,1119,16,6,6,7.687336978205004,6.811336978205004,-0.8760000000000003,7.9662251472473145,0.2814539594215417,90,,,,,,,,,
chesca_mesh,1120,17,6,6,11.808556019905682,10.93255601990568,-0.8760000000000012,8.022212028503418,0.8852259447570835,90,,,,,,,,,
chesca_mesh,1121,18,6,6,11.474405396806809,10.598405396806807,-0.8760000000000012,8.042352676391602,0.9382613072328401,90,,,,,,,,,
chesca_mesh,1122,19,6,6,12.46841090429001,11.59241090429001,-0.8760000000000012,8.042352676391602,1.3519971453568145,90,,,,,,,,,
chesca_mesh,1123,20,6,6,12.844234290161797,11.968234290161798,-0.8759999999999994,8.042352676391602,1.2569105470960116,90,,,,,,,,,
chesca_mesh,1124,21,6,6,11.082456819520118,10.206456819520117,-0.8760000000000012,8.042352676391602,0.35911205037049276,90,,,,,,,,,
chesca_mesh,1125,22,6,6,9.75069443011031,8.87469443011031,-0.8759999999999994,8.042352676391602,0.5663231128793815,90,,,,,,,,,
chesca_mesh,1126,23,6,6,10.479037990817398,9.603037990817398,-0.8759999999999994,8.042352676391602,0.6585285504978657,90,,,,,,,,,
chesca_mesh,1127,24,6,6,10.143848389762114,9.267848389762115,-0.8759999999999994,8.042352676391602,0.3862986741732576,90,,,,,,,,,
chesca_mesh,1128,1,6,6,9.091228248554696,8.215228248554695,-0.8760000000000012,8.042352676391602,0.34944240721126835,90,,,,,,,,,
chesca_mesh,1129,2,6,6,8.296477580743545,7.420477580743545,-0.8760000000000003,8.042352676391602,0.09982103095846254,90,,,,,,,,,
chesca_mesh,1130,3,6,0,5.9991108970642095,5.9991108970642095,0.0,8.042352676391602,-0.06525541845736653,90,,,,,,,,,
chesca_mesh,1131,4,6,0,5.887533418416978,5.887533418416977,-8.881784197001252e-16,8.022212028503418,0.057292984879457734,90,,,,,,,,,
chesca_mesh,1132,5,6,0,5.2596357732468695,5.25963577324687,8.881784197001252e-16,8.022212028503418,0.04599650371384924,90,,,,,,,,,
chesca_mesh,1133,6,6,6,5.350384834516138,4.474384834516138,-0.8760000000000003,8.022212028503418,0.13930848372521615,90,,,,,,,,,
chesca_mesh,1134,7,6,6,5.282877883672937,4.406877883672937,-0.8759999999999994,8.022212028503418,0.20803386061870754,90,,,,,,,,,
chesca_mesh,1135,8,6,6,4.440866841880127,5.14792951717477,0.707062675294643,8.042352676391602,-0.22746911689122856,90,,,,,,,,,
chesca_mesh,1136,9,6,0,3.165219606961905,3.165219606961905,0.0,8.042352676391602,0.019385292000023452,90,,,,,,,,,
chesca_mesh,1137,10,6,6,3.3722283344790496,2.4962283344790492,-0.8760000000000003,8.042352676391602,0.0970028155582903,90,,,,,,,,,
chesca_mesh,1138,11,6,6,3.1217650620665163,2.245765062066516,-0.8760000000000003,8.042352676391602,0.30280575418210476,90,,,,,,,,,
chesca_mesh,1139,12,6,6,3.7883355288670533,2.912335528867052,-0.8760000000000012,8.042352676391602,0.22067753640910387,90,,,,,,,,,
chesca_mesh,1140,13,6,6,5.234458535148894,4.358458535148894,-0.8760000000000003,8.042352676391602,0.43869495821235627,90,,,,,,,,,
chesca_mesh,1141,14,6,6,6.208179907025674,5.332179907025672,-0.8760000000000012,8.042352676391602,0.36180749937773193,90,,,,,,,,,
chesca_mesh,1142,15,6,6,6.745982077737008,5.8699820777370055,-0.8760000000000021,8.042352676391602,0.26676271055290524,90,,,,,,,,,
chesca_mesh,1143,16,6,6,7.762796568934665,6.886796568934665,-0.8760000000000003,8.042352676391602,0.273178269650621,90,,,,,,,,,
chesca_mesh,1144,17,6,6,10.47367782587735,9.59767782587735,-0.8760000000000012,8.042352676391602,0.9128643191982008,90,,,,,,,,,
chesca_mesh,1145,18,6,6,11.935367419142079,11.05936741914208,-0.8759999999999994,8.042352676391602,1.219978164635663,90,,,,,,,,,
chesca_mesh,1146,19,6,6,14.254451544626448,13.37845154462645,-0.8759999999999977,8.042352676391602,1.5129690070342146,90,,,,,,,,,
chesca_mesh,1147,20,6,6,13.342092260638571,12.466092260638574,-0.8759999999999977,8.042352676391602,0.6731620422796752,90,,,,,,,,,
chesca_mesh,1148,21,6,6,11.617052344696793,10.74105234469679,-0.876000000000003,8.042352676391602,0.710729702689474,90,,,,,,,,,
chesca_mesh,1149,22,6,6,10.359562701838401,9.4835627018384,-0.8760000000000012,8.042352676391602,0.7280981642235902,90,,,,,,,,,
chesca_mesh,1150,23,6,6,10.583524821254619,9.707524821254617,-0.8760000000000012,8.042352676391602,0.6247157928472149,90,,,,,,,,,
chesca_mesh,1151,24,6,6,11.085486487819432,10.209486487819433,-0.8759999999999994,8.05316162109375,0.7402763722422534,90,,,,,,,,,
chesca_mesh,1152,1,6,6,10.700619702930885,9.824619702930883,-0.8760000000000012,8.05316162109375,0.5194314164348125,90,,,,,,,,,
chesca_mesh,1153,2,6,6,9.539716759263902,8.6637167592639,-0.8760000000000012,8.05316162109375,0.14225730506479212,90,,,,,,,,,
chesca_mesh,1154,3,6,0,7.900874869346333,7.900874869346333,0.0,8.05316162109375,0.02056604416917608,90,,,,,,,,,
chesca_mesh,1155,4,6,6,5.8398260395526895,6.715826039552688,0.8759999999999986,8.05316162109375,-0.15292148207554968,90,,,,,,,,,
chesca_mesh,1156,5,6,0,5.227397321742193,5.227397321742193,0.0,8.05316162109375,0.006034273060203571,90,,,,,,,,,
chesca_mesh,1157,6,6,6,5.539785960298269,4.663785960298268,-0.8760000000000003,8.05316162109375,0.09881496346889736,90,,,,,,,,,
chesca_mesh,1158,7,6,6,5.381922452298676,4.505922452298676,-0.8760000000000003,8.05316162109375,0.18187190187399405,90,,,,,,,,,
chesca_mesh,1159,8,6,6,5.3593073674565606,6.142658486758096,0.7833511193015354,8.071687698364258,-0.40538023851849864,90,,,,,,,,,
chesca_mesh,1160,9,6,0,3.5749147047544474,3.574914704754447,-4.440892098500626e-16,8.071687698364258,0.010170279252128434,90,,,,,,,,,
chesca_mesh,1161,10,6,6,3.4235342478094783,2.5475342478094785,-0.8759999999999999,8.071687698364258,0.0965925588484772,90,,,,,,,,,
chesca_mesh,1162,11,6,6,3.0959647658956784,2.219964765895678,-0.8760000000000003,8.071687698364258,0.19515969306401829,90,,,,,,,,,
chesca_mesh,1163,12,6,6,3.3708262220627065,2.494826222062706,-0.8760000000000003,8.071687698364258,0.24919491806016547,90,,,,,,,,,
chesca_mesh,1164,13,6,6,5.510253065635775,4.634253065635775,-0.8759999999999994,8.071687698364258,0.4245545594961525,90,,,,,,,,,
chesca_mesh,1165,14,6,6,4.967893330975073,5.580601899947952,0.6127085689728791,8.106112480163574,-0.13239727742843296,90,,,,,,,,,
chesca_mesh,1166,15,6,6,6.644436892398291,7.304597732817315,0.6601608404190236,8.127073287963867,-0.1505453197560438,90,,,,,,,,,
chesca_mesh,1167,16,6,6,8.098386114834733,7.222386114834733,-0.8760000000000003,8.177488327026367,0.1770034461739649,90,,,,,,,,,
chesca_mesh,1168,17,6,6,8.790703879341361,7.914703879341361,-0.8760000000000003,8.226960182189941,0.10311932803688505,90,,,,,,,,,
chesca_mesh,1169,18,6,6,8.659954672089292,7.783954672089291,-0.8760000000000003,8.226960182189941,0.4511533231588811,90,,,,,,,,,
chesca_mesh,1170,19,6,6,13.766849618868694,12.890849618868693,-0.8760000000000012,8.177488327026367,1.8591449387880226,90,,,,,,,,,
chesca_mesh,1171,20,6,6,13.002676132279676,12.126676132279677,-0.8759999999999994,8.177488327026367,1.1655283447120026,90,,,,,,,,,
chesca_mesh,1172,21,6,6,12.068992855089617,11.192992855089617,-0.8759999999999994,8.177488327026367,0.8304565341004819,90,,,,,,,,,
chesca_mesh,1173,22,6,6,9.10120387066131,9.97720387066131,0.8759999999999994,8.177488327026367,-0.3687360808862079,90,,,,,,,,,
chesca_mesh,1174,23,6,6,8.662438173917462,7.78643817391746,-0.8760000000000012,8.177488327026367,0.42086389577051236,90,,,,,,,,,
chesca_mesh,1175,24,6,6,10.617489510595234,9.741489510595231,-0.876000000000003,8.177488327026367,0.6793183555443594,90,,,,,,,,,
chesca_mesh,1176,1,6,6,10.045563542934174,9.169563542934174,-0.8759999999999994,8.177488327026367,0.19729092380619626,90,,,,,,,,,
chesca_mesh,1177,2,6,6,9.150707134076654,8.274707134076655,-0.8759999999999994,8.177488327026367,0.37423648321462993,90,,,,,,,,,
chesca_mesh,1178,3,6,0,7.363693851007791,7.363693851007792,8.881784197001252e-16,8.14007568359375,0.03049888244712061,90,,,,,,,,,
chesca_mesh,1179,4,6,6,10.337749556668381,9.461749556668382,-0.8759999999999994,8.14007568359375,0.6562624119530946,90,,,,,,,,,
chesca_mesh,1180,5,6,6,5.285368333678605,4.409368333678605,-0.8759999999999994,8.14007568359375,0.08382426916709491,90,,,,,,,,,
chesca_mesh,1181,6,6,6,6.116855505589165,5.240855505589166,-0.8759999999999994,8.14007568359375,0.19681081978048798,90,,,,,,,,,
chesca_mesh,1182,7,6,6,5.2313424086004545,4.355342408600455,-0.8759999999999994,8.14007568359375,0.10896909481590444,90,,,,,,,,,
chesca_mesh,1183,8,6,6,4.890872426728558,4.014872426728558,-0.8760000000000003,8.14007568359375,0.12708445800845203,90,,,,,,,,,
chesca_mesh,1184,9,6,6,5.5847936395875175,6.331963758092822,0.7471701185053048,8.187146186828613,-0.12546401420772385,90,,,,,,,,,
chesca_mesh,1185,10,6,6,3.924427216439002,3.0484272164390016,-0.8760000000000003,8.187146186828613,0.11625430233957848,90,,,,,,,,,
chesca_mesh,1186,11,6,0,1.9595019467988546,1.9595019467988548,2.220446049250313e-16,8.187146186828613,0.031038327344781583,90,,,,,,,,,
chesca_mesh,1187,12,6,6,2.844776624372912,1.9687766243729132,-0.8759999999999988,8.187146186828613,0.15018752934785246,90,,,,,,,,,
chesca_mesh,1188,13,6,6,4.23858927726738,3.3625892772673796,-0.8760000000000003,8.187146186828613,0.09779101450858625,90,,,,,,,,,
chesca_mesh,1189,14,6,6,5.449369927342711,4.573369927342711,-0.8760000000000003,8.187146186828613,0.11455409099652936,90,,,,,,,,,
chesca_mesh,1190,15,6,0,4.7120367990758965,4.7120367990758965,0.0,8.187146186828613,-0.07088078302513122,90,,,,,,,,,
chesca_mesh,1191,16,6,6,5.676858327632026,4.800858327632026,-0.8759999999999994,8.187146186828613,0.33272562461834626,90,,,,,,,,,
chesca_mesh,1192,17,6,6,7.022863008463307,6.146863008463305,-0.8760000000000012,8.187146186828613,0.6051666911241965,90,,,,,,,,,
chesca_mesh,1193,18,6,6,7.866768435209559,6.990768435209559,-0.8759999999999994,8.187146186828613,0.450875925591745,90,,,,,,,,,
chesca_mesh,1194,19,6,6,9.415574124057269,8.539574124057268,-0.8760000000000012,8.187146186828613,0.33391247251950773,90,,,,,,,,,
chesca_mesh,1195,20,6,6,10.192337584193805,9.316337584193805,-0.8759999999999994,8.187146186828613,0.47193080235984763,90,,,,,,,,,
chesca_mesh,1196,21,6,6,10.482112856297947,9.60611285629795,-0.8759999999999977,8.187146186828613,0.49562439949551923,90,,,,,,,,,
chesca_mesh,1197,22,6,0,8.640507827989229,8.640507827989229,0.0,8.226960182189941,0.07725358926050134,90,,,,,,,,,
chesca_mesh,1198,23,6,6,8.75891786497827,7.88291786497827,-0.8760000000000003,8.273017883300781,0.23101395450678242,90,,,,,,,,,
chesca_mesh,1199,24,6,6,8.220440209329086,7.344440209329086,-0.8759999999999994,8.273017883300781,0.11645899375907526,90,,,,,,,,,
chesca_mesh,1200,1,6,6,9.884750374811885,9.008750374811887,-0.8759999999999977,8.30228328704834,0.29499319311081734,90,,,,,,,,,
chesca_mesh,1201,2,6,0,8.114173865094795,8.114173865094795,0.0,8.305004119873047,-0.010452565498660887,90,,,,,,,,,
chesca_mesh,1202,3,6,0,6.803704169134175,6.803704169134175,0.0,8.305004119873047,-0.038874975955911065,90,,,,,,,,,
chesca_mesh,1203,4,6,0,5.7402658586079,5.7402658586079,0.0,8.305004119873047,0.017566251581285122,90,,,,,,,,,
chesca_mesh,1204,5,6,6,8.410151127914073,7.534151127914072,-0.8760000000000012,8.305004119873047,0.2617779382082692,90,,,,,,,,,
chesca_mesh,1205,6,6,6,6.283152744652738,5.407152744652738,-0.8760000000000003,8.305004119873047,0.24510324636524544,90,,,,,,,,,
chesca_mesh,1206,7,6,6,5.986106114444475,5.110106114444475,-0.8759999999999994,8.305004119873047,0.18491911808637002,90,,,,,,,,,
chesca_mesh,1207,8,6,6,4.552244111332332,3.6762441113323323,-0.8759999999999994,8.305004119873047,0.14174018582661374,90,,,,,,,,,
chesca_mesh,1208,9,6,0,3.690035329101639,3.690035329101639,0.0,8.305004119873047,-0.010229918059644294,90,,,,,,,,,
chesca_mesh,1209,10,6,0,3.5671524059433364,3.5671524059433364,0.0,8.305004119873047,-0.03185260640155385,90,,,,,,,,,
chesca_mesh,1210,11,6,0,3.326473639315513,3.326473639315513,0.0,8.305004119873047,0.03487868426564297,90,,,,,,,,,
chesca_mesh,1211,12,6,6,4.953326617943662,5.436864491899771,0.4835378739561085,8.309890747070312,-0.2837530951188281,90,,,,,,,,,
chesca_mesh,1212,13,6,6,5.473377953973387,4.597377953973387,-0.8759999999999994,8.309890747070312,0.12410898588928247,90,,,,,,,,,
chesca_mesh,1213,14,6,6,4.437845817333783,3.5618458173337824,-0.8760000000000008,8.309890747070312,0.09869594878844962,90,,,,,,,,,
chesca_mesh,1214,15,6,6,6.857930447156598,5.981930447156597,-0.8760000000000003,8.309890747070312,0.2779471922782945,90,,,,,,,,,
chesca_mesh,1215,16,6,6,8.433913349262784,7.557913349262785,-0.8759999999999994,8.305004119873047,0.5436084022276559,90,,,,,,,,,
chesca_mesh,1216,17,6,6,11.088359472911767,10.212359472911768,-0.8759999999999994,8.30228328704834,1.2729210946883984,90,,,,,,,,,
chesca_mesh,1217,18,6,6,11.411703979016366,10.535703979016365,-0.8760000000000012,8.305004119873047,1.1083493921427612,90,,,,,,,,,
chesca_mesh,1218,19,6,6,11.890078230710232,11.014078230710233,-0.8759999999999994,8.309890747070312,0.8625313072398939,90,,,,,,,,,
chesca_mesh,1219,20,6,6,10.057378541076117,9.181378541076118,-0.8759999999999994,8.3168306350708,0.20958178397929367,90,,,,,,,,,
chesca_mesh,1220,21,6,6,9.018509953134867,8.142509953134867,-0.8759999999999994,8.3168306350708,0.32836463818908196,90,,,,,,,,,
chesca_mesh,1221,22,6,0,8.236195539456753,8.236195539456752,-1.7763568394002505e-15,8.336149215698242,0.016167302788683925,90,,,,,,,,,
chesca_mesh,1222,23,6,0,8.415391301291656,8.415391301291654,-1.7763568394002505e-15,8.377358436584473,0.018026935126614754,90,,,,,,,,,
chesca_mesh,1223,24,6,6,7.323515936164118,8.199515936164119,0.8760000000000003,8.377358436584473,-0.14911137288406448,90,,,,,,,,,
chesca_mesh,1224,1,6,6,7.512342566247944,8.388342566247944,0.8760000000000003,8.377358436584473,-0.11408225442166732,90,,,,,,,,,
chesca_mesh,1225,2,6,6,6.202502813188686,7.0785028131886865,0.8760000000000003,8.41388988494873,-0.22874515643476298,90,,,,,,,,,
chesca_mesh,1226,3,6,6,5.540343627976863,6.416343627976864,0.8760000000000003,8.377358436584473,-0.10647483284787487,90,,,,,,,,,
chesca_mesh,1227,4,6,6,5.1874095952024195,5.820643781895091,0.6332341866926718,8.377358436584473,-0.08739503698170141,90,,,,,,,,,
chesca_mesh,1228,5,6,6,4.419722116013293,4.692381382179766,0.27265926616647285,8.377358436584473,-0.12776317313829808,90,,,,,,,,,
chesca_mesh,1229,6,6,0,5.119396737234925,5.119396737234925,0.0,8.377358436584473,0.030178083852864496,90,,,,,,,,,
chesca_mesh,1230,7,6,6,4.9194567093907136,4.109456709390714,-0.8099999999999996,8.377358436584473,0.08287144187454192,90,,,,,,,,,
chesca_mesh,1231,8,6,6,4.342538807826912,3.466538807826912,-0.8760000000000003,8.377358436584473,0.15278304060739514,90,,,,,,,,,
chesca_mesh,1232,9,6,6,2.6477980390484293,3.203407935278445,0.5556098962300156,8.377358436584473,-0.5857850058537613,90,,,,,,,,,
chesca_mesh,1233,10,6,6,1.644383089816875,2.020034411742836,0.3756513219259612,8.3267822265625,-0.10927944281134065,90,,,,,,,,,
chesca_mesh,1234,11,6,5,4.307645906524117,3.563645906524117,-0.7440000000000002,8.3267822265625,0.11268259480778682,90,,,,,,,,,
chesca_mesh,1235,12,6,6,6.044150370124636,5.168150370124636,-0.8760000000000003,8.3267822265625,0.33729995034189764,90,,,,,,,,,
chesca_mesh,1236,13,6,6,4.751894607430775,3.875894607430775,-0.8759999999999999,8.305004119873047,0.1360069154790523,90,,,,,,,,,
chesca_mesh,1237,14,6,6,5.503193486500284,4.627193486500284,-0.8760000000000003,8.305004119873047,0.1117645531429673,90,,,,,,,,,
chesca_mesh,1238,15,6,6,6.867122509307336,5.991122509307336,-0.8760000000000003,8.305004119873047,0.17454232026193142,90,,,,,,,,,
chesca_mesh,1239,16,6,6,8.976782748956536,8.100782748956535,-0.8760000000000012,8.30228328704834,0.41345452014483464,90,,,,,,,,,
chesca_mesh,1240,17,6,6,10.859827638869104,9.983827638869105,-0.8759999999999994,8.30228328704834,0.6142148783713606,90,,,,,,,,,
chesca_mesh,1241,18,6,6,10.553330708306133,9.677330708306133,-0.8759999999999994,8.30228328704834,0.586043366323305,90,,,,,,,,,
chesca_mesh,1242,19,6,6,13.7009340318629,12.824934031862899,-0.8760000000000012,8.305004119873047,1.5447512199370848,90,,,,,,,,,
chesca_mesh,1243,20,6,6,10.453209958215611,9.57720995821561,-0.8760000000000012,8.305004119873047,0.27752652670527045,90,,,,,,,,,
chesca_mesh,1244,21,6,6,10.225026711529086,9.349026711529087,-0.8759999999999994,8.305004119873047,0.23983099289611295,90,,,,,,,,,
chesca_mesh,1245,22,6,1,9.72439337408083,9.564393374080828,-0.16000000000000192,8.30228328704834,0.4310126919468673,90,,,,,,,,,
chesca_mesh,1246,23,6,6,9.684591071980666,8.808591071980665,-0.8760000000000012,8.30228328704834,0.50875961020195,90,,,,,,,,,
chesca_mesh,1247,24,6,6,10.134931666033934,9.258931666033936,-0.8759999999999977,8.305004119873047,0.15801593397889957,90,,,,,,,,,
chesca_mesh,1248,1,6,0,9.287567839530636,9.287567839530636,0.0,8.3267822265625,0.055225657300149084,90,,,,,,,,,
chesca_mesh,1249,2,6,6,8.716717641103088,9.59271764110309,0.8760000000000012,8.3267822265625,-0.3624699704369929,90,,,,,,,,,
chesca_mesh,1250,3,6,6,6.446938362564662,7.3229383625646625,0.8760000000000003,8.386835098266602,-0.45820332047991486,90,,,,,,,,,
chesca_mesh,1251,4,6,6,5.96610214435326,6.761711251457475,0.7956091071042151,8.386835098266602,-0.3062552324409532,90,,,,,,,,,
chesca_mesh,1252,5,6,6,5.275971216207888,5.810817560358621,0.5348463441507327,8.386835098266602,-0.3542041210705733,90,,,,,,,,,
chesca_mesh,1253,6,6,6,6.009403742614405,6.453677399929274,0.44427365731486823,8.386835098266602,-0.2582700884932906,90,,,,,,,,,
chesca_mesh,1254,7,6,6,5.480526184289394,5.818317789045972,0.3377916047565783,8.386835098266602,-0.21862646502159305,90,,,,,,,,,
chesca_mesh,1255,8,6,6,3.2734418800283196,3.5028998092878645,0.2294579292595449,8.386835098266602,-0.2929756174113266,90,,,,,,,,,
chesca_mesh,1256,9,6,6,2.6661073029598157,2.886579730594162,0.22047242763434616,8.386835098266602,-0.11704209547481054,90,,,,,,,,,
chesca_mesh,1257,10,6,6,2.506507585313154,2.726469154870548,0.2199615695573942,8.386835098266602,-0.1347644129229831,90,,,,,,,,,
chesca_mesh,1258,11,6,6,0.6902377977281731,1.0090148022457952,0.31877700451762214,8.386835098266602,-0.7201793809738161,90,,,,,,,,,
chesca_mesh,1259,12,6,0,0.6781436759255524,0.6781436759255524,0.0,8.386835098266602,-0.008867198742031387,90,,,,,,,,,
chesca_mesh,1260,13,6,6,4.180180441380639,3.3041804413806393,-0.8759999999999994,8.386835098266602,0.24044855318941416,90,,,,,,,,,
chesca_mesh,1261,14,6,6,4.803341344975942,3.927341344975941,-0.8760000000000008,8.386835098266602,0.13327971504352512,90,,,,,,,,,
chesca_mesh,1262,15,6,0,4.303022456841433,4.3030224568414335,8.881784197001252e-16,8.386835098266602,0.06190366725751202,90,,,,,,,,,
chesca_mesh,1263,16,6,6,7.0036328894273705,6.156037941169651,-0.8475949482577194,8.386835098266602,0.523075777457905,90,,,,,,,,,
chesca_mesh,1264,17,6,6,8.125996047163424,7.249996047163425,-0.8759999999999994,8.386835098266602,0.5024175660336693,90,,,,,,,,,
chesca_mesh,1265,18,6,6,9.08543104743149,8.209431047431492,-0.8759999999999977,8.3267822265625,0.3686543429888734,90,,,,,,,,,
chesca_mesh,1266,19,6,6,12.775520063808914,11.899520063808914,-0.8759999999999994,8.3267822265625,1.1745291510374662,90,,,,,,,,,
chesca_mesh,1267,20,6,6,12.656586967891357,11.780586967891356,-0.8760000000000012,8.3267822265625,0.730055477321949,90,,,,,,,,,
chesca_mesh,1268,21,6,6,10.867252578223503,9.991252578223502,-0.8760000000000012,8.3267822265625,0.23786518758090985,90,,,,,,,,,
chesca_mesh,1269,22,6,0,9.636615018260906,9.636615018260906,0.0,8.3267822265625,0.2507370872917011,90,,,,,,,,,
chesca_mesh,1270,23,6,6,10.908152943408759,10.032152943408757,-0.8760000000000012,8.386835098266602,0.15035970232140522,90,,,,,,,,,
chesca_mesh,1271,24,6,6,9.761139369428115,8.885139369428115,-0.8759999999999994,8.386961936950684,0.5077133389795776,90,,,,,,,,,
chesca_mesh,1272,1,6,6,10.219015701711134,9.343015701711135,-0.8759999999999994,8.386961936950684,0.11680560978578011,90,,,,,,,,,
chesca_mesh,1273,2,6,0,9.06451388669207,9.064513886692072,1.7763568394002505e-15,8.386961936950684,-0.028223555953349744,90,,,,,,,,,
chesca_mesh,1274,3,6,6,7.012138542943088,7.8881385429430875,0.8759999999999994,8.430636405944824,-0.27216575081286776,90,,,,,,,,,
chesca_mesh,1275,4,6,6,5.622991059372333,6.498991059372333,0.8760000000000003,8.430636405944824,-0.33963364548733443,90,,,,,,,,,
chesca_mesh,1276,5,6,6,5.237738196914873,5.835114092868029,0.5973758959531557,8.430636405944824,-0.26292775734448437,90,,,,,,,,,
chesca_mesh,1277,6,6,6,5.644003128477335,6.194375402709076,0.5503722742317407,8.430636405944824,-0.12791403477662827,90,,,,,,,,,
chesca_mesh,1278,7,6,6,5.16457148179804,5.503739797391305,0.3391683155932652,8.430636405944824,-0.15305670437650154,90,,,,,,,,,
chesca_mesh,1279,8,6,6,4.5475916782261905,4.776801739372554,0.22921006114636366,8.430636405944824,-0.26197000190752473,90,,,,,,,,,
chesca_mesh,1280,9,6,6,4.0157761170506765,4.236248887280831,0.22047277023015432,8.430636405944824,-0.33725702929500795,90,,,,,,,,,
chesca_mesh,1281,10,6,6,2.9152196208097765,3.1351950321547384,0.2199754113449619,8.430636405944824,-0.1329487845342873,90,,,,,,,,,
chesca_mesh,1282,11,6,6,3.030657257014727,3.2506043306433643,0.2199470736286373,8.430636405944824,-0.11874061142697886,90,,,,,,,,,
chesca_mesh,1283,12,6,6,2.4476448693165747,2.667590346058238,0.21994547674166354,8.430636405944824,-0.32382526157241776,90,,,,,,,,,
chesca_mesh,1284,13,6,0,3.517704004042363,3.517704004042363,0.0,8.430636405944824,-0.012245705022883815,90,,,,,,,,,
chesca_mesh,1285,14,6,6,4.309125455622048,3.433125455622049,-0.8759999999999994,8.430636405944824,0.12680797508542424,90,,,,,,,,,
chesca_mesh,1286,15,6,6,6.562549095940513,5.686549095940513,-0.8760000000000003,8.430636405944824,0.2848053951789966,90,,,,,,,,,
chesca_mesh,1287,16,6,6,8.00932649033348,7.133326490333481,-0.8759999999999994,8.430636405944824,0.2056327378053526,90,,,,,,,,,
chesca_mesh,1288,17,6,6,11.193413537318278,10.317413537318279,-0.8759999999999994,8.386961936950684,0.8673164437039314,90,,,,,,,,,
chesca_mesh,1289,18,6,6,13.232852902918697,12.356852902918698,-0.8759999999999994,8.386961936950684,1.3190117436139512,90,,,,,,,,,
chesca_mesh,1290,19,6,6,16.284302092685227,15.40830209268523,-0.8759999999999977,8.386961936950684,2.218284836415975,90,,,,,,,,,
chesca_mesh,1291,20,6,6,12.734563072919846,11.858563072919845,-0.8760000000000012,8.386961936950684,0.662669686595819,90,,,,,,,,,
chesca_mesh,1292,21,6,6,12.021477344036102,11.145477344036102,-0.8759999999999994,8.386961936950684,0.7257820020651661,90,,,,,,,,,
chesca_mesh,1293,22,6,0,10.06142726240812,10.06142726240812,0.0,8.386961936950684,0.24985780640331517,90,,,,,,,,,
chesca_mesh,1294,23,6,6,9.88727310279148,9.01127310279148,-0.8760000000000012,8.430636405944824,0.37843992071003474,90,,,,,,,,,
chesca_mesh,1295,24,6,6,10.48066436908709,9.604664369087093,-0.8759999999999977,8.430636405944824,0.3078257501986117,90,,,,,,,,,
chesca_mesh,1296,1,6,6,10.846207766591224,9.970207766591223,-0.8760000000000012,8.430636405944824,0.3650722116693781,90,,,,,,,,,
chesca_mesh,1297,2,6,6,8.669273795645687,9.545273795645688,0.8760000000000012,8.471013069152832,-0.32349130330373393,90,,,,,,,,,
chesca_mesh,1298,3,6,6,6.881592764032186,7.757592764032186,0.8759999999999994,8.50669002532959,-0.32660396356389804,90,,,,,,,,,
chesca_mesh,1299,4,6,6,6.021687630978043,6.748284039947699,0.7265964089696562,8.50669002532959,-0.2782502833069803,90,,,,,,,,,
chesca_mesh,1300,5,6,6,5.249554363415978,5.828912721299184,0.5793583578832058,8.50669002532959,-0.3408372093744837,90,,,,,,,,,
chesca_mesh,1301,6,6,6,5.445340355768287,5.787604940315452,0.34226458454716546,8.50669002532959,-0.14705961449448063,90,,,,,,,,,
chesca_mesh,1302,7,6,6,4.179234520348084,4.4105687290788635,0.2313342087307797,8.50669002532959,-0.15134485081332053,90,,,,,,,,,
chesca_mesh,1303,8,6,6,3.1412951323264875,3.361901616639543,0.22060648431305552,8.50669002532959,-0.1442275859515479,90,,,,,,,,,
chesca_mesh,1304,9,6,6,1.4199920999932276,1.6399881756353492,0.21999607564212154,8.50669002532959,-0.11870006911256964,90,,,,,,,,,
chesca_mesh,1305,10,6,0,1.6379630458422503,1.6379630458422505,2.220446049250313e-16,8.50669002532959,-0.07867854052217262,90,,,,,,,,,
chesca_mesh,1306,11,6,6,3.5402442912306284,2.6642442912306294,-0.875999999999999,8.50669002532959,0.08258636814109502,90,,,,,,,,,
chesca_mesh,1307,12,6,6,3.0321971208417846,2.1561971208417843,-0.8760000000000003,8.50669002532959,0.16120933432383827,90,,,,,,,,,
chesca_mesh,1308,13,6,6,4.599168338507365,3.723168338507365,-0.8759999999999999,8.50669002532959,0.2831840677098669,90,,,,,,,,,
chesca_mesh,1309,14,6,6,5.333681581853423,4.4576815818534214,-0.8760000000000012,8.50669002532959,0.3410583070908138,90,,,,,,,,,
chesca_mesh,1310,15,6,6,7.892568624160033,7.016568624160034,-0.8759999999999986,8.50669002532959,0.33653412847910036,90,,,,,,,,,
chesca_mesh,1311,16,6,6,11.324953471367724,10.448953471367725,-0.8759999999999994,8.50669002532959,0.8193164041258442,90,,,,,,,,,
chesca_mesh,1312,17,6,6,15.3002006882761,14.424200688276096,-0.876000000000003,8.52819538116455,2.0358636700971506,90,,,,,,,,,
chesca_mesh,1313,18,6,6,14.236102656573916,13.360102656573916,-0.8759999999999994,8.52819538116455,1.2905472337365782,90,,,,,,,,,
chesca_mesh,1314,19,6,6,16.983209557232197,16.1072095572322,-0.8759999999999977,8.52819538116455,2.3458790909038245,90,,,,,,,,,
chesca_mesh,1315,20,6,6,12.330818695121131,11.454818695121132,-0.8759999999999994,8.52819538116455,0.5293559968021662,90,,,,,,,,,
chesca_mesh,1316,21,6,6,11.590866398777802,10.714866398777803,-0.8759999999999994,8.52819538116455,0.6240139659764882,90,,,,,,,,,
chesca_mesh,1317,22,6,0,9.24893862959354,9.24893862959354,0.0,8.52819538116455,0.1582637723931768,90,,,,,,,,,
chesca_mesh,1318,23,6,6,10.46493524771872,9.588935247718721,-0.8759999999999994,8.52819538116455,0.3320286619564711,90,,,,,,,,,
chesca_mesh,1319,24,6,6,9.005124256431412,9.881124256431413,0.8760000000000012,8.52819538116455,-0.38167940703557246,90,,,,,,,,,
chesca_mesh,1320,1,6,6,8.241049619693552,9.117049619693551,0.8759999999999994,8.52819538116455,-0.23540475015702597,90,,,,,,,,,
chesca_mesh,1321,2,6,6,7.175783692075056,8.051783692075057,0.8760000000000012,8.52819538116455,-0.13026337229464766,90,,,,,,,,,
chesca_mesh,1322,3,6,6,6.2259167674542955,7.101916767454294,0.8759999999999986,8.50669002532959,-0.1025920314523036,90,,,,,,,,,
chesca_mesh,1323,4,6,5,5.639533803212949,6.301726508887553,0.6621927056746042,8.471013069152832,-0.09200581173636695,90,,,,,,,,,
chesca_mesh,1324,5,6,5,5.294777789881261,5.767861435359228,0.473083645477967,8.471013069152832,-0.1003110410868022,90,,,,,,,,,
chesca_mesh,1325,6,6,0,5.261315192018758,5.261315192018759,8.881784197001252e-16,8.471013069152832,0.029304739281392024,90,,,,,,,,,
chesca_mesh,1326,7,6,0,5.294462650536545,5.294462650536544,-8.881784197001252e-16,8.471013069152832,-0.04304820883054385,90,,,,,,,,,
chesca_mesh,1327,8,6,6,4.371643959734392,4.743814890795787,0.37217093106139476,8.430636405944824,-0.12173725934935947,90,,,,,,,,,
chesca_mesh,1328,9,6,6,2.3605912739305888,2.6138513472865155,0.2532600733559267,8.430636405944824,-0.18078360570061336,90,,,,,,,,,
chesca_mesh,1329,10,6,0,1.1205108375232078,1.1205108375232078,0.0,8.430636405944824,0.01458453055270274,90,,,,,,,,,
chesca_mesh,1330,11,6,6,1.4323092922257472,0.5563092922257474,-0.8759999999999998,8.430636405944824,0.08401950148385234,90,,,,,,,,,
chesca_mesh,1331,12,6,6,3.7888491628454757,2.912849162845476,-0.8759999999999999,8.430636405944824,0.33903470407470787,90,,,,,,,,,
chesca_mesh,1332,13,6,6,6.029031338894197,5.1530313388941975,-0.8759999999999994,8.430636405944824,0.3326247553255244,90,,,,,,,,,
chesca_mesh,1333,14,6,6,6.180147701677236,5.304147701677236,-0.8760000000000003,8.430636405944824,0.1554746914529414,90,,,,,,,,,
chesca_mesh,1334,15,6,6,8.450593825949815,7.574593825949815,-0.8759999999999994,8.386961936950684,0.27333026479059847,90,,,,,,,,,
chesca_mesh,1335,16,6,6,11.065964854604765,10.189964854604765,-0.8759999999999994,8.386961936950684,0.9673969646849032,90,,,,,,,,,
chesca_mesh,1336,17,6,6,16.261989170584613,15.385989170584612,-0.8760000000000012,8.386961936950684,2.921705480575805,90,,,,,,,,,
chesca_mesh,1337,18,6,6,15.179402292237217,14.303402292237216,-0.8760000000000012,8.430636405944824,2.063437327636796,90,,,,,,,,,
chesca_mesh,1338,19,6,6,19.517961117753035,18.641961117753034,-0.8760000000000012,8.471013069152832,3.1734746217931433,90,,,,,,,,,
chesca_mesh,1339,20,6,6,14.320258046596962,13.44425804659696,-0.8760000000000012,8.471013069152832,1.1268027693928255,90,,,,,,,,,
chesca_mesh,1340,21,6,6,13.042231313719125,12.166231313719123,-0.8760000000000012,8.471013069152832,0.9274312769804767,90,,,,,,,,,
chesca_mesh,1341,22,6,0,10.239652372334639,10.239652372334637,-1.7763568394002505e-15,8.471013069152832,0.027926084129117304,90,,,,,,,,,
chesca_mesh,1342,23,6,6,10.40406500967665,9.528065009676649,-0.8760000000000012,8.471013069152832,0.2202057683192936,90,,,,,,,,,
chesca_mesh,1343,24,6,6,10.41211854691125,9.536118546911252,-0.8759999999999977,8.50669002532959,0.24943260216577756,90,,,,,,,,,
chesca_mesh,1344,1,6,6,10.882636400120925,10.006636400120925,-0.8759999999999994,8.50669002532959,0.37559318921118723,90,,,,,,,,,
chesca_mesh,1345,2,6,6,10.187604961969415,9.311604961969413,-0.8760000000000012,8.50669002532959,0.315441189571199,90,,,,,,,,,
chesca_mesh,1346,3,6,0,8.224156138205437,8.224156138205437,0.0,8.562851905822754,-0.06008801991707628,90,,,,,,,,,
chesca_mesh,1347,4,6,6,6.469598264472167,7.345598264472167,0.8759999999999994,8.562851905822754,-0.0975281822429949,90,,,,,,,,,
chesca_mesh,1348,5,6,0,5.6821508518909285,5.6821508518909285,0.0,8.562851905822754,-0.07676672309342261,90,,,,,,,,,
chesca_mesh,1349,6,6,6,5.960604832879122,5.084604832879122,-0.8760000000000003,8.562851905822754,0.09427736085057534,90,,,,,,,,,
chesca_mesh,1350,7,6,6,5.435884377489888,4.559884377489888,-0.8760000000000003,8.562851905822754,0.10249627373105853,90,,,,,,,,,
chesca_mesh,1351,8,6,0,5.195616507206162,5.195616507206162,0.0,8.562851905822754,0.02556028885692599,90,,,,,,,,,
chesca_mesh,1352,9,6,6,3.63298646652092,4.2186591328843,0.5856726663633798,8.562851905822754,-0.21467979492096353,90,,,,,,,,,
chesca_mesh,1353,10,6,0,1.9204379929540152,1.9204379929540152,0.0,8.562851905822754,0.003541897098853032,90,,,,,,,,,
chesca_mesh,1354,11,6,0,2.218916934256847,2.218916934256847,0.0,8.562851905822754,0.048099698775788235,90,,,,,,,,,
chesca_mesh,1355,12,6,6,3.5792926198876724,2.7032926198876717,-0.8760000000000008,8.562851905822754,0.08977181576684834,90,,,,,,,,,
chesca_mesh,1356,13,6,6,6.032849815068861,5.1568498150688615,-0.8759999999999994,8.562851905822754,0.15798843906248827,90,,,,,,,,,
chesca_mesh,1357,14,6,6,6.707451301671296,5.831451301671295,-0.8760000000000003,8.562851905822754,0.24086656773958837,90,,,,,,,,,
chesca_mesh,1358,15,6,6,8.954490996405681,8.078490996405682,-0.8759999999999994,8.562851905822754,0.2633343532891841,90,,,,,,,,,
chesca_mesh,1359,16,6,6,9.338600314479844,8.462600314479845,-0.8759999999999994,8.676370620727539,0.3141620889240633,90,,,,,,,,,
chesca_mesh,1360,17,6,6,13.900892723185015,13.024892723185015,-0.8759999999999994,8.798561096191406,1.8648401640317538,90,,,,,,,,,
chesca_mesh,1361,18,6,6,14.063594143380609,13.187594143380608,-0.8760000000000012,8.874127388000488,1.7888902499250252,90,,,,,,,,,
chesca_mesh,1362,19,6,6,16.073605708099382,15.197605708099385,-0.8759999999999977,8.926791191101074,1.9604465517290426,90,,,,,,,,,
chesca_mesh,1363,20,6,6,13.101057671487045,12.225057671487043,-0.8760000000000012,9.012761116027832,0.6971577666478463,90,,,,,,,,,
chesca_mesh,1364,21,6,6,11.415870871472825,10.539870871472825,-0.8759999999999994,9.012761116027832,0.3700507443556581,90,,,,,,,,,
chesca_mesh,1365,22,6,0,9.591900604104705,9.591900604104705,0.0,9.012761116027832,0.0007299125749899577,90,,,,,,,,,
chesca_mesh,1366,23,6,6,10.111214530172145,9.235214530172144,-0.8760000000000012,9.012761116027832,0.1305845945504244,90,,,,,,,,,
chesca_mesh,1367,24,6,6,9.737018742448074,8.861018742448074,-0.8759999999999994,9.081808090209961,0.19089607390633184,90,,,,,,,,,
chesca_mesh,1368,1,6,6,10.732581866212856,9.856581866212856,-0.8759999999999994,9.081808090209961,0.32854642708924015,90,,,,,,,,,
chesca_mesh,1369,2,6,0,9.302315040895044,9.302315040895044,0.0,9.100321769714355,0.02503563870428404,90,,,,,,,,,
chesca_mesh,1370,3,6,6,6.818301994174999,7.694301994174998,0.8759999999999986,9.106846809387207,-0.1280571307539168,90,,,,,,,,,
chesca_mesh,1371,4,6,0,6.687846928274165,6.6878469282741655,8.881784197001252e-16,9.106846809387207,-0.05693311191712878,90,,,,,,,,,
chesca_mesh,1372,5,6,0,5.678416141212631,5.678416141212631,0.0,9.106846809387207,-0.04873659729095113,90,,,,,,,,,
chesca_mesh,1373,6,6,6,6.154695662629043,5.278695662629044,-0.8759999999999994,9.106846809387207,0.09603342906578845,90,,,,,,,,,
chesca_mesh,1374,7,6,6,5.5197685903933165,4.643768590393318,-0.8759999999999986,9.106846809387207,0.10123220780337644,90,,,,,,,,,
chesca_mesh,1375,8,6,6,5.186628426984349,4.310628426984349,-0.8760000000000003,9.106846809387207,0.09674234862942012,90,,,,,,,,,
chesca_mesh,1376,9,6,6,5.211388321879058,4.335388321879058,-0.8760000000000003,9.106846809387207,0.13240468776073305,90,,,,,,,,,
chesca_mesh,1377,10,6,6,5.712910842093333,4.836910842093333,-0.8759999999999994,9.106846809387207,0.17842402469176397,90,,,,,,,,,
chesca_mesh,1378,11,6,0,4.883979690580175,4.883979690580175,0.0,9.106846809387207,0.05704925763198437,90,,,,,,,,,
chesca_mesh,1379,12,6,6,3.586258307052743,4.2558970676399115,0.6696387605871683,9.122130393981934,-0.44248762980564704,90,,,,,,,,,
chesca_mesh,1380,13,6,4,3.4266980020350495,3.905526131283235,0.4788281292481855,9.122130393981934,-0.10129838286344246,90,,,,,,,,,
chesca_mesh,1381,14,6,0,3.92726258392082,3.9272625839208195,-4.440892098500626e-16,9.122130393981934,-0.020953876287875303,90,,,,,,,,,
chesca_mesh,1382,15,6,6,6.46570943566383,7.0413084509533075,0.5755990152894777,9.136144638061523,-0.6622337421995087,90,,,,,,,,,
chesca_mesh,1383,16,6,6,7.640056303004269,6.764056303004269,-0.8760000000000003,9.136144638061523,0.38712245480118557,90,,,,,,,,,
chesca_mesh,1384,17,6,6,9.334619511245323,8.458619511245322,-0.8760000000000012,9.136144638061523,0.5769993099808808,90,,,,,,,,,
chesca_mesh,1385,18,6,6,10.999920128554804,10.123920128554804,-0.8759999999999994,9.136144638061523,0.6663085305311596,90,,,,,,,,,
chesca_mesh,1386,19,6,6,12.26666647348784,11.39066647348784,-0.8759999999999994,9.136144638061523,0.7057739066296962,90,,,,,,,,,
chesca_mesh,1387,20,6,6,10.79403755354865,9.91803755354865,-0.8759999999999994,9.136144638061523,0.16176377932881086,90,,,,,,,,,
chesca_mesh,1388,21,6,6,11.880008894649063,11.004008894649063,-0.8759999999999994,9.155844688415527,0.6148974579948558,90,,,,,,,,,
chesca_mesh,1389,22,6,0,9.976076179990411,9.976076179990413,1.7763568394002505e-15,9.174417495727539,0.25738140348315525,90,,,,,,,,,
chesca_mesh,1390,23,6,6,10.7274474216519,9.8514474216519,-0.8760000000000012,9.174417495727539,0.3072158546482281,90,,,,,,,,,
chesca_mesh,1391,24,6,6,10.674097717183304,9.798097717183303,-0.8760000000000012,9.174417495727539,0.2457687067517167,90,,,,,,,,,
chesca_mesh,1392,1,6,6,11.717396231549452,10.841396231549453,-0.8759999999999994,9.179190635681152,0.5872912305496262,90,,,,,,,,,
chesca_mesh,1393,2,6,6,9.25100250811282,10.127002508112822,0.8760000000000012,9.179190635681152,-0.23106369314991881,90,,,,,,,,,
chesca_mesh,1394,3,6,6,7.1589844885199865,8.034984488519985,0.8759999999999986,9.189969062805176,-0.11588515644526723,90,,,,,,,,,
chesca_mesh,1395,4,6,0,6.573943111005585,6.573943111005586,8.881784197001252e-16,9.189969062805176,-0.011725584033933867,90,,,,,,,,,
chesca_mesh,1396,5,6,0,5.632378213067654,5.632378213067654,0.0,9.189969062805176,0.0569350087798105,90,,,,,,,,,
chesca_mesh,1397,6,6,6,5.953100912031079,5.077100912031079,-0.8760000000000003,9.189969062805176,0.09225370559890972,90,,,,,,,,,
chesca_mesh,1398,7,6,6,5.630044540930652,4.754044540930652,-0.8760000000000003,9.189969062805176,0.18397480841588143,90,,,,,,,,,
chesca_mesh,1399,8,6,6,5.833891145599974,4.957891145599974,-0.8760000000000003,9.189969062805176,0.16344038307188496,90,,,,,,,,,
chesca_mesh,1400,9,6,0,4.142578321083389,4.142578321083389,0.0,9.179190635681152,0.026056778950454718,90,,,,,,,,,
chesca_mesh,1401,10,6,6,3.2984582504485673,2.4224582504485674,-0.8759999999999999,9.179190635681152,0.0888281710963251,90,,,,,,,,,
chesca_mesh,1402,11,6,6,5.0446600648428035,5.751696570380256,0.7070365055374523,9.189969062805176,-0.25500935588787493,90,,,,,,,,,
chesca_mesh,1403,12,6,0,5.6272661142904,5.6272661142904,0.0,9.189969062805176,0.022176569399126655,90,,,,,,,,,
chesca_mesh,1404,13,6,6,6.639570633410775,7.308970450983204,0.6693998175724287,9.21827220916748,-0.5041200768111098,90,,,,,,,,,
chesca_mesh,1405,14,6,6,6.690860115803475,7.239265105266913,0.548404989463438,9.21827220916748,-0.11632885801504353,90,,,,,,,,,
chesca_mesh,1406,15,6,6,8.02534690109375,7.1493469010937485,-0.8760000000000012,9.21827220916748,0.08600455354278388,90,,,,,,,,,
chesca_mesh,1407,16,6,6,9.876267792768164,9.000267792768161,-0.876000000000003,9.21827220916748,0.5249619304938602,90,,,,,,,,,
chesca_mesh,1408,17,6,6,12.437734873398835,11.561734873398835,-0.8759999999999994,9.21827220916748,1.1601340394012791,90,,,,,,,,,
chesca_mesh,1409,18,6,6,13.757588803407508,12.88158880340751,-0.8759999999999977,9.21827220916748,1.3336427074787907,90,,,,,,,,,
chesca_mesh,1410,19,6,6,15.662500700162626,14.786500700162625,-0.8760000000000012,9.235435485839844,1.527688504990057,90,,,,,,,,,
chesca_mesh,1411,20,6,6,14.122154903205889,13.24615490320589,-0.8759999999999994,9.235435485839844,0.8986814160492952,90,,,,,,,,,
chesca_mesh,1412,21,6,6,12.017039454232213,11.141039454232214,-0.8759999999999994,9.235435485839844,0.4227941974177471,90,,,,,,,,,
chesca_mesh,1413,22,6,0,9.876508383562937,9.876508383562935,-1.7763568394002505e-15,9.26357650756836,0.1798872516712151,90,,,,,,,,,
chesca_mesh,1414,23,6,6,9.81386672495021,8.937866724950208,-0.8760000000000012,9.26357650756836,0.4109777880426993,90,,,,,,,,,
chesca_mesh,1415,24,6,6,10.255925984771947,9.379925984771948,-0.8759999999999994,9.359658241271973,0.31696361509011595,90,,,,,,,,,
chesca_mesh,1416,1,6,6,9.904961515297433,9.028961515297434,-0.8759999999999994,9.423577308654785,0.1474971046800973,90,,,,,,,,,
chesca_mesh,1417,2,6,0,9.215692730072192,9.215692730072192,0.0,9.423577308654785,0.03189906243048829,90,,,,,,,,,
chesca_mesh,1418,3,6,6,7.172291068454799,8.048291068454798,0.8759999999999994,9.337424278259277,-0.12237217555299086,90,,,,,,,,,
chesca_mesh,1419,4,6,0,7.273996104922967,7.2739961049229676,8.881784197001252e-16,9.337424278259277,-0.020580745644090452,90,,,,,,,,,
chesca_mesh,1420,5,6,0,5.80480970591955,5.804809705919549,-8.881784197001252e-16,9.337424278259277,-0.04267918737105833,90,,,,,,,,,
chesca_mesh,1421,6,6,6,6.267676433230433,5.391676433230433,-0.8759999999999994,9.337424278259277,0.12195882540966402,90,,,,,,,,,
chesca_mesh,1422,7,6,6,5.486298433466166,4.610298433466167,-0.8759999999999986,9.337424278259277,0.11477871957720452,90,,,,,,,,,
chesca_mesh,1423,8,6,6,4.716852876925804,3.840852876925804,-0.8760000000000003,9.337424278259277,0.08793376634051872,90,,,,,,,,,
chesca_mesh,1424,9,6,6,4.414123406194267,3.5381234061942672,-0.8759999999999994,9.337424278259277,0.09970910357022522,90,,,,,,,,,
chesca_mesh,1425,10,6,0,3.6034610730274874,3.6034610730274874,0.0,9.337424278259277,0.05205190784113146,90,,,,,,,,,
chesca_mesh,1426,11,6,6,4.089347617526907,4.793915608783622,0.7045679912567149,9.337424278259277,-0.14591196787484267,90,,,,,,,,,
chesca_mesh,1427,12,6,0,4.144928331854043,4.144928331854044,8.881784197001252e-16,9.337424278259277,0.07134267917351289,90,,,,,,,,,
chesca_mesh,1428,13,6,6,6.114918211962754,5.238918211962755,-0.8759999999999994,9.337424278259277,0.23855192503058123,90,,,,,,,,,
chesca_mesh,1429,14,6,6,5.928695857613853,5.0526958576138545,-0.8759999999999986,9.337424278259277,0.19024544738463744,90,,,,,,,,,
chesca_mesh,1430,15,6,6,8.64620660402094,7.77020660402094,-0.8759999999999994,9.337424278259277,0.2669348457529106,90,,,,,,,,,
chesca_mesh,1431,16,6,6,9.126702783563678,8.250702783563678,-0.8759999999999994,9.337424278259277,0.355316262659117,90,,,,,,,,,
chesca_mesh,1432,17,6,6,13.178769843790867,12.302769843790866,-0.8760000000000012,9.337424278259277,1.6110013041728708,90,,,,,,,,,
chesca_mesh,1433,18,6,6,14.224690664373426,13.348690664373425,-0.8760000000000012,9.423577308654785,1.4248560541042612,90,,,,,,,,,
chesca_mesh,1434,19,6,6,16.7851059193902,15.909105919390202,-0.8759999999999994,9.436758995056152,1.89897483838321,90,,,,,,,,,
chesca_mesh,1435,20,6,6,14.181456383466719,13.30545638346672,-0.8759999999999994,9.436758995056152,0.8464091579609154,90,,,,,,,,,
chesca_mesh,1436,21,6,6,13.927687601164253,13.051687601164256,-0.8759999999999977,9.436758995056152,0.802216938960703,90,,,,,,,,,
chesca_mesh,1437,22,6,0,10.934293802016233,10.934293802016235,1.7763568394002505e-15,9.436758995056152,0.2535359938286472,90,,,,,,,,,
chesca_mesh,1438,23,6,0,10.053976980568253,10.053976980568253,0.0,9.436758995056152,0.04996606978131921,90,,,,,,,,,
chesca_mesh,1439,24,6,6,10.493554598468016,9.617554598468017,-0.8759999999999994,9.426581382751465,0.3164635351068136,90,,,,,,,,,
chesca_mesh,1440,1,6,6,10.655180518131129,9.779180518131128,-0.8760000000000012,9.43687629699707,0.3244703844130819,90,,,,,,,,,
chesca_mesh,1441,2,6,0,10.07998129085853,10.079981290858528,-1.7763568394002505e-15,9.471776008605957,0.07366075928394104,90,,,,,,,,,
chesca_mesh,1442,3,6,6,7.607125980388911,8.483125980388913,0.8760000000000012,9.504950523376465,-0.24886118117697947,90,,,,,,,,,
chesca_mesh,1443,4,6,6,7.222184000372815,8.098184000372814,0.8759999999999994,9.519126892089844,-0.26800552897390784,90,,,,,,,,,
chesca_mesh,1444,5,6,6,5.749557759005397,6.436171790883782,0.6866140318783858,9.519126892089844,-0.23148776048091171,90,,,,,,,,,
chesca_mesh,1445,6,6,6,5.919772843200076,6.470180774482842,0.5504079312827663,9.519126892089844,-0.10458607037019896,90,,,,,,,,,
chesca_mesh,1446,7,6,5,5.279148525798506,5.585375283959063,0.3062267581605571,9.519126892089844,-0.10666712186394384,90,,,,,,,,,
chesca_mesh,1447,8,6,0,4.649037006847163,4.649037006847164,8.881784197001252e-16,9.519126892089844,-0.04406292946768625,90,,,,,,,,,
chesca_mesh,1448,9,6,0,4.169310867027082,4.169310867027082,0.0,9.519126892089844,-0.08799156655707595,90,,,,,,,,,
chesca_mesh,1449,10,6,0,3.631996626238312,3.631996626238312,0.0,9.519126892089844,-0.03429415138024838,90,,,,,,,,,
chesca_mesh,1450,11,6,6,1.4711545625415532,1.7209803529543763,0.24982579041282316,9.519126892089844,-0.3028366554022444,90,,,,,,,,,
chesca_mesh,1451,12,6,0,1.1932563617102432,1.1932563617102432,0.0,9.519126892089844,-0.04408513387956953,90,,,,,,,,,
chesca_mesh,1452,13,6,6,5.431464053843721,4.55546405384372,-0.8760000000000003,9.519126892089844,0.27304603621022394,90,,,,,,,,,
chesca_mesh,1453,14,6,6,4.65093961291178,3.7749396129117803,-0.8759999999999999,9.519126892089844,0.11839742816615041,90,,,,,,,,,
chesca_mesh,1454,15,6,6,6.480237318524146,5.604237318524146,-0.8760000000000003,9.519126892089844,0.10803842085936899,90,,,,,,,,,
chesca_mesh,1455,16,6,6,7.442794356070539,6.566794356070539,-0.8760000000000003,9.519126892089844,0.11831400553925639,90,,,,,,,,,
chesca_mesh,1456,17,6,6,10.100832833324587,9.224832833324585,-0.8760000000000012,9.519126892089844,0.20693324340608127,90,,,,,,,,,
chesca_mesh,1457,18,6,6,12.170074099571893,11.294074099571894,-0.8759999999999994,9.504950523376465,0.6181675507928539,90,,,,,,,,,
chesca_mesh,1458,19,6,6,14.751565058342125,13.875565058342126,-0.8759999999999994,9.504950523376465,1.35997318432507,90,,,,,,,,,
chesca_mesh,1459,20,6,6,13.858644447574452,12.982644447574451,-0.8760000000000012,9.504950523376465,0.30015238960125495,90,,,,,,,,,
chesca_mesh,1460,21,6,6,12.416469709726535,11.540469709726533,-0.8760000000000012,9.504950523376465,0.4393959700499034,90,,,,,,,,,
chesca_mesh,1461,22,6,0,10.746995409970133,10.746995409970133,0.0,9.504950523376465,-0.024932640420922456,90,,,,,,,,,
chesca_mesh,1462,23,6,6,10.697857235014338,9.821857235014338,-0.8759999999999994,9.519126892089844,0.44217115402217894,90,,,,,,,,,
chesca_mesh,1463,24,6,6,11.054554159634423,10.178554159634423,-0.8759999999999994,9.531474113464355,0.29648456623836184,90,,,,,,,,,
chesca_mesh,1464,1,6,0,10.11720145248066,10.11720145248066,0.0,9.571955680847168,0.001237977250379274,90,,,,,,,,,
chesca_mesh,1465,2,6,6,7.611994778206984,8.487994778206984,0.8759999999999994,9.571955680847168,-0.3072906035411942,90,,,,,,,,,
chesca_mesh,1466,3,6,6,6.83823264953153,7.71423264953153,0.8759999999999994,9.571955680847168,-0.25825565666059613,90,,,,,,,,,
chesca_mesh,1467,4,6,6,6.858823121463968,7.574041335672399,0.7152182142084307,9.571955680847168,-0.20529494948907723,90,,,,,,,,,
chesca_mesh,1468,5,6,6,5.414568648429655,6.055799151078443,0.6412305026487877,9.571955680847168,-0.3179130646844224,90,,,,,,,,,
chesca_mesh,1469,6,6,6,5.382452558795431,5.821220171536179,0.43876761274074827,9.571955680847168,-0.2683429835503141,90,,,,,,,,,
chesca_mesh,1470,7,6,6,5.704981047299596,6.243075072192077,0.538094024892481,9.615269660949707,-0.6218617563127972,90,,,,,,,,,
chesca_mesh,1471,8,6,6,5.083941068231689,5.6214963892609955,0.5375553210293065,9.6309175491333,-0.7254280080620296,90,,,,,,,,,
chesca_mesh,1472,9,6,6,3.550791581896231,3.9100048562392513,0.3592132743430203,9.6309175491333,-0.12350292067952733,90,,,,,,,,,
chesca_mesh,1473,10,6,1,2.8853142291720872,3.0173142291720874,0.13200000000000012,9.6309175491333,-0.09466679557570121,90,,,,,,,,,
chesca_mesh,1474,11,6,0,2.3267922597152664,2.3267922597152664,0.0,9.6309175491333,0.0318710676004447,90,,,,,,,,,
chesca_mesh,1475,12,6,6,3.88040566946446,4.379280132812488,0.49887446334802776,9.6309175491333,-0.19989655648802324,90,,,,,,,,,
chesca_mesh,1476,13,6,6,4.942818694313188,4.066818694313188,-0.8760000000000003,9.6309175491333,0.14438105090651465,90,,,,,,,,,
chesca_mesh,1477,14,6,6,7.19417965526541,6.31817965526541,-0.8760000000000003,9.6309175491333,0.21516064085220282,90,,,,,,,,,
chesca_mesh,1478,15,6,0,8.233006045880838,8.233006045880838,0.0,9.6309175491333,0.06330581588420761,90,,,,,,,,,
chesca_mesh,1479,16,6,0,9.113835620722487,9.113835620722487,0.0,9.6309175491333,-0.018873396790931904,90,,,,,,,,,
chesca_mesh,1480,17,6,6,12.644021658379094,11.768021658379096,-0.8759999999999977,9.6309175491333,0.7072419779424397,90,,,,,,,,,
chesca_mesh,1481,18,6,6,14.462699960783306,13.586699960783307,-0.8759999999999994,9.6309175491333,1.1046992997129799,90,,,,,,,,,
chesca_mesh,1482,19,6,6,16.05895637536972,15.18295637536972,-0.8760000000000012,9.6309175491333,1.5966551944174445,90,,,,,,,,,
chesca_mesh,1483,20,6,6,14.307289994560763,13.431289994560764,-0.8759999999999994,9.6309175491333,0.8408919552249174,90,,,,,,,,,
chesca_mesh,1484,21,6,6,12.987099040388712,12.11109904038871,-0.8760000000000012,9.6309175491333,0.4542247189524612,90,,,,,,,,,
chesca_mesh,1485,22,6,0,9.907426508940004,9.907426508940006,1.7763568394002505e-15,9.6309175491333,-0.028748979583829756,90,,,,,,,,,
chesca_mesh,1486,23,6,6,10.569124050017038,9.693124050017037,-0.8760000000000012,9.6309175491333,0.12906946917218573,90,,,,,,,,,
chesca_mesh,1487,24,6,6,9.873296424370713,10.749296424370714,0.8760000000000012,9.6309175491333,-0.2264417419870644,90,,,,,,,,,
chesca_mesh,1488,1,6,6,10.247875543778859,9.37187554377886,-0.8759999999999994,9.6309175491333,0.18092247147838963,90,,,,,,,,,
chesca_mesh,1489,2,6,0,9.64419506818148,9.64419506818148,0.0,9.6309175491333,0.07075334153196333,90,,,,,,,,,
chesca_mesh,1490,3,6,6,6.797616650351981,7.673616650351982,0.8760000000000012,9.6309175491333,-0.09837429203496131,90,,,,,,,,,
chesca_mesh,1491,4,6,6,5.99402708106021,6.870027081060211,0.8760000000000012,9.6309175491333,-0.08919446858412153,90,,,,,,,,,
chesca_mesh,1492,5,6,0,5.62647281943655,5.62647281943655,0.0,9.6309175491333,-0.05107612642333097,90,,,,,,,,,
chesca_mesh,1493,6,6,6,5.8689972921650835,4.992997292165084,-0.8759999999999994,9.6309175491333,0.08948394897439453,90,,,,,,,,,
chesca_mesh,1494,7,6,6,5.427208190024822,4.551208190024822,-0.8760000000000003,9.6309175491333,0.12740347707922428,90,,,,,,,,,
chesca_mesh,1495,8,6,0,5.578394110048918,5.578394110048919,8.881784197001252e-16,9.6309175491333,0.06866503785538869,90,,,,,,,,,
chesca_mesh,1496,9,6,0,5.131459104449169,5.131459104449169,0.0,9.6309175491333,0.0007082985616769094,90,,,,,,,,,
chesca_mesh,1497,10,6,6,4.554021302282743,5.149325910689388,0.5953046084066447,9.6309175491333,-0.12285996772531904,90,,,,,,,,,
chesca_mesh,1498,11,6,0,6.010730108934375,6.010730108934375,0.0,9.6309175491333,-0.006565352603486438,90,,,,,,,,,
chesca_mesh,1499,12,6,0,4.191500852966576,4.191500852966576,0.0,9.6309175491333,0.021609945821833197,90,,,,,,,,,
chesca_mesh,1500,13,6,0,5.225648373908223,5.225648373908223,0.0,9.6309175491333,-0.0561816452491074,90,,,,,,,,,
chesca_mesh,1501,14,6,6,3.59489214646382,4.175725731305294,0.5808335848414736,9.6309175491333,-0.12808053265004898,90,,,,,,,,,
chesca_mesh,1502,15,6,6,5.254902804196515,4.378902804196516,-0.8759999999999994,9.6309175491333,0.09787482438053245,90,,,,,,,,,
chesca_mesh,1503,16,6,6,5.2842455889149065,4.408245588914906,-0.8760000000000003,9.6309175491333,0.31308571914496297,90,,,,,,,,,
chesca_mesh,1504,17,6,6,6.1877897407615725,5.311789740761572,-0.8760000000000003,9.6309175491333,0.26156680707324953,90,,,,,,,,,
chesca_mesh,1505,18,6,6,7.722803988336201,6.846803988336201,-0.8760000000000003,9.615269660949707,0.36606395353921845,90,,,,,,,,,
chesca_mesh,1506,19,6,6,8.27246436018327,7.39646436018327,-0.8759999999999994,9.571955680847168,0.10218724059533918,90,,,,,,,,,
chesca_mesh,1507,20,6,6,9.059862679279187,8.183862679279185,-0.8760000000000012,9.5275297164917,0.10326559452488965,90,,,,,,,,,
chesca_mesh,1508,21,6,6,9.107401630454126,8.231401630454126,-0.8759999999999994,9.474882125854492,0.14807038463508154,90,,,,,,,,,
chesca_mesh,1509,22,6,6,8.638130247092178,9.514130247092178,0.8759999999999994,9.474882125854492,-0.5802650725151832,90,,,,,,,,,
chesca_mesh,1510,23,6,6,7.69965501083114,8.57565501083114,0.8759999999999994,9.474882125854492,-0.13511974263402846,90,,,,,,,,,
chesca_mesh,1511,24,6,6,7.352045016524964,8.228045016524964,0.8760000000000003,9.474882125854492,-0.1459666800549906,90,,,,,,,,,
chesca_mesh,1512,1,6,0,8.198613518829069,8.198613518829069,0.0,9.426581382751465,0.04763957534896797,90,,,,,,,,,
chesca_mesh,1513,2,6,0,7.948573342251038,7.948573342251038,0.0,9.423577308654785,0.034622348386208805,90,,,,,,,,,
chesca_mesh,1514,3,6,0,6.10727132523673,6.10727132523673,0.0,9.423577308654785,-0.03570126675023222,90,,,,,,,,,
chesca_mesh,1515,4,6,6,5.6222584710093555,4.746258471009356,-0.8759999999999994,9.423577308654785,0.09569162669325088,90,,,,,,,,,
chesca_mesh,1516,5,6,6,5.650924606792791,4.774924606792791,-0.8760000000000003,9.423577308654785,0.09244431600484349,90,,,,,,,,,
chesca_mesh,1517,6,6,6,5.761957770135014,4.885957770135014,-0.8760000000000003,9.423577308654785,0.14872038401707827,90,,,,,,,,,
chesca_mesh,1518,7,6,6,5.478279096233271,6.222869905014981,0.7445908087817106,9.426581382751465,-0.4198904314526011,90,,,,,,,,,
chesca_mesh,1519,8,6,0,4.0957297651583024,4.0957297651583024,0.0,9.426581382751465,-0.012017655957610368,90,,,,,,,,,
chesca_mesh,1520,9,6,6,5.033186268913536,4.157186268913535,-0.8760000000000003,9.426581382751465,0.10274791613392814,90,,,,,,,,,
chesca_mesh,1521,10,6,6,3.853474505798292,2.9774745057982916,-0.8760000000000003,9.426581382751465,0.15203165882413044,90,,,,,,,,,
chesca_mesh,1522,11,6,6,4.345436658036551,3.4694366580365514,-0.8759999999999994,9.426581382751465,0.13410705297485007,90,,,,,,,,,
chesca_mesh,1523,12,6,0,1.8356309446124917,1.8356309446124914,-2.220446049250313e-16,9.426581382751465,0.04180129727293536,90,,,,,,,,,
chesca_mesh,1524,13,6,3,4.07809100120226,3.59809100120226,-0.48,9.426581382751465,0.07889320442284241,90,,,,,,,,,
chesca_mesh,1525,14,6,6,4.740881368052985,3.864881368052986,-0.8759999999999994,9.426581382751465,0.1316227163078522,90,,,,,,,,,
chesca_mesh,1526,15,6,6,5.268214833127536,4.392214833127536,-0.8760000000000003,9.426581382751465,0.09374316203792382,90,,,,,,,,,
chesca_mesh,1527,16,6,6,7.128747257727825,6.252747257727825,-0.8759999999999994,9.423577308654785,0.6003425700198924,90,,,,,,,,,
chesca_mesh,1528,17,6,6,8.50213003151342,7.626130031513421,-0.8759999999999994,9.423577308654785,0.477197796095556,90,,,,,,,,,
chesca_mesh,1529,18,6,6,9.965978944788944,9.089978944788943,-0.8760000000000012,9.344481468200684,0.4345146068004456,90,,,,,,,,,
chesca_mesh,1530,19,6,6,10.585586756765329,9.70958675676533,-0.8759999999999994,9.244061470031738,0.2461988580100242,90,,,,,,,,,
chesca_mesh,1531,20,6,0,9.98979145814014,9.989791458140138,-1.7763568394002505e-15,9.244061470031738,-0.040338123350130824,90,,,,,,,,,
chesca_mesh,1532,21,6,6,8.496916878037045,9.372916878037044,0.8759999999999994,9.244061470031738,-0.6059952256561277,90,,,,,,,,,
chesca_mesh,1533,22,6,0,7.682312562976868,7.682312562976868,0.0,9.210288047790527,-0.05493644585641813,90,,,,,,,,,
chesca_mesh,1534,23,6,6,7.737669100964331,6.861669100964333,-0.8759999999999977,9.210288047790527,0.13674354640337424,90,,,,,,,,,
chesca_mesh,1535,24,6,6,8.62341247989233,7.74741247989233,-0.8760000000000003,9.175451278686523,0.14403346197468045,90,,,,,,,,,
chesca_mesh,1536,1,6,0,8.796914381649904,8.796914381649904,0.0,9.175451278686523,0.028861915938051635,90,,,,,,,,,
chesca_mesh,1537,2,6,0,8.43000982772822,8.43000982772822,0.0,9.143860816955566,0.022960637236655465,90,,,,,,,,,
chesca_mesh,1538,3,6,6,5.622176662359507,6.498176662359507,0.8759999999999994,9.030959129333496,-0.09926615442963888,90,,,,,,,,,
chesca_mesh,1539,4,6,0,5.450648508557887,5.450648508557887,0.0,9.030959129333496,-0.009638863940199804,90,,,,,,,,,
chesca_mesh,1540,5,6,6,5.462561511862377,4.586561511862376,-0.8760000000000012,9.030959129333496,0.09357457912407927,90,,,,,,,,,
chesca_mesh,1541,6,6,6,5.847189988932152,4.971189988932151,-0.8760000000000012,9.030959129333496,0.10549476194236063,90,,,,,,,,,
chesca_mesh,1542,7,6,6,5.880689257499291,5.004689257499291,-0.8759999999999994,9.030959129333496,0.24141437505726493,90,,,,,,,,,
chesca_mesh,1543,8,6,0,4.530793683761769,4.530793683761769,0.0,9.030959129333496,-0.0748803310975466,90,,,,,,,,,
chesca_mesh,1544,9,6,0,3.7833677501518483,3.783367750151849,4.440892098500626e-16,9.030959129333496,0.057344627386810766,90,,,,,,,,,
chesca_mesh,1545,10,6,6,3.4758951312362747,3.919421237364685,0.44352610612841037,9.030959129333496,-0.12354280895283695,90,,,,,,,,,
chesca_mesh,1546,11,6,0,4.105907587912933,4.105907587912933,0.0,9.030959129333496,0.07031662280104874,90,,,,,,,,,
chesca_mesh,1547,12,6,6,6.481816310071615,7.05564595066808,0.5738296405964656,9.030959129333496,-0.5536523048767609,90,,,,,,,,,
chesca_mesh,1548,13,6,0,6.455349990239387,6.455349990239387,0.0,9.030959129333496,0.05360635897227348,90,,,,,,,,,
chesca_mesh,1549,14,6,6,5.520982871026682,6.096002495086533,0.5750196240598511,9.030959129333496,-0.11179995376416965,90,,,,,,,,,
chesca_mesh,1550,15,6,6,6.861151491922547,5.985151491922547,-0.8759999999999994,8.930009841918945,0.1503342051627395,90,,,,,,,,,
chesca_mesh,1551,16,6,0,8.291653776563964,8.291653776563964,0.0,9.030959129333496,0.053027017634964736,90,,,,,,,,,
chesca_mesh,1552,17,6,6,10.684908563017627,9.808908563017628,-0.8759999999999994,9.030959129333496,0.6016208455261797,90,,,,,,,,,
chesca_mesh,1553,18,6,6,12.970919481868258,12.094919481868258,-0.8759999999999994,9.030959129333496,1.371982866809532,90,,,,,,,,,
chesca_mesh,1554,19,6,6,15.110610591362034,14.234610591362033,-0.8760000000000012,9.030959129333496,1.6056194975046336,90,,,,,,,,,
chesca_mesh,1555,20,6,6,11.05535982872143,10.179359828721429,-0.8760000000000012,9.030959129333496,0.34775274922623944,90,,,,,,,,,
chesca_mesh,1556,21,6,6,9.781949315549458,8.905949315549458,-0.8759999999999994,9.030959129333496,0.23623774403061779,90,,,,,,,,,
chesca_mesh,1557,22,6,1,8.85820807979723,8.69820807979723,-0.16000000000000014,8.930009841918945,0.08434480029969553,90,,,,,,,,,
chesca_mesh,1558,23,6,6,10.187417719832746,11.063417719832746,0.8759999999999994,8.930009841918945,-0.30200388909677817,90,,,,,,,,,
chesca_mesh,1559,24,6,6,8.17327774115063,9.04927774115063,0.8760000000000012,8.930009841918945,-0.2159187414526175,90,,,,,,,,,
chesca_mesh,1560,1,6,6,8.691389284853516,9.567389284853515,0.8759999999999994,8.930009841918945,-0.21283800963857313,90,,,,,,,,,
chesca_mesh,1561,2,6,6,7.899000501434486,8.775000501434487,0.8760000000000012,8.930009841918945,-0.16279154701579301,90,,,,,,,,,
chesca_mesh,1562,3,6,6,7.587593793329607,8.463593793329608,0.8760000000000003,8.92281436920166,-0.12094735218483103,90,,,,,,,,,
chesca_mesh,1563,4,6,6,5.6299200093897035,6.424106277762672,0.7941862683729681,8.92281436920166,-0.20701019533442805,90,,,,,,,,,
chesca_mesh,1564,5,6,5,5.816914593727915,6.380495107374253,0.5635805136463379,8.92281436920166,-0.09329904574714126,90,,,,,,,,,
chesca_mesh,1565,6,6,6,6.12221433814357,6.669233703324923,0.5470193651813533,8.92281436920166,-0.1855810916813094,90,,,,,,,,,
chesca_mesh,1566,7,6,0,5.3417907678205925,5.3417907678205925,0.0,8.92281436920166,-0.020156443747383665,90,,,,,,,,,
chesca_mesh,1567,8,6,6,5.866539322152301,4.990539322152301,-0.8759999999999994,8.92281436920166,0.12941608012752814,90,,,,,,,,,
chesca_mesh,1568,9,6,0,5.224811924420821,5.22481192442082,-8.881784197001252e-16,8.92281436920166,0.048060298918182226,90,,,,,,,,,
chesca_mesh,1569,10,6,0,5.179749996248545,5.179749996248545,0.0,8.92281436920166,-0.005022930791705814,90,,,,,,,,,
chesca_mesh,1570,11,6,6,5.156245217258728,5.80686507704086,0.6506198597821324,8.877031326293945,-0.0985889049266657,90,,,,,,,,,
chesca_mesh,1571,12,6,6,5.290771355599832,5.838187056533251,0.5474157009334197,8.877031326293945,-0.11451111654913776,90,,,,,,,,,
chesca_mesh,1572,13,6,0,5.953378641282692,5.953378641282692,0.0,8.820548057556152,0.022649728750964136,90,,,,,,,,,
chesca_mesh,1573,14,6,0,5.803528844486598,5.803528844486598,0.0,8.820548057556152,-0.020351186020203055,90,,,,,,,,,
chesca_mesh,1574,15,6,0,5.718006397396678,5.718006397396678,0.0,8.820548057556152,-0.03912436942929021,90,,,,,,,,,
chesca_mesh,1575,16,6,6,6.384784369927516,5.508784369927516,-0.8760000000000003,8.820548057556152,0.4171886795267614,90,,,,,,,,,
chesca_mesh,1576,17,6,6,7.14886189390378,6.272861893903779,-0.8760000000000003,8.778894424438477,0.5226294690611101,90,,,,,,,,,
chesca_mesh,1577,18,6,6,8.163011586935188,7.287011586935189,-0.8759999999999986,8.685705184936523,0.29743751391777606,90,,,,,,,,,
chesca_mesh,1578,19,6,6,9.405846338641481,8.529846338641482,-0.8759999999999994,8.58973503112793,0.23114700974355223,90,,,,,,,,,
chesca_mesh,1579,20,6,6,8.724447143853208,7.848447143853209,-0.8759999999999994,8.55872917175293,0.10601337431413571,90,,,,,,,,,
chesca_mesh,1580,21,6,6,9.663682210488298,8.787682210488299,-0.8759999999999994,8.53002643585205,0.12998357204033711,90,,,,,,,,,
chesca_mesh,1581,22,6,0,8.603011683292875,8.603011683292877,1.7763568394002505e-15,8.492729187011719,0.047491304536281254,90,,,,,,,,,
chesca_mesh,1582,23,6,6,9.241276107064525,8.365276107064524,-0.8760000000000012,8.480209350585938,0.5234767431584186,90,,,,,,,,,
chesca_mesh,1583,24,6,3,8.23970297815388,8.719702978153881,0.4800000000000004,8.400439262390137,-0.07786103225450272,90,,,,,,,,,
chesca_mesh,1584,1,6,6,8.170842321780848,9.046842321780849,0.8760000000000012,8.400439262390137,-0.2843788237536551,90,,,,,,,,,
chesca_mesh,1585,2,6,6,6.735483293691114,7.611483293691114,0.8759999999999994,8.400439262390137,-0.3745906791847201,90,,,,,,,,,
chesca_mesh,1586,3,6,6,5.753830592310599,6.629830592310598,0.8759999999999994,8.31103229522705,-0.38654755149285835,90,,,,,,,,,
chesca_mesh,1587,4,6,6,4.779835545483403,5.291590870161755,0.5117553246783526,8.31103229522705,-0.41385246320189534,90,,,,,,,,,
chesca_mesh,1588,5,6,6,4.425302796979584,4.868461140132759,0.4431583431531747,8.31103229522705,-0.29118827726074165,90,,,,,,,,,
chesca_mesh,1589,6,6,6,5.111610392000737,5.443359580252447,0.3317491882517096,8.31103229522705,-0.17024224603422916,90,,,,,,,,,
chesca_mesh,1590,7,6,6,4.111640946847964,4.341506242597117,0.22986529574915338,8.31103229522705,-0.20459748314515802,90,,,,,,,,,
chesca_mesh,1591,8,6,1,3.9816965447241723,4.1136965447241725,0.13200000000000012,8.31103229522705,-0.09321526396510366,90,,,,,,,,,
chesca_mesh,1592,9,6,0,3.8743926825320454,3.8743926825320454,0.0,8.31103229522705,-0.06974734998439122,90,,,,,,,,,
chesca_mesh,1593,10,6,6,2.641420272697986,2.8915446722806126,0.25012439958262656,8.31103229522705,-0.15634961778003836,90,,,,,,,,,
chesca_mesh,1594,11,6,6,1.9068858340721606,2.1288056958469275,0.22191986177476686,8.31103229522705,-0.2889597091382589,90,,,,,,,,,
chesca_mesh,1595,12,6,0,3.4573515617440744,3.457351561744074,-4.440892098500626e-16,8.31103229522705,0.023643185762545052,90,,,,,,,,,
chesca_mesh,1596,13,6,6,5.66769562712428,6.12733053046438,0.45963490334009993,8.31103229522705,-0.15782947543870052,90,,,,,,,,,
chesca_mesh,1597,14,6,6,4.002121090272503,4.442131577290998,0.4400104870184949,8.31103229522705,-0.14794076173496287,90,,,,,,,,,
chesca_mesh,1598,15,6,6,7.221611743309906,6.345611743309906,-0.8760000000000003,8.31103229522705,0.15269755226571627,90,,,,,,,,,
chesca_mesh,1599,16,6,6,7.384540452460083,6.508540452460083,-0.8760000000000003,8.31103229522705,0.35891880314052993,90,,,,,,,,,
chesca_mesh,1600,17,6,6,9.438976970409147,8.562976970409146,-0.8760000000000012,8.400439262390137,0.3575129409404149,90,,,,,,,,,
chesca_mesh,1601,18,6,6,11.568318972089639,10.692318972089637,-0.8760000000000012,8.31103229522705,1.2988203937945553,90,,,,,,,,,
chesca_mesh,1602,19,6,6,13.728502490828575,12.852502490828575,-0.8759999999999994,8.31103229522705,1.4294179037500676,90,,,,,,,,,
chesca_mesh,1603,20,6,6,11.432091118459446,10.556091118459445,-0.8760000000000012,8.31103229522705,0.38946707079109505,90,,,,,,,,,
chesca_mesh,1604,21,6,6,11.278954216379024,10.402954216379024,-0.8759999999999994,8.31103229522705,0.5767854078900312,90,,,,,,,,,
chesca_mesh,1605,22,6,1,9.580247988532706,9.420247988532708,-0.15999999999999837,8.31103229522705,0.1492386026515202,90,,,,,,,,,
chesca_mesh,1606,23,6,6,10.044010413288664,9.168010413288664,-0.8759999999999994,8.308191299438477,0.13281165345070037,90,,,,,,,,,
chesca_mesh,1607,24,6,6,10.598097250576453,9.722097250576454,-0.8759999999999994,8.308191299438477,0.24825663857162625,90,,,,,,,,,
chesca_mesh,1608,1,6,6,9.859578699377705,8.983578699377704,-0.8760000000000012,8.308191299438477,0.4466136497155274,90,,,,,,,,,
chesca_mesh,1609,2,6,6,8.900722355417965,9.776722355417967,0.8760000000000012,8.308191299438477,-0.41443505095701527,90,,,,,,,,,
chesca_mesh,1610,3,6,6,6.4521566898320515,7.32815668983205,0.8759999999999986,8.308191299438477,-0.5595369057029306,90,,,,,,,,,
chesca_mesh,1611,4,6,6,6.492672474676836,7.368672474676836,0.8759999999999994,8.25601863861084,-0.31956058783683366,90,,,,,,,,,
chesca_mesh,1612,5,6,6,4.933883138636844,5.504172691692934,0.5702895530560896,8.25601863861084,-0.4785134615896332,90,,,,,,,,,
chesca_mesh,1613,6,6,6,5.569976232724278,6.019425622345147,0.44944938962086933,8.25601863861084,-0.28625428863102265,90,,,,,,,,,
chesca_mesh,1614,7,6,6,5.469151628886207,5.818659531179174,0.3495079022929666,8.25601863861084,-0.40564046923076624,90,,,,,,,,,
chesca_mesh,1615,8,6,6,4.829717908105631,5.060268692113152,0.23055078400752116,8.25601863861084,-0.1085384421340795,90,,,,,,,,,
chesca_mesh,1616,9,6,6,2.7198351291927025,3.0604433266491853,0.34060819745648274,8.25601863861084,-0.283843090208421,90,,,,,,,,,
chesca_mesh,1617,10,6,6,2.730621620491844,2.961718706310903,0.23109708581905908,8.25601863861084,-0.12311087439664914,90,,,,,,,,,
chesca_mesh,1618,11,6,6,0.9825119337024737,1.2033423572808954,0.22083042357842175,8.25601863861084,-0.33659360286166046,90,,,,,,,,,
chesca_mesh,1619,12,6,0,3.42950338676497,3.42950338676497,0.0,8.25601863861084,0.043471051870185934,90,,,,,,,,,
chesca_mesh,1620,13,6,0,3.8660999610315345,3.866099961031535,4.440892098500626e-16,8.25601863861084,0.03595001910672266,90,,,,,,,,,
chesca_mesh,1621,14,6,6,4.598280430796612,5.056892553939444,0.4586121231428324,8.25601863861084,-0.10948004951168246,90,,,,,,,,,
chesca_mesh,1622,15,6,6,5.906768205985394,6.2560006150561716,0.3492324090707779,8.25601863861084,-0.1122262823602028,90,,,,,,,,,
chesca_mesh,1623,16,6,4,8.644786652790856,8.032786652790856,-0.6120000000000001,8.25601863861084,0.2431017048649401,90,,,,,,,,,
chesca_mesh,1624,17,6,6,9.47078738499119,8.594787384991191,-0.8759999999999994,8.25601863861084,0.09551559035750554,90,,,,,,,,,
chesca_mesh,1625,18,6,6,10.98410586252459,10.10810586252459,-0.8759999999999994,8.160809516906738,0.5745184539222072,90,,,,,,,,,
chesca_mesh,1626,19,6,6,15.365839583605233,14.489839583605233,-0.8759999999999994,8.160809516906738,2.1474674116759997,90,,,,,,,,,
chesca_mesh,1627,20,6,6,12.947259552191866,12.071259552191865,-0.8760000000000012,8.160809516906738,0.7823354669478413,90,,,,,,,,,
chesca_mesh,1628,21,6,6,11.430110884194812,10.554110884194813,-0.8759999999999994,8.160809516906738,0.42839052316691706,90,,,,,,,,,
chesca_mesh,1629,22,6,1,9.22506014445851,9.065060144458512,-0.15999999999999837,8.160809516906738,0.1093717524317738,90,,,,,,,,,
chesca_mesh,1630,23,6,6,10.52965232193257,9.65365232193257,-0.8759999999999994,8.160809516906738,0.1498780367271963,90,,,,,,,,,
chesca_mesh,1631,24,6,6,10.936086707956726,10.060086707956728,-0.8759999999999977,8.160809516906738,0.44091314778668733,90,,,,,,,,,
chesca_mesh,1632,1,6,6,9.501238348846217,8.625238348846215,-0.8760000000000012,8.160809516906738,0.5220694027961665,90,,,,,,,,,
chesca_mesh,1633,2,6,6,9.598388330225497,8.722388330225495,-0.8760000000000012,8.160809516906738,0.610762024869746,90,,,,,,,,,
chesca_mesh,1634,3,6,6,7.768019729121388,8.64401972912139,0.8760000000000012,8.160809516906738,-0.09739587941017402,90,,,,,,,,,
chesca_mesh,1635,4,6,6,6.7142840279714875,7.590284027971487,0.8759999999999994,8.25601863861084,-0.36933306547348466,90,,,,,,,,,
chesca_mesh,1636,5,6,6,6.383458134770658,7.107303899125883,0.7238457643552252,8.25601863861084,-0.2996969669831938,90,,,,,,,,,
chesca_mesh,1637,6,6,6,6.112413660613281,6.6665909377043695,0.5541772770910889,8.25601863861084,-0.25903056699895194,90,,,,,,,,,
chesca_mesh,1638,7,6,6,5.361486578684998,5.828680609846111,0.4671940311611129,8.25601863861084,-0.7419683706907108,90,,,,,,,,,
chesca_mesh,1639,8,6,6,4.062628877426712,4.393164768129163,0.3305358907024507,8.160809516906738,-0.22463133342839817,90,,,,,,,,,
chesca_mesh,1640,9,6,6,1.7598036285322198,1.9899460015137405,0.23014237298152063,8.160809516906738,-0.3276236121337069,90,,,,,,,,,
chesca_mesh,1641,10,6,0,2.7185930274210657,2.7185930274210657,0.0,8.160809516906738,0.018501832725927703,90,,,,,,,,,
chesca_mesh,1642,11,6,0,3.9848102471594578,3.9848102471594578,0.0,8.160809516906738,0.016295362572097127,90,,,,,,,,,
chesca_mesh,1643,12,6,0,4.030642964313609,4.030642964313609,0.0,8.160809516906738,0.040700143513401676,90,,,,,,,,,
chesca_mesh,1644,13,6,6,5.113584172117667,5.498815833426928,0.3852316613092608,8.160809516906738,-0.25847984978755134,90,,,,,,,,,
chesca_mesh,1645,14,6,3,3.8299396464854896,4.070995461488624,0.24105581500313455,8.160809516906738,-0.0976207494215928,90,,,,,,,,,
chesca_mesh,1646,15,6,6,6.3436234606014725,5.51148749573102,-0.8321359648704529,8.160809516906738,0.14605543040632296,90,,,,,,,,,
chesca_mesh,1647,16,6,6,7.784744975581194,6.908744975581194,-0.8760000000000003,8.156977653503418,0.15777083649689377,90,,,,,,,,,
chesca_mesh,1648,17,6,6,12.565531605214176,11.689531605214176,-0.8759999999999994,8.156977653503418,1.215319044136549,90,,,,,,,,,
chesca_mesh,1649,18,6,6,14.022848188157338,13.146848188157337,-0.8760000000000012,8.156977653503418,1.730306553261672,90,,,,,,,,,
chesca_mesh,1650,19,6,6,15.707436178750463,14.831436178750463,-0.8759999999999994,8.156977653503418,2.1983566109847184,90,,,,,,,,,
chesca_mesh,1651,20,6,6,13.815416229402704,12.939416229402706,-0.8759999999999977,8.156977653503418,1.1740785454522837,90,,,,,,,,,
chesca_mesh,1652,21,6,6,12.383213626325796,11.507213626325797,-0.8759999999999994,8.156977653503418,0.32505724892823123,90,,,,,,,,,
chesca_mesh,1653,22,6,0,10.20483021588839,10.20483021588839,0.0,8.156977653503418,0.29740710204048487,90,,,,,,,,,
chesca_mesh,1654,23,6,6,10.45121112327414,9.57521112327414,-0.8759999999999994,8.156977653503418,0.34224856065885256,90,,,,,,,,,
chesca_mesh,1655,24,6,6,11.382140618937681,10.506140618937684,-0.8759999999999977,8.156977653503418,0.693500310894988,90,,,,,,,,,
chesca_mesh,1656,1,6,6,11.02622080766103,10.150220807661029,-0.8760000000000012,8.156977653503418,0.43852147750342846,90,,,,,,,,,
chesca_mesh,1657,2,6,6,9.934541630513102,9.058541630513103,-0.8759999999999994,8.156977653503418,0.35768755566094423,90,,,,,,,,,
chesca_mesh,1658,3,6,6,7.520058325852459,8.39605832585246,0.8760000000000003,8.156977653503418,-0.1493819295310873,90,,,,,,,,,
chesca_mesh,1659,4,6,6,6.716140923316163,7.592140923316162,0.8759999999999986,8.234514236450195,-0.23816596427820053,90,,,,,,,,,
chesca_mesh,1660,5,6,6,6.046898584735402,6.6888200779405595,0.6419214932051576,8.234514236450195,-0.24359110609771903,90,,,,,,,,,
chesca_mesh,1661,6,6,6,6.053474057870981,6.597360733645242,0.5438866757742602,8.234514236450195,-0.13581412475908705,90,,,,,,,,,
chesca_mesh,1662,7,6,6,5.242012190270972,5.4917980814319955,0.24978589116102334,8.234514236450195,-0.1670950215489458,90,,,,,,,,,
chesca_mesh,1663,8,6,6,4.053108196402876,4.275024307523405,0.221916111120529,8.234514236450195,-0.21787502949962806,90,,,,,,,,,
chesca_mesh,1664,9,6,6,2.442247987859729,2.6625303491038865,0.22028236124415734,8.234514236450195,-0.2516318565433612,90,,,,,,,,,
chesca_mesh,1665,10,6,0,2.283476780260586,2.283476780260586,0.0,8.234514236450195,-0.09013327244615493,90,,,,,,,,,
chesca_mesh,1666,11,6,0,1.7788329141521433,1.7788329141521433,0.0,8.234514236450195,-0.08126039544756418,90,,,,,,,,,
chesca_mesh,1667,12,6,6,3.4774590513288275,2.6014590513288263,-0.8760000000000012,8.234514236450195,0.11527314230956998,90,,,,,,,,,
chesca_mesh,1668,13,6,6,5.264540077661586,4.388540077661586,-0.8759999999999994,8.234514236450195,0.22054189254284712,90,,,,,,,,,
chesca_mesh,1669,14,6,0,4.698131034496388,4.698131034496388,0.0,8.234514236450195,-0.01350904285844131,90,,,,,,,,,
chesca_mesh,1670,15,6,6,7.476558630381274,6.600558630381275,-0.8759999999999994,8.234514236450195,0.1477364797333225,90,,,,,,,,,
chesca_mesh,1671,16,6,6,8.66138612205484,7.785386122054839,-0.8760000000000003,8.234514236450195,0.45732601385832583,90,,,,,,,,,
chesca_mesh,1672,17,6,6,11.864096516150617,10.988096516150616,-0.8760000000000012,8.234514236450195,1.431417791186197,90,,,,,,,,,
chesca_mesh,1673,18,6,6,13.827887451261518,12.951887451261518,-0.8759999999999994,8.289170265197754,1.880786475225203,90,,,,,,,,,
chesca_mesh,1674,19,6,6,16.30222751715616,15.426227517156159,-0.876000000000003,8.308191299438477,2.256885811853441,90,,,,,,,,,
chesca_mesh,1675,20,6,6,13.5884765291214,12.7124765291214,-0.8759999999999994,8.375035285949707,0.9593121845804797,90,,,,,,,,,
chesca_mesh,1676,21,6,6,12.184429511369258,11.308429511369258,-0.8759999999999994,8.452805519104004,0.6597994963433118,90,,,,,,,,,
chesca_mesh,1677,22,6,0,9.144878291754429,9.144878291754429,0.0,8.452805519104004,0.0024644403566878095,90,,,,,,,,,
chesca_mesh,1678,23,6,6,9.897208475995708,9.021208475995707,-0.8760000000000012,8.452805519104004,0.09432381345555983,90,,,,,,,,,
chesca_mesh,1679,24,6,6,10.361243098794846,9.485243098794847,-0.8759999999999994,8.452805519104004,0.19622612595832895,90,,,,,,,,,
chesca_mesh,1680,1,6,6,10.62773372679892,9.75173372679892,-0.8760000000000012,8.480209350585938,0.2526492327460914,90,,,,,,,,,
chesca_mesh,1681,2,6,6,9.662491764865704,8.786491764865703,-0.8760000000000012,8.492508888244629,0.530195299488085,90,,,,,,,,,
chesca_mesh,1682,3,6,6,8.427458840579163,9.303458840579165,0.8760000000000012,8.497612953186035,-0.2504682481770035,90,,,,,,,,,
chesca_mesh,1683,4,6,6,6.640759488253577,7.516759488253576,0.8759999999999986,8.532355308532715,-0.29844673148452683,90,,,,,,,,,
chesca_mesh,1684,5,6,6,5.623660338646559,6.335811796346421,0.7121514576998624,8.532355308532715,-0.25109162063144047,90,,,,,,,,,
chesca_mesh,1685,6,6,6,5.188180507835686,5.633059477396413,0.4448789695607269,8.532355308532715,-0.1767385214292784,90,,,,,,,,,
chesca_mesh,1686,7,6,6,4.960576382961257,5.379995769830812,0.4194193868695546,8.497612953186035,-0.1250687925580053,90,,,,,,,,,
chesca_mesh,1687,8,6,6,3.9446609326032904,4.271762298808574,0.32710136620528374,8.497612953186035,-0.3176786539384033,90,,,,,,,,,
chesca_mesh,1688,9,6,6,2.5438166409021044,2.7748091520035754,0.230992511101471,8.497612953186035,-0.26235279122985206,90,,,,,,,,,
chesca_mesh,1689,10,6,6,0.9292039860807513,1.1500089420800113,0.22080495599925998,8.497612953186035,-0.14815525604769478,90,,,,,,,,,
chesca_mesh,1690,11,6,0,1.8511039022699634,1.8511039022699634,0.0,8.497612953186035,0.04762335360623143,90,,,,,,,,,
chesca_mesh,1691,12,6,6,2.906251925590487,3.2718501131683464,0.36559818757785933,8.497612953186035,-0.1698447367729297,90,,,,,,,,,
chesca_mesh,1692,13,6,0,4.86017265996504,4.860172659965041,8.881784197001252e-16,8.497612953186035,-0.04742306467156113,90,,,,,,,,,
chesca_mesh,1693,14,6,6,4.9335063483896775,5.413178265195243,0.4796719168055654,8.497612953186035,-0.1577168611824118,90,,,,,,,,,
chesca_mesh,1694,15,6,0,7.294357221597282,7.294357221597282,0.0,8.497612953186035,0.0136367967251241,90,,,,,,,,,
chesca_mesh,1695,16,6,5,9.081748578858921,8.337748578858921,-0.7439999999999998,8.497612953186035,0.5499412856999963,90,,,,,,,,,
chesca_mesh,1696,17,6,6,12.744101860197995,11.868101860197996,-0.8759999999999994,8.497612953186035,1.6808347614391996,90,,,,,,,,,
chesca_mesh,1697,18,6,6,14.549330580120419,13.67333058012042,-0.8759999999999994,8.532355308532715,1.8528233516180537,90,,,,,,,,,
chesca_mesh,1698,19,6,6,17.122815106659736,16.24681510665974,-0.8759999999999977,8.578983306884766,2.1963196112943644,90,,,,,,,,,
chesca_mesh,1699,20,6,6,15.499618652683242,14.623618652683243,-0.8759999999999994,8.578983306884766,1.1050398652723752,90,,,,,,,,,
chesca_mesh,1700,21,6,6,13.037749892972316,12.161749892972317,-0.8759999999999994,8.578983306884766,0.1811601672951133,90,,,,,,,,,
chesca_mesh,1701,22,6,6,8.636321647167206,9.512321647167207,0.8760000000000012,8.578983306884766,-0.3131019491491187,90,,,,,,,,,
chesca_mesh,1702,23,6,6,8.530912625489023,9.406912625489024,0.8760000000000012,8.59427261352539,-0.29964485849996186,90,,,,,,,,,
chesca_mesh,1703,24,6,6,9.123835919706046,8.247835919706045,-0.8760000000000012,8.604974746704102,0.38850983067103917,90,,,,,,,,,
chesca_mesh,1704,1,6,6,10.301637397508493,9.425637397508492,-0.8760000000000012,8.604974746704102,0.2363169183578423,90,,,,,,,,,
chesca_mesh,1705,2,6,6,8.61452044473249,9.490520444732491,0.8760000000000012,8.636817932128906,-0.32280036138941326,90,,,,,,,,,
chesca_mesh,1706,3,6,6,6.98734869253465,7.86334869253465,0.8760000000000003,8.69186782836914,-0.25759723984476474,90,,,,,,,,,
chesca_mesh,1707,4,6,6,6.956268381314487,7.763177419791217,0.8069090384767295,8.768357276916504,-0.22774756186292947,90,,,,,,,,,
chesca_mesh,1708,5,6,6,5.300466798006763,5.889799358717213,0.5893325607104503,8.768357276916504,-0.24268220103704385,90,,,,,,,,,
chesca_mesh,1709,6,6,0,6.0272309454522155,6.027230945452216,8.881784197001252e-16,8.768357276916504,-0.056698590324530784,90,,,,,,,,,
chesca_mesh,1710,7,6,0,5.009967843183495,5.009967843183495,0.0,8.768357276916504,-0.011604128500460137,90,,,,,,,,,
chesca_mesh,1711,8,6,0,4.6100473398505635,4.6100473398505635,0.0,8.768357276916504,-0.05934777035967308,90,,,,,,,,,
chesca_mesh,1712,9,6,5,5.905492907716676,6.113120580645144,0.20762767292846807,8.842560768127441,-0.7433854204113941,90,,,,,,,,,
chesca_mesh,1713,10,6,6,4.222034248469206,4.563657894112375,0.3416236456431694,8.879321098327637,-0.6928135069419208,90,,,,,,,,,
chesca_mesh,1714,11,6,6,3.5291903814621737,3.7664681232679427,0.237277741805769,8.913224220275879,-0.5718837384763491,90,,,,,,,,,
chesca_mesh,1715,12,6,0,4.2849669268496875,4.284966926849688,8.881784197001252e-16,8.879321098327637,0.05741827632082443,90,,,,,,,,,
chesca_mesh,1716,13,6,6,6.626313034578883,5.750313034578883,-0.8760000000000003,8.879321098327637,0.18122463972895314,90,,,,,,,,,
chesca_mesh,1717,14,6,6,7.111797293191459,6.2357972931914585,-0.8760000000000003,8.879321098327637,0.1786986083332728,90,,,,,,,,,
chesca_mesh,1718,15,6,6,8.472309084206076,7.5963090842060765,-0.8759999999999994,8.879321098327637,0.1613177662646763,90,,,,,,,,,
chesca_mesh,1719,16,6,6,11.173956356551196,10.297956356551197,-0.8759999999999994,8.842560768127441,1.0006771384642243,90,,,,,,,,,
chesca_mesh,1720,17,6,6,14.98440793664746,14.108407936647456,-0.876000000000003,8.879321098327637,1.5787889135525401,90,,,,,,,,,
chesca_mesh,1721,18,6,6,14.69785251934753,13.82185251934753,-0.8759999999999994,8.879321098327637,1.6586880652674298,90,,,,,,,,,
chesca_mesh,1722,19,6,6,16.287006540791054,15.411006540791053,-0.8760000000000012,8.879321098327637,1.8929219164817526,90,,,,,,,,,
chesca_mesh,1723,20,6,6,14.102752573653618,13.22675257365362,-0.8759999999999977,8.879321098327637,1.0356508850929471,90,,,,,,,,,
chesca_mesh,1724,21,6,6,13.027205366102399,12.151205366102399,-0.8759999999999994,8.879321098327637,0.863272974751471,90,,,,,,,,,
chesca_mesh,1725,22,6,6,11.556204290637703,10.680204290637702,-0.8760000000000012,8.913224220275879,0.6511071861842609,90,,,,,,,,,
chesca_mesh,1726,23,6,6,11.160491517880777,10.284491517880776,-0.8760000000000012,8.913224220275879,0.2541417633889857,90,,,,,,,,,
chesca_mesh,1727,24,6,6,10.72213858403511,9.84613858403511,-0.8759999999999994,8.913224220275879,0.15748404061345098,90,,,,,,,,,
chesca_mesh,1728,1,6,6,11.034135790168673,10.15813579016867,-0.876000000000003,8.913224220275879,0.29706368643093833,90,,,,,,,,,
chesca_mesh,1729,2,6,6,10.155214762179636,9.279214762179635,-0.8760000000000012,8.913224220275879,0.42245072591687116,90,,,,,,,,,
chesca_mesh,1730,3,6,6,8.275715742811487,9.151715742811486,0.8759999999999994,8.936620712280273,-0.1944440432193433,90,,,,,,,,,
chesca_mesh,1731,4,6,6,6.9625695375725805,7.83856953757258,0.8759999999999994,8.947628021240234,-0.23396424754487813,90,,,,,,,,,
chesca_mesh,1732,5,6,6,5.8350664441235365,6.547217966846648,0.7121515227231114,8.947628021240234,-0.20430255086608493,90,,,,,,,,,
chesca_mesh,1733,6,6,6,5.679833715391063,6.320930140100731,0.6410964247096675,8.947628021240234,-0.11409237800333903,90,,,,,,,,,
chesca_mesh,1734,7,6,0,5.314708682134334,5.314708682134334,0.0,8.947628021240234,-0.05345612988271293,90,,,,,,,,,
chesca_mesh,1735,8,6,0,4.1610621880498435,4.1610621880498435,0.0,8.947628021240234,-0.09189037746422762,90,,,,,,,,,
chesca_mesh,1736,9,6,6,2.62109826361199,2.8710760476589567,0.2499777840469668,8.947628021240234,-0.3941372896729524,90,,,,,,,,,
chesca_mesh,1737,10,6,6,2.1934475049284905,2.5349124539903394,0.3414649490618489,8.947628021240234,-0.14154868065410053,90,,,,,,,,,
chesca_mesh,1738,11,6,6,3.0544091448539517,3.3945216463765684,0.34011250152261674,8.947628021240234,-0.11554705932808454,90,,,,,,,,,
chesca_mesh,1739,12,6,6,4.416956278817482,4.756989048375739,0.340032769558257,8.947628021240234,-0.23169542497169263,90,,,,,,,,,
chesca_mesh,1740,13,6,5,5.793588625606006,5.049588625606005,-0.7440000000000007,8.947628021240234,0.1848784862171711,90,,,,,,,,,
chesca_mesh,1741,14,6,6,6.494585528434566,5.618585528434568,-0.8759999999999986,8.947628021240234,0.12811258000934064,90,,,,,,,,,
chesca_mesh,1742,15,6,0,6.4932128190585825,6.4932128190585825,0.0,8.947628021240234,0.06251379609939431,90,,,,,,,,,
chesca_mesh,1743,16,6,6,7.749565877298599,6.873565877298598,-0.8760000000000003,8.947628021240234,0.4477901248622585,90,,,,,,,,,
chesca_mesh,1744,17,6,6,11.79144152613383,10.915441526133833,-0.8759999999999977,8.947628021240234,1.1963978066134224,90,,,,,,,,,
chesca_mesh,1745,18,6,6,13.136166597349725,12.260166597349722,-0.876000000000003,8.959368705749512,1.3158858835509197,90,,,,,,,,,
chesca_mesh,1746,19,6,6,14.682862326048241,13.80686232604824,-0.8760000000000012,9.024450302124023,1.5677560838547215,90,,,,,,,,,
chesca_mesh,1747,20,6,6,13.202183149286865,12.326183149286864,-0.8760000000000012,9.09788703918457,0.8925024937650439,90,,,,,,,,,
chesca_mesh,1748,21,6,6,12.361653942930477,11.48565394293048,-0.8759999999999977,9.131105422973633,0.6456690646480328,90,,,,,,,,,
chesca_mesh,1749,22,6,1,10.697789616166956,10.537789616166956,-0.16000000000000014,9.159677505493164,0.45897090134584984,90,,,,,,,,,
chesca_mesh,1750,23,6,6,11.310676512866479,10.43467651286648,-0.8759999999999994,9.190070152282715,0.3503332781768292,90,,,,,,,,,
chesca_mesh,1751,24,6,6,10.714005827724366,9.838005827724368,-0.8759999999999977,9.224663734436035,0.2602437665179388,90,,,,,,,,,
chesca_mesh,1752,1,6,6,11.46305558289833,10.587055582898328,-0.8760000000000012,9.24740982055664,0.472326793128912,90,,,,,,,,,
chesca_mesh,1753,2,6,6,9.654515977114766,8.778515977114765,-0.8760000000000012,9.264947891235352,0.14561630071875575,90,,,,,,,,,
chesca_mesh,1754,3,6,0,8.289581257867308,8.289581257867308,0.0,9.264947891235352,0.05302666757952014,90,,,,,,,,,
chesca_mesh,1755,4,6,0,7.372935223082904,7.372935223082904,0.0,9.264947891235352,0.018706790358736902,90,,,,,,,,,
chesca_mesh,1756,5,6,0,5.883816200563744,5.883816200563743,-8.881784197001252e-16,9.264947891235352,-0.002181601371012143,90,,,,,,,,,
chesca_mesh,1757,6,6,6,6.590580208678491,5.714580208678491,-0.8759999999999994,9.264947891235352,0.12491707156244075,90,,,,,,,,,
chesca_mesh,1758,7,6,6,5.8367762810685955,4.960776281068594,-0.8760000000000012,9.264947891235352,0.09709677524322713,90,,,,,,,,,
chesca_mesh,1759,8,6,6,5.696773711924164,4.820773711924164,-0.8760000000000003,9.264947891235352,0.14301885659173227,90,,,,,,,,,
chesca_mesh,1760,9,6,6,4.76024405953059,3.88424405953059,-0.8760000000000003,9.264947891235352,0.14389275016512093,90,,,,,,,,,
chesca_mesh,1761,10,6,6,2.619440456052781,1.7434404560527812,-0.8759999999999997,9.264947891235352,0.0934691495396718,90,,,,,,,,,
chesca_mesh,1762,11,6,6,2.469661895887119,1.593661895887119,-0.8760000000000001,9.264947891235352,0.1514387061010611,90,,,,,,,,,
chesca_mesh,1763,12,6,0,4.14838532784229,4.1483853278422895,-8.881784197001252e-16,9.264947891235352,-0.038957367868527354,90,,,,,,,,,
chesca_mesh,1764,13,6,6,4.801355445426029,3.92535544542603,-0.8759999999999994,9.264947891235352,0.24344062860362398,90,,,,,,,,,
chesca_mesh,1765,14,6,6,5.07858501640073,4.20258501640073,-0.8760000000000003,9.264947891235352,0.3195075318697288,90,,,,,,,,,
chesca_mesh,1766,15,6,6,7.496321217813928,6.620321217813927,-0.8760000000000012,9.264947891235352,0.3056804204665747,90,,,,,,,,,
chesca_mesh,1767,16,6,6,8.026442246214913,7.150442246214912,-0.8760000000000003,9.264947891235352,0.5740889134649243,90,,,,,,,,,
chesca_mesh,1768,17,6,6,10.653037007114348,9.777037007114346,-0.8760000000000012,9.24740982055664,0.8356772558613839,90,,,,,,,,,
chesca_mesh,1769,18,6,6,12.571396106099249,11.695396106099249,-0.8759999999999994,9.24740982055664,1.30476601821815,90,,,,,,,,,
chesca_mesh,1770,19,6,6,15.256795229609086,14.380795229609083,-0.876000000000003,9.24740982055664,1.6327017344859727,90,,,,,,,,,
chesca_mesh,1771,20,6,6,12.956062223911285,12.080062223911286,-0.8759999999999994,9.24740982055664,0.6810519991741268,90,,,,,,,,,
chesca_mesh,1772,21,6,6,12.097420879602431,11.221420879602432,-0.8759999999999994,9.24740982055664,0.586585984572049,90,,,,,,,,,
chesca_mesh,1773,22,6,0,9.987384119785224,9.987384119785224,0.0,9.24740982055664,0.22259866916313653,90,,,,,,,,,
chesca_mesh,1774,23,6,6,10.274808664677998,9.398808664677999,-0.8759999999999994,9.264947891235352,0.4582093171107201,90,,,,,,,,,
chesca_mesh,1775,24,6,6,11.466282946246336,10.590282946246338,-0.8759999999999977,9.264947891235352,0.571666658827062,90,,,,,,,,,
chesca_mesh,1776,1,6,6,11.235761346476744,10.359761346476745,-0.8759999999999994,9.264947891235352,0.30117696288465157,90,,,,,,,,,
chesca_mesh,1777,2,6,6,10.976309255559578,10.100309255559576,-0.8760000000000012,9.323356628417969,0.2713073769887163,90,,,,,,,,,
chesca_mesh,1778,3,6,0,8.640527293743963,8.640527293743963,0.0,9.323356628417969,0.023389010554829975,90,,,,,,,,,
chesca_mesh,1779,4,6,6,7.835953754458124,6.959953754458124,-0.8760000000000003,9.323356628417969,0.11678375436915824,90,,,,,,,,,
chesca_mesh,1780,5,6,6,6.040272388285871,5.164272388285871,-0.8759999999999994,9.323356628417969,0.08513814377969525,90,,,,,,,,,
chesca_mesh,1781,6,6,6,6.510031357037795,5.634031357037795,-0.8759999999999994,9.323356628417969,0.2158040493249186,90,,,,,,,,,
chesca_mesh,1782,7,6,6,6.3220640102210774,5.446064010221079,-0.8759999999999986,9.323356628417969,0.13948946206796276,90,,,,,,,,,
chesca_mesh,1783,8,6,6,5.838460836967533,6.625122517449183,0.7866616804816502,9.369599342346191,-0.3077084534597323,90,,,,,,,,,
chesca_mesh,1784,9,6,6,5.385836003669454,4.509836003669453,-0.8760000000000012,9.369599342346191,0.11371833230636635,90,,,,,,,,,
chesca_mesh,1785,10,6,6,4.243427794948796,3.3674277949487967,-0.8759999999999994,9.369599342346191,0.10433551691596113,90,,,,,,,,,
chesca_mesh,1786,11,6,6,4.534466550589135,3.658466550589136,-0.8759999999999994,9.369599342346191,0.27220543658760404,90,,,,,,,,,
chesca_mesh,1787,12,6,6,5.6984111201900545,4.822411120190055,-0.8759999999999994,9.369599342346191,0.2947732463482451,90,,,,,,,,,
chesca_mesh,1788,13,6,6,5.898117764085547,5.0221177640855466,-0.8760000000000003,9.369599342346191,0.25970995481250925,90,,,,,,,,,
chesca_mesh,1789,14,6,6,6.336589906563608,5.460589906563608,-0.8760000000000003,9.369599342346191,0.24405976179571442,90,,,,,,,,,
chesca_mesh,1790,15,6,6,8.132959648938158,7.256959648938158,-0.8760000000000003,9.369599342346191,0.3966324981282271,90,,,,,,,,,
chesca_mesh,1791,16,6,6,9.555592798409966,8.679592798409967,-0.8759999999999994,9.369599342346191,0.25314140921789763,90,,,,,,,,,
chesca_mesh,1792,17,6,6,13.667467169840172,12.791467169840171,-0.8760000000000012,9.369599342346191,1.3842959471065888,90,,,,,,,,,
chesca_mesh,1793,18,6,6,14.752404231806597,13.8764042318066,-0.8759999999999977,9.382318496704102,1.4445521878137964,90,,,,,,,,,
chesca_mesh,1794,19,6,6,15.655633057947243,14.779633057947244,-0.8759999999999994,9.48444652557373,1.6087042169205688,90,,,,,,,,,
chesca_mesh,1795,20,6,6,13.651784656147772,12.775784656147772,-0.8759999999999994,9.48444652557373,0.8106162178372023,90,,,,,,,,,
chesca_mesh,1796,21,6,6,12.56285263475052,11.68685263475052,-0.8759999999999994,9.48444652557373,0.5654699334063865,90,,,,,,,,,
chesca_mesh,1797,22,6,0,9.74113934063615,9.741139340636153,1.7763568394002505e-15,9.582403182983398,0.05705772180182557,90,,,,,,,,,
chesca_mesh,1798,23,6,6,10.754401383863483,9.878401383863482,-0.8760000000000012,9.499804496765137,0.2579765238669173,90,,,,,,,,,
chesca_mesh,1799,24,6,6,11.145603154340286,10.269603154340288,-0.8759999999999977,9.499804496765137,0.545185328441083,90,,,,,,,,,
chesca_mesh,1800,1,6,6,10.38704540693526,9.51104540693526,-0.8759999999999994,9.499804496765137,0.2136666709488092,90,,,,,,,,,
chesca_mesh,1801,2,6,6,8.657292857119739,7.781292857119738,-0.8760000000000003,9.499804496765137,0.09792193347731128,90,,,,,,,,,
chesca_mesh,1802,3,6,6,7.818387999961078,6.942387999961078,-0.8760000000000003,9.499804496765137,0.14938600964912122,90,,,,,,,,,
chesca_mesh,1803,4,6,6,7.133572324610529,6.257572324610528,-0.8760000000000003,9.499804496765137,0.12378059692492968,90,,,,,,,,,
chesca_mesh,1804,5,6,6,6.483757610068078,5.607757610068077,-0.8760000000000003,9.499804496765137,0.11496357386793485,90,,,,,,,,,
chesca_mesh,1805,6,6,6,7.377502297527571,6.50150229752757,-0.8760000000000012,9.499804496765137,0.22947016869180328,90,,,,,,,,,
chesca_mesh,1806,7,6,6,6.633747923104157,7.429747923104157,0.7960000000000003,9.499804496765137,-0.1402646897838861,90,,,,,,,,,
chesca_mesh,1807,8,6,6,5.382493461361536,6.14211304553179,0.7596195841702542,9.499804496765137,-0.10902337820127114,90,,,,,,,,,
chesca_mesh,1808,9,6,6,4.652007398862806,3.7760073988628062,-0.8759999999999999,9.499804496765137,0.13165225704422395,90,,,,,,,,,
chesca_mesh,1809,10,6,6,4.306623941816375,3.4306239418163744,-0.8760000000000008,9.499804496765137,0.18707957404937406,90,,,,,,,,,
chesca_mesh,1810,11,6,6,4.64971089993988,3.773710899939879,-0.8760000000000008,9.499804496765137,0.11316589143723976,90,,,,,,,,,
chesca_mesh,1811,12,6,6,5.704612228270717,4.828612228270718,-0.8759999999999994,9.499804496765137,0.2541857685623807,90,,,,,,,,,
chesca_mesh,1812,13,6,6,6.53135633233752,5.655356332337519,-0.8760000000000012,9.499804496765137,0.14523588503116347,90,,,,,,,,,
chesca_mesh,1813,14,6,6,7.314737401354929,6.438737401354929,-0.8760000000000003,9.499804496765137,0.14958641387318583,90,,,,,,,,,
chesca_mesh,1814,15,6,6,9.468830623059292,8.59283062305929,-0.8760000000000012,9.499804496765137,0.22698335249628665,90,,,,,,,,,
chesca_mesh,1815,16,6,0,7.296569402272247,7.296569402272248,8.881784197001252e-16,9.499804496765137,0.012937532079883449,90,,,,,,,,,
chesca_mesh,1816,17,6,0,9.197236405921512,9.197236405921512,0.0,9.499804496765137,0.07310576834958396,90,,,,,,,,,
chesca_mesh,1817,18,6,0,8.71151749569114,8.711517495691142,1.7763568394002505e-15,9.401089668273926,0.059667457748393785,90,,,,,,,,,
chesca_mesh,1818,19,6,6,12.19372053574525,11.31772053574525,-0.8759999999999994,9.369599342346191,0.7388955703111934,90,,,,,,,,,
chesca_mesh,1819,20,6,6,11.43086453757075,10.55486453757075,-0.8759999999999994,9.323356628417969,0.6533605406996497,90,,,,,,,,,
chesca_mesh,1820,21,6,6,9.332366872424194,10.208366872424193,0.8759999999999994,9.323356628417969,-0.29303064600722706,90,,,,,,,,,
chesca_mesh,1821,22,6,6,8.0136679075417,8.8896679075417,0.8759999999999994,9.323356628417969,-0.14021682697611693,90,,,,,,,,,
chesca_mesh,1822,23,6,0,7.417326075881613,7.417326075881613,0.0,9.323356628417969,-0.017489881017736963,90,,,,,,,,,
chesca_mesh,1823,24,6,0,6.861028989711596,6.861028989711596,0.0,9.323356628417969,0.044753562244698446,90,,,,,,,,,
chesca_mesh,1824,1,6,6,9.18413406742054,8.308134067420541,-0.8759999999999994,9.215964317321777,0.15528420032230866,90,,,,,,,,,
chesca_mesh,1825,2,6,6,8.626304822837412,7.750304822837412,-0.8759999999999994,9.131345748901367,0.09470447572665032,90,,,,,,,,,
chesca_mesh,1826,3,6,0,6.462430494712357,6.462430494712357,0.0,9.131345748901367,-0.054320756661818445,90,,,,,,,,,
chesca_mesh,1827,4,6,0,5.556662786085747,5.556662786085746,-8.881784197001252e-16,9.131345748901367,-0.05437297490251908,90,,,,,,,,,
chesca_mesh,1828,5,6,0,5.308985824398624,5.308985824398624,0.0,9.131345748901367,0.019953020852309516,90,,,,,,,,,
chesca_mesh,1829,6,6,0,5.455876333628088,5.455876333628088,0.0,9.131345748901367,0.0694224337504846,90,,,,,,,,,
chesca_mesh,1830,7,6,6,4.758381391434885,3.8823813914348846,-0.8760000000000008,9.131345748901367,0.10699853028757525,90,,,,,,,,,
chesca_mesh,1831,8,6,6,4.546653537317644,3.6706535373176448,-0.875999999999999,9.131345748901367,0.12762087034097228,90,,,,,,,,,
chesca_mesh,1832,9,6,6,4.213470245214286,3.337470245214286,-0.8760000000000003,9.131345748901367,0.1538445409593022,90,,,,,,,,,
chesca_mesh,1833,10,6,0,1.6171825442374332,1.617182544237433,-2.220446049250313e-16,9.131345748901367,-0.0442692129814056,90,,,,,,,,,
chesca_mesh,1834,11,6,6,2.5710567680343086,1.6950567680343083,-0.8760000000000003,9.131345748901367,0.09625801919664692,90,,,,,,,,,
chesca_mesh,1835,12,6,6,3.233803158389257,2.3578031583892565,-0.8760000000000003,9.131345748901367,0.2276026597973273,90,,,,,,,,,
chesca_mesh,1836,13,6,6,3.9392409613792583,3.0632409613792597,-0.8759999999999986,9.131345748901367,0.2080335972709671,90,,,,,,,,,
chesca_mesh,1837,14,6,6,3.4593432974747307,2.583343297474731,-0.8759999999999999,9.131345748901367,0.11946084570421565,90,,,,,,,,,
chesca_mesh,1838,15,6,6,5.969009041811834,5.0930090418118334,-0.8760000000000003,9.131345748901367,0.2571135506309531,90,,,,,,,,,
chesca_mesh,1839,16,6,6,7.294196396256745,6.418196396256745,-0.8760000000000003,9.131345748901367,0.5619243425002812,90,,,,,,,,,
chesca_mesh,1840,17,6,6,10.003472220499084,9.127472220499085,-0.8759999999999994,9.131345748901367,0.37125930512674665,90,,,,,,,,,
chesca_mesh,1841,18,6,6,10.599629061289978,9.723629061289978,-0.8759999999999994,9.131345748901367,0.3674720512100033,90,,,,,,,,,
chesca_mesh,1842,19,6,6,13.813483516355511,12.93748351635551,-0.8760000000000012,9.09818172454834,1.3392639558899113,90,,,,,,,,,
chesca_mesh,1843,20,6,6,13.465468760728836,12.589468760728835,-0.8760000000000012,9.09818172454834,0.915744448406592,90,,,,,,,,,
chesca_mesh,1844,21,6,6,12.061814543008804,11.185814543008803,-0.8760000000000012,9.09818172454834,0.44653873620444046,90,,,,,,,,,
chesca_mesh,1845,22,6,6,9.161226812714377,10.037226812714378,0.8760000000000012,9.09818172454834,-0.1309602431566994,90,,,,,,,,,
chesca_mesh,1846,23,6,0,8.414482087176818,8.414482087176818,0.0,9.131345748901367,-0.07621628344206618,90,,,,,,,,,
chesca_mesh,1847,24,6,6,9.573976344245146,8.697976344245147,-0.8759999999999994,9.09818172454834,0.17238217320099114,90,,,,,,,,,
chesca_mesh,1848,1,6,6,10.163553795446369,9.28755379544637,-0.8759999999999994,9.09818172454834,0.3320582136056329,90,,,,,,,,,
chesca_mesh,1849,2,6,6,9.37790010383393,8.501900103833929,-0.8760000000000012,9.09818172454834,0.09408576788087533,90,,,,,,,,,
chesca_mesh,1850,3,6,6,6.731304332844799,7.607304332844798,0.8759999999999994,9.09818172454834,-0.09418243130840358,90,,,,,,,,,
chesca_mesh,1851,4,6,6,5.805267593694724,6.6812675936947254,0.8760000000000012,9.080769538879395,-0.10428945041950259,90,,,,,,,,,
chesca_mesh,1852,5,6,0,5.61839605392919,5.61839605392919,0.0,9.080769538879395,-0.0398424611295799,90,,,,,,,,,
chesca_mesh,1853,6,6,0,5.355145296363098,5.355145296363098,0.0,9.080769538879395,-0.0550101109565876,90,,,,,,,,,
chesca_mesh,1854,7,6,0,6.624416766754672,6.624416766754672,0.0,9.080769538879395,0.050489751793921456,90,,,,,,,,,
chesca_mesh,1855,8,6,6,3.777690711024414,4.163414095547952,0.3857233845235384,9.080769538879395,-0.10799296362801848,90,,,,,,,,,
chesca_mesh,1856,9,6,0,2.889027420377931,2.8890274203779303,-8.881784197001252e-16,9.080769538879395,0.03995906906751653,90,,,,,,,,,
chesca_mesh,1857,10,6,0,3.1589166027540916,3.1589166027540916,0.0,9.080769538879395,0.006933279730311312,90,,,,,,,,,
chesca_mesh,1858,11,6,0,2.5238938440573317,2.5238938440573313,-4.440892098500626e-16,9.080769538879395,-0.013096834428869442,90,,,,,,,,,
chesca_mesh,1859,12,6,0,3.4751945038351764,3.4751945038351764,0.0,9.080769538879395,0.01859989332493925,90,,,,,,,,,
chesca_mesh,1860,13,6,6,4.451297053241151,3.575297053241151,-0.8760000000000003,9.080769538879395,0.11644500609192872,90,,,,,,,,,
chesca_mesh,1861,14,6,6,5.049897527336872,4.17389752733687,-0.8760000000000012,9.080769538879395,0.2606436463026188,90,,,,,,,,,
chesca_mesh,1862,15,6,6,6.103914025602892,5.227914025602892,-0.8759999999999994,9.080769538879395,0.14284969628635905,90,,,,,,,,,
chesca_mesh,1863,16,6,6,7.543375584700348,6.6673755847003475,-0.8760000000000003,9.080769538879395,0.3918730046465553,90,,,,,,,,,
chesca_mesh,1864,17,6,6,8.351849791761115,7.475849791761115,-0.8760000000000003,9.080769538879395,0.33728022933506496,90,,,,,,,,,
chesca_mesh,1865,18,6,6,8.842073561636415,7.9660735616364144,-0.8760000000000003,9.03170394897461,0.40711993551327746,90,,,,,,,,,
chesca_mesh,1866,19,6,6,10.638659518019438,9.762659518019438,-0.8759999999999994,9.013317108154297,0.3548052152405312,90,,,,,,,,,
chesca_mesh,1867,20,6,6,11.474136392116547,10.598136392116546,-0.8760000000000012,9.013317108154297,0.5208760168789757,90,,,,,,,,,
chesca_mesh,1868,21,6,0,9.954850258827207,9.954850258827207,0.0,9.013317108154297,0.06999774296675604,90,,,,,,,,,
chesca_mesh,1869,22,6,6,8.223367135721094,9.099367135721096,0.8760000000000012,9.013317108154297,-0.6735602456442206,90,,,,,,,,,
chesca_mesh,1870,23,6,6,7.414101909720451,8.29010190972045,0.8759999999999994,9.013317108154297,-0.2129001436433965,90,,,,,,,,,
chesca_mesh,1871,24,6,0,8.151646477156902,8.1516464771569,-1.7763568394002505e-15,9.013317108154297,-0.02612005521260579,90,,,,,,,,,
chesca_mesh,1872,1,6,3,8.126797756822803,8.606797756822804,0.4800000000000004,9.013317108154297,-0.08123492000743981,90,,,,,,,,,
chesca_mesh,1873,2,6,6,6.481696169606974,7.3576961696069745,0.8760000000000003,8.983439445495605,-0.12726799642395953,90,,,,,,,,,
chesca_mesh,1874,3,6,6,5.952093964731616,6.828093964731616,0.8760000000000003,8.961528778076172,-0.08425562965606787,90,,,,,,,,,
chesca_mesh,1875,4,6,0,6.4017174104748955,6.4017174104748955,0.0,8.961528778076172,-0.05990091255005894,90,,,,,,,,,
chesca_mesh,1876,5,6,0,6.00181769873961,6.00181769873961,0.0,8.961528778076172,-0.015799199940599955,90,,,,,,,,,
chesca_mesh,1877,6,6,0,6.257224976853945,6.257224976853945,0.0,8.961528778076172,0.036359875191664726,90,,,,,,,,,
chesca_mesh,1878,7,6,0,5.5718569811897485,5.5718569811897485,0.0,8.961528778076172,0.006697740096063914,90,,,,,,,,,
chesca_mesh,1879,8,6,6,5.55421953915067,6.013854425705274,0.45963488655460427,8.983439445495605,-0.4557408384784257,90,,,,,,,,,
chesca_mesh,1880,9,6,6,5.401683979708279,5.888238410919266,0.48655443121098685,8.983439445495605,-0.48609224966328746,90,,,,,,,,,
chesca_mesh,1881,10,6,1,5.572952217444339,5.732952217444339,0.16000000000000014,8.961528778076172,-0.07894212018718254,90,,,,,,,,,
chesca_mesh,1882,11,6,6,5.340236478924788,5.7996793563735265,0.4594428774487387,8.931235313415527,-0.33956848136270923,90,,,,,,,,,
chesca_mesh,1883,12,6,0,5.36363135832792,5.363631358327921,8.881784197001252e-16,8.931235313415527,0.03906877258636063,90,,,,,,,,,
chesca_mesh,1884,13,6,0,6.880839989887122,6.880839989887122,0.0,8.931235313415527,0.027528618461293272,90,,,,,,,,,
chesca_mesh,1885,14,6,0,7.2810640348492655,7.281064034849266,8.881784197001252e-16,8.931235313415527,-0.03726832816544612,90,,,,,,,,,
chesca_mesh,1886,15,6,4,9.758177839221615,9.146177839221615,-0.6120000000000001,8.961528778076172,0.34984475243431873,90,,,,,,,,,
chesca_mesh,1887,16,6,6,10.663639795594898,9.787639795594897,-0.8760000000000012,8.983439445495605,0.44476387466135925,90,,,,,,,,,
chesca_mesh,1888,17,6,6,13.591359853486244,12.715359853486243,-0.8760000000000012,8.983439445495605,1.088248246375859,90,,,,,,,,,
chesca_mesh,1889,18,6,6,11.753426729718951,10.877426729718952,-0.8759999999999994,8.983439445495605,0.667601019014854,90,,,,,,,,,
chesca_mesh,1890,19,6,6,13.705115931299922,12.82911593129992,-0.8760000000000012,8.983439445495605,1.2944610586088956,90,,,,,,,,,
chesca_mesh,1891,20,6,6,12.074246394377525,11.198246394377525,-0.8759999999999994,8.983439445495605,0.3371480437365463,90,,,,,,,,,
chesca_mesh,1892,21,6,6,11.439804662939162,12.315804662939163,0.8760000000000012,8.983439445495605,-0.45483611508997884,90,,,,,,,,,
chesca_mesh,1893,22,6,6,7.734096970280882,8.610096970280882,0.8759999999999994,8.983439445495605,-0.660046983272241,90,,,,,,,,,
chesca_mesh,1894,23,6,6,8.427945122561912,9.303945122561913,0.8760000000000012,8.983439445495605,-0.8591922027962349,90,,,,,,,,,
chesca_mesh,1895,24,6,6,8.210956464988449,9.086956464988447,0.8759999999999977,8.961528778076172,-0.09646286059134512,90,,,,,,,,,
chesca_mesh,1896,1,6,0,9.493855494686139,9.493855494686137,-1.7763568394002505e-15,8.95299243927002,-0.007187779593985144,90,,,,,,,,,
chesca_mesh,1897,2,6,6,9.387995884045846,10.263995884045846,0.8759999999999994,8.95299243927002,-0.3080788751969803,90,,,,,,,,,
chesca_mesh,1898,3,6,6,7.49873254267456,8.374732542674561,0.8760000000000012,8.95299243927002,-0.39162169476720643,90,,,,,,,,,
chesca_mesh,1899,4,6,6,6.606513241287625,7.482513241287624,0.8759999999999986,8.925939559936523,-0.30356930532611914,90,,,,,,,,,
chesca_mesh,1900,5,6,6,6.44547959140348,7.239393412363785,0.7939138209603049,8.925939559936523,-0.24606802687816903,90,,,,,,,,,
chesca_mesh,1901,6,6,6,6.393210075626821,7.151761230283665,0.7585511546568435,8.925939559936523,-0.1941200634622852,90,,,,,,,,,
chesca_mesh,1902,7,6,6,5.748503200042128,6.216686537578121,0.4681833375359927,8.925939559936523,-0.2101782208551567,90,,,,,,,,,
chesca_mesh,1903,8,6,6,5.194979016166556,5.43639915941966,0.24142014325310424,8.925939559936523,-0.16662152946516634,90,,,,,,,,,
chesca_mesh,1904,9,6,6,3.2943082315433556,3.6356717126107734,0.34136348106741776,8.95299243927002,-0.9631365984515374,90,,,,,,,,,
chesca_mesh,1905,10,6,6,2.8201345209381357,3.0514037605939346,0.23126923965579893,8.95299243927002,-0.29963692590990054,90,,,,,,,,,
chesca_mesh,1906,11,6,6,2.9271927574447005,3.1481941431809712,0.2210013857362707,8.95299243927002,-0.11631478867075692,90,,,,,,,,,
chesca_mesh,1930,11,6,6,13.454471086195708,12.57847108619571,-0.8759999999999977,8.276420593261719,1.2823572271019272,90,,,,,,,,,
chesca_mesh,1931,12,6,6,11.112839161686214,10.236839161686214,-0.8759999999999994,8.300333976745605,0.09480027787603464,90,,,,,,,,,
chesca_mesh,1932,13,6,6,11.233795340134572,10.357795340134572,-0.8759999999999994,8.300333976745605,0.5005246611657155,90,,,,,,,,,
chesca_mesh,1933,14,6,6,9.860843759720222,8.984843759720222,-0.8759999999999994,8.319393157958984,0.3263664799684461,90,,,,,,,,,
chesca_mesh,1934,15,6,6,11.72941375921195,10.853413759211948,-0.8760000000000012,8.319393157958984,0.7417189736080398,90,,,,,,,,,
chesca_mesh,1935,16,6,6,12.600705091490358,11.724705091490359,-0.8759999999999994,8.436616897583008,1.0796355482849926,90,,,,,,,,,
chesca_mesh,1936,17,6,6,16.757969409680413,15.881969409680416,-0.8759999999999977,8.533310890197754,2.258042994217091,90,,,,,,,,,
chesca_mesh,1937,18,6,6,16.298404899375196,15.422404899375197,-0.8759999999999994,8.533310890197754,1.8370371853011274,90,,,,,,,,,
chesca_mesh,1938,19,6,6,17.083041567159132,16.20704156715913,-0.8760000000000012,8.533310890197754,1.6620750060022247,90,,,,,,,,,
chesca_mesh,1939,20,6,6,15.153394270656538,14.277394270656538,-0.8759999999999994,8.533310890197754,0.8543312008137557,90,,,,,,,,,
chesca_mesh,1940,21,6,6,13.651576403848642,12.77557640384864,-0.8760000000000012,8.533310890197754,0.8507845632139659,90,,,,,,,,,
chesca_mesh,1941,22,6,0,10.175979106148647,10.175979106148647,0.0,8.533310890197754,-0.03951238591541262,90,,,,,,,,,
chesca_mesh,1942,23,6,6,10.676101660899214,9.800101660899214,-0.8759999999999994,8.533310890197754,0.21494477116904565,90,,,,,,,,,
chesca_mesh,1943,24,6,6,11.181350094454954,10.305350094454957,-0.8759999999999977,8.533310890197754,0.24260831868210558,90,,,,,,,,,
chesca_mesh,1944,1,6,6,11.05798223819084,10.181982238190841,-0.8759999999999994,8.533310890197754,0.15941117916390063,90,,,,,,,,,
chesca_mesh,1945,2,6,6,10.408679412182758,9.532679412182759,-0.8759999999999994,8.533310890197754,0.26980900358861415,90,,,,,,,,,
chesca_mesh,1946,3,6,6,9.051748158686355,9.927748158686356,0.8760000000000012,8.533310890197754,-0.2790801030601139,90,,,,,,,,,
chesca_mesh,1947,4,6,6,6.435609573934454,7.3116095739344535,0.8759999999999994,8.554359436035156,-0.3730718031692175,90,,,,,,,,,
chesca_mesh,1948,5,6,6,5.8086660433577215,6.450587536562879,0.6419214932051576,8.554359436035156,-0.2335897154736482,90,,,,,,,,,
chesca_mesh,1949,6,6,6,5.960772343328189,6.504743796980508,0.5439714536523184,8.554359436035156,-0.14476194072398874,90,,,,,,,,,
chesca_mesh,1950,7,6,6,5.7169087796573095,6.165092835157126,0.44818405549981666,8.598694801330566,-0.3693917477438947,90,,,,,,,,,
chesca_mesh,1951,8,6,6,4.739326819074918,4.978100937490831,0.2387741184159129,8.554359436035156,-0.12443011452946602,90,,,,,,,,,
chesca_mesh,1952,9,6,6,2.4873450231038,2.7087918893645293,0.22144686626072918,8.554359436035156,-0.3665924495738116,90,,,,,,,,,
chesca_mesh,1953,10,6,0,4.01475930141517,4.01475930141517,0.0,8.554359436035156,-0.04698291516335941,90,,,,,,,,,
chesca_mesh,1954,11,6,1,3.7135253249835642,3.873525324983564,0.1599999999999997,8.554359436035156,-0.0959213919264565,90,,,,,,,,,
chesca_mesh,1955,12,6,6,4.456576755994741,5.009415601435738,0.5528388454409976,8.554359436035156,-0.2082473494401904,90,,,,,,,,,
chesca_mesh,1956,13,6,0,4.69611959707329,4.696119597073289,-8.881784197001252e-16,8.554359436035156,0.023401930320249537,90,,,,,,,,,
chesca_mesh,1957,14,6,0,5.676166463738897,5.676166463738897,0.0,8.554359436035156,0.00827164481576674,90,,,,,,,,,
chesca_mesh,1958,15,6,0,6.815295606972529,6.815295606972529,0.0,8.554359436035156,0.07450969219090077,90,,,,,,,,,
chesca_mesh,1959,16,6,6,8.570261856353204,7.694261856353203,-0.8760000000000012,8.554359436035156,0.10442942883591948,90,,,,,,,,,
chesca_mesh,1960,17,6,6,12.075166764723676,11.199166764723675,-0.8760000000000012,8.554359436035156,0.886885576519821,90,,,,,,,,,
chesca_mesh,1961,18,6,6,15.004605626040929,14.12860562604093,-0.8759999999999994,8.554359436035156,1.3400913050968672,90,,,,,,,,,
chesca_mesh,1962,19,6,6,16.906287595234613,16.03028759523461,-0.8760000000000012,8.554359436035156,1.6950832210314486,90,,,,,,,,,
chesca_mesh,1963,20,6,6,14.19509939789772,13.31909939789772,-0.8759999999999994,8.554359436035156,0.45181617530149154,90,,,,,,,,,
chesca_mesh,1964,21,6,6,13.150026309785122,12.274026309785125,-0.8759999999999977,8.554359436035156,0.7475425001406287,90,,,,,,,,,
chesca_mesh,1965,22,6,1,9.905830783071414,9.745830783071414,-0.16000000000000014,8.554359436035156,0.17424850692080873,90,,,,,,,,,
chesca_mesh,1966,23,6,6,10.18612608078434,9.31012608078434,-0.8760000000000012,8.554359436035156,0.1736016128077963,90,,,,,,,,,
chesca_mesh,1967,24,6,6,10.584133354380537,9.708133354380536,-0.8760000000000012,8.598694801330566,0.2567096278449866,90,,,,,,,,,
chesca_mesh,1968,1,6,6,10.184304359181265,9.308304359181264,-0.8760000000000012,8.598694801330566,0.2900030670263163,90,,,,,,,,,
chesca_mesh,1969,2,6,0,8.996416335964884,8.996416335964886,1.7763568394002505e-15,8.598694801330566,-0.005614978301864776,90,,,,,,,,,
chesca_mesh,1970,3,6,6,7.588779686091513,8.464779686091513,0.8759999999999994,8.691650390625,-0.11440939174433887,90,,,,,,,,,
chesca_mesh,1971,4,6,6,6.2551194685549465,7.131119468554948,0.8760000000000012,8.691650390625,-0.16774267349863184,90,,,,,,,,,
chesca_mesh,1972,5,6,6,5.402836161973541,6.025592972788202,0.6227568108146606,8.691650390625,-0.18469671474760763,90,,,,,,,,,
chesca_mesh,1973,6,6,3,5.632626037168507,6.056626037168507,0.4240000000000004,8.691650390625,-0.10513322594365343,90,,,,,,,,,
chesca_mesh,1974,7,6,0,5.411941230344737,5.411941230344737,0.0,8.598694801330566,-0.0574974529509243,90,,,,,,,,,
chesca_mesh,1975,8,6,6,4.528203663856278,4.874427904165162,0.3462242403088842,8.554359436035156,-0.14953492143746708,90,,,,,,,,,
chesca_mesh,1976,9,6,6,3.7975167219647727,4.1182799020022145,0.32076318003744175,8.554359436035156,-0.15284189267602782,90,,,,,,,,,
chesca_mesh,1977,10,6,1,3.279962096601225,3.4119620966012247,0.13199999999999967,8.554359436035156,-0.10194632807454455,90,,,,,,,,,
chesca_mesh,1978,11,6,0,1.4854295705498486,1.4854295705498486,0.0,8.554359436035156,-0.03183388751853382,90,,,,,,,,,
chesca_mesh,1979,12,6,6,4.743172333189877,3.8671723331898766,-0.8760000000000003,8.554359436035156,0.14901093350011432,90,,,,,,,,,
chesca_mesh,1980,13,6,6,6.359073568893826,5.4830735688938255,-0.8760000000000003,8.554359436035156,0.2062380615549895,90,,,,,,,,,
chesca_mesh,1981,14,6,6,7.372283678261989,6.496283678261989,-0.8760000000000003,8.554359436035156,0.09680467128980359,90,,,,,,,,,
chesca_mesh,1982,15,6,6,8.835885530969838,7.959885530969836,-0.8760000000000021,8.554359436035156,0.20309247385469592,90,,,,,,,,,
chesca_mesh,1983,16,6,6,9.530773590416462,8.654773590416461,-0.8760000000000012,8.554359436035156,0.3184228732845414,90,,,,,,,,,
chesca_mesh,1984,17,6,6,13.93193682998268,13.05593682998268,-0.8759999999999994,8.533310890197754,1.2884000783336729,90,,,,,,,,,
chesca_mesh,1985,18,6,6,14.382566325974736,13.506566325974735,-0.8760000000000012,8.533310890197754,1.0681883488041042,90,,,,,,,,,
chesca_mesh,1986,19,6,6,15.788652527490644,14.912652527490643,-0.8760000000000012,8.533310890197754,1.3958572111035563,90,,,,,,,,,
chesca_mesh,1987,20,6,6,14.209922541108346,13.333922541108347,-0.8759999999999994,8.652762413024902,0.847625761662116,90,,,,,,,,,
chesca_mesh,1988,21,6,6,11.959188450524357,11.083188450524357,-0.8759999999999994,8.652762413024902,0.36936901444991865,90,,,,,,,,,
chesca_mesh,1989,22,6,0,9.699983925603892,9.69998392560389,-1.7763568394002505e-15,8.652762413024902,0.08350068572545846,90,,,,,,,,,
chesca_mesh,1990,23,6,6,9.848085231113732,8.97208523111373,-0.8760000000000012,8.812759399414062,0.16110128554737427,90,,,,,,,,,
chesca_mesh,1991,24,6,6,11.453130543052582,10.577130543052585,-0.8759999999999977,8.869658470153809,0.328039472518458,90,,,,,,,,,
chesca_mesh,1992,1,6,6,10.362807641534067,9.486807641534067,-0.8759999999999994,8.913912773132324,0.3379235652348648,90,,,,,,,,,
chesca_mesh,1993,2,6,6,9.347454767022763,10.223454767022764,0.8760000000000012,8.95299243927002,-0.27497477262621306,90,,,,,,,,,
chesca_mesh,1994,3,6,6,7.528990096683541,8.40499009668354,0.8759999999999986,8.980000495910645,-0.3614188104510685,90,,,,,,,,,
chesca_mesh,1995,4,6,6,6.709541606656829,7.585541606656827,0.8759999999999977,8.980000495910645,-0.27389007825177464,90,,,,,,,,,
chesca_mesh,1996,5,6,6,5.659180760866754,6.16474639666748,0.5055656358007266,8.980000495910645,-0.3278695001288919,90,,,,,,,,,
chesca_mesh,1997,6,6,6,4.949071379682872,5.190316723274018,0.2412453435911459,8.980000495910645,-0.25517675050039634,90,,,,,,,,,
chesca_mesh,1998,7,6,6,4.084868215041071,4.306464993991066,0.22159677894999508,8.980000495910645,-0.1914846118881257,90,,,,,,,,,
chesca_mesh,1999,8,6,6,3.261586625684293,3.482038175869426,0.22045155018513274,8.980000495910645,-0.14293294503147383,90,,,,,,,,,
chesca_mesh,2000,9,6,6,1.5360260285524174,1.7564106824173078,0.22038465386489037,8.980000495910645,-0.1716136502082249,90,,,,,,,,,
chesca_mesh,2001,10,6,6,3.316508905075719,2.4405089050757196,-0.8759999999999994,8.980000495910645,0.09335890038186898,90,,,,,,,,,
chesca_mesh,2002,11,6,6,3.4424476881755917,2.5664476881755927,-0.875999999999999,8.980000495910645,0.14648778081285235,90,,,,,,,,,
chesca_mesh,2003,12,6,3,5.202648340036669,4.722648340036668,-0.4800000000000013,8.980000495910645,0.08505880614673467,90,,,,,,,,,
chesca_mesh,2004,13,6,6,5.095855569906697,4.219855569906698,-0.8759999999999994,8.980000495910645,0.11253345099131438,90,,,,,,,,,
chesca_mesh,2005,14,6,6,5.646946991177298,4.770946991177298,-0.8760000000000003,8.980000495910645,0.1190120993861131,90,,,,,,,,,
chesca_mesh,2006,15,6,6,7.646303381473035,6.770303381473036,-0.8759999999999994,8.980000495910645,0.20711011004595772,90,,,,,,,,,
chesca_mesh,2007,16,6,6,8.770522220555268,7.894522220555268,-0.8760000000000003,8.980000495910645,0.47446475942186933,90,,,,,,,,,
chesca_mesh,2008,17,6,6,11.507178644270684,10.631178644270683,-0.8760000000000012,8.95299243927002,0.9598027052542919,90,,,,,,,,,
chesca_mesh,2009,18,6,6,13.017475949291613,12.141475949291612,-0.8760000000000012,8.95299243927002,1.0070805588413636,90,,,,,,,,,
chesca_mesh,2010,19,6,6,13.88699562456843,13.010995624568428,-0.8760000000000012,8.95299243927002,0.8786645143735805,90,,,,,,,,,
chesca_mesh,2011,20,6,6,12.890929141044616,12.014929141044616,-0.8759999999999994,8.95299243927002,0.6214863709167333,90,,,,,,,,,
chesca_mesh,2012,21,6,6,12.348459961414337,11.472459961414335,-0.8760000000000012,8.95299243927002,0.5079367240861168,90,,,,,,,,,
chesca_mesh,2013,22,6,0,10.052887992344367,10.052887992344365,-1.7763568394002505e-15,8.95299243927002,0.08485765433987158,90,,,,,,,,,
chesca_mesh,2014,23,6,6,10.27490636128559,9.398906361285588,-0.8760000000000012,8.926613807678223,0.3149084292785014,90,,,,,,,,,
chesca_mesh,2015,24,6,6,10.754680551069974,9.878680551069975,-0.8759999999999994,8.911247253417969,0.16888117791347132,90,,,,,,,,,
chesca_mesh,2016,1,6,6,10.878868146836714,10.002868146836715,-0.8759999999999994,8.911247253417969,0.09982555124390827,90,,,,,,,,,
chesca_mesh,2017,2,6,6,9.32861675672867,10.204616756728669,0.8759999999999994,8.911247253417969,-0.2948795610031362,90,,,,,,,,,
chesca_mesh,2018,3,6,6,6.98176803219344,7.857768032193439,0.8759999999999994,8.9351224899292,-0.37544392174176533,90,,,,,,,,,
chesca_mesh,2019,4,6,6,6.5649208950077345,7.371830006416438,0.8069091114087037,8.9351224899292,-0.24711525329381356,90,,,,,,,,,
chesca_mesh,2020,5,6,6,5.389458421500143,5.9134100955212014,0.5239516740210588,8.9351224899292,-0.31623618404182174,90,,,,,,,,,
chesca_mesh,2021,6,6,6,5.465758231145626,5.712100318973608,0.24634208782798162,8.9351224899292,-0.15673424764160976,90,,,,,,,,,
chesca_mesh,2022,7,6,0,4.687834577513933,4.687834577513934,8.881784197001252e-16,8.9351224899292,-0.09429602482514196,90,,,,,,,,,
chesca_mesh,2023,8,6,0,4.269100855953509,4.269100855953509,0.0,8.9351224899292,-0.06935965476489085,90,,,,,,,,,
chesca_mesh,2024,9,6,6,1.9021286748591921,2.152039929748093,0.24991125488890087,8.9351224899292,-0.19836414380026623,90,,,,,,,,,
chesca_mesh,2025,10,6,6,1.8045333930189789,2.0266820520263993,0.22214865900742042,8.9351224899292,-0.5136574544586703,90,,,,,,,,,
chesca_mesh,2026,11,6,0,2.3842292859444605,2.3842292859444605,0.0,8.9351224899292,-0.02568599855487637,90,,,,,,,,,
chesca_mesh,2027,12,6,6,4.326243547881704,3.4502435478817053,-0.875999999999999,8.9351224899292,0.1210471834591778,90,,,,,,,,,
chesca_mesh,2028,13,6,6,5.158374119772537,4.282374119772538,-0.8759999999999994,8.9351224899292,0.2063568944229974,90,,,,,,,,,
chesca_mesh,2029,14,6,6,6.082030921056499,5.2060309210565,-0.8759999999999994,8.9351224899292,0.09154283870415067,90,,,,,,,,,
chesca_mesh,2030,15,6,6,8.207013125566688,7.331013125566687,-0.8760000000000003,8.9351224899292,0.1538002959654733,90,,,,,,,,,
chesca_mesh,2031,16,6,6,8.845923347875326,7.969923347875325,-0.8760000000000012,8.9351224899292,0.4124984924409799,90,,,,,,,,,
chesca_mesh,2032,17,6,6,14.532887706655771,13.656887706655771,-0.8759999999999994,9.023955345153809,1.6276512288871574,90,,,,,,,,,
chesca_mesh,2033,18,6,6,14.295637711682089,13.419637711682089,-0.8759999999999994,9.095688819885254,1.3573525796376946,90,,,,,,,,,
chesca_mesh,2034,19,6,6,15.735776357078686,14.859776357078687,-0.8759999999999994,9.235722541809082,1.315083236986555,90,,,,,,,,,
chesca_mesh,2035,20,6,6,13.793432047367094,12.917432047367097,-0.8759999999999977,9.235722541809082,0.7036892955880639,90,,,,,,,,,
chesca_mesh,2036,21,6,6,12.327390089035035,11.451390089035034,-0.8760000000000012,9.235722541809082,0.3088110949622963,90,,,,,,,,,
chesca_mesh,2037,22,6,6,10.032918409432519,10.90891840943252,0.8760000000000012,9.235722541809082,-0.3203903394360907,90,,,,,,,,,
chesca_mesh,2038,23,6,0,8.826752512180542,8.826752512180544,1.7763568394002505e-15,9.235722541809082,-0.07906463714084655,90,,,,,,,,,
chesca_mesh,2039,24,6,0,9.700131217356162,9.700131217356162,0.0,9.361381530761719,0.03449458701376847,90,,,,,,,,,
chesca_mesh,2040,1,6,0,10.020629328914653,10.020629328914653,0.0,9.376055717468262,0.07010649921345723,90,,,,,,,,,
chesca_mesh,2041,2,6,6,9.050685928028525,9.926685928028526,0.8760000000000012,9.395245552062988,-0.182248338221629,90,,,,,,,,,
chesca_mesh,2042,3,6,6,6.1849746030887385,7.060974603088738,0.8759999999999994,9.416574478149414,-0.3205408867986448,90,,,,,,,,,
chesca_mesh,2043,4,6,6,6.452344795297693,7.247948733053624,0.7956039377559314,9.416574478149414,-0.1326472760045524,90,,,,,,,,,
chesca_mesh,2044,5,6,6,5.5220802319498326,6.012666072424673,0.4905858404748402,9.416574478149414,-0.19240895022095927,90,,,,,,,,,
chesca_mesh,2045,6,6,0,5.650967094855068,5.650967094855068,0.0,9.416574478149414,-0.06738516206563946,90,,,,,,,,,
chesca_mesh,2046,7,6,0,5.189858727170431,5.18985872717043,-8.881784197001252e-16,9.416574478149414,0.04674302905747326,90,,,,,,,,,
chesca_mesh,2047,8,6,0,4.357196217207635,4.357196217207635,0.0,9.395245552062988,0.047514610757340606,90,,,,,,,,,
chesca_mesh,2048,9,6,6,4.2400512744443075,3.364051274444308,-0.8759999999999994,9.376055717468262,0.09994574969935899,90,,,,,,,,,
chesca_mesh,2049,10,6,0,5.359736280802978,5.359736280802978,0.0,9.376055717468262,-0.005661074134614627,90,,,,,,,,,
chesca_mesh,2050,11,6,0,3.892457118087135,3.892457118087135,0.0,9.376055717468262,0.08457276222319501,90,,,,,,,,,
chesca_mesh,2051,12,6,6,4.500048688309142,3.6240486883091414,-0.8760000000000003,9.376055717468262,0.13712302104412744,90,,,,,,,,,
chesca_mesh,2052,13,6,6,5.802922569689622,4.926922569689623,-0.8759999999999994,9.376055717468262,0.313189071204811,90,,,,,,,,,
chesca_mesh,2053,14,6,6,7.3652732294866095,6.489273229486608,-0.8760000000000012,9.376055717468262,0.29772619298346137,90,,,,,,,,,
chesca_mesh,2054,15,6,0,8.16376217215098,8.16376217215098,0.0,9.376055717468262,0.010114902995898373,90,,,,,,,,,
chesca_mesh,2055,16,6,6,9.144022622430501,8.2680226224305,-0.8760000000000012,9.361381530761719,0.47647670030418315,90,,,,,,,,,
chesca_mesh,2056,17,6,6,12.09531608682643,11.219316086826428,-0.8760000000000012,9.235722541809082,1.1433972424176158,90,,,,,,,,,
chesca_mesh,2057,18,6,6,12.372040453853522,11.496040453853523,-0.8759999999999994,9.235722541809082,0.9706514992692339,90,,,,,,,,,
chesca_mesh,2058,19,6,6,13.374394896637963,12.498394896637961,-0.8760000000000012,9.235722541809082,0.8465540648705063,90,,,,,,,,,
chesca_mesh,2059,20,6,6,11.732511081695556,10.856511081695556,-0.8759999999999994,9.235722541809082,0.37364107217619613,90,,,,,,,,,
chesca_mesh,2060,21,6,6,11.48028942172841,10.604289421728408,-0.8760000000000012,9.235722541809082,0.43717995169397283,90,,,,,,,,,
chesca_mesh,2061,22,6,0,10.2437351181153,10.2437351181153,0.0,9.235722541809082,0.3319005283696891,90,,,,,,,,,
chesca_mesh,2062,23,6,6,10.586795845663488,9.710795845663487,-0.8760000000000012,9.235722541809082,0.15039226018288973,90,,,,,,,,,
chesca_mesh,2063,24,6,0,9.663828715370958,9.663828715370958,0.0,9.361381530761719,-0.0543540473006254,90,,,,,,,,,
chesca_mesh,2064,1,6,0,8.646023529230794,8.646023529230794,0.0,9.376055717468262,0.0047927854725343805,90,,,,,,,,,
chesca_mesh,2065,2,6,0,7.949531438302531,7.94953143830253,-8.881784197001252e-16,9.361381530761719,0.0008917048594237059,90,,,,,,,,,
chesca_mesh,2066,3,6,0,6.436488125708404,6.436488125708404,0.0,9.235722541809082,-0.06280684541203556,90,,,,,,,,,
chesca_mesh,2067,4,6,0,6.5627046713957435,6.5627046713957435,0.0,9.235722541809082,0.0704763589528026,90,,,,,,,,,
chesca_mesh,2068,5,6,0,5.576063507439496,5.576063507439496,0.0,9.235722541809082,0.0133246857685448,90,,,,,,,,,
chesca_mesh,2069,6,6,6,6.157293392070658,5.281293392070657,-0.8760000000000012,9.235722541809082,0.10721185283131571,90,,,,,,,,,
chesca_mesh,2070,7,6,6,5.659653045542987,4.783653045542987,-0.8759999999999994,9.235722541809082,0.16989597818889374,90,,,,,,,,,
chesca_mesh,2071,8,6,6,5.126710169222683,4.250710169222684,-0.8759999999999994,9.235722541809082,0.09181046617293512,90,,,,,,,,,
chesca_mesh,2072,9,6,6,3.621386760084057,2.7453867600840565,-0.8760000000000003,9.095688819885254,0.14329748423568464,90,,,,,,,,,
chesca_mesh,2073,10,6,6,3.750945752254861,2.8749457522548605,-0.8760000000000003,9.095688819885254,0.11509375545604027,90,,,,,,,,,
chesca_mesh,2074,11,6,6,5.595845803016073,4.719845803016073,-0.8760000000000003,9.095688819885254,0.21931818977130313,90,,,,,,,,,
chesca_mesh,2075,12,6,6,6.1068699069644605,5.23086990696446,-0.8760000000000003,9.095688819885254,0.10367943596436748,90,,,,,,,,,
chesca_mesh,2076,13,6,6,7.049247330376596,6.173247330376596,-0.8759999999999994,9.095688819885254,0.3299337071089185,90,,,,,,,,,
chesca_mesh,2077,14,6,6,7.148544178608054,6.272544178608054,-0.8760000000000003,9.095688819885254,0.18910452696724273,90,,,,,,,,,
chesca_mesh,2078,15,6,6,8.554738616040803,7.678738616040803,-0.8759999999999994,9.095688819885254,0.25345850315308593,90,,,,,,,,,
chesca_mesh,2079,16,6,6,9.958272198249942,9.082272198249942,-0.8759999999999994,9.095688819885254,0.5881361435799451,90,,,,,,,,,
chesca_mesh,2080,17,6,6,13.451720661706135,12.575720661706134,-0.8760000000000012,9.095688819885254,1.5067952377902372,90,,,,,,,,,
chesca_mesh,2081,18,6,6,13.113904089957115,12.237904089957116,-0.8759999999999994,9.235722541809082,1.0602318957185568,90,,,,,,,,,
chesca_mesh,2082,19,6,6,14.384171205593919,13.508171205593918,-0.8760000000000012,9.361381530761719,1.0722361283809947,90,,,,,,,,,
chesca_mesh,2083,20,6,6,13.551767501650986,12.675767501650984,-0.8760000000000012,9.394843101501465,0.8246641590273124,90,,,,,,,,,
chesca_mesh,2084,21,6,6,12.04858174804323,11.172581748043228,-0.8760000000000012,9.412781715393066,0.4364023614580632,90,,,,,,,,,
chesca_mesh,2085,22,6,3,10.775404731896963,11.255404731896963,0.4800000000000004,9.41834545135498,-0.0832798914973139,90,,,,,,,,,
chesca_mesh,2086,23,6,0,10.286472454554772,10.286472454554772,0.0,9.472329139709473,-0.06873366568653651,90,,,,,,,,,
chesca_mesh,2087,24,6,6,10.212828407402473,9.336828407402473,-0.8759999999999994,9.51820182800293,0.15617488477640418,90,,,,,,,,,
chesca_mesh,2088,1,6,6,10.249246587551514,9.373246587551513,-0.8760000000000012,9.51820182800293,0.27977148160956006,90,,,,,,,,,
chesca_mesh,2089,2,6,0,9.288206678276241,9.288206678276241,0.0,9.51820182800293,0.056674657146841,90,,,,,,,,,
chesca_mesh,2090,3,6,6,7.566104030123017,8.442104030123017,0.8760000000000003,9.58256721496582,-0.12186571915072131,90,,,,,,,,,
chesca_mesh,2091,4,6,0,5.889444291592598,5.889444291592598,0.0,9.58256721496582,-0.06778164374053287,90,,,,,,,,,
chesca_mesh,2092,5,6,6,5.696339645748401,4.820339645748401,-0.8759999999999994,9.58256721496582,0.09107002027775443,90,,,,,,,,,
chesca_mesh,2093,6,6,6,6.27341251468885,5.397412514688852,-0.8759999999999986,9.58256721496582,0.17565844145854628,90,,,,,,,,,
chesca_mesh,2094,7,6,6,5.518643660650866,4.642643660650867,-0.8759999999999994,9.58256721496582,0.13946457901099904,90,,,,,,,,,
chesca_mesh,2095,8,6,6,5.553891593306134,4.677891593306134,-0.8760000000000003,9.58256721496582,0.12641059908354546,90,,,,,,,,,
chesca_mesh,2096,9,6,6,4.474002937442544,3.598002937442544,-0.8759999999999994,9.58256721496582,0.16302988148677525,90,,,,,,,,,
chesca_mesh,2097,10,6,6,3.4856969374970195,2.6096969374970196,-0.8759999999999999,9.58256721496582,0.11592617720342825,90,,,,,,,,,
chesca_mesh,2098,11,6,6,2.4295598348525216,1.5535598348525226,-0.875999999999999,9.58256721496582,0.10872246986979009,90,,,,,,,,,
chesca_mesh,2099,12,6,6,4.210341347451731,3.3343413474517303,-0.8760000000000008,9.51820182800293,0.2876816896585215,90,,,,,,,,,
chesca_mesh,2100,13,6,6,5.624812770847019,4.748812770847017,-0.8760000000000012,9.51820182800293,0.2658205698555709,90,,,,,,,,,
chesca_mesh,2101,14,6,6,6.7063656349099325,5.830365634909933,-0.8759999999999994,9.51820182800293,0.26145092024517247,90,,,,,,,,,
chesca_mesh,2102,15,6,6,7.317967800621606,8.193967800621605,0.8759999999999994,9.58256721496582,-0.5381324207007541,90,,,,,,,,,
chesca_mesh,2103,16,6,6,8.946358595326323,8.070358595326322,-0.8760000000000012,9.51820182800293,0.4008297664669546,90,,,,,,,,,
chesca_mesh,2104,17,6,6,11.048558525776224,10.172558525776223,-0.8760000000000012,9.472329139709473,0.8432320055685669,90,,,,,,,,,
chesca_mesh,2105,18,6,6,11.241746861594974,10.365746861594975,-0.8759999999999994,9.472329139709473,0.6514408813315412,90,,,,,,,,,
chesca_mesh,2106,19,6,6,12.06601378102375,11.19001378102375,-0.8760000000000012,9.41834545135498,0.659172036808491,90,,,,,,,,,
chesca_mesh,2107,20,6,6,11.470803989402254,10.594803989402255,-0.8759999999999994,9.41834545135498,0.3251345520653413,90,,,,,,,,,
chesca_mesh,2108,21,6,6,10.958706754198184,10.082706754198183,-0.8760000000000012,9.41834545135498,0.2343543512939331,90,,,,,,,,,
chesca_mesh,2109,22,6,0,9.707481208318727,9.707481208318727,0.0,9.41834545135498,0.004226315406765865,90,,,,,,,,,
chesca_mesh,2110,23,6,0,8.997636442829425,8.997636442829425,0.0,9.412781715393066,-0.016281258141560742,90,,,,,,,,,
chesca_mesh,2111,24,6,3,8.688402756584571,9.16840275658457,0.47999999999999865,9.394843101501465,-0.07889510295030697,90,,,,,,,,,
chesca_mesh,2112,1,6,6,9.211830705457249,10.08783070545725,0.8760000000000012,9.394843101501465,-0.19813355863707288,90,,,,,,,,,
chesca_mesh,2113,2,6,6,8.757789666790444,9.633789666790445,0.8760000000000012,9.394843101501465,-0.16672329422174226,90,,,,,,,,,
chesca_mesh,2114,3,6,6,6.802229719949364,7.678229719949363,0.8759999999999994,9.394843101501465,-0.24946603106819837,90,,,,,,,,,
chesca_mesh,2115,4,6,6,5.881082768463596,6.676603671530752,0.795520903067156,9.361381530761719,-0.12428853765398719,90,,,,,,,,,
chesca_mesh,2116,5,6,6,5.2117504832636286,5.7975489097409945,0.5857984264773659,9.361381530761719,-0.1247274767976777,90,,,,,,,,,
chesca_mesh,2117,6,6,0,5.643863195527667,5.643863195527667,0.0,9.361381530761719,0.02472075782692213,90,,,,,,,,,
chesca_mesh,2118,7,6,0,4.7440232406644345,4.7440232406644345,0.0,9.305882453918457,0.0346778777597245,90,,,,,,,,,
chesca_mesh,2119,8,6,6,4.475632286999926,3.5996322869999253,-0.8760000000000008,9.305882453918457,0.10424880310908455,90,,,,,,,,,
chesca_mesh,2120,9,6,6,4.695035856365351,3.8190358563653506,-0.8760000000000003,9.305882453918457,0.12334154802774684,90,,,,,,,,,
chesca_mesh,2121,10,6,0,1.6912945767939496,1.6912945767939496,0.0,9.305882453918457,-0.06227847605447724,90,,,,,,,,,
chesca_mesh,2122,11,6,0,1.5177324856007872,1.5177324856007872,0.0,9.305882453918457,-0.014709291077937149,90,,,,,,,,,
chesca_mesh,2123,12,6,6,2.9431302348153823,2.0671302348153824,-0.8759999999999999,9.305882453918457,0.12615200071705246,90,,,,,,,,,
chesca_mesh,2124,13,6,6,4.5261602938016745,3.6501602938016746,-0.8759999999999999,9.305882453918457,0.10390355353277857,90,,,,,,,,,
chesca_mesh,2125,14,6,6,6.399115761197562,5.523115761197563,-0.8759999999999986,9.305882453918457,0.12684799776866496,90,,,,,,,,,
chesca_mesh,2126,15,6,0,7.226357480083895,7.226357480083894,-8.881784197001252e-16,9.305882453918457,-0.023416392415775297,90,,,,,,,,,
chesca_mesh,2127,16,6,0,7.737281382118984,7.737281382118983,-8.881784197001252e-16,9.305882453918457,0.03690059357180804,90,,,,,,,,,
chesca_mesh,2128,17,6,6,9.437573450512888,8.561573450512888,-0.8759999999999994,9.305882453918457,0.16997123814081244,90,,,,,,,,,
chesca_mesh,2129,18,6,6,10.931690801869507,10.055690801869506,-0.8760000000000012,9.227836608886719,0.3776142099845051,90,,,,,,,,,
chesca_mesh,2130,19,6,6,12.79479323771725,11.918793237717253,-0.8759999999999977,9.227836608886719,0.8776277412393781,90,,,,,,,,,
chesca_mesh,2131,20,6,6,11.318759220003228,10.442759220003227,-0.8760000000000012,9.227836608886719,0.23245545608426216,90,,,,,,,,,
chesca_mesh,2132,21,6,6,10.802945715367718,9.926945715367719,-0.8759999999999994,9.227836608886719,0.2071995516090394,90,,,,,,,,,
chesca_mesh,2133,22,6,1,9.847542776185408,9.68754277618541,-0.15999999999999837,9.151581764221191,0.21361404468222375,90,,,,,,,,,
chesca_mesh,2134,23,6,0,9.04562598387219,9.04562598387219,0.0,9.151581764221191,0.005177457492033069,90,,,,,,,,,
chesca_mesh,2135,24,6,6,10.243149849787244,9.367149849787243,-0.8760000000000012,9.227836608886719,0.2978575822230307,90,,,,,,,,,
chesca_mesh,2136,1,6,6,9.932332513984635,9.056332513984636,-0.8759999999999994,9.227836608886719,0.24489332408164777,90,,,,,,,,,
chesca_mesh,2137,2,6,6,9.582898993774247,8.706898993774244,-0.876000000000003,9.261674880981445,0.2567167910808287,90,,,,,,,,,
chesca_mesh,2138,3,6,0,7.737216505928058,7.737216505928057,-8.881784197001252e-16,9.261674880981445,-0.07366145252370598,90,,,,,,,,,
chesca_mesh,2139,4,6,0,7.467940043090179,7.46794004309018,8.881784197001252e-16,9.261674880981445,0.02401889044666608,90,,,,,,,,,
chesca_mesh,2140,5,6,0,5.844944608787389,5.844944608787388,-8.881784197001252e-16,9.261674880981445,-0.04618473879884111,90,,,,,,,,,
chesca_mesh,2141,6,6,6,6.392841218762532,5.516841218762532,-0.8760000000000003,9.261674880981445,0.09315648988341971,90,,,,,,,,,
chesca_mesh,2142,7,6,6,5.440084099781558,4.5640840997815575,-0.8760000000000003,9.261674880981445,0.1306224947530188,90,,,,,,,,,
chesca_mesh,2143,8,6,6,4.949352790141565,4.0733527901415645,-0.8760000000000003,9.261674880981445,0.1686700581020213,90,,,,,,,,,
chesca_mesh,2144,9,6,6,3.9366490931500575,3.0606490931500576,-0.8759999999999999,9.261674880981445,0.10030611881968804,90,,,,,,,,,
chesca_mesh,2145,10,6,6,4.381503913656341,3.5055039136563413,-0.8759999999999999,9.261674880981445,0.19412263537275543,90,,,,,,,,,
chesca_mesh,2146,11,6,6,3.6252816262143357,2.749281626214336,-0.8759999999999999,9.261674880981445,0.08545313146321845,90,,,,,,,,,
chesca_mesh,2147,12,6,6,3.8051265007410757,2.929126500741076,-0.8759999999999999,9.261674880981445,0.10622179842289625,90,,,,,,,,,
chesca_mesh,2148,13,6,6,4.816609400919525,3.9406094009195263,-0.8759999999999986,9.261674880981445,0.0865826874726323,90,,,,,,,,,
chesca_mesh,2149,14,6,6,4.882887320667324,4.006887320667324,-0.8760000000000003,9.261674880981445,0.30870408671730015,90,,,,,,,,,
chesca_mesh,2150,15,6,6,6.821982117091741,5.9459821170917415,-0.8759999999999994,9.261674880981445,0.14466932897721768,90,,,,,,,,,
chesca_mesh,2151,16,6,6,7.492928246157565,6.616928246157564,-0.8760000000000003,9.261674880981445,0.2193768146168161,90,,,,,,,,,
chesca_mesh,2152,17,6,6,9.50437535657938,8.62837535657938,-0.8760000000000012,9.261674880981445,0.2099203754487352,90,,,,,,,,,
chesca_mesh,2153,18,6,6,11.826886051723921,10.950886051723922,-0.8759999999999994,9.227836608886719,0.6759040185728986,90,,,,,,,,,
chesca_mesh,2154,19,6,6,14.86274483763508,13.98674483763508,-0.8760000000000012,9.227836608886719,1.3894422922838559,90,,,,,,,,,
chesca_mesh,2155,20,6,6,14.967288581417954,14.091288581417954,-0.8759999999999994,9.227836608886719,1.2540786812612912,90,,,,,,,,,
chesca_mesh,2156,21,6,6,10.314644516963925,11.190644516963925,0.8759999999999994,9.227836608886719,-0.5369015063210842,90,,,,,,,,,
chesca_mesh,2157,22,6,2,9.822144359359767,9.530144359359767,-0.2919999999999998,9.227836608886719,0.10007352430736913,90,,,,,,,,,
chesca_mesh,2158,23,6,6,10.741597772216114,9.865597772216113,-0.8760000000000012,9.227836608886719,0.14288030462555362,90,,,,,,,,,
chesca_mesh,2159,24,6,6,11.558769476234346,10.682769476234347,-0.8759999999999994,9.261674880981445,0.4999926755722374,90,,,,,,,,,
chesca_mesh,2160,1,6,6,11.6054146576511,10.7294146576511,-0.8759999999999994,9.261674880981445,0.47016072640950723,90,,,,,,,,,
chesca_mesh,2161,2,6,6,10.489196651660038,9.613196651660038,-0.8759999999999994,9.261674880981445,0.08406904956245322,90,,,,,,,,,
chesca_mesh,2162,3,6,0,8.56607510774663,8.56607510774663,0.0,9.261674880981445,-0.0023274493054737666,90,,,,,,,,,
chesca_mesh,2163,4,6,0,7.146792878217041,7.146792878217041,0.0,9.261674880981445,-0.015956443876611548,90,,,,,,,,,
chesca_mesh,2164,5,6,3,5.820928646028875,6.300928646028875,0.47999999999999954,9.261674880981445,-0.07925051189214963,90,,,,,,,,,
chesca_mesh,2165,6,6,6,6.28742458209237,5.411424582092371,-0.8759999999999994,9.261674880981445,0.12393745432151682,90,,,,,,,,,
chesca_mesh,2166,7,6,6,5.63418500150861,4.7581850015086085,-0.8760000000000012,9.261674880981445,0.13330351254714892,90,,,,,,,,,
chesca_mesh,2167,8,6,6,5.4892796563091295,6.272650282585319,0.7833706262761897,9.295801162719727,-0.2072470372817902,90,,,,,,,,,
chesca_mesh,2168,9,6,0,4.054392133034665,4.054392133034665,0.0,9.295801162719727,0.0580983857441425,90,,,,,,,,,
chesca_mesh,2169,10,6,6,3.298398803627292,2.422398803627292,-0.8759999999999999,9.295801162719727,0.09262874204131606,90,,,,,,,,,
chesca_mesh,2170,11,6,6,3.322518639544046,2.446518639544045,-0.8760000000000008,9.295801162719727,0.11340880682332355,90,,,,,,,,,
chesca_mesh,2171,12,6,6,5.075570063611824,4.199570063611824,-0.8760000000000003,9.295801162719727,0.24602296159381531,90,,,,,,,,,
chesca_mesh,2172,13,6,6,6.371377611063336,5.495377611063336,-0.8759999999999994,9.295801162719727,0.21896551368870049,90,,,,,,,,,
chesca_mesh,2173,14,6,6,6.745399323121717,5.869399323121717,-0.8759999999999994,9.295801162719727,0.08827650610697318,90,,,,,,,,,
chesca_mesh,2174,15,6,6,8.163784951979656,8.79235524757215,0.6285702955924943,9.343684196472168,-0.15564592905629898,90,,,,,,,,,
chesca_mesh,2175,16,6,6,9.231219875975402,8.355219875975402,-0.8759999999999994,9.343684196472168,0.3352323884076458,90,,,,,,,,,
chesca_mesh,2176,17,6,6,11.783202689362628,10.907202689362629,-0.8759999999999994,9.343684196472168,1.0069493491464194,90,,,,,,,,,
chesca_mesh,2177,18,6,6,13.029016414639957,12.153016414639957,-0.8759999999999994,9.343684196472168,1.3464060127379067,90,,,,,,,,,
chesca_mesh,2178,19,6,6,15.744455572067432,14.86845557206743,-0.8760000000000012,9.343684196472168,1.847851810845582,90,,,,,,,,,
chesca_mesh,2179,20,6,6,15.211644852562205,14.335644852562206,-0.8759999999999994,9.343684196472168,1.2731125947745239,90,,,,,,,,,
chesca_mesh,2180,21,6,6,12.544021858011815,11.668021858011816,-0.8759999999999994,9.343684196472168,0.6085108483144738,90,,,,,,,,,
chesca_mesh,2181,22,6,6,11.235971412438946,10.359971412438949,-0.8759999999999977,9.343684196472168,0.5648807244537484,90,,,,,,,,,
chesca_mesh,2182,23,6,6,11.475805027457849,10.59980502745785,-0.8759999999999994,9.369168281555176,0.3609411044000432,90,,,,,,,,,
chesca_mesh,2183,24,6,6,12.155967551290424,11.279967551290422,-0.8760000000000012,9.39700698852539,0.554550272216615,90,,,,,,,,,
chesca_mesh,2184,1,6,6,11.43807034813306,10.562070348133059,-0.8760000000000012,9.39700698852539,0.22526064802093498,90,,,,,,,,,
chesca_mesh,2185,2,6,6,11.11814563603715,10.24214563603715,-0.8759999999999994,9.39700698852539,0.16640095390851664,90,,,,,,,,,
chesca_mesh,2186,3,6,6,8.740464607866322,9.616464607866321,0.8759999999999994,9.39700698852539,-0.10117124663551916,90,,,,,,,,,
chesca_mesh,2187,4,6,6,7.136674824611973,8.012674824611974,0.8760000000000012,9.447843551635742,-0.3796071353536921,90,,,,,,,,,
chesca_mesh,2188,5,6,6,6.004149828816275,6.727995625683126,0.7238457968668506,9.447843551635742,-0.1100619540450927,90,,,,,,,,,
chesca_mesh,2189,6,6,0,6.134532262782706,6.134532262782706,0.0,9.447843551635742,0.0035491895164636994,90,,,,,,,,,
chesca_mesh,2190,7,6,6,5.579684891617146,5.951284395956708,0.3715995043395619,9.447843551635742,-0.14683101565833967,90,,,,,,,,,
chesca_mesh,2191,8,6,0,3.9198459138373023,3.9198459138373027,4.440892098500626e-16,9.447843551635742,-0.07174243061224904,90,,,,,,,,,
chesca_mesh,2192,9,6,0,3.6759088819266745,3.6759088819266745,0.0,9.447843551635742,0.04585802432595899,90,,,,,,,,,
chesca_mesh,2193,10,6,6,2.8654436006921005,3.1153498019412242,0.24990620124912377,9.447843551635742,-0.12150153115845352,90,,,,,,,,,
chesca_mesh,2194,11,6,0,2.708954699090211,2.708954699090211,0.0,9.447843551635742,0.00772031444951882,90,,,,,,,,,
chesca_mesh,2195,12,6,0,4.626787516074423,4.6267875160744225,-8.881784197001252e-16,9.447843551635742,0.06514164273947745,90,,,,,,,,,
chesca_mesh,2196,13,6,6,5.92502838639836,5.097079923196836,-0.8279484632015235,9.447843551635742,0.1888713247342675,90,,,,,,,,,
chesca_mesh,2197,14,6,6,7.166049436853594,6.290049436853594,-0.8760000000000003,9.447843551635742,0.19488208457571016,90,,,,,,,,,
chesca_mesh,2198,15,6,6,8.527974828311747,7.651974828311747,-0.8759999999999994,9.447843551635742,0.12596420439422906,90,,,,,,,,,
chesca_mesh,2199,16,6,6,10.861056393155845,9.985056393155844,-0.8760000000000012,9.447843551635742,0.800192182482094,90,,,,,,,,,
chesca_mesh,2200,17,6,6,15.113851560876356,14.237851560876354,-0.8760000000000012,9.39700698852539,2.1519537629732177,90,,,,,,,,,
chesca_mesh,2201,18,6,6,15.115364505987497,14.239364505987497,-0.8759999999999994,9.39700698852539,1.5499746236848306,90,,,,,,,,,
chesca_mesh,2202,19,6,6,16.495251242274577,15.619251242274576,-0.8760000000000012,9.39700698852539,1.8201444551109685,90,,,,,,,,,
chesca_mesh,2203,20,6,6,15.042127113589473,14.166127113589473,-0.8759999999999994,9.39700698852539,1.225853661724164,90,,,,,,,,,
chesca_mesh,2204,21,6,6,14.281276159558555,13.405276159558555,-0.8759999999999994,9.39700698852539,1.065097780463615,90,,,,,,,,,
chesca_mesh,2205,22,6,6,10.355098107154207,11.231098107154208,0.8760000000000012,9.39700698852539,-0.08501625442136243,90,,,,,,,,,
chesca_mesh,2206,23,6,0,10.364144654319542,10.364144654319544,1.7763568394002505e-15,9.39700698852539,0.023598624134659463,90,,,,,,,,,
chesca_commitment_full_mesh,1,2,6,6,14.591872655066727,13.715872769507643,-0.875999885559084,14.591872655066727,2.1562115588092237,90,6.0,0.0,0.24000000000000005,0.0,0.24000000000000005,0.0,0.24000000000000005,0.040000000000000036,0.04000000000000001
chesca_commitment_full_mesh,2,3,6,6,6.204107326152643,7.0801073261526435,0.8760000000000003,6.204107326152643,-0.3123500037849793,90,0.0,6.0,0.0,0.23999999999999996,0.0,0.24000000000000005,8.326672684688674e-17,2.7755575615628914e-17,0.08000000000000002
chesca_commitment_full_mesh,3,4,6,6,5.192537087941776,5.988537087941776,0.7959999999999994,5.192537087941776,-0.1941129957619891,90,0.0,6.0,0.0,8.326672684688674e-17,0.0,0.22000000000000006,0.0,0.0,0.1166666666666667
chesca_commitment_full_mesh,4,5,6,0,4.711030065747744,4.711030065747743,-8.881784197001252e-16,4.711030065747744,-0.04868147801391834,90,0.0,0.0,0.0,0.0,0.0,0.0,0.0,0.0,0.1166666666666667
chesca_commitment_full_mesh,5,6,6,6,6.237404508867892,6.772583181138234,0.5351786722703418,6.237404508867892,-0.19209621228683554,90,0.0,6.0,0.0,0.0,0.0,0.18,0.0,0.0,0.1466666666666667
chesca_commitment_full_mesh,6,7,6,6,4.990351398238254,5.416675363261937,0.4263239650236823,4.990351398238254,-0.1467055614586119,90,0.0,6.0,0.0,0.0,0.0,0.15999999999999998,0.0,0.0,0.17333333333333334
chesca_commitment_full_mesh,7,8,6,0,5.958205647622158,5.958205647622158,0.0,5.958205647622158,0.030926627979021917,90,0.0,0.0,0.0,0.0,0.0,0.0,0.0,0.0,0.17333333333333334
chesca_commitment_full_mesh,8,9,6,6,6.376008958995863,6.789535459789824,0.413526500793961,6.376008958995863,-0.1836128694386483,90,0.0,6.0,0.0,0.0,0.0,0.14,0.0,0.0,0.19666666666666668
chesca_commitment_full_mesh,9,10,6,4,7.098647757443403,6.632647757443402,-0.4660000000000011,7.098647757443403,0.23974937698842755,90,4.0,0.0,0.12000000000000001,0.0,0.12000000000000001,0.0,0.12000000000000001,0.04000000000000001,0.21666666666666667
chesca_commitment_full_mesh,10,11,6,4,6.907030968257912,7.373030968257911,0.4659999999999993,6.907030968257912,-0.13755705061849452,90,0.0,4.0,0.0,0.12000000000000001,0.0,0.12000000000000001,6.938893903907228e-18,6.938893903907228e-18,0.2366666666666667
chesca_commitment_full_mesh,11,12,6,2,6.951558739919788,6.819558739919788,-0.13199999999999967,7.096320629119873,0.5753347775285321,90,2.0,0.0,0.04000000000000001,0.0,0.04000000000000001,0.0,0.04000000000000001,0.020000000000000004,0.24333333333333337
chesca_commitment_full_mesh,12,13,6,0,7.7012010350426285,7.7012010350426285,0.0,6.954711437225342,0.5853503675710477,90,0.0,0.0,0.0,0.0,0.0,0.0,0.04000000000000001,0.020000000000000004,0.24333333333333337
chesca_commitment_full_mesh,13,14,6,3,7.399337623476284,7.173337623476284,-0.22599999999999998,6.931127548217773,0.7880042840393442,90,3.0,0.0,0.06000000000000001,0.0,0.06000000000000001,0.0,0.10000000000000002,0.020000000000000004,0.25333333333333335
chesca_commitment_full_mesh,14,15,6,0,4.975002740554117,4.975002740554117,0.0,6.907543182373047,0.6243917686130132,90,0.0,0.0,0.0,0.0,0.0,0.0,0.10000000000000002,0.020000000000000004,0.25333333333333335
chesca_commitment_full_mesh,15,16,6,1,7.133499018053461,7.053499018053461,-0.08000000000000007,6.435116767883301,1.0812646419774359,90,1.0,0.0,0.020000000000000004,0.0,0.020000000000000004,0.0,0.12000000000000002,0.02000000000000001,0.25666666666666665
chesca_commitment_full_mesh,16,17,6,0,7.727875229375478,7.727875229375478,0.0,6.694179058074951,0.7336065413192467,90,0.0,0.0,0.0,0.0,0.0,0.0,0.12000000000000002,0.02000000000000001,0.25666666666666665
chesca_commitment_full_mesh,17,18,6,0,6.587409890681502,6.587409890681503,8.881784197001252e-16,6.904174327850342,0.08301602771911085,90,0.0,0.0,0.0,0.0,0.0,0.0,0.12000000000000002,0.02000000000000001,0.25666666666666665
chesca_commitment_full_mesh,18,19,6,0,9.612170232134021,9.612170232134021,0.0,6.797492027282715,1.23088261813842,90,0.0,0.0,0.0,0.0,0.0,0.0,0.12000000000000002,0.02000000000000001,0.25666666666666665
chesca_commitment_full_mesh,19,20,6,0,8.337066107872488,8.337066107872488,0.0,6.924388885498047,0.49485659338475785,90,0.0,0.0,0.0,0.0,0.0,0.0,0.12000000000000002,0.02000000000000001,0.25666666666666665
chesca_commitment_full_mesh,20,21,6,0,8.08901388514793,8.08901388514793,0.0,6.968188285827637,0.4108291797475954,90,0.0,0.0,0.0,0.0,0.0,0.0,0.12000000000000002,0.02000000000000001,0.25666666666666665
chesca_commitment_full_mesh,21,22,6,6,6.426781706489935,6.864781706489936,0.4380000000000006,7.523429870605469,-0.06020923154082056,90,0.0,6.0,0.0,0.12000000000000001,0.0,0.12000000000000001,2.0816681711721685e-17,1.0408340855860843e-17,0.27666666666666667
chesca_commitment_full_mesh,22,23,6,0,6.512989719906168,6.512989719906168,0.0,7.224452972412109,0.06889439695260097,90,0.0,0.0,0.0,0.0,0.0,0.0,2.0816681711721685e-17,1.0408340855860843e-17,0.27666666666666667
chesca_commitment_full_mesh,23,24,6,0,6.401975192769257,6.401975192769257,0.0,7.419575214385986,-0.015752346655749996,90,0.0,0.0,0.0,0.0,0.0,0.0,2.0816681711721685e-17,1.0408340855860843e-17,0.27666666666666667
chesca_commitment_full_mesh,24,1,6,0,6.106042007636097,6.106042007636097,0.0,7.253274440765381,0.007434175777916073,90,0.0,0.0,0.0,0.0,0.0,0.0,2.0816681711721685e-17,1.0408340855860843e-17,0.27666666666666667
chesca_commitment_full_mesh,25,2,6,0,4.5856730942016055,4.585673094201606,8.881784197001252e-16,7.086974143981934,-0.139996227148381,90,0.0,0.0,0.0,0.0,0.0,0.0,2.0816681711721685e-17,1.0408340855860843e-17,0.23666666666666666
chesca_commitment_full_mesh,26,3,6,0,4.319347407321968,4.319347407321967,-8.881784197001252e-16,6.961450099945068,-0.15245119101110122,90,0.0,0.0,0.0,0.0,0.0,0.0,2.0816681711721685e-17,1.0408340855860843e-17,0.19666666666666666
chesca_commitment_full_mesh,27,4,6,5,4.4688324219439535,4.836414686782548,0.36758226483859424,6.937865734100342,-0.15730213652223413,90,0.0,5.0,0.0,1.0408340855860843e-17,0.0,0.12000000000000002,1.0408340855860843e-17,1.0408340855860843e-17,0.18000000000000002
chesca_commitment_full_mesh,28,5,6,6,4.265504129198094,4.864125315143755,0.5986211859456612,6.914281368255615,-0.2041731405803944,90,0.0,6.0,0.0,1.0408340855860843e-17,0.0,0.18000000000000002,0.0,0.0,0.21
chesca_commitment_full_mesh,29,6,6,0,5.005329192823093,5.005329192823093,0.0,6.877306938171387,-0.05205595012712411,90,0.0,0.0,0.0,0.0,0.0,0.0,0.0,0.0,0.18000000000000002
chesca_commitment_full_mesh,30,7,6,6,3.5164534064685222,2.8804534064685225,-0.6359999999999997,6.822479248046875,0.10591903606133023,90,6.0,0.0,0.18000000000000002,0.0,0.18000000000000002,0.0,0.18000000000000002,0.04,0.18333333333333335
chesca_commitment_full_mesh,31,8,6,0,2.8988684060178844,2.8988684060178844,0.0,6.767650604248047,0.18240838445351398,90,0.0,0.0,0.0,0.0,0.0,0.0,0.18000000000000002,0.04,0.18333333333333335
chesca_commitment_full_mesh,32,9,6,0,2.0177702000049162,2.0177702000049162,0.0,6.706607818603516,0.04626553809147115,90,0.0,0.0,0.0,0.0,0.0,0.0,0.18000000000000002,0.04,0.16
chesca_commitment_full_mesh,33,10,6,1,4.383272405822112,4.383272405822112,0.0,6.640904426574707,0.2429895651815823,90,0.0,1.0,0.0,0.03999999999999998,0.0,0.03999999999999998,0.14,0.04,0.1466666666666667
chesca_commitment_full_mesh,34,11,6,1,2.105899872570176,1.9738998725701757,-0.13200000000000034,6.575201034545898,0.1392803360530016,90,1.0,0.0,0.04,0.0,0.04,0.0,0.18000000000000002,0.04000000000000002,0.13333333333333333
chesca_commitment_full_mesh,35,12,6,0,2.9947181407588412,2.9947181407588412,0.0,6.429965496063232,0.08954042640175758,90,0.0,0.0,0.0,0.0,0.0,0.0,0.18000000000000002,0.04000000000000002,0.12666666666666668
chesca_commitment_full_mesh,36,13,6,6,3.061830209770726,3.4293256497217017,0.36749543995097556,6.25291633605957,-0.25206472130179636,90,0.0,6.0,0.0,0.18,0.0,0.2,2.42861286636753e-17,2.0816681711721685e-17,0.16
chesca_commitment_full_mesh,37,14,6,5,1.6716219590109382,1.9790057105138668,0.3073837515029285,6.565814971923828,-0.5801666094890582,90,0.0,5.0,0.0,3.469446951953614e-18,0.0,0.12000000000000001,2.0816681711721685e-17,2.0816681711721685e-17,0.17
chesca_commitment_full_mesh,38,15,6,5,3.021529154230125,2.343529154230125,-0.6779999999999999,6.404672145843506,0.28624763309023615,90,5.0,0.0,0.18000000000000002,0.0,0.18000000000000002,0.0,0.18000000000000005,0.04000000000000001,0.19999999999999998
chesca_commitment_full_mesh,39,16,6,2,3.9500950358493236,3.8840950358493234,-0.06600000000000028,6.227622985839844,0.6393018456721773,90,1.0,1.0,0.02,0.01999999999999999,0.02,0.01999999999999999,0.18000000000000008,0.04000000000000001,0.20333333333333334
chesca_commitment_full_mesh,40,17,6,1,7.1144953259254295,7.048495325925431,-0.06599999999999895,6.050574779510498,0.8978269560896361,90,1.0,0.0,0.020000000000000004,0.0,0.020000000000000004,0.0,0.20000000000000007,0.04000000000000001,0.20666666666666667
chesca_commitment_full_mesh,41,18,6,0,6.720077441732858,6.720077441732858,0.0,6.025301456451416,0.571865697332841,90,0.0,0.0,0.0,0.0,0.0,0.0,0.20000000000000007,0.04000000000000001,0.20666666666666667
chesca_commitment_full_mesh,42,19,6,0,7.8709436111428905,7.8709436111428905,0.0,6.202330589294434,0.6014132823285216,90,0.0,0.0,0.0,0.0,0.0,0.0,0.20000000000000007,0.04000000000000001,0.20666666666666667
chesca_commitment_full_mesh,43,20,6,0,7.430260685993317,7.430260685993318,8.881784197001252e-16,6.531135559082031,0.23591570193416667,90,0.0,0.0,0.0,0.0,0.0,0.0,0.20000000000000007,0.04000000000000001,0.20666666666666667
chesca_commitment_full_mesh,44,21,6,6,11.512538009751736,10.914538009751736,-0.5980000000000008,6.560847282409668,1.51772558782799,90,6.0,0.0,0.16000000000000003,0.0,0.16000000000000003,0.0,0.36000000000000004,0.08000000000000002,0.23333333333333336
chesca_commitment_full_mesh,45,22,6,0,11.227520740556095,11.227520740556093,-1.7763568394002505e-15,6.55826997756958,1.8495840497466567,90,0.0,0.0,0.0,0.0,0.0,0.0,0.36000000000000004,0.08000000000000002,0.21333333333333335
chesca_commitment_full_mesh,46,23,6,0,6.764028457531348,6.764028457531348,0.0,6.563056468963623,0.048863448354240085,90,0.0,0.0,0.0,0.0,0.0,0.0,0.36000000000000004,0.08000000000000002,0.21333333333333335
chesca_commitment_full_mesh,47,24,6,6,6.001803702420904,6.8778037024209056,0.8760000000000012,6.560479164123535,-0.11014776659822409,90,0.0,6.0,0.0,0.24000000000000005,0.0,0.24000000000000005,0.12000000000000002,0.04000000000000001,0.25333333333333335
chesca_commitment_full_mesh,48,1,6,4,5.401573314528861,5.864663856381855,0.4630905418529947,6.590540885925293,-0.25055594576523554,90,0.0,4.0,0.0,0.12,0.0,0.12000000000000002,2.0816681711721685e-17,1.3877787807814457e-17,0.2733333333333334
chesca_commitment_full_mesh,49,2,6,0,5.195638139931468,5.195638139931468,0.0,6.56268835067749,-0.24036584812079714,90,0.0,0.0,0.0,0.0,0.0,0.0,2.0816681711721685e-17,1.3877787807814457e-17,0.2733333333333334
chesca_commitment_full_mesh,50,3,6,0,4.227303152510823,4.227303152510823,0.0,6.560111045837402,-0.292988066697383,90,0.0,0.0,0.0,0.0,0.0,0.0,2.0816681711721685e-17,1.3877787807814457e-17,0.2733333333333334
chesca_commitment_full_mesh,51,4,6,0,4.47020384645462,4.47020384645462,0.0,6.557533264160156,-0.2563092065303896,90,0.0,0.0,0.0,0.0,0.0,0.0,2.0816681711721685e-17,1.3877787807814457e-17,0.25333333333333335
chesca_commitment_full_mesh,52,5,6,0,4.343974411010742,4.343974411010742,0.0,6.530703067779541,-0.19043726687603513,90,0.0,0.0,0.0,0.0,0.0,0.0,2.0816681711721685e-17,1.3877787807814457e-17,0.22333333333333336
chesca_commitment_full_mesh,53,6,6,0,4.7902015001348435,4.7902015001348435,0.0,6.485682010650635,0.018159861016431703,90,0.0,0.0,0.0,0.0,0.0,0.0,2.0816681711721685e-17,1.3877787807814457e-17,0.22333333333333336
chesca_commitment_full_mesh,54,7,6,0,4.060717097189822,4.060717097189822,0.0,6.440661907196045,0.10103555045663329,90,0.0,0.0,0.0,0.0,0.0,0.0,2.0816681711721685e-17,1.3877787807814457e-17,0.19333333333333336
chesca_commitment_full_mesh,55,8,6,0,3.36254150191744,3.36254150191744,0.0,6.333493232727051,0.0569637103175073,90,0.0,0.0,0.0,0.0,0.0,0.0,2.0816681711721685e-17,1.3877787807814457e-17,0.19333333333333336
chesca_commitment_full_mesh,56,9,6,6,2.153981694807328,2.5554797258580564,0.40149803105072834,6.20146369934082,-0.12173873763335176,90,0.0,6.0,0.0,2.0816681711721685e-17,0.0,0.14,0.0,0.0,0.21666666666666667
chesca_commitment_full_mesh,57,10,6,1,2.1765801466294215,2.211077658881565,0.03449751225214337,6.0694355964660645,-0.3312727646566382,90,0.0,1.0,0.0,0.0,0.0,0.02,0.0,0.0,0.21333333333333335
chesca_commitment_full_mesh,58,11,6,5,0.6930382378525103,0.9563936744123495,0.2633554365598392,6.043170928955078,-0.5486110365243838,90,0.0,5.0,0.0,0.0,0.0,0.10000000000000002,0.0,0.0,0.22333333333333336
chesca_commitment_full_mesh,59,12,6,2,0.604957467238608,0.6774379108501818,0.0724804436115738,6.053885459899902,-0.6008194123369924,90,0.0,2.0,0.0,0.0,0.0,0.04,0.0,0.0,0.23
chesca_commitment_full_mesh,60,13,6,6,1.9580533322327012,2.299203892215502,0.34115055998280064,6.060033321380615,-1.1507795582781306,90,0.0,6.0,0.0,0.0,0.0,0.14,0.0,0.0,0.22
chesca_commitment_full_mesh,61,14,6,6,0.8901628546475556,1.1192410997323452,0.22907824508478958,6.2990803718566895,-1.612326028222336,90,0.0,6.0,0.0,0.0,0.0,0.12000000000000001,0.0,0.0,0.22
chesca_commitment_full_mesh,62,15,6,2,1.3148609529222286,1.4279057817764789,0.11304482885425027,6.46638822555542,-0.5601629846873594,90,0.0,2.0,0.0,0.0,0.0,0.04000000000000001,0.0,0.0,0.19666666666666668
chesca_commitment_full_mesh,63,16,6,1,4.372044839509487,4.372044839509487,0.0,6.549996852874756,-0.012737568672844876,90,0.0,1.0,0.0,0.0,0.0,0.020000000000000018,0.0,0.0,0.19333333333333336
chesca_commitment_full_mesh,64,17,6,5,4.841504520100999,4.257504520101,-0.5839999999999996,6.504976749420166,0.2600661254065051,90,5.0,0.0,0.16,0.0,0.16,0.0,0.16,0.04,0.21666666666666667
chesca_commitment_full_mesh,65,18,6,0,6.038779667545806,6.038779667545807,8.881784197001252e-16,6.459956645965576,0.3235393844194677,90,0.0,0.0,0.0,0.0,0.0,0.0,0.16,0.04,0.21666666666666667
chesca_commitment_full_mesh,66,19,6,5,6.372662231128805,6.843607396849658,0.47094516572085254,6.54356575012207,-0.048772695572362273,90,0.0,5.0,0.0,0.16,0.0,0.16,3.469446951953614e-18,3.469446951953614e-18,0.24333333333333332
chesca_commitment_full_mesh,67,20,6,0,5.3446110371007975,5.344611037100798,8.881784197001252e-16,6.4985456466674805,-0.08816443291137126,90,0.0,0.0,0.0,0.0,0.0,0.0,3.469446951953614e-18,3.469446951953614e-18,0.24333333333333332
chesca_commitment_full_mesh,68,21,6,0,6.069071187206878,6.069071187206878,0.0,6.453524589538574,0.05222805046176816,90,0.0,0.0,0.0,0.0,0.0,0.0,3.469446951953614e-18,3.469446951953614e-18,0.21666666666666667
chesca_commitment_full_mesh,69,22,6,3,5.799380822202259,6.018151019692888,0.21877019749062843,6.537134170532227,-0.12136867923056743,90,0.0,3.0,0.0,3.469446951953614e-18,0.0,0.06000000000000001,0.0,0.0,0.22666666666666668
chesca_commitment_full_mesh,70,23,6,2,5.793732463096365,5.953732463096365,0.16000000000000014,6.560111045837402,-0.31463338451787154,90,0.0,2.0,0.0,0.0,0.0,0.04,0.0,0.0,0.23333333333333336
chesca_commitment_full_mesh,71,24,6,0,5.155492768852605,5.155492768852605,0.0,6.557533264160156,-0.1458284081605961,90,0.0,0.0,0.0,0.0,0.0,0.0,0.0,0.0,0.19333333333333333
chesca_commitment_full_mesh,72,1,6,6,4.227564191408322,4.66281977317131,0.43525558176298773,6.530703067779541,-0.1019048396977389,90,0.0,6.0,0.0,0.0,0.0,0.14,0.0,0.0,0.19666666666666666
chesca_commitment_full_mesh,73,2,6,4,3.319355578660306,3.595128715583641,0.27577313692333494,6.485682010650635,-0.20799098084591316,90,0.0,4.0,0.0,0.0,0.0,0.10000000000000002,0.0,0.0,0.21333333333333335
chesca_commitment_full_mesh,74,3,6,2,3.2346664114404953,3.3078683497791106,0.07320193833861532,6.440661907196045,-0.1205130786475101,90,0.0,2.0,0.0,0.0,0.0,0.04,0.0,0.0,0.22
chesca_commitment_full_mesh,75,4,6,0,4.2066130849997565,4.2066130849997565,0.0,6.33585786819458,0.11456676341780814,90,0.0,0.0,0.0,0.0,0.0,0.0,0.0,0.0,0.22
chesca_commitment_full_mesh,76,5,6,0,3.8045926112625166,3.804592611262517,4.440892098500626e-16,6.479250907897949,-0.2426227360006709,90,0.0,0.0,0.0,0.0,0.0,0.0,0.0,0.0,0.22
chesca_commitment_full_mesh,77,6,6,0,4.849259772322312,4.849259772322312,0.0,6.434230804443359,0.18831048601070777,90,0.0,0.0,0.0,0.0,0.0,0.0,0.0,0.0,0.22
chesca_commitment_full_mesh,78,7,6,0,3.691163044997303,3.691163044997304,8.881784197001252e-16,6.317468166351318,0.1855744741628431,90,0.0,0.0,0.0,0.0,0.0,0.0,0.0,0.0,0.22
chesca_commitment_full_mesh,79,8,6,0,2.243025351111707,2.243025351111707,0.0,6.188750743865967,0.08674980998811782,90,0.0,0.0,0.0,0.0,0.0,0.0,0.0,0.0,0.22
chesca_commitment_full_mesh,80,9,6,0,2.554949465838474,2.554949465838474,0.0,6.060033321380615,0.1503218254523273,90,0.0,0.0,0.0,0.0,0.0,0.0,0.0,0.0,0.19666666666666666
chesca_commitment_full_mesh,81,10,6,6,3.8922710456962273,3.3882710456962277,-0.5039999999999996,6.056722640991211,0.219470590112048,90,6.0,0.0,0.14,0.0,0.14,0.0,0.14,0.04,0.21666666666666667
chesca_commitment_full_mesh,82,11,6,0,2.213116016237489,2.2131160162374894,4.440892098500626e-16,6.053412437438965,0.25230944017397156,90,0.0,0.0,0.0,0.0,0.0,0.0,0.14,0.04,0.19999999999999998
chesca_commitment_full_mesh,83,12,6,1,4.765870373039181,4.7658703730391805,-8.881784197001252e-16,6.049340724945068,0.45912155211498534,90,0.0,1.0,0.0,0.03999999999999998,0.0,0.03999999999999998,0.10000000000000003,0.020000000000000004,0.19999999999999998
chesca_commitment_full_mesh,84,13,6,5,5.622299064914374,5.118299064914373,-0.5040000000000013,6.040702819824219,0.6108205823965162,90,5.0,0.0,0.14,0.0,0.14,0.0,0.24000000000000005,0.06000000000000001,0.20000000000000004
chesca_commitment_full_mesh,85,14,6,0,1.7995377379206547,1.7995377379206547,0.0,6.032064914703369,0.12832375334785157,90,0.0,0.0,0.0,0.0,0.0,0.0,0.24000000000000005,0.06000000000000001,0.18000000000000002
chesca_commitment_full_mesh,86,15,6,1,3.6313030797853054,3.5653030797853056,-0.06599999999999984,6.02114200592041,0.23389001946252536,90,1.0,0.0,0.020000000000000004,0.0,0.020000000000000004,0.0,0.26000000000000006,0.06000000000000001,0.17666666666666667
chesca_commitment_full_mesh,87,16,6,0,3.583258312213811,3.583258312213811,0.0,6.004506587982178,0.4344630070454028,90,0.0,0.0,0.0,0.0,0.0,0.0,0.26000000000000006,0.06000000000000001,0.17333333333333334
chesca_commitment_full_mesh,88,17,6,0,6.472832757937382,6.472832757937382,0.0,5.987871170043945,0.772363383113352,90,0.0,0.0,0.0,0.0,0.0,0.0,0.26000000000000006,0.06000000000000001,0.1466666666666667
chesca_commitment_full_mesh,89,18,6,0,6.058317013741387,6.058317013741387,0.0,6.018765449523926,0.23625209486012813,90,0.0,0.0,0.0,0.0,0.0,0.0,0.26000000000000006,0.06000000000000001,0.1466666666666667
chesca_commitment_full_mesh,90,19,6,0,6.923283775533185,6.923283775533185,0.0,6.002130031585693,0.381588350855666,90,0.0,0.0,0.0,0.0,0.0,0.0,0.26000000000000006,0.06000000000000001,0.12000000000000001
chesca_commitment_full_mesh,91,20,6,6,6.30974676616696,7.119746766166959,0.8099999999999996,6.02959680557251,-0.057868973782435794,90,0.0,6.0,0.0,0.22000000000000003,0.0,0.22000000000000003,0.040000000000000036,0.02000000000000001,0.1566666666666667
chesca_commitment_full_mesh,92,21,6,6,6.29357952594757,7.16957952594757,0.8759999999999994,6.0456390380859375,-0.24384904657379508,90,0.0,6.0,0.0,0.040000000000000036,0.0,0.24000000000000002,0.0,0.0,0.19666666666666666
chesca_commitment_full_mesh,93,22,6,3,5.509256973203541,5.759268652939591,0.2500116797360503,6.054831027984619,-0.25972167331524565,90,0.0,3.0,0.0,0.0,0.0,0.08000000000000002,0.0,0.0,0.19999999999999998
chesca_commitment_full_mesh,94,23,6,5,6.0601177351050515,6.392873045163645,0.3327553100585936,6.073896884918213,-0.2565904074435623,90,0.0,5.0,0.0,0.0,0.0,0.1,0.0,0.0,0.21
chesca_commitment_full_mesh,95,24,6,3,6.25722100457847,6.017221004578471,-0.23999999999999932,6.057668685913086,0.11822184602858174,90,3.0,0.0,0.06,0.0,0.06,0.0,0.06,0.02,0.21999999999999997
chesca_commitment_full_mesh,96,1,6,3,6.280270817305815,6.520270817305815,0.2400000000000002,6.054358005523682,-0.051497129032777866,90,0.0,3.0,0.0,0.06,0.0,0.06000000000000001,0.0,0.0,0.20666666666666667
chesca_commitment_full_mesh,97,2,6,3,4.844245189018644,5.108245189018645,0.2640000000000011,6.066965103149414,-0.10986733935839468,90,0.0,3.0,0.0,0.0,0.0,0.08000000000000002,0.0,0.0,0.20333333333333334
chesca_commitment_full_mesh,98,3,6,0,4.62904821583651,4.62904821583651,0.0,6.057195663452148,0.019657239285565488,90,0.0,0.0,0.0,0.0,0.0,0.0,0.0,0.0,0.19666666666666666
chesca_commitment_full_mesh,99,4,6,0,4.041070467460201,4.041070467460202,8.881784197001252e-16,6.053885459899902,0.01624485962672248,90,0.0,0.0,0.0,0.0,0.0,0.0,0.0,0.0,0.19666666666666666
chesca_commitment_full_mesh,100,5,6,4,4.48242735940236,3.950427359402359,-0.5320000000000009,6.050574779510498,0.11626569897772707,90,4.0,0.0,0.14,0.0,0.14,0.0,0.14,0.04000000000000001,0.22
chesca_commitment_full_mesh,101,6,6,0,4.499452242331523,4.499452242331523,0.0,6.041936874389648,0.2434356749422414,90,0.0,0.0,0.0,0.0,0.0,0.0,0.14,0.04000000000000001,0.22
chesca_commitment_full_mesh,102,7,6,0,4.6790509401264195,4.6790509401264195,0.0,6.033298969268799,0.26759639971391813,90,0.0,0.0,0.0,0.0,0.0,0.0,0.14,0.04000000000000001,0.22
chesca_commitment_full_mesh,103,8,6,4,3.342251988713012,3.727022424739846,0.3847704360268338,6.0258355140686035,-0.13910817515763657,90,0.0,4.0,0.0,0.14,0.0,0.14,0.0,0.0,0.24333333333333332
chesca_commitment_full_mesh,104,9,6,0,3.054088338527865,3.0540883385278645,-4.440892098500626e-16,6.025417327880859,0.10502592725692853,90,0.0,0.0,0.0,0.0,0.0,0.0,0.0,0.0,0.24333333333333332
chesca_commitment_full_mesh,105,10,6,0,3.7590038834028263,3.7590038834028263,0.0,6.032064914703369,-0.3125819892758565,90,0.0,0.0,0.0,0.0,0.0,0.0,0.0,0.0,0.22
chesca_commitment_full_mesh,106,11,6,2,2.9993516283755017,2.8013516283755022,-0.1979999999999995,6.02577543258667,0.2420316840585241,90,2.0,0.0,0.060000000000000005,0.0,0.060000000000000005,0.0,0.060000000000000005,0.04,0.22999999999999998
chesca_commitment_full_mesh,107,12,6,0,2.590356903821476,2.590356903821476,0.0,6.025357246398926,0.01975675184200404,90,0.0,0.0,0.0,0.0,0.0,0.0,0.060000000000000005,0.04,0.22333333333333336
chesca_commitment_full_mesh,108,13,6,0,3.395546826480142,3.3955468264801416,-4.440892098500626e-16,6.024939060211182,0.07918137953672036,90,0.0,0.0,0.0,0.0,0.0,0.0,0.060000000000000005,0.04,0.20000000000000004
chesca_commitment_full_mesh,109,14,6,0,2.2635355986642125,2.263535598664212,-4.440892098500626e-16,6.017749786376953,0.06323581421027229,90,0.0,0.0,0.0,0.0,0.0,0.0,0.060000000000000005,0.04,0.20000000000000004
chesca_commitment_full_mesh,110,15,6,2,4.334656649915413,4.188656649915413,-0.1459999999999999,6.001532554626465,0.08674310207970681,90,2.0,0.0,0.04000000000000001,0.0,0.04000000000000001,0.0,0.10000000000000002,0.04,0.20333333333333334
chesca_commitment_full_mesh,111,16,6,0,5.570662053978014,5.570662053978014,0.0,5.985315322875977,0.08453470467353033,90,0.0,0.0,0.0,0.0,0.0,0.0,0.10000000000000002,0.04,0.20333333333333334
chesca_commitment_full_mesh,112,17,6,4,6.225823537721782,6.513883604242279,0.2880600665204973,6.015432834625244,-0.16349640704794965,90,0.0,4.0,0.0,0.1,0.0,0.12000000000000001,3.469446951953614e-18,3.469446951953614e-18,0.2233333333333333
chesca_commitment_full_mesh,113,18,6,0,6.179168210202355,6.179168210202356,8.881784197001252e-16,6.025238037109375,-0.0570628900252496,90,0.0,0.0,0.0,0.0,0.0,0.0,3.469446951953614e-18,3.469446951953614e-18,0.2233333333333333
chesca_commitment_full_mesh,114,19,6,5,8.18438641024148,7.812386410241478,-0.37200000000000166,6.024819850921631,0.6324604083179324,90,5.0,0.0,0.1,0.0,0.1,0.0,0.1,0.020000000000000007,0.24
chesca_commitment_full_mesh,115,20,6,1,7.822298903989017,7.756298903989016,-0.06600000000000072,6.025596618652344,0.3238289175303337,90,1.0,0.0,0.01999999999999999,0.0,0.01999999999999999,0.0,0.12,0.020000000000000007,0.20666666666666667
chesca_commitment_full_mesh,116,21,6,0,6.978376159008549,6.978376159008549,0.0,6.0357666015625,0.0401614721975406,90,0.0,0.0,0.0,0.0,0.0,0.0,0.12,0.020000000000000007,0.1666666666666667
chesca_commitment_full_mesh,117,22,6,6,6.569258898428309,7.00725889842831,0.4380000000000006,6.0510478019714355,-0.039933621170132966,90,0.0,6.0,0.0,0.12,0.0,0.12000000000000002,6.938893903907228e-18,3.469446951953614e-18,0.17333333333333334
chesca_commitment_full_mesh,118,23,6,0,6.523357333624101,6.523357333624101,0.0,6.043170928955078,-0.05892237686647517,90,0.0,0.0,0.0,0.0,0.0,0.0,6.938893903907228e-18,3.469446951953614e-18,0.1566666666666667
chesca_commitment_full_mesh,119,24,6,6,6.040966386658802,6.916966386658803,0.8760000000000012,6.053885459899902,-0.0931427404850208,90,0.0,6.0,0.0,6.938893903907228e-18,0.0,0.24000000000000005,0.0,0.0,0.18666666666666668
chesca_commitment_full_mesh,120,1,6,6,4.916009102914346,5.657051363799585,0.741042260885239,6.060033321380615,-0.5419684224306821,90,0.0,6.0,0.0,0.0,0.0,0.2,0.0,0.0,0.21
chesca_commitment_full_mesh,121,2,6,5,4.337735501626939,4.9497355016269395,0.6120000000000001,6.056722640991211,-0.5159583236738733,90,0.0,5.0,0.0,0.0,0.0,0.16000000000000003,0.0,0.0,0.22333333333333336
chesca_commitment_full_mesh,122,3,6,2,4.911160191862857,5.026070934386821,0.11491074252396416,6.053412437438965,-0.3807757121661714,90,0.0,2.0,0.0,0.0,0.0,0.04000000000000001,0.0,0.0,0.23
chesca_commitment_full_mesh,123,4,6,1,3.794555385041758,3.8605553850417587,0.06600000000000072,6.049340724945068,-0.44312835945927265,90,0.0,1.0,0.0,0.0,0.0,0.020000000000000004,0.0,0.0,0.23333333333333336
chesca_commitment_full_mesh,124,5,6,0,3.9485929835028153,3.9485929835028144,-8.881784197001252e-16,6.040702819824219,-0.29733222388872915,90,0.0,0.0,0.0,0.0,0.0,0.0,0.0,0.0,0.21
chesca_commitment_full_mesh,125,6,6,3,4.458377450992359,4.6492092161377565,0.1908317651453979,6.032064914703369,-0.267395982290182,90,0.0,3.0,0.0,0.0,0.0,0.06000000000000001,0.0,0.0,0.22
chesca_commitment_full_mesh,126,7,6,6,3.737172636972476,4.187929804840998,0.45075716786852205,6.048106670379639,-1.335863931667526,90,0.0,6.0,0.0,0.0,0.0,0.16,0.0,0.0,0.24666666666666667
chesca_commitment_full_mesh,127,8,6,0,3.3329092490076095,3.33290924900761,4.440892098500626e-16,6.039468765258789,-0.25175286804153196,90,0.0,0.0,0.0,0.0,0.0,0.0,0.0,0.0,0.22333333333333336
chesca_commitment_full_mesh,128,9,6,3,2.7569143092125223,2.9418215425191745,0.18490723330665215,6.0308308601379395,-0.38864420326758276,90,0.0,3.0,0.0,0.0,0.0,0.060000000000000005,0.0,0.0,0.23333333333333336
chesca_commitment_full_mesh,129,10,6,4,2.678347686545047,2.8787782467454486,0.2004305602004015,6.046872615814209,-0.6533083512508568,90,0.0,4.0,0.0,0.0,0.0,0.08000000000000002,0.0,0.0,0.24666666666666667
chesca_commitment_full_mesh,130,11,6,0,1.9953427096175638,1.9953427096175638,0.0,6.038234710693359,-0.14166520499581187,90,0.0,0.0,0.0,0.0,0.0,0.0,0.0,0.0,0.2366666666666667
chesca_commitment_full_mesh,131,12,6,1,3.100685572288677,3.0346855722886765,-0.06600000000000028,6.02959680557251,0.09345317945926887,90,1.0,0.0,0.020000000000000004,0.0,0.020000000000000004,0.0,0.020000000000000004,0.020000000000000004,0.24000000000000002
chesca_commitment_full_mesh,132,13,6,1,3.435967622106087,3.3699676221060866,-0.06600000000000028,6.025656223297119,0.35291698446036635,90,1.0,0.0,0.02,0.0,0.02,0.0,0.04000000000000001,0.020000000000000004,0.24333333333333337
chesca_commitment_full_mesh,133,14,6,0,3.6634773746518614,3.6634773746518614,0.0,6.025238037109375,0.1543093335929146,90,0.0,0.0,0.0,0.0,0.0,0.0,0.04000000000000001,0.020000000000000004,0.24333333333333337
chesca_commitment_full_mesh,134,15,6,4,2.8533628801603768,3.090469544839401,0.23710666467902408,6.028363227844238,-0.8307319350380901,90,0.0,4.0,0.0,0.04,0.0,0.08,3.469446951953614e-18,3.469446951953614e-18,0.25
chesca_commitment_full_mesh,135,16,6,0,3.544470262949037,3.544470262949037,0.0,6.025596618652344,0.3120346828021364,90,0.0,0.0,0.0,0.0,0.0,0.0,3.469446951953614e-18,3.469446951953614e-18,0.25
chesca_commitment_full_mesh,136,17,6,0,3.856038817248658,3.856038817248658,0.0,6.025177955627441,0.1762744205253789,90,0.0,0.0,0.0,0.0,0.0,0.0,3.469446951953614e-18,3.469446951953614e-18,0.23
chesca_commitment_full_mesh,137,18,6,1,5.710125384421132,5.644125384421132,-0.06599999999999984,6.024759769439697,0.18365021472073295,90,1.0,0.0,0.02,0.0,0.02,0.0,0.020000000000000004,0.020000000000000004,0.23333333333333336
chesca_commitment_full_mesh,138,19,6,3,7.401349208671082,7.255349208671082,-0.1459999999999999,6.012726306915283,0.4472046528442064,90,2.0,1.0,0.04000000000000001,0.0,0.04000000000000001,0.03999999999999998,0.06000000000000001,0.020000000000000004,0.23
chesca_commitment_full_mesh,139,20,6,0,7.784399946578977,7.784399946578977,0.0,6.025118350982666,0.5245966655136951,90,0.0,0.0,0.0,0.0,0.0,0.0,0.06000000000000001,0.020000000000000004,0.22666666666666668
chesca_commitment_full_mesh,140,21,6,3,7.287865904609037,7.499865904609037,0.21200000000000063,6.025895118713379,-0.16617451532888505,90,0.0,3.0,0.0,0.060000000000000005,0.0,0.060000000000000005,6.938893903907228e-18,3.469446951953614e-18,0.2366666666666667
chesca_commitment_full_mesh,141,22,6,0,6.385007144489906,6.385007144489906,0.0,6.041936874389648,-0.057709987585187215,90,0.0,0.0,0.0,0.0,0.0,0.0,6.938893903907228e-18,3.469446951953614e-18,0.21666666666666667
chesca_commitment_full_mesh,142,23,6,6,7.387182278465183,6.949182278465183,-0.4379999999999997,6.033298969268799,0.3662078630036447,90,6.0,0.0,0.12000000000000002,0.0,0.12000000000000002,0.0,0.12000000000000002,0.020000000000000007,0.2366666666666667
chesca_commitment_full_mesh,143,24,6,0,7.919417608110569,7.919417608110569,0.0,6.049340724945068,0.4875322220679354,90,0.0,0.0,0.0,0.0,0.0,0.0,0.12000000000000002,0.020000000000000007,0.19666666666666666
chesca_commitment_full_mesh,144,1,6,6,6.26980498866894,6.773804988668941,0.5040000000000004,6.056250095367432,-0.10344017096672563,90,0.0,6.0,0.0,0.12000000000000002,0.0,0.14,0.0,0.0,0.18666666666666668
chesca_commitment_full_mesh,145,2,6,6,6.238784369383508,6.977138357653249,0.7383539882697416,6.066559314727783,-0.24659732555055383,90,0.0,6.0,0.0,0.0,0.0,0.2,0.0,0.0,0.19333333333333336
chesca_commitment_full_mesh,146,3,6,5,5.766750928923114,6.347346024158424,0.58059509523531,6.083527088165283,-0.1532858894995942,90,0.0,5.0,0.0,0.0,0.0,0.16000000000000003,0.0,0.0,0.21333333333333335
chesca_commitment_full_mesh,147,4,6,2,5.117222468061649,5.2163620112413644,0.09913954317971552,6.13948392868042,-0.2973842074689235,90,0.0,2.0,0.0,0.0,0.0,0.04000000000000001,0.0,0.0,0.21666666666666667
chesca_commitment_full_mesh,148,5,6,1,5.0006257352638945,5.066625735263895,0.06600000000000072,6.105536460876465,-0.11043215091362601,90,0.0,1.0,0.0,0.0,0.0,0.020000000000000004,0.0,0.0,0.22
chesca_commitment_full_mesh,149,6,6,0,5.61876697280108,5.61876697280108,0.0,6.082221984863281,-0.032228293947617254,90,0.0,0.0,0.0,0.0,0.0,0.0,0.0,0.0,0.21
chesca_commitment_full_mesh,150,7,6,3,4.228561283316128,4.454561283316128,0.22599999999999998,6.073085784912109,-0.09497373940943529,90,0.0,3.0,0.0,0.0,0.0,0.06000000000000001,0.0,0.0,0.19333333333333333
chesca_commitment_full_mesh,151,8,6,0,5.1852102878398005,5.1852102878398005,0.0,6.063948631286621,0.029377884430636953,90,0.0,0.0,0.0,0.0,0.0,0.0,0.0,0.0,0.19333333333333333
chesca_commitment_full_mesh,152,9,6,5,4.9413199058575765,5.393319905857578,0.45200000000000173,6.058141708374023,-0.09527663720661929,90,0.0,5.0,0.0,0.0,0.0,0.12,0.0,0.0,0.20333333333333334
chesca_commitment_full_mesh,153,10,6,0,5.31936119535169,5.319361195351689,-8.881784197001252e-16,6.054831027984619,-0.04305805507608267,90,0.0,0.0,0.0,0.0,0.0,0.0,0.0,0.0,0.19000000000000003
chesca_commitment_full_mesh,154,11,6,5,4.473936756963275,4.93023345278112,0.45629669581784427,6.051520824432373,-0.12885827074621725,90,0.0,5.0,0.0,0.0,0.0,0.14,0.0,0.0,0.21333333333333335
chesca_commitment_full_mesh,155,12,6,6,4.891372766977833,5.668691649885208,0.7773188829073749,6.057668685913086,-0.9643279743307175,90,0.0,6.0,0.0,0.0,0.0,0.22000000000000003,0.0,0.0,0.24666666666666667
chesca_commitment_full_mesh,156,13,6,0,6.1972272375128306,6.1972272375128306,0.0,6.054358005523682,0.12009283163581567,90,0.0,0.0,0.0,0.0,0.0,0.0,0.0,0.0,0.24333333333333332
chesca_commitment_full_mesh,157,14,6,0,5.088550776083483,5.088550776083483,0.0,6.0510478019714355,0.22166731592214278,90,0.0,0.0,0.0,0.0,0.0,0.0,0.0,0.0,0.24333333333333332
chesca_commitment_full_mesh,158,15,6,0,5.536927930928907,5.536927930928906,-8.881784197001252e-16,6.043170928955078,-0.04245546601091087,90,0.0,0.0,0.0,0.0,0.0,0.0,0.0,0.0,0.22999999999999998
chesca_commitment_full_mesh,159,16,6,1,4.976747541779194,4.896747541779195,-0.07999999999999918,6.0345330238342285,0.34021404398555083,90,1.0,0.0,0.020000000000000004,0.0,0.020000000000000004,0.0,0.020000000000000004,0.020000000000000004,0.2333333333333333
chesca_commitment_full_mesh,160,17,6,4,6.56572668583334,6.287726685833339,-0.27800000000000136,6.025895118713379,0.6695957019101929,90,4.0,0.0,0.08000000000000002,0.0,0.08000000000000002,0.0,0.10000000000000002,0.020000000000000004,0.24666666666666667
chesca_commitment_full_mesh,161,18,6,0,7.29071726672822,7.290717266728219,-8.881784197001252e-16,6.041936874389648,0.6864615113208363,90,0.0,0.0,0.0,0.0,0.0,0.0,0.10000000000000002,0.020000000000000004,0.24333333333333332
chesca_commitment_full_mesh,162,19,6,5,8.094350062244219,8.452350062244218,0.35799999999999876,6.053412437438965,-0.09177371886618725,90,0.0,5.0,0.0,0.1,0.0,0.1,1.0408340855860843e-17,3.469446951953614e-18,0.24666666666666667
chesca_commitment_full_mesh,163,20,6,0,7.4650142046686145,7.465014204668615,8.881784197001252e-16,6.059560298919678,0.31344214062413017,90,0.0,0.0,0.0,0.0,0.0,0.0,1.0408340855860843e-17,3.469446951953614e-18,0.24666666666666667
chesca_commitment_full_mesh,164,21,6,6,8.728391216880697,8.290391216880696,-0.4380000000000006,6.075695991516113,0.8337403295776719,90,6.0,0.0,0.12000000000000001,0.0,0.12000000000000001,0.0,0.12000000000000001,0.020000000000000007,0.25666666666666665
chesca_commitment_full_mesh,165,22,6,0,8.720619177102316,8.720619177102316,0.0,6.110385417938232,0.6769881199230476,90,0.0,0.0,0.0,0.0,0.0,0.0,0.12000000000000001,0.020000000000000007,0.25666666666666665
chesca_commitment_full_mesh,166,23,6,0,7.6127788257465685,7.6127788257465685,0.0,6.083527088165283,0.4712076514277847,90,0.0,0.0,0.0,0.0,0.0,0.0,0.12000000000000001,0.020000000000000007,0.23666666666666666
chesca_commitment_full_mesh,167,24,6,6,7.248126283620677,7.686126283620679,0.4380000000000015,6.13948392868042,-0.0347733733666635,90,0.0,6.0,0.0,0.12000000000000001,0.0,0.12000000000000002,6.938893903907228e-18,3.469446951953614e-18,0.25666666666666665
chesca_commitment_full_mesh,168,1,6,0,7.114657650703984,7.114657650703983,-8.881784197001252e-16,6.191677093505859,0.08382728056850436,90,0.0,0.0,0.0,0.0,0.0,0.0,6.938893903907228e-18,3.469446951953614e-18,0.2333333333333333
chesca_commitment_full_mesh,169,2,6,1,6.5945680913950895,6.660568091395089,0.06599999999999984,6.2218403816223145,-0.09589149876338274,90,0.0,1.0,0.0,0.0,0.0,0.020000000000000004,6.938893903907228e-18,3.469446951953614e-18,0.20333333333333337
chesca_commitment_full_mesh,170,3,6,4,5.613126216636658,5.9571262166366585,0.3440000000000003,6.2218403816223145,-0.2554872897497677,90,0.0,4.0,0.0,3.469446951953614e-18,0.0,0.10000000000000002,3.469446951953614e-18,3.469446951953614e-18,0.19333333333333336
chesca_commitment_full_mesh,171,4,6,5,5.734673744269989,6.260857018885884,0.526183274615895,6.191677093505859,-0.106493923313713,90,0.0,5.0,0.0,3.469446951953614e-18,0.0,0.14,0.0,0.0,0.21000000000000005
chesca_commitment_full_mesh,172,5,6,3,4.586453255135891,4.760592682581043,0.17413942744515243,6.191677093505859,-0.2512990041711104,90,0.0,3.0,0.0,0.0,0.0,0.06000000000000001,0.0,0.0,0.2166666666666667
chesca_commitment_full_mesh,173,6,6,0,5.566947569109136,5.566947569109136,0.0,6.13948392868042,-0.04195013838289385,90,0.0,0.0,0.0,0.0,0.0,0.0,0.0,0.0,0.2166666666666667
chesca_commitment_full_mesh,174,7,6,1,4.168731520140891,4.207170835492099,0.038439315351207703,6.074390411376953,-0.12343708221158746,90,0.0,1.0,0.0,0.0,0.0,0.02,0.0,0.0,0.21
chesca_commitment_full_mesh,175,8,6,3,4.40656974436755,4.598103287867583,0.19153354350003315,6.074390411376953,-0.16241925922669762,90,0.0,3.0,0.0,0.0,0.0,0.06,0.0,0.0,0.22
chesca_commitment_full_mesh,176,9,6,0,4.051425290346827,4.051425290346827,0.0,6.055777072906494,-0.22306681488301755,90,0.0,0.0,0.0,0.0,0.0,0.0,0.0,0.0,0.19999999999999998
chesca_commitment_full_mesh,177,10,6,0,3.832152703257848,3.8321527032578477,-4.440892098500626e-16,6.055777072906494,-0.016886631294651552,90,0.0,0.0,0.0,0.0,0.0,0.0,0.0,0.0,0.19999999999999998
chesca_commitment_full_mesh,178,11,6,5,1.8762836373377485,2.207687514127736,0.3314038767899874,6.0438408851623535,-0.15998514180713747,90,0.0,5.0,0.0,0.0,0.0,0.10000000000000002,0.0,0.0,0.19333333333333336
chesca_commitment_full_mesh,179,12,6,0,1.8213900038666866,1.8213900038666866,0.0,6.0438408851623535,-0.024040076006461686,90,0.0,0.0,0.0,0.0,0.0,0.0,0.0,0.0,0.15666666666666668
chesca_commitment_full_mesh,180,13,6,0,2.7136489906268375,2.7136489906268375,0.0,6.0438408851623535,0.07393337064638426,90,0.0,0.0,0.0,0.0,0.0,0.0,0.0,0.0,0.15666666666666668
chesca_commitment_full_mesh,181,14,6,6,3.8572193950901137,2.9812193950901142,-0.8759999999999994,6.0438408851623535,0.13987545161120601,90,6.0,0.0,0.24000000000000002,0.0,0.24000000000000002,0.0,0.24000000000000002,0.04000000000000001,0.19666666666666666
chesca_commitment_full_mesh,182,15,6,0,4.509860521762774,4.509860521762774,0.0,6.0438408851623535,0.20917571008584454,90,0.0,0.0,0.0,0.0,0.0,0.0,0.24000000000000002,0.04000000000000001,0.19666666666666666
chesca_commitment_full_mesh,183,16,6,0,4.8258232501236815,4.825823250123681,-8.881784197001252e-16,6.0438408851623535,0.5070242723877475,90,0.0,0.0,0.0,0.0,0.0,0.0,0.24000000000000002,0.04000000000000001,0.19333333333333336
chesca_commitment_full_mesh,184,17,6,0,5.617527139441117,5.617527139441118,8.881784197001252e-16,6.031238555908203,0.554598569371608,90,0.0,0.0,0.0,0.0,0.0,0.0,0.24000000000000002,0.04000000000000001,0.18000000000000002
chesca_commitment_full_mesh,185,18,6,1,6.746718370895015,6.746718370895014,-8.881784197001252e-16,6.025357246398926,0.703822639726867,90,0.0,1.0,0.0,0.04000000000000001,0.0,0.04000000000000001,0.2,0.04,0.18666666666666668
chesca_commitment_full_mesh,186,19,6,0,6.571862353851092,6.571862353851092,0.0,6.025357246398926,0.2238666925883833,90,0.0,0.0,0.0,0.0,0.0,0.0,0.2,0.04,0.17000000000000004
chesca_commitment_full_mesh,187,20,6,5,7.970045812724411,8.714045812724411,0.7439999999999998,6.025357246398926,-0.23524567497794702,90,0.0,5.0,0.0,0.2,0.0,0.2,0.0,0.0,0.20333333333333334
chesca_commitment_full_mesh,188,21,6,4,7.801159766365089,7.429159766365089,-0.3719999999999999,6.025357246398926,0.2600540849513221,90,4.0,0.0,0.10000000000000002,0.0,0.10000000000000002,0.0,0.10000000000000002,0.04000000000000001,0.20000000000000004
chesca_commitment_full_mesh,189,22,6,2,6.839016272304545,6.707016272304545,-0.13200000000000056,6.025357246398926,0.17941763006011835,90,2.0,0.0,0.04000000000000001,0.0,0.04000000000000001,0.0,0.14,0.04000000000000001,0.20666666666666667
chesca_commitment_full_mesh,190,23,6,0,6.640998788861557,6.640998788861557,0.0,6.00744104385376,0.2083854648524618,90,0.0,0.0,0.0,0.0,0.0,0.0,0.14,0.04000000000000001,0.20666666666666667
chesca_commitment_full_mesh,191,24,6,0,7.190790244859691,7.190790244859691,0.0,6.00744104385376,0.3323802546938181,90,0.0,0.0,0.0,0.0,0.0,0.0,0.14,0.04000000000000001,0.18666666666666668
chesca_commitment_full_mesh,192,1,6,0,7.599741224270595,7.599741224270595,0.0,6.00744104385376,0.3854723099283636,90,0.0,0.0,0.0,0.0,0.0,0.0,0.14,0.04000000000000001,0.18666666666666668
chesca_commitment_full_mesh,193,2,6,6,6.452045735516212,7.196045735516213,0.7440000000000007,6.025357246398926,-0.1532925641760474,90,0.0,6.0,0.0,0.14,0.0,0.20000000000000004,0.0,0.0,0.21666666666666667
chesca_commitment_full_mesh,194,3,6,6,4.7489664666835,5.405667698900075,0.6567012322165748,6.031238555908203,-0.8067798008240004,90,0.0,6.0,0.0,0.0,0.0,0.18000000000000005,0.0,0.0,0.23
chesca_commitment_full_mesh,195,4,6,1,4.421566817951702,4.487566817951702,0.06599999999999984,6.031238555908203,-0.21581622175015708,90,0.0,1.0,0.0,0.0,0.0,0.020000000000000004,0.0,0.0,0.21
chesca_commitment_full_mesh,196,5,6,0,4.9136602839548384,4.913660283954839,8.881784197001252e-16,6.031238555908203,-0.0738412156747783,90,0.0,0.0,0.0,0.0,0.0,0.0,0.0,0.0,0.20000000000000004
chesca_commitment_full_mesh,197,6,6,0,5.085092873365145,5.085092873365145,0.0,6.031238555908203,-0.01090343375401815,90,0.0,0.0,0.0,0.0,0.0,0.0,0.0,0.0,0.20000000000000004
chesca_commitment_full_mesh,198,7,6,4,4.446179912879502,4.76102308077774,0.3148431678982382,6.031238555908203,-0.0978809472214572,90,0.0,4.0,0.0,0.0,0.0,0.1,0.0,0.0,0.21333333333333335
chesca_commitment_full_mesh,199,8,6,1,3.2829414150713827,3.317370103849349,0.03442868877796634,6.031238555908203,-0.1405093266314244,90,0.0,1.0,0.0,0.0,0.0,0.02,0.0,0.0,0.20666666666666667
chesca_commitment_full_mesh,200,9,6,4,5.241314769174206,4.949314769174205,-0.2920000000000007,6.031238555908203,0.21239484999021319,90,4.0,0.0,0.08000000000000002,0.0,0.08000000000000002,0.0,0.08000000000000002,0.020000000000000004,0.22
chesca_commitment_full_mesh,201,10,6,4,3.3936047673109653,3.6236806894355627,0.23007592212459738,6.031238555908203,-0.13982137962755453,90,0.0,4.0,0.0,0.08,0.0,0.08000000000000002,3.469446951953614e-18,3.469446951953614e-18,0.23333333333333336
chesca_commitment_full_mesh,202,11,6,0,3.7507910824733464,3.750791082473346,-4.440892098500626e-16,6.031238555908203,0.09438566825471806,90,0.0,0.0,0.0,0.0,0.0,0.0,3.469446951953614e-18,3.469446951953614e-18,0.21666666666666667
chesca_commitment_full_mesh,203,12,6,2,3.281509558162938,3.135509558162938,-0.1459999999999999,6.031238555908203,0.11957549483883576,90,2.0,0.0,0.04000000000000001,0.0,0.04000000000000001,0.0,0.04000000000000001,0.020000000000000004,0.22333333333333336
chesca_commitment_full_mesh,204,13,6,0,4.8868184450546694,4.8868184450546694,0.0,6.031238555908203,0.25512799325615854,90,0.0,0.0,0.0,0.0,0.0,0.0,0.04000000000000001,0.020000000000000004,0.22333333333333336
chesca_commitment_full_mesh,205,14,6,5,5.261301725137125,5.633301725137125,0.3719999999999999,6.031238555908203,-0.3769023169963214,90,0.0,5.0,0.0,0.04000000000000001,0.0,0.10000000000000002,3.469446951953614e-18,3.469446951953614e-18,0.20000000000000004
chesca_commitment_full_mesh,206,15,6,6,6.369025265946712,5.931025265946713,-0.4379999999999997,6.031238555908203,0.1471777219310138,90,6.0,0.0,0.12000000000000001,0.0,0.12000000000000001,0.0,0.12000000000000001,0.020000000000000007,0.22
chesca_commitment_full_mesh,207,16,6,6,6.816626843831654,6.378626843831653,-0.4380000000000006,6.031238555908203,0.8400997327097126,90,6.0,0.0,0.12000000000000001,0.0,0.12000000000000001,0.0,0.24000000000000002,0.04000000000000001,0.24000000000000002
chesca_commitment_full_mesh,208,17,6,6,9.954707396711507,9.276707396711506,-0.6780000000000008,6.031238555908203,1.8317760448961888,90,6.0,0.0,0.18,0.0,0.18,0.0,0.42,0.08000000000000002,0.27
chesca_commitment_full_mesh,209,18,6,0,9.539454627920358,9.539454627920358,0.0,6.04904317855835,1.1229874155607498,90,0.0,0.0,0.0,0.0,0.0,0.0,0.42,0.08000000000000002,0.26333333333333336
chesca_commitment_full_mesh,210,19,6,0,11.027320457399773,11.027320457399773,0.0,6.04904317855835,1.5572879392994785,90,0.0,0.0,0.0,0.0,0.0,0.0,0.42,0.08000000000000002,0.26333333333333336
chesca_commitment_full_mesh,211,20,6,0,10.85522986628622,10.85522986628622,0.0,6.04904317855835,1.3956931536776513,90,0.0,0.0,0.0,0.0,0.0,0.0,0.42,0.08000000000000002,0.23
chesca_commitment_full_mesh,212,21,6,0,9.236989178557536,9.236989178557536,0.0,6.04904317855835,0.8784910806217536,90,0.0,0.0,0.0,0.0,0.0,0.0,0.42,0.08000000000000002,0.21333333333333337
chesca_commitment_full_mesh,213,22,6,0,7.193486802468501,7.193486802468501,0.0,6.074390411376953,0.17310173368965948,90,0.0,0.0,0.0,0.0,0.0,0.0,0.42,0.08000000000000002,0.2066666666666667
chesca_commitment_full_mesh,214,23,6,0,9.354907636708326,9.354907636708326,0.0,6.074390411376953,1.0708757512378462,90,0.0,0.0,0.0,0.0,0.0,0.0,0.42,0.08000000000000002,0.2066666666666667
chesca_commitment_full_mesh,215,24,6,0,8.329928957310894,8.329928957310894,0.0,6.074390411376953,0.5909881882484231,90,0.0,0.0,0.0,0.0,0.0,0.0,0.42,0.08000000000000002,0.2066666666666667
chesca_commitment_full_mesh,216,1,6,0,7.930156696448542,7.930156696448542,0.0,6.074390411376953,0.4461346943773833,90,0.0,0.0,0.0,0.0,0.0,0.0,0.42,0.08000000000000002,0.2066666666666667
chesca_commitment_full_mesh,217,2,6,0,6.927543942377635,6.927543942377634,-8.881784197001252e-16,6.13948392868042,0.05464019443927781,90,0.0,0.0,0.0,0.0,0.0,0.0,0.42,0.08000000000000002,0.17333333333333334
chesca_commitment_full_mesh,218,3,6,0,6.85706882844139,6.85706882844139,0.0,6.191677093505859,0.12589827171604606,90,0.0,0.0,0.0,0.0,0.0,0.0,0.42,0.08000000000000002,0.14333333333333334
chesca_commitment_full_mesh,219,4,6,6,6.142633764332074,7.018633764332074,0.8760000000000003,6.2218403816223145,-0.1599217710076911,90,0.0,6.0,0.0,0.24000000000000005,0.0,0.24000000000000005,0.18,0.04000000000000001,0.18000000000000002
chesca_commitment_full_mesh,220,5,6,6,4.811029610985033,5.616591644496312,0.8055620335112792,6.319121360778809,-0.2589299935479961,90,0.0,6.0,0.0,0.18,0.0,0.22000000000000003,1.3877787807814457e-17,6.938893903907228e-18,0.21666666666666667
chesca_commitment_full_mesh,221,6,6,0,5.296601489492035,5.296601489492034,-8.881784197001252e-16,6.319121360778809,-0.043036407586033804,90,0.0,0.0,0.0,0.0,0.0,0.0,1.3877787807814457e-17,6.938893903907228e-18,0.21666666666666667
chesca_commitment_full_mesh,222,7,6,0,3.959675372037004,3.9596753720370037,-4.440892098500626e-16,6.319121360778809,0.012518382832087616,90,0.0,0.0,0.0,0.0,0.0,0.0,1.3877787807814457e-17,6.938893903907228e-18,0.19999999999999998
chesca_commitment_full_mesh,223,8,6,0,4.522769926383598,4.522769926383598,0.0,6.319121360778809,-0.015649560648264185,90,0.0,0.0,0.0,0.0,0.0,0.0,1.3877787807814457e-17,6.938893903907228e-18,0.19666666666666666
chesca_commitment_full_mesh,224,9,6,6,3.2776923960410946,3.718968703695304,0.44127630765420944,6.415008068084717,-0.4967943915494934,90,0.0,6.0,0.0,1.3877787807814457e-17,0.0,0.14,0.0,0.0,0.2066666666666667
chesca_commitment_full_mesh,225,10,6,0,2.8385106637139765,2.8385106637139765,0.0,6.415008068084717,0.05461934173714948,90,0.0,0.0,0.0,0.0,0.0,0.0,0.0,0.0,0.19333333333333336
chesca_commitment_full_mesh,226,11,6,5,2.6332344051413727,2.143234405141372,-0.49000000000000066,6.415008068084717,0.1538069093187332,90,5.0,0.0,0.14,0.0,0.14,0.0,0.14,0.04,0.21666666666666667
chesca_commitment_full_mesh,227,12,6,0,3.4888112887638307,3.4888112887638307,0.0,6.415008068084717,0.3072546525731939,90,0.0,0.0,0.0,0.0,0.0,0.0,0.14,0.04,0.21
chesca_commitment_full_mesh,228,13,6,2,4.42057864041263,4.340578640412631,-0.07999999999999918,6.319121360778809,0.3590343394702923,90,1.0,1.0,0.020000000000000004,0.02,0.020000000000000004,0.03999999999999998,0.14,0.04,0.22
chesca_commitment_full_mesh,229,14,6,5,4.8190273937132,5.194396790988373,0.3753693972751728,6.319121360778809,-0.19747170562850522,90,0.0,5.0,0.0,0.14,0.0,0.14,3.469446951953614e-18,3.469446951953614e-18,0.22666666666666668
chesca_commitment_full_mesh,230,15,6,0,5.333265584743536,5.333265584743536,0.0,6.2218403816223145,0.0739584031289126,90,0.0,0.0,0.0,0.0,0.0,0.0,3.469446951953614e-18,3.469446951953614e-18,0.20666666666666667
chesca_commitment_full_mesh,231,16,6,6,5.577420033757541,5.139420033757541,-0.4379999999999997,6.191677093505859,0.4220969022922691,90,6.0,0.0,0.12000000000000001,0.0,0.12000000000000001,0.0,0.12000000000000001,0.020000000000000007,0.20666666666666667
chesca_commitment_full_mesh,232,17,6,6,8.129106464382371,8.524535095019568,0.3954286306371966,6.2218403816223145,0.0036485544592872545,90,0.0,6.0,0.0,0.12000000000000001,0.0,0.12000000000000002,6.938893903907228e-18,3.469446951953614e-18,0.19666666666666666
chesca_commitment_full_mesh,233,18,6,6,8.288958015833398,7.610958015833397,-0.6780000000000008,6.319121360778809,0.6901242391340068,90,5.0,1.0,0.18000000000000005,0.0,0.18000000000000005,0.04000000000000001,0.18000000000000005,0.04000000000000001,0.23333333333333336
chesca_commitment_full_mesh,234,19,6,1,9.6690172908015,9.6030172908015,-0.06600000000000072,6.319121360778809,1.09298521891713,90,1.0,0.0,0.01999999999999999,0.0,0.01999999999999999,0.0,0.20000000000000004,0.04000000000000001,0.2366666666666667
chesca_commitment_full_mesh,235,20,6,0,9.553725160008625,9.553725160008625,0.0,6.415008068084717,0.7686961127424108,90,0.0,0.0,0.0,0.0,0.0,0.0,0.20000000000000004,0.04000000000000001,0.2366666666666667
chesca_commitment_full_mesh,236,21,6,0,8.907371020189531,8.907371020189531,0.0,6.444741725921631,0.648764713043856,90,0.0,0.0,0.0,0.0,0.0,0.0,0.20000000000000004,0.04000000000000001,0.2366666666666667
chesca_commitment_full_mesh,237,22,6,0,8.95106306865157,8.95106306865157,0.0,6.444741725921631,0.7109878230437617,90,0.0,0.0,0.0,0.0,0.0,0.0,0.20000000000000004,0.04000000000000001,0.2366666666666667
chesca_commitment_full_mesh,238,23,6,0,9.797824086882493,9.79782408688249,-1.7763568394002505e-15,6.444741725921631,0.832796585120551,90,0.0,0.0,0.0,0.0,0.0,0.0,0.20000000000000004,0.04000000000000001,0.2366666666666667
chesca_commitment_full_mesh,239,24,6,0,10.728227829753786,10.728227829753786,0.0,6.488386631011963,1.0830978922169694,90,0.0,0.0,0.0,0.0,0.0,0.0,0.20000000000000004,0.04000000000000001,0.2366666666666667
chesca_commitment_full_mesh,240,1,6,0,9.174721514966397,9.174721514966397,0.0,6.52321195602417,0.7045853715811138,90,0.0,0.0,0.0,0.0,0.0,0.0,0.20000000000000004,0.04000000000000001,0.2366666666666667
chesca_commitment_full_mesh,241,2,6,0,8.431601493809042,8.431601493809042,0.0,6.525238990783691,0.3337505900223354,90,0.0,0.0,0.0,0.0,0.0,0.0,0.20000000000000004,0.04000000000000001,0.2366666666666667
chesca_commitment_full_mesh,242,3,6,6,6.718747276139805,7.462747276139804,0.7439999999999989,6.547687530517578,-0.24365430950744396,90,0.0,6.0,0.0,0.2,0.0,0.2,3.469446951953614e-18,3.469446951953614e-18,0.27
chesca_commitment_full_mesh,243,4,6,0,5.012292415171209,5.012292415171209,0.0,6.565720558166504,-0.3859022570106057,90,0.0,0.0,0.0,0.0,0.0,0.0,3.469446951953614e-18,3.469446951953614e-18,0.23
chesca_commitment_full_mesh,244,5,6,0,5.344020486833363,5.344020486833363,0.0,6.547687530517578,-0.13662923044953304,90,0.0,0.0,0.0,0.0,0.0,0.0,3.469446951953614e-18,3.469446951953614e-18,0.19333333333333333
chesca_commitment_full_mesh,245,6,6,4,5.45958597506707,5.958802157689113,0.4992161826220425,6.547687530517578,-0.09416514985758204,90,0.0,4.0,0.0,3.469446951953614e-18,0.0,0.14,0.0,0.0,0.21666666666666667
chesca_commitment_full_mesh,246,7,6,1,4.487691390236591,4.528168563348247,0.04047717311165577,6.547687530517578,-0.19234255726004282,90,0.0,1.0,0.0,0.0,0.0,0.02,0.0,0.0,0.22
chesca_commitment_full_mesh,247,8,6,0,4.413403066795378,4.413403066795378,0.0,6.547687530517578,-0.1610316112785783,90,0.0,0.0,0.0,0.0,0.0,0.0,0.0,0.0,0.22
chesca_commitment_full_mesh,248,9,6,0,4.912778976232258,4.912778976232259,8.881784197001252e-16,6.547687530517578,-0.06219230998943323,90,0.0,0.0,0.0,0.0,0.0,0.0,0.0,0.0,0.19666666666666666
chesca_commitment_full_mesh,249,10,6,6,3.1903023901112073,3.5784116099007117,0.3881092197895044,6.565720558166504,-0.5331464232651086,90,0.0,6.0,0.0,0.0,0.0,0.14,0.0,0.0,0.22
chesca_commitment_full_mesh,250,11,6,0,0.6865006881496118,0.6865006881496118,0.0,6.565720558166504,-0.2662927270088209,90,0.0,0.0,0.0,0.0,0.0,0.0,0.0,0.0,0.19666666666666666
chesca_commitment_full_mesh,251,12,6,0,0.3141140627207928,0.31411406272079273,-5.551115123125783e-17,6.565720558166504,0.0413913826964482,90,0.0,0.0,0.0,0.0,0.0,0.0,0.0,0.0,0.19666666666666666
chesca_commitment_full_mesh,252,13,6,5,2.9431107706627775,2.4531107706627777,-0.48999999999999977,6.565720558166504,0.11018441659607967,90,5.0,0.0,0.14,0.0,0.14,0.0,0.14,0.04,0.21
chesca_commitment_full_mesh,253,14,6,1,3.237607094787135,3.1576070947871355,-0.07999999999999963,6.565720558166504,0.3244434139398644,90,1.0,0.0,0.020000000000000004,0.0,0.020000000000000004,0.0,0.16,0.04,0.18999999999999997
chesca_commitment_full_mesh,254,15,6,6,4.3880715536092945,4.696136427643422,0.30806487403412763,6.5773844718933105,-0.21329065396180186,90,0.0,6.0,0.0,0.16,0.0,0.16,6.938893903907228e-18,3.469446951953614e-18,0.21666666666666667
chesca_commitment_full_mesh,255,16,6,5,9.196854079657657,8.584854079657656,-0.6120000000000001,6.5773844718933105,1.413526592840486,90,4.0,1.0,0.16000000000000003,0.0,0.16000000000000003,0.03999999999999998,0.16000000000000003,0.04000000000000001,0.23
chesca_commitment_full_mesh,256,17,6,4,7.3461946748885065,7.718194674888506,0.3719999999999999,6.63423490524292,-0.05484089204995808,90,0.0,4.0,0.0,0.10000000000000002,0.0,0.10000000000000002,0.06000000000000001,0.020000000000000007,0.22666666666666668
chesca_commitment_full_mesh,257,18,6,3,8.424188035806406,8.094188035806406,-0.33000000000000007,6.63423490524292,0.948086911044562,90,3.0,0.0,0.10000000000000002,0.0,0.10000000000000002,0.0,0.16000000000000003,0.04000000000000001,0.20666666666666667
chesca_commitment_full_mesh,258,19,6,6,12.337014355254043,11.527014355254044,-0.8099999999999987,6.70948600769043,1.7293777828264765,90,6.0,0.0,0.22000000000000003,0.0,0.22000000000000003,0.0,0.38000000000000006,0.08000000000000002,0.24000000000000002
chesca_commitment_full_mesh,259,20,6,0,11.181550061809084,11.181550061809084,0.0,6.70948600769043,1.3919538604301065,90,0.0,0.0,0.0,0.0,0.0,0.0,0.38000000000000006,0.08000000000000002,0.24000000000000002
chesca_commitment_full_mesh,260,21,6,0,9.82892443404253,9.82892443404253,0.0,6.70948600769043,0.838471048698987,90,0.0,0.0,0.0,0.0,0.0,0.0,0.38000000000000006,0.08000000000000002,0.24000000000000002
chesca_commitment_full_mesh,261,22,6,6,8.189386308500485,9.065386308500484,0.8759999999999994,6.70948600769043,-0.13256496037876686,90,0.0,6.0,0.0,0.24000000000000002,0.0,0.24000000000000002,0.14000000000000004,0.040000000000000015,0.28
chesca_commitment_full_mesh,262,23,6,0,8.944543100190002,8.944543100190002,0.0,6.70948600769043,0.6979787842460591,90,0.0,0.0,0.0,0.0,0.0,0.0,0.14000000000000004,0.040000000000000015,0.28
chesca_commitment_full_mesh,263,24,6,0,9.613183316679475,9.613183316679475,0.0,6.770686626434326,0.7719214013046907,90,0.0,0.0,0.0,0.0,0.0,0.0,0.14000000000000004,0.040000000000000015,0.28
chesca_commitment_full_mesh,264,1,6,0,8.779363624553552,8.779363624553552,0.0,6.836557865142822,0.3927171971155814,90,0.0,0.0,0.0,0.0,0.0,0.0,0.14000000000000004,0.040000000000000015,0.28
chesca_commitment_full_mesh,265,2,6,0,8.230260679807003,8.230260679807003,0.0,6.874843597412109,0.2865938632963906,90,0.0,0.0,0.0,0.0,0.0,0.0,0.14000000000000004,0.040000000000000015,0.28
chesca_commitment_full_mesh,266,3,6,6,6.16732629894079,6.671326298940792,0.5040000000000013,6.89419412612915,-0.17236778545201265,90,0.0,6.0,0.0,0.14,0.0,0.14,4.163336342344337e-17,1.3877787807814457e-17,0.27
chesca_commitment_full_mesh,267,4,6,0,5.2852919259893625,5.285291925989363,8.881784197001252e-16,6.89419412612915,-0.17569550384791355,90,0.0,0.0,0.0,0.0,0.0,0.0,4.163336342344337e-17,1.3877787807814457e-17,0.27
chesca_commitment_full_mesh,268,5,6,0,4.862826077881204,4.862826077881203,-8.881784197001252e-16,6.89419412612915,-0.09007752421151839,90,0.0,0.0,0.0,0.0,0.0,0.0,4.163336342344337e-17,1.3877787807814457e-17,0.27
chesca_commitment_full_mesh,269,6,6,0,5.175955957240654,5.175955957240654,0.0,6.89419412612915,-0.011718998085675073,90,0.0,0.0,0.0,0.0,0.0,0.0,4.163336342344337e-17,1.3877787807814457e-17,0.2466666666666667
chesca_commitment_full_mesh,270,7,6,0,4.243114779153258,4.243114779153258,0.0,6.89419412612915,0.004417472619640938,90,0.0,0.0,0.0,0.0,0.0,0.0,4.163336342344337e-17,1.3877787807814457e-17,0.24333333333333337
chesca_commitment_full_mesh,271,8,6,0,3.9398838679110244,3.939883867911024,-4.440892098500626e-16,6.89419412612915,0.07519338303309908,90,0.0,0.0,0.0,0.0,0.0,0.0,4.163336342344337e-17,1.3877787807814457e-17,0.24333333333333337
chesca_commitment_full_mesh,272,9,6,0,2.3855230019822495,2.3855230019822495,0.0,6.89419412612915,0.09097048375567052,90,0.0,0.0,0.0,0.0,0.0,0.0,4.163336342344337e-17,1.3877787807814457e-17,0.24333333333333337
chesca_commitment_full_mesh,273,10,6,1,4.876762461596691,4.876762461596691,0.0,6.89419412612915,0.2754202415511403,90,0.0,1.0,0.0,6.938893903907228e-18,0.0,0.03999999999999998,3.469446951953614e-17,1.3877787807814457e-17,0.22666666666666668
chesca_commitment_full_mesh,274,11,6,0,2.511938858068382,2.5119388580683824,4.440892098500626e-16,6.89419412612915,-0.011849767979893108,90,0.0,0.0,0.0,0.0,0.0,0.0,3.469446951953614e-17,1.3877787807814457e-17,0.22666666666666668
chesca_commitment_full_mesh,275,12,6,3,2.884716711505522,2.6447167115055215,-0.24000000000000066,6.89419412612915,0.11087789521098843,90,3.0,0.0,0.06000000000000001,0.0,0.06000000000000001,0.0,0.060000000000000046,0.02000000000000001,0.2366666666666667
chesca_commitment_full_mesh,276,13,6,0,4.749533268629256,4.749533268629256,0.0,6.89419412612915,0.4262216100905286,90,0.0,0.0,0.0,0.0,0.0,0.0,0.060000000000000046,0.02000000000000001,0.21333333333333335
chesca_commitment_full_mesh,277,14,6,1,3.646136150043036,3.580136150043036,-0.06599999999999984,6.89419412612915,0.271645855819201,90,1.0,0.0,0.02,0.0,0.02,0.0,0.08000000000000004,0.02000000000000001,0.21333333333333335
chesca_commitment_full_mesh,278,15,6,0,3.742346135819416,3.7423461358194166,4.440892098500626e-16,6.89419412612915,0.2673769772785698,90,0.0,0.0,0.0,0.0,0.0,0.0,0.08000000000000004,0.02000000000000001,0.18666666666666668
chesca_commitment_full_mesh,279,16,6,3,7.672876806345078,7.540876806345078,-0.13200000000000056,6.89419412612915,0.473521537897261,90,2.0,1.0,0.04000000000000001,0.020000000000000007,0.04000000000000001,0.03999999999999998,0.10000000000000003,0.020000000000000014,0.16666666666666666
chesca_commitment_full_mesh,280,17,6,5,7.3908507642403976,7.748850764240398,0.35800000000000054,6.89419412612915,-0.030730106982992042,90,0.0,5.0,0.0,0.10000000000000002,0.0,0.10000000000000002,3.122502256758253e-17,1.3877787807814457e-17,0.16666666666666666
chesca_commitment_full_mesh,281,18,6,6,10.49899341910341,9.622993419103409,-0.8760000000000012,6.914859294891357,0.8773369688118474,90,6.0,0.0,0.24,0.0,0.24,0.0,0.24000000000000002,0.04000000000000002,0.19000000000000003
chesca_commitment_full_mesh,282,19,6,6,13.09964752511275,12.22364752511275,-0.8760000000000012,6.934140205383301,1.8065938096977574,90,6.0,0.0,0.24000000000000005,0.0,0.24000000000000005,0.0,0.4800000000000001,0.08000000000000003,0.19333333333333336
chesca_commitment_full_mesh,283,20,6,0,10.914920698600106,10.914920698600106,0.0,6.934140205383301,1.0119532737122054,90,0.0,0.0,0.0,0.0,0.0,0.0,0.4800000000000001,0.08000000000000003,0.19333333333333336
chesca_commitment_full_mesh,284,21,6,0,11.283540964570461,11.283540964570461,0.0,6.934140205383301,1.012065411639187,90,0.0,0.0,0.0,0.0,0.0,0.0,0.4800000000000001,0.08000000000000003,0.19333333333333336
chesca_commitment_full_mesh,285,22,6,0,10.76199326537285,10.76199326537285,0.0,6.982502460479736,0.5839740365003896,90,0.0,0.0,0.0,0.0,0.0,0.0,0.4800000000000001,0.08000000000000003,0.15333333333333335
chesca_commitment_full_mesh,286,23,6,6,10.19771864618238,11.07371864618238,0.8759999999999994,7.089648246765137,0.011647218947641064,90,0.0,6.0,0.0,0.24000000000000005,0.0,0.24000000000000005,0.24000000000000002,0.04000000000000002,0.19333333333333336
chesca_commitment_full_mesh,287,24,6,0,9.005562918660853,9.005562918660853,0.0,7.160322189331055,0.37395189592557293,90,0.0,0.0,0.0,0.0,0.0,0.0,0.24000000000000002,0.04000000000000002,0.19333333333333336
chesca_commitment_full_mesh,288,1,6,0,7.907854627501003,7.907854627501003,0.0,7.198720932006836,0.10888887357588531,90,0.0,0.0,0.0,0.0,0.0,0.0,0.24000000000000002,0.04000000000000002,0.19333333333333336
chesca_commitment_full_mesh,289,2,6,0,7.95365629386306,7.95365629386306,0.0,7.321946144104004,0.19490614801584746,90,0.0,0.0,0.0,0.0,0.0,0.0,0.24000000000000002,0.04000000000000002,0.19333333333333336
chesca_commitment_full_mesh,290,3,6,6,7.1172309510815985,7.927230951081599,0.8100000000000005,7.446618556976318,-0.0178037124901083,90,0.0,6.0,0.0,0.22,0.0,0.22000000000000003,0.01999999999999999,0.019999999999999976,0.20666666666666667
chesca_commitment_full_mesh,291,4,6,1,6.54901860088898,6.61501860088898,0.06600000000000072,7.5623250007629395,-0.010431931530960184,90,0.0,1.0,0.0,0.019999999999999976,0.0,0.020000000000000004,1.3877787807814457e-17,1.3877787807814457e-17,0.21
chesca_commitment_full_mesh,292,5,6,0,5.193206790479812,5.193206790479812,0.0,7.5623250007629395,0.04062474529961836,90,0.0,0.0,0.0,0.0,0.0,0.0,1.3877787807814457e-17,1.3877787807814457e-17,0.21
chesca_commitment_full_mesh,293,6,6,4,5.765781125184386,5.473781125184386,-0.2919999999999998,7.5623250007629395,0.1658861378813427,90,4.0,0.0,0.08000000000000002,0.0,0.08000000000000002,0.0,0.08000000000000003,0.020000000000000018,0.22333333333333336
chesca_commitment_full_mesh,294,7,6,0,5.299953302926341,5.299953302926341,0.0,7.446618556976318,0.27155808962006844,90,0.0,0.0,0.0,0.0,0.0,0.0,0.08000000000000003,0.020000000000000018,0.22333333333333336
chesca_commitment_full_mesh,295,8,6,0,4.002516750106281,4.002516750106281,0.0,7.446618556976318,0.09968755994092758,90,0.0,0.0,0.0,0.0,0.0,0.0,0.08000000000000003,0.020000000000000018,0.22333333333333336
chesca_commitment_full_mesh,296,9,6,0,2.5891293517457896,2.5891293517457896,0.0,7.446618556976318,0.1469900433286702,90,0.0,0.0,0.0,0.0,0.0,0.0,0.08000000000000003,0.020000000000000018,0.22333333333333336
chesca_commitment_full_mesh,297,10,6,0,1.8133126106601454,1.8133126106601454,0.0,7.446618556976318,0.25684060960177174,90,0.0,0.0,0.0,0.0,0.0,0.0,0.08000000000000003,0.020000000000000018,0.21666666666666667
chesca_commitment_full_mesh,298,11,6,1,2.2503267689148476,2.184326768914847,-0.06600000000000072,7.446618556976318,0.17192034591167052,90,1.0,0.0,0.02,0.0,0.02,0.0,0.10000000000000003,0.020000000000000018,0.22
chesca_commitment_full_mesh,299,12,6,1,4.578698624893298,4.498698624893297,-0.08000000000000096,7.446618556976318,0.44518795974723757,90,1.0,0.0,0.02,0.0,0.02,0.0,0.12000000000000002,0.020000000000000018,0.21333333333333335
chesca_commitment_full_mesh,300,13,6,0,5.23744593499059,5.23744593499059,0.0,7.446618556976318,0.10825130429098787,90,0.0,0.0,0.0,0.0,0.0,0.0,0.12000000000000002,0.020000000000000018,0.21333333333333335
chesca_commitment_full_mesh,301,14,6,0,4.408967762517653,4.408967762517653,0.0,7.446618556976318,0.2681943943485742,90,0.0,0.0,0.0,0.0,0.0,0.0,0.12000000000000002,0.020000000000000018,0.21
chesca_commitment_full_mesh,302,15,6,0,6.05185698013228,6.05185698013228,0.0,7.321946144104004,0.2477111994844067,90,0.0,0.0,0.0,0.0,0.0,0.0,0.12000000000000002,0.020000000000000018,0.21
chesca_commitment_full_mesh,303,16,6,0,8.084237788101378,8.084237788101378,0.0,7.321946144104004,0.5433370734733071,90,0.0,0.0,0.0,0.0,0.0,0.0,0.12000000000000002,0.020000000000000018,0.19666666666666666
chesca_commitment_full_mesh,304,17,6,6,11.177378302888696,10.301378302888697,-0.8759999999999994,7.321946144104004,1.2681625999142805,90,6.0,0.0,0.24000000000000005,0.0,0.24000000000000005,0.0,0.36000000000000004,0.060000000000000026,0.22
chesca_commitment_full_mesh,305,18,6,0,10.18069357509507,10.18069357509507,0.0,7.446618556976318,1.0004289911374586,90,0.0,0.0,0.0,0.0,0.0,0.0,0.36000000000000004,0.060000000000000026,0.18000000000000002
chesca_commitment_full_mesh,306,19,6,3,12.291420333941025,11.811420333941024,-0.4800000000000004,7.5623250007629395,1.539439499736794,90,3.0,0.0,0.12,0.0,0.12,0.0,0.48000000000000004,0.1,0.16
chesca_commitment_full_mesh,307,20,6,0,13.413804304952032,13.413804304952032,0.0,7.628600120544434,1.5240625213468357,90,0.0,0.0,0.0,0.0,0.0,0.0,0.48000000000000004,0.1,0.16
chesca_commitment_full_mesh,308,21,6,0,9.39289675495791,9.392896754957912,1.7763568394002505e-15,7.628600120544434,0.3876129209296164,90,0.0,0.0,0.0,0.0,0.0,0.0,0.48000000000000004,0.1,0.16
chesca_commitment_full_mesh,309,22,6,0,7.848775193519653,7.848775193519653,0.0,7.643982887268066,0.09919323465132909,90,0.0,0.0,0.0,0.0,0.0,0.0,0.48000000000000004,0.1,0.16
chesca_commitment_full_mesh,310,23,6,0,9.12626099982541,9.12626099982541,0.0,7.643982887268066,0.6599974733342283,90,0.0,0.0,0.0,0.0,0.0,0.0,0.48000000000000004,0.1,0.12000000000000001
chesca_commitment_full_mesh,311,24,6,0,9.238510641102373,9.238510641102373,0.0,7.678473472595215,0.48790303698942195,90,0.0,0.0,0.0,0.0,0.0,0.0,0.48000000000000004,0.1,0.12000000000000001
chesca_commitment_full_mesh,312,1,6,0,8.98732274097656,8.98732274097656,0.0,7.678473472595215,0.40442256934088416,90,0.0,0.0,0.0,0.0,0.0,0.0,0.48000000000000004,0.1,0.12000000000000001
chesca_commitment_full_mesh,313,2,6,0,8.87114113492127,8.87114113492127,0.0,7.699297904968262,0.3720321335950745,90,0.0,0.0,0.0,0.0,0.0,0.0,0.48000000000000004,0.1,0.12000000000000001
chesca_commitment_full_mesh,314,3,6,6,6.2877933133252695,7.16379331332527,0.8760000000000003,7.7188849449157715,-0.025551218447182597,90,0.0,6.0,0.0,0.24000000000000005,0.0,0.24000000000000005,0.24000000000000002,0.06,0.12333333333333335
chesca_commitment_full_mesh,315,4,6,6,5.62584454499501,6.30384454499501,0.6779999999999999,7.7188849449157715,0.03785869019453403,90,0.0,6.0,0.0,0.18000000000000002,0.0,0.18000000000000005,0.06,0.019999999999999997,0.15000000000000002
chesca_commitment_full_mesh,316,5,6,3,5.13957716551458,5.37756953455949,0.2379923690449104,7.7188849449157715,0.029489471476557172,90,0.0,3.0,0.0,0.059999999999999984,0.0,0.06000000000000001,1.3877787807814457e-17,1.3877787807814457e-17,0.16
chesca_commitment_full_mesh,317,6,6,6,4.988472797716344,4.352472797716345,-0.6359999999999992,7.7188849449157715,0.09928249555964064,90,6.0,0.0,0.18000000000000002,0.0,0.18000000000000002,0.0,0.18000000000000002,0.040000000000000015,0.17666666666666667
chesca_commitment_full_mesh,318,7,6,0,5.36194668983112,5.36194668983112,0.0,7.7188849449157715,0.22908008309828634,90,0.0,0.0,0.0,0.0,0.0,0.0,0.18000000000000002,0.040000000000000015,0.17666666666666667
chesca_commitment_full_mesh,319,8,6,5,4.76905740217652,5.090557543085553,0.3215001409090332,7.7188849449157715,0.03249973817313051,90,0.0,5.0,0.0,0.16,0.0,0.16000000000000003,0.02000000000000001,0.020000000000000004,0.20333333333333334
chesca_commitment_full_mesh,320,9,6,2,2.569740208258359,2.781740208258359,0.2120000000000002,7.7188849449157715,-0.09494060071747984,90,0.0,2.0,0.0,0.020000000000000004,0.0,0.060000000000000005,6.938893903907228e-18,6.938893903907228e-18,0.21333333333333335
chesca_commitment_full_mesh,321,10,6,2,3.394137876253768,3.196137876253768,-0.19799999999999995,7.7188849449157715,0.22039120116507954,90,2.0,0.0,0.06,0.0,0.06,0.0,0.06000000000000001,0.04000000000000001,0.22333333333333336
chesca_commitment_full_mesh,322,11,6,0,2.7840718673108826,2.7840718673108826,0.0,7.7188849449157715,0.14031447346399606,90,0.0,0.0,0.0,0.0,0.0,0.0,0.06000000000000001,0.04000000000000001,0.22
chesca_commitment_full_mesh,323,12,6,0,3.8776232667881176,3.8776232667881176,0.0,7.699297904968262,0.1607109262308308,90,0.0,0.0,0.0,0.0,0.0,0.0,0.06000000000000001,0.04000000000000001,0.21666666666666667
chesca_commitment_full_mesh,324,13,6,1,4.1521697364844625,4.189957161528341,0.03778742504387811,7.699297904968262,0.02021526978753453,90,0.0,1.0,0.0,0.02,0.0,0.02,0.04000000000000001,0.04000000000000001,0.22
chesca_commitment_full_mesh,325,14,6,0,4.080637330023107,4.080637330023107,0.0,7.699297904968262,0.1042271043723905,90,0.0,0.0,0.0,0.0,0.0,0.0,0.04000000000000001,0.04000000000000001,0.22
chesca_commitment_full_mesh,326,15,6,3,4.687078686535967,4.447078686535967,-0.2400000000000002,7.699297904968262,0.3391417453750704,90,3.0,0.0,0.06000000000000001,0.0,0.06000000000000001,0.0,0.10000000000000002,0.04000000000000001,0.23
chesca_commitment_full_mesh,327,16,6,2,6.710266489118687,6.578266489118686,-0.13200000000000056,7.699297904968262,0.65104122201207,90,2.0,0.0,0.04000000000000001,0.0,0.04000000000000001,0.0,0.14,0.04000000000000001,0.2366666666666667
chesca_commitment_full_mesh,328,17,6,3,9.663593177705485,9.423593177705484,-0.2400000000000002,7.699297904968262,1.1429542745323085,90,3.0,0.0,0.06,0.0,0.06,0.0,0.2,0.04000000000000001,0.20666666666666667
chesca_commitment_full_mesh,329,18,6,6,14.844710349845526,13.968710349845527,-0.8759999999999994,7.7188849449157715,2.4412965560772344,90,6.0,0.0,0.24000000000000002,0.0,0.24000000000000002,0.0,0.44000000000000006,0.08000000000000002,0.24666666666666667
chesca_commitment_full_mesh,330,19,6,0,13.599707884884818,13.599707884884817,-1.7763568394002505e-15,7.7188849449157715,1.0712506796102397,90,0.0,0.0,0.0,0.0,0.0,0.0,0.44000000000000006,0.08000000000000002,0.22666666666666668
chesca_commitment_full_mesh,331,20,6,0,10.592883968725488,10.592883968725488,0.0,7.7188849449157715,0.5867917985840941,90,0.0,0.0,0.0,0.0,0.0,0.0,0.44000000000000006,0.08000000000000002,0.22666666666666668
chesca_commitment_full_mesh,332,21,6,0,11.449988601174548,11.449988601174546,-1.7763568394002505e-15,7.734546184539795,1.1078000011277327,90,0.0,0.0,0.0,0.0,0.0,0.0,0.44000000000000006,0.08000000000000002,0.22666666666666668
chesca_commitment_full_mesh,333,22,6,0,10.585078785008422,10.58507878500842,-1.7763568394002505e-15,7.734546184539795,0.8499755397819334,90,0.0,0.0,0.0,0.0,0.0,0.0,0.44000000000000006,0.08000000000000002,0.22666666666666668
chesca_commitment_full_mesh,334,23,6,0,11.310379979624605,11.310379979624607,1.7763568394002505e-15,7.737168312072754,1.1708931140495065,90,0.0,0.0,0.0,0.0,0.0,0.0,0.44000000000000006,0.08000000000000002,0.22666666666666668
chesca_commitment_full_mesh,335,24,6,0,9.80541394228555,9.80541394228555,0.0,7.737168312072754,0.5461516472406005,90,0.0,0.0,0.0,0.0,0.0,0.0,0.44000000000000006,0.08000000000000002,0.22666666666666668
chesca_commitment_full_mesh,336,1,6,0,10.331629019131352,10.33162901913135,-1.7763568394002505e-15,7.781918048858643,0.7918191745105548,90,0.0,0.0,0.0,0.0,0.0,0.0,0.44000000000000006,0.08000000000000002,0.22666666666666668
chesca_commitment_full_mesh,337,2,6,0,9.963311095935886,9.963311095935886,0.0,7.891171932220459,0.63904839402749,90,0.0,0.0,0.0,0.0,0.0,0.0,0.44000000000000006,0.08000000000000002,0.22666666666666668
chesca_commitment_full_mesh,338,3,6,0,8.424587676203698,8.424587676203698,0.0,7.9603753089904785,0.15702647908190365,90,0.0,0.0,0.0,0.0,0.0,0.0,0.44000000000000006,0.08000000000000002,0.18666666666666665
chesca_commitment_full_mesh,339,4,6,0,7.185646197467889,7.1856461974678885,-8.881784197001252e-16,7.995386600494385,0.08475966319598202,90,0.0,0.0,0.0,0.0,0.0,0.0,0.44000000000000006,0.08000000000000002,0.1566666666666667
chesca_commitment_full_mesh,340,5,6,0,6.2722617334504465,6.272261733450447,8.881784197001252e-16,7.995386600494385,0.10599219660310394,90,0.0,0.0,0.0,0.0,0.0,0.0,0.44000000000000006,0.08000000000000002,0.1466666666666667
chesca_commitment_full_mesh,341,6,6,6,6.506106879447206,7.382106879447205,0.8759999999999994,8.019329071044922,0.03825297024514912,90,0.0,6.0,0.0,0.24000000000000002,0.0,0.24000000000000002,0.20000000000000007,0.040000000000000015,0.1566666666666667
chesca_commitment_full_mesh,342,7,6,0,5.922422563832404,5.922422563832405,8.881784197001252e-16,8.019329071044922,0.15193130919778508,90,0.0,0.0,0.0,0.0,0.0,0.0,0.20000000000000007,0.040000000000000015,0.1566666666666667
chesca_commitment_full_mesh,343,8,6,6,4.826064701753361,5.5085587386012556,0.6824940368478947,8.019329071044922,-0.01884921027987868,90,0.0,6.0,0.0,0.2,0.0,0.2,3.8163916471489756e-17,1.3877787807814457e-17,0.16333333333333336
chesca_commitment_full_mesh,344,9,6,6,3.4399349331595444,4.1460080825805425,0.7060731494209982,8.037479400634766,-0.3885830175120709,90,0.0,6.0,0.0,3.8163916471489756e-17,0.0,0.22000000000000003,0.0,0.0,0.19000000000000003
chesca_commitment_full_mesh,345,10,6,6,2.414258807773794,2.8390955614234525,0.42483675364965867,8.037479400634766,-0.11088789930013875,90,0.0,6.0,0.0,0.0,0.0,0.14,0.0,0.0,0.20333333333333334
chesca_commitment_full_mesh,346,11,6,4,2.7716323539545167,2.4276323539545173,-0.3439999999999994,8.037479400634766,0.09960907215041837,90,4.0,0.0,0.1,0.0,0.1,0.0,0.1,0.04,0.22
chesca_commitment_full_mesh,347,12,6,0,2.5784164213972156,2.5784164213972156,0.0,8.037479400634766,0.1415091988344566,90,0.0,0.0,0.0,0.0,0.0,0.0,0.1,0.04,0.22
chesca_commitment_full_mesh,348,13,6,0,3.655836048103505,3.6558360481035055,4.440892098500626e-16,8.037479400634766,0.30160582764912003,90,0.0,0.0,0.0,0.0,0.0,0.0,0.1,0.04,0.21666666666666667
chesca_commitment_full_mesh,349,14,6,0,2.8028287385687167,2.8028287385687167,0.0,8.037479400634766,0.18218103473934377,90,0.0,0.0,0.0,0.0,0.0,0.0,0.1,0.04,0.21666666666666667
chesca_commitment_full_mesh,350,15,6,0,3.982602137061458,3.982602137061458,0.0,8.037479400634766,0.239986817038285,90,0.0,0.0,0.0,0.0,0.0,0.0,0.1,0.04,0.20666666666666667
chesca_commitment_full_mesh,351,16,6,3,7.026398306065809,6.626398306065808,-0.40000000000000036,8.037479400634766,0.6409961724038271,90,3.0,0.0,0.10000000000000002,0.0,0.10000000000000002,0.0,0.2,0.04000000000000001,0.21666666666666667
chesca_commitment_full_mesh,352,17,6,2,8.911876109198811,8.779876109198812,-0.13199999999999967,8.037479400634766,0.8985438058898888,90,2.0,0.0,0.04000000000000001,0.0,0.04000000000000001,0.0,0.24000000000000005,0.04000000000000001,0.21333333333333335
chesca_commitment_full_mesh,353,18,6,0,10.028956778023915,10.028956778023915,0.0,8.091145515441895,0.9587161665791739,90,0.0,0.0,0.0,0.0,0.0,0.0,0.24000000000000005,0.04000000000000001,0.17333333333333334
chesca_commitment_full_mesh,354,19,6,3,12.178021447177192,11.698021447177192,-0.4800000000000004,8.133030891418457,1.104068907655041,90,3.0,0.0,0.12000000000000002,0.0,0.12000000000000002,0.0,0.3600000000000001,0.08000000000000002,0.19333333333333336
chesca_commitment_full_mesh,355,20,6,3,13.183851901021228,12.787851901021229,-0.395999999999999,8.133030891418457,1.378584844286764,90,3.0,0.0,0.12000000000000002,0.0,0.12000000000000002,0.0,0.4800000000000001,0.08000000000000002,0.21333333333333335
chesca_commitment_full_mesh,356,21,6,0,11.95358636990865,11.95358636990865,0.0,8.133030891418457,1.0852083567294257,90,0.0,0.0,0.0,0.0,0.0,0.0,0.4800000000000001,0.08000000000000002,0.21333333333333335
chesca_commitment_full_mesh,357,22,6,6,7.949704397651885,8.825704397651885,0.8759999999999994,8.161913871765137,-0.11946828181673536,90,0.0,6.0,0.0,0.24000000000000002,0.0,0.24000000000000002,0.24000000000000007,0.040000000000000015,0.25333333333333335
chesca_commitment_full_mesh,358,23,6,0,10.21425195116117,10.214251951161168,-1.7763568394002505e-15,8.180768966674805,0.7256457131341094,90,0.0,0.0,0.0,0.0,0.0,0.0,0.24000000000000007,0.040000000000000015,0.25333333333333335
chesca_commitment_full_mesh,359,24,6,0,9.42637830252267,9.426378302522672,1.7763568394002505e-15,8.184087753295898,0.35756535838976966,90,0.0,0.0,0.0,0.0,0.0,0.0,0.24000000000000007,0.040000000000000015,0.25333333333333335
chesca_commitment_full_mesh,360,1,6,0,9.605447595893063,9.605447595893063,0.0,8.270210266113281,0.3122963196012237,90,0.0,0.0,0.0,0.0,0.0,0.0,0.24000000000000007,0.040000000000000015,0.25333333333333335
chesca_commitment_full_mesh,361,2,6,0,9.761530364261983,9.761530364261983,0.0,8.363594055175781,0.27627065670336703,90,0.0,0.0,0.0,0.0,0.0,0.0,0.24000000000000007,0.040000000000000015,0.25333333333333335
chesca_commitment_full_mesh,362,3,6,6,7.708376289013343,8.584376289013344,0.8760000000000003,8.363594055175781,-0.1223615813168205,90,0.0,6.0,0.0,0.24000000000000005,0.0,0.24000000000000005,4.163336342344337e-17,6.938893903907228e-18,0.2933333333333334
chesca_commitment_full_mesh,363,4,6,0,5.475678672803268,5.475678672803268,0.0,8.363594055175781,-0.3440802784588348,90,0.0,0.0,0.0,0.0,0.0,0.0,4.163336342344337e-17,6.938893903907228e-18,0.2933333333333334
chesca_commitment_full_mesh,364,5,6,0,5.2284213992088295,5.2284213992088295,0.0,8.363594055175781,-0.07561198278629475,90,0.0,0.0,0.0,0.0,0.0,0.0,4.163336342344337e-17,6.938893903907228e-18,0.2933333333333334
chesca_commitment_full_mesh,365,6,6,0,5.6981621712378265,5.6981621712378265,0.0,8.363594055175781,0.04502097697074538,90,0.0,0.0,0.0,0.0,0.0,0.0,4.163336342344337e-17,6.938893903907228e-18,0.25333333333333335
chesca_commitment_full_mesh,366,7,6,0,4.4081302142489855,4.4081302142489855,0.0,8.363594055175781,-0.0006922025663231718,90,0.0,0.0,0.0,0.0,0.0,0.0,4.163336342344337e-17,6.938893903907228e-18,0.25333333333333335
chesca_commitment_full_mesh,367,8,6,0,4.527143693259111,4.527143693259111,0.0,8.363594055175781,0.07260853675842074,90,0.0,0.0,0.0,0.0,0.0,0.0,4.163336342344337e-17,6.938893903907228e-18,0.22
chesca_commitment_full_mesh,368,9,6,0,3.533705193584082,3.5337051935840815,-4.440892098500626e-16,8.363594055175781,0.07554767621272926,90,0.0,0.0,0.0,0.0,0.0,0.0,4.163336342344337e-17,6.938893903907228e-18,0.18333333333333332
chesca_commitment_full_mesh,384,1,6,6,28.042491347116005,27.166491461556927,-0.8759998855590787,8.037479400634766,6.283946311624902,90,6.0,0.0,0.2399999999999999,0.0,0.2399999999999999,0.0,0.23999999999999994,0.040000000000000015,0.19999999999999998
chesca_commitment_full_mesh,385,2,6,6,12.08915263225344,12.96515263225344,0.8760000000000012,8.091145515441895,-0.10971874587373112,90,0.0,6.0,0.0,0.2399999999999999,0.0,0.24000000000000005,6.938893903907228e-18,6.938893903907228e-18,0.22333333333333336
chesca_commitment_full_mesh,386,3,6,2,7.231797516839556,7.377797516839557,0.1460000000000008,8.133030891418457,-0.4612540730612136,90,0.0,2.0,0.0,0.0,0.0,0.04,6.938893903907228e-18,6.938893903907228e-18,0.23
chesca_commitment_full_mesh,387,4,6,0,7.718353130779364,7.718353130779365,8.881784197001252e-16,8.133030891418457,-0.09651657149468905,90,0.0,0.0,0.0,0.0,0.0,0.0,6.938893903907228e-18,6.938893903907228e-18,0.23
chesca_commitment_full_mesh,388,5,6,0,5.895212430972592,5.895212430972592,0.0,8.16348648071289,-0.23829455575807126,90,0.0,0.0,0.0,0.0,0.0,0.0,6.938893903907228e-18,6.938893903907228e-18,0.23
chesca_commitment_full_mesh,389,6,6,0,5.252533919372219,5.252533919372218,-8.881784197001252e-16,8.16348648071289,-0.2083432058535361,90,0.0,0.0,0.0,0.0,0.0,0.0,6.938893903907228e-18,6.938893903907228e-18,0.23
chesca_commitment_full_mesh,390,7,6,0,4.011464168059862,4.011464168059862,0.0,8.16348648071289,-0.03832352668295276,90,0.0,0.0,0.0,0.0,0.0,0.0,6.938893903907228e-18,6.938893903907228e-18,0.21333333333333335
chesca_commitment_full_mesh,391,8,6,0,4.133269176836554,4.133269176836554,0.0,8.16348648071289,-0.006414975130364424,90,0.0,0.0,0.0,0.0,0.0,0.0,6.938893903907228e-18,6.938893903907228e-18,0.20666666666666667
chesca_commitment_full_mesh,392,9,6,4,2.02778175323241,2.197371907601392,0.16959015436898195,8.133030891418457,-0.11988847458530098,90,0.0,4.0,0.0,6.938893903907228e-18,0.0,0.08,0.0,0.0,0.22
chesca_commitment_full_mesh,393,10,6,0,0.8390251996976499,0.8390251996976498,-1.1102230246251565e-16,8.133030891418457,-0.10962668465531354,90,0.0,0.0,0.0,0.0,0.0,0.0,0.0,0.0,0.19999999999999998
chesca_commitment_full_mesh,394,11,6,0,3.2388454999969833,3.2388454999969833,0.0,8.133030891418457,0.047454013164840915,90,0.0,0.0,0.0,0.0,0.0,0.0,0.0,0.0,0.17999999999999997
chesca_commitment_full_mesh,395,12,6,0,5.4714687507444015,5.471468750744401,-8.881784197001252e-16,8.133030891418457,-0.07720276888755884,90,0.0,0.0,0.0,0.0,0.0,0.0,0.0,0.0,0.17999999999999997
chesca_commitment_full_mesh,396,13,6,4,5.566360149646989,6.1783601496469895,0.6120000000000001,8.133030891418457,-0.11104612237115646,90,0.0,4.0,0.0,0.0,0.0,0.16,0.0,0.0,0.16666666666666666
chesca_commitment_full_mesh,397,14,6,0,4.754412889707886,4.754412889707886,0.0,8.133030891418457,-0.03364970777378255,90,0.0,0.0,0.0,0.0,0.0,0.0,0.0,0.0,0.16666666666666666
chesca_commitment_full_mesh,398,15,6,6,6.915579718849002,6.039579718849002,-0.8759999999999994,8.133030891418457,0.17807712686866037,90,6.0,0.0,0.24000000000000005,0.0,0.24000000000000005,0.0,0.24000000000000005,0.04000000000000001,0.20666666666666667
chesca_commitment_full_mesh,399,16,6,0,8.953713762987453,8.953713762987455,1.7763568394002505e-15,8.133030891418457,0.7699764099810701,90,0.0,0.0,0.0,0.0,0.0,0.0,0.24000000000000005,0.04000000000000001,0.20666666666666667
chesca_commitment_full_mesh,400,17,6,5,12.449397650049587,12.011397650049586,-0.4380000000000006,8.133030891418457,1.512772971827285,90,5.0,0.0,0.12,0.0,0.12,0.0,0.36000000000000004,0.08000000000000002,0.22666666666666666
chesca_commitment_full_mesh,401,18,6,0,12.936047712377123,12.936047712377123,0.0,8.16348648071289,1.4961584266559491,90,0.0,0.0,0.0,0.0,0.0,0.0,0.36000000000000004,0.08000000000000002,0.18666666666666665
chesca_commitment_full_mesh,402,19,6,1,15.40927364195104,15.277273641951039,-0.13200000000000145,8.184087753295898,1.6082293983839098,90,1.0,0.0,0.04,0.0,0.04,0.0,0.4,0.08000000000000002,0.19333333333333333
chesca_commitment_full_mesh,403,20,6,0,12.271165396196768,12.271165396196766,-1.7763568394002505e-15,8.184087753295898,0.4225689643289468,90,0.0,0.0,0.0,0.0,0.0,0.0,0.4,0.08000000000000002,0.19333333333333333
chesca_commitment_full_mesh,404,21,6,0,11.355337927975727,11.355337927975727,0.0,8.184087753295898,0.713999450919983,90,0.0,0.0,0.0,0.0,0.0,0.0,0.4,0.08000000000000002,0.19333333333333333
chesca_commitment_full_mesh,405,22,6,0,10.0940847394637,10.094084739463698,-1.7763568394002505e-15,8.184087753295898,0.3216096658243757,90,0.0,0.0,0.0,0.0,0.0,0.0,0.4,0.08000000000000002,0.19333333333333333
chesca_commitment_full_mesh,406,23,6,0,9.750347413622903,9.750347413622903,0.0,8.184087753295898,0.39557241021660056,90,0.0,0.0,0.0,0.0,0.0,0.0,0.4,0.08000000000000002,0.19333333333333333
chesca_commitment_full_mesh,407,24,6,0,9.468965816318422,9.468965816318422,0.0,8.184087753295898,0.23606939225369483,90,0.0,0.0,0.0,0.0,0.0,0.0,0.4,0.08000000000000002,0.19333333333333333
chesca_commitment_full_mesh,408,1,6,0,10.169222770433297,10.169222770433297,0.0,8.184087753295898,0.3006378051170849,90,0.0,0.0,0.0,0.0,0.0,0.0,0.4,0.08000000000000002,0.15333333333333335
chesca_commitment_full_mesh,409,2,6,6,8.061824382196482,8.937824382196483,0.8760000000000012,8.184087753295898,-0.02109879355088612,90,0.0,6.0,0.0,0.24000000000000005,0.0,0.24000000000000005,0.15999999999999998,0.04000000000000001,0.15333333333333335
chesca_commitment_full_mesh,410,3,6,6,6.165497583301908,7.041497583301907,0.8759999999999986,8.195026397705078,-0.25035753621586515,90,0.0,6.0,0.0,0.15999999999999998,0.0,0.24000000000000005,6.938893903907228e-18,6.938893903907228e-18,0.18666666666666668
chesca_commitment_full_mesh,411,4,6,6,6.151907951822574,6.8019079518225745,0.6500000000000004,8.195026397705078,-0.14447372767265418,90,0.0,6.0,0.0,6.938893903907228e-18,0.0,0.18000000000000002,0.0,0.0,0.21666666666666667
chesca_commitment_full_mesh,412,5,6,1,5.636758351957703,5.698432554847242,0.061674202889538954,8.195026397705078,-0.22228121937274758,90,0.0,1.0,0.0,0.0,0.0,0.020000000000000004,0.0,0.0,0.22
chesca_commitment_full_mesh,413,6,6,0,5.467757936404903,5.467757936404903,0.0,8.195026397705078,-0.20778701872706715,90,0.0,0.0,0.0,0.0,0.0,0.0,0.0,0.0,0.22
chesca_commitment_full_mesh,414,7,6,0,4.850954985473273,4.850954985473273,0.0,8.195026397705078,-0.07835487455412662,90,0.0,0.0,0.0,0.0,0.0,0.0,0.0,0.0,0.22
chesca_commitment_full_mesh,415,8,6,0,4.0727958349743725,4.072795834974372,-8.881784197001252e-16,8.195026397705078,-0.048249721172884535,90,0.0,0.0,0.0,0.0,0.0,0.0,0.0,0.0,0.22
chesca_commitment_full_mesh,416,9,6,0,2.7430875356278994,2.7430875356278994,0.0,8.195026397705078,-0.04698677203674442,90,0.0,0.0,0.0,0.0,0.0,0.0,0.0,0.0,0.20666666666666667
chesca_commitment_full_mesh,417,10,6,0,2.826964719107471,2.826964719107471,0.0,8.195026397705078,-0.002878404175416112,90,0.0,0.0,0.0,0.0,0.0,0.0,0.0,0.0,0.20666666666666667
chesca_commitment_full_mesh,418,11,6,0,3.7343289429547255,3.7343289429547255,0.0,8.195026397705078,0.0024961457101137447,90,0.0,0.0,0.0,0.0,0.0,0.0,0.0,0.0,0.20666666666666667
chesca_commitment_full_mesh,419,12,6,0,2.9995111605027693,2.9995111605027693,0.0,8.195026397705078,0.04268991569054599,90,0.0,0.0,0.0,0.0,0.0,0.0,0.0,0.0,0.20666666666666667
chesca_commitment_full_mesh,420,13,6,4,5.050224020534322,4.758224020534321,-0.2920000000000007,8.195026397705078,0.1112234430248924,90,4.0,0.0,0.08000000000000002,0.0,0.08000000000000002,0.0,0.08000000000000002,0.020000000000000004,0.19333333333333336
chesca_commitment_full_mesh,421,14,6,6,3.9664152691789005,4.400224568241682,0.4338092990627813,8.195026397705078,-0.12785953679612028,90,0.0,6.0,0.0,0.08000000000000002,0.0,0.14,0.0,0.0,0.21666666666666667
chesca_commitment_full_mesh,422,15,6,3,4.751645633292515,4.525645633292514,-0.22600000000000087,8.195026397705078,0.16745667110763202,90,3.0,0.0,0.060000000000000005,0.0,0.060000000000000005,0.0,0.060000000000000005,0.020000000000000004,0.18666666666666668
chesca_commitment_full_mesh,423,16,6,3,7.251616337472159,6.959616337472159,-0.2919999999999998,8.195026397705078,0.593346758492348,90,3.0,0.0,0.08,0.0,0.08,0.0,0.14,0.04000000000000001,0.20000000000000004
chesca_commitment_full_mesh,424,17,6,2,9.037027815340167,8.717027815340167,-0.3200000000000003,8.157756805419922,0.7432577226954465,90,2.0,0.0,0.08000000000000002,0.0,0.08000000000000002,0.0,0.22,0.06000000000000001,0.19333333333333336
chesca_commitment_full_mesh,425,18,6,3,11.388155844685787,11.124155844685786,-0.2640000000000011,8.157756805419922,1.1937824878238978,90,3.0,0.0,0.08,0.0,0.08,0.0,0.3,0.06000000000000001,0.20666666666666667
chesca_commitment_full_mesh,426,19,6,0,12.755900639928157,12.755900639928159,1.7763568394002505e-15,8.195026397705078,1.1298540478494297,90,0.0,0.0,0.0,0.0,0.0,0.0,0.3,0.06000000000000001,0.19999999999999998
chesca_commitment_full_mesh,427,20,6,0,11.254575618324663,11.254575618324663,0.0,8.195026397705078,0.547236539626802,90,0.0,0.0,0.0,0.0,0.0,0.0,0.3,0.06000000000000001,0.19999999999999998
chesca_commitment_full_mesh,428,21,6,0,10.067192440848912,10.06719244084891,-1.7763568394002505e-15,8.195026397705078,0.31613449677745603,90,0.0,0.0,0.0,0.0,0.0,0.0,0.3,0.06000000000000001,0.19999999999999998
chesca_commitment_full_mesh,429,22,6,6,8.068570741308662,8.944570741308661,0.8759999999999994,8.195026397705078,-0.04373230317424451,90,0.0,6.0,0.0,0.24,0.0,0.24000000000000002,0.06000000000000003,0.02000000000000001,0.24000000000000002
chesca_commitment_full_mesh,430,23,6,0,8.720133814625402,8.720133814625404,1.7763568394002505e-15,8.195026397705078,0.08254407714071164,90,0.0,0.0,0.0,0.0,0.0,0.0,0.06000000000000003,0.02000000000000001,0.24000000000000002
chesca_commitment_full_mesh,431,24,6,4,8.276544739515156,8.568544739515156,0.2919999999999998,8.195026397705078,-0.09584094711903932,90,0.0,4.0,0.0,0.06000000000000001,0.0,0.08000000000000002,2.0816681711721685e-17,6.938893903907228e-18,0.25333333333333335
chesca_commitment_full_mesh,432,1,6,0,8.320720658142017,8.320720658142019,1.7763568394002505e-15,8.195026397705078,-0.1669845631338818,90,0.0,0.0,0.0,0.0,0.0,0.0,2.0816681711721685e-17,6.938893903907228e-18,0.25333333333333335
chesca_commitment_full_mesh,433,2,6,0,6.905610541294065,6.905610541294065,0.0,8.195026397705078,-0.329763343368607,90,0.0,0.0,0.0,0.0,0.0,0.0,2.0816681711721685e-17,6.938893903907228e-18,0.21333333333333335
chesca_commitment_full_mesh,434,3,6,2,5.216122232228404,5.428122232228404,0.21199999999999974,8.195026397705078,-0.3534638924826228,90,0.0,2.0,0.0,6.938893903907228e-18,0.0,0.06000000000000001,1.3877787807814457e-17,6.938893903907228e-18,0.18333333333333338
chesca_commitment_full_mesh,435,4,6,6,5.495078396678711,6.305078396678711,0.8100000000000005,8.195026397705078,-0.210332689058097,90,0.0,6.0,0.0,1.3877787807814457e-17,0.0,0.22000000000000003,0.0,0.0,0.19000000000000003
chesca_commitment_full_mesh,436,5,6,6,4.838943819200139,5.382082828744522,0.5431390095443831,8.195026397705078,-0.3274382710087026,90,0.0,6.0,0.0,0.0,0.0,0.16000000000000003,0.0,0.0,0.21333333333333335
chesca_commitment_full_mesh,437,6,6,2,5.53621151851265,5.621693761272223,0.08548224275957228,8.195026397705078,-0.34787664057157197,90,0.0,2.0,0.0,0.0,0.0,0.04000000000000001,0.0,0.0,0.22
chesca_commitment_full_mesh,438,7,6,0,4.087336573726463,4.087336573726463,0.0,8.195026397705078,-0.2542285102234182,90,0.0,0.0,0.0,0.0,0.0,0.0,0.0,0.0,0.22
chesca_commitment_full_mesh,439,8,6,1,3.865397082438902,3.945397082438902,0.08000000000000007,8.220815658569336,-0.626457498336499,90,0.0,1.0,0.0,0.0,0.0,0.020000000000000004,0.0,0.0,0.22333333333333336
chesca_commitment_full_mesh,440,9,6,0,0.3549541785088499,0.3549541785088499,0.0,8.220815658569336,-0.3475699821548439,90,0.0,0.0,0.0,0.0,0.0,0.0,0.0,0.0,0.22333333333333336
chesca_commitment_full_mesh,441,10,6,0,1.708717036461012,1.708717036461012,0.0,8.220815658569336,-0.15835908684027006,90,0.0,0.0,0.0,0.0,0.0,0.0,0.0,0.0,0.22333333333333336
chesca_commitment_full_mesh,442,11,6,0,0.37808864514755236,0.37808864514755236,0.0,8.220815658569336,-0.034188152886883746,90,0.0,0.0,0.0,0.0,0.0,0.0,0.0,0.0,0.22333333333333336
chesca_commitment_full_mesh,443,12,6,0,1.9363857187419575,1.9363857187419575,0.0,8.220815658569336,0.11629231425552213,90,0.0,0.0,0.0,0.0,0.0,0.0,0.0,0.0,0.22333333333333336
chesca_commitment_full_mesh,444,13,6,0,1.8627221259592108,1.8627221259592108,0.0,8.220815658569336,0.0732777911284586,90,0.0,0.0,0.0,0.0,0.0,0.0,0.0,0.0,0.21
chesca_commitment_full_mesh,445,14,6,0,2.3964816933820643,2.3964816933820643,0.0,8.220815658569336,0.07729743837120778,90,0.0,0.0,0.0,0.0,0.0,0.0,0.0,0.0,0.18666666666666665
chesca_commitment_full_mesh,446,15,6,6,4.128634895114964,4.49300703932651,0.3643721442115453,8.220815658569336,-0.17927896141753275,90,0.0,6.0,0.0,0.0,0.0,0.14,0.0,0.0,0.19999999999999998
chesca_commitment_full_mesh,447,16,6,6,6.330725029984257,5.958725029984257,-0.3719999999999999,8.220815658569336,0.12931888542199071,90,5.0,1.0,0.10000000000000002,0.0,0.10000000000000002,0.020000000000000018,0.10000000000000002,0.020000000000000004,0.20666666666666667
chesca_commitment_full_mesh,448,17,6,1,8.757925764203048,8.691925764203047,-0.06600000000000072,8.195026397705078,0.3390553994247106,90,1.0,0.0,0.01999999999999999,0.0,0.01999999999999999,0.0,0.12000000000000001,0.020000000000000004,0.19666666666666668
chesca_commitment_full_mesh,449,18,6,3,11.497227071443662,11.017227071443664,-0.47999999999999865,8.195026397705078,0.6907338312081793,90,3.0,0.0,0.12000000000000002,0.0,0.12000000000000002,0.0,0.24000000000000002,0.06000000000000001,0.20333333333333337
chesca_commitment_full_mesh,450,19,6,3,14.866162464405441,14.536162464405441,-0.33000000000000007,8.195026397705078,1.5016401623688627,90,3.0,0.0,0.1,0.0,0.1,0.0,0.34,0.06000000000000001,0.22
chesca_commitment_full_mesh,451,20,6,0,12.960301208414982,12.960301208414982,0.0,8.195026397705078,0.9278875340661757,90,0.0,0.0,0.0,0.0,0.0,0.0,0.34,0.06000000000000001,0.22
chesca_commitment_full_mesh,452,21,6,0,11.731499128320607,11.731499128320609,1.7763568394002505e-15,8.195026397705078,0.639686000435972,90,0.0,0.0,0.0,0.0,0.0,0.0,0.34,0.06000000000000001,0.22
chesca_commitment_full_mesh,453,22,6,0,9.792939367191243,9.792939367191243,0.0,8.195026397705078,0.1659880853221502,90,0.0,0.0,0.0,0.0,0.0,0.0,0.34,0.06000000000000001,0.18000000000000002
chesca_commitment_full_mesh,454,23,6,0,9.940706961677412,9.940706961677414,1.7763568394002505e-15,8.195026397705078,0.32098345105511245,90,0.0,0.0,0.0,0.0,0.0,0.0,0.34,0.06000000000000001,0.18000000000000002
chesca_commitment_full_mesh,455,24,6,0,9.740634113370806,9.740634113370806,0.0,8.195026397705078,0.1357472983127542,90,0.0,0.0,0.0,0.0,0.0,0.0,0.34,0.06000000000000001,0.1666666666666667
chesca_commitment_full_mesh,456,1,6,0,10.098668527806401,10.098668527806401,0.0,8.195026397705078,0.16486381564281563,90,0.0,0.0,0.0,0.0,0.0,0.0,0.34,0.06000000000000001,0.1666666666666667
chesca_commitment_full_mesh,457,2,6,6,7.998600599602371,8.874600599602372,0.8760000000000012,8.220815658569336,-0.20418224038580923,90,0.0,6.0,0.0,0.24000000000000005,0.0,0.24000000000000005,0.1,0.020000000000000004,0.20666666666666667
chesca_commitment_full_mesh,458,3,6,6,6.806564834506662,7.2445648345066616,0.4379999999999997,8.249557495117188,-0.385849472763219,90,0.0,6.0,0.0,0.1,0.0,0.12000000000000002,6.938893903907228e-18,3.469446951953614e-18,0.21666666666666667
chesca_commitment_full_mesh,459,4,6,1,6.181347987644656,6.313347987644656,0.13199999999999967,8.249557495117188,-0.346125958952905,90,0.0,1.0,0.0,0.0,0.0,0.04000000000000001,6.938893903907228e-18,3.469446951953614e-18,0.18666666666666668
chesca_commitment_full_mesh,460,5,6,6,5.85521086351949,6.528303044934191,0.6730921814147006,8.249557495117188,-0.3216712885082258,90,0.0,6.0,0.0,6.938893903907228e-18,0.0,0.18000000000000002,0.0,0.0,0.19000000000000003
chesca_commitment_full_mesh,461,6,6,6,6.436642617053054,7.017770981616043,0.5811283645629892,8.282756805419922,-0.42315423971524113,90,0.0,6.0,0.0,0.0,0.0,0.18000000000000002,0.0,0.0,0.21333333333333335
chesca_commitment_full_mesh,462,7,6,2,5.7710186149693214,5.854453122087504,0.08343450711818257,8.282756805419922,-0.20361566378708318,90,0.0,2.0,0.0,0.0,0.0,0.04000000000000001,0.0,0.0,0.22
chesca_commitment_full_mesh,463,8,6,0,5.284312235746141,5.284312235746141,0.0,8.282756805419922,-0.2536900697714787,90,0.0,0.0,0.0,0.0,0.0,0.0,0.0,0.0,0.21666666666666667
chesca_commitment_full_mesh,464,9,6,1,4.3860170751044185,4.466017075104419,0.08000000000000007,8.282756805419922,-0.27666868429267577,90,0.0,1.0,0.0,0.0,0.0,0.02,0.0,0.0,0.22
chesca_commitment_full_mesh,465,10,6,0,5.085738142524258,5.085738142524258,0.0,8.282756805419922,-0.02912366341832892,90,0.0,0.0,0.0,0.0,0.0,0.0,0.0,0.0,0.22
chesca_commitment_full_mesh,466,11,6,0,2.3619215328198377,2.3619215328198373,-4.440892098500626e-16,8.282756805419922,-0.19452915662418604,90,0.0,0.0,0.0,0.0,0.0,0.0,0.0,0.0,0.22
chesca_commitment_full_mesh,467,12,6,0,4.164520190918769,4.164520190918769,0.0,8.282756805419922,-0.08801378702773577,90,0.0,0.0,0.0,0.0,0.0,0.0,0.0,0.0,0.22
chesca_commitment_full_mesh,468,13,6,0,4.569486863207892,4.569486863207891,-8.881784197001252e-16,8.282756805419922,-0.09774918112987711,90,0.0,0.0,0.0,0.0,0.0,0.0,0.0,0.0,0.22
chesca_commitment_full_mesh,469,14,6,0,5.260793194406521,5.260793194406521,0.0,8.282756805419922,-0.008388969166677487,90,0.0,0.0,0.0,0.0,0.0,0.0,0.0,0.0,0.22
chesca_commitment_full_mesh,470,15,6,0,5.854609147877474,5.854609147877475,8.881784197001252e-16,8.282756805419922,-0.04484895640251459,90,0.0,0.0,0.0,0.0,0.0,0.0,0.0,0.0,0.19666666666666666
chesca_commitment_full_mesh,471,16,6,0,6.743920843013587,6.743920843013587,0.0,8.282756805419922,0.025196815143871835,90,0.0,0.0,0.0,0.0,0.0,0.0,0.0,0.0,0.17666666666666672
chesca_commitment_full_mesh,472,17,6,6,8.740575108283082,9.616575108283083,0.8760000000000012,8.321915626525879,-0.2710589472383405,90,0.0,6.0,0.0,0.0,0.0,0.24000000000000005,0.0,0.0,0.21333333333333335
chesca_commitment_full_mesh,473,18,6,5,11.205748069859618,10.833748069859618,-0.3719999999999999,8.363594055175781,0.49126465164097544,90,5.0,0.0,0.09999999999999998,0.0,0.09999999999999998,0.0,0.09999999999999998,0.020000000000000004,0.21
chesca_commitment_full_mesh,474,19,6,4,12.386769185256874,12.000769185256875,-0.38599999999999923,8.363594055175781,0.804341788047649,90,4.0,0.0,0.1,0.0,0.1,0.0,0.19999999999999998,0.060000000000000005,0.21
chesca_commitment_full_mesh,475,20,6,0,11.084775173644992,11.084775173644992,0.0,8.363594055175781,0.47495783470022324,90,0.0,0.0,0.0,0.0,0.0,0.0,0.19999999999999998,0.060000000000000005,0.21
chesca_commitment_full_mesh,476,21,6,0,10.27351773885021,10.27351773885021,0.0,8.363594055175781,0.24313787353315652,90,0.0,0.0,0.0,0.0,0.0,0.0,0.19999999999999998,0.060000000000000005,0.21
chesca_commitment_full_mesh,477,22,6,6,8.803634169017277,9.481634169017278,0.6780000000000008,8.450830459594727,-0.07121304397806297,90,0.0,6.0,0.0,0.17999999999999997,0.0,0.18,0.02000000000000001,0.020000000000000004,0.24
chesca_commitment_full_mesh,478,23,6,1,9.946205688417747,9.880205688417748,-0.06599999999999895,8.57017993927002,0.10984370827322154,90,1.0,0.0,0.02,0.0,0.02,0.0,0.04000000000000001,0.020000000000000004,0.24333333333333332
chesca_commitment_full_mesh,479,24,6,0,9.742372511019438,9.742372511019438,0.0,8.57017993927002,0.0238044387529876,90,0.0,0.0,0.0,0.0,0.0,0.0,0.04000000000000001,0.020000000000000004,0.24333333333333332
chesca_commitment_full_mesh,480,1,6,0,10.417748776873708,10.417748776873708,0.0,8.57017993927002,0.31332289336299146,90,0.0,0.0,0.0,0.0,0.0,0.0,0.04000000000000001,0.020000000000000004,0.24333333333333332
chesca_commitment_full_mesh,481,2,6,2,9.156603753120324,9.302603753120323,0.14599999999999902,8.57017993927002,-0.2490161259845811,90,0.0,2.0,0.0,0.04000000000000001,0.0,0.04000000000000001,6.938893903907228e-18,3.469446951953614e-18,0.21000000000000005
chesca_commitment_full_mesh,482,3,6,3,8.769584510716403,9.033584510716402,0.26399999999999935,8.640225410461426,-0.15290042421510944,90,0.0,3.0,0.0,6.938893903907228e-18,0.0,0.08000000000000002,0.0,0.0,0.20333333333333334
chesca_commitment_full_mesh,483,4,6,5,7.35647221258204,7.71447221258204,0.35799999999999965,8.66541576385498,-0.3196235566831663,90,0.0,5.0,0.0,0.0,0.0,0.10000000000000002,0.0,0.0,0.21333333333333335
chesca_commitment_full_mesh,484,5,6,1,6.665210937984614,6.797210937984614,0.13200000000000056,8.66541576385498,-0.27667662999948633,90,0.0,1.0,0.0,0.0,0.0,0.04000000000000001,0.0,0.0,0.18999999999999997
chesca_commitment_full_mesh,485,6,6,6,6.268391180285768,6.946391180285768,0.6779999999999999,8.66541576385498,-0.11625936176459897,90,0.0,6.0,0.0,0.0,0.0,0.18000000000000002,0.0,0.0,0.19000000000000003
chesca_commitment_full_mesh,486,7,6,6,5.635250092492374,6.188111390835022,0.5528612983426484,8.66541576385498,-0.15586982720299886,90,0.0,6.0,0.0,0.0,0.0,0.16,0.0,0.0,0.21
chesca_commitment_full_mesh,487,8,6,3,5.108246295776156,5.259414130323772,0.15116783454761595,8.66541576385498,-0.13248761329859593,90,0.0,3.0,0.0,0.0,0.0,0.06000000000000001,0.0,0.0,0.22
chesca_commitment_full_mesh,488,9,6,0,3.1341658090819733,3.1341658090819737,4.440892098500626e-16,8.66541576385498,-0.37379250805087727,90,0.0,0.0,0.0,0.0,0.0,0.0,0.0,0.0,0.21666666666666667
chesca_commitment_full_mesh,489,10,6,1,1.8409066861066612,1.8897671116222694,0.04886042551560821,8.66541576385498,-0.227307645997055,90,0.0,1.0,0.0,0.0,0.0,0.02,0.0,0.0,0.22
chesca_commitment_full_mesh,490,11,6,0,2.082021531369473,2.082021531369473,0.0,8.66541576385498,-0.11477030780132344,90,0.0,0.0,0.0,0.0,0.0,0.0,0.0,0.0,0.22
chesca_commitment_full_mesh,491,12,6,0,2.4252505919909595,2.425250591990959,-4.440892098500626e-16,8.66541576385498,-0.13737964748580933,90,0.0,0.0,0.0,0.0,0.0,0.0,0.0,0.0,0.22
chesca_commitment_full_mesh,492,13,6,0,3.6088291928707115,3.6088291928707115,0.0,8.66541576385498,0.06216264586467024,90,0.0,0.0,0.0,0.0,0.0,0.0,0.0,0.0,0.22
chesca_commitment_full_mesh,493,14,6,0,3.321108121335457,3.321108121335457,0.0,8.66541576385498,-0.04323333208966261,90,0.0,0.0,0.0,0.0,0.0,0.0,0.0,0.0,0.22
chesca_commitment_full_mesh,494,15,6,0,5.51380979676035,5.51380979676035,0.0,8.66541576385498,0.04119667840478138,90,0.0,0.0,0.0,0.0,0.0,0.0,0.0,0.0,0.22
chesca_commitment_full_mesh,495,16,6,3,7.613210604380837,7.373210604380838,-0.23999999999999932,8.66541576385498,0.40879858321711,90,3.0,0.0,0.06000000000000001,0.0,0.06000000000000001,0.0,0.06000000000000001,0.020000000000000004,0.23
chesca_commitment_full_mesh,496,17,6,3,9.467516557822961,9.269516557822959,-0.19800000000000217,8.66541576385498,0.4947530414927376,90,3.0,0.0,0.06000000000000001,0.0,0.06000000000000001,0.0,0.12000000000000002,0.020000000000000004,0.20000000000000004
chesca_commitment_full_mesh,497,18,6,6,11.059486086833136,10.621486086833134,-0.4380000000000024,8.66541576385498,0.83338421131824,90,6.0,0.0,0.12,0.0,0.12,0.0,0.24000000000000002,0.04000000000000001,0.20333333333333334
chesca_commitment_full_mesh,498,19,6,3,13.852916519962596,13.612916519962596,-0.2400000000000002,8.66541576385498,1.2474677727260586,90,3.0,0.0,0.06000000000000001,0.0,0.06000000000000001,0.0,0.30000000000000004,0.06000000000000001,0.19666666666666666
chesca_commitment_full_mesh,499,20,6,0,11.239835016786392,11.239835016786392,0.0,8.66541576385498,0.3357794596016269,90,0.0,0.0,0.0,0.0,0.0,0.0,0.30000000000000004,0.06000000000000001,0.19666666666666666
chesca_commitment_full_mesh,500,21,6,0,10.551056179461927,10.551056179461927,0.0,8.66541576385498,0.30264326806788605,90,0.0,0.0,0.0,0.0,0.0,0.0,0.30000000000000004,0.06000000000000001,0.19666666666666666
chesca_commitment_full_mesh,501,22,6,6,8.528905656945797,9.404905656945797,0.8759999999999994,8.66541576385498,-0.08492666227958152,90,0.0,6.0,0.0,0.24,0.0,0.24000000000000002,0.06000000000000003,0.02000000000000001,0.20666666666666667
chesca_commitment_full_mesh,502,23,6,3,8.800722143392992,9.04072214339299,0.23999999999999844,8.642547607421875,-0.01534588962926127,90,0.0,3.0,0.0,0.06,0.0,0.06000000000000001,3.122502256758253e-17,1.0408340855860843e-17,0.21333333333333335
chesca_commitment_full_mesh,503,24,6,2,9.412032335476649,9.26603233547665,-0.14599999999999902,8.642547607421875,0.15521384448121986,90,2.0,0.0,0.04000000000000001,0.0,0.04000000000000001,0.0,0.040000000000000036,0.02000000000000001,0.22
chesca_commitment_full_mesh,504,1,6,0,9.461660729526947,9.461660729526947,0.0,8.642547607421875,0.18400717988272441,90,0.0,0.0,0.0,0.0,0.0,0.0,0.040000000000000036,0.02000000000000001,0.22
chesca_commitment_full_mesh,505,2,6,2,8.553535155332359,8.69953515533236,0.1460000000000008,8.642547607421875,-0.04224358393579726,90,0.0,2.0,0.0,0.04000000000000001,0.0,0.04000000000000001,2.7755575615628914e-17,1.0408340855860843e-17,0.22
chesca_commitment_full_mesh,506,3,6,0,7.133345577919748,7.133345577919747,-8.881784197001252e-16,8.625567436218262,-0.07673416688726728,90,0.0,0.0,0.0,0.0,0.0,0.0,2.7755575615628914e-17,1.0408340855860843e-17,0.20666666666666667
chesca_commitment_full_mesh,507,4,6,0,6.063668216377961,6.06366821637796,-8.881784197001252e-16,8.625567436218262,-0.026173822393049412,90,0.0,0.0,0.0,0.0,0.0,0.0,2.7755575615628914e-17,1.0408340855860843e-17,0.19000000000000003
chesca_commitment_full_mesh,508,5,6,0,5.019918425011079,5.01991842501108,8.881784197001252e-16,8.625567436218262,-0.03873004671494977,90,0.0,0.0,0.0,0.0,0.0,0.0,2.7755575615628914e-17,1.0408340855860843e-17,0.18333333333333335
chesca_commitment_full_mesh,509,6,6,5,5.46440834513707,4.908408345137071,-0.5559999999999992,8.625567436218262,0.09205954210126822,90,5.0,0.0,0.16,0.0,0.16,0.0,0.16000000000000003,0.04000000000000001,0.18000000000000002
chesca_commitment_full_mesh,510,7,6,6,4.091194978962584,4.6952685341695695,0.6040735552069858,8.642547607421875,-0.4439008688345074,90,0.0,6.0,0.0,0.16000000000000003,0.0,0.20000000000000004,1.0408340855860843e-17,1.0408340855860843e-17,0.18666666666666668
chesca_commitment_full_mesh,511,8,6,0,3.958627713614534,3.9586277136145345,4.440892098500626e-16,8.642547607421875,0.049604107434426614,90,0.0,0.0,0.0,0.0,0.0,0.0,1.0408340855860843e-17,1.0408340855860843e-17,0.17666666666666667
chesca_commitment_full_mesh,512,9,6,4,3.1528746788465014,3.4506203550605465,0.29774567621404513,8.625567436218262,-0.10424811788968263,90,0.0,4.0,0.0,1.0408340855860843e-17,0.0,0.10000000000000002,0.0,0.0,0.19333333333333336
chesca_commitment_full_mesh,513,10,6,4,3.0956216308379982,3.2557886798750566,0.16016704903705836,8.625567436218262,-0.1358108292358895,90,0.0,4.0,0.0,0.0,0.0,0.08,0.0,0.0,0.20333333333333337
chesca_commitment_full_mesh,514,11,6,3,2.287031614249642,2.504842807022247,0.21781119277260474,8.625567436218262,-0.1705923210365723,90,0.0,3.0,0.0,0.0,0.0,0.08000000000000002,0.0,0.0,0.21666666666666667
chesca_commitment_full_mesh,515,12,6,1,2.197139544615048,2.241170700388811,0.04403115577376271,8.625567436218262,-0.19672128964490676,90,0.0,1.0,0.0,0.0,0.0,0.020000000000000004,0.0,0.0,0.22
chesca_commitment_full_mesh,516,13,6,0,2.2458931883704008,2.2458931883704008,0.0,8.625567436218262,0.036458197451983546,90,0.0,0.0,0.0,0.0,0.0,0.0,0.0,0.0,0.22
chesca_commitment_full_mesh,517,14,6,0,2.8095487163744934,2.8095487163744934,0.0,8.625567436218262,0.05197217277862136,90,0.0,0.0,0.0,0.0,0.0,0.0,0.0,0.0,0.22
chesca_commitment_full_mesh,518,15,6,0,1.528779299265881,1.528779299265881,0.0,8.625567436218262,0.07073459941694743,90,0.0,0.0,0.0,0.0,0.0,0.0,0.0,0.0,0.22
chesca_commitment_full_mesh,519,16,6,6,4.53866279744746,4.100662797447461,-0.43799999999999883,8.625567436218262,0.5432528192714097,90,6.0,0.0,0.12000000000000002,0.0,0.12000000000000002,0.0,0.12000000000000002,0.020000000000000004,0.23
chesca_commitment_full_mesh,520,17,6,1,5.953334862400123,5.953334862400122,-8.881784197001252e-16,8.625567436218262,0.5437364221921088,90,0.0,1.0,0.0,0.02,0.0,0.04000000000000001,0.10000000000000002,0.020000000000000004,0.22666666666666668
chesca_commitment_full_mesh,521,18,6,1,7.349513376412743,7.349513376412742,-8.881784197001252e-16,8.57017993927002,0.5698403041458128,90,0.0,1.0,0.0,0.01999999999999999,0.0,0.01999999999999999,0.08000000000000003,0.020000000000000004,0.21
chesca_commitment_full_mesh,522,19,6,0,8.333786310334958,8.333786310334958,0.0,8.477082252502441,0.13529787784505,90,0.0,0.0,0.0,0.0,0.0,0.0,0.08000000000000003,0.020000000000000004,0.20000000000000004
chesca_commitment_full_mesh,523,20,6,0,8.966307673487657,8.966307673487657,0.0,8.378277778625488,0.22171360521917827,90,0.0,0.0,0.0,0.0,0.0,0.0,0.08000000000000003,0.020000000000000004,0.20000000000000004
chesca_commitment_full_mesh,524,21,6,4,8.300127297047526,8.606127297047527,0.30600000000000094,8.282756805419922,0.03783659911299221,90,0.0,4.0,0.0,0.08000000000000002,0.0,0.08000000000000002,1.0408340855860843e-17,1.0408340855860843e-17,0.21333333333333335
chesca_commitment_full_mesh,525,22,6,0,6.920133394147665,6.920133394147665,0.0,8.249557495117188,-0.029301648761709126,90,0.0,0.0,0.0,0.0,0.0,0.0,1.0408340855860843e-17,1.0408340855860843e-17,0.17333333333333334
chesca_commitment_full_mesh,526,23,6,3,7.3697660490308925,6.889766049030893,-0.47999999999999954,8.249557495117188,0.08134088171520269,90,3.0,0.0,0.12000000000000002,0.0,0.12000000000000002,0.0,0.12000000000000002,0.04000000000000001,0.18333333333333332
chesca_commitment_full_mesh,527,24,6,3,7.020551317211156,7.500551317211157,0.4800000000000004,8.220815658569336,0.033499302953682496,90,0.0,3.0,0.0,0.12,0.0,0.12000000000000001,1.734723475976807e-17,1.0408340855860843e-17,0.19666666666666666
chesca_commitment_full_mesh,528,1,6,0,7.658203867074018,7.658203867074018,0.0,8.158398628234863,-0.06928253523259596,90,0.0,0.0,0.0,0.0,0.0,0.0,1.734723475976807e-17,1.0408340855860843e-17,0.19666666666666666
chesca_commitment_full_mesh,529,2,6,4,6.325093600943417,6.801093600943417,0.476,8.066818237304688,-0.15425524344239588,90,0.0,4.0,0.0,1.0408340855860843e-17,0.0,0.14,6.938893903907228e-18,6.938893903907228e-18,0.21333333333333335
chesca_commitment_full_mesh,530,3,6,2,5.245299086082162,5.371240936224208,0.12594185014204573,7.9866766929626465,-0.22051335126197497,90,0.0,2.0,0.0,0.0,0.0,0.04000000000000001,6.938893903907228e-18,6.938893903907228e-18,0.22
chesca_commitment_full_mesh,531,4,6,0,4.922232411502273,4.922232411502272,-8.881784197001252e-16,7.934218883514404,-0.169523586426665,90,0.0,0.0,0.0,0.0,0.0,0.0,6.938893903907228e-18,6.938893903907228e-18,0.22
chesca_commitment_full_mesh,532,5,6,0,4.8501757646886485,4.8501757646886485,0.0,7.934218883514404,-0.136674537024154,90,0.0,0.0,0.0,0.0,0.0,0.0,6.938893903907228e-18,6.938893903907228e-18,0.22
chesca_commitment_full_mesh,533,6,6,0,5.282197414930492,5.282197414930492,0.0,7.934218883514404,-0.0716438868705073,90,0.0,0.0,0.0,0.0,0.0,0.0,6.938893903907228e-18,6.938893903907228e-18,0.19333333333333336
chesca_commitment_full_mesh,534,7,6,3,4.465251048203138,4.6426597665251155,0.1774087183219777,7.934218883514404,-0.10154644973485409,90,0.0,3.0,0.0,6.938893903907228e-18,0.0,0.06000000000000001,0.0,0.0,0.17
chesca_commitment_full_mesh,535,8,6,6,3.726931817380652,3.9650877700712233,0.23815595269057122,7.934218883514404,-0.1973544765074092,90,0.0,6.0,0.0,0.0,0.0,0.12000000000000001,0.0,0.0,0.19000000000000003
chesca_commitment_full_mesh,536,9,6,4,3.211398675930833,3.351462950476909,0.14006427454607584,7.934218883514404,-0.22945672939893902,90,0.0,4.0,0.0,0.0,0.0,0.08,0.0,0.0,0.18666666666666665
chesca_commitment_full_mesh,537,10,6,6,2.221164616373821,2.566399805514577,0.3452351891407561,7.9866766929626465,-0.8216782770996996,90,0.0,6.0,0.0,0.0,0.0,0.14,0.0,0.0,0.19666666666666666
chesca_commitment_full_mesh,538,11,6,5,2.891053931311428,3.1107454990061187,0.2196915676946909,8.033564567565918,-0.5056735245442223,90,0.0,5.0,0.0,0.0,0.0,0.1,0.0,0.0,0.19999999999999998
chesca_commitment_full_mesh,539,12,6,0,3.56174230645893,3.5617423064589304,4.440892098500626e-16,8.033564567565918,0.025618028775477156,90,0.0,0.0,0.0,0.0,0.0,0.0,0.0,0.0,0.19666666666666668
chesca_commitment_full_mesh,540,13,6,4,5.593799470785046,5.235799470785047,-0.35799999999999965,8.033564567565918,0.10199339862501242,90,4.0,0.0,0.10000000000000002,0.0,0.10000000000000002,0.0,0.10000000000000002,0.04,0.21333333333333335
chesca_commitment_full_mesh,541,14,6,0,6.274671538233,6.274671538233,0.0,8.033564567565918,0.1502073222286588,90,0.0,0.0,0.0,0.0,0.0,0.0,0.10000000000000002,0.04,0.21333333333333335
chesca_commitment_full_mesh,542,15,6,4,6.868962348357289,7.1996700290675335,0.3307076807102449,8.0771484375,-0.18610902725159167,90,0.0,4.0,0.0,0.09999999999999999,0.0,0.12000000000000001,1.3877787807814457e-17,1.0408340855860843e-17,0.23333333333333336
chesca_commitment_full_mesh,543,16,6,1,8.245247761714179,8.245247761714179,0.0,8.158398628234863,0.06795428736186285,90,0.0,1.0,0.0,0.0,0.0,0.04000000000000001,1.3877787807814457e-17,1.0408340855860843e-17,0.22
chesca_commitment_full_mesh,544,17,6,5,10.634161384878887,9.890161384878887,-0.7439999999999998,8.158398628234863,0.9587376553508592,90,5.0,0.0,0.2,0.0,0.2,0.0,0.20000000000000004,0.04000000000000001,0.24666666666666667
chesca_commitment_full_mesh,545,18,6,1,11.224011832690811,11.15801183269081,-0.06600000000000072,8.220815658569336,1.0778125973147576,90,1.0,0.0,0.01999999999999999,0.0,0.01999999999999999,0.0,0.22000000000000003,0.04000000000000001,0.24666666666666667
chesca_commitment_full_mesh,546,19,6,1,13.714458765436445,13.648458765436446,-0.06599999999999895,8.249557495117188,1.5248582696585748,90,1.0,0.0,0.02,0.0,0.02,0.0,0.24000000000000005,0.06000000000000001,0.25
chesca_commitment_full_mesh,547,20,6,0,11.988070310058184,11.988070310058186,1.7763568394002505e-15,8.36038589477539,0.789311110348444,90,0.0,0.0,0.0,0.0,0.0,0.0,0.24000000000000005,0.06000000000000001,0.25
chesca_commitment_full_mesh,548,21,6,0,11.978153902604594,11.978153902604593,-1.7763568394002505e-15,8.477082252502441,0.8499203826253628,90,0.0,0.0,0.0,0.0,0.0,0.0,0.24000000000000005,0.06000000000000001,0.2366666666666667
chesca_commitment_full_mesh,549,22,6,0,9.836960294713691,9.836960294713691,0.0,8.57017993927002,0.1479485925648793,90,0.0,0.0,0.0,0.0,0.0,0.0,0.24000000000000005,0.06000000000000001,0.2366666666666667
chesca_commitment_full_mesh,550,23,6,0,9.820919576245588,9.820919576245588,0.0,8.625567436218262,0.29609223261263623,90,0.0,0.0,0.0,0.0,0.0,0.0,0.24000000000000005,0.06000000000000001,0.21666666666666667
chesca_commitment_full_mesh,551,24,6,6,9.990251326978164,10.800251326978165,0.8100000000000005,8.642547607421875,-0.07640918127620953,90,0.0,6.0,0.0,0.22000000000000003,0.0,0.22000000000000003,0.020000000000000004,0.020000000000000004,0.23333333333333336
chesca_commitment_full_mesh,552,1,6,3,11.057934499621965,10.817934499621963,-0.240000000000002,8.66541576385498,0.4029974889678658,90,3.0,0.0,0.06,0.0,0.06,0.0,0.08,0.020000000000000004,0.24333333333333337
chesca_commitment_full_mesh,553,2,6,4,8.634840266854953,8.940840266854952,0.30599999999999916,8.66541576385498,-0.034150012154630656,90,0.0,4.0,0.0,0.08,0.0,0.08000000000000002,0.0,0.0,0.23333333333333336
chesca_commitment_full_mesh,554,3,6,0,6.600570305183085,6.600570305183084,-8.881784197001252e-16,8.66541576385498,-0.2861762868471278,90,0.0,0.0,0.0,0.0,0.0,0.0,0.0,0.0,0.22666666666666668
chesca_commitment_full_mesh,555,4,6,0,7.709631334634793,7.709631334634793,0.0,8.66541576385498,0.008502308260496236,90,0.0,0.0,0.0,0.0,0.0,0.0,0.0,0.0,0.22666666666666668
chesca_commitment_full_mesh,556,5,6,6,6.129654504968904,6.779654504968905,0.6500000000000004,8.682171821594238,-1.021854116216192,90,0.0,6.0,0.0,0.0,0.0,0.18000000000000002,0.0,0.0,0.25666666666666665
chesca_commitment_full_mesh,557,6,6,0,5.762186188210331,5.762186188210331,0.0,8.682171821594238,-0.13426439156783737,90,0.0,0.0,0.0,0.0,0.0,0.0,0.0,0.0,0.25666666666666665
chesca_commitment_full_mesh,558,7,6,0,5.5512665310950675,5.5512665310950675,0.0,8.682171821594238,-0.015295933979105801,90,0.0,0.0,0.0,0.0,0.0,0.0,0.0,0.0,0.24666666666666667
chesca_commitment_full_mesh,559,8,6,0,4.961789181045405,4.961789181045404,-8.881784197001252e-16,8.682171821594238,-0.08606652100915661,90,0.0,0.0,0.0,0.0,0.0,0.0,0.0,0.0,0.22666666666666668
chesca_commitment_full_mesh,560,9,6,2,2.5048246836881423,2.6648246836881424,0.16000000000000014,8.682171821594238,-0.33036478902919575,90,0.0,2.0,0.0,0.0,0.0,0.04000000000000001,0.0,0.0,0.22
chesca_commitment_full_mesh,561,10,6,1,4.153526853726778,4.1535268537267775,-8.881784197001252e-16,8.682171821594238,0.04259052112672444,90,0.0,1.0,0.0,0.0,0.0,0.01999999999999999,0.0,0.0,0.19999999999999998
chesca_commitment_full_mesh,562,11,6,1,3.4303415877763332,3.5103415877763333,0.08000000000000007,8.682171821594238,-0.08024721469395407,90,0.0,1.0,0.0,0.0,0.0,0.02,0.0,0.0,0.18666666666666668
chesca_commitment_full_mesh,563,12,6,0,4.3574980651506205,4.35749806515062,-8.881784197001252e-16,8.682171821594238,-0.03529835615394252,90,0.0,0.0,0.0,0.0,0.0,0.0,0.0,0.0,0.18666666666666668
chesca_commitment_full_mesh,564,13,6,6,5.467016313312942,5.8457280082188445,0.3787116949059026,8.691380500793457,-0.3769610681012872,90,0.0,6.0,0.0,0.0,0.0,0.14,0.0,0.0,0.19333333333333336
chesca_commitment_full_mesh,565,14,6,5,5.429652995740459,5.643184722532077,0.2135317267916177,8.691380500793457,-0.18006276115138706,90,0.0,5.0,0.0,0.0,0.0,0.1,0.0,0.0,0.21
chesca_commitment_full_mesh,566,15,6,0,5.253527661247955,5.253527661247955,0.0,8.691380500793457,0.009535831770840128,90,0.0,0.0,0.0,0.0,0.0,0.0,0.0,0.0,0.19000000000000003
chesca_commitment_full_mesh,567,16,6,5,9.047966764229178,8.557966764229178,-0.4900000000000002,8.691380500793457,0.5582805406771879,90,5.0,0.0,0.14,0.0,0.14,0.0,0.14,0.04000000000000001,0.20666666666666667
chesca_commitment_full_mesh,568,17,6,1,11.882312622674647,11.722312622674647,-0.16000000000000014,8.691380500793457,0.6221169884135057,90,1.0,0.0,0.04000000000000001,0.0,0.04000000000000001,0.0,0.18000000000000005,0.04000000000000001,0.18000000000000002
chesca_commitment_full_mesh,569,18,6,4,12.274659885131669,11.72865988513167,-0.5459999999999994,8.691380500793457,1.1733129468261703,90,4.0,0.0,0.14,0.0,0.14,0.0,0.32000000000000006,0.08000000000000002,0.20000000000000004
chesca_commitment_full_mesh,570,19,6,4,14.668068992600482,14.258068992600482,-0.41000000000000014,8.691380500793457,1.7055477088049187,90,4.0,0.0,0.12000000000000002,0.0,0.12000000000000002,0.0,0.44000000000000006,0.08000000000000002,0.21666666666666667
chesca_commitment_full_mesh,571,20,6,0,13.67266243694914,13.67266243694914,0.0,8.691380500793457,1.269728484334051,90,0.0,0.0,0.0,0.0,0.0,0.0,0.44000000000000006,0.08000000000000002,0.21666666666666667
chesca_commitment_full_mesh,572,21,6,0,12.698903643693036,12.698903643693036,0.0,8.691380500793457,1.0154798479912281,90,0.0,0.0,0.0,0.0,0.0,0.0,0.44000000000000006,0.08000000000000002,0.21666666666666667
chesca_commitment_full_mesh,573,22,6,0,9.686489396674475,9.686489396674475,0.0,8.691380500793457,0.12173401439492162,90,0.0,0.0,0.0,0.0,0.0,0.0,0.44000000000000006,0.08000000000000002,0.21666666666666667
chesca_commitment_full_mesh,574,23,6,6,8.875096460538618,9.75109646053862,0.8760000000000012,8.693729400634766,-0.08256440115558453,90,0.0,6.0,0.0,0.24000000000000005,0.0,0.24000000000000005,0.2,0.04000000000000001,0.25666666666666665
chesca_commitment_full_mesh,575,24,6,0,10.366247919912773,10.366247919912773,0.0,8.693729400634766,0.5011749856054163,90,0.0,0.0,0.0,0.0,0.0,0.0,0.2,0.04000000000000001,0.22
chesca_commitment_full_mesh,576,1,6,0,10.010752146302375,10.010752146302375,0.0,8.693729400634766,0.28623010383607195,90,0.0,0.0,0.0,0.0,0.0,0.0,0.2,0.04000000000000001,0.21
chesca_commitment_full_mesh,577,2,6,0,9.52145881961366,9.52145881961366,0.0,8.693729400634766,0.1472957565122913,90,0.0,0.0,0.0,0.0,0.0,0.0,0.2,0.04000000000000001,0.19666666666666668
chesca_commitment_full_mesh,578,3,6,6,7.147375837734466,7.8773758377344665,0.7300000000000004,8.719748497009277,-0.18131446523007602,90,0.0,6.0,0.0,0.2,0.0,0.2,0.0,0.0,0.23
chesca_commitment_full_mesh,579,4,6,0,6.665228236119997,6.665228236119997,0.0,8.719748497009277,-0.17998389351975536,90,0.0,0.0,0.0,0.0,0.0,0.0,0.0,0.0,0.23
chesca_commitment_full_mesh,580,5,6,0,6.59741420637523,6.5974142063752295,-8.881784197001252e-16,8.719748497009277,-0.04170492185952484,90,0.0,0.0,0.0,0.0,0.0,0.0,0.0,0.0,0.20000000000000004
chesca_commitment_full_mesh,581,6,6,4,6.476142260262732,6.794487593102005,0.31834533283927335,8.719748497009277,-0.10505952466778015,90,0.0,4.0,0.0,0.0,0.0,0.1,0.0,0.0,0.21666666666666667
chesca_commitment_full_mesh,582,7,6,1,5.8462176236474,5.886729324104193,0.04051170045679342,8.719748497009277,-0.1597745649668269,90,0.0,1.0,0.0,0.0,0.0,0.02,0.0,0.0,0.22
chesca_commitment_full_mesh,583,8,6,0,4.498599423920493,4.498599423920493,0.0,8.719748497009277,-0.20443296447033144,90,0.0,0.0,0.0,0.0,0.0,0.0,0.0,0.0,0.22
chesca_commitment_full_mesh,584,9,6,0,3.5106260442238515,3.5106260442238515,0.0,8.719748497009277,-0.11318876992126142,90,0.0,0.0,0.0,0.0,0.0,0.0,0.0,0.0,0.21333333333333335
chesca_commitment_full_mesh,585,10,6,2,2.456605044064216,2.616605044064217,0.16000000000000103,8.719748497009277,-0.11181362997591954,90,0.0,2.0,0.0,0.0,0.0,0.04000000000000001,0.0,0.0,0.2166666666666667
chesca_commitment_full_mesh,586,11,6,1,1.7472757385193942,1.7850407248254883,0.03776498630609404,8.719748497009277,-0.22131916004271623,90,0.0,1.0,0.0,0.0,0.0,0.02,0.0,0.0,0.21666666666666667
chesca_commitment_full_mesh,587,12,6,1,3.128088893790268,3.0480888937902684,-0.07999999999999963,8.719748497009277,0.1278018243851296,90,1.0,0.0,0.020000000000000004,0.0,0.020000000000000004,0.0,0.020000000000000004,0.020000000000000004,0.22
chesca_commitment_full_mesh,588,13,6,0,4.619884273604485,4.619884273604485,0.0,8.719748497009277,0.13102531145463192,90,0.0,0.0,0.0,0.0,0.0,0.0,0.020000000000000004,0.020000000000000004,0.19666666666666668
chesca_commitment_full_mesh,589,14,6,5,4.773505203878889,4.34950520387889,-0.4239999999999986,8.719748497009277,0.11390847986680457,90,5.0,0.0,0.12,0.0,0.12,0.0,0.14,0.04,0.19999999999999998
chesca_commitment_full_mesh,590,15,6,0,5.749119435987293,5.749119435987293,0.0,8.719748497009277,0.13513720736383888,90,0.0,0.0,0.0,0.0,0.0,0.0,0.14,0.04,0.19999999999999998
chesca_commitment_full_mesh,591,16,6,3,7.714311436773817,7.474311436773816,-0.2400000000000002,8.719748497009277,0.5536559104786752,90,3.0,0.0,0.06000000000000001,0.0,0.06000000000000001,0.0,0.20000000000000004,0.04000000000000001,0.18666666666666668
chesca_commitment_full_mesh,592,17,6,0,8.941668144276484,8.941668144276484,0.0,8.719748497009277,0.40073078125965156,90,0.0,0.0,0.0,0.0,0.0,0.0,0.20000000000000004,0.04000000000000001,0.18000000000000002
chesca_commitment_full_mesh,593,18,6,2,10.528991626403752,10.26499162640375,-0.2640000000000011,8.756753921508789,0.7196554071583712,90,2.0,0.0,0.08000000000000002,0.0,0.08000000000000002,0.0,0.28,0.06000000000000001,0.17000000000000004
chesca_commitment_full_mesh,594,19,6,0,11.973663545412684,11.973663545412684,0.0,8.756753921508789,0.9577528978017678,90,0.0,0.0,0.0,0.0,0.0,0.0,0.28,0.06000000000000001,0.15000000000000002
chesca_commitment_full_mesh,595,20,6,0,11.721877404599509,11.721877404599509,0.0,8.756753921508789,0.7051826496100913,90,0.0,0.0,0.0,0.0,0.0,0.0,0.28,0.06000000000000001,0.15000000000000002
chesca_commitment_full_mesh,596,21,6,0,11.328259933986299,11.328259933986299,0.0,8.756753921508789,0.636111208704806,90,0.0,0.0,0.0,0.0,0.0,0.0,0.28,0.06000000000000001,0.15000000000000002
chesca_commitment_full_mesh,597,22,6,6,9.648912096013138,10.52491209601314,0.8760000000000012,8.756753921508789,-0.03265017321711504,90,0.0,6.0,0.0,0.24000000000000002,0.0,0.24000000000000002,0.040000000000000036,0.02000000000000001,0.19000000000000003
chesca_commitment_full_mesh,598,23,6,4,9.714626443111635,9.182626443111635,-0.532,8.91376781463623,0.2035626060907936,90,4.0,0.0,0.14,0.0,0.14,0.0,0.18000000000000005,0.04000000000000001,0.17333333333333334
chesca_commitment_full_mesh,599,24,6,0,10.148333108245758,10.14833310824576,1.7763568394002505e-15,8.846195220947266,0.3609227907346799,90,0.0,0.0,0.0,0.0,0.0,0.0,0.18000000000000005,0.04000000000000001,0.17333333333333334
chesca_commitment_full_mesh,600,1,6,6,8.796193796702992,9.672193796702992,0.8759999999999994,8.976393699645996,-0.16958317939351236,90,0.0,6.0,0.0,0.18000000000000005,0.0,0.24000000000000005,0.0,0.0,0.21333333333333335
chesca_commitment_full_mesh,601,2,6,2,8.163989057901489,8.295989057901489,0.13199999999999967,9.058305740356445,-0.23427096991387303,90,0.0,2.0,0.0,0.0,0.0,0.04000000000000001,0.0,0.0,0.22
chesca_commitment_full_mesh,602,3,6,0,7.37742053050517,7.377420530505171,8.881784197001252e-16,9.058305740356445,-0.20816274648897715,90,0.0,0.0,0.0,0.0,0.0,0.0,0.0,0.0,0.18666666666666668
chesca_commitment_full_mesh,603,4,6,6,6.681668721376418,7.411668721376419,0.7300000000000004,9.058305740356445,-0.1567198336674807,90,0.0,6.0,0.0,0.0,0.0,0.2,0.0,0.0,0.22
chesca_commitment_full_mesh,604,5,6,0,5.818026516813665,5.818026516813665,0.0,9.058305740356445,-0.20873726691055244,90,0.0,0.0,0.0,0.0,0.0,0.0,0.0,0.0,0.22
chesca_commitment_full_mesh,605,6,6,0,5.715430523593064,5.715430523593064,0.0,9.058305740356445,-0.077082819613715,90,0.0,0.0,0.0,0.0,0.0,0.0,0.0,0.0,0.20333333333333334
chesca_commitment_full_mesh,606,7,6,0,5.498123849065597,5.498123849065598,8.881784197001252e-16,9.058305740356445,-0.05267925734840024,90,0.0,0.0,0.0,0.0,0.0,0.0,0.0,0.0,0.19999999999999998
chesca_commitment_full_mesh,607,8,6,4,5.635442527995775,5.197442527995776,-0.4379999999999997,8.976393699645996,0.09742257036088042,90,4.0,0.0,0.12,0.0,0.12,0.0,0.12,0.04,0.22
chesca_commitment_full_mesh,608,9,6,5,5.274564921300579,5.750234158817086,0.4756692375165077,9.058305740356445,-0.37751532544883765,90,0.0,5.0,0.0,0.12,0.0,0.14,0.0,0.0,0.24333333333333332
chesca_commitment_full_mesh,609,10,6,0,2.2613244592317017,2.2613244592317017,0.0,9.058305740356445,-0.20454780831726202,90,0.0,0.0,0.0,0.0,0.0,0.0,0.0,0.0,0.2366666666666667
chesca_commitment_full_mesh,610,11,6,0,2.9964866029932478,2.996486602993248,4.440892098500626e-16,9.058305740356445,-0.09712083034161362,90,0.0,0.0,0.0,0.0,0.0,0.0,0.0,0.0,0.23333333333333336
chesca_commitment_full_mesh,611,12,6,1,5.447242505767408,5.381242505767409,-0.06599999999999895,9.058305740356445,0.1764476945036101,90,1.0,0.0,0.020000000000000004,0.0,0.020000000000000004,0.0,0.020000000000000004,0.020000000000000004,0.23333333333333336
chesca_commitment_full_mesh,612,13,6,3,5.340936657213713,5.532560973169135,0.19162431595542184,9.103745460510254,-0.7265942167508213,90,0.0,3.0,0.0,0.020000000000000004,0.0,0.060000000000000005,0.0,0.0,0.24333333333333337
chesca_commitment_full_mesh,613,14,6,0,3.8920338349107504,3.8920338349107504,0.0,9.103745460510254,0.06706237624951736,90,0.0,0.0,0.0,0.0,0.0,0.0,0.0,0.0,0.22333333333333336
chesca_commitment_full_mesh,614,15,6,0,6.435196966775012,6.435196966775013,8.881784197001252e-16,9.103745460510254,0.27526848708680984,90,0.0,0.0,0.0,0.0,0.0,0.0,0.0,0.0,0.22333333333333336
chesca_commitment_full_mesh,615,16,6,0,7.5757778023059394,7.5757778023059394,0.0,9.103745460510254,0.2476381802727578,90,0.0,0.0,0.0,0.0,0.0,0.0,0.0,0.0,0.21333333333333335
chesca_commitment_full_mesh,616,17,6,3,8.674091583402788,8.514091583402788,-0.16000000000000014,9.103745460510254,0.18709046053657064,90,2.0,1.0,0.039999999999999994,0.0,0.039999999999999994,0.04000000000000001,0.039999999999999994,0.020000000000000004,0.22666666666666668
chesca_commitment_full_mesh,617,18,6,6,11.723588104046883,11.073588104046884,-0.6499999999999986,9.058305740356445,0.9543074391978926,90,6.0,0.0,0.18000000000000002,0.0,0.18000000000000002,0.0,0.22,0.04000000000000001,0.24333333333333332
chesca_commitment_full_mesh,618,19,6,5,15.229482626497214,14.631482626497215,-0.597999999999999,9.058305740356445,1.9611297752483963,90,5.0,0.0,0.16000000000000003,0.0,0.16000000000000003,0.0,0.38,0.08,0.27
chesca_commitment_full_mesh,619,20,6,0,13.736114230130468,13.73611423013047,1.7763568394002505e-15,9.058305740356445,1.1424764308227928,90,0.0,0.0,0.0,0.0,0.0,0.0,0.38,0.08,0.27
chesca_commitment_full_mesh,620,21,6,0,11.276582394306047,11.276582394306045,-1.7763568394002505e-15,9.058305740356445,0.5016432542620279,90,0.0,0.0,0.0,0.0,0.0,0.0,0.38,0.08,0.27
chesca_commitment_full_mesh,621,22,6,6,8.67074259960516,9.546742599605162,0.8760000000000012,9.058305740356445,-0.16678077416424505,90,0.0,6.0,0.0,0.24000000000000002,0.0,0.24000000000000002,0.14,0.04,0.27
chesca_commitment_full_mesh,622,23,6,5,9.287702537760707,9.659702537760706,0.3719999999999999,9.103745460510254,-0.06483003324206615,90,0.0,5.0,0.0,0.10000000000000002,0.0,0.10000000000000002,0.04000000000000003,0.02,0.26333333333333336
chesca_commitment_full_mesh,623,24,6,0,9.83348958808056,9.833489588080559,-1.7763568394002505e-15,9.103745460510254,0.21989403172129648,90,0.0,0.0,0.0,0.0,0.0,0.0,0.04000000000000003,0.02,0.26333333333333336
chesca_commitment_full_mesh,624,1,6,0,9.398768665068424,9.398768665068424,0.0,9.103745460510254,0.002815861198155342,90,0.0,0.0,0.0,0.0,0.0,0.0,0.04000000000000003,0.02,0.22333333333333336
chesca_commitment_full_mesh,625,2,6,1,9.411652694672826,9.279652694672826,-0.13199999999999967,9.103745460510254,0.11373256456874531,90,1.0,0.0,0.04,0.0,0.04,0.0,0.08000000000000003,0.04000000000000001,0.22333333333333336
chesca_commitment_full_mesh,626,3,6,3,7.867818539491487,8.159818539491487,0.2920000000000007,9.103745460510254,-0.04417775252986288,90,0.0,3.0,0.0,0.07999999999999999,0.0,0.08000000000000002,3.122502256758253e-17,1.3877787807814457e-17,0.2366666666666667
chesca_commitment_full_mesh,627,4,6,0,6.926535181544501,6.9265351815445,-8.881784197001252e-16,9.103745460510254,0.004088274964235389,90,0.0,0.0,0.0,0.0,0.0,0.0,3.122502256758253e-17,1.3877787807814457e-17,0.20333333333333337
chesca_commitment_full_mesh,628,5,6,4,6.443192758547999,6.085192758548,-0.35799999999999965,9.103745460510254,0.11545349482507763,90,4.0,0.0,0.1,0.0,0.1,0.0,0.10000000000000003,0.04000000000000001,0.22
chesca_commitment_full_mesh,629,6,6,0,6.193882449945777,6.193882449945777,0.0,9.103745460510254,0.22880792023563443,90,0.0,0.0,0.0,0.0,0.0,0.0,0.10000000000000003,0.04000000000000001,0.22
chesca_commitment_full_mesh,630,7,6,0,5.006827017720834,5.006827017720834,0.0,9.103745460510254,0.17790375667267497,90,0.0,0.0,0.0,0.0,0.0,0.0,0.10000000000000003,0.04000000000000001,0.22
chesca_commitment_full_mesh,631,8,6,0,4.993139376175991,4.99313937617599,-8.881784197001252e-16,9.103745460510254,0.1918077026632425,90,0.0,0.0,0.0,0.0,0.0,0.0,0.10000000000000003,0.04000000000000001,0.19999999999999998
chesca_commitment_full_mesh,632,9,6,2,4.429687119069644,4.203687119069643,-0.22600000000000087,9.103745460510254,0.1417346900170629,90,2.0,0.0,0.06000000000000001,0.0,0.06000000000000001,0.0,0.16000000000000003,0.04000000000000002,0.18666666666666665
chesca_commitment_full_mesh,633,10,6,0,3.7649743559841453,3.7649743559841453,0.0,9.103745460510254,0.15246146867004512,90,0.0,0.0,0.0,0.0,0.0,0.0,0.16000000000000003,0.04000000000000002,0.18666666666666665
chesca_commitment_full_mesh,634,11,6,0,3.612478124074997,3.612478124074997,0.0,9.103745460510254,0.30532291208694406,90,0.0,0.0,0.0,0.0,0.0,0.0,0.16000000000000003,0.04000000000000002,0.18666666666666665
chesca_commitment_full_mesh,635,12,6,0,2.509564802719454,2.5095648027194546,4.440892098500626e-16,9.103745460510254,0.36566660236101645,90,0.0,0.0,0.0,0.0,0.0,0.0,0.16000000000000003,0.04000000000000002,0.18333333333333335
chesca_commitment_full_mesh,636,13,6,0,1.2556819608568919,1.2556819608568919,0.0,9.103745460510254,0.13259000161470758,90,0.0,0.0,0.0,0.0,0.0,0.0,0.16000000000000003,0.04000000000000002,0.17333333333333334
chesca_commitment_full_mesh,637,14,6,0,3.0055736754980806,3.0055736754980806,0.0,9.103745460510254,0.2768219082555804,90,0.0,0.0,0.0,0.0,0.0,0.0,0.16000000000000003,0.04000000000000002,0.17333333333333334
chesca_commitment_full_mesh,638,15,6,0,6.547027058551327,6.547027058551327,0.0,9.103745460510254,0.16251814893264835,90,0.0,0.0,0.0,0.0,0.0,0.0,0.16000000000000003,0.04000000000000002,0.17333333333333334
chesca_commitment_full_mesh,639,16,6,6,7.856176451235282,8.34593798542787,0.4897615341925885,9.13544750213623,0.011177693579623893,90,0.0,6.0,0.0,0.16000000000000003,0.0,0.16000000000000003,5.204170427930421e-17,2.0816681711721685e-17,0.19999999999999998
chesca_commitment_full_mesh,640,17,6,0,7.256635632408468,7.256635632408469,8.881784197001252e-16,9.103745460510254,0.03882380656066353,90,0.0,0.0,0.0,0.0,0.0,0.0,5.204170427930421e-17,2.0816681711721685e-17,0.18666666666666668
chesca_commitment_full_mesh,641,18,6,0,7.200371918950529,7.200371918950529,0.0,9.058305740356445,0.048799448773575047,90,0.0,0.0,0.0,0.0,0.0,0.0,5.204170427930421e-17,2.0816681711721685e-17,0.15666666666666668
chesca_commitment_full_mesh,642,19,6,6,8.587659788215,7.711659788215,-0.8759999999999994,8.976393699645996,0.19251994498880098,90,6.0,0.0,0.24000000000000005,0.0,0.24000000000000005,0.0,0.2400000000000001,0.04000000000000002,0.17
chesca_commitment_full_mesh,643,20,6,6,8.53236001880769,9.408360018807691,0.8760000000000012,8.976393699645996,-0.2578510008198967,90,0.0,6.0,0.0,0.24000000000000005,0.0,0.24000000000000005,6.245004513516506e-17,2.0816681711721685e-17,0.21000000000000005
chesca_commitment_full_mesh,644,21,6,0,7.370423697366564,7.370423697366564,0.0,8.976393699645996,-0.056971624344362065,90,0.0,0.0,0.0,0.0,0.0,0.0,6.245004513516506e-17,2.0816681711721685e-17,0.21000000000000005
chesca_commitment_full_mesh,645,22,6,3,7.499138483188944,7.791138483188944,0.2919999999999998,8.976393699645996,-0.186401447939479,90,0.0,3.0,0.0,2.0816681711721685e-17,0.0,0.08,4.163336342344337e-17,2.0816681711721685e-17,0.18333333333333335
chesca_commitment_full_mesh,646,23,6,6,7.719619168602131,6.909619168602131,-0.8100000000000005,8.895838737487793,0.08568946982261261,90,6.0,0.0,0.22000000000000003,0.0,0.22000000000000003,0.0,0.22000000000000006,0.04000000000000002,0.20333333333333334
chesca_commitment_full_mesh,647,24,6,0,8.734796901735294,8.734796901735296,1.7763568394002505e-15,8.830328941345215,0.17105770207096957,90,0.0,0.0,0.0,0.0,0.0,0.0,0.22000000000000006,0.04000000000000002,0.20333333333333334
chesca_commitment_full_mesh,648,1,6,0,7.482468971386517,7.482468971386517,0.0,8.735514640808105,0.07676266594651132,90,0.0,0.0,0.0,0.0,0.0,0.0,0.22000000000000006,0.04000000000000002,0.20333333333333334
chesca_commitment_full_mesh,649,2,6,0,7.920972604769885,7.920972604769886,8.881784197001252e-16,8.693729400634766,0.20185681054412627,90,0.0,0.0,0.0,0.0,0.0,0.0,0.22000000000000006,0.04000000000000002,0.19666666666666666
chesca_commitment_full_mesh,650,3,6,6,5.975608703369453,6.545608703369453,0.5700000000000003,8.691380500793457,-0.009268264830365774,90,0.0,6.0,0.0,0.16000000000000003,0.0,0.16000000000000003,0.060000000000000026,0.020000000000000018,0.21000000000000005
chesca_commitment_full_mesh,651,4,6,0,5.083901909312106,5.0839019093121065,8.881784197001252e-16,8.661280632019043,0.05639973938949583,90,0.0,0.0,0.0,0.0,0.0,0.0,0.060000000000000026,0.020000000000000018,0.21000000000000005
chesca_commitment_full_mesh,652,5,6,1,5.2032885571497385,5.071288557149738,-0.13200000000000056,8.661280632019043,0.1862522449616278,90,1.0,0.0,0.04,0.0,0.04,0.0,0.10000000000000003,0.04000000000000001,0.19999999999999998
chesca_commitment_full_mesh,653,6,6,1,5.474203745440558,5.4082037454405585,-0.06599999999999984,8.661280632019043,0.13292639655685934,90,1.0,0.0,0.02,0.0,0.02,0.0,0.12000000000000002,0.04000000000000001,0.20333333333333334
chesca_commitment_full_mesh,654,7,6,0,4.745405282254008,4.745405282254008,0.0,8.661280632019043,0.07205874755886926,90,0.0,0.0,0.0,0.0,0.0,0.0,0.12000000000000002,0.04000000000000001,0.20333333333333334
chesca_commitment_full_mesh,655,8,6,5,4.598428136478247,4.947961630222587,0.3495334937443406,8.661280632019043,-0.08168071470281721,90,0.0,5.0,0.0,0.12,0.0,0.14,2.42861286636753e-17,1.734723475976807e-17,0.22666666666666668
chesca_commitment_full_mesh,656,9,6,1,5.12898013598422,5.128980135984221,8.881784197001252e-16,8.661280632019043,0.031552572515298555,90,0.0,1.0,0.0,1.734723475976807e-17,0.0,0.04000000000000001,6.938893903907228e-18,6.938893903907228e-18,0.22333333333333336
chesca_commitment_full_mesh,657,10,6,1,4.015065749238826,4.060900285357767,0.045834536118940505,8.691380500793457,-0.48221405791889216,90,0.0,1.0,0.0,0.0,0.0,0.02,6.938893903907228e-18,6.938893903907228e-18,0.22666666666666668
chesca_commitment_full_mesh,658,11,6,0,3.9531883039203737,3.9531883039203732,-4.440892098500626e-16,8.691380500793457,0.15377243278335662,90,0.0,0.0,0.0,0.0,0.0,0.0,6.938893903907228e-18,6.938893903907228e-18,0.22666666666666668
chesca_commitment_full_mesh,659,12,6,0,2.8978342617774184,2.8978342617774184,0.0,8.691380500793457,0.0019806285061187145,90,0.0,0.0,0.0,0.0,0.0,0.0,6.938893903907228e-18,6.938893903907228e-18,0.22666666666666668
chesca_commitment_full_mesh,660,13,6,0,2.6269134262323695,2.6269134262323695,0.0,8.691380500793457,0.1360240159826573,90,0.0,0.0,0.0,0.0,0.0,0.0,6.938893903907228e-18,6.938893903907228e-18,0.22666666666666668
chesca_commitment_full_mesh,661,14,6,0,3.4102380858706836,3.410238085870683,-4.440892098500626e-16,8.691380500793457,0.09516753495930169,90,0.0,0.0,0.0,0.0,0.0,0.0,6.938893903907228e-18,6.938893903907228e-18,0.22666666666666668
chesca_commitment_full_mesh,662,15,6,0,2.6168194798453426,2.616819479845342,-4.440892098500626e-16,8.691380500793457,-0.09847443992499244,90,0.0,0.0,0.0,0.0,0.0,0.0,6.938893903907228e-18,6.938893903907228e-18,0.22666666666666668
chesca_commitment_full_mesh,663,16,6,4,3.7412791350135235,3.449279135013524,-0.29199999999999937,8.691380500793457,0.47320175132862025,90,4.0,0.0,0.08,0.0,0.08,0.0,0.08000000000000002,0.02,0.21333333333333335
chesca_commitment_full_mesh,664,17,6,2,6.07059329238164,5.9245932923816405,-0.1459999999999999,8.691380500793457,0.3400187788466007,90,2.0,0.0,0.04,0.0,0.04,0.0,0.12000000000000002,0.020000000000000007,0.22
chesca_commitment_full_mesh,665,18,6,0,7.224827209522581,7.224827209522581,0.0,8.661280632019043,0.40160317297187603,90,0.0,0.0,0.0,0.0,0.0,0.0,0.12000000000000002,0.020000000000000007,0.22
chesca_commitment_full_mesh,666,19,6,0,7.282156116425365,7.282156116425365,0.0,8.57068157196045,0.09356414365236217,90,0.0,0.0,0.0,0.0,0.0,0.0,0.12000000000000002,0.020000000000000007,0.17999999999999997
chesca_commitment_full_mesh,667,20,6,0,7.7182171540712154,7.7182171540712154,0.0,8.474225997924805,0.052805012191957205,90,0.0,0.0,0.0,0.0,0.0,0.0,0.12000000000000002,0.020000000000000007,0.14
chesca_commitment_full_mesh,668,21,6,6,7.680946825486335,8.084459106383994,0.403512280897659,8.331316947937012,0.013760937227408378,90,0.0,6.0,0.0,0.12000000000000001,0.0,0.12000000000000001,3.469446951953614e-18,3.469446951953614e-18,0.16
chesca_commitment_full_mesh,669,22,6,6,7.359177680798103,8.235177680798103,0.8759999999999994,8.331316947937012,-1.0984421340439359,90,0.0,6.0,0.0,3.469446951953614e-18,0.0,0.24000000000000002,0.0,0.0,0.18666666666666668
chesca_commitment_full_mesh,670,23,6,0,7.726092346948164,7.726092346948165,8.881784197001252e-16,8.331316947937012,-0.048051290693725116,90,0.0,0.0,0.0,0.0,0.0,0.0,0.0,0.0,0.15000000000000002
chesca_commitment_full_mesh,671,24,6,0,7.343093359500092,7.3430933595000925,8.881784197001252e-16,8.182066917419434,0.03425045304551992,90,0.0,0.0,0.0,0.0,0.0,0.0,0.0,0.0,0.15000000000000002
chesca_commitment_full_mesh,672,1,6,6,7.872176850195365,6.996176850195365,-0.8760000000000003,8.154685974121094,0.11592795112581011,90,6.0,0.0,0.24000000000000005,0.0,0.24000000000000005,0.0,0.24000000000000005,0.04000000000000001,0.19000000000000003
chesca_commitment_full_mesh,673,2,6,0,7.084562845432435,7.084562845432435,0.0,8.137093544006348,0.12619455203544303,90,0.0,0.0,0.0,0.0,0.0,0.0,0.24000000000000005,0.04000000000000001,0.19000000000000003
chesca_commitment_full_mesh,674,3,6,6,6.081366325844058,6.891366325844058,0.8100000000000005,8.137093544006348,-0.02285589022488141,90,0.0,6.0,0.0,0.22000000000000003,0.0,0.22000000000000003,0.020000000000000004,0.020000000000000004,0.20000000000000004
chesca_commitment_full_mesh,675,4,6,1,5.301843270781451,5.367843270781451,0.06599999999999984,8.137093544006348,0.006883264334985234,90,0.0,1.0,0.0,0.020000000000000004,0.0,0.020000000000000004,0.0,0.0,0.20333333333333337
chesca_commitment_full_mesh,676,5,6,4,5.032005799453589,4.674005799453591,-0.35799999999999876,8.137093544006348,0.12547243732481625,90,4.0,0.0,0.1,0.0,0.1,0.0,0.1,0.04,0.21333333333333335
chesca_commitment_full_mesh,677,6,6,1,4.820154403879276,4.7541544038792765,-0.06599999999999984,8.137093544006348,0.18534137320414018,90,1.0,0.0,0.02,0.0,0.02,0.0,0.12000000000000001,0.04,0.21333333333333335
chesca_commitment_full_mesh,678,7,6,0,4.900751023013373,4.900751023013374,8.881784197001252e-16,8.11874771118164,0.16878504934742775,90,0.0,0.0,0.0,0.0,0.0,0.0,0.12000000000000001,0.04,0.21333333333333335
chesca_commitment_full_mesh,679,8,6,1,6.37847542666488,6.37847542666488,0.0,8.11874771118164,0.2738301965691341,90,0.0,1.0,0.0,0.03999999999999998,0.0,0.03999999999999998,0.08000000000000003,0.02,0.19666666666666668
chesca_commitment_full_mesh,680,9,6,1,1.2919328816907365,1.2119328816907364,-0.08000000000000007,8.11874771118164,0.18551734618396434,90,1.0,0.0,0.02,0.0,0.02,0.0,0.10000000000000002,0.02,0.19333333333333336
chesca_commitment_full_mesh,681,10,6,5,0.9309557829863817,1.1786652218373614,0.24770943885097974,8.11874771118164,0.0314163375747232,90,0.0,5.0,0.0,0.1,0.0,0.1,2.0816681711721685e-17,2.0816681711721685e-17,0.20666666666666667
chesca_commitment_full_mesh,682,11,6,0,1.611107117424821,1.611107117424821,0.0,8.11874771118164,0.06770118328290928,90,0.0,0.0,0.0,0.0,0.0,0.0,2.0816681711721685e-17,2.0816681711721685e-17,0.20666666666666667
chesca_commitment_full_mesh,683,12,6,5,1.0686352544742272,0.6966352544742274,-0.3719999999999999,8.11874771118164,0.2253199362406229,90,5.0,0.0,0.1,0.0,0.1,0.0,0.10000000000000002,0.02,0.22333333333333336
chesca_commitment_full_mesh,684,13,6,0,3.96974969608221,3.96974969608221,0.0,8.11874771118164,0.3903830971805434,90,0.0,0.0,0.0,0.0,0.0,0.0,0.10000000000000002,0.02,0.22333333333333336
chesca_commitment_full_mesh,685,14,6,5,4.092640716601778,4.369331156643074,0.27669044004129617,8.11874771118164,-0.025730708049702684,90,0.0,5.0,0.0,0.1,0.0,0.1,2.0816681711721685e-17,2.0816681711721685e-17,0.24000000000000002
chesca_commitment_full_mesh,686,15,6,0,6.204333447373015,6.204333447373015,0.0,8.11874771118164,0.07650919109529053,90,0.0,0.0,0.0,0.0,0.0,0.0,2.0816681711721685e-17,2.0816681711721685e-17,0.24000000000000002
chesca_commitment_full_mesh,687,16,6,0,6.673092171052212,6.673092171052211,-8.881784197001252e-16,8.11874771118164,0.42498995296127323,90,0.0,0.0,0.0,0.0,0.0,0.0,2.0816681711721685e-17,2.0816681711721685e-17,0.22666666666666668
chesca_commitment_full_mesh,688,17,6,4,7.524480489195005,7.232480489195005,-0.2919999999999998,8.11874771118164,0.4567810634456214,90,4.0,0.0,0.08000000000000002,0.0,0.08000000000000002,0.0,0.08000000000000003,0.020000000000000025,0.23333333333333336
chesca_commitment_full_mesh,689,18,6,1,7.428981998465868,7.348981998465867,-0.08000000000000096,8.11874771118164,0.3398713120384257,90,1.0,0.0,0.02,0.0,0.02,0.0,0.10000000000000003,0.020000000000000025,0.2366666666666667
chesca_commitment_full_mesh,690,19,6,5,8.844431889549679,9.216431889549678,0.3719999999999999,8.137093544006348,-0.09372175674335968,90,0.0,5.0,0.0,0.1,0.0,0.10000000000000002,2.42861286636753e-17,2.42861286636753e-17,0.25333333333333335
chesca_commitment_full_mesh,691,20,6,0,8.351903405192411,8.351903405192411,0.0,8.137093544006348,0.23801792120275825,90,0.0,0.0,0.0,0.0,0.0,0.0,2.42861286636753e-17,2.42861286636753e-17,0.25333333333333335
chesca_commitment_full_mesh,692,21,6,0,8.602785597388587,8.602785597388587,0.0,8.154685974121094,0.14190918157601207,90,0.0,0.0,0.0,0.0,0.0,0.0,2.42861286636753e-17,2.42861286636753e-17,0.23333333333333336
chesca_commitment_full_mesh,693,22,6,1,7.892122789152327,7.826122789152328,-0.06599999999999895,8.154685974121094,0.1807335154178008,90,1.0,0.0,0.02,0.0,0.02,0.0,0.020000000000000025,0.02,0.19666666666666666
chesca_commitment_full_mesh,694,23,6,5,7.92061091587696,7.548610915876958,-0.37200000000000166,8.154685974121094,0.11067936425860377,90,5.0,0.0,0.10000000000000002,0.0,0.10000000000000002,0.0,0.12000000000000005,0.020000000000000028,0.21333333333333335
chesca_commitment_full_mesh,695,24,6,0,7.24812477086694,7.248124770866939,-8.881784197001252e-16,8.154685974121094,0.053674808231018924,90,0.0,0.0,0.0,0.0,0.0,0.0,0.12000000000000005,0.020000000000000028,0.21333333333333335
chesca_commitment_full_mesh,696,1,6,0,7.653607821721364,7.653607821721364,0.0,8.154685974121094,0.04614899108997356,90,0.0,0.0,0.0,0.0,0.0,0.0,0.12000000000000005,0.020000000000000028,0.1733333333333333
chesca_commitment_full_mesh,697,2,6,6,6.617873475769134,7.021431402987486,0.40355792721835204,8.154685974121094,-0.007617265177543506,90,0.0,6.0,0.0,0.12000000000000002,0.0,0.12000000000000002,2.7755575615628914e-17,2.42861286636753e-17,0.19333333333333333
chesca_commitment_full_mesh,698,3,6,0,5.575708205734868,5.575708205734869,8.881784197001252e-16,8.154685974121094,-0.06222205222610936,90,0.0,0.0,0.0,0.0,0.0,0.0,2.7755575615628914e-17,2.42861286636753e-17,0.15666666666666668
chesca_commitment_full_mesh,699,4,6,0,4.79504188426822,4.79504188426822,0.0,8.154685974121094,-0.026334123611958214,90,0.0,0.0,0.0,0.0,0.0,0.0,2.7755575615628914e-17,2.42861286636753e-17,0.15333333333333335
chesca_commitment_full_mesh,700,5,6,0,4.868639218093159,4.868639218093159,0.0,8.154685974121094,0.07124421415026,90,0.0,0.0,0.0,0.0,0.0,0.0,2.7755575615628914e-17,2.42861286636753e-17,0.1366666666666667
chesca_commitment_full_mesh,701,6,6,6,5.105075913338356,4.229075913338356,-0.8760000000000003,8.154685974121094,0.12912479163658075,90,6.0,0.0,0.24000000000000002,0.0,0.24000000000000002,0.0,0.24000000000000005,0.04000000000000002,0.17333333333333334
chesca_commitment_full_mesh,702,7,6,0,4.279556309587871,4.279556309587872,8.881784197001252e-16,8.154685974121094,0.1985937243320811,90,0.0,0.0,0.0,0.0,0.0,0.0,0.24000000000000005,0.04000000000000002,0.17333333333333334
chesca_commitment_full_mesh,703,8,6,6,3.1526121688771713,3.5027233473663846,0.35011117848921325,8.154685974121094,0.02303657237853149,90,0.0,6.0,0.0,0.22000000000000003,0.0,0.22000000000000003,0.020000000000000028,0.020000000000000007,0.20333333333333337
chesca_commitment_full_mesh,704,9,6,1,3.270965298395787,3.3114677330396196,0.04050243464383252,8.154685974121094,-0.013223212107900922,90,0.0,1.0,0.0,0.02,0.0,0.02,2.7755575615628914e-17,2.0816681711721685e-17,0.20333333333333337
chesca_commitment_full_mesh,705,10,6,0,2.116295956466086,2.1162959564660855,-4.440892098500626e-16,8.137093544006348,-0.03781523149012715,90,0.0,0.0,0.0,0.0,0.0,0.0,2.7755575615628914e-17,2.0816681711721685e-17,0.18666666666666668
chesca_commitment_full_mesh,706,11,6,0,3.3956743851817897,3.39567438518179,4.440892098500626e-16,8.137093544006348,-0.046462538617086435,90,0.0,0.0,0.0,0.0,0.0,0.0,2.7755575615628914e-17,2.0816681711721685e-17,0.18666666666666668
chesca_commitment_full_mesh,707,12,6,6,2.9972534173069327,2.4272534173069324,-0.5700000000000003,8.137093544006348,0.08648525990651565,90,6.0,0.0,0.15999999999999998,0.0,0.15999999999999998,0.0,0.16000000000000003,0.04000000000000002,0.19666666666666666
chesca_commitment_full_mesh,708,13,6,0,4.6294461509927585,4.629446150992759,8.881784197001252e-16,8.137093544006348,0.27253662771541604,90,0.0,0.0,0.0,0.0,0.0,0.0,0.16000000000000003,0.04000000000000002,0.19666666666666666
chesca_commitment_full_mesh,709,14,6,6,4.656631873381205,5.038034037884756,0.3814021645035517,8.137093544006348,-0.02434029572773832,90,0.0,6.0,0.0,0.16,0.0,0.16,2.42861286636753e-17,2.0816681711721685e-17,0.20666666666666667
chesca_commitment_full_mesh,710,15,6,0,5.00288971144201,5.002889711442011,8.881784197001252e-16,8.10974407196045,0.04157056678137373,90,0.0,0.0,0.0,0.0,0.0,0.0,2.42861286636753e-17,2.0816681711721685e-17,0.20666666666666667
chesca_commitment_full_mesh,711,16,6,5,7.570794555616212,7.198794555616212,-0.3719999999999999,8.073143005371094,0.3589087088666064,90,5.0,0.0,0.10000000000000002,0.0,0.10000000000000002,0.0,0.10000000000000005,0.020000000000000007,0.22333333333333336
chesca_commitment_full_mesh,712,17,6,0,8.37218421870599,8.37218421870599,0.0,8.073143005371094,0.6418877588711599,90,0.0,0.0,0.0,0.0,0.0,0.0,0.10000000000000005,0.020000000000000007,0.21
chesca_commitment_full_mesh,713,18,6,5,9.55699232971973,9.18499232971973,-0.3719999999999999,7.9430036544799805,0.8244453779469396,90,5.0,0.0,0.09999999999999998,0.0,0.09999999999999998,0.0,0.2,0.04000000000000001,0.22333333333333336
chesca_commitment_full_mesh,714,19,6,1,11.13424034076806,11.068240340768059,-0.06600000000000072,7.858764171600342,1.151004493648252,90,1.0,0.0,0.01999999999999999,0.0,0.01999999999999999,0.0,0.21999999999999997,0.04000000000000001,0.21
chesca_commitment_full_mesh,715,20,6,0,10.403429305195539,10.403429305195537,-1.7763568394002505e-15,7.858764171600342,0.7067392325872836,90,0.0,0.0,0.0,0.0,0.0,0.0,0.21999999999999997,0.04000000000000001,0.21
chesca_commitment_full_mesh,716,21,6,0,10.290442007026734,10.290442007026732,-1.7763568394002505e-15,7.858764171600342,0.654804882920692,90,0.0,0.0,0.0,0.0,0.0,0.0,0.21999999999999997,0.04000000000000001,0.21
chesca_commitment_full_mesh,717,22,6,0,9.167997291885046,9.167997291885046,0.0,7.858764171600342,0.2721881082948853,90,0.0,0.0,0.0,0.0,0.0,0.0,0.21999999999999997,0.04000000000000001,0.20666666666666667
chesca_commitment_full_mesh,718,23,6,0,8.202318522599864,8.202318522599864,0.0,7.7847185134887695,0.27434510818072994,90,0.0,0.0,0.0,0.0,0.0,0.0,0.21999999999999997,0.04000000000000001,0.18999999999999997
chesca_commitment_full_mesh,719,24,6,1,9.991246065670275,9.925246065670274,-0.06600000000000072,7.765199661254883,0.8210817077937532,90,1.0,0.0,0.020000000000000004,0.0,0.020000000000000004,0.0,0.24,0.04000000000000003,0.19333333333333333
chesca_commitment_full_mesh,720,1,6,0,9.013186671899097,9.013186671899097,0.0,7.765199661254883,0.28773286599183845,90,0.0,0.0,0.0,0.0,0.0,0.0,0.24,0.04000000000000003,0.19333333333333333
chesca_commitment_full_mesh,721,2,6,0,9.305215399402702,9.305215399402702,0.0,7.765199661254883,0.4546102107001048,90,0.0,0.0,0.0,0.0,0.0,0.0,0.24,0.04000000000000003,0.1733333333333333
chesca_commitment_full_mesh,722,3,6,6,7.003975415932308,7.879975415932308,0.8760000000000003,7.765199661254883,-0.12501221543321794,90,0.0,6.0,0.0,0.24,0.0,0.24000000000000005,2.0816681711721685e-17,2.0816681711721685e-17,0.21333333333333335
chesca_commitment_full_mesh,723,4,6,4,6.088054862175788,6.394054862175787,0.30599999999999916,7.765199661254883,-0.129707250781012,90,0.0,4.0,0.0,0.0,0.0,0.08000000000000002,2.0816681711721685e-17,2.0816681711721685e-17,0.22666666666666668
chesca_commitment_full_mesh,724,5,6,0,5.612859317148653,5.612859317148653,0.0,7.763659954071045,-0.07094633716503879,90,0.0,0.0,0.0,0.0,0.0,0.0,2.0816681711721685e-17,2.0816681711721685e-17,0.22666666666666668
chesca_commitment_full_mesh,725,6,6,0,5.196689779140901,5.196689779140901,0.0,7.763659954071045,-0.007069222535993194,90,0.0,0.0,0.0,0.0,0.0,0.0,2.0816681711721685e-17,2.0816681711721685e-17,0.18666666666666665
chesca_commitment_full_mesh,726,7,6,6,4.9979849660568565,4.253984966056857,-0.7439999999999998,7.763659954071045,0.09069748577724765,90,6.0,0.0,0.2,0.0,0.2,0.0,0.20000000000000004,0.04,0.22
chesca_commitment_full_mesh,727,8,6,0,4.648603094846969,4.648603094846969,0.0,7.763659954071045,0.09544634265683133,90,0.0,0.0,0.0,0.0,0.0,0.0,0.20000000000000004,0.04,0.18333333333333335
chesca_commitment_full_mesh,728,9,6,6,2.929753793670602,3.600028712043922,0.6702749183733201,7.763659954071045,-0.18423808264452812,90,0.0,6.0,0.0,0.2,0.0,0.22000000000000003,2.0816681711721685e-17,2.0816681711721685e-17,0.21666666666666667
chesca_commitment_full_mesh,729,10,6,1,1.7731138787121434,1.8065716970327712,0.033457818320627775,7.763659954071045,-0.17486587975897194,90,0.0,1.0,0.0,2.0816681711721685e-17,0.0,0.02,0.0,0.0,0.22
chesca_commitment_full_mesh,730,11,6,0,2.010008175554847,2.010008175554847,0.0,7.763659954071045,0.04168346033824272,90,0.0,0.0,0.0,0.0,0.0,0.0,0.0,0.0,0.22
chesca_commitment_full_mesh,731,12,6,0,2.7949946454460903,2.7949946454460903,0.0,7.763659954071045,0.11778477475343112,90,0.0,0.0,0.0,0.0,0.0,0.0,0.0,0.0,0.19333333333333336
chesca_commitment_full_mesh,732,13,6,6,4.166955402116127,3.5969554021161274,-0.5699999999999994,7.753105163574219,0.10256637178873676,90,6.0,0.0,0.16000000000000003,0.0,0.16000000000000003,0.0,0.16000000000000003,0.04,0.22
chesca_commitment_full_mesh,733,14,6,0,7.005330873537064,7.005330873537064,0.0,7.753105163574219,0.4006187606247014,90,0.0,0.0,0.0,0.0,0.0,0.0,0.16000000000000003,0.04,0.19333333333333336
chesca_commitment_full_mesh,734,15,6,0,7.544146717625859,7.544146717625859,0.0,7.753105163574219,0.11248805892266237,90,0.0,0.0,0.0,0.0,0.0,0.0,0.16000000000000003,0.04,0.19333333333333336
chesca_commitment_full_mesh,735,16,6,0,9.598046679524467,9.598046679524467,0.0,7.763659954071045,0.4676425850970135,90,0.0,0.0,0.0,0.0,0.0,0.0,0.16000000000000003,0.04,0.17666666666666667
chesca_commitment_full_mesh,736,17,6,6,11.736689257729338,10.860689257729339,-0.8759999999999994,7.753105163574219,1.5271641959453504,90,6.0,0.0,0.24000000000000005,0.0,0.24000000000000005,0.0,0.4,0.08000000000000002,0.21666666666666667
chesca_commitment_full_mesh,737,18,6,3,12.45556705975063,12.21556705975063,-0.2400000000000002,7.753105163574219,1.803184636301829,90,3.0,0.0,0.06,0.0,0.06,0.0,0.4600000000000001,0.08000000000000002,0.21
chesca_commitment_full_mesh,738,19,6,1,13.85328973015983,13.787289730159829,-0.06600000000000072,7.753105163574219,1.9923933847767115,90,1.0,0.0,0.02,0.0,0.02,0.0,0.4800000000000001,0.08000000000000002,0.21
chesca_commitment_full_mesh,739,20,6,0,13.589434210603706,13.589434210603704,-1.7763568394002505e-15,7.753105163574219,1.6536913756273666,90,0.0,0.0,0.0,0.0,0.0,0.0,0.4800000000000001,0.08000000000000002,0.21
chesca_commitment_full_mesh,740,21,6,0,12.669303857608693,12.669303857608694,1.7763568394002505e-15,7.753105163574219,1.5077329708536993,90,0.0,0.0,0.0,0.0,0.0,0.0,0.4800000000000001,0.08000000000000002,0.21
chesca_commitment_full_mesh,741,22,6,0,10.305765183434222,10.305765183434222,0.0,7.753105163574219,0.38024276898199766,90,0.0,0.0,0.0,0.0,0.0,0.0,0.4800000000000001,0.08000000000000002,0.21
chesca_commitment_full_mesh,742,23,6,0,11.00476246241748,11.004762462417478,-1.7763568394002505e-15,7.7352070808410645,1.2519678778491774,90,0.0,0.0,0.0,0.0,0.0,0.0,0.4800000000000001,0.08000000000000002,0.21
chesca_commitment_full_mesh,743,24,6,0,9.861289418118668,9.861289418118668,0.0,7.7352070808410645,0.55358053987352,90,0.0,0.0,0.0,0.0,0.0,0.0,0.4800000000000001,0.08000000000000002,0.2066666666666667
chesca_commitment_full_mesh,744,1,6,0,10.090260211353465,10.090260211353465,0.0,7.7352070808410645,0.698855462227877,90,0.0,0.0,0.0,0.0,0.0,0.0,0.4800000000000001,0.08000000000000002,0.2066666666666667
chesca_commitment_full_mesh,745,2,6,0,9.533429774581819,9.533429774581819,0.0,7.7352070808410645,0.41738707777278894,90,0.0,0.0,0.0,0.0,0.0,0.0,0.4800000000000001,0.08000000000000002,0.2066666666666667
chesca_commitment_full_mesh,746,3,6,0,8.76731027388541,8.76731027388541,0.0,7.7352070808410645,0.22358933750005583,90,0.0,0.0,0.0,0.0,0.0,0.0,0.4800000000000001,0.08000000000000002,0.16666666666666666
chesca_commitment_full_mesh,747,4,6,0,8.340122269365743,8.340122269365743,0.0,7.7352070808410645,0.06000219224927797,90,0.0,0.0,0.0,0.0,0.0,0.0,0.4800000000000001,0.08000000000000002,0.15333333333333335
chesca_commitment_full_mesh,748,5,6,6,6.591568469637503,7.467568469637502,0.8759999999999994,7.753105163574219,-0.14829122837420283,90,0.0,6.0,0.0,0.24000000000000005,0.0,0.24000000000000005,0.24000000000000002,0.040000000000000015,0.19333333333333336
chesca_commitment_full_mesh,749,6,6,6,5.669231062564288,6.3806260072754535,0.7113949447111656,7.753105163574219,-0.047219758309058224,90,0.0,6.0,0.0,0.24000000000000002,0.0,0.24000000000000005,2.0816681711721685e-17,6.938893903907228e-18,0.2333333333333333
chesca_commitment_full_mesh,750,7,6,0,5.358351444384318,5.3583514443843185,8.881784197001252e-16,7.753105163574219,-0.18994319312456634,90,0.0,0.0,0.0,0.0,0.0,0.0,2.0816681711721685e-17,6.938893903907228e-18,0.19999999999999998
chesca_commitment_full_mesh,751,8,6,0,4.539352186201947,4.539352186201947,0.0,7.753105163574219,-0.0036403580882748213,90,0.0,0.0,0.0,0.0,0.0,0.0,2.0816681711721685e-17,6.938893903907228e-18,0.19999999999999998
chesca_commitment_full_mesh,752,9,6,0,3.8184598347922187,3.818459834792219,4.440892098500626e-16,7.753105163574219,-0.005035370084805278,90,0.0,0.0,0.0,0.0,0.0,0.0,2.0816681711721685e-17,6.938893903907228e-18,0.16333333333333336
chesca_commitment_full_mesh,753,10,6,0,3.2135913129743576,3.2135913129743576,0.0,7.753105163574219,-0.026717634815556338,90,0.0,0.0,0.0,0.0,0.0,0.0,2.0816681711721685e-17,6.938893903907228e-18,0.16000000000000003
chesca_commitment_full_mesh,754,11,6,0,2.4966441983953462,2.4966441983953462,0.0,7.753105163574219,0.028554164705415528,90,0.0,0.0,0.0,0.0,0.0,0.0,2.0816681711721685e-17,6.938893903907228e-18,0.16000000000000003
chesca_commitment_full_mesh,755,12,6,6,4.0942795393223275,3.2182795393223276,-0.8759999999999999,7.753105163574219,0.19958043771576955,90,6.0,0.0,0.24000000000000005,0.0,0.24000000000000005,0.0,0.24000000000000005,0.040000000000000015,0.19999999999999998
chesca_commitment_full_mesh,756,13,6,0,5.062622398586196,5.062622398586196,0.0,7.753105163574219,0.32685326705650486,90,0.0,0.0,0.0,0.0,0.0,0.0,0.24000000000000005,0.040000000000000015,0.17333333333333334
chesca_commitment_full_mesh,757,14,6,0,6.408737310042472,6.408737310042472,0.0,7.753105163574219,0.10162862750219888,90,0.0,0.0,0.0,0.0,0.0,0.0,0.24000000000000005,0.040000000000000015,0.17333333333333334
chesca_commitment_full_mesh,758,15,6,0,7.15881433297107,7.15881433297107,0.0,7.753105163574219,0.10047863998667247,90,0.0,0.0,0.0,0.0,0.0,0.0,0.24000000000000005,0.040000000000000015,0.17333333333333334
chesca_commitment_full_mesh,759,16,6,0,9.10973727836097,9.109737278360969,-1.7763568394002505e-15,7.753105163574219,0.8306095034554398,90,0.0,0.0,0.0,0.0,0.0,0.0,0.24000000000000005,0.040000000000000015,0.17333333333333334
chesca_commitment_full_mesh,760,17,6,6,13.218690859233854,12.501919541751858,-0.7167713174819959,7.753105163574219,1.9638740879817145,90,5.0,1.0,0.20000000000000004,0.03999999999999998,0.20000000000000004,0.03999999999999998,0.4000000000000001,0.08000000000000002,0.17333333333333334
chesca_commitment_full_mesh,761,18,6,1,9.861413551890934,9.729413551890936,-0.1319999999999979,7.753105163574219,0.3503745364511308,90,1.0,0.0,0.04000000000000001,0.0,0.04000000000000001,0.0,0.4400000000000001,0.08000000000000002,0.17000000000000004
chesca_commitment_full_mesh,762,19,6,1,13.17668013409137,13.11068013409137,-0.06600000000000072,7.753105163574219,1.333740643961056,90,1.0,0.0,0.020000000000000004,0.0,0.020000000000000004,0.0,0.46000000000000013,0.08000000000000002,0.17
chesca_commitment_full_mesh,763,20,6,0,11.70230295411495,11.70230295411495,0.0,7.753105163574219,1.0083887517462735,90,0.0,0.0,0.0,0.0,0.0,0.0,0.46000000000000013,0.08000000000000002,0.17
chesca_commitment_full_mesh,764,21,6,0,12.090653595113235,12.090653595113235,0.0,7.753105163574219,1.1171445718779531,90,0.0,0.0,0.0,0.0,0.0,0.0,0.46000000000000013,0.08000000000000002,0.17
chesca_commitment_full_mesh,765,22,6,0,10.668973944327758,10.668973944327758,0.0,7.753105163574219,0.7040054711878537,90,0.0,0.0,0.0,0.0,0.0,0.0,0.46000000000000013,0.08000000000000002,0.17
chesca_commitment_full_mesh,766,23,6,0,9.53132854822085,9.53132854822085,0.0,7.753105163574219,0.5731625832980568,90,0.0,0.0,0.0,0.0,0.0,0.0,0.46000000000000013,0.08000000000000002,0.17
chesca_commitment_full_mesh,767,24,6,0,10.894632631915282,10.894632631915282,0.0,7.753105163574219,1.0280516663673713,90,0.0,0.0,0.0,0.0,0.0,0.0,0.46000000000000013,0.08000000000000002,0.17
chesca_commitment_full_mesh,768,1,6,0,10.306717470561322,10.306717470561322,0.0,7.753105163574219,0.6639944778227332,90,0.0,0.0,0.0,0.0,0.0,0.0,0.46000000000000013,0.08000000000000002,0.17
chesca_commitment_full_mesh,769,2,6,0,9.24979379404094,9.24979379404094,0.0,7.753105163574219,0.33716120678553874,90,0.0,0.0,0.0,0.0,0.0,0.0,0.46000000000000013,0.08000000000000002,0.17
chesca_commitment_full_mesh,770,3,6,0,9.368262328277172,9.368262328277172,0.0,7.753105163574219,0.4128754158318667,90,0.0,0.0,0.0,0.0,0.0,0.0,0.46000000000000013,0.08000000000000002,0.17
chesca_commitment_full_mesh,771,4,6,6,7.767559900948704,8.643559900948706,0.8760000000000012,7.763659954071045,-0.14187163408072093,90,0.0,6.0,0.0,0.24000000000000005,0.0,0.24000000000000005,0.22000000000000008,0.04000000000000001,0.21
chesca_commitment_full_mesh,772,5,6,6,6.135304926925455,6.945304926925456,0.8100000000000005,7.784711837768555,-0.08852396806393324,90,0.0,6.0,0.0,0.22000000000000003,0.0,0.22000000000000003,4.85722573273506e-17,2.7755575615628914e-17,0.20666666666666667
chesca_commitment_full_mesh,773,6,6,0,6.172107602049677,6.172107602049676,-8.881784197001252e-16,7.784711837768555,-0.003135711306453487,90,0.0,0.0,0.0,0.0,0.0,0.0,4.85722573273506e-17,2.7755575615628914e-17,0.1666666666666667
chesca_commitment_full_mesh,774,7,6,3,5.652831886922189,5.1728318869221885,-0.4800000000000004,7.784711837768555,0.08140372610724392,90,3.0,0.0,0.12,0.0,0.12,0.0,0.12000000000000005,0.04000000000000001,0.18666666666666668
chesca_commitment_full_mesh,775,8,6,3,5.970571603987023,5.640571603987023,-0.33000000000000007,7.784711837768555,0.08897741634897176,90,3.0,0.0,0.1,0.0,0.1,0.0,0.22000000000000008,0.040000000000000015,0.20333333333333334
chesca_commitment_full_mesh,776,9,6,6,3.4736048719688504,3.9335206705477055,0.4599157985788551,7.763659954071045,-0.009110650801837025,90,0.0,6.0,0.0,0.18000000000000002,0.0,0.18000000000000002,0.04000000000000006,0.020000000000000004,0.23333333333333336
chesca_commitment_full_mesh,777,10,6,0,3.8194775796840243,3.8194775796840243,0.0,7.763659954071045,0.03456700774793546,90,0.0,0.0,0.0,0.0,0.0,0.0,0.04000000000000006,0.020000000000000004,0.23333333333333336
chesca_commitment_full_mesh,778,11,6,0,3.876778649377708,3.876778649377708,0.0,7.763659954071045,0.046101246322223406,90,0.0,0.0,0.0,0.0,0.0,0.0,0.04000000000000006,0.020000000000000004,0.23333333333333336
chesca_commitment_full_mesh,779,12,6,0,4.195259382748532,4.195259382748532,0.0,7.763659954071045,0.02901643832086297,90,0.0,0.0,0.0,0.0,0.0,0.0,0.04000000000000006,0.020000000000000004,0.19333333333333333
chesca_commitment_full_mesh,780,13,6,1,6.355638626204767,6.275638626204768,-0.07999999999999918,7.753105163574219,0.07809985034608653,90,1.0,0.0,0.02,0.0,0.02,0.0,0.06000000000000006,0.020000000000000007,0.19666666666666666
chesca_commitment_full_mesh,781,14,6,6,6.625620789979754,6.973523259007881,0.34790246902812694,7.763659954071045,-0.11871772107397001,90,0.0,6.0,0.0,0.06000000000000005,0.0,0.12000000000000001,6.938893903907228e-18,3.469446951953614e-18,0.21666666666666667
chesca_commitment_full_mesh,782,15,6,0,6.405467923708855,6.405467923708856,8.881784197001252e-16,7.763659954071045,-0.028726213850582483,90,0.0,0.0,0.0,0.0,0.0,0.0,6.938893903907228e-18,3.469446951953614e-18,0.21666666666666667
chesca_commitment_full_mesh,783,16,6,2,6.770182770629881,6.610182770629881,-0.16000000000000014,7.763659954071045,0.1659282516910058,90,2.0,0.0,0.04000000000000001,0.0,0.04000000000000001,0.0,0.04000000000000001,0.020000000000000007,0.22333333333333336
chesca_commitment_full_mesh,784,17,6,0,8.015896975905738,8.015896975905738,0.0,7.763659954071045,0.1955184848706347,90,0.0,0.0,0.0,0.0,0.0,0.0,0.04000000000000001,0.020000000000000007,0.18333333333333335
chesca_commitment_full_mesh,785,18,6,2,7.2761131074662595,7.402342269682447,0.12622916221618752,7.753105163574219,0.02568196847020967,90,0.0,2.0,0.0,0.04000000000000001,0.0,0.04000000000000001,6.938893903907228e-18,3.469446951953614e-18,0.18333333333333335
chesca_commitment_full_mesh,786,19,6,6,8.583740376986839,7.947740376986839,-0.6360000000000001,7.7352070808410645,0.08731524202368485,90,6.0,0.0,0.18000000000000002,0.0,0.18000000000000002,0.0,0.18000000000000005,0.04000000000000001,0.21000000000000005
chesca_commitment_full_mesh,787,20,6,0,9.027375609831262,9.027375609831262,0.0,7.722681522369385,0.5245485167497301,90,0.0,0.0,0.0,0.0,0.0,0.0,0.18000000000000005,0.04000000000000001,0.21000000000000005
chesca_commitment_full_mesh,788,21,6,0,8.05839586612586,8.05839586612586,0.0,7.722681522369385,0.0827797395730282,90,0.0,0.0,0.0,0.0,0.0,0.0,0.18000000000000005,0.04000000000000001,0.21000000000000005
chesca_commitment_full_mesh,789,22,6,6,7.383533992245087,7.98509178941694,0.6015577971718535,7.722681522369385,-0.07760038394445329,90,0.0,6.0,0.0,0.18000000000000002,0.0,0.18000000000000002,3.8163916471489756e-17,1.734723475976807e-17,0.24000000000000002
chesca_commitment_full_mesh,790,23,6,3,6.577956391340747,6.869956391340747,0.2919999999999998,7.722681522369385,-0.7417488343096786,90,0.0,3.0,0.0,2.42861286636753e-17,0.0,0.08,1.3877787807814457e-17,6.938893903907228e-18,0.25333333333333335
chesca_commitment_full_mesh,791,24,6,0,7.680757103000695,7.680757103000695,0.0,7.709048271179199,0.1056605480112445,90,0.0,0.0,0.0,0.0,0.0,0.0,1.3877787807814457e-17,6.938893903907228e-18,0.25333333333333335
chesca_commitment_full_mesh,792,1,6,0,8.922371772229104,8.922371772229104,0.0,7.709048271179199,0.20141587692655702,90,0.0,0.0,0.0,0.0,0.0,0.0,1.3877787807814457e-17,6.938893903907228e-18,0.25333333333333335
chesca_commitment_full_mesh,793,2,6,0,9.298572796481324,9.298572796481322,-1.7763568394002505e-15,7.709048271179199,0.45538738867708306,90,0.0,0.0,0.0,0.0,0.0,0.0,1.3877787807814457e-17,6.938893903907228e-18,0.25333333333333335
chesca_commitment_full_mesh,794,3,6,0,5.919891443330802,5.919891443330802,0.0,7.709048271179199,-0.46629443287686084,90,0.0,0.0,0.0,0.0,0.0,0.0,1.3877787807814457e-17,6.938893903907228e-18,0.25333333333333335
chesca_commitment_full_mesh,795,4,6,0,6.485718074678848,6.485718074678849,8.881784197001252e-16,7.6972503662109375,0.11135652747349765,90,0.0,0.0,0.0,0.0,0.0,0.0,1.3877787807814457e-17,6.938893903907228e-18,0.21333333333333335
chesca_commitment_full_mesh,796,5,6,0,5.613900897796361,5.613900897796361,0.0,7.6972503662109375,-0.008015959927489408,90,0.0,0.0,0.0,0.0,0.0,0.0,1.3877787807814457e-17,6.938893903907228e-18,0.17666666666666667
chesca_commitment_full_mesh,797,6,6,6,6.62783528736948,5.75183528736948,-0.8760000000000003,7.6972503662109375,0.1173088277861625,90,6.0,0.0,0.24000000000000005,0.0,0.24000000000000005,0.0,0.24000000000000005,0.04000000000000001,0.21666666666666667
chesca_commitment_full_mesh,798,7,6,6,5.33828209239495,6.1481255039272655,0.8098434115323156,7.6972503662109375,-0.04919817600114085,90,0.0,6.0,0.0,0.24000000000000005,0.0,0.24000000000000005,6.938893903907228e-18,6.938893903907228e-18,0.2366666666666667
chesca_commitment_full_mesh,799,8,6,1,5.194262783609367,5.245476237942586,0.05121345433321878,7.6972503662109375,-0.1240599811077642,90,0.0,1.0,0.0,0.0,0.0,0.02,6.938893903907228e-18,6.938893903907228e-18,0.22333333333333336
chesca_commitment_full_mesh,800,9,6,0,4.890632687153565,4.890632687153564,-8.881784197001252e-16,7.6972503662109375,-0.01568362317402202,90,0.0,0.0,0.0,0.0,0.0,0.0,6.938893903907228e-18,6.938893903907228e-18,0.19333333333333336
chesca_commitment_full_mesh,801,10,6,1,6.419718298920823,6.419718298920823,0.0,7.6972503662109375,0.030494999531127297,90,0.0,1.0,0.0,0.0,0.0,0.03999999999999998,6.938893903907228e-18,6.938893903907228e-18,0.19999999999999998
chesca_commitment_full_mesh,802,11,6,0,4.801330082629725,4.801330082629725,0.0,7.6972503662109375,-0.07350069705150926,90,0.0,0.0,0.0,0.0,0.0,0.0,6.938893903907228e-18,6.938893903907228e-18,0.19999999999999998
chesca_commitment_full_mesh,803,12,6,5,4.8838296826240555,5.353341833475218,0.4695121508511626,7.6972503662109375,-0.2280183606585427,90,0.0,5.0,0.0,6.938893903907228e-18,0.0,0.14,0.0,0.0,0.22333333333333336
chesca_commitment_full_mesh,804,13,6,1,6.2426284971582415,6.1626284971582415,-0.08000000000000007,7.6972503662109375,0.16511255372902198,90,1.0,0.0,0.02,0.0,0.02,0.0,0.02,0.02,0.22333333333333336
chesca_commitment_full_mesh,805,14,6,1,5.648819782817585,5.706289514061758,0.05746973124417387,7.6972503662109375,-0.065880318947402,90,0.0,1.0,0.0,0.02,0.0,0.020000000000000004,0.0,0.0,0.20666666666666667
chesca_commitment_full_mesh,806,15,6,0,5.466370172298698,5.466370172298698,0.0,7.6972503662109375,-0.00401470205056377,90,0.0,0.0,0.0,0.0,0.0,0.0,0.0,0.0,0.20666666666666667
chesca_commitment_full_mesh,807,16,6,0,5.956207933830878,5.956207933830878,0.0,7.685909748077393,0.04372572157349561,90,0.0,0.0,0.0,0.0,0.0,0.0,0.0,0.0,0.19999999999999998
chesca_commitment_full_mesh,808,17,6,0,7.001019119908502,7.001019119908503,8.881784197001252e-16,7.66908073425293,0.011869728167666141,90,0.0,0.0,0.0,0.0,0.0,0.0,0.0,0.0,0.19999999999999998
chesca_commitment_full_mesh,809,18,6,0,7.931270949431537,7.931270949431537,0.0,7.652257442474365,0.05598528700128019,90,0.0,0.0,0.0,0.0,0.0,0.0,0.0,0.0,0.19333333333333336
chesca_commitment_full_mesh,810,19,6,5,8.943503497327756,8.411503497327756,-0.532,7.66908073425293,0.27118066157808335,90,5.0,0.0,0.14,0.0,0.14,0.0,0.14,0.04000000000000001,0.18666666666666665
chesca_commitment_full_mesh,811,20,6,1,9.58222498378073,9.51622498378073,-0.06600000000000072,7.66908073425293,0.41853699044349674,90,1.0,0.0,0.02,0.0,0.02,0.0,0.16000000000000003,0.04000000000000001,0.18999999999999997
chesca_commitment_full_mesh,812,21,6,3,10.770051877865072,10.42605187786507,-0.3440000000000012,7.66908073425293,0.7610012787216601,90,3.0,0.0,0.1,0.0,0.1,0.0,0.26,0.06000000000000001,0.20666666666666667
chesca_commitment_full_mesh,813,22,6,0,10.222907503037213,10.222907503037213,0.0,7.66908073425293,0.7381711271514031,90,0.0,0.0,0.0,0.0,0.0,0.0,0.26,0.06000000000000001,0.17666666666666667
chesca_commitment_full_mesh,814,23,6,6,7.897843290463055,8.5950044959282,0.6971612054651439,7.66908073425293,-0.0678650596717921,90,0.0,6.0,0.0,0.22,0.0,0.22000000000000003,0.04,0.020000000000000004,0.20000000000000004
chesca_commitment_full_mesh,815,24,6,5,7.212619376467533,7.677142748597492,0.46452337212995953,7.66908073425293,-0.2454068910405133,90,0.0,5.0,0.0,0.04,0.0,0.14,0.0,0.0,0.22333333333333336
chesca_commitment_full_mesh,816,1,6,1,8.695354073515194,8.629354073515195,-0.06599999999999895,7.652257442474365,0.27917756551570416,90,1.0,0.0,0.02,0.0,0.02,0.0,0.02,0.02,0.22666666666666668
chesca_commitment_full_mesh,817,2,6,1,7.606794532760834,7.672794532760834,0.06599999999999984,7.66908073425293,-0.22696301345727815,90,0.0,1.0,0.0,0.02,0.0,0.020000000000000004,0.0,0.0,0.23
chesca_commitment_full_mesh,818,3,6,2,5.815032940108338,5.975032940108338,0.16000000000000014,7.66908073425293,-0.32196340954960834,90,0.0,2.0,0.0,0.0,0.0,0.04000000000000001,0.0,0.0,0.2366666666666667
chesca_commitment_full_mesh,819,4,6,0,6.138178141987679,6.138178141987679,0.0,7.66908073425293,-0.044763420693774814,90,0.0,0.0,0.0,0.0,0.0,0.0,0.0,0.0,0.2366666666666667
chesca_commitment_full_mesh,820,5,6,0,5.778088189221959,5.778088189221958,-8.881784197001252e-16,7.66908073425293,-0.03728570766553779,90,0.0,0.0,0.0,0.0,0.0,0.0,0.0,0.0,0.2366666666666667
chesca_commitment_full_mesh,821,6,6,0,5.95175057031812,5.95175057031812,0.0,7.66908073425293,0.03644488515601618,90,0.0,0.0,0.0,0.0,0.0,0.0,0.0,0.0,0.19666666666666666
chesca_commitment_full_mesh,822,7,6,0,5.409546615516691,5.409546615516692,8.881784197001252e-16,7.66908073425293,-0.011445047651012535,90,0.0,0.0,0.0,0.0,0.0,0.0,0.0,0.0,0.1566666666666667
chesca_commitment_full_mesh,823,8,6,0,4.265886070866807,4.265886070866808,8.881784197001252e-16,7.66908073425293,-0.01636825209897285,90,0.0,0.0,0.0,0.0,0.0,0.0,0.0,0.0,0.15333333333333335
chesca_commitment_full_mesh,824,9,6,0,3.619885006787306,3.619885006787306,0.0,7.66908073425293,0.0030509630467328575,90,0.0,0.0,0.0,0.0,0.0,0.0,0.0,0.0,0.15333333333333335
chesca_commitment_full_mesh,825,10,6,4,1.7212192954936243,2.1264809618782348,0.4052616663846105,7.652257442474365,-0.09027947003086964,90,0.0,4.0,0.0,0.0,0.0,0.12,0.0,0.0,0.16666666666666666
chesca_commitment_full_mesh,826,11,6,0,1.976366418632896,1.976366418632896,0.0,7.652257442474365,-0.0020422593678242427,90,0.0,0.0,0.0,0.0,0.0,0.0,0.0,0.0,0.16666666666666666
chesca_commitment_full_mesh,827,12,6,3,2.160103264604353,1.6801032646043532,-0.47999999999999976,7.652257442474365,0.07629874596258167,90,3.0,0.0,0.12,0.0,0.12,0.0,0.12,0.04,0.16333333333333336
chesca_commitment_full_mesh,828,13,6,0,3.845154502349116,3.845154502349116,0.0,7.652257442474365,0.07309274006241107,90,0.0,0.0,0.0,0.0,0.0,0.0,0.12,0.04,0.16
chesca_commitment_full_mesh,829,14,6,3,4.1999631027852065,4.453860651807535,0.2538975490223283,7.652257442474365,0.027618231013590698,90,0.0,3.0,0.0,0.1,0.0,0.1,0.02,0.02,0.17333333333333334
chesca_commitment_full_mesh,830,15,6,1,5.767376257603957,5.807899402152547,0.04052314454858941,7.652257442474365,-0.031738083919440906,90,0.0,1.0,0.0,0.02,0.0,0.02,0.0,0.0,0.17666666666666667
chesca_commitment_full_mesh,831,16,6,4,6.044945066742612,5.554945066742612,-0.4899999999999993,7.652257442474365,0.11462117970358299,90,4.0,0.0,0.14,0.0,0.14,0.0,0.14,0.04,0.20000000000000004
chesca_commitment_full_mesh,832,17,6,4,6.231581343013431,6.787581343013431,0.556,7.66908073425293,-0.2504795303194695,90,0.0,4.0,0.0,0.14,0.0,0.16,0.0,0.0,0.22666666666666668
chesca_commitment_full_mesh,833,18,6,1,7.927168054138405,7.861168054138405,-0.06599999999999984,7.66908073425293,0.297818372604942,90,1.0,0.0,0.020000000000000004,0.0,0.020000000000000004,0.0,0.020000000000000004,0.020000000000000004,0.23
chesca_commitment_full_mesh,834,19,6,4,8.438769965034133,8.716769965034134,0.27800000000000047,7.685909748077393,-0.3848386864018295,90,0.0,4.0,0.0,0.01999999999999999,0.0,0.07999999999999999,1.3877787807814457e-17,1.3877787807814457e-17,0.22
chesca_commitment_full_mesh,835,20,6,0,9.117400126312184,9.117400126312184,0.0,7.708503723144531,0.065853671123136,90,0.0,0.0,0.0,0.0,0.0,0.0,1.3877787807814457e-17,1.3877787807814457e-17,0.21666666666666667
chesca_commitment_full_mesh,836,21,6,4,8.32033003600244,8.61233003600244,0.2919999999999998,7.708503723144531,-0.46522603011082336,90,0.0,4.0,0.0,1.3877787807814457e-17,0.0,0.08000000000000002,0.0,0.0,0.21333333333333337
chesca_commitment_full_mesh,837,22,6,3,8.898417959981495,8.672417959981495,-0.22600000000000087,7.708503723144531,0.3412706877593611,90,3.0,0.0,0.060000000000000005,0.0,0.060000000000000005,0.0,0.060000000000000005,0.020000000000000004,0.2233333333333333
chesca_commitment_full_mesh,838,23,6,4,7.5342685165684,7.892268516568399,0.35799999999999965,7.708503723144531,-0.20724410988181377,90,0.0,4.0,0.0,0.060000000000000005,0.0,0.10000000000000002,0.0,0.0,0.20333333333333337
chesca_commitment_full_mesh,839,24,6,3,7.826653348748621,7.468653348748621,-0.35800000000000054,7.685909748077393,0.1231290705094345,90,3.0,0.0,0.1,0.0,0.1,0.0,0.1,0.04,0.19666666666666666
chesca_commitment_full_mesh,840,1,6,2,7.3124941334631615,7.444494133463162,0.13200000000000056,7.685909748077393,0.028615428932535977,90,0.0,2.0,0.0,0.039999999999999994,0.0,0.039999999999999994,0.06000000000000002,0.04,0.20000000000000004
chesca_commitment_full_mesh,841,2,6,2,6.978022310534086,7.124022310534086,0.1459999999999999,7.685909748077393,-0.019602234653414725,90,0.0,2.0,0.0,0.04000000000000001,0.0,0.04000000000000001,0.020000000000000007,0.019999999999999997,0.20333333333333337
chesca_commitment_full_mesh,842,3,6,1,6.000431506287542,6.080431506287542,0.07999999999999918,7.66908073425293,-0.06458757513957927,90,0.0,1.0,0.0,0.019999999999999997,0.0,0.020000000000000004,1.0408340855860843e-17,6.938893903907228e-18,0.20000000000000004
chesca_commitment_full_mesh,843,4,6,3,6.2787515947720225,5.906751594772023,-0.3719999999999999,7.66908073425293,0.08495963978018142,90,3.0,0.0,0.1,0.0,0.1,0.0,0.1,0.04,0.21666666666666667
chesca_commitment_full_mesh,844,5,6,2,5.299101817267484,5.511101817267483,0.21199999999999886,7.66908073425293,0.03494663817075991,90,0.0,2.0,0.0,0.06,0.0,0.06000000000000001,0.040000000000000015,0.02,0.22666666666666668
chesca_commitment_full_mesh,845,6,6,0,6.091284269516408,6.091284269516408,0.0,7.66908073425293,0.18363070673185067,90,0.0,0.0,0.0,0.0,0.0,0.0,0.040000000000000015,0.02,0.22666666666666668
chesca_commitment_full_mesh,846,7,6,0,5.593437553980106,5.593437553980105,-8.881784197001252e-16,7.66908073425293,0.21536894922516114,90,0.0,0.0,0.0,0.0,0.0,0.0,0.040000000000000015,0.02,0.22666666666666668
chesca_commitment_full_mesh,847,8,6,0,4.74286410155331,4.742864101553311,8.881784197001252e-16,7.66908073425293,0.06238795342472998,90,0.0,0.0,0.0,0.0,0.0,0.0,0.040000000000000015,0.02,0.22666666666666668
chesca_commitment_full_mesh,848,9,6,0,5.086021528534561,5.086021528534561,0.0,7.66908073425293,0.1256917162864391,90,0.0,0.0,0.0,0.0,0.0,0.0,0.040000000000000015,0.02,0.22666666666666668
chesca_commitment_full_mesh,849,10,6,0,3.461806647270517,3.461806647270517,0.0,7.66908073425293,0.055767149454300724,90,0.0,0.0,0.0,0.0,0.0,0.0,0.040000000000000015,0.02,0.20666666666666667
chesca_commitment_full_mesh,850,11,6,4,1.227218814695374,1.3940776212497135,0.1668588065543395,7.66908073425293,-0.32068190801656576,90,0.0,4.0,0.0,0.040000000000000015,0.0,0.08,0.0,0.0,0.22
chesca_commitment_full_mesh,851,12,6,0,0.13125577066634442,0.13125577066634442,0.0,7.66908073425293,-0.06904474992463966,90,0.0,0.0,0.0,0.0,0.0,0.0,0.0,0.0,0.19999999999999998
chesca_commitment_full_mesh,852,13,6,3,2.26060164699152,1.8606016469915208,-0.39999999999999947,7.66908073425293,0.21342893583944672,90,3.0,0.0,0.1,0.0,0.1,0.0,0.1,0.04,0.21666666666666667
chesca_commitment_full_mesh,853,14,6,3,1.4651045931024347,1.7509798931630534,0.2858753000606187,7.66908073425293,-0.06925131466942169,90,0.0,3.0,0.0,0.1,0.0,0.10000000000000002,0.0,0.0,0.21666666666666667
chesca_commitment_full_mesh,854,15,6,2,3.701509580603168,3.5415095806031682,-0.1599999999999997,7.66908073425293,0.11045782872448395,90,2.0,0.0,0.04000000000000001,0.0,0.04000000000000001,0.0,0.04000000000000001,0.020000000000000004,0.22
chesca_commitment_full_mesh,855,16,6,4,4.715499501055344,4.437499501055344,-0.27800000000000047,7.66908073425293,0.36440149544353023,90,4.0,0.0,0.08,0.0,0.08,0.0,0.12000000000000002,0.020000000000000004,0.21
chesca_commitment_full_mesh,856,17,6,3,7.1399417190346774,6.847941719034677,-0.2920000000000007,7.66908073425293,0.5751767763932619,90,3.0,0.0,0.08000000000000002,0.0,0.08000000000000002,0.0,0.2,0.06,0.19666666666666666
chesca_commitment_full_mesh,857,18,6,2,9.84036888063411,9.708368880634108,-0.13200000000000145,7.66908073425293,0.5955239887242607,90,1.0,1.0,0.04000000000000001,0.03999999999999998,0.04000000000000001,0.03999999999999998,0.20000000000000007,0.06000000000000001,0.20666666666666667
chesca_commitment_full_mesh,858,19,6,1,8.722214387764383,8.656214387764383,-0.06600000000000072,7.652257442474365,0.37687157561854256,90,1.0,0.0,0.020000000000000004,0.0,0.020000000000000004,0.0,0.22000000000000003,0.06000000000000001,0.19666666666666666
chesca_commitment_full_mesh,859,20,6,0,9.137989405616347,9.137989405616345,-1.7763568394002505e-15,7.66908073425293,0.47588576022496215,90,0.0,0.0,0.0,0.0,0.0,0.0,0.22000000000000003,0.06000000000000001,0.19666666666666666
chesca_commitment_full_mesh,860,21,6,2,9.443669116224012,9.29766911622401,-0.1460000000000008,7.66908073425293,0.6001952811767854,90,2.0,0.0,0.04,0.0,0.04,0.0,0.26000000000000006,0.06000000000000001,0.18999999999999997
chesca_commitment_full_mesh,861,22,6,6,7.892339244663486,8.688339244663487,0.7960000000000012,7.685909748077393,-0.22261644645518708,90,0.0,6.0,0.0,0.22000000000000003,0.0,0.22000000000000003,0.040000000000000056,0.02000000000000001,0.21666666666666667
chesca_commitment_full_mesh,862,23,6,0,7.164556721082712,7.164556721082712,0.0,7.685909748077393,0.05771240841565353,90,0.0,0.0,0.0,0.0,0.0,0.0,0.040000000000000056,0.02000000000000001,0.19999999999999998
chesca_commitment_full_mesh,863,24,6,3,8.355018243064771,8.063018243064771,-0.2919999999999998,7.685909748077393,0.3123235708009387,90,3.0,0.0,0.08000000000000002,0.0,0.08000000000000002,0.0,0.12000000000000005,0.04000000000000001,0.19666666666666666
chesca_commitment_full_mesh,864,1,6,2,9.215590865193732,8.923590865193733,-0.2919999999999998,7.708503723144531,0.6114073001160463,90,2.0,0.0,0.08000000000000002,0.0,0.08000000000000002,0.0,0.20000000000000007,0.06000000000000002,0.20333333333333334
chesca_commitment_full_mesh,865,2,6,5,6.496572465748038,7.080572465748038,0.5839999999999996,7.744070053100586,-0.03924860408834435,90,0.0,5.0,0.0,0.16000000000000003,0.0,0.16000000000000003,0.04000000000000004,0.02000000000000001,0.2233333333333333
chesca_commitment_full_mesh,866,3,6,0,5.847980779567232,5.847980779567232,0.0,7.744070053100586,0.05135226846096996,90,0.0,0.0,0.0,0.0,0.0,0.0,0.04000000000000004,0.02000000000000001,0.21999999999999997
chesca_commitment_full_mesh,867,4,6,1,5.145368476321349,5.013368476321349,-0.13199999999999967,7.744070053100586,0.09778367967368232,90,1.0,0.0,0.04,0.0,0.04,0.0,0.08000000000000004,0.04,0.21
chesca_commitment_full_mesh,868,5,6,2,4.59199832359323,4.445998323593229,-0.1460000000000008,7.744070053100586,0.14565044504459196,90,2.0,0.0,0.04,0.0,0.04,0.0,0.12000000000000005,0.04,0.20666666666666667
chesca_commitment_full_mesh,869,6,6,0,5.14111099082827,5.1411109908282695,-8.881784197001252e-16,7.744070053100586,0.2731507872608939,90,0.0,0.0,0.0,0.0,0.0,0.0,0.12000000000000005,0.04,0.20666666666666667
chesca_commitment_full_mesh,870,7,6,0,4.422738336914678,4.422738336914678,0.0,7.744070053100586,0.16836654170921192,90,0.0,0.0,0.0,0.0,0.0,0.0,0.12000000000000005,0.04,0.20666666666666667
chesca_commitment_full_mesh,871,8,6,0,3.428739446652239,3.428739446652239,0.0,7.744070053100586,0.06148387985799235,90,0.0,0.0,0.0,0.0,0.0,0.0,0.12000000000000005,0.04,0.20666666666666667
chesca_commitment_full_mesh,872,9,6,5,4.575787097655959,4.837781980935106,0.2619948832791472,7.744070053100586,0.011485358264529968,90,0.0,5.0,0.0,0.09999999999999999,0.0,0.10000000000000002,0.020000000000000052,0.02,0.22333333333333336
chesca_commitment_full_mesh,873,10,6,5,3.1602080766776117,3.479234038538185,0.3190259618605733,7.842792510986328,-0.8245853521129056,90,0.0,5.0,0.0,0.020000000000000052,0.0,0.12000000000000001,0.0,0.0,0.24333333333333332
chesca_commitment_full_mesh,874,11,6,0,3.289396277243906,3.289396277243906,0.0,7.842792510986328,-0.2960058574185691,90,0.0,0.0,0.0,0.0,0.0,0.0,0.0,0.0,0.23
chesca_commitment_full_mesh,875,12,6,0,3.8635072912583297,3.8635072912583297,0.0,7.842792510986328,-0.042304882118031226,90,0.0,0.0,0.0,0.0,0.0,0.0,0.0,0.0,0.23
chesca_commitment_full_mesh,876,13,6,0,4.714136272541455,4.714136272541454,-8.881784197001252e-16,7.842792510986328,0.22912107195549186,90,0.0,0.0,0.0,0.0,0.0,0.0,0.0,0.0,0.21333333333333335
chesca_commitment_full_mesh,877,14,6,2,5.719567834464687,5.479567834464687,-0.2400000000000002,7.842792510986328,0.19370381892092936,90,2.0,0.0,0.06000000000000002,0.0,0.06000000000000002,0.0,0.06000000000000002,0.04,0.20666666666666667
chesca_commitment_full_mesh,878,15,6,3,6.589120806694607,6.989120806694608,0.40000000000000036,7.909214973449707,-0.3754434495442148,90,0.0,3.0,0.0,0.06000000000000002,0.0,0.10000000000000002,0.0,0.0,0.21666666666666667
chesca_commitment_full_mesh,879,16,6,2,6.313032945291754,6.153032945291754,-0.16000000000000014,7.909214973449707,0.17644835341850792,90,2.0,0.0,0.04000000000000001,0.0,0.04000000000000001,0.0,0.04000000000000001,0.020000000000000004,0.21
chesca_commitment_full_mesh,880,17,6,4,7.580389597896998,7.222389597896998,-0.35799999999999965,7.909214973449707,0.5799626964898019,90,4.0,0.0,0.1,0.0,0.1,0.0,0.14,0.04,0.21333333333333335
chesca_commitment_full_mesh,881,18,6,2,8.367233996409754,8.141233996409753,-0.22600000000000087,7.909214973449707,0.5837028792680027,90,2.0,0.0,0.06000000000000001,0.0,0.06000000000000001,0.0,0.2,0.06000000000000001,0.21
chesca_commitment_full_mesh,882,19,6,0,9.184545047668127,9.184545047668125,-1.7763568394002505e-15,7.84572172164917,0.5633256373966722,90,0.0,0.0,0.0,0.0,0.0,0.0,0.2,0.06000000000000001,0.20666666666666667
chesca_commitment_full_mesh,883,20,6,6,8.01427388752158,8.67827388752158,0.6639999999999997,7.84572172164917,-0.06185188702320868,90,0.0,6.0,0.0,0.18,0.0,0.18,0.020000000000000025,0.02000000000000001,0.23666666666666666
chesca_commitment_full_mesh,884,21,6,2,7.8974260782272445,7.765426078227245,-0.13199999999999967,7.814033031463623,0.0975492043802611,90,2.0,0.0,0.04000000000000001,0.0,0.04000000000000001,0.0,0.060000000000000026,0.02000000000000001,0.23666666666666666
chesca_commitment_full_mesh,885,22,6,0,7.597812416696564,7.597812416696563,-8.881784197001252e-16,7.744070053100586,0.20614685805283062,90,0.0,0.0,0.0,0.0,0.0,0.0,0.060000000000000026,0.02000000000000001,0.20000000000000004
chesca_commitment_full_mesh,886,23,6,2,8.285601707250283,8.059601707250282,-0.22600000000000087,7.744070053100586,0.31388446053818103,90,2.0,0.0,0.06,0.0,0.06,0.0,0.12000000000000004,0.04000000000000001,0.21
chesca_commitment_full_mesh,887,24,6,2,7.478315172259745,7.610315172259744,0.13199999999999878,7.76609468460083,0.030390641101279536,90,0.0,2.0,0.0,0.04000000000000001,0.0,0.04000000000000001,0.08000000000000003,0.04000000000000001,0.20333333333333337
chesca_commitment_full_mesh,888,1,6,2,8.207351720470188,8.009351720470189,-0.19799999999999862,7.708503723144531,0.11202802299728892,90,2.0,0.0,0.060000000000000005,0.0,0.060000000000000005,0.0,0.14000000000000004,0.04000000000000001,0.19999999999999998
chesca_commitment_full_mesh,889,2,6,5,6.565623361072292,7.069623361072291,0.5039999999999996,7.708503723144531,-0.06032628126616142,90,0.0,5.0,0.0,0.14,0.0,0.14,1.3877787807814457e-17,6.938893903907228e-18,0.19666666666666668
chesca_commitment_full_mesh,890,3,6,3,5.096629385881233,5.520629385881232,0.4239999999999995,7.685909748077393,-0.13657440989709582,90,0.0,3.0,0.0,1.3877787807814457e-17,0.0,0.12000000000000002,0.0,0.0,0.21666666666666667
chesca_commitment_full_mesh,891,4,6,0,5.323244606312047,5.323244606312047,0.0,7.6240105628967285,-0.012194536982928716,90,0.0,0.0,0.0,0.0,0.0,0.0,0.0,0.0,0.21
chesca_commitment_full_mesh,892,5,6,0,5.138418202028431,5.13841820202843,-8.881784197001252e-16,7.6240105628967285,0.002890583729691698,90,0.0,0.0,0.0,0.0,0.0,0.0,0.0,0.0,0.20333333333333334
chesca_commitment_full_mesh,893,6,6,0,4.826578250407086,4.826578250407086,0.0,7.6240105628967285,-0.010430118529828357,90,0.0,0.0,0.0,0.0,0.0,0.0,0.0,0.0,0.20333333333333334
chesca_commitment_full_mesh,894,7,6,4,4.6390221191041485,4.28102211910415,-0.35799999999999876,7.6240105628967285,0.0872940978534794,90,4.0,0.0,0.1,0.0,0.1,0.0,0.1,0.04,0.22
chesca_commitment_full_mesh,895,8,6,4,3.2033614215176196,3.4417883258114252,0.23842690429380564,7.6240105628967285,0.0034567608240590603,90,0.0,4.0,0.0,0.08000000000000002,0.0,0.08000000000000002,0.019999999999999997,0.019999999999999997,0.23333333333333336
chesca_commitment_full_mesh,896,9,6,3,1.9433469817635851,2.1219139326149534,0.1785669508513683,7.685909748077393,-0.6281595923702901,90,0.0,3.0,0.0,0.019999999999999997,0.0,0.06000000000000001,0.0,0.0,0.22666666666666668
chesca_commitment_full_mesh,897,10,6,5,1.0414724191102027,1.276143366906194,0.23467094779599118,7.75634241104126,-0.7801691359555998,90,0.0,5.0,0.0,0.0,0.0,0.1,0.0,0.0,0.22333333333333336
chesca_commitment_full_mesh,898,11,6,5,1.7586602861318035,1.9843183272497962,0.2256580411179927,7.806622505187988,-0.6963477137286177,90,0.0,5.0,0.0,0.0,0.0,0.10000000000000002,0.0,0.0,0.24000000000000002
chesca_commitment_full_mesh,899,12,6,0,3.4162167061617708,3.4162167061617708,0.0,7.806622505187988,0.14953815061958164,90,0.0,0.0,0.0,0.0,0.0,0.0,0.0,0.0,0.24000000000000002
chesca_commitment_full_mesh,900,13,6,0,5.906412382554229,5.90641238255423,8.881784197001252e-16,7.806622505187988,0.2818548830512516,90,0.0,0.0,0.0,0.0,0.0,0.0,0.0,0.0,0.24000000000000002
chesca_commitment_full_mesh,901,14,6,0,6.40839223088262,6.408392230882619,-8.881784197001252e-16,7.806622505187988,0.022898538274387523,90,0.0,0.0,0.0,0.0,0.0,0.0,0.0,0.0,0.23
chesca_commitment_full_mesh,902,15,6,0,7.3706166963940545,7.370616696394054,-8.881784197001252e-16,7.806622505187988,-0.07103014752968141,90,0.0,0.0,0.0,0.0,0.0,0.0,0.0,0.0,0.21333333333333335
chesca_commitment_full_mesh,903,16,6,3,8.595220421647177,8.195220421647177,-0.40000000000000036,7.806622505187988,0.3703887850508447,90,3.0,0.0,0.10000000000000002,0.0,0.10000000000000002,0.0,0.10000000000000002,0.04000000000000001,0.22333333333333336
chesca_commitment_full_mesh,904,17,6,5,12.24272036703511,11.49872036703511,-0.7439999999999998,7.833187580108643,1.6269814078055596,90,5.0,0.0,0.20000000000000004,0.0,0.20000000000000004,0.0,0.30000000000000004,0.08000000000000002,0.24000000000000002
chesca_commitment_full_mesh,905,18,6,1,10.230716056148728,10.098716056148728,-0.13199999999999967,7.833187580108643,0.9325392145654878,90,1.0,0.0,0.04000000000000001,0.0,0.04000000000000001,0.0,0.3400000000000001,0.08000000000000002,0.2366666666666667
chesca_commitment_full_mesh,906,19,6,0,11.364418828110226,11.364418828110226,0.0,7.833187580108643,1.0443617788434094,90,0.0,0.0,0.0,0.0,0.0,0.0,0.3400000000000001,0.08000000000000002,0.2366666666666667
chesca_commitment_full_mesh,907,20,6,0,9.27558786289065,9.27558786289065,0.0,7.833187580108643,0.22771765632661495,90,0.0,0.0,0.0,0.0,0.0,0.0,0.3400000000000001,0.08000000000000002,0.20666666666666667
chesca_commitment_full_mesh,908,21,6,0,8.544458799647828,8.544458799647828,0.0,7.833187580108643,0.11933866960701674,90,0.0,0.0,0.0,0.0,0.0,0.0,0.3400000000000001,0.08000000000000002,0.20000000000000004
chesca_commitment_full_mesh,909,22,6,6,8.262918070490754,9.138918070490755,0.8760000000000012,7.833187580108643,-0.08591462516178176,90,0.0,6.0,0.0,0.24000000000000005,0.0,0.24000000000000005,0.10000000000000003,0.040000000000000015,0.24
chesca_commitment_full_mesh,910,23,6,3,8.163815628405052,8.563815628405052,0.40000000000000036,7.854259967803955,-0.11193662844486459,90,0.0,3.0,0.0,0.1,0.0,0.1,3.469446951953614e-17,1.3877787807814457e-17,0.24666666666666667
chesca_commitment_full_mesh,911,24,6,0,8.335094606015797,8.335094606015797,0.0,7.854259967803955,-0.141908823340375,90,0.0,0.0,0.0,0.0,0.0,0.0,3.469446951953614e-17,1.3877787807814457e-17,0.24
chesca_commitment_full_mesh,912,1,6,1,9.476266634262482,9.41026663426248,-0.06600000000000072,7.854259967803955,0.3223690093964972,90,1.0,0.0,0.020000000000000004,0.0,0.020000000000000004,0.0,0.02000000000000004,0.02000000000000001,0.23333333333333336
chesca_commitment_full_mesh,913,2,6,1,8.511879564166083,8.643879564166085,0.13200000000000145,7.854259967803955,-0.12256511426545041,90,0.0,1.0,0.0,0.02000000000000001,0.0,0.04000000000000001,2.7755575615628914e-17,1.3877787807814457e-17,0.21666666666666667
chesca_commitment_full_mesh,914,3,6,4,6.614547772684576,6.9725477726845755,0.35799999999999965,7.854259967803955,-0.45651474734321174,90,0.0,4.0,0.0,1.3877787807814457e-17,0.0,0.10000000000000002,1.3877787807814457e-17,1.3877787807814457e-17,0.21333333333333335
chesca_commitment_full_mesh,915,4,6,4,5.808742525142958,6.1527425251429575,0.3439999999999994,7.833187580108643,-0.3374134774900978,90,0.0,4.0,0.0,0.0,0.0,0.10000000000000002,1.3877787807814457e-17,1.3877787807814457e-17,0.23
chesca_commitment_full_mesh,916,5,6,0,5.258899750908929,5.25889975090893,8.881784197001252e-16,7.806622505187988,-0.3097111883861319,90,0.0,0.0,0.0,0.0,0.0,0.0,1.3877787807814457e-17,1.3877787807814457e-17,0.23
chesca_commitment_full_mesh,917,6,6,0,5.723812167719371,5.723812167719371,0.0,7.806622505187988,-0.1251921114568783,90,0.0,0.0,0.0,0.0,0.0,0.0,1.3877787807814457e-17,1.3877787807814457e-17,0.23
chesca_commitment_full_mesh,918,7,6,0,6.409843955219846,6.409843955219846,0.0,7.806622505187988,-0.11118681771952255,90,0.0,0.0,0.0,0.0,0.0,0.0,1.3877787807814457e-17,1.3877787807814457e-17,0.21333333333333335
chesca_commitment_full_mesh,919,8,6,4,5.1510611419084285,5.560885008629379,0.4098238667209504,7.833187580108643,-0.7915063489263015,90,0.0,4.0,0.0,1.3877787807814457e-17,0.0,0.12000000000000001,0.0,0.0,0.22
chesca_commitment_full_mesh,920,9,6,3,2.9772139344391455,3.120521661368842,0.1433077269296965,7.833187580108643,-0.45242688946180754,90,0.0,3.0,0.0,0.0,0.0,0.06000000000000001,0.0,0.0,0.22
chesca_commitment_full_mesh,921,10,6,1,3.929891834655569,3.9958918346555694,0.06600000000000028,7.833187580108643,-0.17749867190074364,90,0.0,1.0,0.0,0.0,0.0,0.020000000000000004,0.0,0.0,0.20666666666666667
chesca_commitment_full_mesh,922,11,6,4,4.8470074473458515,5.0550320047605055,0.20802455741465398,7.833187580108643,-0.22181742091568632,90,0.0,4.0,0.0,0.0,0.0,0.08000000000000002,0.0,0.0,0.20333333333333334
chesca_commitment_full_mesh,923,12,6,5,4.582064915979947,4.866001531859076,0.2839366158791288,7.833187580108643,-0.13106655669576217,90,0.0,5.0,0.0,0.0,0.0,0.10000000000000002,0.0,0.0,0.22
chesca_commitment_full_mesh,924,13,6,0,5.440703436924732,5.440703436924731,-8.881784197001252e-16,7.833187580108643,-0.17643249643102954,90,0.0,0.0,0.0,0.0,0.0,0.0,0.0,0.0,0.22
chesca_commitment_full_mesh,925,14,6,0,4.639333038167224,4.639333038167224,0.0,7.833187580108643,-0.15573261222525303,90,0.0,0.0,0.0,0.0,0.0,0.0,0.0,0.0,0.22
chesca_commitment_full_mesh,926,15,6,0,6.479594004415285,6.479594004415284,-8.881784197001252e-16,7.833187580108643,0.09016967325677874,90,0.0,0.0,0.0,0.0,0.0,0.0,0.0,0.0,0.22
chesca_commitment_full_mesh,927,16,6,0,6.287685056439252,6.287685056439252,0.0,7.833187580108643,0.2092962250153474,90,0.0,0.0,0.0,0.0,0.0,0.0,0.0,0.0,0.20333333333333334
chesca_commitment_full_mesh,928,17,6,3,6.5258047806306,6.1258047806306,-0.40000000000000036,7.806622505187988,0.1007380095154417,90,3.0,0.0,0.1,0.0,0.1,0.0,0.1,0.04,0.18666666666666668
chesca_commitment_full_mesh,929,18,6,3,7.76999051712299,7.439990517122989,-0.33000000000000096,7.641157150268555,0.35879281787259526,90,3.0,0.0,0.1,0.0,0.1,0.0,0.20000000000000004,0.04000000000000001,0.19666666666666668
chesca_commitment_full_mesh,930,19,6,0,8.448548440949601,8.448548440949601,0.0,7.641157150268555,0.14124372164998583,90,0.0,0.0,0.0,0.0,0.0,0.0,0.20000000000000004,0.04000000000000001,0.19666666666666668
chesca_commitment_full_mesh,931,20,6,4,8.03841942253626,8.50441942253626,0.4660000000000011,7.614447593688965,0.017038522243022575,90,0.0,4.0,0.0,0.12000000000000001,0.0,0.12000000000000002,0.08000000000000002,0.04000000000000001,0.21666666666666667
chesca_commitment_full_mesh,932,21,6,3,7.003330314439071,7.347330314439071,0.3439999999999994,7.614447593688965,-0.17089781007274207,90,0.0,3.0,0.0,0.08000000000000002,0.0,0.1,6.938893903907228e-18,6.938893903907228e-18,0.23333333333333336
chesca_commitment_full_mesh,933,22,6,0,6.448023906101328,6.448023906101328,0.0,7.428218364715576,-0.1271702913537103,90,0.0,0.0,0.0,0.0,0.0,0.0,6.938893903907228e-18,6.938893903907228e-18,0.19333333333333336
chesca_commitment_full_mesh,934,23,6,4,7.482139501626498,6.870139501626498,-0.6120000000000001,7.401029586791992,0.1436345239353196,90,4.0,0.0,0.16000000000000003,0.0,0.16000000000000003,0.0,0.16000000000000003,0.04000000000000001,0.20333333333333334
chesca_commitment_full_mesh,935,24,6,0,8.503713353051053,8.503713353051054,1.7763568394002505e-15,7.401029586791992,0.2508809999183275,90,0.0,0.0,0.0,0.0,0.0,0.0,0.16000000000000003,0.04000000000000001,0.20333333333333334
chesca_commitment_full_mesh,936,1,6,4,7.386605897454477,7.910816009072519,0.524210111618042,7.401029586791992,-0.12221072433912399,90,0.0,4.0,0.0,0.16,0.0,0.16000000000000003,1.3877787807814457e-17,6.938893903907228e-18,0.22666666666666668
chesca_commitment_full_mesh,937,2,6,5,6.239966123145267,6.574049370503416,0.33408324735814876,7.401029586791992,-0.44450339355459534,90,0.0,5.0,0.0,1.3877787807814457e-17,0.0,0.10000000000000002,0.0,0.0,0.2366666666666667
chesca_commitment_full_mesh,938,3,6,1,5.640776189273942,5.706776189273942,0.06599999999999984,7.383768081665039,-0.3268737717217912,90,0.0,1.0,0.0,0.0,0.0,0.020000000000000004,0.0,0.0,0.22333333333333336
chesca_commitment_full_mesh,939,4,6,1,5.248962421031655,5.380962421031654,0.13199999999999967,7.379166126251221,-0.22238296089951154,90,0.0,1.0,0.0,0.0,0.0,0.04000000000000001,0.0,0.0,0.21333333333333335
chesca_commitment_full_mesh,940,5,6,2,5.250099800627286,5.448099800627285,0.1979999999999995,7.359173774719238,-0.128284379928791,90,0.0,2.0,0.0,0.0,0.0,0.06000000000000001,0.0,0.0,0.22333333333333336
chesca_commitment_full_mesh,941,6,6,0,5.618263191602913,5.618263191602914,8.881784197001252e-16,7.359173774719238,-0.08606668248115996,90,0.0,0.0,0.0,0.0,0.0,0.0,0.0,0.0,0.22333333333333336
chesca_commitment_full_mesh,942,7,6,0,4.979199040869142,4.979199040869141,-8.881784197001252e-16,7.359173774719238,-0.11135539637910467,90,0.0,0.0,0.0,0.0,0.0,0.0,0.0,0.0,0.22333333333333336
chesca_commitment_full_mesh,943,8,6,0,5.692128568595397,5.692128568595397,0.0,7.359173774719238,-0.1712023073480079,90,0.0,0.0,0.0,0.0,0.0,0.0,0.0,0.0,0.20333333333333334
chesca_commitment_full_mesh,944,9,6,4,4.425757855643546,4.721138858929365,0.2953810032858186,7.359173774719238,-0.3074378659245688,90,0.0,4.0,0.0,0.0,0.0,0.1,0.0,0.0,0.21
chesca_commitment_full_mesh,945,10,6,2,4.059474856309546,4.165929336307355,0.10645447999780888,7.359173774719238,-0.09196331085074934,90,0.0,2.0,0.0,0.0,0.0,0.04,0.0,0.0,0.21333333333333335
chesca_commitment_full_mesh,946,11,6,2,2.9084343112001765,2.996217050175102,0.0877827389749255,7.359173774719238,-0.11505269619630745,90,0.0,2.0,0.0,0.0,0.0,0.04000000000000001,0.0,0.0,0.20666666666666667
chesca_commitment_full_mesh,947,12,6,5,1.3127491858295206,1.5515806988150036,0.238831512985483,7.359173774719238,-0.45729945031065283,90,0.0,5.0,0.0,0.0,0.0,0.1,0.0,0.0,0.20666666666666667
chesca_commitment_full_mesh,948,13,6,4,2.9420807161277054,2.664080716127706,-0.2779999999999996,7.359173774719238,0.15643159567477394,90,4.0,0.0,0.08,0.0,0.08,0.0,0.08,0.02,0.22
chesca_commitment_full_mesh,949,14,6,4,2.6260144787066837,2.845563927743315,0.2195494490366312,7.333000183105469,-0.04912696291246357,90,0.0,4.0,0.0,0.08,0.0,0.08000000000000002,0.0,0.0,0.23333333333333336
chesca_commitment_full_mesh,950,15,6,0,4.1506209474768045,4.1506209474768045,0.0,7.333000183105469,-0.014895904388282227,90,0.0,0.0,0.0,0.0,0.0,0.0,0.0,0.0,0.23333333333333336
chesca_commitment_full_mesh,951,16,6,0,6.624504583693977,6.6245045836939775,8.881784197001252e-16,7.333000183105469,0.21305684730337346,90,0.0,0.0,0.0,0.0,0.0,0.0,0.0,0.0,0.23333333333333336
chesca_commitment_full_mesh,952,17,6,0,7.705048593984715,7.705048593984715,0.0,7.333000183105469,0.10010058039694242,90,0.0,0.0,0.0,0.0,0.0,0.0,0.0,0.0,0.21666666666666667
chesca_commitment_full_mesh,953,18,6,6,9.58185727102236,8.903857271022362,-0.6779999999999973,7.333000183105469,0.6861553793116825,90,6.0,0.0,0.18,0.0,0.18,0.0,0.18,0.04000000000000001,0.23
chesca_commitment_full_mesh,954,19,6,6,10.98654792869221,10.27054792869221,-0.7159999999999993,7.359173774719238,1.418439930501977,90,6.0,0.0,0.20000000000000004,0.0,0.20000000000000004,0.0,0.38,0.08000000000000002,0.26333333333333336
chesca_commitment_full_mesh,955,20,6,0,9.87545922001346,9.87545922001346,0.0,7.379166126251221,0.8008399444404901,90,0.0,0.0,0.0,0.0,0.0,0.0,0.38,0.08000000000000002,0.24333333333333337
chesca_commitment_full_mesh,956,21,6,0,10.223225545282862,10.223225545282862,0.0,7.379166126251221,1.0377546484436748,90,0.0,0.0,0.0,0.0,0.0,0.0,0.38,0.08000000000000002,0.22666666666666668
chesca_commitment_full_mesh,957,22,6,0,10.142546548856831,10.142546548856831,0.0,7.379166126251221,1.0657145491884596,90,0.0,0.0,0.0,0.0,0.0,0.0,0.38,0.08000000000000002,0.22666666666666668
chesca_commitment_full_mesh,958,23,6,0,8.398571147161949,8.398571147161949,0.0,7.379166126251221,0.2733339745143322,90,0.0,0.0,0.0,0.0,0.0,0.0,0.38,0.08000000000000002,0.19999999999999998
chesca_commitment_full_mesh,959,24,6,0,9.84226310886688,9.842263108866883,1.7763568394002505e-15,7.383768081665039,0.9572213469746611,90,0.0,0.0,0.0,0.0,0.0,0.0,0.38,0.08000000000000002,0.19999999999999998
chesca_commitment_full_mesh,960,1,6,0,9.20477264268018,9.20477264268018,0.0,7.383768081665039,0.41649353824777413,90,0.0,0.0,0.0,0.0,0.0,0.0,0.38,0.08000000000000002,0.17333333333333334
chesca_commitment_full_mesh,961,2,6,0,8.62812670950075,8.62812670950075,0.0,7.383768081665039,0.16040453875439326,90,0.0,0.0,0.0,0.0,0.0,0.0,0.38,0.08000000000000002,0.1566666666666667
chesca_commitment_full_mesh,962,3,6,6,6.863292667953487,7.739292667953486,0.8759999999999994,7.383768081665039,-0.18137346443102853,90,0.0,6.0,0.0,0.24000000000000005,0.0,0.24000000000000005,0.14,0.04000000000000001,0.19333333333333336
chesca_commitment_full_mesh,963,4,6,6,5.48976100979335,6.167761009793349,0.677999999999999,7.383768081665039,-0.32503803966217193,90,0.0,6.0,0.0,0.14,0.0,0.18000000000000005,6.938893903907228e-18,6.938893903907228e-18,0.21666666666666667
chesca_commitment_full_mesh,964,5,6,4,5.1197161880306465,5.464327609702427,0.3446114216717806,7.383768081665039,-0.1896696448825387,90,0.0,4.0,0.0,6.938893903907228e-18,0.0,0.10000000000000002,0.0,0.0,0.22333333333333336
chesca_commitment_full_mesh,965,6,6,0,5.688770646027719,5.688770646027719,0.0,7.383768081665039,-0.05414392969108559,90,0.0,0.0,0.0,0.0,0.0,0.0,0.0,0.0,0.22333333333333336
chesca_commitment_full_mesh,966,7,6,0,4.98895374528665,4.988953745286651,8.881784197001252e-16,7.383768081665039,-0.056648776547220184,90,0.0,0.0,0.0,0.0,0.0,0.0,0.0,0.0,0.22333333333333336
chesca_commitment_full_mesh,967,8,6,1,5.109932837599432,5.14878254117656,0.038849703577128025,7.379166126251221,-0.10984787328303605,90,0.0,1.0,0.0,0.0,0.0,0.02,0.0,0.0,0.22666666666666668
chesca_commitment_full_mesh,968,9,6,0,5.469595002419844,5.469595002419844,0.0,7.379166126251221,-0.18344231116381213,90,0.0,0.0,0.0,0.0,0.0,0.0,0.0,0.0,0.21
chesca_commitment_full_mesh,969,10,6,3,3.4233417169764015,3.5866190817150296,0.16327736473862808,7.379166126251221,-0.19340328397158207,90,0.0,3.0,0.0,0.0,0.0,0.06,0.0,0.0,0.21333333333333335
chesca_commitment_full_mesh,970,11,6,2,1.9294938886010533,2.0077059363732714,0.07821204777221813,7.379166126251221,-0.14793074202807396,90,0.0,2.0,0.0,0.0,0.0,0.04,0.0,0.0,0.21333333333333335
chesca_commitment_full_mesh,971,12,6,0,2.8425963556550844,2.842596355655085,4.440892098500626e-16,7.379166126251221,0.04292863311357002,90,0.0,0.0,0.0,0.0,0.0,0.0,0.0,0.0,0.19666666666666668
chesca_commitment_full_mesh,972,13,6,5,3.8112402950185067,3.307240295018507,-0.5039999999999996,7.379166126251221,0.143189964663711,90,5.0,0.0,0.14,0.0,0.14,0.0,0.14,0.04000000000000001,0.20666666666666667
chesca_commitment_full_mesh,973,14,6,1,3.9190729374626394,3.8530729374626396,-0.06599999999999984,7.379166126251221,0.25332115808060357,90,1.0,0.0,0.02,0.0,0.02,0.0,0.16000000000000003,0.04000000000000001,0.19666666666666668
chesca_commitment_full_mesh,974,15,6,0,4.286383792535249,4.286383792535249,0.0,7.379166126251221,0.18408323291733808,90,0.0,0.0,0.0,0.0,0.0,0.0,0.16000000000000003,0.04000000000000001,0.19666666666666668
chesca_commitment_full_mesh,975,16,6,0,6.28563740456968,6.28563740456968,0.0,7.379166126251221,0.26416571284623996,90,0.0,0.0,0.0,0.0,0.0,0.0,0.16000000000000003,0.04000000000000001,0.19666666666666668
chesca_commitment_full_mesh,976,17,6,2,8.354117139034319,8.12811713903432,-0.2259999999999991,7.379166126251221,0.5535677416168062,90,2.0,0.0,0.06000000000000001,0.0,0.06000000000000001,0.0,0.22000000000000003,0.06000000000000001,0.20666666666666667
chesca_commitment_full_mesh,977,18,6,4,10.136386027399862,9.552386027399862,-0.5839999999999996,7.383768081665039,1.0106092763138685,90,4.0,0.0,0.16000000000000003,0.0,0.16000000000000003,0.0,0.38000000000000006,0.08000000000000002,0.20333333333333337
chesca_commitment_full_mesh,978,19,6,2,10.478679030521734,10.252679030521733,-0.22600000000000087,7.383768081665039,1.1324145457965005,90,2.0,0.0,0.05999999999999999,0.0,0.05999999999999999,0.0,0.44000000000000006,0.1,0.18000000000000002
chesca_commitment_full_mesh,979,20,6,0,9.470851512908936,9.470851512908935,-1.7763568394002505e-15,7.383768081665039,0.7122195341366304,90,0.0,0.0,0.0,0.0,0.0,0.0,0.44000000000000006,0.1,0.18000000000000002
chesca_commitment_full_mesh,980,21,6,0,8.264255188226699,8.2642551882267,1.7763568394002505e-15,7.383768081665039,0.16181685283518293,90,0.0,0.0,0.0,0.0,0.0,0.0,0.44000000000000006,0.1,0.18000000000000002
chesca_commitment_full_mesh,981,22,6,0,8.205231469662667,8.205231469662667,0.0,7.383768081665039,0.10459659245235482,90,0.0,0.0,0.0,0.0,0.0,0.0,0.44000000000000006,0.1,0.18000000000000002
chesca_commitment_full_mesh,982,23,6,0,8.987839178883002,8.987839178883,-1.7763568394002505e-15,7.41363000869751,0.7050790959749106,90,0.0,0.0,0.0,0.0,0.0,0.0,0.44000000000000006,0.1,0.18000000000000002
chesca_commitment_full_mesh,983,24,6,0,9.27379338621185,9.273793386211851,1.7763568394002505e-15,7.41363000869751,0.7385027002507154,90,0.0,0.0,0.0,0.0,0.0,0.0,0.44000000000000006,0.1,0.18000000000000002
chesca_commitment_full_mesh,984,1,6,0,8.439969329315652,8.439969329315652,0.0,7.52315092086792,0.1797960809539636,90,0.0,0.0,0.0,0.0,0.0,0.0,0.44000000000000006,0.1,0.18000000000000002
chesca_commitment_full_mesh,985,2,6,0,8.611624906347435,8.611624906347435,0.0,7.52315092086792,0.4373633577355027,90,0.0,0.0,0.0,0.0,0.0,0.0,0.44000000000000006,0.1,0.18000000000000002
chesca_commitment_full_mesh,986,3,6,6,6.787839790375915,7.663839790375915,0.8760000000000003,7.52315092086792,-0.04906626325050206,90,0.0,6.0,0.0,0.24000000000000005,0.0,0.24000000000000005,0.20000000000000004,0.06,0.18000000000000002
chesca_commitment_full_mesh,987,4,6,6,7.035346641599845,7.603275710512003,0.5679290689121581,7.704056739807129,0.0033682993376760867,90,0.0,6.0,0.0,0.16,0.0,0.16000000000000003,0.04,0.039999999999999994,0.17666666666666672
chesca_commitment_full_mesh,988,5,6,6,5.689210819202309,6.3584105674161675,0.6691997482138587,7.704056739807129,-0.09581358517791988,90,0.0,6.0,0.0,0.04,0.0,0.22000000000000003,0.0,0.0,0.19666666666666668
chesca_commitment_full_mesh,989,6,6,0,5.611151696993132,5.611151696993132,0.0,7.704056739807129,-0.001834625053537875,90,0.0,0.0,0.0,0.0,0.0,0.0,0.0,0.0,0.19666666666666668
chesca_commitment_full_mesh,990,7,6,0,5.340989157729303,5.340989157729303,0.0,7.704056739807129,0.03820758189220502,90,0.0,0.0,0.0,0.0,0.0,0.0,0.0,0.0,0.19666666666666668
chesca_commitment_full_mesh,991,8,6,0,4.351654909371869,4.351654909371869,0.0,7.704056739807129,0.018077883307817413,90,0.0,0.0,0.0,0.0,0.0,0.0,0.0,0.0,0.19333333333333336
chesca_commitment_full_mesh,992,9,6,1,2.8557448070648284,2.935744807064828,0.07999999999999963,7.704056739807129,-0.07504370091451645,90,0.0,1.0,0.0,0.0,0.0,0.02,0.0,0.0,0.19666666666666668
chesca_commitment_full_mesh,993,10,6,0,3.361154311287193,3.361154311287193,0.0,7.704056739807129,0.015909229811424626,90,0.0,0.0,0.0,0.0,0.0,0.0,0.0,0.0,0.18666666666666668
chesca_commitment_full_mesh,994,11,6,5,2.146804346868996,1.562804346868996,-0.5840000000000001,7.704056739807129,0.09319272141812865,90,5.0,0.0,0.16,0.0,0.16,0.0,0.16,0.04,0.20666666666666667
chesca_commitment_full_mesh,995,12,6,5,4.750217568336838,5.055047298935222,0.30482973059838425,7.704056739807129,0.009329565449966715,90,0.0,5.0,0.0,0.10000000000000002,0.0,0.10000000000000002,0.05999999999999999,0.019999999999999997,0.22333333333333336
chesca_commitment_full_mesh,996,13,6,0,5.82619010378322,5.82619010378322,0.0,7.704056739807129,0.05038687944613307,90,0.0,0.0,0.0,0.0,0.0,0.0,0.05999999999999999,0.019999999999999997,0.19999999999999998
chesca_commitment_full_mesh,997,14,6,3,5.755778092581835,5.919413437520145,0.1636353449383101,7.704056739807129,-0.05112194495334352,90,0.0,3.0,0.0,0.05999999999999999,0.0,0.06,0.0,0.0,0.20666666666666667
chesca_commitment_full_mesh,998,15,6,3,4.826069513601995,4.5480695136019955,-0.2779999999999996,7.704056739807129,0.11002084088631416,90,3.0,0.0,0.08000000000000002,0.0,0.08000000000000002,0.0,0.08000000000000002,0.04000000000000001,0.22
chesca_commitment_full_mesh,999,16,6,3,5.5236395717908,5.297639571790801,-0.2259999999999991,7.704056739807129,0.5142264906357608,90,3.0,0.0,0.06,0.0,0.06,0.0,0.14,0.04000000000000001,0.23
chesca_commitment_full_mesh,1000,17,6,0,6.477341929743665,6.477341929743665,0.0,7.52315092086792,0.47743126128579105,90,0.0,0.0,0.0,0.0,0.0,0.0,0.14,0.04000000000000001,0.22
chesca_commitment_full_mesh,1001,18,6,1,8.27281749014929,8.11281749014929,-0.16000000000000014,7.52315092086792,0.6226403277221051,90,1.0,0.0,0.04000000000000001,0.0,0.04000000000000001,0.0,0.18,0.06000000000000001,0.19999999999999998
chesca_commitment_full_mesh,1002,19,6,6,8.998031574574767,9.582031574574767,0.5839999999999996,7.52315092086792,-0.06594937394909539,90,0.0,6.0,0.0,0.15999999999999998,0.0,0.16,0.02000000000000003,0.02000000000000001,0.21666666666666667
chesca_commitment_full_mesh,1003,20,6,6,7.862606962203978,8.284522294068603,0.42191533186462493,7.52315092086792,-0.5903659620410888,90,0.0,6.0,0.0,0.02000000000000002,0.0,0.12000000000000001,1.0408340855860843e-17,1.0408340855860843e-17,0.2366666666666667
chesca_commitment_full_mesh,1004,21,6,0,7.527403219078758,7.527403219078757,-8.881784197001252e-16,7.52315092086792,-0.07540189321788543,90,0.0,0.0,0.0,0.0,0.0,0.0,1.0408340855860843e-17,1.0408340855860843e-17,0.2366666666666667
chesca_commitment_full_mesh,1005,22,6,0,7.783110913117806,7.783110913117806,0.0,7.52315092086792,0.043889417979537555,90,0.0,0.0,0.0,0.0,0.0,0.0,1.0408340855860843e-17,1.0408340855860843e-17,0.2366666666666667
chesca_commitment_full_mesh,1006,23,6,0,7.903079127934913,7.903079127934913,0.0,7.52315092086792,0.0936595816857074,90,0.0,0.0,0.0,0.0,0.0,0.0,1.0408340855860843e-17,1.0408340855860843e-17,0.2366666666666667
chesca_commitment_full_mesh,1007,24,6,0,7.3899667832213725,7.3899667832213725,0.0,7.52315092086792,-0.059122409172894894,90,0.0,0.0,0.0,0.0,0.0,0.0,1.0408340855860843e-17,1.0408340855860843e-17,0.2366666666666667
chesca_commitment_full_mesh,1008,1,6,0,8.037563314847816,8.037563314847816,0.0,7.639089107513428,0.04812363946359677,90,0.0,0.0,0.0,0.0,0.0,0.0,1.0408340855860843e-17,1.0408340855860843e-17,0.2366666666666667
chesca_commitment_full_mesh,1009,2,6,0,7.241171013196906,7.241171013196906,0.0,7.66856050491333,-0.252644206087443,90,0.0,0.0,0.0,0.0,0.0,0.0,1.0408340855860843e-17,1.0408340855860843e-17,0.2366666666666667
chesca_commitment_full_mesh,1010,3,6,1,5.765449704092208,5.831449704092209,0.06600000000000072,7.66856050491333,-0.33645991070125325,90,0.0,1.0,0.0,0.0,0.0,0.020000000000000004,1.0408340855860843e-17,1.0408340855860843e-17,0.19999999999999998
chesca_commitment_full_mesh,1011,4,6,6,5.621842122451188,6.025354240790725,0.4035121183395374,7.66856050491333,-0.15209330372861363,90,0.0,6.0,0.0,1.0408340855860843e-17,0.0,0.12000000000000002,0.0,0.0,0.19333333333333333
chesca_commitment_full_mesh,1012,5,6,6,4.712287008575938,5.094831984550281,0.38254497597434334,7.66856050491333,-0.24979681992210223,90,0.0,6.0,0.0,0.0,0.0,0.12000000000000002,0.0,0.0,0.17666666666666667
chesca_commitment_full_mesh,1013,6,6,6,4.742717870306294,5.186814389770664,0.44409651946436934,7.66856050491333,-0.09547151841904741,90,0.0,6.0,0.0,0.0,0.0,0.16,0.0,0.0,0.20333333333333334
chesca_commitment_full_mesh,1014,7,6,4,4.703475329055854,4.850275712591274,0.14680038353542013,7.66856050491333,-0.10461742576606517,90,0.0,4.0,0.0,0.0,0.0,0.08,0.0,0.0,0.21666666666666667
chesca_commitment_full_mesh,1015,8,6,1,4.143401370527592,4.176533231539225,0.03313186101163357,7.66856050491333,-0.1056843235574827,90,0.0,1.0,0.0,0.0,0.0,0.02,0.0,0.0,0.22
chesca_commitment_full_mesh,1016,9,6,0,2.370359267464424,2.3703592674644236,-4.440892098500626e-16,7.66856050491333,-0.09691659599778356,90,0.0,0.0,0.0,0.0,0.0,0.0,0.0,0.0,0.21666666666666667
chesca_commitment_full_mesh,1017,10,6,6,4.64291015832138,4.204910158321379,-0.4380000000000006,7.66856050491333,0.3123082914322268,90,6.0,0.0,0.12000000000000001,0.0,0.12000000000000001,0.0,0.12000000000000001,0.020000000000000004,0.2366666666666667
chesca_commitment_full_mesh,1018,11,6,6,1.0707422554922914,1.4007848211604934,0.330042565668202,7.66856050491333,-0.16408538764384406,90,0.0,6.0,0.0,0.12000000000000001,0.0,0.12000000000000002,0.0,0.0,0.23
chesca_commitment_full_mesh,1019,12,6,0,2.130366507864382,2.130366507864382,0.0,7.66856050491333,0.15291149505854673,90,0.0,0.0,0.0,0.0,0.0,0.0,0.0,0.0,0.21333333333333335
chesca_commitment_full_mesh,1020,13,6,3,2.663139814021127,2.437139814021127,-0.22599999999999998,7.66856050491333,0.13539231378564007,90,3.0,0.0,0.06,0.0,0.06,0.0,0.06,0.02,0.22333333333333336
chesca_commitment_full_mesh,1021,14,6,0,2.9055340680935515,2.905534068093552,4.440892098500626e-16,7.66856050491333,0.06613631624515283,90,0.0,0.0,0.0,0.0,0.0,0.0,0.06,0.02,0.21333333333333335
chesca_commitment_full_mesh,1022,15,6,0,4.328196632559698,4.328196632559699,8.881784197001252e-16,7.66856050491333,0.05388022863135969,90,0.0,0.0,0.0,0.0,0.0,0.0,0.06,0.02,0.19999999999999998
chesca_commitment_full_mesh,1023,16,6,2,5.508174937155168,5.310174937155169,-0.19799999999999862,7.66856050491333,0.23066310127284897,90,2.0,0.0,0.06,0.0,0.06,0.0,0.12000000000000001,0.04,0.20000000000000004
chesca_commitment_full_mesh,1024,17,6,1,6.904119819949923,6.824119819949924,-0.07999999999999918,7.66856050491333,0.3766199499317281,90,1.0,0.0,0.02,0.0,0.02,0.0,0.14,0.04,0.20333333333333334
chesca_commitment_full_mesh,1025,18,6,2,7.978417232930625,7.686417232930625,-0.2920000000000007,7.639089107513428,0.5381435995153592,90,2.0,0.0,0.08000000000000002,0.0,0.08000000000000002,0.0,0.22000000000000003,0.06000000000000001,0.21
chesca_commitment_full_mesh,1026,19,6,0,8.355172862448411,8.35517286244841,-1.7763568394002505e-15,7.639089107513428,0.3394494539310172,90,0.0,0.0,0.0,0.0,0.0,0.0,0.22000000000000003,0.06000000000000001,0.18333333333333335
chesca_commitment_full_mesh,1027,20,6,0,8.018182962656018,8.01818296265602,1.7763568394002505e-15,7.552640438079834,0.13451631820964327,90,0.0,0.0,0.0,0.0,0.0,0.0,0.22000000000000003,0.06000000000000001,0.16333333333333336
chesca_commitment_full_mesh,1028,21,6,6,7.143331779479979,8.019331779479979,0.8759999999999994,7.552640438079834,-0.09935337361991287,90,0.0,6.0,0.0,0.18,0.0,0.24000000000000002,0.04000000000000002,0.02000000000000001,0.20333333333333334
chesca_commitment_full_mesh,1029,22,6,5,6.910542960930838,7.4425429609308384,0.532,7.552640438079834,-0.13085539608688895,90,0.0,5.0,0.0,0.04000000000000001,0.0,0.14,1.734723475976807e-17,1.0408340855860843e-17,0.22666666666666668
chesca_commitment_full_mesh,1030,23,6,0,7.573466734110637,7.573466734110637,0.0,7.552640438079834,-0.009206406647285378,90,0.0,0.0,0.0,0.0,0.0,0.0,1.734723475976807e-17,1.0408340855860843e-17,0.22666666666666668
chesca_commitment_full_mesh,1031,24,6,4,6.268600363144932,6.560600363144932,0.2919999999999998,7.552640438079834,-0.29909460495513507,90,0.0,4.0,0.0,0.0,0.0,0.08000000000000002,1.734723475976807e-17,1.0408340855860843e-17,0.24000000000000002
chesca_commitment_full_mesh,1032,1,6,0,6.780338504409489,6.780338504409489,0.0,7.400930881500244,-0.20989083721935978,90,0.0,0.0,0.0,0.0,0.0,0.0,1.734723475976807e-17,1.0408340855860843e-17,0.24000000000000002
chesca_commitment_full_mesh,1033,2,6,0,6.590306452364406,6.5903064523644055,-8.881784197001252e-16,7.3397536277771,-0.28289884183240827,90,0.0,0.0,0.0,0.0,0.0,0.0,1.734723475976807e-17,1.0408340855860843e-17,0.24000000000000002
chesca_commitment_full_mesh,1034,3,6,0,5.523380708605782,5.523380708605782,0.0,7.3397536277771,-0.37704888933887726,90,0.0,0.0,0.0,0.0,0.0,0.0,1.734723475976807e-17,1.0408340855860843e-17,0.2366666666666667
chesca_commitment_full_mesh,1035,4,6,1,5.032777195101262,5.0987771951012615,0.06599999999999984,7.3397536277771,-0.31107382608541745,90,0.0,1.0,0.0,0.0,0.0,0.020000000000000004,1.734723475976807e-17,1.0408340855860843e-17,0.22
chesca_commitment_full_mesh,1036,5,6,0,5.107097150836984,5.107097150836984,0.0,7.3397536277771,-0.22078672173511746,90,0.0,0.0,0.0,0.0,0.0,0.0,1.734723475976807e-17,1.0408340855860843e-17,0.20000000000000004
chesca_commitment_full_mesh,1037,6,6,6,5.273314939557545,5.6698064059090445,0.3964914663514998,7.3397536277771,-0.0923725447334394,90,0.0,6.0,0.0,1.734723475976807e-17,0.0,0.12000000000000002,0.0,0.0,0.19333333333333336
chesca_commitment_full_mesh,1038,7,6,6,4.431323838937968,4.824839341565675,0.3935155026277073,7.3397536277771,-0.1029884021694605,90,0.0,6.0,0.0,0.0,0.0,0.14,0.0,0.0,0.20333333333333334
chesca_commitment_full_mesh,1039,8,6,5,6.533119287933953,6.255119287933954,-0.2779999999999996,7.3397536277771,0.0767527629081713,90,4.0,1.0,0.08,0.0,0.08,0.019999999999999962,0.08,0.02,0.21666666666666667
chesca_commitment_full_mesh,1040,9,6,4,2.2116655615008143,2.4088044588065483,0.19713889730573397,7.3397536277771,0.008935085012566762,90,0.0,4.0,0.0,0.08,0.0,0.08000000000000002,0.0,0.0,0.23
chesca_commitment_full_mesh,1041,10,6,4,0.3099679091622365,0.5905949281591976,0.2806270189969611,7.332066535949707,-0.8723898331042468,90,0.0,4.0,0.0,0.0,0.0,0.1,0.0,0.0,0.22666666666666666
chesca_commitment_full_mesh,1042,11,6,0,0.40880985479658805,0.40880985479658805,0.0,7.332066535949707,-0.05233158666026634,90,0.0,0.0,0.0,0.0,0.0,0.0,0.0,0.0,0.20666666666666667
chesca_commitment_full_mesh,1043,12,6,0,1.5096942161392095,1.5096942161392097,2.220446049250313e-16,7.332066535949707,0.019001724687366536,90,0.0,0.0,0.0,0.0,0.0,0.0,0.0,0.0,0.20666666666666667
chesca_commitment_full_mesh,1044,13,6,4,2.0104358913588145,1.7324358913588145,-0.278,7.332066535949707,0.11259168853769203,90,4.0,0.0,0.08,0.0,0.08,0.0,0.08,0.02,0.21
chesca_commitment_full_mesh,1045,14,6,4,1.1928527663386237,1.3889704938683949,0.1961177275297712,7.332066535949707,0.011449549904159986,90,0.0,4.0,0.0,0.08,0.0,0.08000000000000002,0.0,0.0,0.22333333333333336
chesca_commitment_full_mesh,1046,15,6,1,4.240924288623717,4.1609242886237165,-0.08000000000000007,7.32384729385376,0.1191535244840697,90,1.0,0.0,0.02,0.0,0.02,0.0,0.02,0.02,0.22666666666666668
chesca_commitment_full_mesh,1047,16,6,3,6.2107571434220015,6.450757143422002,0.2400000000000002,7.327735900878906,-0.32431443678400135,90,0.0,3.0,0.0,0.02,0.0,0.06,0.0,0.0,0.22666666666666668
chesca_commitment_full_mesh,1048,17,6,1,7.716315703754798,7.6503157037547975,-0.06600000000000072,7.3397536277771,0.1299443678943903,90,1.0,0.0,0.020000000000000004,0.0,0.020000000000000004,0.0,0.020000000000000004,0.020000000000000004,0.22666666666666668
chesca_commitment_full_mesh,1049,18,6,3,7.837713664079558,7.625713664079559,-0.21199999999999974,7.400930881500244,0.3353669886127901,90,3.0,0.0,0.06000000000000001,0.0,0.06000000000000001,0.0,0.08000000000000002,0.020000000000000004,0.22333333333333336
chesca_commitment_full_mesh,1050,19,6,1,8.216714605283713,8.136714605283712,-0.08000000000000007,7.400930881500244,0.2432553631418264,90,1.0,0.0,0.01999999999999999,0.0,0.01999999999999999,0.0,0.1,0.020000000000000004,0.22666666666666668
chesca_commitment_full_mesh,1051,20,6,5,7.904006945840776,8.262006945840774,0.3579999999999979,7.400930881500244,-0.06559883706921422,90,0.0,5.0,0.0,0.1,0.0,0.10000000000000002,6.938893903907228e-18,3.469446951953614e-18,0.24333333333333332
chesca_commitment_full_mesh,1052,21,6,0,7.454298856529746,7.454298856529746,0.0,7.400930881500244,-0.12219279945505616,90,0.0,0.0,0.0,0.0,0.0,0.0,6.938893903907228e-18,3.469446951953614e-18,0.20333333333333334
chesca_commitment_full_mesh,1053,22,6,1,7.760242638155871,7.680242638155873,-0.0799999999999983,7.400930881500244,0.09416998067125731,90,1.0,0.0,0.020000000000000004,0.0,0.020000000000000004,0.0,0.02000000000000001,0.020000000000000004,0.18333333333333335
chesca_commitment_full_mesh,1054,23,6,6,9.650227453901051,8.84022745390105,-0.8100000000000005,7.450204849243164,0.5202152894599732,90,6.0,0.0,0.22000000000000003,0.0,0.22000000000000003,0.0,0.24000000000000005,0.060000000000000005,0.21999999999999997
chesca_commitment_full_mesh,1055,24,6,0,8.956284991617636,8.956284991617638,1.7763568394002505e-15,7.450204849243164,0.43037232718866064,90,0.0,0.0,0.0,0.0,0.0,0.0,0.24000000000000005,0.060000000000000005,0.20666666666666664
chesca_commitment_full_mesh,1056,1,6,0,8.476991705956685,8.476991705956685,0.0,7.554469585418701,0.12023157137109597,90,0.0,0.0,0.0,0.0,0.0,0.0,0.24000000000000005,0.060000000000000005,0.20666666666666664
chesca_commitment_full_mesh,1057,2,6,6,7.290696120378834,8.100696120378835,0.8100000000000014,7.554469585418701,-0.11231851302310938,90,0.0,6.0,0.0,0.22000000000000003,0.0,0.22000000000000003,0.019999999999999997,0.019999999999999997,0.24333333333333332
chesca_commitment_full_mesh,1058,3,6,6,6.203011686072093,6.641011686072093,0.4379999999999997,7.639089107513428,-0.664919679087096,90,0.0,6.0,0.0,0.019999999999999997,0.0,0.12000000000000002,0.0,0.0,0.26333333333333336
chesca_commitment_full_mesh,1059,4,6,0,5.147233349298822,5.147233349298822,0.0,7.66856050491333,-0.5872460576916049,90,0.0,0.0,0.0,0.0,0.0,0.0,0.0,0.0,0.26
chesca_commitment_full_mesh,1060,5,6,0,5.560118464030612,5.560118464030612,0.0,7.66856050491333,-0.16533145807865518,90,0.0,0.0,0.0,0.0,0.0,0.0,0.0,0.0,0.26
chesca_commitment_full_mesh,1061,6,6,0,5.592442886479368,5.592442886479368,0.0,7.66856050491333,-0.15276366116589113,90,0.0,0.0,0.0,0.0,0.0,0.0,0.0,0.0,0.24
chesca_commitment_full_mesh,1062,7,6,0,4.9801438101351305,4.9801438101351305,0.0,7.66856050491333,-0.07374342293734612,90,0.0,0.0,0.0,0.0,0.0,0.0,0.0,0.0,0.21666666666666665
chesca_commitment_full_mesh,1063,8,6,1,3.8987630322812494,3.9365863398570538,0.03782330757580432,7.66856050491333,-0.12312873528725699,90,0.0,1.0,0.0,0.0,0.0,0.02,0.0,0.0,0.20333333333333334
chesca_commitment_full_mesh,1064,9,6,6,2.127349063917916,2.601478248205867,0.47412918428795114,7.66856050491333,-0.8590440819933657,90,0.0,6.0,0.0,0.0,0.0,0.16,0.0,0.0,0.21666666666666667
chesca_commitment_full_mesh,1065,10,6,6,2.9099932805795454,3.1527815213171877,0.24278824073764227,7.66856050491333,-1.079548299985869,90,0.0,6.0,0.0,0.0,0.0,0.12000000000000001,0.0,0.0,0.22
chesca_commitment_full_mesh,1066,11,6,4,2.448262370443594,2.5955115888446607,0.14724921840106653,7.66856050491333,-0.7646388974016802,90,0.0,4.0,0.0,0.0,0.0,0.08,0.0,0.0,0.23333333333333336
chesca_commitment_full_mesh,1067,12,6,0,1.1144073110030435,1.1144073110030435,0.0,7.66856050491333,-0.23921472964781693,90,0.0,0.0,0.0,0.0,0.0,0.0,0.0,0.0,0.23333333333333336
chesca_commitment_full_mesh,1068,13,6,3,4.662587370879905,4.8684479813216335,0.20586061044172865,7.697860240936279,-0.49748980116041025,90,0.0,3.0,0.0,0.0,0.0,0.06,0.0,0.0,0.22999999999999998
chesca_commitment_full_mesh,1069,14,6,1,3.6361206296922095,3.673893492651653,0.037772862959443376,7.697860240936279,-0.10180981916762885,90,0.0,1.0,0.0,0.0,0.0,0.02,0.0,0.0,0.22
chesca_commitment_full_mesh,1070,15,6,4,6.7578407775868445,6.479840777586845,-0.2779999999999996,7.697860240936279,0.3564591235222285,90,4.0,0.0,0.08,0.0,0.08,0.0,0.08,0.02,0.22999999999999998
chesca_commitment_full_mesh,1071,16,6,4,6.4901120702679345,6.709367190162262,0.21925511989432778,7.697860240936279,-0.23247345750322493,90,0.0,4.0,0.0,0.08,0.0,0.08000000000000002,0.0,0.0,0.23333333333333336
chesca_commitment_full_mesh,1072,17,6,1,8.04983655716013,7.9698365571601295,-0.08000000000000096,7.697860240936279,0.2814608132104553,90,1.0,0.0,0.020000000000000004,0.0,0.020000000000000004,0.0,0.020000000000000004,0.020000000000000004,0.23333333333333336
chesca_commitment_full_mesh,1073,18,6,6,9.95247806862817,9.354478068628172,-0.597999999999999,7.697860240936279,0.9112187622630129,90,5.0,1.0,0.16,0.0,0.16,0.03999999999999998,0.18000000000000002,0.04000000000000001,0.25666666666666665
chesca_commitment_full_mesh,1074,19,6,2,10.62480727262541,10.492807272625411,-0.13199999999999967,7.697860240936279,1.154728131235204,90,2.0,0.0,0.04000000000000001,0.0,0.04000000000000001,0.0,0.22000000000000003,0.04000000000000001,0.26
chesca_commitment_full_mesh,1075,20,6,0,10.049699375739195,10.049699375739195,0.0,7.697860240936279,0.8002829774334862,90,0.0,0.0,0.0,0.0,0.0,0.0,0.22000000000000003,0.04000000000000001,0.24333333333333337
chesca_commitment_full_mesh,1076,21,6,0,9.51323331104987,9.51323331104987,0.0,7.697860240936279,0.5418110596428574,90,0.0,0.0,0.0,0.0,0.0,0.0,0.22000000000000003,0.04000000000000001,0.24333333333333337
chesca_commitment_full_mesh,1077,22,6,0,8.347466393517738,8.34746639351774,1.7763568394002505e-15,7.697860240936279,0.0990853469627453,90,0.0,0.0,0.0,0.0,0.0,0.0,0.22000000000000003,0.04000000000000001,0.24000000000000002
chesca_commitment_full_mesh,1078,23,6,0,9.242709808247756,9.242709808247756,0.0,7.697860240936279,0.5798483309148503,90,0.0,0.0,0.0,0.0,0.0,0.0,0.22000000000000003,0.04000000000000001,0.20333333333333334
chesca_commitment_full_mesh,1079,24,6,0,8.407991019385527,8.407991019385529,1.7763568394002505e-15,7.697860240936279,0.1014771937983529,90,0.0,0.0,0.0,0.0,0.0,0.0,0.22000000000000003,0.04000000000000001,0.20333333333333334
chesca_commitment_full_mesh,1080,1,6,6,7.225661576686669,7.941426417128812,0.7157648404421435,7.697860240936279,-0.016497046412213473,90,0.0,6.0,0.0,0.2,0.0,0.2,0.020000000000000007,0.020000000000000007,0.2366666666666667
chesca_commitment_full_mesh,1081,2,6,4,6.018409692944461,6.29180048677964,0.27339079383517895,7.697860240936279,-0.46028933376778947,90,0.0,4.0,0.0,0.02,0.0,0.08000000000000002,6.938893903907228e-18,6.938893903907228e-18,0.21333333333333335
chesca_commitment_full_mesh,1082,3,6,3,5.083188016564306,5.295188016564306,0.21199999999999974,7.66856050491333,-0.2366737338172067,90,0.0,3.0,0.0,0.0,0.0,0.06000000000000001,6.938893903907228e-18,6.938893903907228e-18,0.20333333333333334
chesca_commitment_full_mesh,1083,4,6,0,6.231414463972251,6.231414463972252,8.881784197001252e-16,7.66856050491333,-0.0033127789692690562,90,0.0,0.0,0.0,0.0,0.0,0.0,6.938893903907228e-18,6.938893903907228e-18,0.20333333333333334
chesca_commitment_full_mesh,1084,5,6,5,5.264676505309113,5.636676505309113,0.3719999999999999,7.66856050491333,-0.1227408396590578,90,0.0,5.0,0.0,0.0,0.0,0.10000000000000002,6.938893903907228e-18,6.938893903907228e-18,0.22
chesca_commitment_full_mesh,1085,6,6,0,5.435148366193654,5.435148366193654,0.0,7.66856050491333,-0.042190563527309294,90,0.0,0.0,0.0,0.0,0.0,0.0,6.938893903907228e-18,6.938893903907228e-18,0.22
chesca_commitment_full_mesh,1086,7,6,0,5.461168592486596,5.4611685924865965,8.881784197001252e-16,7.66856050491333,0.09553913186423744,90,0.0,0.0,0.0,0.0,0.0,0.0,6.938893903907228e-18,6.938893903907228e-18,0.22
chesca_commitment_full_mesh,1087,8,6,0,3.9236250209077586,3.9236250209077586,0.0,7.639089107513428,-0.04373299750355016,90,0.0,0.0,0.0,0.0,0.0,0.0,6.938893903907228e-18,6.938893903907228e-18,0.21666666666666667
chesca_commitment_full_mesh,1088,9,6,1,2.8137852905457112,2.8515468247383007,0.03776153419258943,7.639089107513428,-0.1807727665344563,90,0.0,1.0,0.0,6.938893903907228e-18,0.0,0.02,0.0,0.0,0.19333333333333336
chesca_commitment_full_mesh,1089,10,6,0,2.1215985962315758,2.1215985962315758,0.0,7.639089107513428,0.03553577997011463,90,0.0,0.0,0.0,0.0,0.0,0.0,0.0,0.0,0.17333333333333337
chesca_commitment_full_mesh,1090,11,6,6,3.207935008196941,2.3319350081969406,-0.8760000000000003,7.639089107513428,0.11395410295063363,90,6.0,0.0,0.24000000000000002,0.0,0.24000000000000002,0.0,0.24000000000000002,0.04,0.19999999999999998
chesca_commitment_full_mesh,1091,12,6,0,5.079486373819501,5.079486373819501,0.0,7.639089107513428,0.1734121756101733,90,0.0,0.0,0.0,0.0,0.0,0.0,0.24000000000000002,0.04,0.19999999999999998
chesca_commitment_full_mesh,1092,13,6,3,3.414670595792748,3.530795096562996,0.11612450077024805,7.639089107513428,0.040775214909653426,90,0.0,3.0,0.0,0.06,0.0,0.06,0.18,0.04,0.20000000000000004
chesca_commitment_full_mesh,1093,14,6,6,3.2103488357456538,3.596295962447144,0.38594712670149,7.639089107513428,-0.0016782680570562834,90,0.0,6.0,0.0,0.16,0.0,0.16,0.019999999999999997,0.019999999999999997,0.22333333333333336
chesca_commitment_full_mesh,1094,15,6,3,5.444724347822816,5.218724347822815,-0.22600000000000087,7.639089107513428,0.31501977000613796,90,3.0,0.0,0.06000000000000001,0.0,0.06000000000000001,0.0,0.08,0.020000000000000004,0.22
chesca_commitment_full_mesh,1095,16,6,4,6.784928462449125,6.492928462449125,-0.2919999999999998,7.639089107513428,0.6794432443904443,90,4.0,0.0,0.08000000000000002,0.0,0.08000000000000002,0.0,0.16,0.04000000000000001,0.22
chesca_commitment_full_mesh,1096,17,6,1,7.756682134374865,7.690682134374864,-0.06600000000000072,7.639089107513428,0.6139773596250523,90,1.0,0.0,0.02,0.0,0.02,0.0,0.18000000000000002,0.04000000000000001,0.22
chesca_commitment_full_mesh,1097,18,6,4,10.652612992849331,10.36061299284933,-0.2920000000000016,7.66856050491333,0.9402841881796189,90,4.0,0.0,0.07999999999999999,0.0,0.07999999999999999,0.0,0.25999999999999995,0.060000000000000005,0.19999999999999998
chesca_commitment_full_mesh,1098,19,6,6,11.578253115161578,10.980253115161576,-0.5980000000000025,7.66856050491333,1.3479690417283816,90,6.0,0.0,0.16000000000000003,0.0,0.16000000000000003,0.0,0.42000000000000004,0.1,0.22
chesca_commitment_full_mesh,1099,20,6,3,11.812343185390953,11.600343185390953,-0.21199999999999974,7.66856050491333,1.6061503639586177,90,3.0,0.0,0.06,0.0,0.06,0.0,0.48000000000000004,0.1,0.23
chesca_commitment_full_mesh,1100,21,6,0,10.940128359949776,10.940128359949776,0.0,7.66856050491333,1.1441617153010282,90,0.0,0.0,0.0,0.0,0.0,0.0,0.48000000000000004,0.1,0.23
chesca_commitment_full_mesh,1101,22,6,0,8.591802289336199,8.591802289336199,0.0,7.697860240936279,0.26692886043686676,90,0.0,0.0,0.0,0.0,0.0,0.0,0.48000000000000004,0.1,0.23
chesca_commitment_full_mesh,1102,23,6,0,8.543196100381541,8.543196100381541,0.0,7.697860240936279,0.35100621340950067,90,0.0,0.0,0.0,0.0,0.0,0.0,0.48000000000000004,0.1,0.23
chesca_commitment_full_mesh,1103,24,6,0,8.586496437978083,8.58649643797808,-1.7763568394002505e-15,7.697860240936279,0.23804744450773563,90,0.0,0.0,0.0,0.0,0.0,0.0,0.48000000000000004,0.1,0.23
chesca_commitment_full_mesh,1104,1,6,0,8.533013562096281,8.533013562096281,0.0,7.697860240936279,0.21502370254378003,90,0.0,0.0,0.0,0.0,0.0,0.0,0.48000000000000004,0.1,0.19666666666666666
chesca_commitment_full_mesh,1105,2,6,6,8.066202258170389,8.805921457787646,0.739719199617257,7.697860240936279,-0.03265129847613135,90,0.0,6.0,0.0,0.22000000000000006,0.0,0.22000000000000006,0.25999999999999995,0.06,0.22
chesca_commitment_full_mesh,1106,3,6,6,5.2486449197243505,5.96218180986945,0.7135368901450994,7.715421676635742,-0.3732461161946097,90,0.0,6.0,0.0,0.22000000000000003,0.0,0.22000000000000003,0.03999999999999998,0.01999999999999999,0.24666666666666667
chesca_commitment_full_mesh,1107,4,6,2,5.250512070186384,5.4105120701863845,0.16000000000000014,7.715421676635742,-0.17351199255828875,90,0.0,2.0,0.0,0.03999999999999998,0.0,0.04000000000000001,0.0,0.0,0.25333333333333335
chesca_commitment_full_mesh,1108,5,6,0,5.087842345926021,5.087842345926021,0.0,7.715421676635742,-0.133860757469826,90,0.0,0.0,0.0,0.0,0.0,0.0,0.0,0.0,0.2366666666666667
chesca_commitment_full_mesh,1109,6,6,1,5.877896315658745,5.943896315658745,0.06599999999999984,7.715421676635742,-0.09093433344020052,90,0.0,1.0,0.0,0.0,0.0,0.02,0.0,0.0,0.24000000000000002
chesca_commitment_full_mesh,1110,7,6,0,4.710734340869179,4.710734340869179,0.0,7.715421676635742,-0.012289731103860918,90,0.0,0.0,0.0,0.0,0.0,0.0,0.0,0.0,0.24000000000000002
chesca_commitment_full_mesh,1111,8,6,0,3.8360094352463676,3.8360094352463676,0.0,7.715421676635742,-0.060221306924923904,90,0.0,0.0,0.0,0.0,0.0,0.0,0.0,0.0,0.24000000000000002
chesca_commitment_full_mesh,1112,9,6,0,1.6063892139236733,1.606389213923673,-2.220446049250313e-16,7.715421676635742,-0.20118467119600172,90,0.0,0.0,0.0,0.0,0.0,0.0,0.0,0.0,0.2366666666666667
chesca_commitment_full_mesh,1113,10,6,0,0.1323812496054303,0.1323812496054304,1.1102230246251565e-16,7.715421676635742,-0.16423482520448235,90,0.0,0.0,0.0,0.0,0.0,0.0,0.0,0.0,0.2366666666666667
chesca_commitment_full_mesh,1114,11,6,0,1.5912097818114885,1.5912097818114885,0.0,7.715421676635742,0.13929787833227508,90,0.0,0.0,0.0,0.0,0.0,0.0,0.0,0.0,0.19666666666666666
chesca_commitment_full_mesh,1115,12,6,0,0.38571290157451843,0.3857129015745183,-1.1102230246251565e-16,7.715421676635742,-0.014357684573438258,90,0.0,0.0,0.0,0.0,0.0,0.0,0.0,0.0,0.19666666666666666
chesca_commitment_full_mesh,1116,13,6,6,2.700544833304559,2.1965448333045603,-0.5039999999999987,7.715421676635742,0.3546835846376108,90,6.0,0.0,0.14,0.0,0.14,0.0,0.14,0.04,0.21
chesca_commitment_full_mesh,1117,14,6,6,3.652941037086549,4.017707544680713,0.3647665075941635,7.715421676635742,-0.024818036506078237,90,0.0,6.0,0.0,0.14,0.0,0.14,0.0,0.0,0.20666666666666667
chesca_commitment_full_mesh,1118,15,6,4,5.452735571422895,5.160735571422895,-0.2920000000000007,7.715421676635742,0.24775632846563928,90,4.0,0.0,0.08000000000000002,0.0,0.08000000000000002,0.0,0.08000000000000002,0.020000000000000004,0.21
chesca_commitment_full_mesh,1119,16,6,1,7.466355137219844,7.3863551372198435,-0.08000000000000007,7.715421676635742,0.30087750281908127,90,1.0,0.0,0.020000000000000004,0.0,0.020000000000000004,0.0,0.10000000000000002,0.020000000000000004,0.19999999999999998
chesca_commitment_full_mesh,1120,17,6,5,10.690220737182573,10.186220737182571,-0.5040000000000013,7.726902008056641,0.6263349227599343,90,5.0,0.0,0.14,0.0,0.14,0.0,0.24000000000000005,0.06000000000000001,0.22
chesca_commitment_full_mesh,1121,18,6,4,11.291678336488815,10.919678336488815,-0.3719999999999999,7.777950286865234,1.2927137259888322,90,4.0,0.0,0.09999999999999999,0.0,0.09999999999999999,0.0,0.34,0.06000000000000001,0.22333333333333336
chesca_commitment_full_mesh,1122,19,6,3,11.75676201212578,11.530762012125779,-0.22600000000000087,7.777950286865234,1.482686499171495,90,3.0,0.0,0.06,0.0,0.06,0.0,0.4,0.08000000000000002,0.20666666666666667
chesca_commitment_full_mesh,1123,20,6,1,11.734729748287865,11.654729748287865,-0.08000000000000007,7.777950286865234,1.2447635715691439,90,1.0,0.0,0.02,0.0,0.02,0.0,0.42000000000000004,0.08000000000000002,0.19999999999999998
chesca_commitment_full_mesh,1124,21,6,0,10.572898217242885,10.572898217242884,-1.7763568394002505e-15,7.777950286865234,0.27077965642299573,90,0.0,0.0,0.0,0.0,0.0,0.0,0.42000000000000004,0.08000000000000002,0.19999999999999998
chesca_commitment_full_mesh,1125,22,6,0,9.096336280198972,9.096336280198972,0.0,7.777950286865234,0.35603365075434884,90,0.0,0.0,0.0,0.0,0.0,0.0,0.42000000000000004,0.08000000000000002,0.19999999999999998
chesca_commitment_full_mesh,1126,23,6,0,9.40964188988232,9.40964188988232,0.0,7.777950286865234,0.6531516741240236,90,0.0,0.0,0.0,0.0,0.0,0.0,0.42000000000000004,0.08000000000000002,0.19999999999999998
chesca_commitment_full_mesh,1127,24,6,0,9.25558761991806,9.25558761991806,0.0,7.777950286865234,0.49051575324366303,90,0.0,0.0,0.0,0.0,0.0,0.0,0.42000000000000004,0.08000000000000002,0.19999999999999998
chesca_commitment_full_mesh,1128,1,6,0,8.215148969370354,8.215148969370354,0.0,7.777950286865234,0.08166950672807827,90,0.0,0.0,0.0,0.0,0.0,0.0,0.42000000000000004,0.08000000000000002,0.19999999999999998
chesca_commitment_full_mesh,1129,2,6,6,6.833217049914642,7.563217049914642,0.7300000000000004,7.777950286865234,-0.025758465868249668,90,0.0,6.0,0.0,0.20000000000000004,0.0,0.20000000000000004,0.22,0.06000000000000001,0.19666666666666666
chesca_commitment_full_mesh,1130,3,6,6,5.477525560379029,6.35352556037903,0.8760000000000003,7.726902008056641,-0.0824253062289131,90,0.0,6.0,0.0,0.19999999999999998,0.0,0.24000000000000005,0.02000000000000001,0.02000000000000001,0.19999999999999998
chesca_commitment_full_mesh,1131,4,6,1,5.356258128325144,5.436258128325144,0.08000000000000007,7.726902008056641,-0.02287655595964072,90,0.0,1.0,0.0,0.020000000000000004,0.0,0.020000000000000004,6.938893903907228e-18,6.938893903907228e-18,0.19666666666666666
chesca_commitment_full_mesh,1132,5,6,0,5.022025783842191,5.022025783842192,8.881784197001252e-16,7.726902008056641,0.06639042059491042,90,0.0,0.0,0.0,0.0,0.0,0.0,6.938893903907228e-18,6.938893903907228e-18,0.19666666666666666
chesca_commitment_full_mesh,1133,6,6,5,5.158551079690547,4.654551079690547,-0.5039999999999996,7.726902008056641,0.09468903277606344,90,5.0,0.0,0.14,0.0,0.14,0.0,0.14,0.04,0.21666666666666667
chesca_commitment_full_mesh,1134,7,6,1,5.072687384023647,5.006687384023647,-0.06599999999999984,7.726902008056641,0.25266123224026005,90,1.0,0.0,0.020000000000000004,0.0,0.020000000000000004,0.0,0.16,0.04,0.22
chesca_commitment_full_mesh,1135,8,6,6,4.194360372630402,4.510516978035548,0.3161566054051459,7.777950286865234,-0.35709190352278647,90,0.0,6.0,0.0,0.16,0.0,0.16000000000000003,3.469446951953614e-18,3.469446951953614e-18,0.2466666666666667
chesca_commitment_full_mesh,1136,9,6,0,2.8469025750061867,2.8469025750061863,-4.440892098500626e-16,7.777950286865234,0.04943065046678553,90,0.0,0.0,0.0,0.0,0.0,0.0,3.469446951953614e-18,3.469446951953614e-18,0.2466666666666667
chesca_commitment_full_mesh,1137,10,6,0,3.1537439034506844,3.153743903450684,-4.440892098500626e-16,7.777950286865234,0.1937141542171676,90,0.0,0.0,0.0,0.0,0.0,0.0,3.469446951953614e-18,3.469446951953614e-18,0.2466666666666667
chesca_commitment_full_mesh,1138,11,6,0,2.718261481870953,2.7182614818709525,-4.440892098500626e-16,7.777950286865234,0.2896441413246805,90,0.0,0.0,0.0,0.0,0.0,0.0,3.469446951953614e-18,3.469446951953614e-18,0.2466666666666667
chesca_commitment_full_mesh,1139,12,6,0,3.0950469744711038,3.0950469744711038,0.0,7.777950286865234,0.19507238890843204,90,0.0,0.0,0.0,0.0,0.0,0.0,3.469446951953614e-18,3.469446951953614e-18,0.2466666666666667
chesca_commitment_full_mesh,1140,13,6,0,4.307389713565622,4.307389713565622,0.0,7.777950286865234,0.4227487447892816,90,0.0,0.0,0.0,0.0,0.0,0.0,3.469446951953614e-18,3.469446951953614e-18,0.22333333333333336
chesca_commitment_full_mesh,1141,14,6,4,5.49307014443583,5.187070144435831,-0.30599999999999916,7.777950286865234,0.3581118475073337,90,4.0,0.0,0.08000000000000002,0.0,0.08000000000000002,0.0,0.08000000000000002,0.020000000000000007,0.21333333333333335
chesca_commitment_full_mesh,1142,15,6,0,6.149892488061738,6.149892488061738,0.0,7.777950286865234,0.32907291995094634,90,0.0,0.0,0.0,0.0,0.0,0.0,0.08000000000000002,0.020000000000000007,0.19999999999999998
chesca_commitment_full_mesh,1143,16,6,2,7.570441897899171,7.438441897899171,-0.13199999999999967,7.777950286865234,0.3034542617994047,90,2.0,0.0,0.04,0.0,0.04,0.0,0.12000000000000002,0.020000000000000007,0.20333333333333334
chesca_commitment_full_mesh,1144,17,6,4,8.94929284543721,8.64329284543721,-0.30599999999999916,7.777950286865234,0.5922450076389264,90,4.0,0.0,0.08,0.0,0.08,0.0,0.19999999999999998,0.04000000000000001,0.19333333333333333
chesca_commitment_full_mesh,1145,18,6,6,11.080639760155034,10.364639760155033,-0.7160000000000011,7.729959487915039,1.148915994516039,90,6.0,0.0,0.20000000000000004,0.0,0.20000000000000004,0.0,0.4,0.08000000000000002,0.21
chesca_commitment_full_mesh,1146,19,6,2,13.32888762651274,13.16888762651274,-0.16000000000000014,7.729959487915039,1.622186561435511,90,2.0,0.0,0.04,0.0,0.04,0.0,0.44000000000000006,0.08000000000000002,0.20666666666666667
chesca_commitment_full_mesh,1147,20,6,0,12.815883457461695,12.815883457461693,-1.7763568394002505e-15,7.729959487915039,0.9281859978488883,90,0.0,0.0,0.0,0.0,0.0,0.0,0.44000000000000006,0.08000000000000002,0.20333333333333334
chesca_commitment_full_mesh,1148,21,6,0,10.90731156720427,10.907311567204268,-1.7763568394002505e-15,7.729959487915039,0.8436624545895135,90,0.0,0.0,0.0,0.0,0.0,0.0,0.44000000000000006,0.08000000000000002,0.20333333333333334
chesca_commitment_full_mesh,1149,22,6,0,9.512445412425137,9.512445412425137,0.0,7.729959487915039,0.4920687062155583,90,0.0,0.0,0.0,0.0,0.0,0.0,0.44000000000000006,0.08000000000000002,0.20333333333333334
chesca_commitment_full_mesh,1150,23,6,0,9.67261709539325,9.672617095393248,-1.7763568394002505e-15,7.779819488525391,0.6936746890438824,90,0.0,0.0,0.0,0.0,0.0,0.0,0.44000000000000006,0.08000000000000002,0.20333333333333334
chesca_commitment_full_mesh,1151,24,6,0,10.195846013499974,10.195846013499974,0.0,7.779819488525391,0.8289897327919686,90,0.0,0.0,0.0,0.0,0.0,0.0,0.44000000000000006,0.08000000000000002,0.20333333333333334
chesca_commitment_full_mesh,1152,1,6,0,9.82446137606664,9.82446137606664,0.0,7.779819488525391,0.6187494429750554,90,0.0,0.0,0.0,0.0,0.0,0.0,0.44000000000000006,0.08000000000000002,0.20333333333333334
chesca_commitment_full_mesh,1153,2,6,0,8.664383658706576,8.664383658706575,-1.7763568394002505e-15,7.779819488525391,0.22212199367480176,90,0.0,0.0,0.0,0.0,0.0,0.0,0.44000000000000006,0.08000000000000002,0.17000000000000004
chesca_commitment_full_mesh,1154,3,6,6,6.540830048611177,7.416830048611177,0.8760000000000003,7.779819488525391,-0.024877283019207067,90,0.0,6.0,0.0,0.24000000000000005,0.0,0.24000000000000005,0.2,0.04000000000000001,0.17000000000000004
chesca_commitment_full_mesh,1155,4,6,6,5.94397636114488,6.68797636114488,0.7439999999999998,7.729959487915039,-0.00559345094154351,90,0.0,6.0,0.0,0.19999999999999998,0.0,0.2,2.0816681711721685e-17,1.3877787807814457e-17,0.19999999999999998
chesca_commitment_full_mesh,1156,5,6,0,5.209065516751425,5.209065516751425,0.0,7.729959487915039,0.007303520144582992,90,0.0,0.0,0.0,0.0,0.0,0.0,2.0816681711721685e-17,1.3877787807814457e-17,0.19999999999999998
chesca_commitment_full_mesh,1157,6,6,6,5.351715562587468,4.913715562587468,-0.4379999999999997,7.729959487915039,0.12281766799346316,90,6.0,0.0,0.12000000000000001,0.0,0.12000000000000001,0.0,0.12000000000000004,0.020000000000000014,0.19666666666666668
chesca_commitment_full_mesh,1158,7,6,0,5.287254761147374,5.287254761147374,0.0,7.729959487915039,0.2314997897058633,90,0.0,0.0,0.0,0.0,0.0,0.0,0.12000000000000004,0.020000000000000014,0.19333333333333336
chesca_commitment_full_mesh,1159,8,6,6,4.874695648086671,5.469225485725207,0.594529837638536,7.779819488525391,-0.5607085205305382,90,0.0,6.0,0.0,0.12000000000000002,0.0,0.18,1.0408340855860843e-17,1.0408340855860843e-17,0.19666666666666668
chesca_commitment_full_mesh,1160,9,6,0,3.2110751959825503,3.2110751959825503,0.0,7.779819488525391,0.036656916082943636,90,0.0,0.0,0.0,0.0,0.0,0.0,1.0408340855860843e-17,1.0408340855860843e-17,0.19666666666666668
chesca_commitment_full_mesh,1161,10,6,4,3.407254612368458,2.997254612368457,-0.41000000000000103,7.779819488525391,0.09084732037804108,90,4.0,0.0,0.12,0.0,0.12,0.0,0.12000000000000001,0.04000000000000001,0.21666666666666667
chesca_commitment_full_mesh,1162,11,6,0,2.7944117241310096,2.7944117241310096,0.0,7.779819488525391,0.20844617347712385,90,0.0,0.0,0.0,0.0,0.0,0.0,0.12000000000000001,0.04000000000000001,0.21666666666666667
chesca_commitment_full_mesh,1163,12,6,0,2.699826675841382,2.6998266758413823,4.440892098500626e-16,7.779819488525391,0.21899040570016806,90,0.0,0.0,0.0,0.0,0.0,0.0,0.12000000000000001,0.04000000000000001,0.21666666666666667
chesca_commitment_full_mesh,1164,13,6,2,4.779922564158851,4.619922564158851,-0.16000000000000014,7.779819488525391,0.41185863343892604,90,2.0,0.0,0.04000000000000001,0.0,0.04000000000000001,0.0,0.16000000000000003,0.04000000000000001,0.22333333333333336
chesca_commitment_full_mesh,1165,14,6,6,4.2208326019482785,4.565823980809658,0.34499137886137987,7.830466270446777,-0.2411666226945612,90,0.0,6.0,0.0,0.16000000000000003,0.0,0.16000000000000003,3.469446951953614e-18,3.469446951953614e-18,0.2366666666666667
chesca_commitment_full_mesh,1166,15,6,0,6.486353670406435,6.486353670406434,-8.881784197001252e-16,7.840855121612549,-0.14042011183466543,90,0.0,0.0,0.0,0.0,0.0,0.0,3.469446951953614e-18,3.469446951953614e-18,0.2366666666666667
chesca_commitment_full_mesh,1167,16,6,2,8.272345438240952,8.126345438240952,-0.1460000000000008,7.861253261566162,0.40106492535797894,90,2.0,0.0,0.039999999999999994,0.0,0.039999999999999994,0.0,0.039999999999999994,0.020000000000000004,0.2366666666666667
chesca_commitment_full_mesh,1168,17,6,0,8.289315919861075,8.289315919861075,0.0,7.939508438110352,0.14770591268761069,90,0.0,0.0,0.0,0.0,0.0,0.0,0.039999999999999994,0.020000000000000004,0.22333333333333336
chesca_commitment_full_mesh,1169,18,6,3,8.473758108607006,8.247758108607005,-0.22600000000000087,7.939508438110352,0.5461332799886827,90,3.0,0.0,0.06000000000000001,0.0,0.06000000000000001,0.0,0.1,0.020000000000000007,0.19999999999999998
chesca_commitment_full_mesh,1170,19,6,6,12.055340844111306,11.179340844111307,-0.8759999999999994,7.861253261566162,1.3096519705730902,90,6.0,0.0,0.24000000000000005,0.0,0.24000000000000005,0.0,0.34,0.06000000000000001,0.23333333333333336
chesca_commitment_full_mesh,1171,20,6,1,12.714784797430038,12.634784797430038,-0.08000000000000007,7.861253261566162,1.63550275488824,90,1.0,0.0,0.02,0.0,0.02,0.0,0.36000000000000004,0.08,0.2366666666666667
chesca_commitment_full_mesh,1172,21,6,0,11.324841441656623,11.324841441656622,-1.7763568394002505e-15,7.939508438110352,0.9043341138054783,90,0.0,0.0,0.0,0.0,0.0,0.0,0.36000000000000004,0.08,0.2366666666666667
chesca_commitment_full_mesh,1173,22,6,6,8.395198564539562,9.271198564539564,0.8760000000000012,8.060639381408691,-0.29692743657185294,90,0.0,6.0,0.0,0.24000000000000002,0.0,0.24000000000000002,0.12000000000000002,0.04,0.27666666666666667
chesca_commitment_full_mesh,1174,23,6,0,8.636384716895748,8.636384716895748,0.0,8.172691345214844,0.16497372276889374,90,0.0,0.0,0.0,0.0,0.0,0.0,0.12000000000000002,0.04,0.27666666666666667
chesca_commitment_full_mesh,1175,24,6,0,9.558232736408144,9.558232736408144,0.0,8.236385345458984,0.5349662136680625,90,0.0,0.0,0.0,0.0,0.0,0.0,0.12000000000000002,0.04,0.27666666666666667
chesca_commitment_full_mesh,1176,1,6,0,9.1600749553163,9.1600749553163,0.0,8.255106925964355,0.1727481069324336,90,0.0,0.0,0.0,0.0,0.0,0.0,0.12000000000000002,0.04,0.27666666666666667
chesca_commitment_full_mesh,1177,2,6,0,8.274862905808986,8.274862905808986,0.0,8.265885353088379,0.04164627967454511,90,0.0,0.0,0.0,0.0,0.0,0.0,0.12000000000000002,0.04,0.27666666666666667
chesca_commitment_full_mesh,1178,3,6,0,7.25029422051706,7.250294220517059,-8.881784197001252e-16,8.265885353088379,0.018924074576717395,90,0.0,0.0,0.0,0.0,0.0,0.0,0.12000000000000002,0.04,0.2366666666666667
chesca_commitment_full_mesh,1179,4,6,1,10.294762876796506,10.228762876796505,-0.06600000000000072,8.265885353088379,0.9186726833788106,90,1.0,0.0,0.020000000000000004,0.0,0.020000000000000004,0.0,0.14000000000000004,0.04,0.20666666666666667
chesca_commitment_full_mesh,1180,5,6,4,5.4081109851411595,5.71411098514116,0.30600000000000005,8.265885353088379,0.027225903743047827,90,0.0,4.0,0.0,0.08,0.0,0.08000000000000002,0.06000000000000003,0.02000000000000001,0.22
chesca_commitment_full_mesh,1181,6,6,1,5.896736688593545,5.830736688593545,-0.06599999999999984,8.265885353088379,0.13627100062256362,90,1.0,0.0,0.020000000000000004,0.0,0.020000000000000004,0.0,0.08000000000000004,0.02000000000000001,0.20333333333333334
chesca_commitment_full_mesh,1182,7,6,2,4.9604312311242085,4.800431231124208,-0.16000000000000014,8.265885353088379,0.0963506344166938,90,2.0,0.0,0.04,0.0,0.04,0.0,0.12000000000000005,0.02000000000000001,0.21
chesca_commitment_full_mesh,1183,8,6,0,4.316361150960278,4.316361150960278,0.0,8.265885353088379,0.11489088781079032,90,0.0,0.0,0.0,0.0,0.0,0.0,0.12000000000000005,0.02000000000000001,0.17999999999999997
chesca_commitment_full_mesh,1184,9,6,6,5.088768683337269,5.549476876304566,0.4607081929672967,8.28171443939209,-0.1803561770186431,90,0.0,6.0,0.0,0.12000000000000002,0.0,0.16000000000000003,1.3877787807814457e-17,6.938893903907228e-18,0.20666666666666667
chesca_commitment_full_mesh,1185,10,6,4,3.0750553804831027,2.769055380483103,-0.3059999999999996,8.28171443939209,0.08590077271854105,90,4.0,0.0,0.08,0.0,0.08,0.0,0.08000000000000002,0.020000000000000007,0.20000000000000004
chesca_commitment_full_mesh,1186,11,6,4,1.1487187620236678,1.3676394250010249,0.21892066297735702,8.28171443939209,0.003456238268545936,90,0.0,4.0,0.0,0.08000000000000002,0.0,0.08000000000000002,6.938893903907228e-18,3.469446951953614e-18,0.21333333333333337
chesca_commitment_full_mesh,1187,12,6,2,1.8352981955360628,1.571298195536063,-0.2639999999999998,8.28171443939209,0.1068170653065428,90,2.0,0.0,0.08,0.0,0.08,0.0,0.08000000000000002,0.04,0.22666666666666668
chesca_commitment_full_mesh,1188,13,6,0,3.9276869933584977,3.9276869933584972,-4.440892098500626e-16,8.28171443939209,0.15455985847328216,90,0.0,0.0,0.0,0.0,0.0,0.0,0.08000000000000002,0.04,0.22
chesca_commitment_full_mesh,1189,14,6,0,4.491952640233373,4.491952640233374,8.881784197001252e-16,8.28171443939209,0.06304199046546317,90,0.0,0.0,0.0,0.0,0.0,0.0,0.08000000000000002,0.04,0.19333333333333333
chesca_commitment_full_mesh,1190,15,6,6,3.4876876243379664,3.7731377904167935,0.2854501660788271,8.28171443939209,-0.16347528518267865,90,0.0,6.0,0.0,0.08000000000000002,0.0,0.16,0.0,0.0,0.22
chesca_commitment_full_mesh,1191,16,6,6,5.348920666422783,4.910920666422783,-0.4380000000000006,8.28171443939209,0.4265596498605493,90,6.0,0.0,0.12000000000000002,0.0,0.12000000000000002,0.0,0.12000000000000002,0.020000000000000004,0.23333333333333336
chesca_commitment_full_mesh,1192,17,6,0,6.833586977196356,6.833586977196355,-8.881784197001252e-16,8.28171443939209,0.643747106114228,90,0.0,0.0,0.0,0.0,0.0,0.0,0.12000000000000002,0.020000000000000004,0.23333333333333336
chesca_commitment_full_mesh,1193,18,6,0,7.804416135223349,7.804416135223349,0.0,8.28171443939209,0.4451916998798351,90,0.0,0.0,0.0,0.0,0.0,0.0,0.12000000000000002,0.020000000000000004,0.22333333333333336
chesca_commitment_full_mesh,1194,19,6,0,8.18357446523027,8.18357446523027,0.0,8.28171443939209,0.10693372813284706,90,0.0,0.0,0.0,0.0,0.0,0.0,0.12000000000000002,0.020000000000000004,0.18333333333333332
chesca_commitment_full_mesh,1195,20,6,0,8.974965963926582,8.974965963926582,0.0,8.28171443939209,0.34742162654865294,90,0.0,0.0,0.0,0.0,0.0,0.0,0.12000000000000002,0.020000000000000004,0.18000000000000002
chesca_commitment_full_mesh,1196,21,6,0,9.135923221202217,9.135923221202217,0.0,8.28171443939209,0.32559931336206294,90,0.0,0.0,0.0,0.0,0.0,0.0,0.12000000000000002,0.020000000000000004,0.18000000000000002
chesca_commitment_full_mesh,1197,22,6,6,8.017354528045392,8.455354528045392,0.4380000000000006,8.31484603881836,0.010605183735617682,90,0.0,6.0,0.0,0.12000000000000002,0.0,0.12000000000000002,0.0,0.0,0.16
chesca_commitment_full_mesh,1198,23,6,0,8.269804864641195,8.269804864641195,0.0,8.31484603881836,0.07270829850359797,90,0.0,0.0,0.0,0.0,0.0,0.0,0.0,0.0,0.16
chesca_commitment_full_mesh,1199,24,6,0,7.758872118243107,7.758872118243106,-8.881784197001252e-16,8.31484603881836,0.042412915342828095,90,0.0,0.0,0.0,0.0,0.0,0.0,0.0,0.0,0.16
chesca_commitment_full_mesh,1200,1,6,0,8.31487045790553,8.314870457905531,1.7763568394002505e-15,8.342113494873047,0.006196755453066083,90,0.0,0.0,0.0,0.0,0.0,0.0,0.0,0.0,0.16
chesca_commitment_full_mesh,1201,2,6,0,6.949793416991844,6.949793416991843,-8.881784197001252e-16,8.342113494873047,-0.05287482142557885,90,0.0,0.0,0.0,0.0,0.0,0.0,0.0,0.0,0.16
chesca_commitment_full_mesh,1202,3,6,0,6.69853809390453,6.69853809390453,0.0,8.342113494873047,0.0529583999542552,90,0.0,0.0,0.0,0.0,0.0,0.0,0.0,0.0,0.16
chesca_commitment_full_mesh,1203,4,6,0,4.768782144130474,4.768782144130474,0.0,8.342113494873047,-0.05965829181888174,90,0.0,0.0,0.0,0.0,0.0,0.0,0.0,0.0,0.15666666666666668
chesca_commitment_full_mesh,1204,5,6,6,8.018867251018168,7.142867251018168,-0.8760000000000003,8.342113494873047,0.31546583898447067,90,6.0,0.0,0.24000000000000002,0.0,0.24000000000000002,0.0,0.24000000000000002,0.04000000000000001,0.18333333333333335
chesca_commitment_full_mesh,1205,6,6,0,6.3035790861864,6.303579086186399,-8.881784197001252e-16,8.342113494873047,0.3604922094773805,90,0.0,0.0,0.0,0.0,0.0,0.0,0.24000000000000002,0.04000000000000001,0.18000000000000002
chesca_commitment_full_mesh,1206,7,6,0,5.235350188733274,5.235350188733274,0.0,8.342113494873047,0.1182103388252281,90,0.0,0.0,0.0,0.0,0.0,0.0,0.24000000000000002,0.04000000000000001,0.17333333333333337
chesca_commitment_full_mesh,1207,8,6,0,3.987560136351023,3.987560136351023,0.0,8.342113494873047,0.08159406460013921,90,0.0,0.0,0.0,0.0,0.0,0.0,0.24000000000000002,0.04000000000000001,0.17333333333333337
chesca_commitment_full_mesh,1208,9,6,6,3.3359855591278826,3.7022337113115653,0.3662481521836827,8.342113494873047,-0.03774361927959151,90,0.0,6.0,0.0,0.24000000000000002,0.0,0.24000000000000002,0.0,0.0,0.18666666666666665
chesca_commitment_full_mesh,1209,10,6,6,2.5509136602539453,2.80637383740909,0.2554601771551446,8.342113494873047,-0.11434220687581914,90,0.0,6.0,0.0,0.0,0.0,0.12,0.0,0.0,0.19333333333333333
chesca_commitment_full_mesh,1210,11,6,0,2.4079265086626753,2.4079265086626758,4.440892098500626e-16,8.342113494873047,0.023070060642823867,90,0.0,0.0,0.0,0.0,0.0,0.0,0.0,0.0,0.18000000000000002
chesca_commitment_full_mesh,1211,12,6,4,4.925225923696007,5.32904936147758,0.4038234377815728,8.342113494873047,-0.21596113819937862,90,0.0,4.0,0.0,0.0,0.0,0.12000000000000001,0.0,0.0,0.18666666666666665
chesca_commitment_full_mesh,1212,13,6,6,5.379220969167326,4.663220969167327,-0.7159999999999993,8.342113494873047,0.14078000783446432,90,6.0,0.0,0.20000000000000004,0.0,0.20000000000000004,0.0,0.20000000000000004,0.04000000000000001,0.22
chesca_commitment_full_mesh,1213,14,6,0,4.476447556819842,4.476447556819842,0.0,8.342113494873047,0.09722763369045176,90,0.0,0.0,0.0,0.0,0.0,0.0,0.20000000000000004,0.04000000000000001,0.22
chesca_commitment_full_mesh,1214,15,6,0,6.339355885532719,6.339355885532719,0.0,8.342113494873047,0.2304231509038061,90,0.0,0.0,0.0,0.0,0.0,0.0,0.20000000000000004,0.04000000000000001,0.19333333333333333
chesca_commitment_full_mesh,1215,16,6,2,8.054501852547338,7.894501852547338,-0.16000000000000014,8.31484603881836,0.5440038408940533,90,2.0,0.0,0.04000000000000001,0.0,0.04000000000000001,0.0,0.24000000000000005,0.04000000000000001,0.18000000000000002
chesca_commitment_full_mesh,1216,17,6,6,9.925718188214217,9.209718188214216,-0.7160000000000011,8.28171443939209,1.1493879920229129,90,6.0,0.0,0.20000000000000004,0.0,0.20000000000000004,0.0,0.44000000000000006,0.08000000000000002,0.21333333333333335
chesca_commitment_full_mesh,1217,18,6,0,11.106742941806953,11.106742941806951,-1.7763568394002505e-15,8.299866676330566,1.430100496357511,90,0.0,0.0,0.0,0.0,0.0,0.0,0.44000000000000006,0.08000000000000002,0.21333333333333335
chesca_commitment_full_mesh,1218,19,6,0,10.656986248034947,10.656986248034949,1.7763568394002505e-15,8.323577880859375,0.6806624578205819,90,0.0,0.0,0.0,0.0,0.0,0.0,0.44000000000000006,0.08000000000000002,0.21333333333333335
chesca_commitment_full_mesh,1219,20,6,0,9.001722109278095,9.001722109278093,-1.7763568394002505e-15,8.323577880859375,0.17461011976351853,90,0.0,0.0,0.0,0.0,0.0,0.0,0.44000000000000006,0.08000000000000002,0.21333333333333335
chesca_commitment_full_mesh,1220,21,6,0,7.960444836839267,7.960444836839267,0.0,8.323577880859375,0.04955177433466729,90,0.0,0.0,0.0,0.0,0.0,0.0,0.44000000000000006,0.08000000000000002,0.21333333333333335
chesca_commitment_full_mesh,1221,22,6,2,8.12154938264239,8.25354938264239,0.13199999999999967,8.333922386169434,0.03415418179051122,90,0.0,2.0,0.0,0.04,0.0,0.04,0.4000000000000001,0.08000000000000002,0.19999999999999998
chesca_commitment_full_mesh,1222,23,6,6,7.734407486098479,8.61040748609848,0.8760000000000003,8.342113494873047,-0.05691359789499631,90,0.0,6.0,0.0,0.24000000000000002,0.0,0.24000000000000002,0.16000000000000003,0.040000000000000015,0.24000000000000002
chesca_commitment_full_mesh,1223,24,6,6,6.812688730574279,7.3966887305742794,0.5840000000000005,8.360684394836426,-0.2430117360320947,90,0.0,6.0,0.0,0.16000000000000003,0.0,0.16000000000000003,2.0816681711721685e-17,6.938893903907228e-18,0.26666666666666666
chesca_commitment_full_mesh,1224,1,6,0,7.554120775457388,7.554120775457387,-8.881784197001252e-16,8.340201377868652,-0.03730044699595446,90,0.0,0.0,0.0,0.0,0.0,0.0,2.0816681711721685e-17,6.938893903907228e-18,0.26666666666666666
chesca_commitment_full_mesh,1225,2,6,0,7.124578374815643,7.124578374815644,8.881784197001252e-16,8.340201377868652,-0.15074170685109348,90,0.0,0.0,0.0,0.0,0.0,0.0,2.0816681711721685e-17,6.938893903907228e-18,0.26666666666666666
chesca_commitment_full_mesh,1226,3,6,0,5.66572759728381,5.66572759728381,0.0,8.32124137878418,-0.16781324235845452,90,0.0,0.0,0.0,0.0,0.0,0.0,2.0816681711721685e-17,6.938893903907228e-18,0.26666666666666666
chesca_commitment_full_mesh,1227,4,6,0,5.314574543030076,5.314574543030076,0.0,8.32124137878418,-0.06516371718020708,90,0.0,0.0,0.0,0.0,0.0,0.0,2.0816681711721685e-17,6.938893903907228e-18,0.26666666666666666
chesca_commitment_full_mesh,1228,5,6,0,5.108029996176486,5.108029996176486,0.0,8.32124137878418,-0.05486454509879503,90,0.0,0.0,0.0,0.0,0.0,0.0,2.0816681711721685e-17,6.938893903907228e-18,0.22666666666666668
chesca_commitment_full_mesh,1229,6,6,0,5.554705852644776,5.554705852644776,0.0,8.32124137878418,0.028683023573715598,90,0.0,0.0,0.0,0.0,0.0,0.0,2.0816681711721685e-17,6.938893903907228e-18,0.22666666666666668
chesca_commitment_full_mesh,1230,7,6,0,5.267162305599286,5.267162305599286,0.0,8.32124137878418,0.07582042785609748,90,0.0,0.0,0.0,0.0,0.0,0.0,2.0816681711721685e-17,6.938893903907228e-18,0.22666666666666668
chesca_commitment_full_mesh,1231,8,6,0,4.014874257999336,4.014874257999336,0.0,8.32124137878418,0.01816962066289938,90,0.0,0.0,0.0,0.0,0.0,0.0,2.0816681711721685e-17,6.938893903907228e-18,0.22666666666666668
chesca_commitment_full_mesh,1232,9,6,5,2.2812554953987556,2.576688780700868,0.2954332853021122,8.32124137878418,-0.7019063789308593,90,0.0,5.0,0.0,2.0816681711721685e-17,0.0,0.1,0.0,0.0,0.20333333333333334
chesca_commitment_full_mesh,1233,10,6,1,1.6060884538057512,1.686088453805751,0.07999999999999985,8.299866676330566,-0.08752205277559652,90,0.0,1.0,0.0,0.0,0.0,0.02,0.0,0.0,0.18666666666666668
chesca_commitment_full_mesh,1234,11,6,6,4.348740891707726,3.684740891707725,-0.6640000000000006,8.299866676330566,0.08587073740392524,90,6.0,0.0,0.18000000000000002,0.0,0.18000000000000002,0.0,0.18000000000000002,0.04,0.21666666666666667
chesca_commitment_full_mesh,1235,12,6,0,5.809877583156864,5.809877583156865,8.881784197001252e-16,8.299866676330566,0.389368200645951,90,0.0,0.0,0.0,0.0,0.0,0.0,0.18000000000000002,0.04,0.19666666666666666
chesca_commitment_full_mesh,1236,13,6,0,4.522007955599454,4.522007955599454,0.0,8.28171443939209,0.05942569693493372,90,0.0,0.0,0.0,0.0,0.0,0.0,0.18000000000000002,0.04,0.16333333333333336
chesca_commitment_full_mesh,1237,14,6,6,4.972809842973746,5.447862313623215,0.4750524706494694,8.28171443939209,-0.027874979280375793,90,0.0,6.0,0.0,0.18,0.0,0.18,1.734723475976807e-17,1.3877787807814457e-17,0.19333333333333336
chesca_commitment_full_mesh,1238,15,6,5,6.18465764819154,5.6006576481915396,-0.5840000000000005,8.28171443939209,0.12676782755525084,90,5.0,0.0,0.16,0.0,0.16,0.0,0.16000000000000003,0.040000000000000015,0.22
chesca_commitment_full_mesh,1239,16,6,1,7.991342864829125,7.925342864829124,-0.06600000000000072,8.265885353088379,0.4358245643542012,90,1.0,0.0,0.020000000000000004,0.0,0.020000000000000004,0.0,0.18000000000000005,0.040000000000000015,0.21666666666666667
chesca_commitment_full_mesh,1240,17,6,1,10.141122572419379,10.061122572419379,-0.08000000000000007,8.265885353088379,0.6681042845260838,90,1.0,0.0,0.020000000000000004,0.0,0.020000000000000004,0.0,0.2,0.040000000000000015,0.18666666666666668
chesca_commitment_full_mesh,1241,18,6,0,9.425454628880205,9.425454628880205,0.0,8.265885353088379,0.47945420977685543,90,0.0,0.0,0.0,0.0,0.0,0.0,0.2,0.040000000000000015,0.18666666666666668
chesca_commitment_full_mesh,1242,19,6,4,12.055729865901032,11.589729865901033,-0.4659999999999993,8.28171443939209,1.1304992851042879,90,4.0,0.0,0.12000000000000001,0.0,0.12000000000000001,0.0,0.32000000000000006,0.08000000000000002,0.20666666666666667
chesca_commitment_full_mesh,1243,20,6,0,9.715730690265055,9.715730690265055,0.0,8.28171443939209,0.126880492463153,90,0.0,0.0,0.0,0.0,0.0,0.0,0.32000000000000006,0.08000000000000002,0.20666666666666667
chesca_commitment_full_mesh,1244,21,6,0,8.976672421218153,8.976672421218153,0.0,8.28171443939209,0.08045521179839957,90,0.0,0.0,0.0,0.0,0.0,0.0,0.32000000000000006,0.08000000000000002,0.20666666666666667
chesca_commitment_full_mesh,1245,22,6,0,9.056301038444143,9.056301038444142,-1.7763568394002505e-15,8.26327896118164,0.27546279943509,90,0.0,0.0,0.0,0.0,0.0,0.0,0.32000000000000006,0.08000000000000002,0.19999999999999998
chesca_commitment_full_mesh,1246,23,6,0,9.224412690776061,9.224412690776061,0.0,8.28171443939209,0.07608117397753479,90,0.0,0.0,0.0,0.0,0.0,0.0,0.32000000000000006,0.08000000000000002,0.16
chesca_commitment_full_mesh,1247,24,6,6,8.821689222999584,9.697689222999585,0.8760000000000012,8.28171443939209,-0.028979114653218285,90,0.0,6.0,0.0,0.24000000000000005,0.0,0.24000000000000005,0.08,0.04000000000000001,0.17333333333333334
chesca_commitment_full_mesh,1248,1,6,6,7.8268651707315815,8.62286517073158,0.7959999999999994,8.299866676330566,-0.2034540085055167,90,0.0,6.0,0.0,0.08,0.0,0.22000000000000003,0.0,0.0,0.21000000000000005
chesca_commitment_full_mesh,1249,2,6,2,7.688612622728468,7.952612622728468,0.26400000000000023,8.299866676330566,-0.29502232683060503,90,0.0,2.0,0.0,0.0,0.0,0.08000000000000002,0.0,0.0,0.22333333333333336
chesca_commitment_full_mesh,1250,3,6,2,6.9968295599573045,7.156829559957304,0.15999999999999925,8.299866676330566,-0.3296078056035876,90,0.0,2.0,0.0,0.0,0.0,0.04000000000000001,0.0,0.0,0.23
chesca_commitment_full_mesh,1251,4,6,3,5.564466853674712,5.762466853674711,0.1979999999999995,8.299866676330566,-0.37995637230829366,90,0.0,3.0,0.0,0.0,0.0,0.06000000000000001,0.0,0.0,0.24000000000000002
chesca_commitment_full_mesh,1252,5,6,0,5.485214404350665,5.485214404350666,8.881784197001252e-16,8.299866676330566,-0.2984813027321225,90,0.0,0.0,0.0,0.0,0.0,0.0,0.0,0.0,0.24000000000000002
chesca_commitment_full_mesh,1253,6,6,0,6.114724674668926,6.114724674668926,0.0,8.299866676330566,-0.2677824066988195,90,0.0,0.0,0.0,0.0,0.0,0.0,0.0,0.0,0.24000000000000002
chesca_commitment_full_mesh,1254,7,6,0,5.427564811834431,5.427564811834431,0.0,8.299866676330566,-0.22399015566304925,90,0.0,0.0,0.0,0.0,0.0,0.0,0.0,0.0,0.24000000000000002
chesca_commitment_full_mesh,1255,8,6,0,4.106559689562391,4.106559689562391,0.0,8.299866676330566,-0.20732659388151917,90,0.0,0.0,0.0,0.0,0.0,0.0,0.0,0.0,0.24000000000000002
chesca_commitment_full_mesh,1256,9,6,0,3.4421225055525317,3.442122505552531,-8.881784197001252e-16,8.299866676330566,-0.12112615352050696,90,0.0,0.0,0.0,0.0,0.0,0.0,0.0,0.0,0.22333333333333336
chesca_commitment_full_mesh,1257,10,6,0,3.126571643510704,3.126571643510704,0.0,8.299866676330566,-0.1473903675743563,90,0.0,0.0,0.0,0.0,0.0,0.0,0.0,0.0,0.22
chesca_commitment_full_mesh,1258,11,6,5,1.1381071481616973,1.400176921401489,0.26206977323979164,8.299866676330566,-0.7327351484024828,90,0.0,5.0,0.0,0.0,0.0,0.10000000000000002,0.0,0.0,0.20666666666666667
chesca_commitment_full_mesh,1259,12,6,0,0.9671821612141731,0.9671821612141731,0.0,8.299866676330566,-0.009610222557407996,90,0.0,0.0,0.0,0.0,0.0,0.0,0.0,0.0,0.20666666666666667
chesca_commitment_full_mesh,1260,13,6,4,3.6168062459875068,3.3108062459875067,-0.30600000000000005,8.299866676330566,0.22531650516105683,90,4.0,0.0,0.08,0.0,0.08,0.0,0.08,0.02,0.22
chesca_commitment_full_mesh,1261,14,6,0,4.7464833490588045,4.746483349058805,8.881784197001252e-16,8.299866676330566,0.2000180552441974,90,0.0,0.0,0.0,0.0,0.0,0.0,0.08,0.02,0.19000000000000003
chesca_commitment_full_mesh,1262,15,6,4,3.436285316424334,3.646977642139846,0.21069232571551177,8.299866676330566,-0.06513222809792166,90,0.0,4.0,0.0,0.08,0.0,0.08,0.0,0.0,0.17666666666666672
chesca_commitment_full_mesh,1263,16,6,6,7.115017026546935,6.354880339302248,-0.7601366872446871,8.299866676330566,0.6077818225756021,90,6.0,0.0,0.22000000000000003,0.0,0.22000000000000003,0.0,0.22000000000000003,0.04000000000000001,0.21000000000000005
chesca_commitment_full_mesh,1264,17,6,0,7.82877946081203,7.82877946081203,0.0,8.299866676330566,0.5428468162759121,90,0.0,0.0,0.0,0.0,0.0,0.0,0.22000000000000003,0.04000000000000001,0.2066666666666667
chesca_commitment_full_mesh,1265,18,6,1,9.7141450572558,9.6481450572558,-0.06600000000000072,8.28171443939209,0.8339513370946461,90,1.0,0.0,0.020000000000000004,0.0,0.020000000000000004,0.0,0.24000000000000005,0.04000000000000001,0.21000000000000005
chesca_commitment_full_mesh,1266,19,6,0,11.222201575349857,11.222201575349857,0.0,8.28171443939209,0.8824627386465896,90,0.0,0.0,0.0,0.0,0.0,0.0,0.24000000000000005,0.04000000000000001,0.19000000000000003
chesca_commitment_full_mesh,1267,20,6,0,11.45695574424146,11.456955744241458,-1.7763568394002505e-15,8.28171443939209,0.705847700275946,90,0.0,0.0,0.0,0.0,0.0,0.0,0.24000000000000005,0.04000000000000001,0.19000000000000003
chesca_commitment_full_mesh,1268,21,6,6,9.818349797542794,10.694349797542797,0.876000000000003,8.28171443939209,-0.09506305012205497,90,0.0,6.0,0.0,0.24000000000000002,0.0,0.24000000000000002,2.0816681711721685e-17,6.938893903907228e-18,0.23
chesca_commitment_full_mesh,1269,22,6,0,9.05161561285155,9.05161561285155,0.0,8.28171443939209,-0.0024576972888913223,90,0.0,0.0,0.0,0.0,0.0,0.0,2.0816681711721685e-17,6.938893903907228e-18,0.23
chesca_commitment_full_mesh,1270,23,6,3,10.629568024432928,10.38956802443293,-0.23999999999999844,8.299866676330566,0.3921462814211914,90,3.0,0.0,0.06000000000000001,0.0,0.06000000000000001,0.0,0.06000000000000003,0.020000000000000004,0.24000000000000002
chesca_commitment_full_mesh,1271,24,6,3,8.959799438791574,9.199799438791574,0.2400000000000002,8.299866676330566,-0.08193001415897415,90,0.0,3.0,0.0,0.06000000000000001,0.0,0.06000000000000001,2.0816681711721685e-17,6.938893903907228e-18,0.21000000000000005
chesca_commitment_full_mesh,1272,1,6,0,8.928800829350905,8.928800829350905,0.0,8.299866676330566,-0.029262347133863803,90,0.0,0.0,0.0,0.0,0.0,0.0,2.0816681711721685e-17,6.938893903907228e-18,0.17333333333333334
chesca_commitment_full_mesh,1273,2,6,6,8.16357889247134,8.959578892471338,0.7959999999999976,8.299866676330566,-0.2517453102847621,90,0.0,6.0,0.0,2.0816681711721685e-17,0.0,0.22000000000000003,0.0,0.0,0.19666666666666668
chesca_commitment_full_mesh,1274,3,6,6,6.125891150408403,6.6958911504084035,0.5700000000000003,8.32124137878418,-0.3651982512525609,90,0.0,6.0,0.0,0.0,0.0,0.16,0.0,0.0,0.2166666666666667
chesca_commitment_full_mesh,1275,4,6,2,5.69753053171387,5.82639038972848,0.12885985801460986,8.32124137878418,-0.32016921404442944,90,0.0,2.0,0.0,0.0,0.0,0.04000000000000001,0.0,0.0,0.21333333333333337
chesca_commitment_full_mesh,1276,5,6,3,5.281176275079929,5.448004242112886,0.16682796703295732,8.32124137878418,-0.23675894928001756,90,0.0,3.0,0.0,0.0,0.0,0.06000000000000001,0.0,0.0,0.22333333333333336
chesca_commitment_full_mesh,1277,6,6,0,5.860352017446758,5.860352017446757,-8.881784197001252e-16,8.32124137878418,-0.1244243807443349,90,0.0,0.0,0.0,0.0,0.0,0.0,0.0,0.0,0.22333333333333336
chesca_commitment_full_mesh,1278,7,6,0,5.3812091144859275,5.3812091144859275,0.0,8.32124137878418,-0.1354866073539759,90,0.0,0.0,0.0,0.0,0.0,0.0,0.0,0.0,0.22333333333333336
chesca_commitment_full_mesh,1279,8,6,0,4.909996703231531,4.909996703231531,0.0,8.32124137878418,-0.24381855130061855,90,0.0,0.0,0.0,0.0,0.0,0.0,0.0,0.0,0.22333333333333336
chesca_commitment_full_mesh,1280,9,6,0,4.606229194510012,4.606229194510012,0.0,8.32124137878418,-0.23800888095366307,90,0.0,0.0,0.0,0.0,0.0,0.0,0.0,0.0,0.22333333333333336
chesca_commitment_full_mesh,1281,10,6,0,3.3285965512850106,3.3285965512850106,0.0,8.32124137878418,-0.1470566056951093,90,0.0,0.0,0.0,0.0,0.0,0.0,0.0,0.0,0.22333333333333336
chesca_commitment_full_mesh,1282,11,6,0,3.431349699040749,3.4313496990407493,4.440892098500626e-16,8.32124137878418,-0.10910873128600126,90,0.0,0.0,0.0,0.0,0.0,0.0,0.0,0.0,0.2066666666666667
chesca_commitment_full_mesh,1283,12,6,4,2.846637389909292,3.02637792525134,0.17974053534204826,8.32124137878418,-0.31220922657424766,90,0.0,4.0,0.0,0.0,0.0,0.08,0.0,0.0,0.22
chesca_commitment_full_mesh,1284,13,6,0,3.4210034672349843,3.4210034672349847,4.440892098500626e-16,8.32124137878418,-0.04823041029670691,90,0.0,0.0,0.0,0.0,0.0,0.0,0.0,0.0,0.20666666666666667
chesca_commitment_full_mesh,1285,14,6,4,4.315622582854583,4.009622582854583,-0.30600000000000005,8.32124137878418,0.11335906736365965,90,4.0,0.0,0.08000000000000002,0.0,0.08000000000000002,0.0,0.08000000000000002,0.020000000000000004,0.22
chesca_commitment_full_mesh,1286,15,6,0,6.318545600485725,6.3185456004857254,8.881784197001252e-16,8.32124137878418,0.2988280081959296,90,0.0,0.0,0.0,0.0,0.0,0.0,0.08000000000000002,0.020000000000000004,0.20666666666666667
chesca_commitment_full_mesh,1287,16,6,0,8.177642615249558,8.177642615249557,-1.7763568394002505e-15,8.32124137878418,0.24956577732118437,90,0.0,0.0,0.0,0.0,0.0,0.0,0.08000000000000002,0.020000000000000004,0.17000000000000004
chesca_commitment_full_mesh,1288,17,6,5,10.324935857270926,9.629227741454809,-0.6957081158161174,8.292386054992676,0.5668445015456848,90,5.0,0.0,0.20000000000000004,0.0,0.20000000000000004,0.0,0.2800000000000001,0.06000000000000001,0.20333333333333334
chesca_commitment_full_mesh,1289,18,6,1,12.292306602984311,12.160306602984312,-0.13199999999999967,8.292386054992676,1.3747431968734865,90,1.0,0.0,0.04000000000000001,0.0,0.04000000000000001,0.0,0.32000000000000006,0.06000000000000001,0.20666666666666667
chesca_commitment_full_mesh,1290,19,6,6,15.041959108008868,14.363959108008867,-0.6780000000000008,8.292386054992676,1.9391244981995772,90,6.0,0.0,0.18000000000000002,0.0,0.18000000000000002,0.0,0.5,0.10000000000000002,0.2366666666666667
chesca_commitment_full_mesh,1291,20,6,0,12.596648647785187,12.596648647785187,0.0,8.292386054992676,1.079727760947508,90,0.0,0.0,0.0,0.0,0.0,0.0,0.5,0.10000000000000002,0.2366666666666667
chesca_commitment_full_mesh,1292,21,6,0,11.19025730729103,11.19025730729103,0.0,8.292386054992676,0.7249747883819873,90,0.0,0.0,0.0,0.0,0.0,0.0,0.5,0.10000000000000002,0.19666666666666666
chesca_commitment_full_mesh,1293,22,6,6,9.384342613534049,9.88834261353405,0.5040000000000013,8.292386054992676,0.019899266426718618,90,0.0,6.0,0.0,0.14,0.0,0.14,0.3600000000000001,0.08000000000000002,0.22
chesca_commitment_full_mesh,1294,23,6,0,9.403815240652731,9.403815240652731,0.0,8.292386054992676,0.2659704187579709,90,0.0,0.0,0.0,0.0,0.0,0.0,0.3600000000000001,0.08000000000000002,0.21
chesca_commitment_full_mesh,1295,24,6,0,9.433673628787867,9.433673628787867,0.0,8.292386054992676,0.2596478065312685,90,0.0,0.0,0.0,0.0,0.0,0.0,0.3600000000000001,0.08000000000000002,0.20000000000000004
chesca_commitment_full_mesh,1296,1,6,0,9.960259448348198,9.960259448348197,-1.7763568394002505e-15,8.292386054992676,0.4305989455720355,90,0.0,0.0,0.0,0.0,0.0,0.0,0.3600000000000001,0.08000000000000002,0.20000000000000004
chesca_commitment_full_mesh,1297,2,6,6,7.793333460848783,8.669333460848781,0.8759999999999986,8.32124137878418,-0.14916500633179022,90,0.0,6.0,0.0,0.24000000000000005,0.0,0.24000000000000005,0.12,0.04000000000000001,0.20333333333333334
chesca_commitment_full_mesh,1298,3,6,3,6.830138774287999,7.310138774287999,0.4800000000000004,8.342941284179688,-0.292274578033877,90,0.0,3.0,0.0,0.12,0.0,0.12000000000000002,6.938893903907228e-18,6.938893903907228e-18,0.19666666666666668
chesca_commitment_full_mesh,1299,4,6,5,6.248169327106888,6.737772874723326,0.4896035476164382,8.342941284179688,-0.2409564608618937,90,0.0,5.0,0.0,6.938893903907228e-18,0.0,0.14,0.0,0.0,0.21333333333333335
chesca_commitment_full_mesh,1300,5,6,4,5.2997975136502005,5.568351335018364,0.2685538213681635,8.342941284179688,-0.3704095020226348,90,0.0,4.0,0.0,0.0,0.0,0.08000000000000002,0.0,0.0,0.21666666666666667
chesca_commitment_full_mesh,1301,6,6,3,5.263341230907522,5.461341230907522,0.1980000000000004,8.342941284179688,-0.15183366133069737,90,0.0,3.0,0.0,0.0,0.0,0.06000000000000001,0.0,0.0,0.22666666666666668
chesca_commitment_full_mesh,1302,7,6,0,4.817290357264053,4.817290357264053,0.0,8.342941284179688,-0.08694416284930429,90,0.0,0.0,0.0,0.0,0.0,0.0,0.0,0.0,0.22666666666666668
chesca_commitment_full_mesh,1303,8,6,0,3.5519993085140023,3.5519993085140023,0.0,8.32124137878418,-0.1655163148420415,90,0.0,0.0,0.0,0.0,0.0,0.0,0.0,0.0,0.22666666666666668
chesca_commitment_full_mesh,1304,9,6,0,1.820092295345882,1.820092295345882,0.0,8.32124137878418,-0.10065645139746693,90,0.0,0.0,0.0,0.0,0.0,0.0,0.0,0.0,0.22666666666666668
chesca_commitment_full_mesh,1305,10,6,0,1.876793200976452,1.876793200976452,0.0,8.32124137878418,-0.07419133957750747,90,0.0,0.0,0.0,0.0,0.0,0.0,0.0,0.0,0.22666666666666668
chesca_commitment_full_mesh,1306,11,6,0,3.5281935671680884,3.528193567168088,-4.440892098500626e-16,8.32124137878418,0.0632639934458875,90,0.0,0.0,0.0,0.0,0.0,0.0,0.0,0.0,0.22666666666666668
chesca_commitment_full_mesh,1307,12,6,0,2.4922587597056776,2.4922587597056776,0.0,8.32124137878418,0.11880941807397041,90,0.0,0.0,0.0,0.0,0.0,0.0,0.0,0.0,0.21333333333333335
chesca_commitment_full_mesh,1308,13,6,3,4.208228225678156,4.010228225678156,-0.1980000000000004,8.32124137878418,0.28836452015793557,90,3.0,0.0,0.06,0.0,0.06,0.0,0.06,0.02,0.22333333333333336
chesca_commitment_full_mesh,1309,14,6,2,4.669602876876281,4.509602876876281,-0.16000000000000014,8.32124137878418,0.3313660147166219,90,2.0,0.0,0.04000000000000001,0.0,0.04000000000000001,0.0,0.10000000000000002,0.020000000000000004,0.21666666666666667
chesca_commitment_full_mesh,1310,15,6,0,7.337414740305485,7.337414740305485,0.0,8.32124137878418,0.3729025238613476,90,0.0,0.0,0.0,0.0,0.0,0.0,0.10000000000000002,0.020000000000000004,0.21666666666666667
chesca_commitment_full_mesh,1311,16,6,4,10.329884947824501,10.023884947824504,-0.3059999999999974,8.32124137878418,0.7727398762139916,90,4.0,0.0,0.07999999999999997,0.0,0.07999999999999997,0.0,0.18,0.04000000000000001,0.23
chesca_commitment_full_mesh,1312,17,6,6,14.249137636813925,13.665137636813924,-0.5840000000000014,8.342941284179688,1.9164025747247122,90,6.0,0.0,0.16000000000000003,0.0,0.16000000000000003,0.0,0.34,0.06000000000000001,0.22333333333333336
chesca_commitment_full_mesh,1313,18,6,3,14.457992101820889,14.165992101820889,-0.2919999999999998,8.362144470214844,1.7543154841225908,90,3.0,0.0,0.07999999999999999,0.0,0.07999999999999999,0.0,0.42000000000000004,0.08000000000000002,0.23
chesca_commitment_full_mesh,1314,19,6,5,16.213148249086675,15.775148249086675,-0.4380000000000006,8.362144470214844,2.34143455355772,90,5.0,0.0,0.12,0.0,0.12,0.0,0.5399999999999999,0.10000000000000002,0.22
chesca_commitment_full_mesh,1315,20,6,0,11.919577658467613,11.919577658467613,0.0,8.362144470214844,0.8037482485305898,90,0.0,0.0,0.0,0.0,0.0,0.0,0.5399999999999999,0.10000000000000002,0.22
chesca_commitment_full_mesh,1316,21,6,0,10.742764669623217,10.742764669623217,0.0,8.362144470214844,0.6601573445949672,90,0.0,0.0,0.0,0.0,0.0,0.0,0.5399999999999999,0.10000000000000002,0.22
chesca_commitment_full_mesh,1317,22,6,6,8.57081156106213,9.446811561062129,0.8759999999999994,8.362144470214844,-0.05180789603752787,90,0.0,6.0,0.0,0.24000000000000002,0.0,0.24000000000000002,0.3,0.06000000000000002,0.2366666666666667
chesca_commitment_full_mesh,1318,23,6,0,9.790979636728196,9.790979636728196,0.0,8.362144470214844,0.45105722008242427,90,0.0,0.0,0.0,0.0,0.0,0.0,0.3,0.06000000000000002,0.2366666666666667
chesca_commitment_full_mesh,1319,24,6,6,7.552971276972856,8.428971276972856,0.8760000000000003,8.362144470214844,-0.3653005768962929,90,0.0,6.0,0.0,0.24,0.0,0.24000000000000005,0.06000000000000001,0.02000000000000001,0.27666666666666667
chesca_commitment_full_mesh,1320,1,6,1,7.981786162633691,8.047786162633692,0.06600000000000072,8.342941284179688,-0.044420054691509905,90,0.0,1.0,0.0,0.019999999999999997,0.0,0.020000000000000004,0.040000000000000015,0.02000000000000001,0.28
chesca_commitment_full_mesh,1321,2,6,0,7.611257888890547,7.611257888890547,0.0,8.32124137878418,-0.04976744029314461,90,0.0,0.0,0.0,0.0,0.0,0.0,0.040000000000000015,0.02000000000000001,0.24000000000000002
chesca_commitment_full_mesh,1322,3,6,2,6.553661915159371,6.713661915159372,0.16000000000000103,8.306852340698242,-0.10043020021172179,90,0.0,2.0,0.0,0.04,0.0,0.04000000000000001,1.3877787807814457e-17,6.938893903907228e-18,0.22666666666666668
chesca_commitment_full_mesh,1323,4,6,0,6.157363396315084,6.157363396315084,0.0,8.306852340698242,-0.07133139188291159,90,0.0,0.0,0.0,0.0,0.0,0.0,1.3877787807814457e-17,6.938893903907228e-18,0.20333333333333334
chesca_commitment_full_mesh,1324,5,6,4,5.704567146828206,6.044809168735665,0.3402420219074589,8.306852340698242,-0.09879289857166931,90,0.0,4.0,0.0,1.3877787807814457e-17,0.0,0.10000000000000002,0.0,0.0,0.20666666666666667
chesca_commitment_full_mesh,1325,6,6,0,5.6949371783602345,5.6949371783602345,0.0,8.306852340698242,0.04010355343485987,90,0.0,0.0,0.0,0.0,0.0,0.0,0.0,0.0,0.19666666666666666
chesca_commitment_full_mesh,1326,7,6,0,5.459922918843625,5.459922918843625,0.0,8.306852340698242,-0.06892927161821279,90,0.0,0.0,0.0,0.0,0.0,0.0,0.0,0.0,0.19666666666666666
chesca_commitment_full_mesh,1327,8,6,5,4.537294539663744,4.825260187010506,0.2879656473467618,8.290251731872559,-0.13421084856950408,90,0.0,5.0,0.0,0.0,0.0,0.10000000000000002,0.0,0.0,0.21333333333333335
chesca_commitment_full_mesh,1328,9,6,2,2.6588967360790083,2.7269084187581525,0.06801168267914415,8.290251731872559,-0.18653006458554391,90,0.0,2.0,0.0,0.0,0.0,0.04,0.0,0.0,0.22
chesca_commitment_full_mesh,1329,10,6,0,1.450810745442104,1.450810745442104,0.0,8.290251731872559,0.03235886979112741,90,0.0,0.0,0.0,0.0,0.0,0.0,0.0,0.0,0.22
chesca_commitment_full_mesh,1330,11,6,0,1.4345407828530672,1.4345407828530672,0.0,8.290251731872559,0.05614690560515596,90,0.0,0.0,0.0,0.0,0.0,0.0,0.0,0.0,0.22
chesca_commitment_full_mesh,1331,12,6,0,3.055309926920744,3.0553099269207444,4.440892098500626e-16,8.290251731872559,0.2833615983025073,90,0.0,0.0,0.0,0.0,0.0,0.0,0.0,0.0,0.22
chesca_commitment_full_mesh,1332,13,6,6,5.844699491695201,5.406699491695202,-0.4379999999999997,8.290251731872559,0.37405443297263696,90,6.0,0.0,0.12000000000000002,0.0,0.12000000000000002,0.0,0.12000000000000002,0.020000000000000004,0.23
chesca_commitment_full_mesh,1333,14,6,0,5.8855354153479675,5.8855354153479675,0.0,8.25777530670166,0.19152726897002187,90,0.0,0.0,0.0,0.0,0.0,0.0,0.12000000000000002,0.020000000000000004,0.22333333333333336
chesca_commitment_full_mesh,1334,15,6,0,7.522800501638242,7.522800501638241,-8.881784197001252e-16,8.179508209228516,0.2243587601716169,90,0.0,0.0,0.0,0.0,0.0,0.0,0.12000000000000002,0.020000000000000004,0.22333333333333336
chesca_commitment_full_mesh,1335,16,6,6,10.551154431605248,10.113154431605246,-0.4380000000000024,8.179508209228516,1.0269519099993902,90,6.0,0.0,0.12000000000000001,0.0,0.12000000000000001,0.0,0.24000000000000002,0.04000000000000001,0.23
chesca_commitment_full_mesh,1336,17,6,6,15.234412385409506,14.361657033627662,-0.8727553517818443,8.179508209228516,2.7001065570360954,90,6.0,0.0,0.24000000000000005,0.0,0.24000000000000005,0.0,0.48000000000000004,0.08000000000000002,0.24333333333333337
chesca_commitment_full_mesh,1337,18,6,3,15.081887114510472,14.841887114510472,-0.2400000000000002,8.25777530670166,2.4942781849053874,90,3.0,0.0,0.06000000000000001,0.0,0.06000000000000001,0.0,0.54,0.10000000000000002,0.24000000000000002
chesca_commitment_full_mesh,1338,19,6,6,18.847030148037916,18.343030148037915,-0.5040000000000013,8.306852340698242,3.1895830113754067,90,6.0,0.0,0.14,0.0,0.14,0.0,0.68,0.12000000000000002,0.24333333333333337
chesca_commitment_full_mesh,1339,20,6,0,13.9552499189076,13.9552499189076,0.0,8.306852340698242,1.4328712954000102,90,0.0,0.0,0.0,0.0,0.0,0.0,0.68,0.12000000000000002,0.24333333333333337
chesca_commitment_full_mesh,1340,21,6,0,12.196645824435528,12.196645824435528,0.0,8.306852340698242,0.9720700137193208,90,0.0,0.0,0.0,0.0,0.0,0.0,0.68,0.12000000000000002,0.24333333333333337
chesca_commitment_full_mesh,1341,22,6,0,10.387413968821562,10.387413968821564,1.7763568394002505e-15,8.306852340698242,0.12622707800106053,90,0.0,0.0,0.0,0.0,0.0,0.0,0.68,0.12000000000000002,0.20333333333333334
chesca_commitment_full_mesh,1342,23,6,0,10.251568266474438,10.251568266474438,0.0,8.306852340698242,0.5523298253495521,90,0.0,0.0,0.0,0.0,0.0,0.0,0.68,0.12000000000000002,0.20333333333333334
chesca_commitment_full_mesh,1343,24,6,0,10.063422423976135,10.063422423976135,0.0,8.306852340698242,0.44518638064973776,90,0.0,0.0,0.0,0.0,0.0,0.0,0.68,0.12000000000000002,0.16333333333333336
chesca_commitment_full_mesh,1344,1,6,0,10.009786113160324,10.009786113160322,-1.7763568394002505e-15,8.306852340698242,0.38347807972393255,90,0.0,0.0,0.0,0.0,0.0,0.0,0.68,0.12000000000000002,0.16
chesca_commitment_full_mesh,1345,2,6,0,9.29644764927496,9.29644764927496,0.0,8.306852340698242,0.05423674435764424,90,0.0,0.0,0.0,0.0,0.0,0.0,0.68,0.12000000000000002,0.16
chesca_commitment_full_mesh,1346,3,6,6,6.3922316648192306,7.268231664819231,0.8760000000000003,8.32124137878418,-0.14745301590228277,90,0.0,6.0,0.0,0.24000000000000005,0.0,0.24000000000000005,0.44,0.08000000000000002,0.19333333333333336
chesca_commitment_full_mesh,1347,4,6,6,6.12777575359392,6.791775753593921,0.6640000000000006,8.32124137878418,-0.0008290080273699874,90,0.0,6.0,0.0,0.18000000000000002,0.0,0.18000000000000002,0.26000000000000006,0.06000000000000001,0.22333333333333336
chesca_commitment_full_mesh,1348,5,6,6,5.371394367620832,5.871841424799562,0.5004470571787296,8.32124137878418,-0.034998573386772217,90,0.0,6.0,0.0,0.18000000000000002,0.0,0.18000000000000002,0.08000000000000002,0.04000000000000001,0.23666666666666666
chesca_commitment_full_mesh,1349,6,6,0,5.839890049258288,5.839890049258288,0.0,8.32124137878418,0.07215326883489173,90,0.0,0.0,0.0,0.0,0.0,0.0,0.08000000000000002,0.04000000000000001,0.23666666666666666
chesca_commitment_full_mesh,1350,7,6,0,5.403309237490498,5.4033092374904985,8.881784197001252e-16,8.32124137878418,0.12530025292302627,90,0.0,0.0,0.0,0.0,0.0,0.0,0.08000000000000002,0.04000000000000001,0.23666666666666666
chesca_commitment_full_mesh,1351,8,6,2,4.646178687963684,4.750285348016804,0.10410666005311953,8.32124137878418,-0.04091345331958307,90,0.0,2.0,0.0,0.059999999999999984,0.0,0.060000000000000005,0.020000000000000028,0.020000000000000004,0.23
chesca_commitment_full_mesh,1352,9,6,2,3.173139769381181,3.273737757584851,0.10059798820367005,8.306852340698242,-0.26562790881718845,90,0.0,2.0,0.0,0.02000000000000001,0.0,0.04,1.734723475976807e-17,1.3877787807814457e-17,0.23
chesca_commitment_full_mesh,1353,10,6,0,1.8407294174668787,1.8407294174668787,0.0,8.306852340698242,0.07588568374156554,90,0.0,0.0,0.0,0.0,0.0,0.0,1.734723475976807e-17,1.3877787807814457e-17,0.23
chesca_commitment_full_mesh,1354,11,6,0,1.8661866494614232,1.8661866494614232,0.0,8.306852340698242,0.024212242107802602,90,0.0,0.0,0.0,0.0,0.0,0.0,1.734723475976807e-17,1.3877787807814457e-17,0.23
chesca_commitment_full_mesh,1355,12,6,1,3.5614572256727093,3.49545722567271,-0.06599999999999939,8.306852340698242,0.19461161509208308,90,1.0,0.0,0.02,0.0,0.02,0.0,0.020000000000000018,0.02,0.23333333333333336
chesca_commitment_full_mesh,1356,13,6,0,5.505876401043198,5.505876401043198,0.0,8.306852340698242,0.12224488088285822,90,0.0,0.0,0.0,0.0,0.0,0.0,0.020000000000000018,0.02,0.21333333333333335
chesca_commitment_full_mesh,1357,14,6,1,6.484695665056775,6.4186956650567755,-0.06599999999999984,8.306852340698242,0.2696254875017016,90,1.0,0.0,0.020000000000000004,0.0,0.020000000000000004,0.0,0.04000000000000002,0.020000000000000004,0.21666666666666667
chesca_commitment_full_mesh,1358,15,6,0,8.200377885068656,8.200377885068656,0.0,8.306852340698242,0.22964547081195127,90,0.0,0.0,0.0,0.0,0.0,0.0,0.04000000000000002,0.020000000000000004,0.21666666666666667
chesca_commitment_full_mesh,1359,16,6,0,8.846520450216307,8.846520450216309,1.7763568394002505e-15,8.32124137878418,0.2181178873942642,90,0.0,0.0,0.0,0.0,0.0,0.0,0.04000000000000002,0.020000000000000004,0.19666666666666668
chesca_commitment_full_mesh,1360,17,6,6,11.743123102791222,10.867123102791222,-0.8759999999999994,8.342941284179688,1.2119587233856226,90,6.0,0.0,0.24000000000000005,0.0,0.24000000000000005,0.0,0.28,0.060000000000000005,0.19666666666666668
chesca_commitment_full_mesh,1361,18,6,6,14.141814129270191,13.331814129270192,-0.8099999999999987,8.342941284179688,2.2393245376549116,90,6.0,0.0,0.22000000000000003,0.0,0.22000000000000003,0.0,0.5,0.1,0.22333333333333336
chesca_commitment_full_mesh,1362,19,6,3,15.99853620308487,15.758536203084867,-0.240000000000002,8.362144470214844,2.3831306458488464,90,3.0,0.0,0.06,0.0,0.06,0.0,0.56,0.10000000000000003,0.21000000000000005
chesca_commitment_full_mesh,1363,20,6,0,12.498175139188533,12.498175139188533,0.0,8.416951179504395,0.9329705432340524,90,0.0,0.0,0.0,0.0,0.0,0.0,0.56,0.10000000000000003,0.21000000000000005
chesca_commitment_full_mesh,1364,21,6,0,10.557309850404828,10.557309850404826,-1.7763568394002505e-15,8.416951179504395,0.5255734452309255,90,0.0,0.0,0.0,0.0,0.0,0.0,0.56,0.10000000000000003,0.21000000000000005
chesca_commitment_full_mesh,1365,22,6,0,9.7240803932516,9.7240803932516,0.0,8.416951179504395,0.20765974985149405,90,0.0,0.0,0.0,0.0,0.0,0.0,0.56,0.10000000000000003,0.21000000000000005
chesca_commitment_full_mesh,1366,23,6,0,9.135045822248953,9.135045822248955,1.7763568394002505e-15,8.487824440002441,0.1781503575467711,90,0.0,0.0,0.0,0.0,0.0,0.0,0.56,0.10000000000000003,0.21000000000000005
chesca_commitment_full_mesh,1367,24,6,6,8.315632578617842,9.191632578617842,0.8759999999999994,8.544642448425293,-0.11883890729754083,90,0.0,6.0,0.0,0.24000000000000005,0.0,0.24000000000000005,0.32000000000000006,0.060000000000000026,0.25
chesca_commitment_full_mesh,1368,1,6,6,8.079739094248072,8.517739094248073,0.4380000000000006,8.544642448425293,-0.03798764613631104,90,0.0,6.0,0.0,0.12000000000000002,0.0,0.12000000000000002,0.2,0.04000000000000002,0.27
chesca_commitment_full_mesh,1369,2,6,6,7.598664226045866,8.036664226045865,0.43799999999999883,8.544642448425293,-0.06313169041254041,90,0.0,6.0,0.0,0.12000000000000002,0.0,0.12000000000000002,0.08000000000000002,0.020000000000000018,0.29000000000000004
chesca_commitment_full_mesh,1370,3,6,4,6.674672785848658,6.980672785848658,0.30600000000000005,8.544642448425293,-0.08411811826265155,90,0.0,4.0,0.0,0.08,0.0,0.08000000000000002,1.734723475976807e-17,1.734723475976807e-17,0.26333333333333336
chesca_commitment_full_mesh,1371,4,6,0,6.869377874767314,6.869377874767313,-8.881784197001252e-16,8.544642448425293,0.018567172790680507,90,0.0,0.0,0.0,0.0,0.0,0.0,1.734723475976807e-17,1.734723475976807e-17,0.23333333333333336
chesca_commitment_full_mesh,1372,5,6,0,5.688607855976273,5.688607855976273,0.0,8.544642448425293,-0.06602140184784132,90,0.0,0.0,0.0,0.0,0.0,0.0,1.734723475976807e-17,1.734723475976807e-17,0.20333333333333337
chesca_commitment_full_mesh,1373,6,6,5,6.154597088467515,5.7305970884675155,-0.4239999999999995,8.544642448425293,0.09726906867157518,90,5.0,0.0,0.12,0.0,0.12,0.0,0.12000000000000002,0.04,0.22333333333333336
chesca_commitment_full_mesh,1374,7,6,0,5.252483386062237,5.252483386062237,0.0,8.544642448425293,0.116673602768349,90,0.0,0.0,0.0,0.0,0.0,0.0,0.12000000000000002,0.04,0.22333333333333336
chesca_commitment_full_mesh,1375,8,6,0,5.0218022369895365,5.021802236989537,8.881784197001252e-16,8.544642448425293,0.10706267318755301,90,0.0,0.0,0.0,0.0,0.0,0.0,0.12000000000000002,0.04,0.21333333333333337
chesca_commitment_full_mesh,1376,9,6,0,5.2175919285353825,5.2175919285353825,0.0,8.544642448425293,0.07321066010118818,90,0.0,0.0,0.0,0.0,0.0,0.0,0.12000000000000002,0.04,0.2066666666666667
chesca_commitment_full_mesh,1377,10,6,1,4.855139970903827,4.775139970903827,-0.08000000000000007,8.544642448425293,0.10043391243705047,90,1.0,0.0,0.02,0.0,0.02,0.0,0.14000000000000004,0.04,0.21000000000000005
chesca_commitment_full_mesh,1378,11,6,0,5.386247652349898,5.3862476523498986,8.881784197001252e-16,8.544642448425293,0.1066057843228185,90,0.0,0.0,0.0,0.0,0.0,0.0,0.14000000000000004,0.04,0.21000000000000005
chesca_commitment_full_mesh,1379,12,6,6,2.8573350230330004,3.2377696488997074,0.38043462586670707,8.632555961608887,-0.5583661594073307,90,0.0,6.0,0.0,0.14,0.0,0.14,1.734723475976807e-17,1.734723475976807e-17,0.23000000000000007
chesca_commitment_full_mesh,1380,13,6,0,3.1185313954675746,3.118531395467574,-4.440892098500626e-16,8.632555961608887,-0.04391763004193196,90,0.0,0.0,0.0,0.0,0.0,0.0,1.734723475976807e-17,1.734723475976807e-17,0.23000000000000007
chesca_commitment_full_mesh,1381,14,6,0,4.062643692865447,4.062643692865447,0.0,8.632555961608887,0.056333358896824434,90,0.0,0.0,0.0,0.0,0.0,0.0,1.734723475976807e-17,1.734723475976807e-17,0.2266666666666667
chesca_commitment_full_mesh,1382,15,6,5,6.066959207198469,6.370794413691033,0.3038352064925638,8.732928276062012,-0.7542617134696314,90,0.0,5.0,0.0,1.734723475976807e-17,0.0,0.10000000000000002,0.0,0.0,0.24333333333333332
chesca_commitment_full_mesh,1383,16,6,1,6.904166545045344,6.838166545045345,-0.06599999999999895,8.732928276062012,0.4511166325838883,90,1.0,0.0,0.02,0.0,0.02,0.0,0.02,0.02,0.24666666666666667
chesca_commitment_full_mesh,1384,17,6,1,8.786092318031761,8.70609231803176,-0.08000000000000007,8.732928276062012,0.695006681945234,90,1.0,0.0,0.01999999999999999,0.0,0.01999999999999999,0.0,0.039999999999999994,0.02,0.21000000000000005
chesca_commitment_full_mesh,1385,18,6,5,10.565086844520987,10.141086844520986,-0.42400000000000126,8.824624061584473,0.791284829707622,90,4.0,1.0,0.12000000000000002,0.02,0.12000000000000002,0.03999999999999998,0.14,0.04000000000000001,0.20000000000000004
chesca_commitment_full_mesh,1386,19,6,4,11.946344833496713,11.494344833496712,-0.45200000000000173,8.824624061584473,0.7954044183756119,90,4.0,0.0,0.12000000000000002,0.0,0.12000000000000002,0.0,0.26,0.05999999999999999,0.21
chesca_commitment_full_mesh,1387,20,6,0,10.596846815378743,10.596846815378745,1.7763568394002505e-15,8.824624061584473,0.4810534919039082,90,0.0,0.0,0.0,0.0,0.0,0.0,0.26,0.05999999999999999,0.21
chesca_commitment_full_mesh,1388,21,6,0,11.00035751484222,11.00035751484222,0.0,8.871969223022461,0.6661628715051195,90,0.0,0.0,0.0,0.0,0.0,0.0,0.26,0.05999999999999999,0.21
chesca_commitment_full_mesh,1389,22,6,0,9.595796690812172,9.595796690812174,1.7763568394002505e-15,8.938642501831055,0.20276886644729852,90,0.0,0.0,0.0,0.0,0.0,0.0,0.26,0.05999999999999999,0.21
chesca_commitment_full_mesh,1390,23,6,0,10.782887406450332,10.782887406450332,0.0,8.938642501831055,0.7387077810887231,90,0.0,0.0,0.0,0.0,0.0,0.0,0.26,0.05999999999999999,0.21
chesca_commitment_full_mesh,1391,24,6,0,9.85349747576065,9.85349747576065,0.0,8.938642501831055,0.25355257790968627,90,0.0,0.0,0.0,0.0,0.0,0.0,0.26,0.05999999999999999,0.17000000000000004
chesca_commitment_full_mesh,1392,1,6,0,10.360577744670879,10.360577744670879,0.0,8.993084907531738,0.4772224877529403,90,0.0,0.0,0.0,0.0,0.0,0.0,0.26,0.05999999999999999,0.15000000000000002
chesca_commitment_full_mesh,1393,2,6,6,8.963843881198274,9.839843881198275,0.8760000000000012,9.030609130859375,-0.042246453186938704,90,0.0,6.0,0.0,0.24000000000000005,0.0,0.24000000000000005,0.019999999999999983,0.019999999999999983,0.17000000000000004
chesca_commitment_full_mesh,1394,3,6,6,7.592345633012313,8.402345633012313,0.8100000000000005,9.061470031738281,-0.08666286687927624,90,0.0,6.0,0.0,0.019999999999999983,0.0,0.22000000000000003,0.0,0.0,0.19333333333333333
chesca_commitment_full_mesh,1395,4,6,0,7.11794179512308,7.117941795123081,8.881784197001252e-16,9.061470031738281,5.998177097421564e-05,90,0.0,0.0,0.0,0.0,0.0,0.0,0.0,0.0,0.19333333333333333
chesca_commitment_full_mesh,1396,5,6,0,5.63562373365939,5.63562373365939,0.0,9.061470031738281,0.009094075251843498,90,0.0,0.0,0.0,0.0,0.0,0.0,0.0,0.0,0.19333333333333333
chesca_commitment_full_mesh,1397,6,6,4,5.953285066541579,5.341285066541578,-0.612000000000001,9.061470031738281,0.1138426548163344,90,4.0,0.0,0.16,0.0,0.16,0.0,0.16,0.04,0.19999999999999998
chesca_commitment_full_mesh,1398,7,6,2,5.670620498467349,5.472620498467349,-0.1979999999999995,9.061470031738281,0.2248450123518926,90,2.0,0.0,0.06,0.0,0.06,0.0,0.22,0.04,0.21
chesca_commitment_full_mesh,1399,8,6,0,5.071953936536172,5.071953936536172,0.0,9.061470031738281,0.11321886295055744,90,0.0,0.0,0.0,0.0,0.0,0.0,0.22,0.04,0.21
chesca_commitment_full_mesh,1400,9,6,6,3.624875583275161,4.140520131537386,0.5156445482622249,9.030609130859375,-0.02613461738194045,90,0.0,6.0,0.0,0.17999999999999997,0.0,0.18,0.04,0.02,0.24000000000000002
chesca_commitment_full_mesh,1401,10,6,0,2.982624795124515,2.982624795124515,0.0,9.030609130859375,0.06670846244583081,90,0.0,0.0,0.0,0.0,0.0,0.0,0.04,0.02,0.2366666666666667
chesca_commitment_full_mesh,1402,11,6,2,5.135028100306768,5.246864034425561,0.11183593411879222,9.061470031738281,-0.35569857625943574,90,0.0,2.0,0.0,0.04,0.0,0.04000000000000001,0.0,0.0,0.24333333333333337
chesca_commitment_full_mesh,1403,12,6,0,5.426628904295948,5.4266289042959475,-8.881784197001252e-16,9.061470031738281,0.046932431183000785,90,0.0,0.0,0.0,0.0,0.0,0.0,0.0,0.0,0.22
chesca_commitment_full_mesh,1404,13,6,3,6.3097319607728375,6.515244859391363,0.20551289861852595,9.066140174865723,-0.5821618313407134,90,0.0,3.0,0.0,0.0,0.0,0.06,0.0,0.0,0.23
chesca_commitment_full_mesh,1405,14,6,0,6.7528334973227935,6.7528334973227935,0.0,9.066140174865723,-0.05945959100646189,90,0.0,0.0,0.0,0.0,0.0,0.0,0.0,0.0,0.23
chesca_commitment_full_mesh,1406,15,6,0,8.256107940589217,8.256107940589217,0.0,9.066140174865723,0.22456519696445598,90,0.0,0.0,0.0,0.0,0.0,0.0,0.0,0.0,0.21333333333333335
chesca_commitment_full_mesh,1407,16,6,5,9.482100985797837,9.124100985797838,-0.35799999999999876,9.066140174865723,0.4595865368934673,90,5.0,0.0,0.09999999999999999,0.0,0.09999999999999999,0.0,0.09999999999999999,0.020000000000000004,0.22666666666666668
chesca_commitment_full_mesh,1408,17,6,6,11.24376293510665,10.80576293510665,-0.4380000000000006,9.066140174865723,1.0450737298714818,90,6.0,0.0,0.12,0.0,0.12,0.0,0.21999999999999997,0.04000000000000001,0.24333333333333332
chesca_commitment_full_mesh,1409,18,6,2,13.172228407499153,13.026228407499154,-0.14599999999999902,9.066140174865723,1.542123118085128,90,2.0,0.0,0.039999999999999994,0.0,0.039999999999999994,0.0,0.25999999999999995,0.06,0.2233333333333333
chesca_commitment_full_mesh,1410,19,6,4,14.924218234227872,14.63221823422787,-0.2920000000000016,9.114476203918457,1.5329680245157573,90,4.0,0.0,0.08,0.0,0.08,0.0,0.34,0.06000000000000001,0.21666666666666667
chesca_commitment_full_mesh,1411,20,6,0,13.556115436347978,13.556115436347978,0.0,9.114476203918457,1.0733900367965106,90,0.0,0.0,0.0,0.0,0.0,0.0,0.34,0.06000000000000001,0.21666666666666667
chesca_commitment_full_mesh,1412,21,6,0,11.159933340798377,11.159933340798377,0.0,9.114476203918457,0.44371017628774984,90,0.0,0.0,0.0,0.0,0.0,0.0,0.34,0.06000000000000001,0.21666666666666667
chesca_commitment_full_mesh,1413,22,6,6,9.197855625891792,9.701855625891792,0.5039999999999996,9.169429779052734,-0.030482655890678417,90,0.0,6.0,0.0,0.14,0.0,0.14,0.2,0.04000000000000001,0.24
chesca_commitment_full_mesh,1414,23,6,4,9.330470768195523,9.608470768195524,0.27800000000000047,9.169429779052734,-0.014613536376511901,90,0.0,4.0,0.0,0.07999999999999999,0.0,0.08000000000000002,0.12,0.04000000000000001,0.25333333333333335
chesca_commitment_full_mesh,1415,24,6,0,9.31529701565697,9.31529701565697,0.0,9.2300386428833,-0.026479247501889173,90,0.0,0.0,0.0,0.0,0.0,0.0,0.12,0.04000000000000001,0.25333333333333335
chesca_commitment_full_mesh,1416,1,6,4,9.004102230896494,9.296102230896496,0.2920000000000016,9.2300386428833,-0.046778286634104486,90,0.0,4.0,0.0,0.08,0.0,0.08000000000000002,0.039999999999999994,0.020000000000000004,0.26666666666666666
chesca_commitment_full_mesh,1417,2,6,2,7.579515248232832,7.739515248232832,0.16000000000000014,9.236159324645996,-0.11467026437854527,90,0.0,2.0,0.0,0.039999999999999994,0.0,0.04000000000000001,0.0,0.0,0.2333333333333333
chesca_commitment_full_mesh,1418,3,6,0,6.954567382951792,6.954567382951792,0.0,9.236159324645996,-0.0377659166780991,90,0.0,0.0,0.0,0.0,0.0,0.0,0.0,0.0,0.19666666666666668
chesca_commitment_full_mesh,1419,4,6,4,7.562399512790256,7.138399512790257,-0.4239999999999986,9.236159324645996,0.09499739507221741,90,4.0,0.0,0.12000000000000001,0.0,0.12000000000000001,0.0,0.12000000000000001,0.04,0.21666666666666667
chesca_commitment_full_mesh,1420,5,6,4,6.08331722969465,6.36131722969465,0.2779999999999996,9.236159324645996,-0.004043819168711479,90,0.0,4.0,0.0,0.08000000000000002,0.0,0.08000000000000002,0.039999999999999994,0.019999999999999997,0.23
chesca_commitment_full_mesh,1421,6,6,0,6.175269211770091,6.175269211770091,0.0,9.236159324645996,0.06849976266058008,90,0.0,0.0,0.0,0.0,0.0,0.0,0.039999999999999994,0.019999999999999997,0.20333333333333334
chesca_commitment_full_mesh,1422,7,6,3,5.275479093555024,4.889479093555024,-0.3860000000000001,9.236159324645996,0.10559935754454072,90,3.0,0.0,0.1,0.0,0.1,0.0,0.13999999999999999,0.04,0.21
chesca_commitment_full_mesh,1423,8,6,1,4.570090536618569,4.504090536618569,-0.06599999999999984,9.236159324645996,0.12038158523686715,90,1.0,0.0,0.02,0.0,0.02,0.0,0.15999999999999998,0.04,0.21333333333333335
chesca_commitment_full_mesh,1424,9,6,0,4.341944754563142,4.341944754563142,0.0,9.236159324645996,0.11269552480636644,90,0.0,0.0,0.0,0.0,0.0,0.0,0.15999999999999998,0.04,0.18333333333333335
chesca_commitment_full_mesh,1425,10,6,6,3.0832730482681954,3.505509557720875,0.42223650945267943,9.236159324645996,-0.023760967822807053,90,0.0,6.0,0.0,0.15999999999999998,0.0,0.16,0.0,0.0,0.21
chesca_commitment_full_mesh,1426,11,6,3,3.4895001061672843,3.629436663874472,0.1399365577071876,9.236159324645996,-0.23472531068271507,90,0.0,3.0,0.0,0.0,0.0,0.06000000000000001,0.0,0.0,0.21333333333333335
chesca_commitment_full_mesh,1427,12,6,2,4.0797403078124335,3.9337403078124336,-0.1459999999999999,9.236159324645996,0.14751309310319993,90,2.0,0.0,0.04000000000000001,0.0,0.04000000000000001,0.0,0.04000000000000001,0.020000000000000004,0.22
chesca_commitment_full_mesh,1428,13,6,0,5.794175300302722,5.794175300302722,0.0,9.236159324645996,0.30907381076046975,90,0.0,0.0,0.0,0.0,0.0,0.0,0.04000000000000001,0.020000000000000004,0.21
chesca_commitment_full_mesh,1429,14,6,2,5.377028670157532,5.217028670157532,-0.16000000000000014,9.236159324645996,0.16016943518516602,90,2.0,0.0,0.04000000000000001,0.0,0.04000000000000001,0.0,0.08000000000000002,0.020000000000000004,0.21666666666666667
chesca_commitment_full_mesh,1430,15,6,0,7.409197492318307,7.409197492318307,0.0,9.236159324645996,0.22664320964472734,90,0.0,0.0,0.0,0.0,0.0,0.0,0.08000000000000002,0.020000000000000004,0.21666666666666667
chesca_commitment_full_mesh,1431,16,6,2,8.629487010900833,8.497487010900834,-0.13199999999999967,9.236159324645996,0.4084795244300986,90,2.0,0.0,0.04000000000000001,0.0,0.04000000000000001,0.0,0.12000000000000002,0.020000000000000004,0.20666666666666667
chesca_commitment_full_mesh,1432,17,6,6,11.675790025923586,10.997790025923587,-0.677999999999999,9.236159324645996,1.17433301234726,90,6.0,0.0,0.18,0.0,0.18,0.0,0.30000000000000004,0.06000000000000001,0.21666666666666667
chesca_commitment_full_mesh,1433,18,6,6,13.877747715089662,13.43974771508966,-0.4380000000000024,9.3142671585083,1.7138160156920332,90,6.0,0.0,0.12000000000000001,0.0,0.12000000000000001,0.0,0.42000000000000004,0.08000000000000002,0.23
chesca_commitment_full_mesh,1434,19,6,2,16.335391062050345,16.203391062050343,-0.13200000000000145,9.3142671585083,2.0760177618525963,90,2.0,0.0,0.04,0.0,0.04,0.0,0.4600000000000001,0.08000000000000002,0.22333333333333336
chesca_commitment_full_mesh,1435,20,6,0,13.455631270408631,13.455631270408631,0.0,9.3142671585083,0.9258174372517488,90,0.0,0.0,0.0,0.0,0.0,0.0,0.4600000000000001,0.08000000000000002,0.22333333333333336
chesca_commitment_full_mesh,1436,21,6,0,13.128596495770651,13.128596495770651,0.0,9.3142671585083,0.8654056972462474,90,0.0,0.0,0.0,0.0,0.0,0.0,0.4600000000000001,0.08000000000000002,0.22333333333333336
chesca_commitment_full_mesh,1437,22,6,0,10.255034477693124,10.255034477693124,0.0,9.3142671585083,0.05127139881361862,90,0.0,0.0,0.0,0.0,0.0,0.0,0.4600000000000001,0.08000000000000002,0.19999999999999998
chesca_commitment_full_mesh,1438,23,6,0,9.901562754036268,9.90156275403627,1.7763568394002505e-15,9.3142671585083,0.08872969640548682,90,0.0,0.0,0.0,0.0,0.0,0.0,0.4600000000000001,0.08000000000000002,0.18666666666666668
chesca_commitment_full_mesh,1439,24,6,0,10.483966070788574,10.483966070788574,0.0,9.271478652954102,0.37579376413564436,90,0.0,0.0,0.0,0.0,0.0,0.0,0.4600000000000001,0.08000000000000002,0.18666666666666668
chesca_commitment_full_mesh,1440,1,6,0,10.316831113397509,10.316831113397507,-1.7763568394002505e-15,9.317070960998535,0.17149224250279407,90,0.0,0.0,0.0,0.0,0.0,0.0,0.4600000000000001,0.08000000000000002,0.17333333333333334
chesca_commitment_full_mesh,1441,2,6,6,8.721576293669923,9.597576293669924,0.8760000000000012,9.353033065795898,-0.1068463704907062,90,0.0,6.0,0.0,0.24000000000000005,0.0,0.24000000000000005,0.22000000000000003,0.04000000000000001,0.20666666666666667
chesca_commitment_full_mesh,1442,3,6,6,6.888773353111537,7.6987733531115365,0.8099999999999996,9.366558074951172,-0.2772543654843913,90,0.0,6.0,0.0,0.22000000000000003,0.0,0.22000000000000003,2.42861286636753e-17,6.938893903907228e-18,0.24333333333333337
chesca_commitment_full_mesh,1443,4,6,0,7.085167602658199,7.085167602658199,0.0,9.366558074951172,-0.2906480442486082,90,0.0,0.0,0.0,0.0,0.0,0.0,2.42861286636753e-17,6.938893903907228e-18,0.22333333333333336
chesca_commitment_full_mesh,1444,5,6,1,5.884490205723612,5.950490205723613,0.06600000000000072,9.366558074951172,-0.18898383533699117,90,0.0,1.0,0.0,3.469446951953614e-18,0.0,0.020000000000000004,2.0816681711721685e-17,6.938893903907228e-18,0.21333333333333335
chesca_commitment_full_mesh,1445,6,6,0,5.980524536687244,5.980524536687245,8.881784197001252e-16,9.366558074951172,-0.06271454128513113,90,0.0,0.0,0.0,0.0,0.0,0.0,2.0816681711721685e-17,6.938893903907228e-18,0.21333333333333335
chesca_commitment_full_mesh,1446,7,6,0,5.595605640018172,5.595605640018172,0.0,9.366558074951172,-0.050984190039093547,90,0.0,0.0,0.0,0.0,0.0,0.0,2.0816681711721685e-17,6.938893903907228e-18,0.19666666666666666
chesca_commitment_full_mesh,1447,8,6,0,5.0812788188379,5.0812788188379,0.0,9.366558074951172,-0.00953899239694422,90,0.0,0.0,0.0,0.0,0.0,0.0,2.0816681711721685e-17,6.938893903907228e-18,0.19333333333333333
chesca_commitment_full_mesh,1448,9,6,2,4.713331321515173,4.873331321515173,0.16000000000000014,9.366558074951172,-0.07894921710503425,90,0.0,2.0,0.0,6.938893903907228e-18,0.0,0.04000000000000001,1.3877787807814457e-17,6.938893903907228e-18,0.19999999999999998
chesca_commitment_full_mesh,1449,10,6,1,3.7113543952616146,3.8433543952616143,0.13199999999999967,9.366558074951172,-0.08689946821473604,90,0.0,1.0,0.0,6.938893903907228e-18,0.0,0.04,6.938893903907228e-18,6.938893903907228e-18,0.18000000000000005
chesca_commitment_full_mesh,1450,11,6,6,1.6826565725123546,2.0725377981075463,0.3898812255951918,9.366558074951172,-0.29585642839907533,90,0.0,6.0,0.0,6.938893903907228e-18,0.0,0.14,0.0,0.0,0.19333333333333336
chesca_commitment_full_mesh,1451,12,6,0,1.091595395177672,1.091595395177672,0.0,9.366558074951172,-0.08068494946684979,90,0.0,0.0,0.0,0.0,0.0,0.0,0.0,0.0,0.18666666666666668
chesca_commitment_full_mesh,1452,13,6,5,5.4391660660685535,4.869166066068553,-0.5700000000000003,9.366558074951172,0.31530464345297604,90,5.0,0.0,0.16000000000000003,0.0,0.16000000000000003,0.0,0.16000000000000003,0.04,0.21333333333333335
chesca_commitment_full_mesh,1453,14,6,0,4.484107979979753,4.484107979979753,0.0,9.366558074951172,0.08059019885042837,90,0.0,0.0,0.0,0.0,0.0,0.0,0.16000000000000003,0.04,0.20666666666666667
chesca_commitment_full_mesh,1454,15,6,3,6.337383936254605,6.469269008903313,0.13188507264870797,9.366558074951172,0.03854850386744054,90,0.0,3.0,0.0,0.06,0.0,0.06,0.1,0.04,0.21666666666666667
chesca_commitment_full_mesh,1455,16,6,1,7.518760435475915,7.438760435475914,-0.08000000000000096,9.366558074951172,0.12395637461270664,90,1.0,0.0,0.020000000000000004,0.0,0.020000000000000004,0.0,0.12000000000000002,0.04,0.21333333333333335
chesca_commitment_full_mesh,1456,17,6,0,9.274990796600495,9.274990796600495,0.0,9.366558074951172,0.14289190842529015,90,0.0,0.0,0.0,0.0,0.0,0.0,0.12000000000000002,0.04,0.18333333333333335
chesca_commitment_full_mesh,1457,18,6,1,11.104136705429744,10.944136705429743,-0.16000000000000014,9.366558074951172,0.5432884908838898,90,1.0,0.0,0.04000000000000001,0.0,0.04000000000000001,0.0,0.16000000000000003,0.04000000000000001,0.17
chesca_commitment_full_mesh,1458,19,6,5,13.287355286071248,12.623355286071249,-0.6639999999999997,9.366558074951172,1.0466083578947627,90,5.0,0.0,0.18000000000000002,0.0,0.18000000000000002,0.0,0.34,0.06000000000000001,0.19333333333333336
chesca_commitment_full_mesh,1459,20,6,0,13.252962044725255,13.252962044725255,0.0,9.366558074951172,0.5443245174288472,90,0.0,0.0,0.0,0.0,0.0,0.0,0.34,0.06000000000000001,0.19333333333333336
chesca_commitment_full_mesh,1460,21,6,0,11.596541856380663,11.596541856380663,0.0,9.366558074951172,0.4838387559247598,90,0.0,0.0,0.0,0.0,0.0,0.0,0.34,0.06000000000000001,0.19333333333333336
chesca_commitment_full_mesh,1461,22,6,6,10.64242306477108,11.43842306477108,0.7959999999999994,9.366558074951172,-0.0296660774059138,90,0.0,6.0,0.0,0.22000000000000003,0.0,0.22000000000000003,0.12000000000000002,0.039999999999999994,0.23
chesca_commitment_full_mesh,1462,23,6,6,9.719124637186427,10.303124637186427,0.5839999999999996,9.434428215026855,-0.09004791359171972,90,0.0,6.0,0.0,0.12000000000000001,0.0,0.16000000000000003,2.42861286636753e-17,1.0408340855860843e-17,0.25666666666666665
chesca_commitment_full_mesh,1463,24,6,0,9.632031722061946,9.632031722061944,-1.7763568394002505e-15,9.49997615814209,-0.21286090714044492,90,0.0,0.0,0.0,0.0,0.0,0.0,2.42861286636753e-17,1.0408340855860843e-17,0.25666666666666665
chesca_commitment_full_mesh,1464,1,6,0,8.841592965989179,8.841592965989177,-1.7763568394002505e-15,9.534466743469238,-0.19782759737306363,90,0.0,0.0,0.0,0.0,0.0,0.0,2.42861286636753e-17,1.0408340855860843e-17,0.25666666666666665
chesca_commitment_full_mesh,1465,2,6,0,8.043451470852235,8.043451470852235,0.0,9.49997615814209,-0.24249019864496907,90,0.0,0.0,0.0,0.0,0.0,0.0,2.42861286636753e-17,1.0408340855860843e-17,0.21666666666666667
chesca_commitment_full_mesh,1466,3,6,1,7.088957595791984,7.220957595791984,0.13199999999999967,9.49997615814209,-0.24491997356877093,90,0.0,1.0,0.0,0.0,0.0,0.04000000000000001,2.42861286636753e-17,1.0408340855860843e-17,0.18666666666666668
chesca_commitment_full_mesh,1467,4,6,6,7.207731448493664,7.937731448493665,0.7300000000000004,9.49997615814209,-0.13431280833986842,90,0.0,6.0,0.0,2.42861286636753e-17,0.0,0.20000000000000004,0.0,0.0,0.22
chesca_commitment_full_mesh,1468,5,6,3,6.0880654407460915,6.323575704189085,0.2355102634429933,9.49997615814209,-0.3541653759101404,90,0.0,3.0,0.0,0.0,0.0,0.06000000000000001,0.0,0.0,0.22666666666666668
chesca_commitment_full_mesh,1469,6,6,1,5.567775564662436,5.633775564662436,0.06599999999999984,9.49997615814209,-0.29004024083567437,90,0.0,1.0,0.0,0.0,0.0,0.02,0.0,0.0,0.23
chesca_commitment_full_mesh,1470,7,6,4,5.648916470884642,5.9106097978159635,0.2616933269313213,9.534466743469238,-0.644519281351528,90,0.0,4.0,0.0,0.0,0.0,0.08000000000000002,0.0,0.0,0.24333333333333332
chesca_commitment_full_mesh,1471,8,6,2,5.024564383502396,5.156564383502396,0.13200000000000056,9.568717002868652,-0.7695389555391455,90,0.0,2.0,0.0,0.0,0.0,0.04000000000000001,0.0,0.0,0.25
chesca_commitment_full_mesh,1472,9,6,0,3.6413686744088087,3.6413686744088087,0.0,9.568717002868652,-0.10734694414456855,90,0.0,0.0,0.0,0.0,0.0,0.0,0.0,0.0,0.24333333333333337
chesca_commitment_full_mesh,1473,10,6,0,3.2260558568510365,3.2260558568510365,0.0,9.568717002868652,-0.05863183845448963,90,0.0,0.0,0.0,0.0,0.0,0.0,0.0,0.0,0.2366666666666667
chesca_commitment_full_mesh,1474,11,6,0,2.8590206848093267,2.8590206848093263,-4.440892098500626e-16,9.568717002868652,0.060442672061358796,90,0.0,0.0,0.0,0.0,0.0,0.0,0.0,0.0,0.21333333333333335
chesca_commitment_full_mesh,1475,12,6,2,4.232096286662725,4.431012382648181,0.19891609598545568,9.568717002868652,-0.2434360338719937,90,0.0,2.0,0.0,0.0,0.0,0.06,0.0,0.0,0.22333333333333336
chesca_commitment_full_mesh,1476,13,6,0,5.202756600964817,5.202756600964817,0.0,9.568717002868652,0.16390421304113129,90,0.0,0.0,0.0,0.0,0.0,0.0,0.0,0.0,0.19666666666666668
chesca_commitment_full_mesh,1477,14,6,5,6.975393945976278,6.471393945976279,-0.5039999999999996,9.568717002868652,0.13831442625069743,90,5.0,0.0,0.14,0.0,0.14,0.0,0.14,0.04,0.22
chesca_commitment_full_mesh,1478,15,6,5,7.655033437314553,8.013033437314554,0.35800000000000143,9.568717002868652,0.0047354558946471476,90,0.0,5.0,0.0,0.09999999999999999,0.0,0.09999999999999999,0.040000000000000015,0.02,0.22666666666666668
chesca_commitment_full_mesh,1479,16,6,2,8.584602672078665,8.730602672078666,0.1460000000000008,9.568717002868652,-0.030928729704870705,90,0.0,2.0,0.0,0.039999999999999994,0.0,0.039999999999999994,2.42861286636753e-17,1.3877787807814457e-17,0.23
chesca_commitment_full_mesh,1480,17,6,6,12.715226446110265,12.117226446110266,-0.597999999999999,9.568717002868652,0.8967353777132939,90,6.0,0.0,0.16000000000000003,0.0,0.16000000000000003,0.0,0.16000000000000003,0.04000000000000001,0.25666666666666665
chesca_commitment_full_mesh,1481,18,6,1,14.180930842951122,14.100930842951124,-0.0799999999999983,9.568717002868652,1.3241356083289193,90,1.0,0.0,0.020000000000000004,0.0,0.020000000000000004,0.0,0.18000000000000005,0.040000000000000015,0.25333333333333335
chesca_commitment_full_mesh,1482,19,6,1,14.909333422431638,14.829333422431638,-0.08000000000000007,9.568717002868652,1.4797597999287346,90,1.0,0.0,0.02,0.0,0.02,0.0,0.2,0.06000000000000001,0.22666666666666668
chesca_commitment_full_mesh,1483,20,6,0,13.535028321348712,13.535028321348712,0.0,9.568717002868652,0.9427267806130325,90,0.0,0.0,0.0,0.0,0.0,0.0,0.2,0.06000000000000001,0.22666666666666668
chesca_commitment_full_mesh,1484,21,6,0,12.118079907536158,12.118079907536156,-1.7763568394002505e-15,9.568717002868652,0.47374349799535975,90,0.0,0.0,0.0,0.0,0.0,0.0,0.2,0.06000000000000001,0.22666666666666668
chesca_commitment_full_mesh,1485,22,6,6,9.423640849335404,10.101640849335404,0.677999999999999,9.568717002868652,-0.14432842343124064,90,0.0,6.0,0.0,0.18,0.0,0.18,0.020000000000000046,0.02000000000000001,0.22
chesca_commitment_full_mesh,1486,23,6,3,9.721593578960903,9.509593578960903,-0.21199999999999974,9.568717002868652,0.11344077650398443,90,3.0,0.0,0.06,0.0,0.06,0.0,0.08000000000000004,0.02000000000000001,0.20333333333333334
chesca_commitment_full_mesh,1487,24,6,4,9.597362924136634,9.889362924136634,0.2919999999999998,9.568717002868652,-0.05703157271718205,90,0.0,4.0,0.0,0.08000000000000002,0.0,0.08000000000000002,3.8163916471489756e-17,1.734723475976807e-17,0.21666666666666667
chesca_commitment_full_mesh,1488,1,6,6,10.746472396796667,10.308472396796667,-0.4380000000000006,9.568717002868652,0.4460189718835164,90,6.0,0.0,0.12000000000000002,0.0,0.12000000000000002,0.0,0.12000000000000006,0.02000000000000002,0.2366666666666667
chesca_commitment_full_mesh,1489,2,6,6,9.272747321729053,9.710747321729052,0.43799999999999883,9.598907470703125,-0.042579954497038414,90,0.0,6.0,0.0,0.12000000000000002,0.0,0.12000000000000002,3.8163916471489756e-17,1.734723475976807e-17,0.25666666666666665
chesca_commitment_full_mesh,1490,3,6,0,6.1217498711443215,6.1217498711443215,0.0,9.598907470703125,-0.22416478638670018,90,0.0,0.0,0.0,0.0,0.0,0.0,3.8163916471489756e-17,1.734723475976807e-17,0.25
chesca_commitment_full_mesh,1491,4,6,0,6.279583207495808,6.279583207495809,8.881784197001252e-16,9.598907470703125,0.04416454780306771,90,0.0,0.0,0.0,0.0,0.0,0.0,3.8163916471489756e-17,1.734723475976807e-17,0.21666666666666667
chesca_commitment_full_mesh,1492,5,6,0,5.769673661817075,5.769673661817075,0.0,9.598907470703125,0.009078443534595887,90,0.0,0.0,0.0,0.0,0.0,0.0,3.8163916471489756e-17,1.734723475976807e-17,0.20666666666666667
chesca_commitment_full_mesh,1493,6,6,3,6.251501832799239,5.959501832799239,-0.2919999999999998,9.598907470703125,0.08580405554056797,90,3.0,0.0,0.08,0.0,0.08,0.0,0.08000000000000004,0.04000000000000002,0.21666666666666667
chesca_commitment_full_mesh,1494,7,6,0,5.5153702899425525,5.5153702899425525,0.0,9.598907470703125,0.054836873827788554,90,0.0,0.0,0.0,0.0,0.0,0.0,0.08000000000000004,0.04000000000000002,0.20333333333333334
chesca_commitment_full_mesh,1495,8,6,3,5.0423918834578085,5.266891952815941,0.2245000693581325,9.598907470703125,-0.03901366650560681,90,0.0,3.0,0.0,0.08000000000000002,0.0,0.08000000000000002,3.469446951953614e-17,1.3877787807814457e-17,0.21
chesca_commitment_full_mesh,1496,9,6,0,4.935427122678332,4.935427122678332,0.0,9.598907470703125,0.010091763298524487,90,0.0,0.0,0.0,0.0,0.0,0.0,3.469446951953614e-17,1.3877787807814457e-17,0.21
chesca_commitment_full_mesh,1497,10,6,4,4.365900224260906,4.653733642512329,0.28783341825142283,9.598907470703125,-0.1071629391447049,90,0.0,4.0,0.0,2.0816681711721685e-17,0.0,0.1,1.3877787807814457e-17,1.3877787807814457e-17,0.22666666666666668
chesca_commitment_full_mesh,1498,11,6,0,6.066050305929627,6.066050305929627,0.0,9.598907470703125,0.038364269071734916,90,0.0,0.0,0.0,0.0,0.0,0.0,1.3877787807814457e-17,1.3877787807814457e-17,0.22666666666666668
chesca_commitment_full_mesh,1499,12,6,0,4.1819646637876335,4.1819646637876335,0.0,9.598907470703125,0.016748458007835726,90,0.0,0.0,0.0,0.0,0.0,0.0,1.3877787807814457e-17,1.3877787807814457e-17,0.21666666666666667
chesca_commitment_full_mesh,1500,13,6,0,5.224122059480752,5.224122059480752,0.0,9.598907470703125,-0.05539258201118091,90,0.0,0.0,0.0,0.0,0.0,0.0,1.3877787807814457e-17,1.3877787807814457e-17,0.21666666666666667
chesca_commitment_full_mesh,1501,14,6,2,3.5948554772889887,3.7063675956285276,0.11151211833953889,9.598907470703125,-0.11887652051558711,90,0.0,2.0,0.0,0.0,0.0,0.04000000000000001,1.3877787807814457e-17,1.3877787807814457e-17,0.19999999999999998
chesca_commitment_full_mesh,1502,15,6,5,5.150818586436936,4.726818586436935,-0.4240000000000004,9.598907470703125,0.16867355504973086,90,5.0,0.0,0.12000000000000001,0.0,0.12000000000000001,0.0,0.12000000000000002,0.04,0.20333333333333334
chesca_commitment_full_mesh,1503,16,6,1,4.982806401967219,4.9028064019672195,-0.07999999999999918,9.598907470703125,0.333751760917376,90,1.0,0.0,0.02,0.0,0.02,0.0,0.14,0.04,0.19999999999999998
chesca_commitment_full_mesh,1504,17,6,0,5.942808210174694,5.942808210174694,0.0,9.598907470703125,0.27379308939149827,90,0.0,0.0,0.0,0.0,0.0,0.0,0.14,0.04,0.17333333333333334
chesca_commitment_full_mesh,1505,18,6,0,7.55671146333086,7.556711463330861,8.881784197001252e-16,9.568717002868652,0.3746044861614385,90,0.0,0.0,0.0,0.0,0.0,0.0,0.14,0.04,0.17
chesca_commitment_full_mesh,1506,19,6,6,7.872003926223309,8.313326754231221,0.44132282800791245,9.536791801452637,0.007799653977232306,90,0.0,6.0,0.0,0.13999999999999999,0.0,0.13999999999999999,3.122502256758253e-17,2.42861286636753e-17,0.19000000000000003
chesca_commitment_full_mesh,1507,20,6,0,8.415337859905101,8.415337859905101,0.0,9.517993927001953,-0.03467190155479187,90,0.0,0.0,0.0,0.0,0.0,0.0,3.122502256758253e-17,2.42861286636753e-17,0.19000000000000003
chesca_commitment_full_mesh,1508,21,6,5,8.60200520043856,8.084005200438561,-0.5179999999999989,9.49997615814209,0.08439663683464788,90,5.0,0.0,0.14,0.0,0.14,0.0,0.14000000000000004,0.04000000000000002,0.21333333333333335
chesca_commitment_full_mesh,1509,22,6,6,8.099754609465244,8.663286819988677,0.5635322105234337,9.49997615814209,-0.6649577084075399,90,0.0,6.0,0.0,0.14,0.0,0.16000000000000003,4.163336342344337e-17,2.0816681711721685e-17,0.21
chesca_commitment_full_mesh,1510,23,6,3,7.454582034480356,7.65506405182405,0.20048201734369453,9.42400074005127,-0.1432876029540914,90,0.0,3.0,0.0,2.7755575615628914e-17,0.0,0.06000000000000001,1.3877787807814457e-17,6.938893903907228e-18,0.21
chesca_commitment_full_mesh,1511,24,6,3,7.447450093164957,7.619619478728202,0.17216938556324468,9.318024635314941,-0.1211002173492037,90,0.0,3.0,0.0,6.938893903907228e-18,0.0,0.060000000000000005,6.938893903907228e-18,6.938893903907228e-18,0.20666666666666667
chesca_commitment_full_mesh,1512,1,6,4,8.114561236972532,7.822561236972532,-0.2920000000000007,9.239676475524902,0.0953578322784184,90,4.0,0.0,0.08000000000000002,0.0,0.08000000000000002,0.0,0.08000000000000002,0.020000000000000004,0.19999999999999998
chesca_commitment_full_mesh,1513,2,6,4,7.60782213537619,7.877310495781159,0.26948836040496893,9.197290420532227,0.03750420717617809,90,0.0,4.0,0.0,0.08,0.0,0.08000000000000002,1.0408340855860843e-17,6.938893903907228e-18,0.19333333333333336
chesca_commitment_full_mesh,1514,3,6,0,6.197509219771795,6.197509219771794,-8.881784197001252e-16,9.197290420532227,-0.023844619545409756,90,0.0,0.0,0.0,0.0,0.0,0.0,1.0408340855860843e-17,6.938893903907228e-18,0.19333333333333336
chesca_commitment_full_mesh,1515,4,6,6,5.625830222762845,5.041830222762845,-0.5840000000000005,9.197290420532227,0.0871562778169215,90,6.0,0.0,0.16000000000000003,0.0,0.16000000000000003,0.0,0.16000000000000003,0.04000000000000001,0.22
chesca_commitment_full_mesh,1516,5,6,0,5.372475563042029,5.372475563042029,0.0,9.197290420532227,0.03957210781188966,90,0.0,0.0,0.0,0.0,0.0,0.0,0.16000000000000003,0.04000000000000001,0.22
chesca_commitment_full_mesh,1517,6,6,0,5.4181172418375905,5.4181172418375905,0.0,9.197290420532227,0.06350521542482458,90,0.0,0.0,0.0,0.0,0.0,0.0,0.16000000000000003,0.04000000000000001,0.20666666666666667
chesca_commitment_full_mesh,1518,7,6,6,4.5902405147030185,4.965066181379033,0.37482566667601436,9.239676475524902,-0.5928041028691913,90,0.0,6.0,0.0,0.16,0.0,0.16,2.0816681711721685e-17,6.938893903907228e-18,0.23333333333333336
chesca_commitment_full_mesh,1519,8,6,0,3.6650475544744805,3.6650475544744805,0.0,9.239676475524902,0.05438959994153507,90,0.0,0.0,0.0,0.0,0.0,0.0,2.0816681711721685e-17,6.938893903907228e-18,0.22
chesca_commitment_full_mesh,1520,9,6,2,5.025198830888272,4.813198830888271,-0.21200000000000063,9.239676475524902,0.20080497866148211,90,2.0,0.0,0.060000000000000005,0.0,0.060000000000000005,0.0,0.060000000000000026,0.04000000000000001,0.23
chesca_commitment_full_mesh,1521,10,6,0,3.1485737179591284,3.1485737179591284,0.0,9.239676475524902,0.03301717551221541,90,0.0,0.0,0.0,0.0,0.0,0.0,0.060000000000000026,0.04000000000000001,0.21333333333333335
chesca_commitment_full_mesh,1522,11,6,0,3.508721287270604,3.508721287270604,0.0,9.239676475524902,0.04689235860717053,90,0.0,0.0,0.0,0.0,0.0,0.0,0.060000000000000026,0.04000000000000001,0.21333333333333335
chesca_commitment_full_mesh,1523,12,6,2,1.158124985851003,1.2432911322964482,0.08516614644544518,9.239676475524902,-0.01310845829214182,90,0.0,2.0,0.0,0.06,0.0,0.06,2.42861286636753e-17,6.938893903907228e-18,0.22333333333333336
chesca_commitment_full_mesh,1524,13,6,1,3.960912858336761,3.8949128583367614,-0.06599999999999984,9.239676475524902,0.11868197818724993,90,1.0,0.0,0.02,0.0,0.02,0.0,0.020000000000000025,0.020000000000000004,0.22666666666666668
chesca_commitment_full_mesh,1525,14,6,0,4.49623555077317,4.49623555077317,0.0,9.239676475524902,0.0868442570352618,90,0.0,0.0,0.0,0.0,0.0,0.0,0.020000000000000025,0.020000000000000004,0.22
chesca_commitment_full_mesh,1526,15,6,0,4.713817913241266,4.713817913241265,-8.881784197001252e-16,9.239676475524902,0.06913217384356748,90,0.0,0.0,0.0,0.0,0.0,0.0,0.020000000000000025,0.020000000000000004,0.19999999999999998
chesca_commitment_full_mesh,1527,16,6,5,6.911490137867855,6.3134901378678565,-0.5979999999999981,9.197290420532227,0.5837199609503775,90,5.0,0.0,0.16,0.0,0.16,0.0,0.18000000000000005,0.040000000000000015,0.22333333333333336
chesca_commitment_full_mesh,1528,17,6,0,7.795006176558384,7.795006176558384,0.0,9.170780181884766,0.49088475084436556,90,0.0,0.0,0.0,0.0,0.0,0.0,0.18000000000000005,0.040000000000000015,0.22333333333333336
chesca_commitment_full_mesh,1529,18,6,0,9.387196911345493,9.387196911345493,0.0,9.170780181884766,0.5090635926967532,90,0.0,0.0,0.0,0.0,0.0,0.0,0.18000000000000005,0.040000000000000015,0.22333333333333336
chesca_commitment_full_mesh,1530,19,6,0,9.693853474437676,9.693853474437677,1.7763568394002505e-15,9.114717483520508,0.2561214161126731,90,0.0,0.0,0.0,0.0,0.0,0.0,0.18000000000000005,0.040000000000000015,0.20000000000000004
chesca_commitment_full_mesh,1531,20,6,6,8.78861752439571,9.518617524395708,0.7299999999999986,9.114717483520508,-0.17858138517025673,90,0.0,6.0,0.0,0.18,0.0,0.2,3.8163916471489756e-17,1.3877787807814457e-17,0.23333333333333336
chesca_commitment_full_mesh,1532,21,6,4,7.7987092943711955,8.142709294371196,0.3440000000000003,9.114717483520508,-0.7259130941729256,90,0.0,4.0,0.0,3.122502256758253e-17,0.0,0.1,6.938893903907228e-18,6.938893903907228e-18,0.22666666666666668
chesca_commitment_full_mesh,1533,22,6,0,7.639376550211132,7.639376550211132,0.0,9.063664436340332,0.04777686201153192,90,0.0,0.0,0.0,0.0,0.0,0.0,6.938893903907228e-18,6.938893903907228e-18,0.19999999999999998
chesca_commitment_full_mesh,1534,23,6,2,7.006562349045539,6.6865623490455395,-0.3199999999999994,9.000687599182129,0.07837940120296179,90,2.0,0.0,0.08000000000000002,0.0,0.08000000000000002,0.0,0.08000000000000002,0.040000000000000015,0.20333333333333334
chesca_commitment_full_mesh,1535,24,6,3,8.728199618887071,8.516199618887072,-0.21199999999999974,8.916298866271973,0.23127758694322373,90,3.0,0.0,0.06000000000000001,0.0,0.06000000000000001,0.0,0.14,0.040000000000000015,0.20333333333333334
chesca_commitment_full_mesh,1536,1,6,5,8.157576514151506,8.689576514151508,0.5320000000000018,9.000687599182129,-0.06299742427203137,90,0.0,5.0,0.0,0.14,0.0,0.14,1.0408340855860843e-17,6.938893903907228e-18,0.21333333333333335
chesca_commitment_full_mesh,1537,2,6,0,7.4592425963033655,7.459242596303365,-8.881784197001252e-16,9.000687599182129,-0.05410119072509055,90,0.0,0.0,0.0,0.0,0.0,0.0,1.0408340855860843e-17,6.938893903907228e-18,0.19999999999999998
chesca_commitment_full_mesh,1538,3,6,4,5.615897373113902,6.119897373113902,0.5040000000000004,9.000687599182129,-0.09533344261742843,90,0.0,4.0,0.0,1.0408340855860843e-17,0.0,0.14,0.0,0.0,0.22333333333333336
chesca_commitment_full_mesh,1539,4,6,0,5.610637792675905,5.610637792675904,-8.881784197001252e-16,9.000687599182129,0.03625632056861296,90,0.0,0.0,0.0,0.0,0.0,0.0,0.0,0.0,0.19666666666666666
chesca_commitment_full_mesh,1540,5,6,0,5.314507207739453,5.314507207739452,-8.881784197001252e-16,9.000687599182129,0.06656750682284976,90,0.0,0.0,0.0,0.0,0.0,0.0,0.0,0.0,0.19666666666666666
chesca_commitment_full_mesh,1541,6,6,6,5.713955047020455,5.209955047020456,-0.5039999999999996,9.000687599182129,0.10692672769698067,90,6.0,0.0,0.14,0.0,0.14,0.0,0.14,0.04000000000000001,0.22
chesca_commitment_full_mesh,1542,7,6,0,5.352077027993118,5.3520770279931185,8.881784197001252e-16,9.000687599182129,0.25408388785689506,90,0.0,0.0,0.0,0.0,0.0,0.0,0.14,0.04000000000000001,0.19333333333333336
chesca_commitment_full_mesh,1543,8,6,6,4.199612503999883,4.580646485169698,0.38103398116981513,9.000687599182129,-0.10632914042251537,90,0.0,6.0,0.0,0.14,0.0,0.14,3.469446951953614e-18,3.469446951953614e-18,0.21666666666666667
chesca_commitment_full_mesh,1544,9,6,0,3.1922064698059316,3.1922064698059316,0.0,9.000687599182129,0.0016945744560789289,90,0.0,0.0,0.0,0.0,0.0,0.0,3.469446951953614e-18,3.469446951953614e-18,0.2066666666666667
chesca_commitment_full_mesh,1545,10,6,3,3.2878433097660134,3.511509390934449,0.22366608116843567,9.000687599182129,-0.11004679009521784,90,0.0,3.0,0.0,3.469446951953614e-18,0.0,0.08,0.0,0.0,0.22
chesca_commitment_full_mesh,1546,11,6,0,4.1299992548838675,4.1299992548838675,0.0,9.000687599182129,0.10936234310475405,90,0.0,0.0,0.0,0.0,0.0,0.0,0.0,0.0,0.22
chesca_commitment_full_mesh,1547,12,6,4,6.476121622710638,6.747638000072975,0.271516377362337,9.000687599182129,-0.5933537614179656,90,0.0,4.0,0.0,0.0,0.0,0.08,0.0,0.0,0.22333333333333336
chesca_commitment_full_mesh,1548,13,6,0,6.207094503024036,6.207094503024035,-8.881784197001252e-16,9.000687599182129,0.06318774877044234,90,0.0,0.0,0.0,0.0,0.0,0.0,0.0,0.0,0.22
chesca_commitment_full_mesh,1549,14,6,2,5.611759360959888,5.7080859349961335,0.09632657403624556,9.000687599182129,-0.11244169086366668,90,0.0,2.0,0.0,0.0,0.0,0.04000000000000001,0.0,0.0,0.22666666666666668
chesca_commitment_full_mesh,1550,15,6,0,6.965920455408064,6.965920455408064,0.0,8.88379955291748,0.19974571196770832,90,0.0,0.0,0.0,0.0,0.0,0.0,0.0,0.0,0.22666666666666668
chesca_commitment_full_mesh,1551,16,6,0,8.221115196208991,8.221115196208991,0.0,9.000687599182129,-0.046267881205873794,90,0.0,0.0,0.0,0.0,0.0,0.0,0.0,0.0,0.19999999999999998
chesca_commitment_full_mesh,1552,17,6,6,10.688749305875248,9.944749305875249,-0.7439999999999998,9.000687599182129,0.673183454810937,90,6.0,0.0,0.2,0.0,0.2,0.0,0.2,0.04000000000000001,0.23333333333333336
chesca_commitment_full_mesh,1553,18,6,6,12.833986895232362,12.39598689523236,-0.4380000000000024,9.000687599182129,1.50378152650878,90,6.0,0.0,0.12,0.0,0.12,0.0,0.32,0.06000000000000001,0.25333333333333335
chesca_commitment_full_mesh,1554,19,6,0,14.331879561142602,14.3318795611426,-1.7763568394002505e-15,9.000687599182129,1.6609720386823887,90,0.0,0.0,0.0,0.0,0.0,0.0,0.32,0.06000000000000001,0.25333333333333335
chesca_commitment_full_mesh,1555,20,6,0,10.200628936572475,10.200628936572475,0.0,9.000687599182129,0.04300675538072529,90,0.0,0.0,0.0,0.0,0.0,0.0,0.32,0.06000000000000001,0.22
chesca_commitment_full_mesh,1556,21,6,5,9.102894305491217,9.460894305491216,0.35799999999999876,9.000687599182129,-0.000885325392942983,90,0.0,5.0,0.0,0.1,0.0,0.1,0.22,0.06000000000000001,0.22
chesca_commitment_full_mesh,1557,22,6,0,9.095327289623587,9.095327289623587,0.0,8.88379955291748,0.11666257151929539,90,0.0,0.0,0.0,0.0,0.0,0.0,0.22,0.06000000000000001,0.22
chesca_commitment_full_mesh,1558,23,6,6,9.337095023567954,10.081095023567954,0.7439999999999998,9.000687599182129,-0.40348954422262867,90,0.0,6.0,0.0,0.2,0.0,0.2,0.020000000000000018,0.02000000000000001,0.24
chesca_commitment_full_mesh,1559,24,6,1,8.279657631251926,8.359657631251926,0.08000000000000007,9.000687599182129,-0.19814733806298526,90,0.0,1.0,0.0,0.020000000000000004,0.0,0.020000000000000004,1.3877787807814457e-17,6.938893903907228e-18,0.2333333333333333
chesca_commitment_full_mesh,1560,1,6,1,9.431656816725313,9.365656816725313,-0.06600000000000072,8.88379955291748,0.11058945327984829,90,1.0,0.0,0.020000000000000004,0.0,0.020000000000000004,0.0,0.020000000000000018,0.020000000000000004,0.21333333333333335
chesca_commitment_full_mesh,1561,2,6,4,8.648316818277522,8.94031681827752,0.29199999999999804,8.88379955291748,-0.12162273752831836,90,0.0,4.0,0.0,0.02000000000000001,0.0,0.08000000000000002,6.938893903907228e-18,6.938893903907228e-18,0.22666666666666668
chesca_commitment_full_mesh,1562,3,6,0,7.212114979085862,7.212114979085862,0.0,8.774971961975098,-0.24164346027272532,90,0.0,0.0,0.0,0.0,0.0,0.0,6.938893903907228e-18,6.938893903907228e-18,0.20333333333333334
chesca_commitment_full_mesh,1563,4,6,4,5.944346854066039,6.368346854066039,0.4240000000000004,8.774971961975098,-0.11508314133239739,90,0.0,4.0,0.0,6.938893903907228e-18,0.0,0.12000000000000002,0.0,0.0,0.22333333333333336
chesca_commitment_full_mesh,1564,5,6,0,6.352877235205501,6.352877235205501,0.0,8.774971961975098,-0.09479780721285103,90,0.0,0.0,0.0,0.0,0.0,0.0,0.0,0.0,0.22333333333333336
chesca_commitment_full_mesh,1565,6,6,0,6.150256361563904,6.150256361563904,0.0,8.774971961975098,-0.23519880344879307,90,0.0,0.0,0.0,0.0,0.0,0.0,0.0,0.0,0.19999999999999998
chesca_commitment_full_mesh,1566,7,6,0,5.367045604856725,5.367045604856725,0.0,8.774971961975098,0.026226492555599574,90,0.0,0.0,0.0,0.0,0.0,0.0,0.0,0.0,0.19999999999999998
chesca_commitment_full_mesh,1567,8,6,6,5.841619786753817,5.403619786753817,-0.4380000000000006,8.774971961975098,0.08871713023626304,90,6.0,0.0,0.12000000000000002,0.0,0.12000000000000002,0.0,0.12000000000000002,0.020000000000000004,0.19666666666666666
chesca_commitment_full_mesh,1568,9,6,6,5.269446063481794,5.68457260201856,0.4151265385367653,8.774971961975098,0.007655856506120051,90,0.0,6.0,0.0,0.12000000000000001,0.0,0.12000000000000001,1.3877787807814457e-17,1.3877787807814457e-17,0.21666666666666667
chesca_commitment_full_mesh,1569,10,6,0,5.276980443302454,5.276980443302454,0.0,8.774971961975098,-0.03546371897207081,90,0.0,0.0,0.0,0.0,0.0,0.0,1.3877787807814457e-17,1.3877787807814457e-17,0.20333333333333337
chesca_commitment_full_mesh,1570,11,6,2,5.349864290002553,5.561864290002553,0.21199999999999974,8.747900009155273,-0.09136116542618138,90,0.0,2.0,0.0,0.0,0.0,0.06000000000000001,1.3877787807814457e-17,1.3877787807814457e-17,0.21333333333333335
chesca_commitment_full_mesh,1571,12,6,1,5.37897604966656,5.444976049666561,0.06600000000000072,8.747900009155273,-0.08797876925275089,90,0.0,1.0,0.0,0.0,0.0,0.020000000000000004,1.3877787807814457e-17,1.3877787807814457e-17,0.20333333333333334
chesca_commitment_full_mesh,1572,13,6,4,6.266471368141082,5.880471368141083,-0.38599999999999923,8.740854263305664,0.08564811054073554,90,4.0,0.0,0.1,0.0,0.1,0.0,0.10000000000000003,0.04,0.22
chesca_commitment_full_mesh,1573,14,6,4,5.772122503245436,6.043903584618477,0.27178108137304147,8.740854263305664,0.007746235432835402,90,0.0,4.0,0.0,0.08000000000000002,0.0,0.08000000000000002,0.02000000000000001,0.019999999999999997,0.22666666666666668
chesca_commitment_full_mesh,1574,15,6,1,5.894171743583102,5.9361253996063015,0.04195365602319967,8.740854263305664,-0.037670539904888424,90,0.0,1.0,0.0,0.019999999999999997,0.0,0.02,1.3877787807814457e-17,1.0408340855860843e-17,0.23
chesca_commitment_full_mesh,1575,16,6,3,6.361270818374814,6.163270818374814,-0.1980000000000004,8.740854263305664,0.45848536779190374,90,3.0,0.0,0.06000000000000001,0.0,0.06000000000000001,0.0,0.060000000000000026,0.020000000000000004,0.24000000000000002
chesca_commitment_full_mesh,1576,17,6,0,7.298557797367766,7.298557797367766,0.0,8.643837928771973,0.5605657154730438,90,0.0,0.0,0.0,0.0,0.0,0.0,0.060000000000000026,0.020000000000000004,0.20666666666666667
chesca_commitment_full_mesh,1577,18,6,2,8.004215989594167,7.844215989594168,-0.15999999999999925,8.524121284484863,0.25676903040207255,90,2.0,0.0,0.04000000000000001,0.0,0.04000000000000001,0.0,0.10000000000000003,0.020000000000000014,0.19333333333333333
chesca_commitment_full_mesh,1578,19,6,6,8.620973643932828,9.03076087449144,0.4097872305586119,8.524121284484863,-0.08210215392997908,90,0.0,6.0,0.0,0.10000000000000002,0.0,0.12000000000000001,1.734723475976807e-17,1.3877787807814457e-17,0.21333333333333335
chesca_commitment_full_mesh,1579,20,6,0,7.635938692207971,7.635938692207971,0.0,8.514402389526367,-0.08100062125106725,90,0.0,0.0,0.0,0.0,0.0,0.0,1.734723475976807e-17,1.3877787807814457e-17,0.21333333333333335
chesca_commitment_full_mesh,1580,21,6,2,8.814207654577078,8.682207654577079,-0.13199999999999967,8.50611686706543,0.11943186455524774,90,2.0,0.0,0.04000000000000001,0.0,0.04000000000000001,0.0,0.04000000000000002,0.020000000000000004,0.20333333333333334
chesca_commitment_full_mesh,1581,22,6,2,8.09522127667024,8.227221276670239,0.13199999999999967,8.478022575378418,-0.00635255168347372,90,0.0,2.0,0.0,0.04000000000000001,0.0,0.04000000000000001,1.734723475976807e-17,1.3877787807814457e-17,0.21
chesca_commitment_full_mesh,1582,23,6,3,8.93963683532838,8.71363683532838,-0.22600000000000087,8.419784545898438,0.14505144588602525,90,3.0,0.0,0.06000000000000001,0.0,0.06000000000000001,0.0,0.060000000000000026,0.020000000000000014,0.18666666666666668
chesca_commitment_full_mesh,1583,24,6,6,7.751554192528696,8.495554192528695,0.7439999999999998,8.291302680969238,-0.13247813456032675,90,0.0,6.0,0.0,0.060000000000000026,0.0,0.2,0.0,0.0,0.21666666666666667
chesca_commitment_full_mesh,1584,1,6,1,8.123880546001125,8.203880546001125,0.08000000000000007,8.286364555358887,-0.2616951450682988,90,0.0,1.0,0.0,0.0,0.0,0.020000000000000004,0.0,0.0,0.21666666666666667
chesca_commitment_full_mesh,1585,2,6,4,7.129495550504163,7.4354955505041636,0.30600000000000094,8.154942512512207,-0.3163015184463893,90,0.0,4.0,0.0,0.0,0.0,0.08000000000000002,0.0,0.0,0.21666666666666667
chesca_commitment_full_mesh,1586,3,6,5,5.723540283119848,6.063831590065562,0.34029130694571386,8.154942512512207,-0.4239436125231885,90,0.0,5.0,0.0,0.0,0.0,0.10000000000000002,0.0,0.0,0.23333333333333336
chesca_commitment_full_mesh,1587,4,6,1,5.10206155127602,5.16806155127602,0.06599999999999984,8.154942512512207,-0.37472239008100006,90,0.0,1.0,0.0,0.0,0.0,0.020000000000000004,0.0,0.0,0.21666666666666667
chesca_commitment_full_mesh,1588,5,6,2,4.64620735945288,4.719401418133682,0.07319405868080153,8.154942512512207,-0.2973976521367851,90,0.0,2.0,0.0,0.0,0.0,0.04,0.0,0.0,0.22333333333333336
chesca_commitment_full_mesh,1589,6,6,1,5.119427734377446,5.15286729539355,0.033439561016104236,8.154942512512207,-0.18152832023316434,90,0.0,1.0,0.0,0.0,0.0,0.02,0.0,0.0,0.22666666666666668
chesca_commitment_full_mesh,1590,7,6,0,4.574378498457638,4.574378498457638,0.0,8.154942512512207,-0.15831255702687505,90,0.0,0.0,0.0,0.0,0.0,0.0,0.0,0.0,0.22666666666666668
chesca_commitment_full_mesh,1591,8,6,0,4.419177308874792,4.419177308874792,0.0,8.154942512512207,-0.07383021390847709,90,0.0,0.0,0.0,0.0,0.0,0.0,0.0,0.0,0.20666666666666667
chesca_commitment_full_mesh,1592,9,6,0,4.012722437172469,4.012722437172469,0.0,8.154942512512207,-0.08402784763089782,90,0.0,0.0,0.0,0.0,0.0,0.0,0.0,0.0,0.18666666666666665
chesca_commitment_full_mesh,1593,10,6,6,2.8105064965602846,3.0815330623548447,0.2710265657945601,8.154942512512207,-0.15207513579993676,90,0.0,6.0,0.0,0.0,0.0,0.12000000000000001,0.0,0.0,0.20666666666666667
chesca_commitment_full_mesh,1594,11,6,4,1.9158815935586242,2.063754937084054,0.14787334352543002,8.154942512512207,-0.31312507154570646,90,0.0,4.0,0.0,0.0,0.0,0.08,0.0,0.0,0.21000000000000005
chesca_commitment_full_mesh,1595,12,6,0,3.536165758338791,3.536165758338791,0.0,8.154942512512207,0.039315000428323296,90,0.0,0.0,0.0,0.0,0.0,0.0,0.0,0.0,0.2066666666666667
chesca_commitment_full_mesh,1596,13,6,2,5.663421854883537,5.781189563983381,0.11776770909984435,8.154942512512207,-0.1979445011869006,90,0.0,2.0,0.0,0.0,0.0,0.04,0.0,0.0,0.19666666666666668
chesca_commitment_full_mesh,1597,14,6,4,4.335135930160122,4.539629146236107,0.20449321607598492,8.154942512512207,-0.11018197389034291,90,0.0,4.0,0.0,0.0,0.0,0.08000000000000002,0.0,0.0,0.19666666666666668
chesca_commitment_full_mesh,1598,15,6,4,7.31520807347577,6.86320807347577,-0.45199999999999996,8.154942512512207,0.11681037247841983,90,4.0,0.0,0.12000000000000002,0.0,0.12000000000000002,0.0,0.12000000000000002,0.04000000000000001,0.21333333333333335
chesca_commitment_full_mesh,1599,16,6,2,7.2821716145245,7.150171614524499,-0.13200000000000056,8.154942512512207,0.37184268561428147,90,2.0,0.0,0.04000000000000001,0.0,0.04000000000000001,0.0,0.16000000000000003,0.04000000000000001,0.21000000000000005
chesca_commitment_full_mesh,1600,17,6,0,9.376417865489712,9.376417865489712,0.0,8.286364555358887,0.30990532401145376,90,0.0,0.0,0.0,0.0,0.0,0.0,0.16000000000000003,0.04000000000000001,0.21000000000000005
chesca_commitment_full_mesh,1601,18,6,6,10.810440521457542,10.306440521457542,-0.5039999999999996,8.154942512512207,1.1894237307055109,90,6.0,0.0,0.14,0.0,0.14,0.0,0.30000000000000004,0.08000000000000002,0.22666666666666668
chesca_commitment_full_mesh,1602,19,6,2,12.314879253218711,12.154879253218711,-0.16000000000000014,8.154942512512207,1.2700033053286222,90,2.0,0.0,0.04000000000000001,0.0,0.04000000000000001,0.0,0.3400000000000001,0.08000000000000002,0.21333333333333335
chesca_commitment_full_mesh,1603,20,6,0,10.787523163919191,10.787523163919191,0.0,8.154942512512207,0.5970732695368984,90,0.0,0.0,0.0,0.0,0.0,0.0,0.3400000000000001,0.08000000000000002,0.21333333333333335
chesca_commitment_full_mesh,1604,21,6,0,10.989616465999985,10.989616465999985,0.0,8.154942512512207,0.8415975360307327,90,0.0,0.0,0.0,0.0,0.0,0.0,0.3400000000000001,0.08000000000000002,0.20666666666666667
chesca_commitment_full_mesh,1605,22,6,0,9.38614028453167,9.38614028453167,0.0,8.154942512512207,0.1323487169735571,90,0.0,0.0,0.0,0.0,0.0,0.0,0.3400000000000001,0.08000000000000002,0.19999999999999998
chesca_commitment_full_mesh,1606,23,6,0,9.721009368300033,9.721009368300033,0.0,8.154942512512207,0.3874368357503838,90,0.0,0.0,0.0,0.0,0.0,0.0,0.3400000000000001,0.08000000000000002,0.19000000000000003
chesca_commitment_full_mesh,1607,24,6,0,9.754097393866019,9.75409739386602,1.7763568394002505e-15,8.154942512512207,0.2627828670914848,90,0.0,0.0,0.0,0.0,0.0,0.0,0.3400000000000001,0.08000000000000002,0.1566666666666667
chesca_commitment_full_mesh,1608,1,6,6,8.501314603167998,9.377314603168,0.8760000000000012,8.154942512512207,-0.01914155053722033,90,0.0,6.0,0.0,0.24000000000000005,0.0,0.24000000000000005,0.09999999999999998,0.04000000000000001,0.19333333333333336
chesca_commitment_full_mesh,1609,2,6,6,7.912186587775517,8.562186587775516,0.6499999999999986,8.154942512512207,-0.2816243392452996,90,0.0,6.0,0.0,0.09999999999999998,0.0,0.18000000000000005,0.0,0.0,0.21
chesca_commitment_full_mesh,1610,3,6,5,5.828808447970181,6.4408084479701815,0.6120000000000001,8.154942512512207,-0.5555380297586094,90,0.0,5.0,0.0,0.0,0.0,0.16,0.0,0.0,0.22
chesca_commitment_full_mesh,1611,4,6,3,5.859142333823701,6.0851423338237005,0.2259999999999991,8.0961332321167,-0.35690284214732637,90,0.0,3.0,0.0,0.0,0.0,0.06000000000000001,0.0,0.0,0.22666666666666668
chesca_commitment_full_mesh,1612,5,6,1,5.535634463290469,5.593104721250478,0.05747025796000926,8.0961332321167,-0.35110742105771686,90,0.0,1.0,0.0,0.0,0.0,0.020000000000000004,0.0,0.0,0.22333333333333336
chesca_commitment_full_mesh,1613,6,6,2,5.756843617920964,5.857393641195439,0.10055002327447493,8.0961332321167,-0.3115002802363063,90,0.0,2.0,0.0,0.0,0.0,0.04,0.0,0.0,0.22666666666666668
chesca_commitment_full_mesh,1614,7,6,2,5.626501212829892,5.758501212829891,0.13199999999999967,8.0961332321167,-0.40020449367756405,90,0.0,2.0,0.0,0.0,0.0,0.04000000000000001,0.0,0.0,0.23333333333333336
chesca_commitment_full_mesh,1615,8,6,0,5.221971164665002,5.221971164665002,0.0,8.0961332321167,-0.08560703854042737,90,0.0,0.0,0.0,0.0,0.0,0.0,0.0,0.0,0.23333333333333336
chesca_commitment_full_mesh,1616,9,6,0,3.4799112624572794,3.4799112624572794,0.0,8.0961332321167,-0.26126427378709494,90,0.0,0.0,0.0,0.0,0.0,0.0,0.0,0.0,0.23333333333333336
chesca_commitment_full_mesh,1617,10,6,0,3.119105751600299,3.1191057516002987,-4.440892098500626e-16,8.0961332321167,-0.14473822716408508,90,0.0,0.0,0.0,0.0,0.0,0.0,0.0,0.0,0.21333333333333335
chesca_commitment_full_mesh,1618,11,6,3,1.2209515118711183,1.376476695283584,0.1555251834124658,8.0961332321167,-0.33065036308382145,90,0.0,3.0,0.0,0.0,0.0,0.06,0.0,0.0,0.21
chesca_commitment_full_mesh,1619,12,6,0,3.5130171059897704,3.513017105989771,4.440892098500626e-16,8.0961332321167,0.04053140605994324,90,0.0,0.0,0.0,0.0,0.0,0.0,0.0,0.0,0.21
chesca_commitment_full_mesh,1620,13,6,0,3.862556048064488,3.862556048064488,0.0,8.0961332321167,0.030744524995287154,90,0.0,0.0,0.0,0.0,0.0,0.0,0.0,0.0,0.20333333333333337
chesca_commitment_full_mesh,1621,14,6,3,4.597627909345297,4.789140450335954,0.19151254099065707,8.0961332321167,-0.09388896286233382,90,0.0,3.0,0.0,0.0,0.0,0.06,0.0,0.0,0.20000000000000004
chesca_commitment_full_mesh,1622,15,6,1,6.1683119213829105,6.2483119213829115,0.08000000000000096,8.0961332321167,-0.08091263799621759,90,0.0,1.0,0.0,0.0,0.0,0.020000000000000004,0.0,0.0,0.18333333333333335
chesca_commitment_full_mesh,1623,16,6,6,8.596825704732318,8.03270475525962,-0.5641209494726986,8.0961332321167,0.1236773310497048,90,5.0,1.0,0.16000000000000003,0.0,0.16000000000000003,0.020000000000000018,0.16000000000000003,0.04000000000000001,0.2066666666666667
chesca_commitment_full_mesh,1624,17,6,1,9.776034086708567,9.710034086708566,-0.06600000000000072,8.0961332321167,0.5792219756477262,90,1.0,0.0,0.01999999999999999,0.0,0.01999999999999999,0.0,0.18,0.04000000000000001,0.21000000000000005
chesca_commitment_full_mesh,1625,18,6,2,10.83298417845019,10.686984178450189,-0.1460000000000008,8.0961332321167,0.7550475745693573,90,2.0,0.0,0.039999999999999994,0.0,0.039999999999999994,0.0,0.22000000000000003,0.04000000000000001,0.19333333333333336
chesca_commitment_full_mesh,1626,19,6,6,14.052782578199805,13.242782578199806,-0.8099999999999987,8.0961332321167,1.659199198104496,90,6.0,0.0,0.22000000000000003,0.0,0.22000000000000003,0.0,0.44000000000000006,0.08000000000000002,0.22333333333333338
chesca_commitment_full_mesh,1627,20,6,0,12.944246573161257,12.944246573161257,0.0,8.0961332321167,1.2785349198335285,90,0.0,0.0,0.0,0.0,0.0,0.0,0.44000000000000006,0.08000000000000002,0.22333333333333338
chesca_commitment_full_mesh,1628,21,6,0,10.60640130091234,10.606401300912342,1.7763568394002505e-15,8.0961332321167,0.3895737273427716,90,0.0,0.0,0.0,0.0,0.0,0.0,0.44000000000000006,0.08000000000000002,0.22333333333333338
chesca_commitment_full_mesh,1629,22,6,0,9.281637996339638,9.281637996339638,0.0,8.0961332321167,0.2137576003990354,90,0.0,0.0,0.0,0.0,0.0,0.0,0.44000000000000006,0.08000000000000002,0.22333333333333338
chesca_commitment_full_mesh,1630,23,6,0,10.035506946442382,10.035506946442382,0.0,8.0961332321167,0.3066615905731977,90,0.0,0.0,0.0,0.0,0.0,0.0,0.44000000000000006,0.08000000000000002,0.22333333333333338
chesca_commitment_full_mesh,1631,24,6,0,10.082672744638856,10.082672744638856,0.0,8.0961332321167,0.43985430748343757,90,0.0,0.0,0.0,0.0,0.0,0.0,0.44000000000000006,0.08000000000000002,0.22333333333333338
chesca_commitment_full_mesh,1632,1,6,6,8.627218720083018,9.503218720083018,0.8759999999999994,8.0961332321167,-0.16458553857424119,90,0.0,6.0,0.0,0.24000000000000005,0.0,0.24000000000000005,0.19999999999999998,0.04000000000000001,0.22333333333333338
chesca_commitment_full_mesh,1633,2,6,6,8.06731488442853,8.81131488442853,0.7439999999999998,8.0961332321167,-0.12525240098288498,90,0.0,6.0,0.0,0.19999999999999998,0.0,0.2,0.0,0.0,0.22666666666666668
chesca_commitment_full_mesh,1634,3,6,4,7.28608714822935,7.56408714822935,0.27800000000000047,8.154942512512207,-0.360019733006796,90,0.0,4.0,0.0,0.0,0.0,0.08000000000000002,0.0,0.0,0.21333333333333335
chesca_commitment_full_mesh,1635,4,6,3,6.674853182392978,6.914853182392977,0.23999999999999932,8.154942512512207,-0.3301789001020503,90,0.0,3.0,0.0,0.0,0.0,0.06000000000000001,0.0,0.0,0.21333333333333335
chesca_commitment_full_mesh,1636,5,6,3,5.874421551291206,6.1004215512912054,0.2259999999999991,8.154942512512207,-0.30593354192819705,90,0.0,3.0,0.0,0.0,0.0,0.06000000000000001,0.0,0.0,0.22
chesca_commitment_full_mesh,1637,6,6,1,6.30951666278003,6.37551666278003,0.06599999999999984,8.154942512512207,-0.1949236926055758,90,0.0,1.0,0.0,0.0,0.0,0.02,0.0,0.0,0.21666666666666667
chesca_commitment_full_mesh,1638,7,6,5,5.6629333031792966,6.0632928725498605,0.40035956937056394,8.154942512512207,-0.6955979659249963,90,0.0,5.0,0.0,0.0,0.0,0.12000000000000002,0.0,0.0,0.23
chesca_commitment_full_mesh,1639,8,6,0,4.689130591417877,4.689130591417877,0.0,8.0961332321167,-0.21648875345147983,90,0.0,0.0,0.0,0.0,0.0,0.0,0.0,0.0,0.23
chesca_commitment_full_mesh,1640,9,6,0,1.8928192884496609,1.8928192884496609,0.0,8.0961332321167,-0.3683637520586991,90,0.0,0.0,0.0,0.0,0.0,0.0,0.0,0.0,0.23
chesca_commitment_full_mesh,1641,10,6,0,3.625471782466783,3.6254717824667826,-4.440892098500626e-16,8.0961332321167,0.10105821581304,90,0.0,0.0,0.0,0.0,0.0,0.0,0.0,0.0,0.23
chesca_commitment_full_mesh,1642,11,6,0,3.973989131188846,3.973989131188846,0.0,8.0961332321167,-0.03190850676464482,90,0.0,0.0,0.0,0.0,0.0,0.0,0.0,0.0,0.22
chesca_commitment_full_mesh,1643,12,6,0,3.618376697094358,3.618376697094358,0.0,8.0961332321167,0.003642397396283581,90,0.0,0.0,0.0,0.0,0.0,0.0,0.0,0.0,0.22
chesca_commitment_full_mesh,1644,13,6,3,4.281665870517241,4.437189133387687,0.15552326287044593,8.0961332321167,-0.32579651423146905,90,0.0,3.0,0.0,0.0,0.0,0.06,0.0,0.0,0.23
chesca_commitment_full_mesh,1645,14,6,0,4.013378561499756,4.013378561499756,0.0,8.0961332321167,-0.019018344787348443,90,0.0,0.0,0.0,0.0,0.0,0.0,0.0,0.0,0.22000000000000006
chesca_commitment_full_mesh,1646,15,6,1,6.391942317953411,6.3259423179534116,-0.06599999999999984,8.0961332321167,0.15115086776833722,90,1.0,0.0,0.020000000000000004,0.0,0.020000000000000004,0.0,0.020000000000000004,0.020000000000000004,0.22
chesca_commitment_full_mesh,1647,16,6,1,7.859170517288642,7.779170517288643,-0.07999999999999918,8.0961332321167,0.07846253598886486,90,1.0,0.0,0.020000000000000004,0.0,0.020000000000000004,0.0,0.04000000000000001,0.020000000000000004,0.19333333333333336
chesca_commitment_full_mesh,1648,17,6,6,11.71155994452069,10.91555994452069,-0.7960000000000012,8.0961332321167,0.8448146010898205,90,6.0,0.0,0.22,0.0,0.22,0.0,0.26,0.06000000000000001,0.22666666666666668
chesca_commitment_full_mesh,1649,18,6,5,13.63494132351424,13.022941323514242,-0.6119999999999983,8.0961332321167,1.820008839614762,90,5.0,0.0,0.16000000000000003,0.0,0.16000000000000003,0.0,0.42,0.08000000000000002,0.24666666666666667
chesca_commitment_full_mesh,1650,19,6,4,15.274442272820554,14.996442272820556,-0.2779999999999987,8.0961332321167,2.3174140607093086,90,4.0,0.0,0.08000000000000002,0.0,0.08000000000000002,0.0,0.5,0.10000000000000002,0.22333333333333338
chesca_commitment_full_mesh,1651,20,6,0,13.385292697832085,13.385292697832085,0.0,8.0961332321167,1.3724075258752657,90,0.0,0.0,0.0,0.0,0.0,0.0,0.5,0.10000000000000002,0.22333333333333338
chesca_commitment_full_mesh,1652,21,6,6,11.525026523054311,12.029026523054311,0.5039999999999996,8.0961332321167,-0.030135388028948072,90,0.0,6.0,0.0,0.14,0.0,0.14,0.36,0.08000000000000002,0.2466666666666667
chesca_commitment_full_mesh,1653,22,6,0,10.083037344658518,10.083037344658518,0.0,8.0961332321167,0.22024052467726304,90,0.0,0.0,0.0,0.0,0.0,0.0,0.36,0.08000000000000002,0.2466666666666667
chesca_commitment_full_mesh,1654,23,6,0,10.330445503996184,10.330445503996184,0.0,8.0961332321167,0.6874208082487809,90,0.0,0.0,0.0,0.0,0.0,0.0,0.36,0.08000000000000002,0.2466666666666667
chesca_commitment_full_mesh,1655,24,6,0,10.355557924884032,10.355557924884033,1.7763568394002505e-15,8.0961332321167,0.5831887000477887,90,0.0,0.0,0.0,0.0,0.0,0.0,0.36,0.08000000000000002,0.2466666666666667
chesca_commitment_full_mesh,1656,1,6,0,10.627543044515619,10.62754304451562,1.7763568394002505e-15,8.0961332321167,0.6554114345933257,90,0.0,0.0,0.0,0.0,0.0,0.0,0.36,0.08000000000000002,0.20666666666666667
chesca_commitment_full_mesh,1657,2,6,6,7.984618488121432,8.860618488121434,0.8760000000000012,8.0961332321167,-0.08483786146998719,90,0.0,6.0,0.0,0.24000000000000005,0.0,0.24000000000000005,0.12,0.04000000000000001,0.21333333333333335
chesca_commitment_full_mesh,1658,3,6,6,7.119535771510714,7.637535771510715,0.5180000000000007,8.0961332321167,-0.2906714883037077,90,0.0,6.0,0.0,0.12,0.0,0.14,3.469446951953614e-18,3.469446951953614e-18,0.22333333333333338
chesca_commitment_full_mesh,1659,4,6,1,6.6439756590275785,6.709975659027578,0.06599999999999984,8.0961332321167,-0.2498366622872325,90,0.0,1.0,0.0,0.0,0.0,0.020000000000000004,3.469446951953614e-18,3.469446951953614e-18,0.21666666666666667
chesca_commitment_full_mesh,1660,5,6,2,5.927266528022298,6.087266528022298,0.16000000000000014,8.0961332321167,-0.21731674755907762,90,0.0,2.0,0.0,0.0,0.0,0.04000000000000001,3.469446951953614e-18,3.469446951953614e-18,0.21333333333333335
chesca_commitment_full_mesh,1661,6,6,2,6.2722389138756975,6.415036715153551,0.1427978012778537,8.0961332321167,-0.10612351717162516,90,0.0,2.0,0.0,0.0,0.0,0.04000000000000001,3.469446951953614e-18,3.469446951953614e-18,0.21666666666666667
chesca_commitment_full_mesh,1662,7,6,1,5.646037345099997,5.712037345099998,0.06600000000000072,8.0961332321167,-0.12747810122215894,90,0.0,1.0,0.0,0.0,0.0,0.020000000000000004,3.469446951953614e-18,3.469446951953614e-18,0.20000000000000004
chesca_commitment_full_mesh,1663,8,6,5,4.375426807487252,4.689400710375643,0.31397390288839055,8.0961332321167,-0.20163772835366242,90,0.0,5.0,0.0,3.469446951953614e-18,0.0,0.12000000000000002,0.0,0.0,0.22
chesca_commitment_full_mesh,1664,9,6,0,2.7166997283943735,2.7166997283943735,0.0,8.0961332321167,-0.2981577691286009,90,0.0,0.0,0.0,0.0,0.0,0.0,0.0,0.0,0.22
chesca_commitment_full_mesh,1665,10,6,0,2.5297687931905024,2.5297687931905024,0.0,8.0961332321167,-0.07352808755721213,90,0.0,0.0,0.0,0.0,0.0,0.0,0.0,0.0,0.22
chesca_commitment_full_mesh,1666,11,6,0,1.7674314992809277,1.7674314992809275,-2.220446049250313e-16,8.0961332321167,-0.10502960832584932,90,0.0,0.0,0.0,0.0,0.0,0.0,0.0,0.0,0.22
chesca_commitment_full_mesh,1667,12,6,0,3.4767819723977675,3.476781972397767,-4.440892098500626e-16,8.0961332321167,0.16061505706492282,90,0.0,0.0,0.0,0.0,0.0,0.0,0.0,0.0,0.22
chesca_commitment_full_mesh,1668,13,6,0,4.4940425798645744,4.494042579864574,-8.881784197001252e-16,8.0961332321167,0.15146896880854666,90,0.0,0.0,0.0,0.0,0.0,0.0,0.0,0.0,0.21
chesca_commitment_full_mesh,1669,14,6,0,4.324661195956629,4.324661195956629,0.0,8.0961332321167,-0.05839654163370224,90,0.0,0.0,0.0,0.0,0.0,0.0,0.0,0.0,0.21
chesca_commitment_full_mesh,1670,15,6,3,7.253382225905109,7.041382225905109,-0.21199999999999974,8.0961332321167,0.22335809703228926,90,3.0,0.0,0.06000000000000001,0.0,0.06000000000000001,0.0,0.06000000000000001,0.020000000000000004,0.21666666666666667
chesca_commitment_full_mesh,1671,16,6,3,8.522593851019781,8.29659385101978,-0.22600000000000087,8.0961332321167,0.5220679287598533,90,3.0,0.0,0.06000000000000001,0.0,0.06000000000000001,0.0,0.12000000000000002,0.020000000000000004,0.22333333333333336
chesca_commitment_full_mesh,1672,17,6,6,11.302025781348387,10.78402578134839,-0.5179999999999971,8.0961332321167,1.351059144556078,90,6.0,0.0,0.13999999999999996,0.0,0.13999999999999996,0.0,0.26,0.060000000000000005,0.21
chesca_commitment_full_mesh,1673,18,6,6,13.33096426209831,12.534964262098311,-0.7959999999999994,8.154942512512207,1.8015829065617825,90,6.0,0.0,0.22000000000000003,0.0,0.22000000000000003,0.0,0.4800000000000001,0.08000000000000002,0.22
chesca_commitment_full_mesh,1674,19,6,3,16.052069672135865,15.732069672135866,-0.3199999999999985,8.264015197753906,2.4332190599133994,90,3.0,0.0,0.08,0.0,0.08,0.0,0.56,0.12000000000000002,0.22
chesca_commitment_full_mesh,1675,20,6,0,13.06429797053337,13.06429797053337,0.0,8.264015197753906,1.097397443069736,90,0.0,0.0,0.0,0.0,0.0,0.0,0.56,0.12000000000000002,0.22
chesca_commitment_full_mesh,1676,21,6,0,11.330699416936428,11.330699416936428,0.0,8.3515625,0.6668998872347554,90,0.0,0.0,0.0,0.0,0.0,0.0,0.56,0.12000000000000002,0.19666666666666668
chesca_commitment_full_mesh,1677,22,6,6,8.786572064114718,9.662572064114718,0.8759999999999994,8.3515625,-0.10498059038424715,90,0.0,6.0,0.0,0.24000000000000002,0.0,0.24000000000000002,0.3200000000000001,0.08000000000000002,0.2366666666666667
chesca_commitment_full_mesh,1678,23,6,0,9.131727034728776,9.131727034728774,-1.7763568394002505e-15,8.3515625,0.1003922582644385,90,0.0,0.0,0.0,0.0,0.0,0.0,0.3200000000000001,0.08000000000000002,0.2366666666666667
chesca_commitment_full_mesh,1679,24,6,0,9.687224924044383,9.687224924044383,0.0,8.3515625,0.2927446744004441,90,0.0,0.0,0.0,0.0,0.0,0.0,0.3200000000000001,0.08000000000000002,0.2366666666666667
chesca_commitment_full_mesh,1680,1,6,0,9.750630891620546,9.750630891620546,0.0,8.374786376953125,0.26341390017985256,90,0.0,0.0,0.0,0.0,0.0,0.0,0.3200000000000001,0.08000000000000002,0.2366666666666667
chesca_commitment_full_mesh,1681,2,6,6,8.122354478253015,8.998354478253015,0.8759999999999994,8.40932846069336,-0.23361567439290948,90,0.0,6.0,0.0,0.24000000000000005,0.0,0.24000000000000005,0.08000000000000002,0.040000000000000015,0.2366666666666667
chesca_commitment_full_mesh,1682,3,6,3,7.287181026906146,7.6071810269061455,0.3199999999999994,8.444741249084473,-0.26447797902094694,90,0.0,3.0,0.0,0.08,0.0,0.08000000000000002,2.7755575615628914e-17,1.3877787807814457e-17,0.22666666666666666
chesca_commitment_full_mesh,1683,4,6,3,7.10413874974726,7.302138749747258,0.19799999999999862,8.444741249084473,-0.1642032343323866,90,0.0,3.0,0.0,6.938893903907228e-18,0.0,0.06000000000000001,2.0816681711721685e-17,1.3877787807814457e-17,0.2333333333333333
chesca_commitment_full_mesh,1684,5,6,1,5.537075517899185,5.6030755178991845,0.06599999999999984,8.444741249084473,-0.2979774992924843,90,0.0,1.0,0.0,0.0,0.0,0.020000000000000004,2.0816681711721685e-17,1.3877787807814457e-17,0.23
chesca_commitment_full_mesh,1685,6,6,0,5.555503478082954,5.555503478082955,8.881784197001252e-16,8.444741249084473,-0.12445917400814846,90,0.0,0.0,0.0,0.0,0.0,0.0,2.0816681711721685e-17,1.3877787807814457e-17,0.22333333333333336
chesca_commitment_full_mesh,1686,7,6,0,5.269404353616609,5.269404353616609,0.0,8.40932846069336,-0.05992485176558841,90,0.0,0.0,0.0,0.0,0.0,0.0,2.0816681711721685e-17,1.3877787807814457e-17,0.22
chesca_commitment_full_mesh,1687,8,6,1,4.036531038819978,4.07537216073466,0.03884112191468159,8.40932846069336,-0.35351419215427643,90,0.0,1.0,0.0,0.0,0.0,0.02,2.0816681711721685e-17,1.3877787807814457e-17,0.20333333333333334
chesca_commitment_full_mesh,1688,9,6,5,2.60376325415632,2.8332376766635132,0.2294744225071934,8.40932846069336,-0.2571968258166007,90,0.0,5.0,0.0,6.938893903907228e-18,0.0,0.1,1.3877787807814457e-17,1.3877787807814457e-17,0.22
chesca_commitment_full_mesh,1689,10,6,1,1.0375960215860767,1.0710962620057647,0.03350024041968802,8.40932846069336,-0.16015662466377928,90,0.0,1.0,0.0,0.0,0.0,0.02,1.3877787807814457e-17,1.3877787807814457e-17,0.22333333333333336
chesca_commitment_full_mesh,1690,11,6,0,1.941671948571258,1.941671948571258,0.0,8.40932846069336,0.05610277953470755,90,0.0,0.0,0.0,0.0,0.0,0.0,1.3877787807814457e-17,1.3877787807814457e-17,0.22333333333333336
chesca_commitment_full_mesh,1691,12,6,0,2.917761660349165,2.917761660349165,0.0,8.40932846069336,-0.20112958551280583,90,0.0,0.0,0.0,0.0,0.0,0.0,1.3877787807814457e-17,1.3877787807814457e-17,0.22333333333333336
chesca_commitment_full_mesh,1692,13,6,0,5.0152283625174805,5.01522836251748,-8.881784197001252e-16,8.40932846069336,-0.0022919726485015335,90,0.0,0.0,0.0,0.0,0.0,0.0,1.3877787807814457e-17,1.3877787807814457e-17,0.22333333333333336
chesca_commitment_full_mesh,1693,14,6,0,4.925748733141315,4.925748733141315,0.0,8.40932846069336,-0.2168370931383829,90,0.0,0.0,0.0,0.0,0.0,0.0,1.3877787807814457e-17,1.3877787807814457e-17,0.22333333333333336
chesca_commitment_full_mesh,1694,15,6,0,7.755371856762813,7.755371856762813,0.0,8.40932846069336,0.1001230997486448,90,0.0,0.0,0.0,0.0,0.0,0.0,1.3877787807814457e-17,1.3877787807814457e-17,0.21333333333333335
chesca_commitment_full_mesh,1695,16,6,5,9.252876576836314,8.748876576836315,-0.5039999999999996,8.40932846069336,0.6935129521052159,90,5.0,0.0,0.14,0.0,0.14,0.0,0.14,0.04000000000000001,0.22666666666666668
chesca_commitment_full_mesh,1696,17,6,6,12.66681602207086,11.92281602207086,-0.7439999999999998,8.40932846069336,1.7438370200569202,90,6.0,0.0,0.2,0.0,0.2,0.0,0.34,0.06000000000000002,0.23666666666666666
chesca_commitment_full_mesh,1697,18,6,4,14.406116092090938,14.034116092090938,-0.3719999999999999,8.444741249084473,2.0063689529876156,90,4.0,0.0,0.10000000000000002,0.0,0.10000000000000002,0.0,0.44000000000000006,0.08000000000000002,0.21666666666666665
chesca_commitment_full_mesh,1698,19,6,4,16.595990554838984,16.303990554838983,-0.2920000000000016,8.478022575378418,2.205610594878179,90,4.0,0.0,0.08,0.0,0.08,0.0,0.52,0.1,0.21666666666666667
chesca_commitment_full_mesh,1699,20,6,0,14.930978360992414,14.930978360992414,0.0,8.478022575378418,1.2344397514624483,90,0.0,0.0,0.0,0.0,0.0,0.0,0.52,0.1,0.21666666666666667
chesca_commitment_full_mesh,1700,21,6,0,12.180453598998394,12.180453598998394,0.0,8.478022575378418,0.18684788055653778,90,0.0,0.0,0.0,0.0,0.0,0.0,0.52,0.1,0.21666666666666667
chesca_commitment_full_mesh,1701,22,6,6,8.964546882602178,9.840546882602178,0.8759999999999994,8.50611686706543,-0.1774586650936324,90,0.0,6.0,0.0,0.24000000000000002,0.0,0.24000000000000002,0.28,0.060000000000000005,0.21666666666666667
chesca_commitment_full_mesh,1702,23,6,6,8.039566215858956,8.915566215858956,0.8759999999999994,8.515381813049316,-0.23615437196072267,90,0.0,6.0,0.0,0.24000000000000002,0.0,0.24000000000000002,0.040000000000000036,0.020000000000000004,0.25666666666666665
chesca_commitment_full_mesh,1703,24,6,0,9.110368863806288,9.110368863806288,0.0,8.598114013671875,0.09162019397270324,90,0.0,0.0,0.0,0.0,0.0,0.0,0.040000000000000036,0.020000000000000004,0.25666666666666665
chesca_commitment_full_mesh,1704,1,6,0,9.585217906932703,9.585217906932701,-1.7763568394002505e-15,8.598114013671875,0.21776350752173568,90,0.0,0.0,0.0,0.0,0.0,0.0,0.040000000000000036,0.020000000000000004,0.25666666666666665
chesca_commitment_full_mesh,1705,2,6,3,7.725155741792502,7.965155741792503,0.2400000000000011,8.70372200012207,-0.6871614717994735,90,0.0,3.0,0.0,0.04000000000000001,0.0,0.06000000000000001,2.7755575615628914e-17,1.3877787807814457e-17,0.22666666666666668
chesca_commitment_full_mesh,1706,3,6,0,6.8331469693172115,6.833146969317211,-8.881784197001252e-16,8.70372200012207,-0.21480232667573995,90,0.0,0.0,0.0,0.0,0.0,0.0,2.7755575615628914e-17,1.3877787807814457e-17,0.21333333333333335
chesca_commitment_full_mesh,1707,4,6,1,7.0874868376622695,7.161040394624717,0.07355355696244725,8.70372200012207,-0.08745705518785238,90,0.0,1.0,0.0,0.0,0.0,0.020000000000000004,2.7755575615628914e-17,1.3877787807814457e-17,0.20666666666666667
chesca_commitment_full_mesh,1708,5,6,4,5.458035667359105,5.698270744003309,0.24023507664420407,8.70372200012207,-0.20632963150983108,90,0.0,4.0,0.0,2.7755575615628914e-17,0.0,0.08000000000000002,0.0,0.0,0.21666666666666667
chesca_commitment_full_mesh,1709,6,6,0,6.499840954931739,6.499840954931739,0.0,8.70372200012207,-0.005083710573621038,90,0.0,0.0,0.0,0.0,0.0,0.0,0.0,0.0,0.21666666666666667
chesca_commitment_full_mesh,1710,7,6,0,5.8998853039607555,5.899885303960755,-8.881784197001252e-16,8.70372200012207,0.009972989736594093,90,0.0,0.0,0.0,0.0,0.0,0.0,0.0,0.0,0.21666666666666667
chesca_commitment_full_mesh,1711,8,6,1,4.816942590170999,4.882942590170998,0.06599999999999895,8.70372200012207,-0.24615765032075348,90,0.0,1.0,0.0,0.0,0.0,0.020000000000000004,0.0,0.0,0.21666666666666667
chesca_commitment_full_mesh,1712,9,6,6,6.4981090080279555,6.753370861743814,0.25526185371585886,8.740854263305664,-0.706772195126288,90,0.0,6.0,0.0,0.0,0.0,0.13999999999999996,0.0,0.0,0.22333333333333336
chesca_commitment_full_mesh,1713,10,6,3,4.255464204905363,4.409544075971742,0.15407987106637933,8.814725875854492,-0.6223316853725945,90,0.0,3.0,0.0,0.0,0.0,0.05999999999999999,0.0,0.0,0.22999999999999998
chesca_commitment_full_mesh,1714,11,6,1,3.719700368328999,3.7575756277819896,0.03787525945299075,8.905707359313965,-0.5565822076518149,90,0.0,1.0,0.0,0.0,0.0,0.02,0.0,0.0,0.2333333333333333
chesca_commitment_full_mesh,1715,12,6,0,4.429555430041546,4.429555430041546,0.0,8.814725875854492,0.06907976840719568,90,0.0,0.0,0.0,0.0,0.0,0.0,0.0,0.0,0.2333333333333333
chesca_commitment_full_mesh,1716,13,6,0,6.6166825213583635,6.616682521358363,-8.881784197001252e-16,8.814725875854492,0.23627683471103744,90,0.0,0.0,0.0,0.0,0.0,0.0,0.0,0.0,0.2333333333333333
chesca_commitment_full_mesh,1717,14,6,0,6.7624831745627105,6.7624831745627105,0.0,8.814725875854492,0.14961175459623968,90,0.0,0.0,0.0,0.0,0.0,0.0,0.0,0.0,0.2333333333333333
chesca_commitment_full_mesh,1718,15,6,0,8.073628759492689,8.073628759492689,0.0,8.814725875854492,0.15674775161962243,90,0.0,0.0,0.0,0.0,0.0,0.0,0.0,0.0,0.2333333333333333
chesca_commitment_full_mesh,1719,16,6,6,10.599546417398342,10.161546417398341,-0.4380000000000006,8.740854263305664,0.9393782913344723,90,6.0,0.0,0.12000000000000001,0.0,0.12000000000000001,0.0,0.12000000000000001,0.020000000000000004,0.23
chesca_commitment_full_mesh,1720,17,6,5,13.52939095329734,13.039390953297339,-0.490000000000002,8.814725875854492,1.3074772234431784,90,5.0,0.0,0.14,0.0,0.14,0.0,0.26,0.06000000000000001,0.22
chesca_commitment_full_mesh,1721,18,6,4,13.978886785869783,13.592886785869783,-0.38599999999999923,8.814725875854492,1.68859621947603,90,4.0,0.0,0.1,0.0,0.1,0.0,0.36000000000000004,0.06000000000000001,0.22
chesca_commitment_full_mesh,1722,19,6,3,15.45051117810594,15.224511178105939,-0.22600000000000087,8.814725875854492,1.8548345170316523,90,3.0,0.0,0.06000000000000001,0.0,0.06000000000000001,0.0,0.42000000000000004,0.08000000000000002,0.21666666666666667
chesca_commitment_full_mesh,1723,20,6,0,13.341905203160515,13.341905203160513,-1.7763568394002505e-15,8.814725875854492,1.0971539743001553,90,0.0,0.0,0.0,0.0,0.0,0.0,0.42000000000000004,0.08000000000000002,0.21666666666666667
chesca_commitment_full_mesh,1724,21,6,0,11.9981319479705,11.9981319479705,0.0,8.814725875854492,0.8098749810214345,90,0.0,0.0,0.0,0.0,0.0,0.0,0.42000000000000004,0.08000000000000002,0.21666666666666667
chesca_commitment_full_mesh,1725,22,6,0,10.721908990467242,10.721908990467242,0.0,8.905707359313965,0.3711363700480372,90,0.0,0.0,0.0,0.0,0.0,0.0,0.42000000000000004,0.08000000000000002,0.17666666666666664
chesca_commitment_full_mesh,1726,23,6,0,10.664537367322731,10.664537367322733,1.7763568394002505e-15,8.905707359313965,0.41465683572017936,90,0.0,0.0,0.0,0.0,0.0,0.0,0.42000000000000004,0.08000000000000002,0.1366666666666667
chesca_commitment_full_mesh,1727,24,6,0,9.833964717763138,9.833964717763138,0.0,8.905707359313965,0.1241285953418454,90,0.0,0.0,0.0,0.0,0.0,0.0,0.42000000000000004,0.08000000000000002,0.1366666666666667
chesca_commitment_full_mesh,1728,1,6,0,10.158060134946734,10.158060134946732,-1.7763568394002505e-15,8.945573806762695,0.2905230607744896,90,0.0,0.0,0.0,0.0,0.0,0.0,0.42000000000000004,0.08000000000000002,0.1366666666666667
chesca_commitment_full_mesh,1729,2,6,6,9.279885231940531,10.15588523194053,0.8759999999999994,8.945573806762695,-0.18578928361715563,90,0.0,6.0,0.0,0.24000000000000005,0.0,0.24000000000000005,0.18000000000000002,0.04000000000000001,0.16666666666666666
chesca_commitment_full_mesh,1730,3,6,6,7.336567487224863,8.212567487224863,0.8760000000000003,8.977423667907715,-0.27271696668298834,90,0.0,6.0,0.0,0.18000000000000002,0.0,0.24000000000000005,0.0,0.0,0.20666666666666667
chesca_commitment_full_mesh,1731,4,6,4,6.308566522809908,6.6001704930774645,0.29160397026755636,8.977423667907715,-0.2591053245017193,90,0.0,4.0,0.0,0.0,0.0,0.08000000000000002,0.0,0.0,0.21666666666666667
chesca_commitment_full_mesh,1732,5,6,1,5.7057252609379585,5.778725730145723,0.0730004692077646,8.977423667907715,-0.16206254483059823,90,0.0,1.0,0.0,0.0,0.0,0.020000000000000004,0.0,0.0,0.20666666666666667
chesca_commitment_full_mesh,1733,6,6,0,5.883526036643887,5.883526036643887,0.0,8.977423667907715,-0.037109426456459566,90,0.0,0.0,0.0,0.0,0.0,0.0,0.0,0.0,0.20666666666666667
chesca_commitment_full_mesh,1734,7,6,0,5.25104352735935,5.25104352735935,0.0,8.977423667907715,-0.02305592945705074,90,0.0,0.0,0.0,0.0,0.0,0.0,0.0,0.0,0.20666666666666667
chesca_commitment_full_mesh,1735,8,6,0,4.655194166084817,4.655194166084817,0.0,8.977423667907715,-0.045673174735735594,90,0.0,0.0,0.0,0.0,0.0,0.0,0.0,0.0,0.20333333333333334
chesca_commitment_full_mesh,1736,9,6,4,2.8079980356361447,3.017097537921264,0.20909950228511942,8.977423667907715,-0.4235172193053189,90,0.0,4.0,0.0,0.0,0.0,0.08,0.0,0.0,0.19333333333333336
chesca_commitment_full_mesh,1737,10,6,6,2.4112222761420226,2.71649512913221,0.30527285299018736,8.977423667907715,-0.13805307609519418,90,0.0,6.0,0.0,0.0,0.0,0.12000000000000002,0.0,0.0,0.20333333333333334
chesca_commitment_full_mesh,1738,11,6,4,3.3042537801453076,3.4691349902851796,0.164881210139872,8.977423667907715,-0.12330370725910704,90,0.0,4.0,0.0,0.0,0.0,0.08000000000000002,0.0,0.0,0.21333333333333335
chesca_commitment_full_mesh,1739,12,6,2,4.433303538441145,4.511487025061812,0.07818348662066654,8.977423667907715,-0.2567271116861851,90,0.0,2.0,0.0,0.0,0.0,0.04,0.0,0.0,0.22
chesca_commitment_full_mesh,1740,13,6,1,5.887502442614341,5.887502442614341,0.0,8.977423667907715,0.2756176302673219,90,0.0,1.0,0.0,0.0,0.0,0.04000000000000001,0.0,0.0,0.22666666666666668
chesca_commitment_full_mesh,1741,14,6,0,6.2513599570405995,6.2513599570405995,0.0,8.977423667907715,0.11124910071387051,90,0.0,0.0,0.0,0.0,0.0,0.0,0.0,0.0,0.22666666666666668
chesca_commitment_full_mesh,1742,15,6,0,6.284130069255785,6.284130069255786,8.881784197001252e-16,8.977423667907715,-0.007231338023855838,90,0.0,0.0,0.0,0.0,0.0,0.0,0.0,0.0,0.22666666666666668
chesca_commitment_full_mesh,1743,16,6,5,7.760209743433137,7.388209743433137,-0.3719999999999999,8.977423667907715,0.5079374707660036,90,5.0,0.0,0.10000000000000002,0.0,0.10000000000000002,0.0,0.10000000000000002,0.020000000000000004,0.22333333333333336
chesca_commitment_full_mesh,1744,17,6,6,10.864928978158773,10.426928978158776,-0.43799999999999706,8.977423667907715,1.0237885004075922,90,6.0,0.0,0.11999999999999998,0.0,0.11999999999999998,0.0,0.22000000000000003,0.04000000000000001,0.22
chesca_commitment_full_mesh,1745,18,6,4,12.246627176787424,11.954627176787424,-0.2919999999999998,9.021897315979004,1.3140385433135684,90,4.0,0.0,0.07999999999999999,0.0,0.07999999999999999,0.0,0.3,0.06000000000000001,0.21666666666666667
chesca_commitment_full_mesh,1746,19,6,2,14.110272380262106,13.884272380262106,-0.22600000000000087,9.078960418701172,1.608085143527177,90,2.0,0.0,0.06,0.0,0.06,0.0,0.35999999999999993,0.07999999999999999,0.21666666666666667
chesca_commitment_full_mesh,1747,20,6,0,12.578656343670504,12.578656343670504,0.0,9.159021377563477,0.957594593847156,90,0.0,0.0,0.0,0.0,0.0,0.0,0.35999999999999993,0.07999999999999999,0.21666666666666667
chesca_commitment_full_mesh,1748,21,6,0,11.501432986130308,11.501432986130308,0.0,9.169054985046387,0.6211192224962901,90,0.0,0.0,0.0,0.0,0.0,0.0,0.35999999999999993,0.07999999999999999,0.21666666666666667
chesca_commitment_full_mesh,1749,22,6,0,10.669796294454478,10.669796294454477,-1.7763568394002505e-15,9.229866981506348,0.48478613457827247,90,0.0,0.0,0.0,0.0,0.0,0.0,0.35999999999999993,0.07999999999999999,0.21666666666666667
chesca_commitment_full_mesh,1750,23,6,0,11.196133653073769,11.196133653073769,0.0,9.291686058044434,0.5923867166781053,90,0.0,0.0,0.0,0.0,0.0,0.0,0.35999999999999993,0.07999999999999999,0.21666666666666667
chesca_commitment_full_mesh,1751,24,6,0,9.882893472730547,9.882893472730547,0.0,9.33527946472168,0.18488155584409025,90,0.0,0.0,0.0,0.0,0.0,0.0,0.35999999999999993,0.07999999999999999,0.21666666666666667
chesca_commitment_full_mesh,1752,1,6,0,10.00241921212077,10.002419212120769,-1.7763568394002505e-15,9.409566879272461,0.25262371748933665,90,0.0,0.0,0.0,0.0,0.0,0.0,0.35999999999999993,0.07999999999999999,0.21666666666666667
chesca_commitment_full_mesh,1753,2,6,3,8.779388995379536,9.005388995379535,0.2259999999999991,9.473969459533691,0.0193300373401422,90,0.0,3.0,0.0,0.06000000000000001,0.0,0.06000000000000001,0.3,0.07999999999999999,0.18666666666666668
chesca_commitment_full_mesh,1754,3,6,6,7.548704091357681,8.424704091357683,0.8760000000000012,9.473969459533691,-0.026064356582114465,90,0.0,6.0,0.0,0.24000000000000005,0.0,0.24000000000000005,0.059999999999999956,0.03999999999999998,0.18666666666666668
chesca_commitment_full_mesh,1755,4,6,2,6.686171640694344,6.912171640694343,0.2259999999999991,9.473969459533691,-0.030077144388292856,90,0.0,2.0,0.0,0.059999999999999956,0.0,0.060000000000000005,0.0,0.0,0.18333333333333335
chesca_commitment_full_mesh,1756,5,6,0,5.831380845854118,5.8313808458541185,8.881784197001252e-16,9.473969459533691,0.03114782553001416,90,0.0,0.0,0.0,0.0,0.0,0.0,0.0,0.0,0.18000000000000002
chesca_commitment_full_mesh,1757,6,6,5,6.212798226638086,5.496798226638085,-0.7160000000000011,9.473969459533691,0.11136516495002691,90,5.0,0.0,0.2,0.0,0.2,0.0,0.2,0.04,0.21333333333333335
chesca_commitment_full_mesh,1758,7,6,0,5.685126826554409,5.685126826554409,0.0,9.473969459533691,0.17437285797284724,90,0.0,0.0,0.0,0.0,0.0,0.0,0.2,0.04,0.21333333333333335
chesca_commitment_full_mesh,1759,8,6,0,5.521165692810623,5.521165692810624,8.881784197001252e-16,9.473969459533691,0.06886607092468572,90,0.0,0.0,0.0,0.0,0.0,0.0,0.2,0.04,0.21333333333333335
chesca_commitment_full_mesh,1760,9,6,2,4.104567225281094,4.264567225281094,0.16000000000000014,9.473969459533691,0.03191518538823346,90,0.0,2.0,0.0,0.039999999999999994,0.0,0.039999999999999994,0.16000000000000003,0.04,0.20666666666666667
chesca_commitment_full_mesh,1761,10,6,5,1.801318705459595,2.0715059830396583,0.27018727758006333,9.473969459533691,0.016377518828679605,90,0.0,5.0,0.0,0.1,0.0,0.10000000000000002,0.060000000000000005,0.02,0.20333333333333334
chesca_commitment_full_mesh,1762,11,6,2,1.0950296254147291,0.935029625414729,-0.16000000000000014,9.473969459533691,0.09035717361695549,90,2.0,0.0,0.04,0.0,0.04,0.0,0.1,0.02,0.19666666666666668
chesca_commitment_full_mesh,1763,12,6,5,3.6012116592193184,3.8519715668487624,0.250759907629444,9.473969459533691,-0.009338190209738972,90,0.0,5.0,0.0,0.1,0.0,0.1,1.0408340855860843e-17,1.0408340855860843e-17,0.20666666666666667
chesca_commitment_full_mesh,1764,13,6,5,4.171453221189731,3.813453221189731,-0.3580000000000001,9.473969459533691,0.2604381544866381,90,5.0,0.0,0.1,0.0,0.1,0.0,0.10000000000000002,0.02000000000000001,0.21666666666666667
chesca_commitment_full_mesh,1765,14,6,0,4.210548077512547,4.210548077512547,0.0,9.473969459533691,0.32787911779831225,90,0.0,0.0,0.0,0.0,0.0,0.0,0.10000000000000002,0.02000000000000001,0.21666666666666667
chesca_commitment_full_mesh,1766,15,6,0,6.213534887388975,6.213534887388975,0.0,9.473969459533691,0.2720404484874315,90,0.0,0.0,0.0,0.0,0.0,0.0,0.10000000000000002,0.02000000000000001,0.21666666666666667
chesca_commitment_full_mesh,1767,16,6,1,8.051699165462677,7.9716991654626765,-0.08000000000000096,9.473969459533691,0.6743039444434357,90,1.0,0.0,0.020000000000000004,0.0,0.020000000000000004,0.0,0.12000000000000002,0.02000000000000001,0.20333333333333334
chesca_commitment_full_mesh,1768,17,6,4,10.126769662639555,9.900769662639554,-0.22600000000000087,9.409566879272461,0.7693983260493467,90,3.0,1.0,0.06,0.02,0.06,0.04000000000000001,0.16,0.040000000000000015,0.19999999999999998
chesca_commitment_full_mesh,1769,18,6,5,11.396396369551779,10.89239636955178,-0.5039999999999996,9.409566879272461,1.0611334509043524,90,5.0,0.0,0.14,0.0,0.14,0.0,0.3,0.06000000000000001,0.21
chesca_commitment_full_mesh,1770,19,6,2,14.136811335976196,13.990811335976197,-0.14599999999999902,9.409566879272461,1.528510226104875,90,2.0,0.0,0.04000000000000001,0.0,0.04000000000000001,0.0,0.34,0.06000000000000001,0.20666666666666667
chesca_commitment_full_mesh,1771,20,6,0,12.284609963893889,12.284609963893889,0.0,9.409566879272461,0.7413722744131968,90,0.0,0.0,0.0,0.0,0.0,0.0,0.34,0.06000000000000001,0.20666666666666667
chesca_commitment_full_mesh,1772,21,6,0,11.233981808423996,11.233981808423996,0.0,9.409566879272461,0.5336725999915258,90,0.0,0.0,0.0,0.0,0.0,0.0,0.34,0.06000000000000001,0.20666666666666667
chesca_commitment_full_mesh,1773,22,6,4,9.50390584729419,9.94190584729419,0.4380000000000006,9.409566879272461,0.018511752675838378,90,0.0,4.0,0.0,0.12,0.0,0.12,0.22000000000000003,0.06000000000000001,0.22666666666666668
chesca_commitment_full_mesh,1774,23,6,0,10.617737172895808,10.617737172895808,0.0,9.473969459533691,0.23179664809484016,90,0.0,0.0,0.0,0.0,0.0,0.0,0.22000000000000003,0.06000000000000001,0.22666666666666668
chesca_commitment_full_mesh,1775,24,6,0,10.60221395530052,10.602213955300522,1.7763568394002505e-15,9.532763481140137,0.41009477649004905,90,0.0,0.0,0.0,0.0,0.0,0.0,0.22000000000000003,0.06000000000000001,0.22666666666666668
chesca_commitment_full_mesh,1776,1,6,0,10.361098577635953,10.361098577635953,0.0,9.532763481140137,0.23335235686641154,90,0.0,0.0,0.0,0.0,0.0,0.0,0.22000000000000003,0.06000000000000001,0.22666666666666668
chesca_commitment_full_mesh,1777,2,6,0,10.101063416202201,10.101063416202201,0.0,9.641817092895508,0.19145460861685681,90,0.0,0.0,0.0,0.0,0.0,0.0,0.22000000000000003,0.06000000000000001,0.21666666666666667
chesca_commitment_full_mesh,1778,3,6,5,8.527161292193814,8.899161292193813,0.3719999999999999,9.72095012664795,0.014061527728503304,90,0.0,5.0,0.0,0.09999999999999999,0.0,0.10000000000000002,0.12000000000000002,0.04000000000000001,0.19333333333333333
chesca_commitment_full_mesh,1779,4,6,4,6.855372214390657,7.147372214390657,0.2919999999999998,9.72095012664795,0.01674959692775313,90,0.0,4.0,0.0,0.08000000000000002,0.0,0.08000000000000002,0.040000000000000015,0.020000000000000004,0.19666666666666668
chesca_commitment_full_mesh,1780,5,6,0,6.152111636466259,6.152111636466259,0.0,9.72095012664795,0.07889526862529658,90,0.0,0.0,0.0,0.0,0.0,0.0,0.040000000000000015,0.020000000000000004,0.19666666666666668
chesca_commitment_full_mesh,1781,6,6,4,6.364506835925353,5.992506835925352,-0.37200000000000166,9.72095012664795,0.165180639518385,90,4.0,0.0,0.1,0.0,0.1,0.0,0.14000000000000004,0.04,0.18000000000000002
chesca_commitment_full_mesh,1782,7,6,0,5.784591146546915,5.784591146546915,0.0,9.72095012664795,0.13778130314473058,90,0.0,0.0,0.0,0.0,0.0,0.0,0.14000000000000004,0.04,0.18000000000000002
chesca_commitment_full_mesh,1783,8,6,6,5.445899273102769,6.041591602786403,0.5956923296836347,9.753405570983887,-0.3833535141058029,90,0.0,6.0,0.0,0.14,0.0,0.22000000000000003,3.469446951953614e-18,3.469446951953614e-18,0.21666666666666667
chesca_commitment_full_mesh,1784,9,6,2,4.615729062601715,4.469729062601716,-0.14599999999999902,9.753405570983887,0.11935510440666833,90,2.0,0.0,0.04000000000000001,0.0,0.04000000000000001,0.0,0.04000000000000001,0.020000000000000007,0.21666666666666667
chesca_commitment_full_mesh,1785,10,6,0,3.684929381870403,3.684929381870403,0.0,9.753405570983887,0.040967413440762906,90,0.0,0.0,0.0,0.0,0.0,0.0,0.04000000000000001,0.020000000000000007,0.19999999999999998
chesca_commitment_full_mesh,1786,11,6,3,4.164509217556265,3.8725092175562645,-0.2920000000000007,9.753405570983887,0.26403208127741495,90,3.0,0.0,0.08000000000000002,0.0,0.08000000000000002,0.0,0.12000000000000002,0.04,0.20666666666666667
chesca_commitment_full_mesh,1787,12,6,0,4.998007514423374,4.998007514423374,0.0,9.753405570983887,0.29189632798355075,90,0.0,0.0,0.0,0.0,0.0,0.0,0.12000000000000002,0.04,0.18999999999999997
chesca_commitment_full_mesh,1788,13,6,1,4.80895398905116,4.72895398905116,-0.08000000000000007,9.753405570983887,0.2162303046332545,90,1.0,0.0,0.02,0.0,0.02,0.0,0.14,0.04,0.17666666666666667
chesca_commitment_full_mesh,1789,14,6,0,5.534967528291832,5.5349675282918325,8.881784197001252e-16,9.753405570983887,0.27433466483375685,90,0.0,0.0,0.0,0.0,0.0,0.0,0.14,0.04,0.17666666666666667
chesca_commitment_full_mesh,1790,15,6,0,7.482116892507851,7.48211689250785,-8.881784197001252e-16,9.753405570983887,0.4118503067859457,90,0.0,0.0,0.0,0.0,0.0,0.0,0.14,0.04,0.17666666666666667
chesca_commitment_full_mesh,1791,16,6,0,8.543366402146429,8.543366402146429,0.0,9.753405570983887,0.223785262735006,90,0.0,0.0,0.0,0.0,0.0,0.0,0.14,0.04,0.17333333333333334
chesca_commitment_full_mesh,1792,17,6,5,11.136943003415105,10.500943003415104,-0.636000000000001,9.753405570983887,0.7384974233553776,90,5.0,0.0,0.18000000000000002,0.0,0.18000000000000002,0.0,0.32,0.06000000000000001,0.18666666666666665
chesca_commitment_full_mesh,1793,18,6,2,13.662300719642582,13.422300719642582,-0.2400000000000002,9.753405570983887,1.3962163383743467,90,2.0,0.0,0.06,0.0,0.06,0.0,0.38,0.08000000000000002,0.17333333333333334
chesca_commitment_full_mesh,1794,19,6,0,14.45627484544333,14.45627484544333,0.0,9.753405570983887,1.4681735397588374,90,0.0,0.0,0.0,0.0,0.0,0.0,0.38,0.08000000000000002,0.16666666666666666
chesca_commitment_full_mesh,1795,20,6,0,12.606848674690882,12.606848674690884,1.7763568394002505e-15,9.753405570983887,0.6983083389983533,90,0.0,0.0,0.0,0.0,0.0,0.0,0.38,0.08000000000000002,0.16666666666666666
chesca_commitment_full_mesh,1796,21,6,0,11.688502861820375,11.688502861820375,0.0,9.753405570983887,0.5131764816956674,90,0.0,0.0,0.0,0.0,0.0,0.0,0.38,0.08000000000000002,0.16666666666666666
chesca_commitment_full_mesh,1797,22,6,0,10.279478071501327,10.279478071501327,0.0,9.78416919708252,0.18632036276333255,90,0.0,0.0,0.0,0.0,0.0,0.0,0.38,0.08000000000000002,0.14666666666666667
chesca_commitment_full_mesh,1798,23,6,0,10.791424054609333,10.791424054609331,-1.7763568394002505e-15,9.78416919708252,0.4073322021098816,90,0.0,0.0,0.0,0.0,0.0,0.0,0.38,0.08000000000000002,0.14666666666666667
chesca_commitment_full_mesh,1799,24,6,0,10.648732263937395,10.648732263937395,0.0,9.767681121826172,0.5316906320850385,90,0.0,0.0,0.0,0.0,0.0,0.0,0.38,0.08000000000000002,0.14666666666666667
chesca_commitment_full_mesh,1800,1,6,6,8.520903533309287,9.396903533309288,0.8760000000000012,9.769960403442383,-0.028046947835859287,90,0.0,6.0,0.0,0.24000000000000005,0.0,0.24000000000000005,0.13999999999999999,0.04000000000000001,0.18666666666666668
chesca_commitment_full_mesh,1801,2,6,6,7.112981701800526,7.550981701800525,0.4379999999999997,9.72095012664795,0.01156009388478449,90,0.0,6.0,0.0,0.12,0.0,0.12000000000000002,0.020000000000000004,0.020000000000000004,0.20666666666666667
chesca_commitment_full_mesh,1802,3,6,3,7.127047861870338,6.769047861870337,-0.35800000000000054,9.72095012664795,0.10107916369386018,90,3.0,0.0,0.1,0.0,0.1,0.0,0.12000000000000001,0.04,0.20666666666666667
chesca_commitment_full_mesh,1803,4,6,2,6.855606023463593,6.709606023463593,-0.1459999999999999,9.72095012664795,0.15800582562390655,90,2.0,0.0,0.04,0.0,0.04,0.0,0.16,0.04,0.19999999999999998
chesca_commitment_full_mesh,1804,5,6,0,5.920068481192345,5.920068481192344,-8.881784197001252e-16,9.72095012664795,0.1033821402576403,90,0.0,0.0,0.0,0.0,0.0,0.0,0.16,0.04,0.19999999999999998
chesca_commitment_full_mesh,1805,6,6,0,7.036317385221838,7.036317385221838,0.0,9.72095012664795,0.24804919483560717,90,0.0,0.0,0.0,0.0,0.0,0.0,0.16,0.04,0.18333333333333335
chesca_commitment_full_mesh,1806,7,6,6,5.761398257303426,6.411776198088228,0.6503779407848018,9.72095012664795,-0.20354141924441574,90,0.0,6.0,0.0,0.16,0.0,0.22,0.0,0.0,0.22
chesca_commitment_full_mesh,1807,8,6,0,5.067476036036402,5.067476036036402,0.0,9.72095012664795,-0.05548059415324236,90,0.0,0.0,0.0,0.0,0.0,0.0,0.0,0.0,0.18333333333333335
chesca_commitment_full_mesh,1808,9,6,6,4.657620995736745,3.9276209957367443,-0.7300000000000009,9.72095012664795,0.1599107504083081,90,6.0,0.0,0.2,0.0,0.2,0.0,0.2,0.04000000000000001,0.21
chesca_commitment_full_mesh,1809,10,6,0,4.347543904017199,4.347543904017199,0.0,9.72095012664795,0.2502096294740018,90,0.0,0.0,0.0,0.0,0.0,0.0,0.2,0.04000000000000001,0.21
chesca_commitment_full_mesh,1810,11,6,3,4.477897109977535,4.643090850481559,0.1651937405040238,9.72095012664795,0.03690732852684864,90,0.0,3.0,0.0,0.06,0.0,0.06000000000000001,0.14,0.04000000000000001,0.20666666666666667
chesca_commitment_full_mesh,1811,12,6,0,4.965638468199575,4.965638468199576,8.881784197001252e-16,9.72095012664795,0.1949967443976448,90,0.0,0.0,0.0,0.0,0.0,0.0,0.14,0.04000000000000001,0.20666666666666667
chesca_commitment_full_mesh,1812,13,6,0,5.00800623844013,5.00800623844013,0.0,9.72095012664795,0.08062687086003295,90,0.0,0.0,0.0,0.0,0.0,0.0,0.14,0.04000000000000001,0.20333333333333334
chesca_commitment_full_mesh,1813,14,6,0,6.6224197813159424,6.6224197813159424,0.0,9.72095012664795,0.21903616433076512,90,0.0,0.0,0.0,0.0,0.0,0.0,0.14,0.04000000000000001,0.20333333333333334
chesca_commitment_full_mesh,1814,15,6,0,7.342312786830079,7.342312786830079,0.0,9.72095012664795,0.10838193550450331,90,0.0,0.0,0.0,0.0,0.0,0.0,0.14,0.04000000000000001,0.20333333333333334
chesca_commitment_full_mesh,1815,16,6,0,6.824124351487726,6.824124351487727,8.881784197001252e-16,9.72095012664795,0.077601759993676,90,0.0,0.0,0.0,0.0,0.0,0.0,0.14,0.04000000000000001,0.20333333333333334
chesca_commitment_full_mesh,1816,17,6,4,8.142485910249286,8.479998028588824,0.33751211833953754,9.641817092895508,0.024581029886595038,90,0.0,4.0,0.0,0.1,0.0,0.1,0.04000000000000001,0.020000000000000007,0.19000000000000003
chesca_commitment_full_mesh,1817,18,6,3,8.554394310036635,8.262394310036635,-0.2919999999999998,9.641817092895508,0.09367575597427487,90,2.0,1.0,0.08000000000000002,0.0,0.08000000000000002,0.020000000000000018,0.12000000000000002,0.04000000000000001,0.19666666666666668
chesca_commitment_full_mesh,1818,19,6,4,12.381346283425914,11.797346283425915,-0.5839999999999996,9.532763481140137,0.9027830709456903,90,4.0,0.0,0.15999999999999998,0.0,0.15999999999999998,0.0,0.28,0.06000000000000001,0.22333333333333336
chesca_commitment_full_mesh,1819,20,6,0,10.966634940240658,10.966634940240658,0.0,9.473969459533691,0.7196234635362827,90,0.0,0.0,0.0,0.0,0.0,0.0,0.28,0.06000000000000001,0.22333333333333336
chesca_commitment_full_mesh,1820,21,6,6,8.463103978747437,9.339103978747437,0.8759999999999994,9.473969459533691,-0.25439594347080263,90,0.0,6.0,0.0,0.24,0.0,0.24000000000000002,0.04000000000000003,0.02000000000000001,0.26333333333333336
chesca_commitment_full_mesh,1821,22,6,2,7.964723484581417,8.096723484581418,0.13200000000000056,9.473969459533691,-0.058248761617454084,90,0.0,2.0,0.0,0.04000000000000001,0.0,0.04000000000000001,2.42861286636753e-17,1.0408340855860843e-17,0.27
chesca_commitment_full_mesh,1822,23,6,0,7.808593490451467,7.808593490451467,0.0,9.473969459533691,0.08592109600695262,90,0.0,0.0,0.0,0.0,0.0,0.0,2.42861286636753e-17,1.0408340855860843e-17,0.27
chesca_commitment_full_mesh,1823,24,6,0,7.033783316566029,7.033783316566029,0.0,9.409566879272461,0.024156573229597883,90,0.0,0.0,0.0,0.0,0.0,0.0,2.42861286636753e-17,1.0408340855860843e-17,0.27
chesca_commitment_full_mesh,1824,1,6,0,8.907859046582757,8.907859046582757,0.0,9.209694862365723,0.19406872019476568,90,0.0,0.0,0.0,0.0,0.0,0.0,2.42861286636753e-17,1.0408340855860843e-17,0.23
chesca_commitment_full_mesh,1825,2,6,0,7.798410385524332,7.798410385524331,-8.881784197001252e-16,9.010384559631348,-0.03208032879916732,90,0.0,0.0,0.0,0.0,0.0,0.0,2.42861286636753e-17,1.0408340855860843e-17,0.21
chesca_commitment_full_mesh,1826,3,6,0,6.283413081811433,6.283413081811433,0.0,9.010384559631348,-0.0754042748832738,90,0.0,0.0,0.0,0.0,0.0,0.0,2.42861286636753e-17,1.0408340855860843e-17,0.19333333333333333
chesca_commitment_full_mesh,1827,4,6,0,5.534516126075728,5.534516126075727,-8.881784197001252e-16,9.010384559631348,-0.04145386634990464,90,0.0,0.0,0.0,0.0,0.0,0.0,2.42861286636753e-17,1.0408340855860843e-17,0.18666666666666665
chesca_commitment_full_mesh,1828,5,6,0,5.130376128725635,5.130376128725635,0.0,9.010384559631348,0.0060280156397148205,90,0.0,0.0,0.0,0.0,0.0,0.0,2.42861286636753e-17,1.0408340855860843e-17,0.18666666666666665
chesca_commitment_full_mesh,1829,6,6,6,5.450616688690573,4.8666166886905735,-0.5839999999999996,9.010384559631348,0.08498650047852167,90,6.0,0.0,0.16,0.0,0.16,0.0,0.16000000000000003,0.04000000000000001,0.21333333333333335
chesca_commitment_full_mesh,1830,7,6,0,5.189696601618345,5.189696601618346,8.881784197001252e-16,9.010384559631348,0.19710101657190446,90,0.0,0.0,0.0,0.0,0.0,0.0,0.16000000000000003,0.04000000000000001,0.17666666666666664
chesca_commitment_full_mesh,1831,8,6,6,3.7468992598499176,4.051203472140045,0.30430421229012783,9.010384559631348,0.020181809414552193,90,0.0,6.0,0.0,0.16,0.0,0.16,1.734723475976807e-17,1.0408340855860843e-17,0.20333333333333334
chesca_commitment_full_mesh,1832,9,6,0,3.0977361128767162,3.0977361128767162,0.0,9.010384559631348,0.030585391276017754,90,0.0,0.0,0.0,0.0,0.0,0.0,1.734723475976807e-17,1.0408340855860843e-17,0.17
chesca_commitment_full_mesh,1833,10,6,6,0.5681100235045541,0.8192448467119031,0.25113482320734903,9.010384559631348,-0.11618986967079194,90,0.0,6.0,0.0,1.734723475976807e-17,0.0,0.12000000000000001,0.0,0.0,0.18999999999999997
chesca_commitment_full_mesh,1834,11,6,6,2.295284112684521,1.6452841126845208,-0.6500000000000001,9.010384559631348,0.16405303203590987,90,6.0,0.0,0.18,0.0,0.18,0.0,0.18,0.04,0.21
chesca_commitment_full_mesh,1835,12,6,0,3.010919850124442,3.010919850124442,0.0,9.010384559631348,0.29023812289596324,90,0.0,0.0,0.0,0.0,0.0,0.0,0.18,0.04,0.21
chesca_commitment_full_mesh,1836,13,6,0,3.284457807050596,3.284457807050596,0.0,9.010384559631348,0.1713473694439247,90,0.0,0.0,0.0,0.0,0.0,0.0,0.18,0.04,0.21
chesca_commitment_full_mesh,1837,14,6,0,2.7680539309910426,2.7680539309910426,0.0,9.010384559631348,0.11684091781239524,90,0.0,0.0,0.0,0.0,0.0,0.0,0.18,0.04,0.21
chesca_commitment_full_mesh,1838,15,6,0,5.594311128721445,5.594311128721445,0.0,9.010384559631348,0.28627533762661933,90,0.0,0.0,0.0,0.0,0.0,0.0,0.18,0.04,0.21
chesca_commitment_full_mesh,1839,16,6,2,7.263909840796224,7.1039098407962245,-0.15999999999999925,9.010384559631348,0.5793796359234046,90,2.0,0.0,0.04000000000000001,0.0,0.04000000000000001,0.0,0.22000000000000003,0.04000000000000001,0.21666666666666667
chesca_commitment_full_mesh,1840,17,6,0,8.851336045661338,8.851336045661338,0.0,9.209694862365723,0.28810657632985104,90,0.0,0.0,0.0,0.0,0.0,0.0,0.22000000000000003,0.04000000000000001,0.19999999999999998
chesca_commitment_full_mesh,1841,18,6,0,10.081039793797682,10.081039793797682,0.0,9.209694862365723,0.18696228752571178,90,0.0,0.0,0.0,0.0,0.0,0.0,0.22000000000000003,0.04000000000000001,0.18333333333333332
chesca_commitment_full_mesh,1842,19,6,4,12.282048273941035,11.670048273941036,-0.6119999999999983,9.20604419708252,1.0099592841200178,90,4.0,0.0,0.16000000000000003,0.0,0.16000000000000003,0.0,0.38,0.08000000000000002,0.18333333333333335
chesca_commitment_full_mesh,1843,20,6,0,12.360174809694291,12.36017480969429,-1.7763568394002505e-15,9.20604419708252,0.9239960284411246,90,0.0,0.0,0.0,0.0,0.0,0.0,0.38,0.08000000000000002,0.18333333333333335
chesca_commitment_full_mesh,1844,21,6,0,11.024684063196181,11.024684063196181,0.0,9.20604419708252,0.38467688920747806,90,0.0,0.0,0.0,0.0,0.0,0.0,0.38,0.08000000000000002,0.14333333333333334
chesca_commitment_full_mesh,1845,22,6,6,8.835672975076436,9.711672975076436,0.8759999999999994,9.20604419708252,-0.13272953395854836,90,0.0,6.0,0.0,0.24000000000000002,0.0,0.24000000000000002,0.14000000000000004,0.040000000000000015,0.17666666666666667
chesca_commitment_full_mesh,1846,23,6,4,8.400866832059402,8.866866832059403,0.4660000000000011,9.010384559631348,-0.009517150805147,90,0.0,4.0,0.0,0.12000000000000002,0.0,0.12000000000000002,0.02000000000000003,0.02000000000000001,0.19666666666666668
chesca_commitment_full_mesh,1847,24,6,1,8.975061685221863,9.055061685221862,0.0799999999999983,9.010384559631348,-0.022930525784103553,90,0.0,1.0,0.0,0.02,0.0,0.02,3.122502256758253e-17,1.3877787807814457e-17,0.20000000000000004
chesca_commitment_full_mesh,1848,1,6,0,9.215916881193134,9.215916881193134,0.0,9.010384559631348,-0.0101639535253472,90,0.0,0.0,0.0,0.0,0.0,0.0,3.122502256758253e-17,1.3877787807814457e-17,0.20000000000000004
chesca_commitment_full_mesh,1849,2,6,2,7.926132732838838,8.190132732838837,0.26399999999999935,9.010384559631348,-0.10037541668784028,90,0.0,2.0,0.0,0.0,0.0,0.08000000000000002,3.122502256758253e-17,1.3877787807814457e-17,0.21333333333333335
chesca_commitment_full_mesh,1850,3,6,2,6.076929049365108,6.3409290493651085,0.26400000000000023,9.010384559631348,-0.12287173517848633,90,0.0,2.0,0.0,0.0,0.0,0.08000000000000002,3.122502256758253e-17,1.3877787807814457e-17,0.22666666666666668
chesca_commitment_full_mesh,1851,4,6,0,5.992644780787825,5.992644780787825,0.0,9.010384559631348,0.020160220269266095,90,0.0,0.0,0.0,0.0,0.0,0.0,3.122502256758253e-17,1.3877787807814457e-17,0.22666666666666668
chesca_commitment_full_mesh,1852,5,6,0,5.573301011938909,5.573301011938909,0.0,9.010384559631348,0.014865853263038131,90,0.0,0.0,0.0,0.0,0.0,0.0,3.122502256758253e-17,1.3877787807814457e-17,0.22666666666666668
chesca_commitment_full_mesh,1853,6,6,0,5.727849900988801,5.7278499009888,-8.881784197001252e-16,9.010384559631348,-0.02021156974556565,90,0.0,0.0,0.0,0.0,0.0,0.0,3.122502256758253e-17,1.3877787807814457e-17,0.20000000000000004
chesca_commitment_full_mesh,1854,7,6,0,6.480627322228635,6.480627322228635,0.0,9.010384559631348,0.005289576063674209,90,0.0,0.0,0.0,0.0,0.0,0.0,3.122502256758253e-17,1.3877787807814457e-17,0.20000000000000004
chesca_commitment_full_mesh,1855,8,6,3,3.947811227984854,4.124448478664969,0.17663725068011527,9.010384559631348,-0.09852758154278878,90,0.0,3.0,0.0,1.3877787807814457e-17,0.0,0.06000000000000001,1.734723475976807e-17,1.0408340855860843e-17,0.18333333333333335
chesca_commitment_full_mesh,1856,9,6,0,2.920964721049486,2.9209647210494865,4.440892098500626e-16,9.010384559631348,0.04800907293519313,90,0.0,0.0,0.0,0.0,0.0,0.0,1.734723475976807e-17,1.0408340855860843e-17,0.18333333333333335
chesca_commitment_full_mesh,1857,10,6,0,3.155337852848212,3.1553378528482123,4.440892098500626e-16,9.010384559631348,0.0032987600530345607,90,0.0,0.0,0.0,0.0,0.0,0.0,1.734723475976807e-17,1.0408340855860843e-17,0.16333333333333336
chesca_commitment_full_mesh,1858,11,6,0,2.525775307430814,2.5257753074308145,4.440892098500626e-16,9.010384559631348,-0.013267711320497103,90,0.0,0.0,0.0,0.0,0.0,0.0,1.734723475976807e-17,1.0408340855860843e-17,0.13333333333333333
chesca_commitment_full_mesh,1859,12,6,0,3.474984541555867,3.474984541555867,0.0,9.010384559631348,0.018291817179578368,90,0.0,0.0,0.0,0.0,0.0,0.0,1.734723475976807e-17,1.0408340855860843e-17,0.13333333333333333
chesca_commitment_full_mesh,1860,13,6,6,4.840749528950325,3.9647495289503247,-0.8760000000000003,9.010384559631348,0.15181079725934715,90,6.0,0.0,0.24000000000000002,0.0,0.24000000000000002,0.0,0.24000000000000005,0.04000000000000001,0.17333333333333334
chesca_commitment_full_mesh,1861,14,6,0,5.222718095432735,5.222718095432734,-8.881784197001252e-16,9.010384559631348,0.3212740995594512,90,0.0,0.0,0.0,0.0,0.0,0.0,0.24000000000000005,0.04000000000000001,0.17333333333333334
chesca_commitment_full_mesh,1862,15,6,0,5.601348763603125,5.601348763603126,8.881784197001252e-16,9.010384559631348,0.08701438223729382,90,0.0,0.0,0.0,0.0,0.0,0.0,0.24000000000000005,0.04000000000000001,0.17333333333333334
chesca_commitment_full_mesh,1863,16,6,0,7.358444958194598,7.358444958194597,-8.881784197001252e-16,9.010384559631348,0.4204213429292032,90,0.0,0.0,0.0,0.0,0.0,0.0,0.24000000000000005,0.04000000000000001,0.16666666666666666
chesca_commitment_full_mesh,1864,17,6,0,7.908683165784553,7.908683165784552,-8.881784197001252e-16,9.010384559631348,0.3151597152192802,90,0.0,0.0,0.0,0.0,0.0,0.0,0.24000000000000005,0.04000000000000001,0.16666666666666666
chesca_commitment_full_mesh,1865,18,6,0,8.318565206257311,8.31856520625731,-1.7763568394002505e-15,8.959209442138672,0.40138173464534027,90,0.0,0.0,0.0,0.0,0.0,0.0,0.24000000000000005,0.04000000000000001,0.16666666666666666
chesca_commitment_full_mesh,1866,19,6,0,9.345580130116224,9.345580130116224,0.0,8.904742240905762,0.20849876251531357,90,0.0,0.0,0.0,0.0,0.0,0.0,0.24000000000000005,0.04000000000000001,0.14
chesca_commitment_full_mesh,1867,20,6,0,10.26843490743637,10.26843490743637,0.0,8.904742240905762,0.47612363485914094,90,0.0,0.0,0.0,0.0,0.0,0.0,0.24000000000000005,0.04000000000000001,0.14
chesca_commitment_full_mesh,1868,21,6,6,9.103727000951768,9.979727000951765,0.8759999999999977,8.904742240905762,-0.19920484166299582,90,0.0,6.0,0.0,0.24000000000000002,0.0,0.24000000000000002,2.0816681711721685e-17,6.938893903907228e-18,0.18000000000000002
chesca_commitment_full_mesh,1869,22,6,6,7.744235448392813,8.554235448392813,0.8099999999999996,8.904742240905762,-0.7673447571545315,90,0.0,6.0,0.0,2.0816681711721685e-17,0.0,0.22000000000000003,0.0,0.0,0.17666666666666667
chesca_commitment_full_mesh,1870,23,6,6,6.98701432450965,7.7310143245096485,0.7439999999999989,8.904742240905762,-0.21900515200013113,90,0.0,6.0,0.0,0.0,0.0,0.2,0.0,0.0,0.19000000000000003
chesca_commitment_full_mesh,1871,24,6,0,7.814968579158634,7.814968579158635,8.881784197001252e-16,8.904742240905762,-0.005148932475601694,90,0.0,0.0,0.0,0.0,0.0,0.0,0.0,0.0,0.18666666666666668
chesca_commitment_full_mesh,1872,1,6,0,7.928335476787785,7.928335476787785,0.0,8.860467910766602,-0.06857153626552845,90,0.0,0.0,0.0,0.0,0.0,0.0,0.0,0.0,0.18666666666666668
chesca_commitment_full_mesh,1873,2,6,0,7.299492480564453,7.299492480564453,0.0,8.75688648223877,-0.07023284627714961,90,0.0,0.0,0.0,0.0,0.0,0.0,0.0,0.0,0.17333333333333334
chesca_commitment_full_mesh,1874,3,6,6,5.9296677233337585,6.805667723333759,0.8760000000000003,8.75688648223877,-0.140762770727795,90,0.0,6.0,0.0,0.0,0.0,0.24000000000000005,0.0,0.0,0.20000000000000004
chesca_commitment_full_mesh,1875,4,6,4,5.993638102068179,6.377350367342919,0.38371226527474,8.75688648223877,-0.09744355155847606,90,0.0,4.0,0.0,0.0,0.0,0.12000000000000002,0.0,0.0,0.22
chesca_commitment_full_mesh,1876,5,6,0,5.640872480653368,5.640872480653368,0.0,8.75688648223877,-0.07222554080154513,90,0.0,0.0,0.0,0.0,0.0,0.0,0.0,0.0,0.22
chesca_commitment_full_mesh,1877,6,6,0,6.427713853768924,6.427713853768923,-8.881784197001252e-16,8.75688648223877,0.08842831800723014,90,0.0,0.0,0.0,0.0,0.0,0.0,0.0,0.0,0.22
chesca_commitment_full_mesh,1878,7,6,0,5.580053231072128,5.580053231072128,0.0,8.75688648223877,-0.008250069320551511,90,0.0,0.0,0.0,0.0,0.0,0.0,0.0,0.0,0.22
chesca_commitment_full_mesh,1879,8,6,3,5.712457478031589,5.916965995594263,0.20450851756267419,8.860467910766602,-0.47592514357453486,90,0.0,3.0,0.0,0.0,0.0,0.06000000000000001,0.0,0.0,0.22
chesca_commitment_full_mesh,1880,9,6,4,5.654419789034451,5.925938409698874,0.27151862066442334,8.860467910766602,-0.4839398353209492,90,0.0,4.0,0.0,0.0,0.0,0.08000000000000002,0.0,0.0,0.23333333333333336
chesca_commitment_full_mesh,1881,10,6,0,5.9633272117222935,5.9633272117222935,0.0,8.75688648223877,-0.04869320639362233,90,0.0,0.0,0.0,0.0,0.0,0.0,0.0,0.0,0.23333333333333336
chesca_commitment_full_mesh,1882,11,6,0,5.310598397476369,5.31059839747637,8.881784197001252e-16,8.672205924987793,-0.41471863263020736,90,0.0,0.0,0.0,0.0,0.0,0.0,0.0,0.0,0.23333333333333336
chesca_commitment_full_mesh,1883,12,6,0,5.448116129886138,5.448116129886138,0.0,8.672205924987793,0.09657403084803659,90,0.0,0.0,0.0,0.0,0.0,0.0,0.0,0.0,0.23333333333333336
chesca_commitment_full_mesh,1884,13,6,0,6.874443968123639,6.8744439681236384,-8.881784197001252e-16,8.672205924987793,0.021981132931319106,90,0.0,0.0,0.0,0.0,0.0,0.0,0.0,0.0,0.19333333333333336
chesca_commitment_full_mesh,1885,14,6,0,7.281003813971937,7.281003813971936,-8.881784197001252e-16,8.672205924987793,-0.035095189923107034,90,0.0,0.0,0.0,0.0,0.0,0.0,0.0,0.0,0.19333333333333336
chesca_commitment_full_mesh,1886,15,6,5,9.95122754992951,9.565227549929508,-0.386000000000001,8.75688648223877,0.15111337658423662,90,4.0,1.0,0.10000000000000002,0.0,0.10000000000000002,0.020000000000000018,0.10000000000000002,0.04000000000000001,0.21333333333333337
chesca_commitment_full_mesh,1887,16,6,4,10.762882476859774,10.404882476859775,-0.35799999999999876,8.860467910766602,0.754412408811409,90,4.0,0.0,0.1,0.0,0.1,0.0,0.2,0.04000000000000001,0.23
chesca_commitment_full_mesh,1888,17,6,3,13.039468765000525,12.827468765000525,-0.21199999999999974,8.860467910766602,1.1816438061680197,90,3.0,0.0,0.06000000000000001,0.0,0.06000000000000001,0.0,0.26,0.06000000000000001,0.24000000000000002
chesca_commitment_full_mesh,1889,18,6,0,11.276498568336276,11.276498568336276,0.0,8.860467910766602,0.8579356076852489,90,0.0,0.0,0.0,0.0,0.0,0.0,0.26,0.06000000000000001,0.24000000000000002
chesca_commitment_full_mesh,1890,19,6,0,12.608979283837078,12.608979283837076,-1.7763568394002505e-15,8.860467910766602,1.2213956915032684,90,0.0,0.0,0.0,0.0,0.0,0.0,0.26,0.06000000000000001,0.24000000000000002
chesca_commitment_full_mesh,1891,20,6,0,11.208698349934394,11.208698349934394,0.0,8.860467910766602,0.058085629541817604,90,0.0,0.0,0.0,0.0,0.0,0.0,0.26,0.06000000000000001,0.24000000000000002
chesca_commitment_full_mesh,1892,21,6,6,10.565131165387388,11.441131165387386,0.8759999999999977,8.860467910766602,-0.0869842310894233,90,0.0,6.0,0.0,0.24,0.0,0.24000000000000002,0.02000000000000004,0.02000000000000001,0.24000000000000002
chesca_commitment_full_mesh,1893,22,6,4,7.682719787052778,7.988719787052778,0.30600000000000005,8.860467910766602,-0.644321481952902,90,0.0,4.0,0.0,0.02000000000000002,0.0,0.08,1.734723475976807e-17,1.0408340855860843e-17,0.21666666666666667
chesca_commitment_full_mesh,1894,23,6,6,8.858839794002039,9.362839794002038,0.5039999999999996,8.860467910766602,-0.7573916912374988,90,0.0,6.0,0.0,1.734723475976807e-17,0.0,0.14,0.0,0.0,0.20666666666666667
chesca_commitment_full_mesh,1895,24,6,4,8.426025609918605,8.732025609918605,0.30599999999999916,8.75688648223877,-0.16838274649770865,90,0.0,4.0,0.0,0.0,0.0,0.08000000000000002,0.0,0.0,0.22
chesca_commitment_full_mesh,1896,1,6,6,10.363841301628124,9.925841301628124,-0.4380000000000006,8.672205924987793,0.43590756392709923,90,6.0,0.0,0.12000000000000002,0.0,0.12000000000000002,0.0,0.12000000000000002,0.020000000000000004,0.24000000000000002
chesca_commitment_full_mesh,1897,2,6,0,9.826231822594888,9.826231822594888,0.0,8.672205924987793,0.10086347454665581,90,0.0,0.0,0.0,0.0,0.0,0.0,0.12000000000000002,0.020000000000000004,0.24000000000000002
chesca_commitment_full_mesh,1898,3,6,6,8.348339450042268,8.786339450042268,0.4380000000000006,8.672205924987793,-0.2842997807802698,90,0.0,6.0,0.0,0.12000000000000002,0.0,0.12000000000000002,0.0,0.0,0.22
chesca_commitment_full_mesh,1899,4,6,3,7.068345383163845,7.308345383163845,0.23999999999999932,8.672205924987793,-0.3583686771738135,90,0.0,3.0,0.0,0.0,0.0,0.06000000000000001,0.0,0.0,0.21000000000000005
chesca_commitment_full_mesh,1900,5,6,3,6.411087999616141,6.741087999616141,0.33000000000000007,8.672205924987793,-0.2758470158300245,90,0.0,3.0,0.0,0.0,0.0,0.1,0.0,0.0,0.22666666666666668
chesca_commitment_full_mesh,1901,6,6,0,6.974798460541219,6.97479846054122,8.881784197001252e-16,8.672205924987793,-0.16780588722645381,90,0.0,0.0,0.0,0.0,0.0,0.0,0.0,0.0,0.22666666666666668
chesca_commitment_full_mesh,1902,7,6,0,6.143480096010247,6.143480096010247,0.0,8.672205924987793,-0.20125421534238921,90,0.0,0.0,0.0,0.0,0.0,0.0,0.0,0.0,0.22666666666666668
chesca_commitment_full_mesh,1903,8,6,0,5.592502472263205,5.592502472263204,-8.881784197001252e-16,8.672205924987793,-0.14781342079902998,90,0.0,0.0,0.0,0.0,0.0,0.0,0.0,0.0,0.21666666666666667
chesca_commitment_full_mesh,1904,9,6,5,4.24017208480721,4.643759652699178,0.40358756789196715,8.75688648223877,-0.9014783752366582,90,0.0,5.0,0.0,0.0,0.0,0.12000000000000002,0.0,0.0,0.22333333333333336
chesca_commitment_full_mesh,1905,10,6,0,3.041074973752239,3.041074973752239,0.0,8.75688648223877,-0.38723749637328775,90,0.0,0.0,0.0,0.0,0.0,0.0,0.0,0.0,0.22333333333333336
chesca_commitment_full_mesh,1906,11,6,0,3.1603043714335772,3.1603043714335772,0.0,8.75688648223877,-0.111905795490536,90,0.0,0.0,0.0,0.0,0.0,0.0,0.0,0.0,0.22333333333333336
chesca_commitment_full_mesh,1930,11,6,6,13.484994094306114,12.608994094306114,-0.8759999999999994,8.319432258605957,1.2993639683139588,90,6.0,0.0,0.23999999999999988,0.0,0.23999999999999988,0.0,0.23999999999999988,0.03999999999999998,0.26333333333333336
chesca_commitment_full_mesh,1931,12,6,0,11.12781479294857,11.127814792948568,-1.7763568394002505e-15,8.494057655334473,0.3245835714510777,90,0.0,0.0,0.0,0.0,0.0,0.0,0.23999999999999988,0.03999999999999998,0.26333333333333336
chesca_commitment_full_mesh,1932,13,6,0,10.418683238108452,10.41868323810845,-1.7763568394002505e-15,8.534655570983887,0.40556328277548115,90,0.0,0.0,0.0,0.0,0.0,0.0,0.23999999999999988,0.03999999999999998,0.26333333333333336
chesca_commitment_full_mesh,1933,14,6,0,8.9942854642463,8.994285464246301,1.7763568394002505e-15,8.574239730834961,-0.0006161656935437382,90,0.0,0.0,0.0,0.0,0.0,0.0,0.23999999999999988,0.03999999999999998,0.24333333333333332
chesca_commitment_full_mesh,1934,15,6,0,10.85962568471854,10.85962568471854,0.0,8.574239730834961,0.6936911735096357,90,0.0,0.0,0.0,0.0,0.0,0.0,0.23999999999999988,0.03999999999999998,0.22666666666666668
chesca_commitment_full_mesh,1935,16,6,0,11.729328028692814,11.729328028692812,-1.7763568394002505e-15,8.585394859313965,1.056278387467242,90,0.0,0.0,0.0,0.0,0.0,0.0,0.23999999999999988,0.03999999999999998,0.21666666666666667
chesca_commitment_full_mesh,1936,17,6,6,15.885620266652154,15.287620266652155,-0.597999999999999,8.590597152709961,2.0861815362159497,90,6.0,0.0,0.16000000000000003,0.0,0.16000000000000003,0.0,0.39999999999999997,0.07999999999999999,0.24333333333333332
chesca_commitment_full_mesh,1937,18,6,0,15.987280502998921,15.987280502998921,0.0,8.590597152709961,2.0623888192021393,90,0.0,0.0,0.0,0.0,0.0,0.0,0.39999999999999997,0.07999999999999999,0.24333333333333332
chesca_commitment_full_mesh,1938,19,6,0,16.172462034723093,16.17246203472309,-3.552713678800501e-15,8.590597152709961,1.6163556001066963,90,0.0,0.0,0.0,0.0,0.0,0.0,0.39999999999999997,0.07999999999999999,0.24333333333333332
chesca_commitment_full_mesh,1939,20,6,0,14.276343590799009,14.276343590799007,-1.7763568394002505e-15,8.590597152709961,0.8531232723146589,90,0.0,0.0,0.0,0.0,0.0,0.0,0.39999999999999997,0.07999999999999999,0.20333333333333334
chesca_commitment_full_mesh,1940,21,6,0,12.776160083271982,12.776160083271982,0.0,8.590597152709961,0.8476509105053258,90,0.0,0.0,0.0,0.0,0.0,0.0,0.39999999999999997,0.07999999999999999,0.18999999999999997
chesca_commitment_full_mesh,1941,22,6,6,9.982185782412568,10.85818578241257,0.8760000000000012,8.590597152709961,-0.10900513691373592,90,0.0,6.0,0.0,0.24000000000000002,0.0,0.24000000000000002,0.15999999999999992,0.03999999999999999,0.20666666666666667
chesca_commitment_full_mesh,1942,23,6,6,9.612023478917173,10.210023478917174,0.5980000000000008,8.590597152709961,-0.0761936247139703,90,0.0,6.0,0.0,0.15999999999999992,0.0,0.16000000000000003,0.0,0.0,0.21999999999999997
chesca_commitment_full_mesh,1943,24,6,0,9.740591466801833,9.740591466801835,1.7763568394002505e-15,8.590597152709961,0.037113125905975014,90,0.0,0.0,0.0,0.0,0.0,0.0,0.0,0.0,0.19999999999999998
chesca_commitment_full_mesh,1944,1,6,5,10.148854502099228,9.724854502099227,-0.42400000000000126,8.590597152709961,0.1802231586207897,90,5.0,0.0,0.12000000000000002,0.0,0.12000000000000002,0.0,0.12000000000000002,0.04,0.22
chesca_commitment_full_mesh,1945,2,6,0,9.93039717512984,9.93039717512984,0.0,8.590597152709961,0.1526727692307617,90,0.0,0.0,0.0,0.0,0.0,0.0,0.12000000000000002,0.04,0.19999999999999998
chesca_commitment_full_mesh,1946,3,6,6,7.869845997725166,8.373845997725168,0.5040000000000013,8.590597152709961,-0.29429473784142557,90,0.0,6.0,0.0,0.12000000000000002,0.0,0.14,0.0,0.0,0.21333333333333335
chesca_commitment_full_mesh,1947,4,6,3,6.741236840341467,6.981236840341468,0.2400000000000011,8.590597152709961,-0.2871982252173644,90,0.0,3.0,0.0,0.0,0.0,0.06000000000000001,0.0,0.0,0.20666666666666667
chesca_commitment_full_mesh,1948,5,6,2,6.114974526958338,6.378974526958339,0.26400000000000023,8.590597152709961,-0.21557129140836664,90,0.0,2.0,0.0,0.0,0.0,0.08000000000000002,0.0,0.0,0.22
chesca_commitment_full_mesh,1949,6,6,0,5.8840575236107835,5.884057523610783,-8.881784197001252e-16,8.590597152709961,-0.19138182105810642,90,0.0,0.0,0.0,0.0,0.0,0.0,0.0,0.0,0.22
chesca_commitment_full_mesh,1950,7,6,0,5.716508671876218,5.716508671876217,-8.881784197001252e-16,8.59546947479248,-0.3600566561739217,90,0.0,0.0,0.0,0.0,0.0,0.0,0.0,0.0,0.22
chesca_commitment_full_mesh,1951,8,6,0,5.188807594908048,5.188807594908048,0.0,8.590597152709961,-0.07737751098466375,90,0.0,0.0,0.0,0.0,0.0,0.0,0.0,0.0,0.19999999999999998
chesca_commitment_full_mesh,1952,9,6,5,3.5975279684029484,3.8854866681434252,0.28795869974047683,8.590597152709961,-0.301026320717336,90,0.0,5.0,0.0,0.0,0.0,0.10000000000000002,0.0,0.0,0.21666666666666667
chesca_commitment_full_mesh,1953,10,6,0,4.249379383793557,4.249379383793556,-8.881784197001252e-16,8.590597152709961,-0.1087022851304852,90,0.0,0.0,0.0,0.0,0.0,0.0,0.0,0.0,0.21666666666666667
chesca_commitment_full_mesh,1954,11,6,1,3.713070887250867,3.793070887250867,0.08000000000000007,8.590597152709961,-0.11829725710040678,90,0.0,1.0,0.0,0.0,0.0,0.02,0.0,0.0,0.18000000000000002
chesca_commitment_full_mesh,1955,12,6,6,4.347524783753157,4.900326690417999,0.5528019066648415,8.590597152709961,-0.21151190250459412,90,0.0,6.0,0.0,0.0,0.0,0.18,0.0,0.0,0.21
chesca_commitment_full_mesh,1956,13,6,0,4.703701421534909,4.703701421534909,0.0,8.590597152709961,0.03311488615314098,90,0.0,0.0,0.0,0.0,0.0,0.0,0.0,0.0,0.21
chesca_commitment_full_mesh,1957,14,6,0,5.67564044122519,5.67564044122519,0.0,8.590597152709961,0.008644188939618047,90,0.0,0.0,0.0,0.0,0.0,0.0,0.0,0.0,0.21
chesca_commitment_full_mesh,1958,15,6,0,6.815311873477453,6.815311873477453,0.0,8.590597152709961,0.07616497567415316,90,0.0,0.0,0.0,0.0,0.0,0.0,0.0,0.0,0.21
chesca_commitment_full_mesh,1959,16,6,3,8.76357712391607,8.53757712391607,-0.22600000000000087,8.590597152709961,0.10050193873084982,90,3.0,0.0,0.06000000000000001,0.0,0.06000000000000001,0.0,0.06000000000000001,0.020000000000000004,0.22
chesca_commitment_full_mesh,1960,17,6,3,11.695026502119916,11.483026502119916,-0.21199999999999974,8.590597152709961,0.9142485650586903,90,3.0,0.0,0.06000000000000001,0.0,0.06000000000000001,0.0,0.12000000000000002,0.020000000000000004,0.20333333333333334
chesca_commitment_full_mesh,1961,18,6,6,14.152983266526693,13.554983266526694,-0.597999999999999,8.590597152709961,1.154057911623129,90,6.0,0.0,0.16000000000000003,0.0,0.16000000000000003,0.0,0.28,0.06000000000000001,0.23
chesca_commitment_full_mesh,1962,19,6,2,16.49786452313493,16.351864523134928,-0.1460000000000008,8.590597152709961,1.84164070907758,90,2.0,0.0,0.04000000000000001,0.0,0.04000000000000001,0.0,0.32000000000000006,0.06000000000000001,0.2366666666666667
chesca_commitment_full_mesh,1963,20,6,0,13.500454338788986,13.500454338788987,1.7763568394002505e-15,8.590597152709961,0.47785773377700524,90,0.0,0.0,0.0,0.0,0.0,0.0,0.32000000000000006,0.06000000000000001,0.2366666666666667
chesca_commitment_full_mesh,1964,21,6,0,12.29271731649786,12.292717316497859,-1.7763568394002505e-15,8.590597152709961,0.7379294311023645,90,0.0,0.0,0.0,0.0,0.0,0.0,0.32000000000000006,0.06000000000000001,0.2366666666666667
chesca_commitment_full_mesh,1965,22,6,2,9.192512684364807,9.352512684364807,0.16000000000000014,8.590597152709961,0.006452602046843985,90,0.0,2.0,0.0,0.04,0.0,0.04,0.28,0.06000000000000001,0.20333333333333334
chesca_commitment_full_mesh,1966,23,6,0,9.730029443535347,9.730029443535347,0.0,8.577359199523926,0.3199260184809332,90,0.0,0.0,0.0,0.0,0.0,0.0,0.28,0.06000000000000001,0.17666666666666667
chesca_commitment_full_mesh,1967,24,6,0,10.101267324003427,10.101267324003427,0.0,8.590597152709961,0.3456311059649277,90,0.0,0.0,0.0,0.0,0.0,0.0,0.28,0.06000000000000001,0.17666666666666667
chesca_commitment_full_mesh,1968,1,6,6,9.310432162506917,10.106432162506918,0.7960000000000012,8.590597152709961,0.01362448967710192,90,0.0,6.0,0.0,0.22000000000000003,0.0,0.22000000000000003,0.06,0.04000000000000001,0.19333333333333336
chesca_commitment_full_mesh,1969,2,6,6,7.372398727799146,8.036398727799146,0.6639999999999997,8.590597152709961,-0.21609467903768398,90,0.0,6.0,0.0,0.06,0.0,0.18000000000000005,0.0,0.0,0.22333333333333336
chesca_commitment_full_mesh,1970,3,6,0,7.071135829726982,7.071135829726982,0.0,8.590597152709961,-0.13841783528946194,90,0.0,0.0,0.0,0.0,0.0,0.0,0.0,0.0,0.19999999999999998
chesca_commitment_full_mesh,1971,4,6,5,6.347789738521072,6.771789738521072,0.4239999999999995,8.590597152709961,-0.10247820128867148,90,0.0,5.0,0.0,0.0,0.0,0.12000000000000002,0.0,0.0,0.21
chesca_commitment_full_mesh,1972,5,6,3,5.795648626210755,6.0356486262107545,0.23999999999999932,8.590597152709961,-0.15924381735095794,90,0.0,3.0,0.0,0.0,0.0,0.06000000000000001,0.0,0.0,0.20666666666666667
chesca_commitment_full_mesh,1973,6,6,0,6.006522831821446,6.006522831821446,0.0,8.590597152709961,-0.08257680010003572,90,0.0,0.0,0.0,0.0,0.0,0.0,0.0,0.0,0.20666666666666667
chesca_commitment_full_mesh,1974,7,6,0,5.481860745159748,5.481860745159749,8.881784197001252e-16,8.577359199523926,-0.04867091956471226,90,0.0,0.0,0.0,0.0,0.0,0.0,0.0,0.0,0.20666666666666667
chesca_commitment_full_mesh,1975,8,6,2,4.72637534216095,4.897271746513032,0.17089640435208153,8.577359199523926,-0.15347052418118498,90,0.0,2.0,0.0,0.0,0.0,0.06,0.0,0.0,0.21666666666666667
chesca_commitment_full_mesh,1976,9,6,1,3.951192108012137,3.9847174613420417,0.03352535332990492,8.577359199523926,-0.16638821710378968,90,0.0,1.0,0.0,0.0,0.0,0.02,0.0,0.0,0.20333333333333334
chesca_commitment_full_mesh,1977,10,6,2,3.4255800069880165,3.571580006988017,0.14600000000000035,8.577359199523926,-0.09173056119475234,90,0.0,2.0,0.0,0.0,0.0,0.039999999999999994,0.0,0.0,0.21
chesca_commitment_full_mesh,1978,11,6,0,1.9388777886570716,1.9388777886570714,-2.220446049250313e-16,8.577359199523926,-0.010618860656442838,90,0.0,0.0,0.0,0.0,0.0,0.0,0.0,0.0,0.20666666666666667
chesca_commitment_full_mesh,1979,12,6,4,4.755921820351513,4.463921820351512,-0.2920000000000007,8.577359199523926,0.1609798537010055,90,4.0,0.0,0.08000000000000002,0.0,0.08000000000000002,0.0,0.08000000000000002,0.020000000000000004,0.19000000000000003
chesca_commitment_full_mesh,1980,13,6,2,6.060384966684736,5.848384966684736,-0.21199999999999974,8.577359199523926,0.19271894956028804,90,2.0,0.0,0.06,0.0,0.06,0.0,0.14,0.04,0.20000000000000004
chesca_commitment_full_mesh,1981,14,6,0,7.054718931484774,7.054718931484773,-8.881784197001252e-16,8.577359199523926,0.11203030673142274,90,0.0,0.0,0.0,0.0,0.0,0.0,0.14,0.04,0.20000000000000004
chesca_commitment_full_mesh,1982,15,6,0,8.455476704356018,8.455476704356018,0.0,8.577359199523926,0.0791503671497082,90,0.0,0.0,0.0,0.0,0.0,0.0,0.14,0.04,0.20000000000000004
chesca_commitment_full_mesh,1983,16,6,0,9.208603852464366,9.208603852464366,0.0,8.577359199523926,0.1902024175142269,90,0.0,0.0,0.0,0.0,0.0,0.0,0.14,0.04,0.19000000000000003
chesca_commitment_full_mesh,1984,17,6,3,11.770874777494354,11.370874777494354,-0.40000000000000036,8.547595977783203,0.7756857980211622,90,3.0,0.0,0.10000000000000002,0.0,0.10000000000000002,0.0,0.24000000000000005,0.06000000000000001,0.19666666666666668
chesca_commitment_full_mesh,1985,18,6,2,13.461081986737522,13.197081986737523,-0.26399999999999935,8.590597152709961,1.0973684453234902,90,2.0,0.0,0.08000000000000002,0.0,0.08000000000000002,0.0,0.32000000000000006,0.06000000000000001,0.18333333333333335
chesca_commitment_full_mesh,1986,19,6,1,15.18462227598765,15.024622275987651,-0.15999999999999837,8.590597152709961,1.4541314237899499,90,1.0,0.0,0.04,0.0,0.04,0.0,0.36000000000000004,0.08,0.18333333333333335
chesca_commitment_full_mesh,1987,20,6,0,13.517238975491738,13.51723897549174,1.7763568394002505e-15,8.59546947479248,0.9145142098141296,90,0.0,0.0,0.0,0.0,0.0,0.0,0.36000000000000004,0.08,0.18333333333333335
chesca_commitment_full_mesh,1988,21,6,0,11.09508776184024,11.095087761840238,-1.7763568394002505e-15,8.59546947479248,0.3771131433355295,90,0.0,0.0,0.0,0.0,0.0,0.0,0.36000000000000004,0.08,0.18333333333333335
chesca_commitment_full_mesh,1989,22,6,0,10.2389492741384,10.2389492741384,0.0,8.59546947479248,0.24924041641430006,90,0.0,0.0,0.0,0.0,0.0,0.0,0.36000000000000004,0.08,0.17666666666666667
chesca_commitment_full_mesh,1990,23,6,0,9.685515197086634,9.685515197086632,-1.7763568394002505e-15,8.624256134033203,0.12113566411522955,90,0.0,0.0,0.0,0.0,0.0,0.0,0.36000000000000004,0.08,0.17666666666666667
chesca_commitment_full_mesh,1991,24,6,0,10.458501714288621,10.458501714288621,0.0,8.654441833496094,0.29575201371443904,90,0.0,0.0,0.0,0.0,0.0,0.0,0.36000000000000004,0.08,0.17666666666666667
chesca_commitment_full_mesh,1992,1,6,6,9.481088779477334,10.357088779477333,0.8759999999999994,8.749716758728027,-0.10972433547587118,90,0.0,6.0,0.0,0.24000000000000005,0.0,0.24000000000000005,0.12000000000000001,0.039999999999999994,0.18000000000000002
chesca_commitment_full_mesh,1993,2,6,6,8.38787205991193,9.263872059911929,0.8759999999999994,8.86855697631836,-0.19648549802286025,90,0.0,6.0,0.0,0.12000000000000001,0.0,0.24000000000000005,0.0,0.0,0.19000000000000003
chesca_commitment_full_mesh,1994,3,6,6,7.166814104721881,7.830814104721882,0.6640000000000006,8.986628532409668,-0.32782384761694333,90,0.0,6.0,0.0,0.0,0.0,0.18000000000000002,0.0,0.0,0.22
chesca_commitment_full_mesh,1995,4,6,0,6.756356042933584,6.756356042933584,0.0,8.986628532409668,-0.2999874312532227,90,0.0,0.0,0.0,0.0,0.0,0.0,0.0,0.0,0.20000000000000004
chesca_commitment_full_mesh,1996,5,6,5,5.4496139309469385,5.867242199622309,0.4176282686753705,8.986628532409668,-0.28220816140692573,90,0.0,5.0,0.0,0.0,0.0,0.12000000000000002,0.0,0.0,0.21
chesca_commitment_full_mesh,1997,6,6,3,5.377397412512156,5.529663411612581,0.1522659991004245,8.986628532409668,-0.2223556417410364,90,0.0,3.0,0.0,0.0,0.0,0.06000000000000001,0.0,0.0,0.22
chesca_commitment_full_mesh,1998,7,6,0,4.529548071341425,4.529548071341426,8.881784197001252e-16,8.986628532409668,-0.19827628224803345,90,0.0,0.0,0.0,0.0,0.0,0.0,0.0,0.0,0.22
chesca_commitment_full_mesh,1999,8,6,0,3.511978800405058,3.511978800405058,0.0,8.986628532409668,-0.15601840279458287,90,0.0,0.0,0.0,0.0,0.0,0.0,0.0,0.0,0.21000000000000005
chesca_commitment_full_mesh,2000,9,6,2,1.7636061169440116,1.8392516138053299,0.07564549686131827,8.986628532409668,-0.16826643194173768,90,0.0,2.0,0.0,0.0,0.0,0.04,0.0,0.0,0.21333333333333337
chesca_commitment_full_mesh,2001,10,6,2,3.4733887831324175,3.341388783132418,-0.13199999999999967,8.986628532409668,0.09178188958727562,90,2.0,0.0,0.04,0.0,0.04,0.0,0.04,0.02,0.21333333333333335
chesca_commitment_full_mesh,2002,11,6,1,2.835835804194705,2.755835804194705,-0.08000000000000007,8.986628532409668,0.09991433538703141,90,1.0,0.0,0.02,0.0,0.02,0.0,0.06,0.02,0.21666666666666667
chesca_commitment_full_mesh,2003,12,6,1,4.348269563737075,4.414269563737075,0.06599999999999984,8.986628532409668,0.019906915646087125,90,0.0,1.0,0.0,0.02,0.0,0.02,0.04,0.02,0.20666666666666667
chesca_commitment_full_mesh,2004,13,6,0,4.136548252145728,4.136548252145729,8.881784197001252e-16,8.986628532409668,0.06957249741996613,90,0.0,0.0,0.0,0.0,0.0,0.0,0.04,0.02,0.19666666666666668
chesca_commitment_full_mesh,2005,14,6,4,5.258665785600682,4.900665785600682,-0.35799999999999965,8.986628532409668,0.1279816235818096,90,4.0,0.0,0.1,0.0,0.1,0.0,0.14,0.04,0.21333333333333335
chesca_commitment_full_mesh,2006,15,6,0,7.282097026296708,7.282097026296708,0.0,8.986628532409668,0.23602769776834373,90,0.0,0.0,0.0,0.0,0.0,0.0,0.14,0.04,0.21333333333333335
chesca_commitment_full_mesh,2007,16,6,0,8.2052720772657,8.2052720772657,0.0,8.986628532409668,0.4623454939026215,90,0.0,0.0,0.0,0.0,0.0,0.0,0.14,0.04,0.21333333333333335
chesca_commitment_full_mesh,2008,17,6,2,10.485881955555067,10.339881955555066,-0.1460000000000008,8.86855697631836,0.8818179214627453,90,2.0,0.0,0.039999999999999994,0.0,0.039999999999999994,0.0,0.18,0.04000000000000001,0.20333333333333334
chesca_commitment_full_mesh,2009,18,6,2,11.978815011267091,11.738815011267091,-0.2400000000000002,8.86855697631836,0.939239366836799,90,2.0,0.0,0.06000000000000001,0.0,0.06000000000000001,0.0,0.24000000000000005,0.06000000000000001,0.19999999999999998
chesca_commitment_full_mesh,2010,19,6,1,12.956283290889228,12.824283290889229,-0.13199999999999967,8.86855697631836,0.8837097361282855,90,1.0,0.0,0.04000000000000001,0.0,0.04000000000000001,0.0,0.28,0.06000000000000001,0.19999999999999998
chesca_commitment_full_mesh,2011,20,6,0,12.005394819974898,12.0053948199749,1.7763568394002505e-15,8.86855697631836,0.6574750431184799,90,0.0,0.0,0.0,0.0,0.0,0.0,0.28,0.06000000000000001,0.19999999999999998
chesca_commitment_full_mesh,2012,21,6,0,11.27903707265854,11.279037072658538,-1.7763568394002505e-15,8.86855697631836,0.4775394725161865,90,0.0,0.0,0.0,0.0,0.0,0.0,0.28,0.06000000000000001,0.19999999999999998
chesca_commitment_full_mesh,2013,22,6,0,10.381026488315587,10.381026488315586,-1.7763568394002505e-15,8.86855697631836,0.2050612596510443,90,0.0,0.0,0.0,0.0,0.0,0.0,0.28,0.06000000000000001,0.19999999999999998
chesca_commitment_full_mesh,2014,23,6,0,9.353263731396993,9.353263731396993,0.0,8.922009468078613,0.05561067141642079,90,0.0,0.0,0.0,0.0,0.0,0.0,0.28,0.06000000000000001,0.19999999999999998
chesca_commitment_full_mesh,2015,24,6,0,9.760021163004637,9.760021163004637,0.0,8.922009468078613,0.1271839775873159,90,0.0,0.0,0.0,0.0,0.0,0.0,0.28,0.06000000000000001,0.19999999999999998
chesca_commitment_full_mesh,2016,1,6,0,10.36534901525378,10.36534901525378,0.0,8.922009468078613,0.21164346278667737,90,0.0,0.0,0.0,0.0,0.0,0.0,0.28,0.06000000000000001,0.16000000000000003
chesca_commitment_full_mesh,2017,2,6,6,8.084794044468143,8.960794044468145,0.8760000000000012,8.922009468078613,-0.2776039439679926,90,0.0,6.0,0.0,0.24000000000000005,0.0,0.24000000000000005,0.04000000000000001,0.020000000000000004,0.16000000000000003
chesca_commitment_full_mesh,2018,3,6,6,6.752138320726369,7.628138320726369,0.8759999999999994,8.922009468078613,-0.30740718281151613,90,0.0,6.0,0.0,0.04000000000000001,0.0,0.24000000000000005,0.0,0.0,0.17000000000000004
chesca_commitment_full_mesh,2019,4,6,6,6.38879108086173,7.049254682147004,0.660463601285274,8.922009468078613,-0.2537004641869591,90,0.0,6.0,0.0,0.0,0.0,0.18000000000000002,0.0,0.0,0.19999999999999998
chesca_commitment_full_mesh,2020,5,6,4,5.203785965474066,5.425225353759197,0.22143938828513132,8.922009468078613,-0.3259684730586022,90,0.0,4.0,0.0,0.0,0.0,0.08000000000000002,0.0,0.0,0.19333333333333336
chesca_commitment_full_mesh,2021,6,6,5,5.508364807111508,5.760388629062805,0.2520238219512976,8.922009468078613,-0.12255929301902518,90,0.0,5.0,0.0,0.0,0.0,0.1,0.0,0.0,0.20000000000000004
chesca_commitment_full_mesh,2022,7,6,0,4.880972181512119,4.880972181512119,0.0,8.922009468078613,-0.08447180519179168,90,0.0,0.0,0.0,0.0,0.0,0.0,0.0,0.0,0.20000000000000004
chesca_commitment_full_mesh,2023,8,6,0,4.272374122507387,4.272374122507387,0.0,8.922009468078613,-0.08277019381831072,90,0.0,0.0,0.0,0.0,0.0,0.0,0.0,0.0,0.20000000000000004
chesca_commitment_full_mesh,2024,9,6,4,1.9023440681867332,2.076745204362703,0.17440113617596986,8.922009468078613,-0.20572383389703122,90,0.0,4.0,0.0,0.0,0.0,0.08,0.0,0.0,0.20666666666666667
chesca_commitment_full_mesh,2025,10,6,4,1.8733357556552488,2.02285776591101,0.14952201025576106,8.922009468078613,-0.5144909355009253,90,0.0,4.0,0.0,0.0,0.0,0.08,0.0,0.0,0.21333333333333337
chesca_commitment_full_mesh,2026,11,6,0,2.4693350567455368,2.4693350567455368,0.0,8.922009468078613,-0.01899264422500013,90,0.0,0.0,0.0,0.0,0.0,0.0,0.0,0.0,0.21000000000000005
chesca_commitment_full_mesh,2027,12,6,3,4.3213433725703245,4.109343372570326,-0.21199999999999886,8.922009468078613,0.16209950797686887,90,3.0,0.0,0.06000000000000001,0.0,0.06000000000000001,0.0,0.06000000000000001,0.020000000000000004,0.21666666666666667
chesca_commitment_full_mesh,2028,13,6,0,4.646766615484182,4.646766615484182,0.0,8.922009468078613,0.18841440170243626,90,0.0,0.0,0.0,0.0,0.0,0.0,0.06000000000000001,0.020000000000000004,0.21666666666666667
chesca_commitment_full_mesh,2029,14,6,0,6.052102370096088,6.052102370096087,-8.881784197001252e-16,8.922009468078613,0.11990614934594407,90,0.0,0.0,0.0,0.0,0.0,0.0,0.06000000000000001,0.020000000000000004,0.20000000000000004
chesca_commitment_full_mesh,2030,15,6,3,7.2647965859009895,7.0387965859009896,-0.22599999999999998,8.922009468078613,0.09227571903027554,90,3.0,0.0,0.06000000000000001,0.0,0.06000000000000001,0.0,0.12000000000000002,0.020000000000000004,0.21000000000000005
chesca_commitment_full_mesh,2031,16,6,0,8.89339349637059,8.89339349637059,0.0,8.922009468078613,0.4968826320978609,90,0.0,0.0,0.0,0.0,0.0,0.0,0.12000000000000002,0.020000000000000004,0.21000000000000005
chesca_commitment_full_mesh,2032,17,6,4,12.539879218715939,12.167879218715937,-0.37200000000000166,8.995187759399414,1.1611772657607293,90,4.0,0.0,0.1,0.0,0.1,0.0,0.22,0.06000000000000001,0.22
chesca_commitment_full_mesh,2033,18,6,2,13.343102882542379,13.211102882542377,-0.13200000000000145,9.048789978027344,1.4238109382643822,90,2.0,0.0,0.039999999999999994,0.0,0.039999999999999994,0.0,0.26,0.06000000000000001,0.21666666666666667
chesca_commitment_full_mesh,2034,19,6,1,14.84168177070631,14.76168177070631,-0.08000000000000007,9.058877944946289,1.3571157661866542,90,1.0,0.0,0.02,0.0,0.02,0.0,0.28,0.06000000000000001,0.21333333333333335
chesca_commitment_full_mesh,2035,20,6,0,13.006849380731582,13.006849380731582,0.0,9.058877944946289,0.7820032003937469,90,0.0,0.0,0.0,0.0,0.0,0.0,0.28,0.06000000000000001,0.21333333333333335
chesca_commitment_full_mesh,2036,21,6,0,11.457546045780182,11.457546045780182,0.0,9.058877944946289,0.3450221158035868,90,0.0,0.0,0.0,0.0,0.0,0.0,0.28,0.06000000000000001,0.21333333333333335
chesca_commitment_full_mesh,2037,22,6,6,9.319305774380341,10.195305774380342,0.8760000000000012,9.058877944946289,-0.24245030273246956,90,0.0,6.0,0.0,0.24000000000000002,0.0,0.24000000000000002,0.04000000000000003,0.02000000000000001,0.25333333333333335
chesca_commitment_full_mesh,2038,23,6,1,8.806156384908892,8.872156384908891,0.06599999999999895,9.048789978027344,-0.0284654884166463,90,0.0,1.0,0.0,0.020000000000000004,0.0,0.020000000000000004,0.020000000000000025,0.02000000000000001,0.25666666666666665
chesca_commitment_full_mesh,2039,24,6,0,9.475852290506797,9.475852290506797,0.0,9.058877944946289,0.03393018017379581,90,0.0,0.0,0.0,0.0,0.0,0.0,0.020000000000000025,0.02000000000000001,0.25666666666666665
chesca_commitment_full_mesh,2040,1,6,0,10.008286595769892,10.008286595769892,0.0,9.186263084411621,0.12346971329116181,90,0.0,0.0,0.0,0.0,0.0,0.0,0.020000000000000025,0.02000000000000001,0.25666666666666665
chesca_commitment_full_mesh,2041,2,6,1,9.050007442396582,9.130007442396582,0.08000000000000007,9.360203742980957,-0.17675396894774897,90,0.0,1.0,0.0,0.020000000000000004,0.0,0.020000000000000004,2.0816681711721685e-17,6.938893903907228e-18,0.22
chesca_commitment_full_mesh,2042,3,6,1,6.39700673714483,6.4630067371448305,0.06600000000000072,9.360203742980957,-0.30948659818180557,90,0.0,1.0,0.0,0.0,0.0,0.020000000000000004,2.0816681711721685e-17,6.938893903907228e-18,0.18333333333333335
chesca_commitment_full_mesh,2043,4,6,6,6.520706091871967,7.316706091871967,0.7960000000000003,9.360203742980957,-0.1141516935772158,90,0.0,6.0,0.0,2.0816681711721685e-17,0.0,0.22000000000000003,0.0,0.0,0.18999999999999997
chesca_commitment_full_mesh,2044,5,6,6,6.1903754075022,6.847269356682342,0.6568939491801418,9.360203742980957,-0.14444473035858169,90,0.0,6.0,0.0,0.0,0.0,0.18000000000000002,0.0,0.0,0.20666666666666667
chesca_commitment_full_mesh,2045,6,6,2,5.735340480379818,5.854252341972891,0.1189118615930731,9.360203742980957,-0.10901024856163918,90,0.0,2.0,0.0,0.0,0.0,0.04000000000000001,0.0,0.0,0.19666666666666666
chesca_commitment_full_mesh,2046,7,6,0,5.443118773414098,5.443118773414097,-8.881784197001252e-16,9.360203742980957,0.05157601341514393,90,0.0,0.0,0.0,0.0,0.0,0.0,0.0,0.0,0.19666666666666666
chesca_commitment_full_mesh,2047,8,6,0,4.376347135929789,4.376347135929789,0.0,9.186263084411621,0.03176749373669337,90,0.0,0.0,0.0,0.0,0.0,0.0,0.0,0.0,0.19666666666666666
chesca_commitment_full_mesh,2048,9,6,6,4.241197167779649,3.72319716777965,-0.5179999999999993,9.058877944946289,0.0991478688838833,90,6.0,0.0,0.14,0.0,0.14,0.0,0.14,0.04000000000000001,0.20666666666666667
chesca_commitment_full_mesh,2049,10,6,6,5.140096301491349,5.5730096987611395,0.4329133972697905,9.058877944946289,-0.016742149684553995,90,0.0,6.0,0.0,0.14,0.0,0.14,6.938893903907228e-18,6.938893903907228e-18,0.21666666666666667
chesca_commitment_full_mesh,2050,11,6,0,3.361838229941408,3.3618382299414082,4.440892098500626e-16,9.058877944946289,0.03821291503713621,90,0.0,0.0,0.0,0.0,0.0,0.0,6.938893903907228e-18,6.938893903907228e-18,0.21666666666666667
chesca_commitment_full_mesh,2051,12,6,1,4.502025577714569,4.436025577714569,-0.06599999999999984,9.058877944946289,0.22785521060707514,90,1.0,0.0,0.02,0.0,0.02,0.0,0.020000000000000007,0.02,0.21
chesca_commitment_full_mesh,2052,13,6,3,5.5000139522727824,5.288013952272784,-0.21199999999999886,9.058877944946289,0.28540558833053864,90,3.0,0.0,0.06000000000000001,0.0,0.06000000000000001,0.0,0.08000000000000002,0.02000000000000001,0.22
chesca_commitment_full_mesh,2053,14,6,0,7.244017914184964,7.2440179141849645,8.881784197001252e-16,9.058877944946289,0.3183217249453091,90,0.0,0.0,0.0,0.0,0.0,0.0,0.08000000000000002,0.02000000000000001,0.22
chesca_commitment_full_mesh,2054,15,6,4,7.62317134525923,7.845636743388683,0.22246539812945265,9.058877944946289,-0.0631270081413576,90,0.0,4.0,0.0,0.08,0.0,0.08,1.0408340855860843e-17,1.0408340855860843e-17,0.22333333333333336
chesca_commitment_full_mesh,2055,16,6,3,8.53316157965848,8.30716157965848,-0.2259999999999991,9.048789978027344,0.5012284260687375,90,3.0,0.0,0.059999999999999984,0.0,0.059999999999999984,0.0,0.06,0.020000000000000004,0.23333333333333336
chesca_commitment_full_mesh,2056,17,6,5,11.291431073405052,10.919431073405052,-0.3719999999999999,9.035802841186523,1.1105443937350266,90,5.0,0.0,0.1,0.0,0.1,0.0,0.16000000000000003,0.04000000000000001,0.23333333333333336
chesca_commitment_full_mesh,2057,18,6,0,11.919607105197823,11.919607105197823,0.0,9.035802841186523,1.1619588503796545,90,0.0,0.0,0.0,0.0,0.0,0.0,0.16000000000000003,0.04000000000000001,0.22666666666666668
chesca_commitment_full_mesh,2058,19,6,0,12.434927900921869,12.434927900921867,-1.7763568394002505e-15,9.035802841186523,0.8553070400931669,90,0.0,0.0,0.0,0.0,0.0,0.0,0.16000000000000003,0.04000000000000001,0.22333333333333336
chesca_commitment_full_mesh,2059,20,6,0,10.695743441820143,10.695743441820143,0.0,9.035802841186523,0.37987322169616844,90,0.0,0.0,0.0,0.0,0.0,0.0,0.16000000000000003,0.04000000000000001,0.22333333333333336
chesca_commitment_full_mesh,2060,21,6,0,10.451831597736632,10.451831597736632,0.0,9.035802841186523,0.4534032119774625,90,0.0,0.0,0.0,0.0,0.0,0.0,0.16000000000000003,0.04000000000000001,0.22333333333333336
chesca_commitment_full_mesh,2061,22,6,0,9.574099976431658,9.574099976431658,0.0,9.035802841186523,0.1954412941959249,90,0.0,0.0,0.0,0.0,0.0,0.0,0.16000000000000003,0.04000000000000001,0.18333333333333335
chesca_commitment_full_mesh,2062,23,6,0,10.042711511290014,10.042711511290014,0.0,9.035802841186523,0.3418474108980766,90,0.0,0.0,0.0,0.0,0.0,0.0,0.16000000000000003,0.04000000000000001,0.18000000000000002
chesca_commitment_full_mesh,2063,24,6,6,9.313665292974477,10.043665292974477,0.7300000000000004,9.048789978027344,-0.1131981731303153,90,0.0,6.0,0.0,0.15999999999999998,0.0,0.2,1.0408340855860843e-17,1.0408340855860843e-17,0.21333333333333335
chesca_commitment_full_mesh,2064,1,6,0,8.058893577276905,8.058893577276907,1.7763568394002505e-15,9.058877944946289,-0.05390345330607853,90,0.0,0.0,0.0,0.0,0.0,0.0,1.0408340855860843e-17,1.0408340855860843e-17,0.21333333333333335
chesca_commitment_full_mesh,2065,2,6,0,7.420063301899268,7.420063301899267,-8.881784197001252e-16,9.048789978027344,0.004499036699796663,90,0.0,0.0,0.0,0.0,0.0,0.0,1.0408340855860843e-17,1.0408340855860843e-17,0.21
chesca_commitment_full_mesh,2066,3,6,0,6.295479730751815,6.295479730751815,0.0,9.035802841186523,-0.03650609166092007,90,0.0,0.0,0.0,0.0,0.0,0.0,1.0408340855860843e-17,1.0408340855860843e-17,0.20666666666666667
chesca_commitment_full_mesh,2067,4,6,0,6.554938037169898,6.554938037169899,8.881784197001252e-16,9.035802841186523,0.08021867899182838,90,0.0,0.0,0.0,0.0,0.0,0.0,1.0408340855860843e-17,1.0408340855860843e-17,0.17000000000000004
chesca_commitment_full_mesh,2068,5,6,0,5.575635242106321,5.575635242106321,0.0,9.035802841186523,0.012979986133842505,90,0.0,0.0,0.0,0.0,0.0,0.0,1.0408340855860843e-17,1.0408340855860843e-17,0.14
chesca_commitment_full_mesh,2069,6,6,6,6.157271719821817,5.281271719821816,-0.8760000000000012,9.035802841186523,0.10718677129285462,90,6.0,0.0,0.24000000000000002,0.0,0.24000000000000002,0.0,0.24000000000000005,0.04000000000000001,0.17333333333333334
chesca_commitment_full_mesh,2070,7,6,0,5.6596540230591605,5.6596540230591605,0.0,9.035802841186523,0.23282232503740125,90,0.0,0.0,0.0,0.0,0.0,0.0,0.24000000000000005,0.04000000000000001,0.17333333333333334
chesca_commitment_full_mesh,2071,8,6,0,4.978738091376157,4.978738091376157,0.0,9.035802841186523,0.08032669378403175,90,0.0,0.0,0.0,0.0,0.0,0.0,0.24000000000000005,0.04000000000000001,0.17333333333333334
chesca_commitment_full_mesh,2072,9,6,0,3.4213301209372533,3.4213301209372533,0.0,8.991686820983887,0.1393932551589236,90,0.0,0.0,0.0,0.0,0.0,0.0,0.24000000000000005,0.04000000000000001,0.15000000000000002
chesca_commitment_full_mesh,2073,10,6,0,3.2578032199062266,3.257803219906227,4.440892098500626e-16,8.991686820983887,0.0656061988782384,90,0.0,0.0,0.0,0.0,0.0,0.0,0.24000000000000005,0.04000000000000001,0.12666666666666668
chesca_commitment_full_mesh,2074,11,6,0,4.50663877203855,4.50663877203855,0.0,8.991686820983887,0.17822456861150518,90,0.0,0.0,0.0,0.0,0.0,0.0,0.24000000000000005,0.04000000000000001,0.12666666666666668
chesca_commitment_full_mesh,2075,12,6,0,5.01000969954302,5.01000969954302,0.0,8.991686820983887,0.1027829296902345,90,0.0,0.0,0.0,0.0,0.0,0.0,0.24000000000000005,0.04000000000000001,0.12333333333333334
chesca_commitment_full_mesh,2076,13,6,0,5.76621282063831,5.76621282063831,0.0,8.991686820983887,0.31961393930431053,90,0.0,0.0,0.0,0.0,0.0,0.0,0.24000000000000005,0.04000000000000001,0.11333333333333334
chesca_commitment_full_mesh,2077,14,6,0,5.86205322015583,5.862053220155829,-8.881784197001252e-16,8.991686820983887,0.18941586599514426,90,0.0,0.0,0.0,0.0,0.0,0.0,0.24000000000000005,0.04000000000000001,0.11333333333333334
chesca_commitment_full_mesh,2078,15,6,0,8.058858092915472,8.058858092915472,0.0,8.991686820983887,0.31387043431755546,90,0.0,0.0,0.0,0.0,0.0,0.0,0.24000000000000005,0.04000000000000001,0.10000000000000002
chesca_commitment_full_mesh,2079,16,6,0,9.42289452237605,9.42289452237605,0.0,8.991686820983887,0.6872401288309462,90,0.0,0.0,0.0,0.0,0.0,0.0,0.24000000000000005,0.04000000000000001,0.09000000000000001
chesca_commitment_full_mesh,2080,17,6,3,12.110954558676884,11.630954558676883,-0.4800000000000004,9.035802841186523,1.2219697818954276,90,3.0,0.0,0.12000000000000002,0.0,0.12000000000000002,0.0,0.36000000000000004,0.08000000000000002,0.09333333333333337
chesca_commitment_full_mesh,2081,18,6,3,12.880783733874202,12.484783733874199,-0.39600000000000257,9.048789978027344,1.3849832608061061,90,3.0,0.0,0.12000000000000002,0.0,0.12000000000000002,0.0,0.4800000000000001,0.08000000000000002,0.11333333333333334
chesca_commitment_full_mesh,2082,19,6,0,13.302748910738801,13.302748910738801,0.0,9.058877944946289,1.0790217903469008,90,0.0,0.0,0.0,0.0,0.0,0.0,0.4800000000000001,0.08000000000000002,0.11333333333333334
chesca_commitment_full_mesh,2083,20,6,0,12.716150994836028,12.716150994836028,0.0,9.186263084411621,0.9153382794102425,90,0.0,0.0,0.0,0.0,0.0,0.0,0.4800000000000001,0.08000000000000002,0.11333333333333334
chesca_commitment_full_mesh,2084,21,6,0,11.17647084907167,11.176470849071672,1.7763568394002505e-15,9.310586929321289,0.464955442249096,90,0.0,0.0,0.0,0.0,0.0,0.0,0.4800000000000001,0.08000000000000002,0.11333333333333334
chesca_commitment_full_mesh,2085,22,6,6,9.614015148305702,10.490015148305702,0.8759999999999994,9.38037109375,-0.1661008182158188,90,0.0,6.0,0.0,0.24000000000000005,0.0,0.24000000000000005,0.24000000000000005,0.040000000000000015,0.15333333333333335
chesca_commitment_full_mesh,2086,23,6,6,9.911844364888406,10.787844364888405,0.8759999999999994,9.527656555175781,-0.1430872215363984,90,0.0,6.0,0.0,0.24000000000000002,0.0,0.24000000000000002,5.551115123125783e-17,1.3877787807814457e-17,0.19333333333333333
chesca_commitment_full_mesh,2087,24,6,6,9.350240037215531,9.934240037215531,0.5839999999999996,9.629648208618164,-0.11032445685841262,90,0.0,6.0,0.0,5.551115123125783e-17,0.0,0.16000000000000003,0.0,0.0,0.18666666666666668
chesca_commitment_full_mesh,2088,1,6,0,9.477347984905677,9.477347984905677,0.0,9.658333778381348,0.004478525026311887,90,0.0,0.0,0.0,0.0,0.0,0.0,0.0,0.0,0.18666666666666668
chesca_commitment_full_mesh,2089,2,6,0,8.367002145652949,8.367002145652949,0.0,9.658333778381348,-0.022715588208182716,90,0.0,0.0,0.0,0.0,0.0,0.0,0.0,0.0,0.18666666666666668
chesca_commitment_full_mesh,2090,3,6,6,6.621448196744617,7.351448196744617,0.7299999999999995,9.701963424682617,-0.139146373551643,90,0.0,6.0,0.0,0.0,0.0,0.2,0.0,0.0,0.22
chesca_commitment_full_mesh,2091,4,6,0,5.8694677502323795,5.8694677502323795,0.0,9.701963424682617,-0.0014681828127367375,90,0.0,0.0,0.0,0.0,0.0,0.0,0.0,0.0,0.22
chesca_commitment_full_mesh,2092,5,6,0,5.355255010490679,5.35525501049068,8.881784197001252e-16,9.701963424682617,0.06526763131185906,90,0.0,0.0,0.0,0.0,0.0,0.0,0.0,0.0,0.22
chesca_commitment_full_mesh,2093,6,6,0,5.917877758552911,5.91787775855291,-8.881784197001252e-16,9.701963424682617,0.17590294728310596,90,0.0,0.0,0.0,0.0,0.0,0.0,0.0,0.0,0.18000000000000002
chesca_commitment_full_mesh,2094,7,6,6,5.215317048963359,4.339317048963361,-0.8759999999999986,9.701963424682617,0.14400164028256437,90,6.0,0.0,0.24000000000000002,0.0,0.24000000000000002,0.0,0.24000000000000002,0.04,0.22
chesca_commitment_full_mesh,2095,8,6,0,5.616932687589759,5.616932687589758,-8.881784197001252e-16,9.701963424682617,0.16077694004329124,90,0.0,0.0,0.0,0.0,0.0,0.0,0.24000000000000002,0.04,0.22
chesca_commitment_full_mesh,2096,9,6,0,3.8330821642007704,3.83308216420077,-4.440892098500626e-16,9.701963424682617,0.1083791432854122,90,0.0,0.0,0.0,0.0,0.0,0.0,0.24000000000000002,0.04,0.22
chesca_commitment_full_mesh,2097,10,6,0,2.8412797768118674,2.8412797768118674,0.0,9.701963424682617,0.04425488473364145,90,0.0,0.0,0.0,0.0,0.0,0.0,0.24000000000000002,0.04,0.22
chesca_commitment_full_mesh,2098,11,6,0,2.134696237729772,2.134696237729772,0.0,9.701963424682617,0.06736293706387278,90,0.0,0.0,0.0,0.0,0.0,0.0,0.24000000000000002,0.04,0.22
chesca_commitment_full_mesh,2099,12,6,0,3.3714983409382713,3.371498340938271,-4.440892098500626e-16,9.658333778381348,0.25257490897779944,90,0.0,0.0,0.0,0.0,0.0,0.0,0.24000000000000002,0.04,0.22
chesca_commitment_full_mesh,2100,13,6,0,4.52626550595317,4.52626550595317,0.0,9.658333778381348,0.25063062408579817,90,0.0,0.0,0.0,0.0,0.0,0.0,0.24000000000000002,0.04,0.22
chesca_commitment_full_mesh,2101,14,6,0,5.815784842304487,5.815784842304487,0.0,9.658333778381348,0.28373691287854885,90,0.0,0.0,0.0,0.0,0.0,0.0,0.24000000000000002,0.04,0.22
chesca_commitment_full_mesh,2102,15,6,6,6.716914801962808,7.384189267285547,0.6672744653227385,9.701963424682617,-0.6350189792165797,90,0.0,6.0,0.0,0.24000000000000002,0.0,0.24000000000000002,0.0,0.0,0.26
chesca_commitment_full_mesh,2103,16,6,0,8.734998165971245,8.734998165971245,0.0,9.658333778381348,0.521027376823453,90,0.0,0.0,0.0,0.0,0.0,0.0,0.0,0.0,0.26
chesca_commitment_full_mesh,2104,17,6,0,9.900532637094813,9.900532637094813,0.0,9.629648208618164,0.669701399832734,90,0.0,0.0,0.0,0.0,0.0,0.0,0.0,0.0,0.24000000000000002
chesca_commitment_full_mesh,2105,18,6,3,10.720855627197087,10.480855627197087,-0.2400000000000002,9.602876663208008,0.686317442437335,90,3.0,0.0,0.06,0.0,0.06,0.0,0.06,0.020000000000000004,0.23
chesca_commitment_full_mesh,2106,19,6,3,10.58717630477024,10.38917630477024,-0.1980000000000004,9.512901306152344,0.43677655249903474,90,3.0,0.0,0.06,0.0,0.06,0.0,0.12,0.020000000000000004,0.24000000000000002
chesca_commitment_full_mesh,2107,20,6,0,10.33292856047086,10.33292856047086,0.0,9.512901306152344,0.28573811671566296,90,0.0,0.0,0.0,0.0,0.0,0.0,0.12,0.020000000000000004,0.24000000000000002
chesca_commitment_full_mesh,2108,21,6,0,9.959337302249413,9.959337302249413,0.0,9.419309616088867,0.21968415504538683,90,0.0,0.0,0.0,0.0,0.0,0.0,0.12,0.020000000000000004,0.24000000000000002
chesca_commitment_full_mesh,2109,22,6,6,9.038705142413281,9.476705142413282,0.4380000000000006,9.419309616088867,-0.06707377442556944,90,0.0,6.0,0.0,0.12,0.0,0.12000000000000002,6.938893903907228e-18,3.469446951953614e-18,0.22
chesca_commitment_full_mesh,2110,23,6,0,8.587706235100084,8.587706235100084,0.0,9.3930082321167,-0.031382911204222805,90,0.0,0.0,0.0,0.0,0.0,0.0,6.938893903907228e-18,3.469446951953614e-18,0.18000000000000002
chesca_commitment_full_mesh,2111,24,6,0,8.662245877091403,8.662245877091403,0.0,9.348674774169922,-0.04677417652940163,90,0.0,0.0,0.0,0.0,0.0,0.0,6.938893903907228e-18,3.469446951953614e-18,0.15333333333333335
chesca_commitment_full_mesh,2112,1,6,0,9.437767279797118,9.437767279797118,0.0,9.348674774169922,-0.03890701156805489,90,0.0,0.0,0.0,0.0,0.0,0.0,6.938893903907228e-18,3.469446951953614e-18,0.15333333333333335
chesca_commitment_full_mesh,2113,2,6,0,9.403661516923385,9.403661516923385,0.0,9.310586929321289,-0.03194684955548484,90,0.0,0.0,0.0,0.0,0.0,0.0,6.938893903907228e-18,3.469446951953614e-18,0.15333333333333335
chesca_commitment_full_mesh,2114,3,6,6,6.95874557526171,7.83474557526171,0.8760000000000003,9.310586929321289,-0.22198472001076425,90,0.0,6.0,0.0,6.938893903907228e-18,0.0,0.24000000000000005,0.0,0.0,0.16
chesca_commitment_full_mesh,2115,4,6,6,5.898273002091552,6.774273002091553,0.8760000000000003,9.310586929321289,-0.1320066413609168,90,0.0,6.0,0.0,0.0,0.0,0.24000000000000005,0.0,0.0,0.19999999999999998
chesca_commitment_full_mesh,2116,5,6,6,5.435834107149737,5.842166343444342,0.40633223629460513,9.310586929321289,-0.09037010659403644,90,0.0,6.0,0.0,0.0,0.0,0.12000000000000002,0.0,0.0,0.22
chesca_commitment_full_mesh,2117,6,6,0,5.65702454563486,5.65702454563486,0.0,9.310586929321289,0.021509137516682236,90,0.0,0.0,0.0,0.0,0.0,0.0,0.0,0.0,0.22
chesca_commitment_full_mesh,2118,7,6,0,4.912085880298249,4.912085880298249,0.0,9.310586929321289,0.04795736395061329,90,0.0,0.0,0.0,0.0,0.0,0.0,0.0,0.0,0.18000000000000002
chesca_commitment_full_mesh,2119,8,6,6,4.4832287904665105,3.6072287904665106,-0.8759999999999999,9.310586929321289,0.09245441161813486,90,6.0,0.0,0.24000000000000005,0.0,0.24000000000000005,0.0,0.24000000000000005,0.04000000000000001,0.22
chesca_commitment_full_mesh,2120,9,6,0,4.693552789349242,4.693552789349242,0.0,9.310586929321289,0.20110082112945943,90,0.0,0.0,0.0,0.0,0.0,0.0,0.24000000000000005,0.04000000000000001,0.22
chesca_commitment_full_mesh,2121,10,6,6,1.2175047012865954,1.666384925092946,0.4488802238063505,9.310586929321289,-0.1429381933845308,90,0.0,6.0,0.0,0.24000000000000005,0.0,0.24000000000000005,0.0,0.0,0.26
chesca_commitment_full_mesh,2122,11,6,0,1.357222612483067,1.357222612483067,0.0,9.310586929321289,-0.018462307826103523,90,0.0,0.0,0.0,0.0,0.0,0.0,0.0,0.0,0.26
chesca_commitment_full_mesh,2123,12,6,0,2.9486218305945284,2.948621830594528,-4.440892098500626e-16,9.310586929321289,0.2183277284194057,90,0.0,0.0,0.0,0.0,0.0,0.0,0.0,0.0,0.26
chesca_commitment_full_mesh,2124,13,6,0,3.951412451177184,3.951412451177184,0.0,9.310586929321289,0.057054489796652376,90,0.0,0.0,0.0,0.0,0.0,0.0,0.0,0.0,0.26
chesca_commitment_full_mesh,2125,14,6,0,5.694670388713604,5.694670388713604,0.0,9.310586929321289,0.11916656930745001,90,0.0,0.0,0.0,0.0,0.0,0.0,0.0,0.0,0.26
chesca_commitment_full_mesh,2126,15,6,0,6.4798307487293,6.4798307487293,0.0,9.310586929321289,-0.10339725805173065,90,0.0,0.0,0.0,0.0,0.0,0.0,0.0,0.0,0.22
chesca_commitment_full_mesh,2127,16,6,0,7.717246215242327,7.717246215242327,0.0,9.310586929321289,0.09962323335696173,90,0.0,0.0,0.0,0.0,0.0,0.0,0.0,0.0,0.22
chesca_commitment_full_mesh,2128,17,6,0,8.535043489244782,8.535043489244782,0.0,9.310586929321289,0.17515700319102195,90,0.0,0.0,0.0,0.0,0.0,0.0,0.0,0.0,0.22
chesca_commitment_full_mesh,2129,18,6,6,10.375156491767044,9.937156491767045,-0.43799999999999883,9.260743141174316,0.4129670443021911,90,6.0,0.0,0.12000000000000002,0.0,0.12000000000000002,0.0,0.12000000000000002,0.020000000000000018,0.23
chesca_commitment_full_mesh,2130,19,6,3,12.00888036182652,11.76888036182652,-0.2400000000000002,9.237027168273926,0.8627848603300227,90,3.0,0.0,0.06000000000000001,0.0,0.06000000000000001,0.0,0.18000000000000005,0.04000000000000002,0.23
chesca_commitment_full_mesh,2131,20,6,0,10.543198170210442,10.543198170210442,0.0,9.237027168273926,0.29053165412734305,90,0.0,0.0,0.0,0.0,0.0,0.0,0.18000000000000005,0.04000000000000002,0.23
chesca_commitment_full_mesh,2132,21,6,0,9.954159699811457,9.954159699811456,-1.7763568394002505e-15,9.237027168273926,0.21434361048507336,90,0.0,0.0,0.0,0.0,0.0,0.0,0.18000000000000005,0.04000000000000002,0.23
chesca_commitment_full_mesh,2133,22,6,0,9.330564993751919,9.330564993751919,0.0,9.15546989440918,0.08635843684062103,90,0.0,0.0,0.0,0.0,0.0,0.0,0.18000000000000005,0.04000000000000002,0.21
chesca_commitment_full_mesh,2134,23,6,3,8.966118325390593,9.164118325390591,0.19799999999999862,9.15546989440918,0.03236705104452687,90,0.0,3.0,0.0,0.06000000000000001,0.0,0.06000000000000001,0.12000000000000002,0.04000000000000002,0.22
chesca_commitment_full_mesh,2135,24,6,0,9.856765684159626,9.856765684159626,0.0,9.15546989440918,0.17684054353753179,90,0.0,0.0,0.0,0.0,0.0,0.0,0.12000000000000002,0.04000000000000002,0.22
chesca_commitment_full_mesh,2136,1,6,3,9.071642082985834,9.551642082985833,0.47999999999999865,9.15546989440918,-0.0671492974226568,90,0.0,3.0,0.0,0.12000000000000001,0.0,0.12000000000000002,1.734723475976807e-17,1.3877787807814457e-17,0.24
chesca_commitment_full_mesh,2137,2,6,0,8.414185255809613,8.414185255809613,0.0,9.15546989440918,-0.15334930152269016,90,0.0,0.0,0.0,0.0,0.0,0.0,1.734723475976807e-17,1.3877787807814457e-17,0.24
chesca_commitment_full_mesh,2138,3,6,0,7.0778281139564685,7.0778281139564685,0.0,9.15546989440918,-0.10994119326424318,90,0.0,0.0,0.0,0.0,0.0,0.0,1.734723475976807e-17,1.3877787807814457e-17,0.20000000000000004
chesca_commitment_full_mesh,2139,4,6,0,7.233262690979635,7.233262690979635,0.0,9.15546989440918,0.061992502974026906,90,0.0,0.0,0.0,0.0,0.0,0.0,1.734723475976807e-17,1.3877787807814457e-17,0.16
chesca_commitment_full_mesh,2140,5,6,0,5.837288295606466,5.837288295606466,0.0,9.15546989440918,-0.030253389085811794,90,0.0,0.0,0.0,0.0,0.0,0.0,1.734723475976807e-17,1.3877787807814457e-17,0.14
chesca_commitment_full_mesh,2141,6,6,6,6.204415074162618,5.328415074162617,-0.8760000000000012,9.15546989440918,0.15581664642936216,90,6.0,0.0,0.24000000000000005,0.0,0.24000000000000005,0.0,0.24000000000000005,0.040000000000000015,0.18000000000000002
chesca_commitment_full_mesh,2142,7,6,0,5.4487271126231,5.4487271126231,0.0,9.15546989440918,0.2284140996219633,90,0.0,0.0,0.0,0.0,0.0,0.0,0.24000000000000005,0.040000000000000015,0.18000000000000002
chesca_commitment_full_mesh,2143,8,6,0,4.607494092488748,4.607494092488749,8.881784197001252e-16,9.15546989440918,0.13881571029355003,90,0.0,0.0,0.0,0.0,0.0,0.0,0.24000000000000005,0.040000000000000015,0.14
chesca_commitment_full_mesh,2144,9,6,6,3.6500109540081693,4.113641235220793,0.46363028121262406,9.15546989440918,0.025855495371958956,90,0.0,6.0,0.0,0.24000000000000005,0.0,0.24000000000000005,2.0816681711721685e-17,1.3877787807814457e-17,0.18000000000000002
chesca_commitment_full_mesh,2145,10,6,6,3.94938040548561,3.3133804054856095,-0.6360000000000006,9.15546989440918,0.08804090617512564,90,6.0,0.0,0.18,0.0,0.18,0.0,0.18000000000000002,0.040000000000000015,0.17
chesca_commitment_full_mesh,2146,11,6,0,3.0432677463702156,3.043267746370216,4.440892098500626e-16,9.15546989440918,0.13006908670503858,90,0.0,0.0,0.0,0.0,0.0,0.0,0.18000000000000002,0.040000000000000015,0.17
chesca_commitment_full_mesh,2147,12,6,0,2.638161073717052,2.638161073717052,0.0,9.15546989440918,0.054233025166522356,90,0.0,0.0,0.0,0.0,0.0,0.0,0.18000000000000002,0.040000000000000015,0.17
chesca_commitment_full_mesh,2148,13,6,0,4.0560157551084455,4.0560157551084455,0.0,9.15546989440918,0.124255285407234,90,0.0,0.0,0.0,0.0,0.0,0.0,0.18000000000000002,0.040000000000000015,0.17
chesca_commitment_full_mesh,2149,14,6,0,4.172498648900883,4.172498648900883,0.0,9.15546989440918,0.3228338268134836,90,0.0,0.0,0.0,0.0,0.0,0.0,0.18000000000000002,0.040000000000000015,0.17
chesca_commitment_full_mesh,2150,15,6,0,5.93331482632426,5.933314826324259,-8.881784197001252e-16,9.15546989440918,0.13171206445615852,90,0.0,0.0,0.0,0.0,0.0,0.0,0.18000000000000002,0.040000000000000015,0.17
chesca_commitment_full_mesh,2151,16,6,0,7.320558998482621,7.320558998482622,8.881784197001252e-16,9.15546989440918,0.2912495628251791,90,0.0,0.0,0.0,0.0,0.0,0.0,0.18000000000000002,0.040000000000000015,0.17
chesca_commitment_full_mesh,2152,17,6,6,8.504275954946436,9.140275954946436,0.6359999999999992,9.15546989440918,-0.006228927077793482,90,0.0,6.0,0.0,0.18,0.0,0.18000000000000002,2.7755575615628914e-17,1.3877787807814457e-17,0.19999999999999998
chesca_commitment_full_mesh,2153,18,6,5,10.297060256311857,10.005060256311857,-0.2919999999999998,9.15546989440918,0.31930850836621516,90,4.0,1.0,0.07999999999999999,1.3877787807814457e-17,0.07999999999999999,0.019999999999999962,0.08,0.020000000000000018,0.19666666666666666
chesca_commitment_full_mesh,2154,19,6,6,13.215897552602808,12.471897552602808,-0.7439999999999998,9.15546989440918,1.039295770485683,90,6.0,0.0,0.2,0.0,0.2,0.0,0.28,0.06000000000000001,0.22
chesca_commitment_full_mesh,2155,20,6,1,14.072272296475326,13.992272296475326,-0.08000000000000007,9.15546989440918,1.4281097496599133,90,1.0,0.0,0.02,0.0,0.02,0.0,0.30000000000000004,0.06000000000000001,0.22333333333333336
chesca_commitment_full_mesh,2156,21,6,6,9.402539948482481,10.27853994848248,0.8759999999999994,9.15546989440918,-0.22160687470303037,90,0.0,6.0,0.0,0.24,0.0,0.24000000000000002,0.06000000000000004,0.02000000000000001,0.26333333333333336
chesca_commitment_full_mesh,2157,22,6,0,9.771812504024965,9.771812504024965,0.0,9.15546989440918,0.1855592729229747,90,0.0,0.0,0.0,0.0,0.0,0.0,0.06000000000000004,0.02000000000000001,0.26333333333333336
chesca_commitment_full_mesh,2158,23,6,0,10.148918053056807,10.148918053056807,0.0,9.15546989440918,0.2502712650351222,90,0.0,0.0,0.0,0.0,0.0,0.0,0.06000000000000004,0.02000000000000001,0.25333333333333335
chesca_commitment_full_mesh,2159,24,6,0,10.727092562904812,10.727092562904813,1.7763568394002505e-15,9.15546989440918,0.5838977219751254,90,0.0,0.0,0.0,0.0,0.0,0.0,0.06000000000000004,0.02000000000000001,0.25333333333333335
chesca_commitment_full_mesh,2160,1,6,0,10.99605396355934,10.996053963559339,-1.7763568394002505e-15,9.15546989440918,0.6132722888848143,90,0.0,0.0,0.0,0.0,0.0,0.0,0.06000000000000004,0.02000000000000001,0.23333333333333336
chesca_commitment_full_mesh,2161,2,6,0,9.576337132893634,9.576337132893636,1.7763568394002505e-15,9.15546989440918,0.07691544652519372,90,0.0,0.0,0.0,0.0,0.0,0.0,0.06000000000000004,0.02000000000000001,0.23333333333333336
chesca_commitment_full_mesh,2162,3,6,3,7.887898261352232,8.127898261352232,0.2400000000000002,9.237027168273926,-0.042071344071187705,90,0.0,3.0,0.0,0.06,0.0,0.06000000000000001,4.163336342344337e-17,2.0816681711721685e-17,0.24333333333333332
chesca_commitment_full_mesh,2163,4,6,0,7.543737338558672,7.543737338558672,0.0,9.237027168273926,0.05400217703419599,90,0.0,0.0,0.0,0.0,0.0,0.0,4.163336342344337e-17,2.0816681711721685e-17,0.24333333333333332
chesca_commitment_full_mesh,2164,5,6,0,5.638657307804463,5.638657307804463,0.0,9.237027168273926,-0.1395634225404777,90,0.0,0.0,0.0,0.0,0.0,0.0,4.163336342344337e-17,2.0816681711721685e-17,0.24333333333333332
chesca_commitment_full_mesh,2165,6,6,0,6.156361063711252,6.156361063711252,0.0,9.237027168273926,0.17197328838777004,90,0.0,0.0,0.0,0.0,0.0,0.0,4.163336342344337e-17,2.0816681711721685e-17,0.20333333333333334
chesca_commitment_full_mesh,2166,7,6,2,5.788872680004652,5.628872680004652,-0.16000000000000014,9.237027168273926,0.0809231265387774,90,2.0,0.0,0.04000000000000001,0.0,0.04000000000000001,0.0,0.04000000000000004,0.02000000000000001,0.21
chesca_commitment_full_mesh,2167,8,6,5,5.159113523859026,5.482464038520086,0.32335051466106,9.271276473999023,-0.3708068316021347,90,0.0,5.0,0.0,0.040000000000000036,0.0,0.10000000000000002,1.3877787807814457e-17,6.938893903907228e-18,0.22666666666666668
chesca_commitment_full_mesh,2168,9,6,0,3.7952713603391235,3.795271360339123,-4.440892098500626e-16,9.271276473999023,0.10342408050146376,90,0.0,0.0,0.0,0.0,0.0,0.0,1.3877787807814457e-17,6.938893903907228e-18,0.18666666666666665
chesca_commitment_full_mesh,2169,10,6,6,3.29221014801244,2.5762101480124397,-0.7160000000000002,9.271276473999023,0.1156897020099367,90,6.0,0.0,0.20000000000000004,0.0,0.20000000000000004,0.0,0.20000000000000004,0.04000000000000001,0.18999999999999997
chesca_commitment_full_mesh,2170,11,6,0,3.120178504747314,3.1201785047473134,-4.440892098500626e-16,9.271276473999023,0.12619091995551138,90,0.0,0.0,0.0,0.0,0.0,0.0,0.20000000000000004,0.04000000000000001,0.18999999999999997
chesca_commitment_full_mesh,2171,12,6,0,4.586817402506833,4.586817402506833,0.0,9.271276473999023,0.22670032598832196,90,0.0,0.0,0.0,0.0,0.0,0.0,0.20000000000000004,0.04000000000000001,0.18999999999999997
chesca_commitment_full_mesh,2172,13,6,0,5.629413371466017,5.629413371466016,-8.881784197001252e-16,9.271276473999023,0.20233911306853128,90,0.0,0.0,0.0,0.0,0.0,0.0,0.20000000000000004,0.04000000000000001,0.18999999999999997
chesca_commitment_full_mesh,2173,14,6,0,5.724936180498486,5.724936180498487,8.881784197001252e-16,9.271276473999023,0.06380143458883032,90,0.0,0.0,0.0,0.0,0.0,0.0,0.20000000000000004,0.04000000000000001,0.18999999999999997
chesca_commitment_full_mesh,2174,15,6,6,7.120722198586053,7.533758002154916,0.4130358035688628,9.314467430114746,-0.2669497569944016,90,0.0,6.0,0.0,0.2,0.0,0.20000000000000004,1.734723475976807e-17,1.0408340855860843e-17,0.22333333333333336
chesca_commitment_full_mesh,2175,16,6,5,8.84494904823923,8.486949048239229,-0.35800000000000054,9.314467430114746,0.4550761477573293,90,5.0,0.0,0.09999999999999999,0.0,0.09999999999999999,0.0,0.1,0.020000000000000014,0.24
chesca_commitment_full_mesh,2176,17,6,3,11.052660148415033,10.732660148415032,-0.3200000000000003,9.314467430114746,1.0544110429623643,90,3.0,0.0,0.08000000000000002,0.0,0.08000000000000002,0.0,0.18000000000000002,0.04000000000000002,0.2233333333333333
chesca_commitment_full_mesh,2177,18,6,3,12.458667700288302,12.062667700288301,-0.3960000000000008,9.314467430114746,1.3773903138308687,90,3.0,0.0,0.12000000000000002,0.0,0.12000000000000002,0.0,0.30000000000000004,0.06000000000000001,0.22666666666666668
chesca_commitment_full_mesh,2178,19,6,3,15.104924889543064,14.704924889543063,-0.40000000000000036,9.314467430114746,1.878255404776392,90,3.0,0.0,0.1,0.0,0.1,0.0,0.4,0.08000000000000002,0.21
chesca_commitment_full_mesh,2179,20,6,0,14.769103628825347,14.769103628825347,0.0,9.314467430114746,1.5094750323369857,90,0.0,0.0,0.0,0.0,0.0,0.0,0.4,0.08000000000000002,0.20666666666666667
chesca_commitment_full_mesh,2180,21,6,0,11.695376933903646,11.695376933903647,1.7763568394002505e-15,9.314467430114746,0.609905969081296,90,0.0,0.0,0.0,0.0,0.0,0.0,0.4,0.08000000000000002,0.16666666666666666
chesca_commitment_full_mesh,2181,22,6,0,10.557886907582255,10.557886907582255,0.0,9.314467430114746,0.3376400420904926,90,0.0,0.0,0.0,0.0,0.0,0.0,0.4,0.08000000000000002,0.16666666666666666
chesca_commitment_full_mesh,2182,23,6,0,10.391869277927057,10.391869277927057,0.0,9.348674774169922,0.28412169962235373,90,0.0,0.0,0.0,0.0,0.0,0.0,0.4,0.08000000000000002,0.16666666666666666
chesca_commitment_full_mesh,2183,24,6,0,11.63598786629982,11.63598786629982,0.0,9.3930082321167,0.7281993138717267,90,0.0,0.0,0.0,0.0,0.0,0.0,0.4,0.08000000000000002,0.16666666666666666
chesca_commitment_full_mesh,2184,1,6,0,11.53287444915123,11.532874449151228,-1.7763568394002505e-15,9.3930082321167,0.5645237735761861,90,0.0,0.0,0.0,0.0,0.0,0.0,0.4,0.08000000000000002,0.16666666666666666
chesca_commitment_full_mesh,2185,2,6,6,9.874620052930831,10.750620052930833,0.8760000000000012,9.3930082321167,-0.044289112223037344,90,0.0,6.0,0.0,0.24000000000000005,0.0,0.24000000000000005,0.16,0.04000000000000001,0.20666666666666667
chesca_commitment_full_mesh,2186,3,6,6,7.663862482676073,8.261862482676074,0.5980000000000008,9.419309616088867,-0.19905395971082188,90,0.0,6.0,0.0,0.15999999999999998,0.0,0.16,6.938893903907228e-18,3.469446951953614e-18,0.22333333333333336
chesca_commitment_full_mesh,2187,4,6,1,7.621153119698554,7.701153119698553,0.07999999999999918,9.419309616088867,-0.1210663869795528,90,0.0,1.0,0.0,3.469446951953614e-18,0.0,0.020000000000000004,3.469446951953614e-18,3.469446951953614e-18,0.22666666666666668
chesca_commitment_full_mesh,2188,5,6,0,5.924738747979025,5.924738747979026,8.881784197001252e-16,9.419309616088867,-0.13005127474829178,90,0.0,0.0,0.0,0.0,0.0,0.0,3.469446951953614e-18,3.469446951953614e-18,0.22666666666666668
chesca_commitment_full_mesh,2189,6,6,0,6.235241891746178,6.235241891746178,0.0,9.419309616088867,0.0774920312183522,90,0.0,0.0,0.0,0.0,0.0,0.0,3.469446951953614e-18,3.469446951953614e-18,0.22666666666666668
chesca_commitment_full_mesh,2190,7,6,0,5.729325650325283,5.729325650325284,8.881784197001252e-16,9.419309616088867,-0.1083269657291864,90,0.0,0.0,0.0,0.0,0.0,0.0,3.469446951953614e-18,3.469446951953614e-18,0.22
chesca_commitment_full_mesh,2191,8,6,0,4.395404613449758,4.395404613449758,0.0,9.419309616088867,-0.0336784977807197,90,0.0,0.0,0.0,0.0,0.0,0.0,3.469446951953614e-18,3.469446951953614e-18,0.20333333333333334
chesca_commitment_full_mesh,2192,9,6,0,3.859109758223469,3.8591097582234686,-4.440892098500626e-16,9.419309616088867,0.002180929134669274,90,0.0,0.0,0.0,0.0,0.0,0.0,3.469446951953614e-18,3.469446951953614e-18,0.20333333333333334
chesca_commitment_full_mesh,2193,10,6,5,3.5686530302502226,3.775922248601531,0.2072692183513083,9.419309616088867,-0.10886314678645923,90,0.0,5.0,0.0,3.469446951953614e-18,0.0,0.1,0.0,0.0,0.18666666666666668
chesca_commitment_full_mesh,2194,11,6,0,3.4182820994184793,3.4182820994184793,0.0,9.419309616088867,0.029422061302854945,90,0.0,0.0,0.0,0.0,0.0,0.0,0.0,0.0,0.18666666666666668
chesca_commitment_full_mesh,2195,12,6,6,5.287864067967785,4.571864067967786,-0.7159999999999993,9.419309616088867,0.09763333431104945,90,6.0,0.0,0.20000000000000004,0.0,0.20000000000000004,0.0,0.20000000000000004,0.04,0.22
chesca_commitment_full_mesh,2196,13,6,0,6.170577242815698,6.170577242815697,-8.881784197001252e-16,9.419309616088867,0.314532127641061,90,0.0,0.0,0.0,0.0,0.0,0.0,0.20000000000000004,0.04,0.22
chesca_commitment_full_mesh,2197,14,6,0,7.01378451955941,7.01378451955941,0.0,9.419309616088867,0.16953700359019652,90,0.0,0.0,0.0,0.0,0.0,0.0,0.20000000000000004,0.04,0.22
chesca_commitment_full_mesh,2198,15,6,0,8.337481881478228,8.337481881478228,0.0,9.419309616088867,0.12736763721333322,90,0.0,0.0,0.0,0.0,0.0,0.0,0.20000000000000004,0.04,0.18666666666666668
chesca_commitment_full_mesh,2199,16,6,5,10.96308552460241,10.48308552460241,-0.4800000000000004,9.419309616088867,1.0689500575631015,90,3.0,2.0,0.12000000000000002,0.08,0.12000000000000002,0.08000000000000002,0.24000000000000005,0.08000000000000002,0.20333333333333337
chesca_commitment_full_mesh,2200,17,6,3,13.151504154965862,12.755504154965863,-0.395999999999999,9.3930082321167,1.6320991148838302,90,3.0,0.0,0.12000000000000002,0.0,0.12000000000000002,0.0,0.36000000000000004,0.08000000000000002,0.21
chesca_commitment_full_mesh,2201,18,6,2,14.369288202267025,14.209288202267023,-0.16000000000000192,9.3930082321167,1.7286829584924959,90,2.0,0.0,0.04000000000000001,0.0,0.04000000000000001,0.0,0.4000000000000001,0.08000000000000002,0.19666666666666668
chesca_commitment_full_mesh,2202,19,6,3,15.78209920322352,15.35809920322352,-0.4239999999999995,9.3930082321167,1.86840670448181,90,3.0,0.0,0.12,0.0,0.12,0.0,0.52,0.12000000000000002,0.20000000000000004
chesca_commitment_full_mesh,2203,20,6,0,14.61860420013351,14.61860420013351,0.0,9.3930082321167,1.4746190999878663,90,0.0,0.0,0.0,0.0,0.0,0.0,0.52,0.12000000000000002,0.20000000000000004
chesca_commitment_full_mesh,2204,21,6,0,13.432055627379677,13.432055627379677,0.0,9.3930082321167,1.082755894173664,90,0.0,0.0,0.0,0.0,0.0,0.0,0.52,0.12000000000000002,0.20000000000000004
chesca_commitment_full_mesh,2205,22,6,6,9.872438915731214,10.748438915731215,0.8760000000000012,9.3930082321167,-0.2710522700585861,90,0.0,6.0,0.0,0.24000000000000002,0.0,0.24000000000000002,0.2800000000000001,0.08000000000000002,0.24
chesca_commitment_full_mesh,2206,23,6,6,9.96120009546067,10.705200095460672,0.7440000000000015,9.419309616088867,-0.08609026637301254,90,0.0,6.0,0.0,0.2,0.0,0.2,0.08000000000000007,0.040000000000000015,0.2733333333333334
