controller,step,hour,active_peers,changed_peers,official_predicted_grid,negotiated_predicted_grid,predicted_grid_delta,district_target,final_shadow_signal,logical_message_count,relief_selected_peers,recovery_selected_peers,debt_created_soc,debt_repaid_soc,extra_discharge_soc,extra_charge_soc,total_debt_soc,max_debt_soc,mean_budget_use_soc
chesca_mesh,1,2,6,6,14.591872655066727,13.715872769507643,-0.875999885559084,14.591872655066727,2.1499049922464,90,,,,,,,,,
chesca_mesh,2,3,6,6,6.204107326152643,7.0801073261526435,0.8760000000000003,6.204107326152643,-0.3123500037849793,90,,,,,,,,,
chesca_mesh,3,4,6,6,5.192537087941776,5.988537087941776,0.7959999999999994,5.192537087941776,-0.1941129957619891,90,,,,,,,,,
chesca_mesh,4,5,6,0,4.711030065747744,4.711030065747743,-8.881784197001252e-16,4.711030065747744,-0.04868147801391834,90,,,,,,,,,
chesca_mesh,5,6,6,6,6.237404508867892,6.772583181138234,0.5351786722703418,6.237404508867892,-0.19209621228683554,90,,,,,,,,,
chesca_mesh,6,7,6,6,4.990351398238254,5.416675363261937,0.4263239650236823,4.990351398238254,-0.1467055614586119,90,,,,,,,,,
chesca_mesh,7,8,6,0,5.958205647622158,5.958205647622158,0.0,5.958205647622158,0.030926627979021917,90,,,,,,,,,
chesca_mesh,8,9,6,6,6.376008958995863,6.855535459789824,0.47952650079396086,6.376008958995863,-0.15843770878299196,90,,,,,,,,,
chesca_mesh,9,10,6,6,7.02868775335214,6.152687753352139,-0.8760000000000012,7.02868775335214,0.19106139501776173,90,,,,,,,,,
chesca_mesh,10,11,6,6,7.186134500674392,7.985314305634385,0.7991798049599934,7.186134500674392,-0.24567295159223942,90,,,,,,,,,
chesca_mesh,11,12,6,6,6.810344518203861,5.9343445182038606,-0.8760000000000003,7.096320629119873,0.46217004799161004,90,,,,,,,,,
chesca_mesh,12,13,6,6,8.115086283544723,7.239086283544723,-0.8760000000000003,6.954711437225342,0.5036717997864393,90,,,,,,,,,
chesca_mesh,13,14,6,6,8.290243064124681,7.414243064124681,-0.8760000000000003,6.931127548217773,0.8986533824303784,90,,,,,,,,,
chesca_mesh,14,15,6,6,5.607807749044998,4.7318077490449975,-0.8760000000000003,6.907543182373047,0.5906636689011409,90,,,,,,,,,
chesca_mesh,15,16,6,6,8.185377715074127,7.3093777150741275,-0.8759999999999994,6.435116767883301,1.178473248395156,90,,,,,,,,,
chesca_mesh,16,17,6,6,8.541006505029316,7.665006505029317,-0.8759999999999986,6.847706317901611,0.657886183472074,90,,,,,,,,,
chesca_mesh,17,18,6,6,7.281281582862137,6.405281582862136,-0.8760000000000012,6.904174327850342,0.2283915428412563,90,,,,,,,,,
chesca_mesh,18,19,6,6,10.144266404228366,9.268266404228365,-0.8760000000000012,6.874255657196045,1.1163849762298812,90,,,,,,,,,
chesca_mesh,19,20,6,6,9.267856228712562,8.39185622871256,-0.8760000000000012,6.924388885498047,0.5397474519535497,90,,,,,,,,,
chesca_mesh,20,21,6,6,8.621313878186108,7.745313878186106,-0.8760000000000012,6.968188285827637,0.29575386123281344,90,,,,,,,,,
chesca_mesh,21,22,6,0,6.9419170615386445,6.9419170615386445,0.0,7.523429870605469,-0.021319858510128326,90,,,,,,,,,
chesca_mesh,22,23,6,0,6.484753156989234,6.4847531569892345,8.881784197001252e-16,7.224452972412109,0.060314026193149455,90,,,,,,,,,
chesca_mesh,23,24,6,0,6.6108341207344195,6.6108341207344195,0.0,7.392750263214111,0.0034337170042111065,90,,,,,,,,,
chesca_mesh,24,1,6,0,6.496680664252305,6.496680664252306,8.881784197001252e-16,7.236332416534424,0.022620215505930463,90,,,,,,,,,
chesca_mesh,25,2,6,6,4.655562610555212,5.43956745938101,0.7840048488257976,7.0799150466918945,-0.1041640338849726,90,,,,,,,,,
chesca_mesh,26,3,6,6,4.156259259920158,4.933695660550658,0.7774364006305001,6.961450099945068,-0.17307979377397695,90,,,,,,,,,
chesca_mesh,27,4,6,6,4.405697588369659,5.113622477395722,0.7079248890260637,6.937865734100342,-0.18744558946196874,90,,,,,,,,,
chesca_mesh,28,5,6,6,4.508248402622243,4.996964854008022,0.4887164513857787,6.914281368255615,-0.21551492071737754,90,,,,,,,,,
chesca_mesh,29,6,6,0,5.163984661906879,5.163984661906879,0.0,6.8888773918151855,-0.04507831215576871,90,,,,,,,,,
chesca_mesh,30,7,6,0,2.932988738591962,2.9329887385919617,-4.440892098500626e-16,6.86104679107666,0.03766388625710412,90,,,,,,,,,
chesca_mesh,31,8,6,6,2.195852260073288,1.3198522600732885,-0.8759999999999997,6.833215713500977,0.11359760828372398,90,,,,,,,,,
chesca_mesh,32,9,6,6,2.5359584397700834,1.6599584397700835,-0.8759999999999999,6.819491863250732,0.1550803156812523,90,,,,,,,,,
chesca_mesh,33,10,6,5,4.729508980471923,3.985508980471923,-0.7440000000000002,6.816348552703857,0.23594620673075298,90,,,,,,,,,
chesca_mesh,34,11,6,6,2.417743679347857,1.5417436793478574,-0.8759999999999994,6.813205242156982,0.1336487937812134,90,,,,,,,,,
chesca_mesh,35,12,6,6,3.7121042377472464,2.8361042377472456,-0.8760000000000008,6.674088954925537,0.11139511404106076,90,,,,,,,,,
chesca_mesh,36,13,6,6,3.7057747393041125,4.503823296392728,0.7980485570886153,6.480583190917969,-0.13704249927775985,90,,,,,,,,,
chesca_mesh,37,14,6,6,1.817312612414539,2.3988279746317236,0.5815153622171847,6.812756538391113,-0.621700038883361,90,,,,,,,,,
chesca_mesh,38,15,6,6,3.335185251880653,2.459185251880653,-0.8759999999999999,6.646444797515869,0.2554563080480714,90,,,,,,,,,
chesca_mesh,39,16,6,6,4.0369909555511105,3.16099095555111,-0.8760000000000003,6.452938556671143,0.5601815765726643,90,,,,,,,,,
chesca_mesh,40,17,6,6,7.958363117021798,7.082363117021799,-0.8759999999999986,6.259433746337891,0.8756432172536424,90,,,,,,,,,
chesca_mesh,41,18,6,6,7.164086164038156,6.288086164038156,-0.8759999999999994,6.219779014587402,0.3499745826876516,90,,,,,,,,,
chesca_mesh,42,19,6,6,8.279434269110178,7.4034342691101775,-0.8760000000000003,6.180124282836914,0.46100436421703894,90,,,,,,,,,
chesca_mesh,43,20,6,6,8.70382716758359,7.827827167583589,-0.8760000000000012,6.253768444061279,0.5012686586426766,90,,,,,,,,,
chesca_mesh,44,21,6,6,11.975208159715788,11.099208159715788,-0.8759999999999994,6.591156959533691,1.4873664423977104,90,,,,,,,,,
chesca_mesh,45,22,6,6,11.471012320883448,10.595012320883447,-0.8760000000000012,6.397651195526123,1.6029084795033024,90,,,,,,,,,
chesca_mesh,46,23,6,6,7.195860426842884,6.319860426842883,-0.8760000000000012,6.248103618621826,0.3575261338253035,90,,,,,,,,,
chesca_mesh,47,24,6,6,7.248408401837617,6.3724084018376175,-0.8759999999999994,6.208448886871338,0.3786913610678808,90,,,,,,,,,
chesca_mesh,48,1,6,6,6.198321096131503,7.074321096131503,0.8760000000000003,6.220086574554443,-0.2526923256486755,90,,,,,,,,,
chesca_mesh,49,2,6,6,5.2728342050534,6.148834205053401,0.8760000000000012,6.252056121826172,-0.2661003755451791,90,,,,,,,,,
chesca_mesh,50,3,6,6,4.47537121028632,5.35137121028632,0.8760000000000003,6.234841823577881,-0.2732657406023884,90,,,,,,,,,
chesca_mesh,51,4,6,6,4.917771672667263,5.705307158425135,0.7875354857578714,6.21762752532959,-0.24640283225270704,90,,,,,,,,,
chesca_mesh,52,5,6,6,4.11838098025322,4.626918512776388,0.5085375325231682,6.197426795959473,-0.282988425190442,90,,,,,,,,,
chesca_mesh,53,6,6,0,4.537189474969287,4.537189474969286,-8.881784197001252e-16,6.174986362457275,-0.03259903283905126,90,,,,,,,,,
chesca_mesh,54,7,6,0,3.359036826279559,3.3590368262795587,-4.440892098500626e-16,6.152545928955078,0.055292069685254776,90,,,,,,,,,
chesca_mesh,55,8,6,6,3.13297587934931,2.256975879349309,-0.8760000000000008,6.142551422119141,0.10428553119652167,90,,,,,,,,,
chesca_mesh,56,9,6,0,2.4988248082297218,2.4988248082297218,0.0,6.1375346183776855,-0.01290789764372284,90,,,,,,,,,
chesca_mesh,57,10,6,6,2.3874751292057916,2.8576358187988844,0.47016068959309276,6.132518291473389,-0.25605865851526177,90,,,,,,,,,
chesca_mesh,58,11,6,6,0.46267559008067505,0.79241293240105,0.329737342320375,6.141834735870361,-0.6130213493279687,90,,,,,,,,,
chesca_mesh,59,12,6,6,0.4892670511409678,0.7195800814016655,0.23031303026069772,6.136817932128906,-0.5703859721231259,90,,,,,,,,,
chesca_mesh,60,13,6,6,1.9473799971573231,2.1671836553621864,0.21980365820486325,6.146134376525879,-1.149597339709329,90,,,,,,,,,
chesca_mesh,61,14,6,6,0.8111294798611784,1.0303383793404122,0.21920889947923372,6.187809467315674,-1.585736036485815,90,,,,,,,,,
chesca_mesh,62,15,6,6,1.3103824208463464,1.6495453911354934,0.339162970289147,6.225005149841309,-0.5431911761945791,90,,,,,,,,,
chesca_mesh,63,16,6,0,4.238394554503917,4.238394554503918,8.881784197001252e-16,6.256974220275879,-0.039866830992684295,90,,,,,,,,,
chesca_mesh,64,17,6,6,4.512647327268727,3.6366473272687267,-0.8760000000000003,6.239759922027588,0.216775553021137,90,,,,,,,,,
chesca_mesh,65,18,6,6,5.591644120146286,4.715644120146285,-0.8760000000000012,6.222545623779297,0.2436570959315461,90,,,,,,,,,
chesca_mesh,66,19,6,0,6.201505235117072,6.201505235117071,-8.881784197001252e-16,6.203838348388672,-0.04810650524308287,90,,,,,,,,,
chesca_mesh,67,20,6,0,5.703721748913772,5.703721748913771,-8.881784197001252e-16,6.181397914886475,0.0023539436516398053,90,,,,,,,,,
chesca_mesh,68,21,6,0,6.242199837949688,6.242199837949688,0.0,6.158957481384277,0.05799393317050951,90,,,,,,,,,
chesca_mesh,69,22,6,6,5.6317224697232104,6.507722469723211,0.8760000000000003,6.200632572174072,-0.179082905701628,90,,,,,,,,,
chesca_mesh,70,23,6,6,5.96000136587499,6.75446593375302,0.7944645678780304,6.234841823577881,-0.1280650235400413,90,,,,,,,,,
chesca_mesh,71,24,6,6,5.11677514200847,5.784608814303293,0.6678336722948224,6.262503623962402,-0.15755119244095972,90,,,,,,,,,
chesca_mesh,72,1,6,6,3.941272824354336,4.517292996277189,0.576020171922853,6.249597072601318,-0.16933983385192014,90,,,,,,,,,
chesca_mesh,73,2,6,6,3.0283147118084996,3.478917935162764,0.4506032233542645,6.232382297515869,-0.20419718647127683,90,,,,,,,,,
chesca_mesh,74,3,6,4,3.38246938471091,3.7546430618085784,0.37217367709766824,6.215167999267578,-0.10183577339254338,90,,,,,,,,,
chesca_mesh,75,4,6,3,4.279616032250758,3.7996160322507575,-0.48000000000000087,6.194221019744873,0.07783427633760265,90,,,,,,,,,
chesca_mesh,76,5,6,6,4.134986296126561,4.577758148420394,0.4427718522938333,6.229923248291016,-0.12492514203202837,90,,,,,,,,,
chesca_mesh,77,6,6,6,4.732025196621551,3.8560251966215513,-0.8759999999999999,6.212708950042725,0.11097864159124005,90,,,,,,,,,
chesca_mesh,78,7,6,6,4.151234575418878,3.275234575418879,-0.8759999999999994,6.191015243530273,0.24059320052137603,90,,,,,,,,,
chesca_mesh,79,8,6,6,2.9182338526890845,2.0422338526890846,-0.8759999999999999,6.168574810028076,0.10938166688767267,90,,,,,,,,,
chesca_mesh,80,9,6,6,3.0582760195169865,2.182276019516987,-0.8759999999999994,6.146134376525879,0.1328374280013978,90,,,,,,,,,
chesca_mesh,81,10,6,6,4.416928556692092,3.540928556692091,-0.8760000000000008,6.141118049621582,0.26595420022876637,90,,,,,,,,,
chesca_mesh,82,11,6,6,3.060389944845702,2.1843899448457016,-0.8760000000000003,6.136101245880127,0.23050040910051944,90,,,,,,,,,
chesca_mesh,83,12,6,5,5.2532071607057755,4.509207160705775,-0.7440000000000007,6.13016414642334,0.42877491618766345,90,,,,,,,,,
chesca_mesh,84,13,6,6,6.382113191803284,5.506113191803284,-0.8759999999999994,6.118703842163086,0.6333373444921241,90,,,,,,,,,
chesca_mesh,85,14,6,6,1.9414755977737632,1.065475597773763,-0.8760000000000001,6.107243537902832,0.10295231127393936,90,,,,,,,,,
chesca_mesh,86,15,6,6,4.144164786360063,3.268164786360063,-0.8760000000000003,6.098650932312012,0.2682388386065183,90,,,,,,,,,
chesca_mesh,87,16,6,6,4.560237363940017,3.6842373639400168,-0.8759999999999999,6.097228527069092,0.4675639383521197,90,,,,,,,,,
chesca_mesh,88,17,6,6,7.32396957586951,6.447969575869511,-0.8759999999999994,6.095805644989014,0.7119471200235599,90,,,,,,,,,
chesca_mesh,89,18,6,6,6.078341758490458,5.202341758490457,-0.8760000000000012,6.098447799682617,0.14824114367392546,90,,,,,,,,,
chesca_mesh,90,19,6,6,7.331776650632368,6.455776650632368,-0.8760000000000003,6.097024917602539,0.24583949562914098,90,,,,,,,,,
chesca_mesh,91,20,6,6,7.180563330965316,6.3045633309653155,-0.8760000000000003,6.103969097137451,0.2986942976694842,90,,,,,,,,,
chesca_mesh,92,21,6,6,7.53017485666275,6.65417485666275,-0.8760000000000003,6.125252723693848,0.08166153560696979,90,,,,,,,,,
chesca_mesh,93,22,6,6,5.8039542940356865,6.679954294035688,0.8760000000000012,6.138251304626465,-0.20328466597035816,90,,,,,,,,,
chesca_mesh,94,23,6,6,6.5875281598143705,7.463528159814371,0.8760000000000003,6.148901462554932,-0.2855409325835707,90,,,,,,,,,
chesca_mesh,95,24,6,6,6.5121910663574925,5.636191066357492,-0.8760000000000003,6.166888236999512,0.4173617390995525,90,,,,,,,,,
chesca_mesh,96,1,6,6,7.623548494603408,6.747548494603407,-0.8760000000000012,6.157203197479248,0.131051328967482,90,,,,,,,,,
chesca_mesh,97,2,6,0,6.230547667427459,6.23054766742746,8.881784197001252e-16,6.175628185272217,-0.007393627048543544,90,,,,,,,,,
chesca_mesh,98,3,6,0,5.28324925348185,5.28324925348185,0.0,6.165504455566406,-0.024206796224661736,90,,,,,,,,,
chesca_mesh,99,4,6,0,4.435538841235681,4.435538841235681,0.0,6.155819416046143,-0.008110673948425198,90,,,,,,,,,
chesca_mesh,100,5,6,6,4.836313070357025,3.9603130703570253,-0.8759999999999994,6.146134376525879,0.11655039667870278,90,,,,,,,,,
chesca_mesh,101,6,6,6,4.509990290646572,3.633990290646571,-0.8760000000000008,6.141118049621582,0.15767272412160138,90,,,,,,,,,
chesca_mesh,102,7,6,6,5.023705533594132,4.147705533594133,-0.8759999999999994,6.136101245880127,0.2960784737370716,90,,,,,,,,,
chesca_mesh,103,8,6,0,4.065749373022781,4.065749373022781,0.0,6.13016414642334,-0.050798758511410164,90,,,,,,,,,
chesca_mesh,104,9,6,6,3.3904346620180066,2.5144346620180067,-0.8759999999999999,6.118703842163086,0.10159517139075282,90,,,,,,,,,
chesca_mesh,105,10,6,6,4.124071063559533,4.83202172410315,0.7079506605436174,6.107243537902832,-0.15208916151000146,90,,,,,,,,,
chesca_mesh,106,11,6,6,3.0996672601057185,2.223667260105718,-0.8760000000000003,6.098650932312012,0.08276535757137389,90,,,,,,,,,
chesca_mesh,107,12,6,6,3.2154418305288797,2.3394418305288793,-0.8760000000000003,6.097228527069092,0.1335108671913125,90,,,,,,,,,
chesca_mesh,108,13,6,6,4.162591425615859,3.2865914256158586,-0.8760000000000003,6.095805644989014,0.08988786274725954,90,,,,,,,,,
chesca_mesh,109,14,6,6,2.8890339581873867,2.013033958187387,-0.8759999999999999,6.085648536682129,0.12988583168991724,90,,,,,,,,,
chesca_mesh,110,15,6,6,5.090547179309564,4.214547179309562,-0.8760000000000012,6.063845634460449,0.11000560936388515,90,,,,,,,,,
chesca_mesh,111,16,6,6,6.271146763922057,5.395146763922057,-0.8760000000000003,6.042042255401611,0.2147667271170388,90,,,,,,,,,
chesca_mesh,112,17,6,6,7.212657682790903,6.336657682790903,-0.8760000000000003,6.082533359527588,0.45830183736056773,90,,,,,,,,,
chesca_mesh,113,18,6,6,6.653632966929575,5.777632966929574,-0.8760000000000003,6.060730934143066,0.48588919802737285,90,,,,,,,,,
chesca_mesh,114,19,6,6,8.709873897718502,7.8338738977185,-0.8760000000000021,6.038928031921387,0.6367976247026605,90,,,,,,,,,
chesca_mesh,115,20,6,6,8.442838556448919,7.566838556448918,-0.8760000000000012,6.079419136047363,0.205255799047527,90,,,,,,,,,
chesca_mesh,116,21,6,6,7.701703651484059,6.825703651484059,-0.8759999999999994,6.09661865234375,0.3354801565298853,90,,,,,,,,,
chesca_mesh,117,22,6,2,6.902003422507912,6.638003422507912,-0.26400000000000023,6.10069465637207,0.0903964241898832,90,,,,,,,,,
chesca_mesh,118,23,6,6,7.050412045442797,6.174412045442796,-0.8760000000000003,6.097837924957275,0.5194366726548845,90,,,,,,,,,
chesca_mesh,119,24,6,0,7.224998520442416,7.224998520442416,0.0,6.1060872077941895,0.02173642133292647,90,,,,,,,,,
chesca_mesh,120,1,6,6,6.427267484670392,7.3032674846703936,0.8760000000000012,6.119142055511475,-0.42502394297300644,90,,,,,,,,,
chesca_mesh,121,2,6,6,4.984184188828719,5.86018418882872,0.8760000000000012,6.127370834350586,-0.5656329344844444,90,,,,,,,,,
chesca_mesh,122,3,6,6,5.151959477989947,6.027959477989947,0.8760000000000003,6.1229400634765625,-0.35916931533873336,90,,,,,,,,,
chesca_mesh,123,4,6,6,3.733231086659953,4.450803149982771,0.7175720633228178,6.118137836456299,-0.4831100955689802,90,,,,,,,,,
chesca_mesh,124,5,6,6,3.513093995351265,4.085956165128674,0.5728621697774088,6.111108303070068,-0.33998154460958974,90,,,,,,,,,
chesca_mesh,125,6,6,6,4.249053043462528,4.610286216016568,0.36123317255403986,6.104078769683838,-0.2855524165608563,90,,,,,,,,,
chesca_mesh,126,7,6,6,4.192958931027361,4.53346325961554,0.34050432858817903,6.117133617401123,-1.2840292454779398,90,,,,,,,,,
chesca_mesh,127,8,6,6,3.242589415252117,3.680810149309675,0.4382207340575581,6.110104084014893,-0.2542600991366723,90,,,,,,,,,
chesca_mesh,128,9,6,6,2.303034933277922,2.6509375060963034,0.34790257281838155,6.103074550628662,-0.4499743730773694,90,,,,,,,,,
chesca_mesh,129,10,6,6,2.4647884428660007,2.6950943394552915,0.2303058965892908,6.116129398345947,-0.6399929715900539,90,,,,,,,,,
chesca_mesh,130,11,6,3,2.2523400321106823,2.3730548001736205,0.12071476806293813,6.109099864959717,-0.10061100163343711,90,,,,,,,,,
chesca_mesh,131,12,6,0,2.3206503297771843,2.3206503297771843,0.0,6.102070331573486,0.025763360969899562,90,,,,,,,,,
chesca_mesh,132,13,6,6,3.362699539487374,2.4866995394873745,-0.8759999999999994,6.098244667053223,0.31114509642394506,90,,,,,,,,,
chesca_mesh,133,14,6,6,3.3915405672074304,2.51554056720743,-0.8760000000000003,6.0968217849731445,0.12330465752333936,90,,,,,,,,,
chesca_mesh,134,15,6,6,3.5227161522805335,4.093141808172043,0.5704256558915097,6.1010661125183105,-0.590444959399985,90,,,,,,,,,
chesca_mesh,135,16,6,6,4.442414185774979,3.5664141857749794,-0.8759999999999994,6.098041534423828,0.22320541354651036,90,,,,,,,,,
chesca_mesh,136,17,6,6,4.423110902867632,3.547110902867631,-0.8760000000000008,6.09661865234375,0.1623567906880919,90,,,,,,,,,
chesca_mesh,137,18,6,6,6.080162001223349,5.204162001223348,-0.8760000000000012,6.095195770263672,0.16759830448052054,90,,,,,,,,,
chesca_mesh,138,19,6,6,8.194907787986354,7.318907787986354,-0.8760000000000003,6.0763044357299805,0.49273148231672215,90,,,,,,,,,
chesca_mesh,139,20,6,6,7.69051879771022,6.814518797710219,-0.8760000000000003,6.0964155197143555,0.10723201973327083,90,,,,,,,,,
chesca_mesh,140,21,6,0,7.966215174714398,7.9662151747143986,8.881784197001252e-16,6.099057674407959,0.06201691399538256,90,,,,,,,,,
chesca_mesh,141,22,6,0,6.652969713885607,6.652969713885606,-8.881784197001252e-16,6.112112522125244,-0.018717493564445062,90,,,,,,,,,
chesca_mesh,142,23,6,6,7.702564804862886,6.826564804862887,-0.8759999999999994,6.1229400634765625,0.11653778963987804,90,,,,,,,,,
chesca_mesh,143,24,6,6,9.005373971598848,8.129373971598849,-0.8759999999999994,6.131168365478516,0.5500625135226411,90,,,,,,,,,
chesca_mesh,144,1,6,6,7.9507119225721095,7.07471192257211,-0.8759999999999994,6.137465476989746,0.3325722491275468,90,,,,,,,,,
chesca_mesh,145,2,6,0,6.857617290991993,6.857617290991993,0.0,6.142464637756348,-0.05511632290893026,90,,,,,,,,,
chesca_mesh,146,3,6,6,6.020707100197297,6.896707100197297,0.8759999999999994,6.1456451416015625,-0.2700970946595876,90,,,,,,,,,
chesca_mesh,147,4,6,6,5.854044318406248,6.7300443184062475,0.8759999999999994,6.161353588104248,-0.3085263342674851,90,,,,,,,,,
chesca_mesh,148,5,6,6,4.920175976495813,5.796175976495814,0.8760000000000012,6.151668548583984,-0.14700277547471008,90,,,,,,,,,
chesca_mesh,149,6,6,6,5.542634718725076,6.329587745416255,0.7869530266911786,6.145400524139404,-0.11078844525970682,90,,,,,,,,,
chesca_mesh,150,7,6,5,4.327651441540234,4.87933344508166,0.5516820035414263,6.143687725067139,-0.10001035974727085,90,,,,,,,,,
chesca_mesh,151,8,6,0,4.8999638715094616,4.899963871509462,8.881784197001252e-16,6.141974925994873,-0.03532734292340839,90,,,,,,,,,
chesca_mesh,152,9,6,0,5.142434253077045,5.142434253077045,0.0,6.139353275299072,-0.044840614054097505,90,,,,,,,,,
chesca_mesh,153,10,6,0,5.253981099631398,5.253981099631398,0.0,6.136049270629883,-0.013951879624889847,90,,,,,,,,,
chesca_mesh,154,11,6,6,4.147139858053299,4.721335856748026,0.5741959986947274,6.132745742797852,-0.14176459546205605,90,,,,,,,,,
chesca_mesh,155,12,6,6,4.956873892620065,5.635580870879526,0.678706978259461,6.138881206512451,-0.9390631138648939,90,,,,,,,,,
chesca_mesh,156,13,6,5,6.315256877949003,5.571256877949003,-0.7439999999999998,6.135577201843262,0.14368725070315724,90,,,,,,,,,
chesca_mesh,157,14,6,6,4.95239550145389,4.07639550145389,-0.8760000000000003,6.1322736740112305,0.18929279288388426,90,,,,,,,,,
chesca_mesh,158,15,6,0,5.23162741921629,5.23162741921629,0.0,6.1280035972595215,0.02534848891476739,90,,,,,,,,,
chesca_mesh,159,16,6,6,5.725597526207982,4.849597526207983,-0.8759999999999986,6.123572826385498,0.5061007867596616,90,,,,,,,,,
chesca_mesh,160,17,6,6,7.875610300869047,6.999610300869048,-0.8759999999999994,6.119142055511475,0.8922108823491738,90,,,,,,,,,
chesca_mesh,161,18,6,6,7.674396964799048,6.798396964799048,-0.8760000000000003,6.127370834350586,0.34096030562764124,90,,,,,,,,,
chesca_mesh,162,19,6,6,8.472647035949509,9.34864703594951,0.8760000000000012,6.134633541107178,-0.414321897099327,90,,,,,,,,,
chesca_mesh,163,20,6,6,7.860968888210867,6.984968888210868,-0.8759999999999994,6.140769004821777,0.3542984764049874,90,,,,,,,,,
chesca_mesh,164,21,6,6,8.198211730560134,7.3222117305601335,-0.8760000000000003,6.144176959991455,0.384182339151449,90,,,,,,,,,
chesca_mesh,165,22,6,6,9.303413647781458,8.427413647781457,-0.8760000000000012,6.15305233001709,0.6182234217214256,90,,,,,,,,,
chesca_mesh,166,23,6,6,8.663785625645708,7.787785625645711,-0.8759999999999977,6.1456451416015625,0.5574754639485205,90,,,,,,,,,
chesca_mesh,167,24,6,6,8.149693743408319,7.273693743408319,-0.8760000000000003,6.161353588104248,0.28843073111151607,90,,,,,,,,,
chesca_mesh,168,1,6,6,8.43202253651102,7.556022536511019,-0.8760000000000012,6.193850040435791,0.28915510705703096,90,,,,,,,,,
chesca_mesh,169,2,6,6,7.519866729977318,6.643866729977318,-0.8760000000000003,6.237300872802734,0.5258609776701662,90,,,,,,,,,
chesca_mesh,170,3,6,6,6.162907901035309,7.0389079010353095,0.8760000000000003,6.237300872802734,-0.3174780418046962,90,,,,,,,,,
chesca_mesh,171,4,6,6,5.61995417617637,6.4959541761763715,0.8760000000000012,6.237300872802734,-0.13181033703973988,90,,,,,,,,,
chesca_mesh,172,5,6,6,5.526661410643816,6.262201481654404,0.7355400710105879,6.270690441131592,-0.13174869121626964,90,,,,,,,,,
chesca_mesh,173,6,6,6,5.667894452835255,6.337937034537655,0.6700425817023996,6.237300872802734,-0.149557533381608,90,,,,,,,,,
chesca_mesh,174,7,6,6,4.036169313713635,4.585607219804768,0.549437906091133,6.2061896324157715,-0.16016782147888664,90,,,,,,,,,
chesca_mesh,175,8,6,6,4.045314192790936,4.476569677355126,0.43125548456418983,6.2061896324157715,-0.20930141834216331,90,,,,,,,,,
chesca_mesh,176,9,6,6,3.960616545391765,4.408231314384413,0.4476147689926484,6.188887596130371,-0.17397949681888175,90,,,,,,,,,
chesca_mesh,177,10,6,0,3.6898935231385117,3.6898935231385117,0.0,6.188887596130371,-0.06614901560334348,90,,,,,,,,,
chesca_mesh,178,11,6,6,1.5186918825265971,1.8918221981815746,0.37313031565497745,6.161353588104248,-0.1763668425861462,90,,,,,,,,,
chesca_mesh,179,12,6,0,1.7404164734379355,1.7404164734379355,0.0,6.161353588104248,-0.00539619567337947,90,,,,,,,,,
chesca_mesh,180,13,6,0,2.387754407798951,2.387754407798951,0.0,6.161353588104248,0.04749110280745435,90,,,,,,,,,
chesca_mesh,181,14,6,6,3.8759634936739706,2.9999634936739707,-0.8759999999999999,6.161353588104248,0.0850828864321705,90,,,,,,,,,
chesca_mesh,182,15,6,6,4.511448716768826,3.635448716768826,-0.8760000000000003,6.161353588104248,0.11758425114005547,90,,,,,,,,,
chesca_mesh,183,16,6,6,5.210474797453448,4.334474797453447,-0.8760000000000003,6.161353588104248,0.5419280556923013,90,,,,,,,,,
chesca_mesh,184,17,6,6,5.831256958738908,4.955256958738908,-0.8759999999999994,6.143932342529297,0.5339221348625248,90,,,,,,,,,
chesca_mesh,185,18,6,6,6.491271094541177,5.6152710945411775,-0.8759999999999994,6.136993408203125,0.42844197703289244,90,,,,,,,,,
chesca_mesh,186,19,6,6,7.4194685223596215,6.543468522359621,-0.8760000000000003,6.136993408203125,0.2842112248905394,90,,,,,,,,,
chesca_mesh,187,20,6,6,9.331859473822892,8.45585947382289,-0.8760000000000012,6.136993408203125,0.27581633183798276,90,,,,,,,,,
chesca_mesh,188,21,6,6,8.96895483097529,8.092954830975291,-0.8759999999999994,6.136993408203125,0.5097109925996286,90,,,,,,,,,
chesca_mesh,189,22,6,0,7.2843970131835665,7.2843970131835665,0.0,6.136993408203125,0.3072929748903005,90,,,,,,,,,
chesca_mesh,190,23,6,6,7.039294302968307,6.163294302968309,-0.8759999999999986,6.136993408203125,0.614632472443726,90,,,,,,,,,
chesca_mesh,191,24,6,6,8.557455633035111,7.681455633035111,-0.8760000000000003,6.126104831695557,0.5303730410736262,90,,,,,,,,,
chesca_mesh,192,1,6,6,8.529875369292032,7.653875369292033,-0.8759999999999994,6.126104831695557,0.3155136690689813,90,,,,,,,,,
chesca_mesh,193,2,6,6,7.366660295881887,6.490660295881888,-0.8759999999999994,6.126104831695557,0.5201366230258111,90,,,,,,,,,
chesca_mesh,194,3,6,6,5.041515794694731,5.917515794694731,0.8760000000000003,6.136993408203125,-0.6821060694749703,90,,,,,,,,,
chesca_mesh,195,4,6,6,5.265259315123701,6.1412593151237,0.8759999999999994,6.136993408203125,-0.11974821214404648,90,,,,,,,,,
chesca_mesh,196,5,6,6,4.844028661878804,5.56787442623403,0.7238457643552261,6.136993408203125,-0.15841203224827977,90,,,,,,,,,
chesca_mesh,197,6,6,2,4.9823557531659395,5.30235575316594,0.3200000000000003,6.136993408203125,-0.07805843835139606,90,,,,,,,,,
chesca_mesh,198,7,6,6,4.374702660078242,4.731400617766379,0.3566979576881373,6.136993408203125,-0.120626853400102,90,,,,,,,,,
chesca_mesh,199,8,6,6,3.249762953758135,3.5702958106535747,0.32053285689543953,6.136993408203125,-0.11142906625985524,90,,,,,,,,,
chesca_mesh,200,9,6,6,5.3130159733310816,4.437015973331081,-0.8760000000000003,6.136993408203125,0.13613257706687718,90,,,,,,,,,
chesca_mesh,201,10,6,6,3.6489939026716818,4.280646101591529,0.6316521989198471,6.136993408203125,-0.0870534939411555,90,,,,,,,,,
chesca_mesh,202,11,6,0,3.5891768184279034,3.5891768184279034,0.0,6.136993408203125,0.016806119254110338,90,,,,,,,,,
chesca_mesh,203,12,6,6,3.1171836791340737,2.2411836791340747,-0.875999999999999,6.136993408203125,0.1323800617184248,90,,,,,,,,,
chesca_mesh,204,13,6,6,5.267845359492281,4.39184535949228,-0.8760000000000003,6.136993408203125,0.2911823988322152,90,,,,,,,,,
chesca_mesh,205,14,6,6,5.45133523574262,6.249434286068913,0.798099050326293,6.136993408203125,-0.233311370905105,90,,,,,,,,,
chesca_mesh,206,15,6,6,6.303295854026801,5.4272958540268,-0.8760000000000003,6.136993408203125,0.17457400882772747,90,,,,,,,,,
chesca_mesh,207,16,6,6,7.475187242069699,6.5991872420697,-0.8759999999999994,6.136993408203125,0.7652255363743561,90,,,,,,,,,
chesca_mesh,208,17,6,6,9.865603701239426,8.989603701239426,-0.8759999999999994,6.136993408203125,1.5530370151584132,90,,,,,,,,,
chesca_mesh,209,18,6,6,9.60312214176771,8.727122141767708,-0.8760000000000012,6.159151554107666,0.787467325580487,90,,,,,,,,,
chesca_mesh,210,19,6,6,12.465934641064095,11.589934641064096,-0.8759999999999994,6.188887596130371,1.8106256895931898,90,,,,,,,,,
chesca_mesh,211,20,6,6,11.702483194848,10.826483194848,-0.8759999999999994,6.188887596130371,1.279155464668483,90,,,,,,,,,
chesca_mesh,212,21,6,6,10.11064270963206,9.234642709632059,-0.8760000000000012,6.188887596130371,0.8332998995876327,90,,,,,,,,,
chesca_mesh,213,22,6,0,7.539140086622794,7.539140086622794,0.0,6.2061896324157715,0.2687446033527867,90,,,,,,,,,
chesca_mesh,214,23,6,6,9.469849698609417,8.59384969860942,-0.8759999999999977,6.22609806060791,0.7439260438973844,90,,,,,,,,,
chesca_mesh,215,24,6,6,8.587991006167107,7.711991006167106,-0.8760000000000003,6.261524677276611,0.36249581634409495,90,,,,,,,,,
chesca_mesh,216,1,6,6,8.230817606760672,7.354817606760671,-0.8760000000000012,6.293524265289307,0.2123265465079346,90,,,,,,,,,
chesca_mesh,217,2,6,6,7.802660982058114,6.926660982058114,-0.8760000000000003,6.293524265289307,0.40550223358760895,90,,,,,,,,,
chesca_mesh,218,3,6,6,7.575588146068343,6.699588146068343,-0.8760000000000003,6.341617584228516,0.3619235533315513,90,,,,,,,,,
chesca_mesh,219,4,6,6,7.0117893939669305,6.135789393966931,-0.8759999999999994,6.389096736907959,0.4647646117337937,90,,,,,,,,,
chesca_mesh,220,5,6,6,5.298039074849641,6.17403907484964,0.8759999999999986,6.427236557006836,-0.12181144653383108,90,,,,,,,,,
chesca_mesh,221,6,6,3,5.528145939679717,6.008145939679718,0.4800000000000013,6.427236557006836,-0.07619812424316334,90,,,,,,,,,
chesca_mesh,222,7,6,0,4.223834136558285,4.223834136558285,0.0,6.427236557006836,-0.030068634176001342,90,,,,,,,,,
chesca_mesh,223,8,6,0,4.692377645089729,4.692377645089729,0.0,6.427236557006836,-0.02463189916898916,90,,,,,,,,,
chesca_mesh,224,9,6,6,3.5028548663860075,4.17129992721194,0.6684450608259329,6.456424713134766,-0.46512028012757006,90,,,,,,,,,
chesca_mesh,225,10,6,0,2.933151309456393,2.9331513094563935,4.440892098500626e-16,6.456424713134766,0.05920298619728401,90,,,,,,,,,
chesca_mesh,226,11,6,6,2.80318008061663,1.9271800806166304,-0.8759999999999997,6.427236557006836,0.12452754079218754,90,,,,,,,,,
chesca_mesh,227,12,6,6,3.7002314320956304,2.8242314320956305,-0.8759999999999999,6.427236557006836,0.2651023869680161,90,,,,,,,,,
chesca_mesh,228,13,6,5,5.172742171851347,4.428742171851347,-0.7439999999999998,6.389096736907959,0.4290004050936481,90,,,,,,,,,
chesca_mesh,229,14,6,6,5.7793461839081095,6.484730425203652,0.7053842412955422,6.389096736907959,-0.14788166751068485,90,,,,,,,,,
chesca_mesh,230,15,6,4,5.241009241696712,5.825009241696712,0.5840000000000005,6.341617584228516,-0.08947917781764132,90,,,,,,,,,
chesca_mesh,231,16,6,6,5.690399851113924,4.814399851113925,-0.8759999999999994,6.293524265289307,0.3411025978203596,90,,,,,,,,,
chesca_mesh,232,17,6,6,8.58867026185628,7.712670261856278,-0.8760000000000012,6.341617584228516,0.48776162860162897,90,,,,,,,,,
chesca_mesh,233,18,6,6,8.630115381632347,7.754115381632347,-0.8760000000000003,6.389096736907959,0.800645251045667,90,,,,,,,,,
chesca_mesh,234,19,6,6,10.535526622981523,9.659526622981522,-0.8760000000000012,6.427236557006836,1.0682115703978043,90,,,,,,,,,
chesca_mesh,235,20,6,6,10.10661264448157,9.230612644481573,-0.8759999999999977,6.456424713134766,0.6250996075620052,90,,,,,,,,,
chesca_mesh,236,21,6,6,10.171896797291048,9.295896797291048,-0.8759999999999994,6.491438388824463,0.8085969965611192,90,,,,,,,,,
chesca_mesh,237,22,6,6,9.603490599205177,8.727490599205176,-0.8760000000000012,6.491438388824463,0.5740750136787433,90,,,,,,,,,
chesca_mesh,238,23,6,6,10.398689747361857,9.52268974736186,-0.8759999999999977,6.491438388824463,0.734928174149998,90,,,,,,,,,
chesca_mesh,239,24,6,6,11.616509461223512,10.740509461223512,-0.8759999999999994,6.514715194702148,1.1079767866710426,90,,,,,,,,,
chesca_mesh,240,1,6,6,9.218451826230925,8.342451826230926,-0.8759999999999994,6.5286030769348145,0.38590362792071126,90,,,,,,,,,
chesca_mesh,241,2,6,6,9.189011260482372,8.313011260482371,-0.8760000000000012,6.544561386108398,0.3844786352135907,90,,,,,,,,,
chesca_mesh,242,3,6,6,8.25834456824198,7.382344568241981,-0.8759999999999994,6.5772480964660645,0.34468706799048354,90,,,,,,,,,
chesca_mesh,243,4,6,6,6.679785123289865,7.5557851232898665,0.8760000000000012,6.605974197387695,-0.3168152645852577,90,,,,,,,,,
chesca_mesh,244,5,6,6,5.451480372192174,6.3274803721921735,0.8759999999999994,6.605974197387695,-0.28051389715326636,90,,,,,,,,,
chesca_mesh,245,6,6,6,5.476498471252372,6.067591168157752,0.5910926969053802,6.605974197387695,-0.18747504886995148,90,,,,,,,,,
chesca_mesh,246,7,6,6,4.421735345721617,4.971771455473755,0.5500361097521385,6.605974197387695,-0.16009577303162273,90,,,,,,,,,
chesca_mesh,247,8,6,6,4.111696982543975,4.678416860763827,0.5667198782198515,6.605974197387695,-0.17711703247735394,90,,,,,,,,,
chesca_mesh,248,9,6,6,4.3825984460179495,4.743703474570538,0.36110502855258897,6.605974197387695,-0.10878958851803787,90,,,,,,,,,
chesca_mesh,249,10,6,6,2.2805502228863226,2.7195165681273705,0.43896634524104794,6.681683540344238,-0.5993535192741359,90,,,,,,,,,
chesca_mesh,250,11,6,6,0.1392182215336627,0.48718554514251833,0.3479673236088556,6.681683540344238,-0.2103820001199797,90,,,,,,,,,
chesca_mesh,251,12,6,0,-0.23856936686432428,-0.23856936686432428,0.0,6.681683540344238,0.00816493147210038,90,,,,,,,,,
chesca_mesh,252,13,6,6,2.7923395307462937,1.959624758283449,-0.8327147724628448,6.681683540344238,0.14777709094176367,90,,,,,,,,,
chesca_mesh,253,14,6,6,3.5887420685515554,2.7127420685515555,-0.8759999999999999,6.681683540344238,0.3301503348056156,90,,,,,,,,,
chesca_mesh,254,15,6,6,4.832997008146368,5.472511144833607,0.6395141366872394,6.681683540344238,-0.0984966112723068,90,,,,,,,,,
chesca_mesh,255,16,6,4,9.25335358708487,8.64135358708487,-0.6120000000000001,6.681683540344238,1.3389626460842585,90,,,,,,,,,
chesca_mesh,256,17,6,0,7.546260916629686,7.546260916629687,8.881784197001252e-16,6.748184680938721,0.007891084073980693,90,,,,,,,,,
chesca_mesh,257,18,6,6,8.81195600573066,7.93595600573066,-0.8760000000000003,6.748184680938721,0.8465005182490606,90,,,,,,,,,
chesca_mesh,258,19,6,6,12.753522562336792,11.877522562336793,-0.8759999999999994,6.801942348480225,1.850407061125374,90,,,,,,,,,
chesca_mesh,259,20,6,6,10.915784587860108,10.039784587860106,-0.8760000000000012,6.801942348480225,0.898596751548338,90,,,,,,,,,
chesca_mesh,260,21,6,6,10.668122355795461,9.792122355795462,-0.8759999999999994,6.801942348480225,0.8897477896901929,90,,,,,,,,,
chesca_mesh,261,22,6,6,8.6943226334962,9.570322633496199,0.8759999999999994,6.801942348480225,-0.29323391486705075,90,,,,,,,,,
chesca_mesh,262,23,6,6,8.970681119751768,8.094681119751769,-0.8759999999999994,6.801942348480225,0.2977561192800277,90,,,,,,,,,
chesca_mesh,263,24,6,6,9.94134874263949,9.065348742639491,-0.8759999999999994,6.896455764770508,0.6144501296744161,90,,,,,,,,,
chesca_mesh,264,1,6,6,10.142220599948791,9.266220599948792,-0.8759999999999994,6.947919845581055,0.5943182420730101,90,,,,,,,,,
chesca_mesh,265,2,6,6,8.53371489623142,7.657714896231419,-0.8760000000000003,7.045384883880615,0.30957888405218426,90,,,,,,,,,
chesca_mesh,266,3,6,0,7.457770527407349,7.457770527407349,0.0,7.1426262855529785,0.036963308235610955,90,,,,,,,,,
chesca_mesh,267,4,6,6,5.804780054174635,6.680780054174634,0.8759999999999994,7.173978805541992,-0.1540514370830673,90,,,,,,,,,
chesca_mesh,268,5,6,6,4.949773812713967,5.825773812713967,0.8760000000000003,7.173978805541992,-0.12899208415685437,90,,,,,,,,,
chesca_mesh,269,6,6,6,5.008451369208885,5.581287613934238,0.5728362447253534,7.173978805541992,-0.11294159212878288,90,,,,,,,,,
chesca_mesh,270,7,6,2,3.6351149325089067,3.927114932508907,0.29200000000000026,7.173978805541992,-0.08392126871719194,90,,,,,,,,,
chesca_mesh,271,8,6,6,3.8160061089312265,2.9400061089312266,-0.8759999999999999,7.173978805541992,0.13197619207915048,90,,,,,,,,,
chesca_mesh,272,9,6,6,2.702059698893109,1.8260596988931082,-0.8760000000000008,7.173978805541992,0.1305234819517863,90,,,,,,,,,
chesca_mesh,273,10,6,5,4.7652335130512355,4.021233513051235,-0.7440000000000007,7.173978805541992,0.24967610085704733,90,,,,,,,,,
chesca_mesh,274,11,6,6,3.125376839469552,2.249376839469552,-0.8759999999999999,7.173978805541992,0.12072317876576921,90,,,,,,,,,
chesca_mesh,275,12,6,6,3.6128892561211314,2.736889256121131,-0.8760000000000003,7.173978805541992,0.14280535215052415,90,,,,,,,,,
chesca_mesh,276,13,6,6,5.204641631780807,4.3286416317808065,-0.8760000000000003,7.173978805541992,0.38024703855009656,90,,,,,,,,,
chesca_mesh,277,14,6,6,4.5094117166228935,3.6334117166228928,-0.8760000000000008,7.173978805541992,0.31499956343245716,90,,,,,,,,,
chesca_mesh,278,15,6,6,4.865070040746988,3.9890700407469875,-0.8760000000000008,7.173978805541992,0.284898032414832,90,,,,,,,,,
chesca_mesh,279,16,6,6,8.06688669053223,7.190886690532231,-0.8759999999999994,7.173978805541992,0.24233867952931515,90,,,,,,,,,
chesca_mesh,280,17,6,6,8.20739224207955,7.33139224207955,-0.8759999999999994,7.173978805541992,0.2849006794562913,90,,,,,,,,,
chesca_mesh,281,18,6,6,10.852480825696908,9.976480825696907,-0.8760000000000012,7.1939897537231445,0.9688232438931639,90,,,,,,,,,
chesca_mesh,282,19,6,6,13.69263523105872,12.816635231058719,-0.8760000000000012,7.212924480438232,1.8974497113776683,90,,,,,,,,,
chesca_mesh,283,20,6,6,11.36172605653315,10.485726056533151,-0.8759999999999994,7.212924480438232,0.723927838079983,90,,,,,,,,,
chesca_mesh,284,21,6,6,11.726590037235395,10.850590037235396,-0.8759999999999994,7.212924480438232,0.8170474940736092,90,,,,,,,,,
chesca_mesh,285,22,6,6,11.633547258597947,10.757547258597947,-0.8759999999999994,7.232356071472168,0.5642384739372425,90,,,,,,,,,
chesca_mesh,286,23,6,0,10.485391226067435,10.485391226067433,-1.7763568394002505e-15,7.251291275024414,0.05969024507361417,90,,,,,,,,,
chesca_mesh,287,24,6,6,10.054772603689345,9.178772603689346,-0.8759999999999994,7.3134236335754395,0.44276962115070045,90,,,,,,,,,
chesca_mesh,288,1,6,6,9.333589219539439,8.457589219539438,-0.8760000000000012,7.3656229972839355,0.23812572328227355,90,,,,,,,,,
chesca_mesh,289,2,6,6,8.840201522821191,7.96420152282119,-0.8760000000000012,7.38019323348999,0.13895500344909928,90,,,,,,,,,
chesca_mesh,290,3,6,6,7.993206244002666,7.1172062440026655,-0.8760000000000003,7.3910746574401855,0.20718255800454766,90,,,,,,,,,
chesca_mesh,291,4,6,6,8.587205610183283,7.711205610183282,-0.8760000000000003,7.3910746574401855,0.22557639332042329,90,,,,,,,,,
chesca_mesh,292,5,6,0,5.120571158680116,5.120571158680115,-8.881784197001252e-16,7.428086757659912,-0.07784443201090191,90,,,,,,,,,
chesca_mesh,293,6,6,6,5.750012237712234,4.874012237712234,-0.8759999999999994,7.428086757659912,0.12271049296621113,90,,,,,,,,,
chesca_mesh,294,7,6,6,5.193749978131572,4.317749978131571,-0.8760000000000003,7.3910746574401855,0.23990972958394322,90,,,,,,,,,
chesca_mesh,295,8,6,6,4.4956840322107725,3.6196840322107726,-0.8759999999999999,7.3910746574401855,0.14947779067934172,90,,,,,,,,,
chesca_mesh,296,9,6,6,3.3843794735299997,2.5083794735299993,-0.8760000000000003,7.3910746574401855,0.1719971467979001,90,,,,,,,,,
chesca_mesh,297,10,6,6,2.275056476064295,1.3990564760642945,-0.8760000000000003,7.3910746574401855,0.22924139451312775,90,,,,,,,,,
chesca_mesh,298,11,6,6,3.364832050261033,2.4888320502610326,-0.8760000000000003,7.3910746574401855,0.21627546482289078,90,,,,,,,,,
chesca_mesh,299,12,6,6,5.545561866361455,4.669561866361455,-0.8759999999999994,7.3910746574401855,0.43385322070300125,90,,,,,,,,,
chesca_mesh,300,13,6,6,5.728422730211685,4.852422730211685,-0.8760000000000003,7.3910746574401855,0.1350668304806639,90,,,,,,,,,
chesca_mesh,301,14,6,6,5.888831436500774,5.0128314365007745,-0.8759999999999994,7.3910746574401855,0.3311818700632001,90,,,,,,,,,
chesca_mesh,302,15,6,6,8.09694933363519,7.22094933363519,-0.8759999999999994,7.38019323348999,0.30984743647773194,90,,,,,,,,,
chesca_mesh,303,16,6,6,8.884423912868954,8.008423912868952,-0.8760000000000012,7.38019323348999,0.4014310841349079,90,,,,,,,,,
chesca_mesh,304,17,6,6,11.930971690730873,11.054971690730873,-0.8759999999999994,7.38019323348999,1.4541871760662133,90,,,,,,,,,
chesca_mesh,305,18,6,6,10.180470714997183,9.304470714997183,-0.8759999999999994,7.3910746574401855,0.6402395742164707,90,,,,,,,,,
chesca_mesh,306,19,6,6,13.383001014072937,12.507001014072937,-0.8759999999999994,7.428086757659912,1.7271511696222006,90,,,,,,,,,
chesca_mesh,307,20,6,6,13.938771699780828,13.062771699780829,-0.8759999999999994,7.512493133544922,1.3714361762453247,90,,,,,,,,,
chesca_mesh,308,21,6,6,10.018120063205197,9.142120063205198,-0.8759999999999994,7.512493133544922,0.35968386061500374,90,,,,,,,,,
chesca_mesh,309,22,6,3,8.886770651988158,8.406770651988158,-0.4800000000000004,7.560426235198975,0.5022792647563549,90,,,,,,,,,
chesca_mesh,310,23,6,6,9.42410579820298,8.54810579820298,-0.8759999999999994,7.588111400604248,0.3437863804095467,90,,,,,,,,,
chesca_mesh,311,24,6,6,9.61751058642628,8.74151058642628,-0.8759999999999994,7.6408514976501465,0.3618856578932391,90,,,,,,,,,
chesca_mesh,312,1,6,6,9.862130510036698,8.986130510036697,-0.8760000000000012,7.6408514976501465,0.4597131491181373,90,,,,,,,,,
chesca_mesh,313,2,6,6,9.378202043638145,8.502202043638144,-0.8760000000000012,7.678192615509033,0.24895272484108116,90,,,,,,,,,
chesca_mesh,314,3,6,0,7.163071309388502,7.163071309388502,0.0,7.698953628540039,-0.012938207792071943,90,,,,,,,,,
chesca_mesh,315,4,6,0,6.160457537361165,6.160457537361165,0.0,7.698953628540039,0.02599550834307439,90,,,,,,,,,
chesca_mesh,316,5,6,0,4.918205110460869,4.918205110460869,0.0,7.698953628540039,0.023170040007756548,90,,,,,,,,,
chesca_mesh,317,6,6,6,5.341553913248265,4.4655539132482645,-0.8760000000000003,7.698953628540039,0.0908174298875691,90,,,,,,,,,
chesca_mesh,318,7,6,6,5.203790108747185,4.327790108747187,-0.8759999999999986,7.698953628540039,0.1322826837411316,90,,,,,,,,,
chesca_mesh,319,8,6,6,5.1981375509511505,4.322137550951151,-0.8759999999999994,7.698953628540039,0.11543892474524112,90,,,,,,,,,
chesca_mesh,320,9,6,0,3.252610036844132,3.2526100368441324,4.440892098500626e-16,7.698953628540039,0.0004299818319357246,90,,,,,,,,,
chesca_mesh,321,10,6,6,4.180872666102096,3.304872666102096,-0.8759999999999999,7.698953628540039,0.17855671712038299,90,,,,,,,,,
chesca_mesh,322,11,6,6,4.014407902937158,3.138407902937158,-0.8760000000000003,7.698953628540039,0.16050932534472728,90,,,,,,,,,
chesca_mesh,323,12,6,6,4.950042231685002,4.074042231685001,-0.8760000000000003,7.678192615509033,0.1469976305427967,90,,,,,,,,,
chesca_mesh,324,13,6,0,4.969299260160873,4.969299260160873,0.0,7.678192615509033,0.06951480461232776,90,,,,,,,,,
chesca_mesh,325,14,6,0,4.651837313545046,4.651837313545046,0.0,7.678192615509033,0.06868896305875691,90,,,,,,,,,
chesca_mesh,326,15,6,6,5.470468413601742,4.594468413601741,-0.8760000000000003,7.678192615509033,0.324167749879421,90,,,,,,,,,
chesca_mesh,327,16,6,6,7.018181569018884,6.142181569018882,-0.8760000000000021,7.678192615509033,0.6149328769912277,90,,,,,,,,,
chesca_mesh,328,17,6,6,10.107388900349019,9.231388900349017,-0.8760000000000012,7.678192615509033,1.119436088257542,90,,,,,,,,,
chesca_mesh,329,18,6,6,15.80575599245989,14.929755992459892,-0.8759999999999977,7.678192615509033,2.7773238927954496,90,,,,,,,,,
chesca_mesh,330,19,6,6,13.761496422565436,12.885496422565435,-0.8760000000000012,7.678192615509033,0.7402360274860136,90,,,,,,,,,
chesca_mesh,331,20,6,6,11.863858161950413,10.987858161950413,-0.8759999999999994,7.678192615509033,0.8044974295394102,90,,,,,,,,,
chesca_mesh,332,21,6,6,11.846844710603126,10.970844710603126,-0.8759999999999994,7.698953628540039,0.9276094894905959,90,,,,,,,,,
chesca_mesh,333,22,6,6,11.454618517781732,10.578618517781731,-0.8760000000000012,7.698953628540039,0.9104507239214028,90,,,,,,,,,
chesca_mesh,334,23,6,6,11.438684455212696,10.562684455212695,-0.8760000000000012,7.754542350769043,0.9295600533155124,90,,,,,,,,,
chesca_mesh,335,24,6,6,10.325423262705534,9.449423262705535,-0.8759999999999994,7.754542350769043,0.4827270007989325,90,,,,,,,,,
chesca_mesh,336,1,6,6,11.207707732071565,10.331707732071566,-0.8759999999999994,7.82426118850708,0.809758162373743,90,,,,,,,,,
chesca_mesh,337,2,6,6,10.470442069912695,9.594442069912695,-0.8759999999999994,7.870350360870361,0.5208037336085841,90,,,,,,,,,
chesca_mesh,338,3,6,6,9.492398390996296,8.616398390996297,-0.8759999999999994,7.889988899230957,0.2687612887482636,90,,,,,,,,,
chesca_mesh,339,4,6,6,9.208304966505903,8.332304966505902,-0.8760000000000012,7.955063819885254,0.25027716778903003,90,,,,,,,,,
chesca_mesh,340,5,6,0,6.63222208941467,6.632222089414671,8.881784197001252e-16,7.955063819885254,0.05785234442763118,90,,,,,,,,,
chesca_mesh,341,6,6,0,6.610876746962771,6.61087674696277,-8.881784197001252e-16,8.015046119689941,0.017874125000621383,90,,,,,,,,,
chesca_mesh,342,7,6,6,6.079793902597232,5.203793902597232,-0.8760000000000003,8.015046119689941,0.1562113102304403,90,,,,,,,,,
chesca_mesh,343,8,6,0,5.201034156995518,5.201034156995518,0.0,8.015046119689941,0.014733451688552945,90,,,,,,,,,
chesca_mesh,344,9,6,6,4.319797371848397,5.165724492490626,0.8459271206422292,8.067370414733887,-0.28535679310971773,90,,,,,,,,,
chesca_mesh,345,10,6,5,2.9404134761049416,3.576413476104941,0.6359999999999992,8.067370414733887,-0.09331929475408733,90,,,,,,,,,
chesca_mesh,346,11,6,6,3.0882396454486143,2.2122396454486135,-0.8760000000000008,8.067370414733887,0.09596501107354813,90,,,,,,,,,
chesca_mesh,347,12,6,6,3.139521912115785,2.2635219121157846,-0.8760000000000003,8.067370414733887,0.08673181137850604,90,,,,,,,,,
chesca_mesh,348,13,6,6,4.6009716593197325,3.724971659319733,-0.8759999999999994,8.067370414733887,0.3329139059662581,90,,,,,,,,,
chesca_mesh,349,14,6,6,3.503680112402093,2.6276801124020945,-0.8759999999999986,8.067370414733887,0.17991640791452318,90,,,,,,,,,
chesca_mesh,350,15,6,6,5.005233564349514,4.129233564349514,-0.8760000000000003,8.067370414733887,0.26619887345979093,90,,,,,,,,,
chesca_mesh,351,16,6,6,7.197441884452115,6.321441884452115,-0.8759999999999994,8.067370414733887,0.6048080976041091,90,,,,,,,,,
chesca_mesh,352,17,6,6,9.602470379825515,8.726470379825516,-0.8759999999999994,8.067370414733887,0.8991973239948258,90,,,,,,,,,
chesca_mesh,353,18,6,6,10.527501822338674,9.651501822338673,-0.8760000000000012,8.176255226135254,0.8162907234314682,90,,,,,,,,,
chesca_mesh,354,19,6,6,14.145240427351498,13.269240427351496,-0.8760000000000012,8.235282897949219,1.6443311484925862,90,,,,,,,,,
chesca_mesh,355,20,6,6,13.844058467342807,12.968058467342805,-0.8760000000000012,8.235282897949219,1.2883063494086682,90,,,,,,,,,
chesca_mesh,356,21,6,6,11.992851441700019,11.116851441700017,-0.8760000000000012,8.235282897949219,0.7645343889517131,90,,,,,,,,,
chesca_mesh,357,22,6,6,8.603473110198976,9.479473110198976,0.8759999999999994,8.24807357788086,-0.14842502371538396,90,,,,,,,,,
chesca_mesh,358,23,6,6,10.43008981126859,9.55408981126859,-0.8760000000000012,8.281516075134277,0.4264623084440416,90,,,,,,,,,
chesca_mesh,359,24,6,6,10.319555573411954,9.443555573411953,-0.8760000000000012,8.32185173034668,0.38295255943249973,90,,,,,,,,,
chesca_mesh,360,1,6,6,10.481760078250089,9.605760078250087,-0.8760000000000012,8.35460376739502,0.29056388115501974,90,,,,,,,,,
chesca_mesh,361,2,6,6,10.150750998167355,9.274750998167356,-0.8759999999999994,8.3718843460083,0.11213417114729364,90,,,,,,,,,
chesca_mesh,362,3,6,0,8.761856244764088,8.76185624476409,1.7763568394002505e-15,8.3718843460083,-0.025196159248656536,90,,,,,,,,,
chesca_mesh,363,4,6,6,6.51550871818227,7.391508718182269,0.8759999999999994,8.385164260864258,-0.20359261591775707,90,,,,,,,,,
chesca_mesh,364,5,6,6,5.439629665705489,6.3156296657054884,0.8759999999999994,8.385164260864258,-0.14309706480327036,90,,,,,,,,,
chesca_mesh,365,6,6,0,5.5884885988882775,5.588488598888278,8.881784197001252e-16,8.385164260864258,-0.05244974736135596,90,,,,,,,,,
chesca_mesh,366,7,6,0,4.0742207621285225,4.0742207621285225,0.0,8.385164260864258,-0.018963638058698426,90,,,,,,,,,
chesca_mesh,367,8,6,6,4.5121027870682395,3.636102787068239,-0.8760000000000003,8.385164260864258,0.09856245487041737,90,,,,,,,,,
chesca_mesh,368,9,6,6,3.663102811202119,2.787102811202119,-0.8760000000000003,8.385164260864258,0.0872047317453043,90,,,,,,,,,
chesca_mesh,369,10,6,6,4.2826979245849985,3.4066979245849986,-0.8759999999999999,8.385164260864258,0.0973850522316512,90,,,,,,,,,
chesca_mesh,370,11,6,0,2.9103425864540364,2.9103425864540364,0.0,8.385164260864258,0.046555323151641737,90,,,,,,,,,
chesca_mesh,371,12,6,6,3.078409723747999,2.202409723747999,-0.8759999999999999,8.385164260864258,0.1486711223321709,90,,,,,,,,,
chesca_mesh,372,13,6,6,5.568431034078433,4.6924310340784325,-0.8760000000000003,8.385164260864258,0.12318098618857395,90,,,,,,,,,
chesca_mesh,373,14,6,6,5.500213033153313,4.624213033153313,-0.8759999999999994,8.3718843460083,0.29136906632943516,90,,,,,,,,,
chesca_mesh,374,15,6,6,7.174591113465581,6.298591113465582,-0.8759999999999994,8.3718843460083,0.3206738836071923,90,,,,,,,,,
chesca_mesh,375,16,6,6,8.644523950977781,7.76852395097778,-0.8760000000000012,8.3718843460083,0.5307162178821695,90,,,,,,,,,
chesca_mesh,376,17,6,6,12.576194623430416,11.700194623430416,-0.8759999999999994,8.3718843460083,1.4717804284509306,90,,,,,,,,,
chesca_mesh,377,18,6,6,10.50945170542134,9.633451705421338,-0.8760000000000012,8.3718843460083,0.534494263812468,90,,,,,,,,,
chesca_mesh,378,19,6,6,13.03250575936032,12.156505759360321,-0.8759999999999994,8.3718843460083,1.0302960824876666,90,,,,,,,,,
chesca_mesh,379,20,6,6,10.63998400942349,9.76398400942349,-0.8759999999999994,8.3718843460083,0.16085821433017233,90,,,,,,,,,
chesca_mesh,380,21,6,6,9.6106047856764,8.734604785676401,-0.8759999999999994,8.3718843460083,0.2954864763924517,90,,,,,,,,,
chesca_mesh,381,22,6,6,7.820736429239825,8.696736429239825,0.8760000000000003,8.3718843460083,-0.10693546242106064,90,,,,,,,,,
chesca_mesh,382,23,6,6,8.573504851533649,7.697504851533648,-0.8760000000000003,8.3718843460083,0.10085851220414166,90,,,,,,,,,
chesca_mesh,383,24,6,6,9.592787653028397,8.716787653028398,-0.8759999999999994,8.3718843460083,0.1527068996934733,90,,,,,,,,,
chesca_mesh,384,1,6,6,10.26813958780167,9.392139587801669,-0.8760000000000012,8.385164260864258,0.2645355618511777,90,,,,,,,,,
chesca_mesh,385,2,6,6,7.798341367108025,8.674341367108026,0.8760000000000012,8.402392387390137,-0.1734866826915046,90,,,,,,,,,
chesca_mesh,386,3,6,6,5.45481267368732,6.33081267368732,0.8760000000000003,8.410520553588867,-0.2586142321985393,90,,,,,,,,,
chesca_mesh,387,4,6,6,5.95607776933213,6.762986905051494,0.8069091357193638,8.410520553588867,-0.11788540694589812,90,,,,,,,,,
chesca_mesh,388,5,6,6,5.191626002841007,5.755467319889728,0.5638413170487215,8.410520553588867,-0.19550138277247256,90,,,,,,,,,
chesca_mesh,389,6,6,0,4.827262095301109,4.827262095301109,0.0,8.410520553588867,-0.06720905454796713,90,,,,,,,,,
chesca_mesh,390,7,6,0,4.010985422201989,4.010985422201989,0.0,8.410520553588867,-0.008410034147163774,90,,,,,,,,,
chesca_mesh,391,8,6,0,4.580799967822694,4.580799967822693,-8.881784197001252e-16,8.410520553588867,0.028238059432940783,90,,,,,,,,,
chesca_mesh,392,9,6,6,3.110878670283374,3.611347242897273,0.5004685726138987,8.402392387390137,-0.10117017551999367,90,,,,,,,,,
chesca_mesh,393,10,6,1,2.7294370790593687,2.8894370790593684,0.1599999999999997,8.402392387390137,-0.08277203670846604,90,,,,,,,,,
chesca_mesh,394,11,6,0,5.174431833646482,5.174431833646482,0.0,8.402392387390137,-0.02235186744885536,90,,,,,,,,,
chesca_mesh,395,12,6,6,5.259155098561612,5.946691343323691,0.6875362447620788,8.410520553588867,-0.20893633795440983,90,,,,,,,,,
chesca_mesh,396,13,6,6,6.167946957490995,6.945290807444636,0.7773438499536409,8.410520553588867,-0.12698029865298271,90,,,,,,,,,
chesca_mesh,397,14,6,0,5.918615819213001,5.918615819213001,0.0,8.410520553588867,0.00801527602425546,90,,,,,,,,,
chesca_mesh,398,15,6,0,5.8825848287105735,5.8825848287105735,0.0,8.410520553588867,-0.04691512748055132,90,,,,,,,,,
chesca_mesh,399,16,6,6,8.738887059677442,8.000852914867172,-0.7380341448102694,8.410520553588867,0.4974626273224403,90,,,,,,,,,
chesca_mesh,400,17,6,6,11.63775307530407,10.761753075304071,-0.8759999999999994,8.402392387390137,1.2108473117346392,90,,,,,,,,,
chesca_mesh,401,18,6,6,13.160189369827602,12.284189369827603,-0.8759999999999994,8.410520553588867,1.468640054978122,90,,,,,,,,,
chesca_mesh,402,19,6,6,16.06751087868924,15.191510878689245,-0.8759999999999959,8.416895866394043,1.8998603629125783,90,,,,,,,,,
chesca_mesh,403,20,6,6,13.06707368038408,12.191073680384083,-0.8759999999999977,8.416895866394043,0.4161450137488864,90,,,,,,,,,
chesca_mesh,404,21,6,6,12.24919018418288,11.373190184182878,-0.8760000000000012,8.416895866394043,0.7855313362894185,90,,,,,,,,,
chesca_mesh,405,22,6,0,10.404091618261287,10.404091618261289,1.7763568394002505e-15,8.416895866394043,0.45367602869557905,90,,,,,,,,,
chesca_mesh,406,23,6,6,9.737674653089316,8.861674653089317,-0.8759999999999994,8.416895866394043,0.3492766677915678,90,,,,,,,,,
chesca_mesh,407,24,6,6,9.825550399412839,8.949550399412841,-0.8759999999999977,8.416895866394043,0.11036400203593058,90,,,,,,,,,
chesca_mesh,408,1,6,6,11.044492946367136,10.168492946367135,-0.8760000000000012,8.416895866394043,0.34857052121693793,90,,,,,,,,,
chesca_mesh,409,2,6,6,8.450490585617082,9.326490585617082,0.8759999999999994,8.435461044311523,-0.23279253137299,90,,,,,,,,,
chesca_mesh,410,3,6,6,6.271809403530094,7.147809403530093,0.8759999999999994,8.468788146972656,-0.2922755303773722,90,,,,,,,,,
chesca_mesh,411,4,6,6,6.1609177579787335,7.036917757978733,0.8759999999999994,8.468788146972656,-0.13112074644801355,90,,,,,,,,,
chesca_mesh,412,5,6,6,6.4109724055168495,7.179510773568553,0.7685383680517033,8.468788146972656,-0.13179299654195925,90,,,,,,,,,
chesca_mesh,413,6,6,6,5.732791619719892,6.382446404442653,0.6496547847227614,8.468788146972656,-0.2057103327048148,90,,,,,,,,,
chesca_mesh,414,7,6,6,5.235589056878537,5.6916758063520945,0.4560867494735579,8.468788146972656,-0.12028405615305468,90,,,,,,,,,
chesca_mesh,415,8,6,6,3.826463517665837,4.385689695316119,0.5592261776502818,8.468788146972656,-0.11761242363588867,90,,,,,,,,,
chesca_mesh,416,9,6,2,2.428564643609059,2.7485646436090585,0.3199999999999994,8.468788146972656,-0.10062458470090559,90,,,,,,,,,
chesca_mesh,417,10,6,0,2.897142085040768,2.8971420850407674,-4.440892098500626e-16,8.468788146972656,0.008546431164551066,90,,,,,,,,,
chesca_mesh,418,11,6,0,3.2448649063613817,3.2448649063613817,0.0,8.468788146972656,-0.019151899288644577,90,,,,,,,,,
chesca_mesh,419,12,6,0,2.314166466890971,2.314166466890971,0.0,8.468788146972656,0.028992124820703485,90,,,,,,,,,
chesca_mesh,420,13,6,6,5.391615712036324,4.5156157120363245,-0.8759999999999994,8.468788146972656,0.16892622663308407,90,,,,,,,,,
chesca_mesh,421,14,6,6,4.064149124980763,4.603618192623961,0.5394690676431981,8.468788146972656,-0.09412372270707732,90,,,,,,,,,
chesca_mesh,422,15,6,6,4.701050498795825,3.825050498795825,-0.8759999999999994,8.468788146972656,0.1259295174949614,90,,,,,,,,,
chesca_mesh,423,16,6,6,7.931623401814656,7.055623401814658,-0.8759999999999986,8.468788146972656,0.7029909639320892,90,,,,,,,,,
chesca_mesh,424,17,6,6,9.271134825428742,8.395134825428743,-0.8759999999999994,8.435461044311523,0.6466846091094581,90,,,,,,,,,
chesca_mesh,425,18,6,6,11.688868050920192,10.81286805092019,-0.8760000000000012,8.435461044311523,1.1986014276300307,90,,,,,,,,,
chesca_mesh,426,19,6,6,14.311755777037915,13.435755777037915,-0.8759999999999994,8.468788146972656,1.551111408687365,90,,,,,,,,,
chesca_mesh,427,20,6,6,11.464725641128027,10.588725641128029,-0.8759999999999977,8.468788146972656,0.33370050318319994,90,,,,,,,,,
chesca_mesh,428,21,6,6,11.155474646356478,10.279474646356478,-0.8759999999999994,8.468788146972656,0.41956824009594434,90,,,,,,,,,
chesca_mesh,429,22,6,6,8.94367593158576,9.819675931585762,0.8760000000000012,8.468788146972656,-0.11594655335134285,90,,,,,,,,,
chesca_mesh,430,23,6,0,8.827011898546154,8.827011898546154,0.0,8.555814743041992,-0.01652783839226707,90,,,,,,,,,
chesca_mesh,431,24,6,6,8.49454294668497,9.370542946684969,0.8759999999999994,8.614012718200684,-0.22967946964467234,90,,,,,,,,,
chesca_mesh,432,1,6,6,8.279898204959125,9.155898204959124,0.8759999999999994,8.614012718200684,-0.2643905703294165,90,,,,,,,,,
chesca_mesh,433,2,6,6,6.3541475550155315,7.230147555015532,0.8760000000000003,8.614012718200684,-0.37183672045053473,90,,,,,,,,,
chesca_mesh,434,3,6,6,5.268871446400766,6.088011979414057,0.8191405330132913,8.614012718200684,-0.338524395125325,90,,,,,,,,,
chesca_mesh,435,4,6,6,4.940070735097672,5.6377231436999615,0.6976524086022895,8.614012718200684,-0.3055872741670994,90,,,,,,,,,
chesca_mesh,436,5,6,6,3.9296389509788554,4.30322094106987,0.3735819900910142,8.614012718200684,-0.3687018858939538,90,,,,,,,,,
chesca_mesh,437,6,6,6,5.275726437853592,5.617100118292481,0.34137368043888916,8.614012718200684,-0.28001276244245615,90,,,,,,,,,
chesca_mesh,438,7,6,6,3.9893026027346927,4.3287811987778655,0.33947859604317276,8.614012718200684,-0.2399625613004563,90,,,,,,,,,
chesca_mesh,439,8,6,6,3.5214539772419418,3.754205806460393,0.23275182921845117,8.636907577514648,-0.740535945306378,90,,,,,,,,,
chesca_mesh,440,9,6,6,-0.005397169414428693,0.2148475535604928,0.22024472297492148,8.636907577514648,-0.37760298116752816,90,,,,,,,,,
chesca_mesh,441,10,6,6,1.4753763823391086,1.8147913685306447,0.3394149861915361,8.636907577514648,-0.13714495278524963,90,,,,,,,,,
chesca_mesh,442,11,6,0,0.21040751105985478,0.21040751105985478,0.0,8.636907577514648,-0.04806973577183929,90,,,,,,,,,
chesca_mesh,443,12,6,6,1.9482444558700793,1.0722444558700794,-0.8759999999999999,8.636907577514648,0.08432293933018074,90,,,,,,,,,
chesca_mesh,444,13,6,6,2.5975778553007176,1.7215778553007177,-0.8759999999999999,8.636907577514648,0.14630487928194646,90,,,,,,,,,
chesca_mesh,445,14,6,6,3.0931231806625914,2.2171231806625915,-0.8759999999999999,8.636907577514648,0.08670962566117224,90,,,,,,,,,
chesca_mesh,446,15,6,6,5.016015525290237,5.565566378195857,0.5495508529056199,8.636907577514648,-0.10594831469595545,90,,,,,,,,,
chesca_mesh,447,16,6,5,6.416496194878361,5.672496194878361,-0.7439999999999998,8.636907577514648,0.11110904758126523,90,,,,,,,,,
chesca_mesh,448,17,6,6,8.817153400937691,7.94115340093769,-0.8760000000000012,8.614012718200684,0.23873318397792626,90,,,,,,,,,
chesca_mesh,449,18,6,6,11.82349209586726,10.947492095867263,-0.8759999999999977,8.555814743041992,0.7690232902989186,90,,,,,,,,,
chesca_mesh,450,19,6,6,15.64938772163886,14.77338772163886,-0.8759999999999994,8.555814743041992,1.7774910817832137,90,,,,,,,,,
chesca_mesh,451,20,6,6,13.354280935436606,12.478280935436606,-0.8759999999999994,8.555814743041992,0.8336548170800969,90,,,,,,,,,
chesca_mesh,452,21,6,6,12.793410173167972,11.917410173167973,-0.8759999999999994,8.555814743041992,0.7733235353151878,90,,,,,,,,,
chesca_mesh,453,22,6,0,10.649077547637384,10.649077547637384,0.0,8.555814743041992,0.4060001694949179,90,,,,,,,,,
chesca_mesh,454,23,6,6,9.869997865476819,8.993997865476818,-0.8760000000000012,8.555814743041992,0.5312614470677639,90,,,,,,,,,
chesca_mesh,455,24,6,6,10.444667981811536,9.568667981811535,-0.8760000000000012,8.555814743041992,0.12409359527150807,90,,,,,,,,,
chesca_mesh,456,1,6,6,10.602527361757117,9.726527361757118,-0.8759999999999994,8.555814743041992,0.3324960634006675,90,,,,,,,,,
chesca_mesh,457,2,6,6,8.872333623832514,9.748333623832515,0.8760000000000012,8.614012718200684,-0.2774777290849051,90,,,,,,,,,
chesca_mesh,458,3,6,6,7.047967927844676,7.923967927844674,0.8759999999999986,8.636907577514648,-0.4220106011456713,90,,,,,,,,,
chesca_mesh,459,4,6,6,6.308209248416409,7.10389654597736,0.795687297560951,8.636907577514648,-0.347669251417293,90,,,,,,,,,
chesca_mesh,460,5,6,6,5.446330488849462,6.008095949144598,0.5617654602951365,8.636907577514648,-0.43808466801078016,90,,,,,,,,,
chesca_mesh,461,6,6,6,6.1279295028391125,6.675923689389034,0.5479941865499214,8.636907577514648,-0.4320271825681834,90,,,,,,,,,
chesca_mesh,462,7,6,5,5.8029096533076645,6.427018307156486,0.6241086538488219,8.636907577514648,-0.10826073829644198,90,,,,,,,,,
chesca_mesh,463,8,6,6,5.37176776159629,6.127831549403407,0.7560637878071166,8.636907577514648,-0.24032072635852594,90,,,,,,,,,
chesca_mesh,464,9,6,6,3.7056537335390725,4.211927434146517,0.5062737006074447,8.636907577514648,-0.37701706513205735,90,,,,,,,,,
chesca_mesh,465,10,6,0,4.208615327681756,4.208615327681756,0.0,8.636907577514648,-0.059624163383696804,90,,,,,,,,,
chesca_mesh,466,11,6,6,1.2687925347168738,1.635877266750377,0.3670847320335031,8.636907577514648,-0.16470001345775487,90,,,,,,,,,
chesca_mesh,467,12,6,0,4.1645749541898205,4.1645749541898205,0.0,8.636907577514648,-0.02344776858547179,90,,,,,,,,,
chesca_mesh,468,13,6,0,5.1630357604486825,5.1630357604486825,0.0,8.636907577514648,-0.032214360524639635,90,,,,,,,,,
chesca_mesh,469,14,6,3,4.875685147861351,5.327685147861351,0.45199999999999996,8.636907577514648,-0.09107644078174222,90,,,,,,,,,
chesca_mesh,470,15,6,0,5.405668805451176,5.405668805451176,0.0,8.636907577514648,-0.005021021461854833,90,,,,,,,,,
chesca_mesh,471,16,6,6,6.762503669900445,5.886503669900445,-0.8760000000000003,8.636907577514648,0.08764783793377032,90,,,,,,,,,
chesca_mesh,472,17,6,5,9.9597860732366,9.215786073236599,-0.7440000000000015,8.71328353881836,0.28820763879263317,90,,,,,,,,,
chesca_mesh,473,18,6,6,12.1930318227036,11.317031822703601,-0.8759999999999994,8.71328353881836,0.518756226322968,90,,,,,,,,,
chesca_mesh,474,19,6,6,13.193838428934715,12.317838428934715,-0.8759999999999994,8.71328353881836,0.9338349137413416,90,,,,,,,,,
chesca_mesh,475,20,6,6,11.512293505750819,10.636293505750817,-0.8760000000000012,8.71328353881836,0.299193163381546,90,,,,,,,,,
chesca_mesh,476,21,6,6,11.210844773474134,10.334844773474133,-0.8760000000000012,8.71328353881836,0.27177784485709267,90,,,,,,,,,
chesca_mesh,477,22,6,6,9.623076793590231,10.499076793590229,0.8759999999999977,8.765501022338867,-0.16683046420462289,90,,,,,,,,,
chesca_mesh,478,23,6,6,9.59459253104991,10.47059253104991,0.8759999999999994,8.79808235168457,-0.39397191453950886,90,,,,,,,,,
chesca_mesh,479,24,6,6,8.541842151105362,9.417842151105361,0.8759999999999994,8.831658363342285,-0.19179129462063155,90,,,,,,,,,
chesca_mesh,480,1,6,0,9.427276785771097,9.427276785771099,1.7763568394002505e-15,8.8629789352417,-0.006047417566694538,90,,,,,,,,,
chesca_mesh,481,2,6,6,9.104382264167686,9.980382264167687,0.8760000000000012,8.8629789352417,-0.2692203197994176,90,,,,,,,,,
chesca_mesh,482,3,6,6,7.783834853960918,8.659834853960918,0.8760000000000003,8.934515953063965,-0.2555510346558057,90,,,,,,,,,
chesca_mesh,483,4,6,6,7.524191497076233,8.319789907856013,0.79559841077978,9.010540962219238,-0.28718797773005367,90,,,,,,,,,
chesca_mesh,484,5,6,6,7.515255522872281,8.273764932603365,0.7585094097310838,9.010540962219238,-0.21491195648237033,90,,,,,,,,,
chesca_mesh,485,6,6,6,6.165836680325823,6.75013405434565,0.584297374019827,9.010540962219238,-0.15321915575753292,90,,,,,,,,,
chesca_mesh,486,7,6,6,5.375969323780014,5.916043773214723,0.5400744494347087,9.010540962219238,-0.16088892925140383,90,,,,,,,,,
chesca_mesh,487,8,6,6,5.247567556466844,5.801951365469808,0.5543838090029638,9.010540962219238,-0.1180342927839251,90,,,,,,,,,
chesca_mesh,488,9,6,6,2.7110050366153144,2.9602290498281887,0.24922401321287424,9.010540962219238,-0.48376626130613043,90,,,,,,,,,
chesca_mesh,489,10,6,6,1.577913582364062,1.897445085957898,0.319531503593836,9.010540962219238,-0.231053697637655,90,,,,,,,,,
chesca_mesh,490,11,6,6,1.7835885759341292,2.1020213207055236,0.3184327447713944,9.010540962219238,-0.11569692056730131,90,,,,,,,,,
chesca_mesh,491,12,6,6,2.0752079266307977,2.302855266101459,0.2276473394706615,9.010540962219238,-0.1567913728189077,90,,,,,,,,,
chesca_mesh,492,13,6,3,3.3668491140145616,2.8868491140145616,-0.48,9.010540962219238,0.07872982499062905,90,,,,,,,,,
chesca_mesh,493,14,6,0,3.1694578492548575,3.1694578492548575,0.0,9.010540962219238,0.028978962345737422,90,,,,,,,,,
chesca_mesh,494,15,6,0,5.547794856564113,5.547794856564113,0.0,9.010540962219238,0.06710061398614858,90,,,,,,,,,
chesca_mesh,495,16,6,6,7.813929484503889,6.987777702978958,-0.8261517815249313,9.010540962219238,0.40203267115058056,90,,,,,,,,,
chesca_mesh,496,17,6,6,9.446773690909481,8.570773690909482,-0.8759999999999994,9.010540962219238,0.34971672839463086,90,,,,,,,,,
chesca_mesh,497,18,6,6,11.562492174136297,10.686492174136296,-0.8760000000000012,8.934515953063965,0.9562972864495768,90,,,,,,,,,
chesca_mesh,498,19,6,6,13.956883196435056,13.080883196435057,-0.8759999999999994,8.934515953063965,1.252361604847774,90,,,,,,,,,
chesca_mesh,499,20,6,6,11.702609829650093,10.826609829650096,-0.8759999999999977,8.934515953063965,0.2524235528390504,90,,,,,,,,,
chesca_mesh,500,21,6,6,11.548130274596424,10.672130274596425,-0.8759999999999994,8.934515953063965,0.39592767960462644,90,,,,,,,,,
chesca_mesh,501,22,6,0,9.564735721505484,9.564735721505484,0.0,8.934515953063965,0.019994037172060317,90,,,,,,,,,
chesca_mesh,502,23,6,6,9.701318375958678,8.825318375958677,-0.8760000000000012,8.8629789352417,0.25619580356492305,90,,,,,,,,,
chesca_mesh,503,24,6,6,10.188657788624495,9.312657788624495,-0.8759999999999994,8.831658363342285,0.18098435733932736,90,,,,,,,,,
chesca_mesh,504,1,6,6,10.416667668699693,9.540667668699692,-0.8760000000000012,8.831658363342285,0.20013795297971124,90,,,,,,,,,
chesca_mesh,505,2,6,6,9.432752832081729,8.556752832081727,-0.8760000000000012,8.831658363342285,0.49173705927833883,90,,,,,,,,,
chesca_mesh,506,3,6,0,7.799532986605431,7.799532986605431,0.0,8.799068450927734,-0.021047731963154605,90,,,,,,,,,
chesca_mesh,507,4,6,0,6.806653623504004,6.806653623504003,-8.881784197001252e-16,8.799068450927734,-0.036117783355400224,90,,,,,,,,,
chesca_mesh,508,5,6,6,5.016219828771989,5.89221982877199,0.8760000000000003,8.799068450927734,-0.11011533184747539,90,,,,,,,,,
chesca_mesh,509,6,6,0,5.337206226883362,5.337206226883363,8.881784197001252e-16,8.799068450927734,0.05499623623278058,90,,,,,,,,,
chesca_mesh,510,7,6,6,3.890721043994272,4.300065940403343,0.4093448964090709,8.831658363342285,-0.6287889686897107,90,,,,,,,,,
chesca_mesh,511,8,6,0,3.630667340051674,3.6306673400516742,4.440892098500626e-16,8.831658363342285,0.04625770468234913,90,,,,,,,,,
chesca_mesh,512,9,6,6,2.9375917859411302,3.283070465696987,0.3454786797558569,8.799068450927734,-0.11762550261753307,90,,,,,,,,,
chesca_mesh,513,10,6,5,3.2789131339558764,3.475115019031441,0.19620188507556469,8.799068450927734,-0.14421162330798654,90,,,,,,,,,
chesca_mesh,514,11,6,6,2.158898340856741,2.477834561849436,0.31893622099269514,8.799068450927734,-0.2189324919506632,90,,,,,,,,,
chesca_mesh,515,12,6,6,1.994743045324531,2.224439734857915,0.22969668953338385,8.799068450927734,-0.23778856496680983,90,,,,,,,,,
chesca_mesh,516,13,6,0,2.2228174610499227,2.2228174610499227,0.0,8.799068450927734,0.03332354151258705,90,,,,,,,,,
chesca_mesh,517,14,6,0,2.818904911562565,2.818904911562565,0.0,8.799068450927734,0.061289874817069996,90,,,,,,,,,
chesca_mesh,518,15,6,6,1.5372236207825372,0.6612236207825379,-0.8759999999999992,8.799068450927734,0.08591278564875218,90,,,,,,,,,
chesca_mesh,519,16,6,6,5.2746629180872615,4.398662918087261,-0.8760000000000003,8.799068450927734,0.6920724830329918,90,,,,,,,,,
chesca_mesh,520,17,6,6,5.801287395009426,4.925287395009425,-0.8760000000000012,8.799068450927734,0.46833306421119075,90,,,,,,,,,
chesca_mesh,521,18,6,6,7.447308690009467,6.5713086900094675,-0.8759999999999994,8.769993782043457,0.6429681417538793,90,,,,,,,,,
chesca_mesh,522,19,6,6,8.76023968279915,7.884239682799152,-0.8759999999999986,8.765501022338867,0.1978245892840053,90,,,,,,,,,
chesca_mesh,523,20,6,6,8.812521757405914,7.936521757405913,-0.8760000000000012,8.71328353881836,0.15756289918688826,90,,,,,,,,,
chesca_mesh,524,21,6,6,9.201727206086364,8.325727206086363,-0.8760000000000012,8.636907577514648,0.09094467587369831,90,,,,,,,,,
chesca_mesh,525,22,6,1,8.409284937202584,8.249284937202583,-0.16000000000000014,8.602529525756836,0.10604951140953559,90,,,,,,,,,
chesca_mesh,526,23,6,6,8.069882360170297,7.1938823601702975,-0.8759999999999994,8.541779518127441,0.08595226928402161,90,,,,,,,,,
chesca_mesh,527,24,6,6,8.47713787984467,7.6011378798446705,-0.8760000000000003,8.541779518127441,0.11292857807130066,90,,,,,,,,,
chesca_mesh,528,1,6,6,8.94031978229424,8.06431978229424,-0.8760000000000012,8.46920108795166,0.18041456732181999,90,,,,,,,,,
chesca_mesh,529,2,6,6,7.447447843029827,8.323447843029827,0.8760000000000003,8.447039604187012,-0.1408052765289578,90,,,,,,,,,
chesca_mesh,530,3,6,6,5.608624443519296,6.484624443519295,0.8759999999999994,8.430428504943848,-0.2781971360425653,90,,,,,,,,,
chesca_mesh,531,4,6,6,5.242430604813964,5.888714335655233,0.6462837308412688,8.401008605957031,-0.18950758609464602,90,,,,,,,,,
chesca_mesh,532,5,6,6,4.184734150537647,4.459983014347699,0.2752488638100523,8.401008605957031,-0.25045399077850483,90,,,,,,,,,
chesca_mesh,533,6,6,0,4.5248331648904365,4.5248331648904365,0.0,8.401008605957031,-0.08761070752709231,90,,,,,,,,,
chesca_mesh,534,7,6,0,4.094639893170026,4.094639893170026,0.0,8.401008605957031,-0.07751327990858403,90,,,,,,,,,
chesca_mesh,535,8,6,6,3.815551913825736,4.06546096258174,0.24990904875600428,8.401008605957031,-0.16051317290404882,90,,,,,,,,,
chesca_mesh,536,9,6,6,3.223042714005387,3.4443291266872045,0.22128641268181726,8.401008605957031,-0.24627601385434436,90,,,,,,,,,
chesca_mesh,537,10,6,6,2.331903890398784,2.671402120887749,0.3394982304889651,8.430428504943848,-0.9549207156381775,90,,,,,,,,,
chesca_mesh,538,11,6,6,2.877760199758214,3.2171768556591083,0.3394166559008944,8.430428504943848,-0.5832143694448044,90,,,,,,,,,
chesca_mesh,539,12,6,0,3.6267311461039053,3.6267311461039053,0.0,8.430428504943848,0.045269980922838474,90,,,,,,,,,
chesca_mesh,540,13,6,6,5.426181925961372,4.616181925961372,-0.8100000000000005,8.430428504943848,0.11272712264926937,90,,,,,,,,,
chesca_mesh,541,14,6,6,6.564692968129953,5.688692968129954,-0.8759999999999994,8.430428504943848,0.19658396711383236,90,,,,,,,,,
chesca_mesh,542,15,6,6,7.309198602684502,8.030545649367847,0.7213470466833449,8.430428504943848,-0.14027013924809198,90,,,,,,,,,
chesca_mesh,543,16,6,0,8.167825722299803,8.167825722299803,0.0,8.447039604187012,-0.06862391082297742,90,,,,,,,,,
chesca_mesh,544,17,6,6,10.885936328261167,10.009936328261166,-0.8760000000000012,8.447039604187012,1.0282263353795185,90,,,,,,,,,
chesca_mesh,545,18,6,6,11.232638062242577,10.356638062242576,-0.8760000000000012,8.447039604187012,0.8193280909481448,90,,,,,,,,,
chesca_mesh,546,19,6,6,14.722066351665639,13.846066351665637,-0.8760000000000012,8.447039604187012,1.8686292249267107,90,,,,,,,,,
chesca_mesh,547,20,6,6,12.79203058331085,11.916030583310851,-0.8759999999999994,8.447039604187012,0.8400592139608366,90,,,,,,,,,
chesca_mesh,548,21,6,6,12.860435345680454,11.984435345680454,-0.8759999999999994,8.447039604187012,0.988600581782066,90,,,,,,,,,
chesca_mesh,549,22,6,0,9.851821475184758,9.851821475184758,0.0,8.447039604187012,0.21282926370642072,90,,,,,,,,,
chesca_mesh,550,23,6,6,10.352786471801513,9.476786471801514,-0.8759999999999994,8.523984909057617,0.19376703719946603,90,,,,,,,,,
chesca_mesh,551,24,6,6,9.839937837513189,10.71593783751319,0.8760000000000012,8.602529525756836,-0.4113513417936657,90,,,,,,,,,
chesca_mesh,552,1,6,6,11.043858534932708,10.167858534932709,-0.8759999999999994,8.602529525756836,0.23044308393074073,90,,,,,,,,,
chesca_mesh,553,2,6,6,9.237739353330324,8.361739353330323,-0.8760000000000012,8.523984909057617,0.3839846762494611,90,,,,,,,,,
chesca_mesh,554,3,6,6,7.399816822126063,8.275816822126062,0.8759999999999994,8.523984909057617,-0.11699872883685596,90,,,,,,,,,
chesca_mesh,555,4,6,6,7.2796131242237205,8.15561312422372,0.8759999999999994,8.523984909057617,-0.10341854254652304,90,,,,,,,,,
chesca_mesh,556,5,6,6,6.164075676872514,6.887920645423541,0.7238449685510266,8.602529525756836,-1.0514234363479948,90,,,,,,,,,
chesca_mesh,557,6,6,6,5.880172886835121,6.541309489487206,0.6611366026520855,8.602529525756836,-0.12786021660768965,90,,,,,,,,,
chesca_mesh,558,7,6,5,5.4328035236449645,5.857208411213562,0.4244048875685973,8.602529525756836,-0.10578368749839542,90,,,,,,,,,
chesca_mesh,559,8,6,6,4.398786708406321,4.784667861833986,0.3858811534276656,8.602529525756836,-0.1281104186451032,90,,,,,,,,,
chesca_mesh,560,9,6,6,1.7741271769742755,2.11624160699464,0.34211443002036446,8.602529525756836,-0.34727943275564654,90,,,,,,,,,
chesca_mesh,561,10,6,0,3.751245448315948,3.751245448315948,0.0,8.602529525756836,0.054562637693175056,90,,,,,,,,,
chesca_mesh,562,11,6,0,3.7485316818267034,3.7485316818267034,0.0,8.602529525756836,-0.01639524966993766,90,,,,,,,,,
chesca_mesh,563,12,6,3,3.716503348602691,3.853101930870452,0.1365985822677609,8.602529525756836,-0.09824656196480865,90,,,,,,,,,
chesca_mesh,564,13,6,6,5.513871786463504,5.86797904123119,0.354107254767686,8.695816993713379,-0.3180040983789602,90,,,,,,,,,
chesca_mesh,565,14,6,6,5.099856593307532,5.517240204796654,0.4173836114891216,8.695816993713379,-0.19266895066779496,90,,,,,,,,,
chesca_mesh,566,15,6,0,4.648345859928833,4.648345859928833,0.0,8.695816993713379,-0.03724643336334878,90,,,,,,,,,
chesca_mesh,567,16,6,5,9.083717863815666,8.367717863815667,-0.7159999999999993,8.695816993713379,0.5927616738628664,90,,,,,,,,,
chesca_mesh,568,17,6,6,12.120525875695886,11.244525875695885,-0.8760000000000012,8.766705513000488,0.4447181880059621,90,,,,,,,,,
chesca_mesh,569,18,6,6,12.688531200372529,11.81253120037253,-0.8759999999999994,8.766705513000488,1.2163482324921264,90,,,,,,,,,
chesca_mesh,570,19,6,6,15.3451121524936,14.4691121524936,-0.8759999999999994,8.766705513000488,1.702229989734778,90,,,,,,,,,
chesca_mesh,571,20,6,6,13.726047382332872,12.850047382332875,-0.8759999999999977,8.766705513000488,0.9145429341561478,90,,,,,,,,,
chesca_mesh,572,21,6,6,13.55635192392922,12.680351923929221,-0.8759999999999994,8.766705513000488,1.0489894984819146,90,,,,,,,,,
chesca_mesh,573,22,6,0,10.553572679686264,10.553572679686262,-1.7763568394002505e-15,8.766705513000488,0.4173157880552162,90,,,,,,,,,
chesca_mesh,574,23,6,6,10.051500999975408,9.175500999975409,-0.8759999999999994,8.766705513000488,0.24853032123241936,90,,,,,,,,,
chesca_mesh,575,24,6,6,11.525924631045596,10.649924631045598,-0.8759999999999977,8.799068450927734,0.6340935077209184,90,,,,,,,,,
chesca_mesh,576,1,6,6,10.931188284217033,10.055188284217031,-0.8760000000000012,8.799068450927734,0.24327969248418138,90,,,,,,,,,
chesca_mesh,577,2,6,6,9.91328121414487,9.03728121414487,-0.8759999999999994,8.799068450927734,0.2538358360282723,90,,,,,,,,,
chesca_mesh,578,3,6,6,8.115214653046646,8.991214653046645,0.8759999999999994,8.766705513000488,-0.11621527066204176,90,,,,,,,,,
chesca_mesh,579,4,6,6,7.0570287509757375,7.933028750975737,0.8759999999999994,8.799068450927734,-0.16499461741008753,90,,,,,,,,,
chesca_mesh,580,5,6,6,6.648139588703263,7.290061081908419,0.6419214932051567,8.799068450927734,-0.11096630682866473,90,,,,,,,,,
chesca_mesh,581,6,6,6,5.866314585095029,6.320837736503693,0.4545231514086634,8.799068450927734,-0.17033891332891615,90,,,,,,,,,
chesca_mesh,582,7,6,6,5.512234490569118,5.951512695457803,0.4392782048886845,8.799068450927734,-0.11551311470201614,90,,,,,,,,,
chesca_mesh,583,8,6,6,4.4796529438847115,4.848000753294174,0.3683478094094621,8.799068450927734,-0.1787222001970235,90,,,,,,,,,
chesca_mesh,584,9,6,6,3.240772837920062,3.5818383653652672,0.34106552744520524,8.799068450927734,-0.13595421181470715,90,,,,,,,,,
chesca_mesh,585,10,6,6,2.276495872435265,2.61601972014819,0.339523847712925,8.799068450927734,-0.11778241882131289,90,,,,,,,,,
chesca_mesh,586,11,6,6,1.3570714297370898,1.5918627866537802,0.2347913569166904,8.799068450927734,-0.23761278475849357,90,,,,,,,,,
chesca_mesh,587,12,6,0,1.666847051855499,1.6668470518554988,-2.220446049250313e-16,8.799068450927734,0.02010437196399798,90,,,,,,,,,
chesca_mesh,588,13,6,6,4.518637680433316,3.642637680433317,-0.875999999999999,8.799068450927734,0.20557213717739434,90,,,,,,,,,
chesca_mesh,589,14,6,6,5.531942943952594,4.655942943952594,-0.8760000000000003,8.799068450927734,0.18473809036441394,90,,,,,,,,,
chesca_mesh,590,15,6,6,7.053531170872947,6.177531170872947,-0.8760000000000003,8.799068450927734,0.11926132370450165,90,,,,,,,,,
chesca_mesh,591,16,6,6,7.883914922774483,7.007914922774483,-0.8760000000000003,8.799068450927734,0.41751904917482774,90,,,,,,,,,
chesca_mesh,592,17,6,6,9.130431205640976,8.254431205640977,-0.8759999999999994,8.799068450927734,0.3186828088614733,90,,,,,,,,,
chesca_mesh,593,18,6,6,11.552932530336708,10.676932530336709,-0.8759999999999994,8.825968742370605,0.9029385148952873,90,,,,,,,,,
chesca_mesh,594,19,6,6,13.080151724780423,12.204151724780424,-0.8759999999999994,8.825968742370605,0.9875946233975358,90,,,,,,,,,
chesca_mesh,595,20,6,6,13.250781567420187,12.374781567420188,-0.8759999999999994,8.825968742370605,0.8942786485283467,90,,,,,,,,,
chesca_mesh,596,21,6,6,11.797571637630462,10.921571637630462,-0.8759999999999994,8.825968742370605,0.3395067342957432,90,,,,,,,,,
chesca_mesh,597,22,6,0,10.558838904654877,10.558838904654877,0.0,8.825968742370605,0.03582663802544796,90,,,,,,,,,
chesca_mesh,598,23,6,6,9.910456421866453,9.034456421866453,-0.8759999999999994,8.83944034576416,0.24152881986270294,90,,,,,,,,,
chesca_mesh,599,24,6,6,10.680546963035493,9.804546963035493,-0.8759999999999994,8.825968742370605,0.2484172779371497,90,,,,,,,,,
chesca_mesh,600,1,6,6,9.651190084525716,8.775190084525715,-0.8760000000000012,8.825968742370605,0.47078526575264706,90,,,,,,,,,
chesca_mesh,601,2,6,0,9.20781294731719,9.20781294731719,0.0,8.799068450927734,0.03433882092794939,90,,,,,,,,,
chesca_mesh,602,3,6,6,7.759274426884644,8.635274426884642,0.8759999999999986,8.825968742370605,-0.17719833729882112,90,,,,,,,,,
chesca_mesh,603,4,6,6,7.010282927005067,7.886282927005067,0.8760000000000003,8.83944034576416,-0.22401413218130256,90,,,,,,,,,
chesca_mesh,604,5,6,6,5.674911764521031,6.354290154592618,0.6793783900715864,8.83944034576416,-0.3036284463138462,90,,,,,,,,,
chesca_mesh,605,6,6,5,5.54721603565895,5.975855188278835,0.42863915261988517,8.83944034576416,-0.1070302429281132,90,,,,,,,,,
chesca_mesh,606,7,6,1,5.2662367641046615,5.426236764104661,0.15999999999999925,8.83944034576416,-0.07979795713063124,90,,,,,,,,,
chesca_mesh,607,8,6,0,5.2023183396136385,5.2023183396136385,0.0,8.825968742370605,0.06474437522412348,90,,,,,,,,,
chesca_mesh,608,9,6,6,5.1781667327597205,5.677981799521297,0.4998150667615766,8.83944034576416,-0.3927371977413516,90,,,,,,,,,
chesca_mesh,609,10,6,6,1.8116157624877387,2.0558179306116973,0.24420216812395856,8.83944034576416,-0.21704417855986008,90,,,,,,,,,
chesca_mesh,610,11,6,3,2.5346184199005326,2.6562553151669785,0.12163689526644594,8.83944034576416,-0.10941434870861204,90,,,,,,,,,
chesca_mesh,611,12,6,6,4.617411887560699,3.7414118875607,-0.8759999999999994,8.83944034576416,0.1411644594841644,90,,,,,,,,,
chesca_mesh,612,13,6,6,5.01226640140187,5.629470460775727,0.617204059373857,8.865001678466797,-0.5826941357033458,90,,,,,,,,,
chesca_mesh,613,14,6,0,3.892955632265767,3.892955632265767,0.0,8.865001678466797,0.06597847758959363,90,,,,,,,,,
chesca_mesh,614,15,6,6,6.448707622734459,5.572707622734459,-0.8760000000000003,8.865001678466797,0.1953321910383888,90,,,,,,,,,
chesca_mesh,615,16,6,6,7.928876065239737,7.052876065239738,-0.8759999999999986,8.865001678466797,0.275438132472153,90,,,,,,,,,
chesca_mesh,616,17,6,6,9.432827069671784,8.556827069671783,-0.8760000000000012,8.865001678466797,0.27796573060525187,90,,,,,,,,,
chesca_mesh,617,18,6,6,13.159545830048621,12.283545830048622,-0.8759999999999994,8.865001678466797,1.3665413518053924,90,,,,,,,,,
chesca_mesh,618,19,6,6,15.968584492509954,15.092584492509953,-0.8760000000000012,8.865001678466797,1.98695414523152,90,,,,,,,,,
chesca_mesh,619,20,6,6,13.920974277486023,13.044974277486023,-0.8759999999999994,8.865001678466797,0.8833191044697247,90,,,,,,,,,
chesca_mesh,620,21,6,6,12.481755392200336,11.605755392200336,-0.8759999999999994,8.865001678466797,0.7250237704921241,90,,,,,,,,,
chesca_mesh,621,22,6,0,9.15591593260818,9.15591593260818,0.0,8.865001678466797,-0.0562520289349803,90,,,,,,,,,
chesca_mesh,622,23,6,6,10.055379682338508,9.179379682338507,-0.8760000000000012,8.865001678466797,0.3186654445555846,90,,,,,,,,,
chesca_mesh,623,24,6,6,11.06496084648243,10.18896084648243,-0.8759999999999994,8.899009704589844,0.44586999195067206,90,,,,,,,,,
chesca_mesh,624,1,6,6,10.295218004458222,9.419218004458223,-0.8759999999999994,8.899009704589844,0.35646873574646587,90,,,,,,,,,
chesca_mesh,625,2,6,6,10.286838844379806,9.410838844379807,-0.8759999999999994,8.899009704589844,0.15546160283529037,90,,,,,,,,,
chesca_mesh,626,3,6,0,8.093696026119739,8.093696026119739,0.0,8.879382133483887,-0.048977863961904324,90,,,,,,,,,
chesca_mesh,627,4,6,0,7.23960404445954,7.23960404445954,0.0,8.879382133483887,0.02518126153085093,90,,,,,,,,,
chesca_mesh,628,5,6,6,6.458638771283366,5.582638771283365,-0.8760000000000003,8.879382133483887,0.12146585000112001,90,,,,,,,,,
chesca_mesh,629,6,6,6,6.329600231823296,5.4536002318232955,-0.8760000000000003,8.879382133483887,0.2069183491304633,90,,,,,,,,,
chesca_mesh,630,7,6,6,5.379727784172987,4.503727784172986,-0.8760000000000012,8.879382133483887,0.1989866732094852,90,,,,,,,,,
chesca_mesh,631,8,6,6,5.119248438370813,4.243248438370813,-0.8760000000000003,8.879382133483887,0.1697940461823361,90,,,,,,,,,
chesca_mesh,632,9,6,6,5.245579177016259,4.369579177016259,-0.8759999999999994,8.879382133483887,0.22327493193509934,90,,,,,,,,,
chesca_mesh,633,10,6,6,4.118181762903587,3.2421817629035874,-0.8759999999999999,8.879382133483887,0.12176000108373214,90,,,,,,,,,
chesca_mesh,634,11,6,6,5.22969777593825,4.35369777593825,-0.8760000000000003,8.879382133483887,0.4052663443522924,90,,,,,,,,,
chesca_mesh,635,12,6,6,2.4346065205313163,1.5586065205313162,-0.8760000000000001,8.879382133483887,0.24107358600965473,90,,,,,,,,,
chesca_mesh,636,13,6,6,2.5275347973863056,1.6515347973863055,-0.8760000000000001,8.879382133483887,0.30279487506051295,90,,,,,,,,,
chesca_mesh,637,14,6,6,4.960291898952365,4.0842918989523636,-0.8760000000000012,8.879382133483887,0.33341541560519805,90,,,,,,,,,
chesca_mesh,638,15,6,6,7.602925156508897,6.726925156508895,-0.8760000000000021,8.879382133483887,0.10767977100049045,90,,,,,,,,,
chesca_mesh,639,16,6,6,8.402867736300525,7.526867736300526,-0.8759999999999994,8.879382133483887,0.0893267262891702,90,,,,,,,,,
chesca_mesh,640,17,6,6,8.327786317480413,7.451786317480413,-0.8760000000000003,8.865001678466797,0.12190261802870818,90,,,,,,,,,
chesca_mesh,641,18,6,3,7.73218064693019,7.2521806469301895,-0.4800000000000004,8.83944034576416,0.07914315705329956,90,,,,,,,,,
chesca_mesh,642,19,6,6,9.67209724792226,8.79609724792226,-0.8759999999999994,8.825885772705078,0.2818786527987724,90,,,,,,,,,
chesca_mesh,643,20,6,0,10.210027441340728,10.210027441340726,-1.7763568394002505e-15,8.825885772705078,-0.01648953530106209,90,,,,,,,,,
chesca_mesh,644,21,6,0,8.144262100114673,8.144262100114673,0.0,8.825885772705078,-0.056396806155926654,90,,,,,,,,,
chesca_mesh,645,22,6,6,7.311219764190733,8.187219764190733,0.8759999999999994,8.825885772705078,-0.21340838950213137,90,,,,,,,,,
chesca_mesh,646,23,6,6,8.058279202758511,7.18227920275851,-0.8760000000000012,8.798967361450195,0.13551414263029143,90,,,,,,,,,
chesca_mesh,647,24,6,6,8.430320760486863,7.554320760486863,-0.8759999999999994,8.766331672668457,0.12286991602016926,90,,,,,,,,,
chesca_mesh,648,1,6,6,7.605601089674987,6.729601089674987,-0.8759999999999994,8.73600959777832,0.11559706584214555,90,,,,,,,,,
chesca_mesh,649,2,6,6,8.335002011239192,7.459002011239192,-0.8760000000000003,8.656401634216309,0.22646391292108464,90,,,,,,,,,
chesca_mesh,650,3,6,6,6.768995268656127,5.892995268656127,-0.8760000000000003,8.591723442077637,0.10592010988600532,90,,,,,,,,,
chesca_mesh,651,4,6,6,7.38495130747106,6.50895130747106,-0.8760000000000003,8.523984909057617,0.22782834305531835,90,,,,,,,,,
chesca_mesh,652,5,6,6,5.227665993310781,4.35166599331078,-0.8760000000000012,8.438285827636719,0.08817052201150204,90,,,,,,,,,
chesca_mesh,653,6,6,6,5.859160436276511,4.983160436276512,-0.8759999999999994,8.438285827636719,0.15973260773731734,90,,,,,,,,,
chesca_mesh,654,7,6,6,5.52469798039892,4.64869798039892,-0.8760000000000003,8.438285827636719,0.10335658364066241,90,,,,,,,,,
chesca_mesh,655,8,6,0,5.411510783325018,5.411510783325018,0.0,8.438285827636719,-0.01897716040091796,90,,,,,,,,,
chesca_mesh,656,9,6,0,5.79699332417627,5.79699332417627,0.0,8.438285827636719,0.04942578896996508,90,,,,,,,,,
chesca_mesh,657,10,6,6,4.576955030632973,5.174071712436208,0.597116681803235,8.529105186462402,-0.4073448596654924,90,,,,,,,,,
chesca_mesh,658,11,6,0,4.071206059775751,4.071206059775752,8.881784197001252e-16,8.529105186462402,0.0672177305467951,90,,,,,,,,,
chesca_mesh,659,12,6,6,4.147111547028215,3.2711115470282146,-0.8760000000000008,8.529105186462402,0.10654152566721216,90,,,,,,,,,
chesca_mesh,660,13,6,6,3.9312836339289907,3.055283633928991,-0.8759999999999999,8.529105186462402,0.1647327223442384,90,,,,,,,,,
chesca_mesh,661,14,6,6,3.6602456373027654,2.7842456373027655,-0.8759999999999999,8.529105186462402,0.1186517787098061,90,,,,,,,,,
chesca_mesh,662,15,6,6,4.509862484031388,3.633862484031389,-0.8759999999999994,8.529105186462402,0.10819038307595673,90,,,,,,,,,
chesca_mesh,663,16,6,6,4.40579874926725,3.5297987492672505,-0.8759999999999994,8.529105186462402,0.4175924160661207,90,,,,,,,,,
chesca_mesh,664,17,6,6,6.434196854816155,5.558196854816154,-0.8760000000000003,8.529105186462402,0.300919856632771,90,,,,,,,,,
chesca_mesh,665,18,6,6,7.746989923765515,6.8709899237655145,-0.8760000000000003,8.529105186462402,0.401954351668085,90,,,,,,,,,
chesca_mesh,666,19,6,6,7.6870187689655705,6.811018768965571,-0.8759999999999994,8.438285827636719,0.11683419598363953,90,,,,,,,,,
chesca_mesh,667,20,6,6,8.440977859494858,7.564977859494857,-0.8760000000000003,8.41698169708252,0.11611733869003565,90,,,,,,,,,
chesca_mesh,668,21,6,6,8.624877622259824,7.7488776222598235,-0.8760000000000003,8.394272804260254,0.20825296197806664,90,,,,,,,,,
chesca_mesh,669,22,6,6,7.659559640491947,8.535559640491947,0.8759999999999994,8.394272804260254,-0.9812506507835146,90,,,,,,,,,
chesca_mesh,670,23,6,0,7.8988381381449875,7.898838138144988,8.881784197001252e-16,8.394272804260254,-0.05383263838071069,90,,,,,,,,,
chesca_mesh,671,24,6,0,7.667909970909281,7.667909970909281,0.0,8.331095695495605,0.048188457480616786,90,,,,,,,,,
chesca_mesh,672,1,6,6,8.832951026554541,7.956951026554541,-0.8760000000000003,8.254999160766602,0.0943391323662296,90,,,,,,,,,
chesca_mesh,673,2,6,6,8.134066281282578,7.258066281282579,-0.8759999999999994,8.228508949279785,0.13347642027687212,90,,,,,,,,,
chesca_mesh,674,3,6,0,7.024449545688913,7.024449545688913,0.0,8.228508949279785,-0.02352793640364953,90,,,,,,,,,
chesca_mesh,675,4,6,0,5.8865869064359,5.886586906435899,-8.881784197001252e-16,8.228508949279785,0.04273355254126876,90,,,,,,,,,
chesca_mesh,676,5,6,6,5.285524607341622,4.4095246073416225,-0.8759999999999994,8.228508949279785,0.13372710262694162,90,,,,,,,,,
chesca_mesh,677,6,6,6,5.321975137426488,4.445975137426488,-0.8760000000000003,8.228508949279785,0.18057905644392144,90,,,,,,,,,
chesca_mesh,678,7,6,6,5.2052499777863215,4.329249977786322,-0.8759999999999994,8.189209938049316,0.14517434424564998,90,,,,,,,,,
chesca_mesh,679,8,6,5,7.0322866897492915,6.288286689749292,-0.7439999999999998,8.189209938049316,0.3126810419864824,90,,,,,,,,,
chesca_mesh,680,9,6,6,2.2705726973263127,1.3945726973263128,-0.8759999999999999,8.189209938049316,0.2066871907834926,90,,,,,,,,,
chesca_mesh,681,10,6,0,1.7956887628306442,1.7956887628306444,2.220446049250313e-16,8.189209938049316,0.06868994284341795,90,,,,,,,,,
chesca_mesh,682,11,6,6,-0.5204642707039293,-0.10377646172611377,0.41668780897781554,8.189209938049316,-0.1672293113403752,90,,,,,,,,,
chesca_mesh,683,12,6,6,0.963174382976768,0.08717438297676802,-0.876,8.189209938049316,0.09161636967419662,90,,,,,,,,,
chesca_mesh,684,13,6,6,4.134720398525658,3.258720398525658,-0.8760000000000003,8.189209938049316,0.37719412811654496,90,,,,,,,,,
chesca_mesh,685,14,6,0,4.677062009605564,4.677062009605564,0.0,8.189209938049316,0.058910369104758824,90,,,,,,,,,
chesca_mesh,686,15,6,0,6.3229763422902625,6.3229763422902625,0.0,8.189209938049316,0.04946846840220999,90,,,,,,,,,
chesca_mesh,687,16,6,6,6.661963555332282,5.785963555332281,-0.8760000000000003,8.189209938049316,0.33859470765110616,90,,,,,,,,,
chesca_mesh,688,17,6,6,7.045483540981637,6.169483540981639,-0.8759999999999986,8.189209938049316,0.4403507211194624,90,,,,,,,,,
chesca_mesh,689,18,6,6,7.746999808420841,6.870999808420842,-0.8759999999999994,8.189209938049316,0.3618037397680378,90,,,,,,,,,
chesca_mesh,690,19,6,0,9.486286502376979,9.486286502376979,0.0,8.228508949279785,0.03904542124989337,90,,,,,,,,,
chesca_mesh,691,20,6,6,9.071527401450194,8.195527401450194,-0.8759999999999994,8.228508949279785,0.1416231709323363,90,,,,,,,,,
chesca_mesh,692,21,6,6,10.512540020581753,9.636540020581753,-0.8759999999999994,8.316732406616211,0.45733621990840223,90,,,,,,,,,
chesca_mesh,693,22,6,1,8.076829398513942,7.916829398513942,-0.16000000000000014,8.316732406616211,0.12527565767690177,90,,,,,,,,,
chesca_mesh,694,23,6,6,7.774969119819628,6.898969119819628,-0.8759999999999994,8.316732406616211,0.12338709498184766,90,,,,,,,,,
chesca_mesh,695,24,6,6,8.2060008563117,7.330000856311699,-0.8760000000000012,8.316732406616211,0.10166990672788849,90,,,,,,,,,
chesca_mesh,696,1,6,6,8.922146227855016,8.046146227855013,-0.876000000000003,8.316732406616211,0.15071473190801488,90,,,,,,,,,
chesca_mesh,697,2,6,0,7.893244863966081,7.89324486396608,-8.881784197001252e-16,8.316732406616211,0.03394381402663729,90,,,,,,,,,
chesca_mesh,698,3,6,6,6.1049822187773195,6.980982218777319,0.8759999999999994,8.316732406616211,-0.11286375722570416,90,,,,,,,,,
chesca_mesh,699,4,6,6,5.219613582695421,6.095613582695421,0.8760000000000003,8.316732406616211,-0.1096774018450706,90,,,,,,,,,
chesca_mesh,700,5,6,0,4.426070151330234,4.426070151330234,0.0,8.316732406616211,-0.07835837833099597,90,,,,,,,,,
chesca_mesh,701,6,6,6,4.579918576674157,3.7039185766741567,-0.8759999999999999,8.316732406616211,0.1214131202800894,90,,,,,,,,,
chesca_mesh,702,7,6,6,4.300048339016353,3.424048339016353,-0.8759999999999999,8.316732406616211,0.16913224830608797,90,,,,,,,,,
chesca_mesh,703,8,6,6,4.338069989305363,3.462069989305363,-0.8759999999999999,8.316732406616211,0.12321622870897724,90,,,,,,,,,
chesca_mesh,704,9,6,6,4.293436485748921,3.417436485748922,-0.875999999999999,8.316732406616211,0.09229864997620421,90,,,,,,,,,
chesca_mesh,705,10,6,0,2.7146924955331793,2.7146924955331793,0.0,8.228508949279785,0.03974156768397047,90,,,,,,,,,
chesca_mesh,706,11,6,3,3.431711366953218,3.6855410967269995,0.2538297297737815,8.228508949279785,-0.09650330293609687,90,,,,,,,,,
chesca_mesh,707,12,6,0,2.853744268084326,2.853744268084326,0.0,8.228508949279785,0.049543637826290475,90,,,,,,,,,
chesca_mesh,708,13,6,6,4.09479501975143,3.2187950197514303,-0.8759999999999999,8.228508949279785,0.11687261082163133,90,,,,,,,,,
chesca_mesh,709,14,6,6,5.010764368201423,4.134764368201423,-0.8760000000000003,8.228508949279785,0.09832385929597556,90,,,,,,,,,
chesca_mesh,710,15,6,6,6.21921967290287,5.34321967290287,-0.8760000000000003,8.228508949279785,0.14516285236177712,90,,,,,,,,,
chesca_mesh,711,16,6,6,7.57155749769254,6.695557497692539,-0.8760000000000012,8.16894817352295,0.29512493189937794,90,,,,,,,,,
chesca_mesh,712,17,6,6,9.308581455399349,8.432581455399351,-0.8759999999999977,8.16894817352295,0.6779030077299043,90,,,,,,,,,
chesca_mesh,713,18,6,6,10.683768700000876,9.807768700000874,-0.8760000000000012,8.081000328063965,0.9997166409420997,90,,,,,,,,,
chesca_mesh,714,19,6,6,12.97049017362669,12.09449017362669,-0.8759999999999994,8.081000328063965,1.385391669358147,90,,,,,,,,,
chesca_mesh,715,20,6,6,11.164866232203154,10.288866232203153,-0.8760000000000012,8.081000328063965,0.5067939079407443,90,,,,,,,,,
chesca_mesh,716,21,6,6,11.207233110866802,10.331233110866803,-0.8759999999999994,8.081000328063965,0.6122591690142907,90,,,,,,,,,
chesca_mesh,717,22,6,1,9.948332896691634,9.788332896691632,-0.16000000000000192,8.081000328063965,0.4306341747015418,90,,,,,,,,,
chesca_mesh,718,23,6,6,8.703877364122606,7.827877364122606,-0.8760000000000003,8.040322303771973,0.3328607890419099,90,,,,,,,,,
chesca_mesh,719,24,6,6,10.972176102317253,10.096176102317255,-0.8759999999999977,7.9853434562683105,0.8421709316041421,90,,,,,,,,,
chesca_mesh,720,1,6,6,9.27414676534149,8.398146765341489,-0.8760000000000012,7.9853434562683105,0.3020804383711288,90,,,,,,,,,
chesca_mesh,721,2,6,6,9.618317057452716,8.742317057452714,-0.8760000000000012,7.9853434562683105,0.2365821020042621,90,,,,,,,,,
chesca_mesh,722,3,6,6,8.429770591063676,7.553770591063675,-0.8760000000000003,7.9853434562683105,0.41197898502775,90,,,,,,,,,
chesca_mesh,723,4,6,0,7.987766343206776,7.987766343206776,0.0,7.921639919281006,0.05870543935430296,90,,,,,,,,,
chesca_mesh,724,5,6,6,5.7770513165840764,6.653051316584078,0.8760000000000012,7.905206680297852,-0.10129364454659626,90,,,,,,,,,
chesca_mesh,725,6,6,0,5.798992981007053,5.798992981007052,-8.881784197001252e-16,7.905206680297852,-0.046348186726986616,90,,,,,,,,,
chesca_mesh,726,7,6,0,5.03582022724282,5.03582022724282,0.0,7.905206680297852,0.03888060376802785,90,,,,,,,,,
chesca_mesh,727,8,6,0,4.265047678501373,4.2650476785013725,-8.881784197001252e-16,7.905206680297852,-0.010232895706355556,90,,,,,,,,,
chesca_mesh,728,9,6,6,2.7493717781085447,3.2372731333529536,0.4879013552444089,7.905206680297852,-0.17974514041712045,90,,,,,,,,,
chesca_mesh,729,10,6,6,1.21239879269912,1.5652130543004545,0.35281426160133456,7.905206680297852,-0.15878888257087598,90,,,,,,,,,
chesca_mesh,730,11,6,0,2.043535952815223,2.0435359528152226,-4.440892098500626e-16,7.905206680297852,0.06273439025319154,90,,,,,,,,,
chesca_mesh,731,12,6,6,2.575494565375301,1.699494565375301,-0.8760000000000001,7.905206680297852,0.09327248542201783,90,,,,,,,,,
chesca_mesh,732,13,6,6,4.564857691396872,3.688857691396872,-0.8760000000000003,7.858193874359131,0.20435132012021068,90,,,,,,,,,
chesca_mesh,733,14,6,6,7.211284580148452,6.335284580148452,-0.8760000000000003,7.858193874359131,0.32965390094225083,90,,,,,,,,,
chesca_mesh,734,15,6,6,8.567174953863628,7.691174953863628,-0.8759999999999994,7.858193874359131,0.18229213272291087,90,,,,,,,,,
chesca_mesh,735,16,6,6,9.992547374170966,9.116547374170965,-0.8760000000000012,7.905206680297852,0.2379479513131693,90,,,,,,,,,
chesca_mesh,736,17,6,6,12.740209541063901,11.864209541063902,-0.8759999999999994,7.858193874359131,1.8787493847935095,90,,,,,,,,,
chesca_mesh,737,18,6,6,12.702558895117207,11.82655889511721,-0.8759999999999977,7.858193874359131,1.5242080105603624,90,,,,,,,,,
chesca_mesh,738,19,6,6,14.570005237608855,13.694005237608852,-0.876000000000003,7.858193874359131,1.8991982406024923,90,,,,,,,,,
chesca_mesh,739,20,6,6,14.449365726172969,13.573365726172968,-0.8760000000000012,7.858193874359131,1.6032758551437514,90,,,,,,,,,
chesca_mesh,740,21,6,6,13.58928856931068,12.713288569310679,-0.8760000000000012,7.858193874359131,1.4706306197718637,90,,,,,,,,,
chesca_mesh,741,22,6,6,10.986030171106911,10.11003017110691,-0.8760000000000012,7.858193874359131,0.5952016390801894,90,,,,,,,,,
chesca_mesh,742,23,6,6,11.720408406929849,10.844408406929848,-0.8760000000000012,7.811989784240723,1.1643877630678212,90,,,,,,,,,
chesca_mesh,743,24,6,6,10.749462885039518,9.87346288503952,-0.8759999999999977,7.811989784240723,0.5399943822531854,90,,,,,,,,,
chesca_mesh,744,1,6,6,10.966333881740734,10.090333881740733,-0.8760000000000012,7.811989784240723,0.6623873080919445,90,,,,,,,,,
chesca_mesh,745,2,6,6,10.29084115058056,9.414841150580559,-0.8760000000000012,7.811989784240723,0.33450204730058164,90,,,,,,,,,
chesca_mesh,746,3,6,6,9.452590451478642,8.57659045147864,-0.8760000000000012,7.811989784240723,0.14563622535341447,90,,,,,,,,,
chesca_mesh,747,4,6,6,9.041630026835008,8.16563002683501,-0.8759999999999977,7.811989784240723,0.3140883212199441,90,,,,,,,,,
chesca_mesh,748,5,6,6,6.959476548308005,7.835476548308004,0.8759999999999994,7.858193874359131,-0.11195457855962955,90,,,,,,,,,
chesca_mesh,749,6,6,6,5.869924204930697,6.665924204930697,0.7959999999999994,7.858193874359131,-0.12366027254929124,90,,,,,,,,,
chesca_mesh,750,7,6,6,5.4127293611177425,6.102490487162076,0.6897611260443339,7.858193874359131,-0.14847817650072406,90,,,,,,,,,
chesca_mesh,751,8,6,0,4.9228502657872655,4.9228502657872655,0.0,7.858193874359131,-0.03326872433417593,90,,,,,,,,,
chesca_mesh,752,9,6,0,3.825846828629574,3.825846828629574,0.0,7.858193874359131,-0.02053901170927356,90,,,,,,,,,
chesca_mesh,753,10,6,0,3.409421468823814,3.4094214688238145,4.440892098500626e-16,7.858193874359131,-0.009426798830559437,90,,,,,,,,,
chesca_mesh,754,11,6,0,2.5084197963423307,2.5084197963423307,0.0,7.858193874359131,0.011504480892237913,90,,,,,,,,,
chesca_mesh,755,12,6,6,4.0918784654566505,3.21587846545665,-0.8760000000000003,7.858193874359131,0.19485603562728898,90,,,,,,,,,
chesca_mesh,756,13,6,6,5.062029216260832,4.186029216260832,-0.8760000000000003,7.858193874359131,0.24451394105375307,90,,,,,,,,,
chesca_mesh,757,14,6,6,6.58355560297816,5.707555602978161,-0.8759999999999994,7.858193874359131,0.11611512653060745,90,,,,,,,,,
chesca_mesh,758,15,6,6,7.892164699881369,7.016164699881369,-0.8760000000000003,7.858193874359131,0.14999800941451397,90,,,,,,,,,
chesca_mesh,759,16,6,6,9.601172860409699,8.7251728604097,-0.8759999999999994,7.858193874359131,0.6631435704009802,90,,,,,,,,,
chesca_mesh,760,17,6,6,14.04730026221635,13.171300262216347,-0.876000000000003,7.858193874359131,2.1710373565088448,90,,,,,,,,,
chesca_mesh,761,18,6,6,10.730581751906957,9.854581751906958,-0.8759999999999994,7.858193874359131,0.30525500849663556,90,,,,,,,,,
chesca_mesh,762,19,6,6,14.436514447484008,13.560514447484008,-0.8759999999999994,7.858193874359131,1.4335293968731013,90,,,,,,,,,
chesca_mesh,763,20,6,6,12.193272169828413,11.317272169828414,-0.8759999999999994,7.858193874359131,0.8039413100806481,90,,,,,,,,,
chesca_mesh,764,21,6,6,12.939954301557695,12.063954301557693,-0.8760000000000012,7.858193874359131,1.1303661898349104,90,,,,,,,,,
chesca_mesh,765,22,6,6,11.34157865657746,10.46557865657746,-0.8759999999999994,7.858193874359131,0.5967078731455708,90,,,,,,,,,
chesca_mesh,766,23,6,6,10.61517197611735,9.73917197611735,-0.8760000000000012,7.858193874359131,0.6287351520614298,90,,,,,,,,,
chesca_mesh,767,24,6,6,11.298041503377926,10.422041503377926,-0.8759999999999994,7.858193874359131,0.7916068558741358,90,,,,,,,,,
chesca_mesh,768,1,6,6,11.182795748387631,10.306795748387632,-0.8759999999999994,7.858193874359131,0.6667803183458368,90,,,,,,,,,
chesca_mesh,769,2,6,6,10.267642679888212,9.391642679888212,-0.8759999999999994,7.858193874359131,0.3544790477747489,90,,,,,,,,,
chesca_mesh,770,3,6,6,9.042996936720641,8.166996936720642,-0.8759999999999994,7.858193874359131,0.24671895247047734,90,,,,,,,,,
chesca_mesh,771,4,6,6,8.555687392555072,7.6796873925550715,-0.8760000000000003,7.858193874359131,0.3664155710010931,90,,,,,,,,,
chesca_mesh,772,5,6,0,7.07608760949518,7.076087609495179,-8.881784197001252e-16,7.811989784240723,0.019392140319441094,90,,,,,,,,,
chesca_mesh,773,6,6,0,6.418748543764918,6.418748543764918,0.0,7.811989784240723,0.033748369244111356,90,,,,,,,,,
chesca_mesh,774,7,6,6,6.067726453841557,5.191726453841556,-0.8760000000000003,7.811989784240723,0.09608985548961087,90,,,,,,,,,
chesca_mesh,775,8,6,6,6.197261490728059,5.321261490728058,-0.8760000000000012,7.811989784240723,0.11294345845037652,90,,,,,,,,,
chesca_mesh,776,9,6,0,3.6158175461491373,3.6158175461491373,0.0,7.804702281951904,-0.0032540576446006553,90,,,,,,,,,
chesca_mesh,777,10,6,6,4.201343633715881,3.3253436337158826,-0.8759999999999986,7.804702281951904,0.0919344235620953,90,,,,,,,,,
chesca_mesh,778,11,6,6,4.233002225040373,3.3570022250403735,-0.8759999999999994,7.804702281951904,0.12458252485476239,90,,,,,,,,,
chesca_mesh,779,12,6,6,5.1543999854069265,4.278399985406926,-0.8760000000000003,7.804702281951904,0.13708816221572845,90,,,,,,,,,
chesca_mesh,780,13,6,6,8.029251536004818,7.153251536004817,-0.8760000000000012,7.771617412567139,0.14295196853504782,90,,,,,,,,,
chesca_mesh,781,14,6,6,7.7220064699400055,8.505334766081196,0.7833282961411907,7.804702281951904,-0.1744254198143303,90,,,,,,,,,
chesca_mesh,782,15,6,5,6.521893394378921,7.237893394378919,0.7159999999999984,7.811989784240723,-0.0914511280877898,90,,,,,,,,,
chesca_mesh,783,16,6,6,6.894988268855229,6.018988268855229,-0.8760000000000003,7.811989784240723,0.11348221432970586,90,,,,,,,,,
chesca_mesh,784,17,6,6,8.81671394169384,7.940713941693839,-0.8760000000000003,7.811989784240723,0.2032216401450887,90,,,,,,,,,
chesca_mesh,785,18,6,0,7.261102364325085,7.261102364325086,8.881784197001252e-16,7.804702281951904,0.04447106393498067,90,,,,,,,,,
chesca_mesh,786,19,6,6,9.363868968412827,8.487868968412828,-0.8759999999999994,7.771617412567139,0.2882406703247248,90,,,,,,,,,
chesca_mesh,787,20,6,6,9.837111525714704,8.961111525714706,-0.8759999999999977,7.745217323303223,0.4356404492832512,90,,,,,,,,,
chesca_mesh,788,21,6,6,9.351399562474489,8.47539956247449,-0.8759999999999994,7.745217323303223,0.24872070003043312,90,,,,,,,,,
chesca_mesh,789,22,6,2,8.38274832090756,8.062748320907557,-0.32000000000000206,7.745217323303223,0.09701246150082965,90,,,,,,,,,
chesca_mesh,790,23,6,6,6.9713776687524165,7.847377668752417,0.8760000000000003,7.745217323303223,-0.6379951137497191,90,,,,,,,,,
chesca_mesh,791,24,6,6,8.22193127908058,7.345931279080581,-0.8759999999999994,7.7302045822143555,0.20664760726775327,90,,,,,,,,,
chesca_mesh,792,1,6,6,10.269918946921258,9.393918946921257,-0.8760000000000012,7.7302045822143555,0.40137666100605746,90,,,,,,,,,
chesca_mesh,793,2,6,6,10.442921826737594,9.566921826737595,-0.8759999999999994,7.7302045822143555,0.5002026192189886,90,,,,,,,,,
chesca_mesh,794,3,6,6,6.248852802515031,7.124852802515031,0.8760000000000003,7.7302045822143555,-0.3721467234325548,90,,,,,,,,,
chesca_mesh,795,4,6,0,6.440370468337806,6.440370468337806,0.0,7.723376750946045,-0.004621375686134299,90,,,,,,,,,
chesca_mesh,796,5,6,0,6.320255644129956,6.320255644129956,0.0,7.723376750946045,0.06209982384332848,90,,,,,,,,,
chesca_mesh,797,6,6,6,7.058106790107673,6.182106790107671,-0.8760000000000021,7.723376750946045,0.11181135367329859,90,,,,,,,,,
chesca_mesh,798,7,6,6,5.511803473216813,6.203172395190302,0.6913689219734893,7.723376750946045,-0.1163829931994653,90,,,,,,,,,
chesca_mesh,799,8,6,4,5.095850755602833,5.562837792905237,0.46698703730240343,7.723376750946045,-0.09600935838560076,90,,,,,,,,,
chesca_mesh,800,9,6,0,5.506202003864866,5.506202003864866,0.0,7.723376750946045,0.008951980192426268,90,,,,,,,,,
chesca_mesh,801,10,6,0,6.194633750685882,6.194633750685881,-8.881784197001252e-16,7.723376750946045,-0.05263730892497578,90,,,,,,,,,
chesca_mesh,802,11,6,0,4.854547894475065,4.854547894475065,0.0,7.723376750946045,0.034368494723773374,90,,,,,,,,,
chesca_mesh,803,12,6,6,4.885324792779707,5.646836976142495,0.7615121833627878,7.723376750946045,-0.20214394669700825,90,,,,,,,,,
chesca_mesh,804,13,6,6,5.807754137850672,4.931754137850673,-0.8759999999999994,7.723376750946045,0.1014988791128798,90,,,,,,,,,
chesca_mesh,805,14,6,3,6.193253137233475,5.713253137233473,-0.4800000000000013,7.723376750946045,0.07814614488062499,90,,,,,,,,,
chesca_mesh,806,15,6,0,5.816809705424196,5.816809705424196,0.0,7.723376750946045,0.041678374398063725,90,,,,,,,,,
chesca_mesh,807,16,6,0,6.138120943022153,6.138120943022153,0.0,7.705862045288086,0.026790291510107367,90,,,,,,,,,
chesca_mesh,808,17,6,0,7.186066722562005,7.186066722562005,0.0,7.705862045288086,0.010656171552601859,90,,,,,,,,,
chesca_mesh,809,18,6,0,7.918741904088139,7.91874190408814,8.881784197001252e-16,7.662035942077637,0.027897625883200466,90,,,,,,,,,
chesca_mesh,810,19,6,6,8.696040337462364,7.820040337462364,-0.8759999999999994,7.705862045288086,0.5025114962270307,90,,,,,,,,,
chesca_mesh,811,20,6,6,10.210015641067587,9.334015641067587,-0.8759999999999994,7.662035942077637,0.4138590979795366,90,,,,,,,,,
chesca_mesh,812,21,6,6,11.52465291047825,10.648652910478251,-0.8759999999999994,7.662035942077637,0.8717138987941064,90,,,,,,,,,
chesca_mesh,813,22,6,6,10.376785660515278,9.500785660515279,-0.8759999999999994,7.662035942077637,0.5801206900657785,90,,,,,,,,,
chesca_mesh,814,23,6,6,8.223816740114248,7.347816740114249,-0.8759999999999994,7.621887683868408,0.5015940539854483,90,,,,,,,,,
chesca_mesh,815,24,6,6,8.740034867639777,7.864034867639777,-0.8759999999999994,7.602474212646484,0.3251158575872314,90,,,,,,,,,
chesca_mesh,816,1,6,6,9.421981854112843,8.545981854112842,-0.8760000000000012,7.621887683868408,0.22157547130681024,90,,,,,,,,,
chesca_mesh,817,2,6,6,8.903167162459159,8.027167162459158,-0.8760000000000012,7.662035942077637,0.27949017908977897,90,,,,,,,,,
chesca_mesh,818,3,6,6,6.837645967204132,7.713645967204132,0.8760000000000003,7.705862045288086,-0.18352315330460972,90,,,,,,,,,
chesca_mesh,819,4,6,6,6.920733690222395,7.7967336902223945,0.8759999999999994,7.705862045288086,-0.13825425795311888,90,,,,,,,,,
chesca_mesh,820,5,6,6,5.842288869001013,6.648058904506307,0.8057700355052937,7.705862045288086,-0.09330117736179654,90,,,,,,,,,
chesca_mesh,821,6,6,0,6.1791340776967125,6.179134077696712,-8.881784197001252e-16,7.705862045288086,-0.024149791191289276,90,,,,,,,,,
chesca_mesh,822,7,6,6,5.23800521023626,5.609733456188416,0.3717282459521565,7.705862045288086,-0.11358827005255145,90,,,,,,,,,
chesca_mesh,823,8,6,0,3.759655202050433,3.759655202050433,0.0,7.705862045288086,-0.08083021972096624,90,,,,,,,,,
chesca_mesh,824,9,6,0,3.612576451565748,3.612576451565748,0.0,7.705862045288086,0.051760363900215434,90,,,,,,,,,
chesca_mesh,825,10,6,6,1.3718926443972794,1.71609268819319,0.3442000437959105,7.662035942077637,-0.11046254473624442,90,,,,,,,,,
chesca_mesh,826,11,6,0,0.9995542236787197,0.9995542236787197,0.0,7.662035942077637,-0.058826373012898565,90,,,,,,,,,
chesca_mesh,827,12,6,6,2.158989298362548,1.2829892983625484,-0.8759999999999997,7.662035942077637,0.14639476004007773,90,,,,,,,,,
chesca_mesh,828,13,6,6,4.100278816975652,3.224278816975651,-0.8760000000000008,7.662035942077637,0.09908803651356932,90,,,,,,,,,
chesca_mesh,829,14,6,6,4.555339606014489,3.6793396060144894,-0.8759999999999999,7.662035942077637,0.09687983973731082,90,,,,,,,,,
chesca_mesh,830,15,6,6,6.400300543227477,5.524300543227477,-0.8759999999999994,7.662035942077637,0.09683024516370345,90,,,,,,,,,
chesca_mesh,831,16,6,6,6.420104355455523,5.544104355455523,-0.8760000000000003,7.662035942077637,0.14192781480289526,90,,,,,,,,,
chesca_mesh,832,17,6,6,6.396425890523578,7.272425890523578,0.8759999999999994,7.705862045288086,-0.19762306692860648,90,,,,,,,,,
chesca_mesh,833,18,6,6,8.007433188711389,7.131433188711387,-0.8760000000000012,7.723376750946045,0.12279916795719509,90,,,,,,,,,
chesca_mesh,834,19,6,6,8.906994361366069,9.782994361366068,0.8759999999999994,7.7302045822143555,-0.5434622755605506,90,,,,,,,,,
chesca_mesh,835,20,6,6,8.178521664381027,9.054521664381028,0.8760000000000012,7.745217323303223,-0.4084965095080101,90,,,,,,,,,
chesca_mesh,836,21,6,6,8.13729580743913,9.01329580743913,0.8759999999999994,7.759369373321533,-0.3402798120533091,90,,,,,,,,,
chesca_mesh,837,22,6,4,9.22350790777724,8.61150790777724,-0.6120000000000001,7.759369373321533,0.2566704794270408,90,,,,,,,,,
chesca_mesh,838,23,6,6,7.6800008967201485,8.556000896720148,0.8759999999999994,7.759369373321533,-0.3129252768590464,90,,,,,,,,,
chesca_mesh,839,24,6,0,7.338730985637671,7.33873098563767,-8.881784197001252e-16,7.745217323303223,-0.03300417742032305,90,,,,,,,,,
chesca_mesh,840,1,6,0,7.27061758324316,7.270617583243159,-8.881784197001252e-16,7.7302045822143555,0.03610003030816113,90,,,,,,,,,
chesca_mesh,841,2,6,0,6.661224859341192,6.661224859341193,8.881784197001252e-16,7.723376750946045,-0.04724469621877962,90,,,,,,,,,
chesca_mesh,842,3,6,0,6.275885154377904,6.275885154377904,0.0,7.705862045288086,0.0005469155224456582,90,,,,,,,,,
chesca_mesh,843,4,6,0,5.951875630869344,5.951875630869344,0.0,7.705862045288086,0.033778668390232455,90,,,,,,,,,
chesca_mesh,844,5,6,0,5.300293529170102,5.300293529170103,8.881784197001252e-16,7.705862045288086,0.010870813321603293,90,,,,,,,,,
chesca_mesh,845,6,6,6,6.3261520850109445,5.450152085010945,-0.8759999999999994,7.705862045288086,0.1409954397015982,90,,,,,,,,,
chesca_mesh,846,7,6,6,5.567220521595326,4.691220521595326,-0.8759999999999994,7.705862045288086,0.18907182252983107,90,,,,,,,,,
chesca_mesh,847,8,6,6,5.205553511175328,4.3295535111753285,-0.8759999999999994,7.705862045288086,0.11073432169176814,90,,,,,,,,,
chesca_mesh,848,9,6,6,5.217108217890844,4.3411082178908424,-0.8760000000000012,7.705862045288086,0.09226259759216345,90,,,,,,,,,
chesca_mesh,849,10,6,6,4.316856352615265,3.4408563526152656,-0.875999999999999,7.705862045288086,0.12692708123471091,90,,,,,,,,,
chesca_mesh,850,11,6,6,2.139199298147761,2.6911709080241586,0.5519716098763974,7.705862045288086,-0.20998700857993563,90,,,,,,,,,
chesca_mesh,851,12,6,6,0.6812031637551199,1.0608989161252218,0.3796957523701019,7.705862045288086,-0.10452529932475928,90,,,,,,,,,
chesca_mesh,852,13,6,6,2.1355932905385253,1.2595932905385248,-0.8760000000000006,7.705862045288086,0.14083458992604364,90,,,,,,,,,
chesca_mesh,853,14,6,0,1.9750527704400809,1.9750527704400809,0.0,7.705862045288086,0.01154145575294322,90,,,,,,,,,
chesca_mesh,854,15,6,6,3.5823464524260977,2.706346452426098,-0.8759999999999999,7.705862045288086,0.0842458470637123,90,,,,,,,,,
chesca_mesh,855,16,6,6,5.511141297201465,4.635141297201464,-0.8760000000000003,7.705862045288086,0.44282020446802645,90,,,,,,,,,
chesca_mesh,856,17,6,6,7.57480479516717,6.69880479516717,-0.8759999999999994,7.705862045288086,0.5355238513433938,90,,,,,,,,,
chesca_mesh,857,18,6,5,9.719517292384904,8.975517292384904,-0.7439999999999998,7.723376750946045,0.2306055468984451,90,,,,,,,,,
chesca_mesh,858,19,6,6,9.358090228428294,8.482090228428293,-0.8760000000000012,7.705862045288086,0.3513029679227194,90,,,,,,,,,
chesca_mesh,859,20,6,6,10.575933471527543,9.699933471527542,-0.8760000000000012,7.723376750946045,0.6916975224002271,90,,,,,,,,,
chesca_mesh,860,21,6,6,10.514398472209493,9.638398472209492,-0.8760000000000012,7.723376750946045,0.6575046473978086,90,,,,,,,,,
chesca_mesh,861,22,6,0,8.4369934996338,8.4369934996338,0.0,7.7302045822143555,-0.03204859049084813,90,,,,,,,,,
chesca_mesh,862,23,6,6,7.942828968660065,7.066828968660065,-0.8759999999999994,7.7302045822143555,0.2237572351291877,90,,,,,,,,,
chesca_mesh,863,24,6,6,9.185323722352871,8.309323722352872,-0.8759999999999994,7.7302045822143555,0.40125950186917697,90,,,,,,,,,
chesca_mesh,864,1,6,6,9.458258804961009,8.582258804961008,-0.8760000000000012,7.745217323303223,0.37671423158937384,90,,,,,,,,,
chesca_mesh,865,2,6,0,7.6850428413417475,7.6850428413417475,0.0,7.745217323303223,0.04130626817865715,90,,,,,,,,,
chesca_mesh,866,3,6,0,5.864273573556414,5.864273573556413,-8.881784197001252e-16,7.7401652336120605,0.00939057101963392,90,,,,,,,,,
chesca_mesh,867,4,6,6,6.02337555669381,5.14737555669381,-0.8759999999999994,7.7401652336120605,0.11057681597810068,90,,,,,,,,,
chesca_mesh,868,5,6,6,5.321275767240615,4.445275767240615,-0.8760000000000003,7.7401652336120605,0.1512118491642329,90,,,,,,,,,
chesca_mesh,869,6,6,6,5.503571623533957,4.627571623533958,-0.8759999999999986,7.7401652336120605,0.22144039275902472,90,,,,,,,,,
chesca_mesh,870,7,6,6,4.949735048804581,4.073735048804581,-0.8760000000000003,7.7401652336120605,0.18407675821336708,90,,,,,,,,,
chesca_mesh,871,8,6,6,3.93043130399019,3.0544313039901905,-0.8759999999999994,7.7401652336120605,0.14570042685630002,90,,,,,,,,,
chesca_mesh,872,9,6,0,4.861021231439066,4.861021231439067,8.881784197001252e-16,7.7401652336120605,0.051472361436751116,90,,,,,,,,,
chesca_mesh,873,10,6,6,3.876748670625634,4.461877980691927,0.5851293100662929,7.759369373321533,-0.7083186955671453,90,,,,,,,,,
chesca_mesh,874,11,6,6,3.7992083840832405,4.246474376223013,0.44726599213977236,7.759369373321533,-0.27665745875174186,90,,,,,,,,,
chesca_mesh,875,12,6,6,3.1295903039347204,3.4999175115601813,0.3703272076254609,7.759369373321533,-0.2409415235230782,90,,,,,,,,,
chesca_mesh,876,13,6,6,4.25463361621753,3.3786336162175283,-0.8760000000000012,7.759369373321533,0.08120723549507253,90,,,,,,,,,
chesca_mesh,877,14,6,6,7.543158306816319,6.66715830681632,-0.8759999999999994,7.759369373321533,0.43600445585975994,90,,,,,,,,,
chesca_mesh,878,15,6,6,5.8106704760385925,6.43833955046145,0.6276690744228572,7.795910835266113,-0.5244006272541177,90,,,,,,,,,
chesca_mesh,879,16,6,6,6.145180647883513,5.2691806478835135,-0.8759999999999994,7.795910835266113,0.09400901992971117,90,,,,,,,,,
chesca_mesh,880,17,6,6,7.549198563265147,6.673198563265147,-0.8760000000000003,7.795910835266113,0.5393574653553899,90,,,,,,,,,
chesca_mesh,881,18,6,6,8.644186282538934,7.768186282538933,-0.8760000000000012,7.795910835266113,0.48071309862138495,90,,,,,,,,,
chesca_mesh,882,19,6,6,9.469960657080946,8.593960657080945,-0.8760000000000012,7.759369373321533,0.37346501656684644,90,,,,,,,,,
chesca_mesh,883,20,6,6,8.429961608807627,7.553961608807626,-0.8760000000000012,7.759369373321533,0.5326342540802677,90,,,,,,,,,
chesca_mesh,884,21,6,6,8.975139286616194,8.099139286616195,-0.8759999999999994,7.7401652336120605,0.2571101641582926,90,,,,,,,,,
chesca_mesh,885,22,6,2,8.142654764922765,7.850654764922766,-0.2919999999999998,7.723376750946045,0.20701852881049643,90,,,,,,,,,
chesca_mesh,886,23,6,6,8.521410203515067,7.645410203515068,-0.8759999999999994,7.723376750946045,0.14911522236152458,90,,,,,,,,,
chesca_mesh,887,24,6,6,9.246651194210486,8.370651194210486,-0.8759999999999994,7.723376750946045,0.3410137347373149,90,,,,,,,,,
chesca_mesh,888,1,6,6,8.818824126779278,7.9428241267792785,-0.8759999999999994,7.723376750946045,0.35791358138770496,90,,,,,,,,,
chesca_mesh,889,2,6,0,7.724595941028346,7.724595941028347,8.881784197001252e-16,7.723376750946045,0.01398362076955511,90,,,,,,,,,
chesca_mesh,890,3,6,6,5.4477851707265845,6.323785170726584,0.8759999999999994,7.682466506958008,-0.11894663219808718,90,,,,,,,,,
chesca_mesh,891,4,6,6,5.264330409820806,6.071889612548112,0.8075592027273064,7.682466506958008,-0.09698154557836039,90,,,,,,,,,
chesca_mesh,892,5,6,6,4.746834857568897,5.22167151690489,0.4748366593359936,7.621887683868408,-0.10687750349699654,90,,,,,,,,,
chesca_mesh,893,6,6,0,4.737759919213162,4.737759919213162,0.0,7.621887683868408,-0.024582324508628094,90,,,,,,,,,
chesca_mesh,894,7,6,0,4.334969753483218,4.334969753483218,0.0,7.621887683868408,0.06418618030901559,90,,,,,,,,,
chesca_mesh,895,8,6,0,2.62635417073179,2.6263541707317906,4.440892098500626e-16,7.621887683868408,-0.08158408833666424,90,,,,,,,,,
chesca_mesh,896,9,6,6,1.8970486507413225,2.2614619762220363,0.3644133254807138,7.621887683868408,-0.5260526028622,90,,,,,,,,,
chesca_mesh,897,10,6,6,1.0330200882824898,1.2648146800809703,0.2317945917984805,7.68326473236084,-0.7808743986869056,90,,,,,,,,,
chesca_mesh,898,11,6,6,1.7550447812879555,2.0947266334133703,0.3396818521254148,7.725300312042236,-0.6717621302871984,90,,,,,,,,,
chesca_mesh,899,12,6,6,3.4777280670795436,2.6017280670795433,-0.8760000000000003,7.725300312042236,0.13912655945779095,90,,,,,,,,,
chesca_mesh,900,13,6,6,6.286135096912378,5.410135096912377,-0.8760000000000012,7.725300312042236,0.3059716603239898,90,,,,,,,,,
chesca_mesh,901,14,6,6,6.612397207473093,5.736397207473093,-0.8759999999999994,7.725300312042236,0.08983683306208261,90,,,,,,,,,
chesca_mesh,902,15,6,6,8.07521170688997,7.199211706889971,-0.8759999999999994,7.725300312042236,0.17420532145236028,90,,,,,,,,,
chesca_mesh,903,16,6,6,9.474626377098053,8.598626377098054,-0.8759999999999994,7.725300312042236,0.5769928232000147,90,,,,,,,,,
chesca_mesh,904,17,6,5,12.978646083991565,12.234646083991565,-0.7439999999999998,7.741204738616943,1.891695043782271,90,,,,,,,,,
chesca_mesh,905,18,6,6,10.509378751556595,9.633378751556595,-0.8759999999999994,7.741204738616943,0.678231710066366,90,,,,,,,,,
chesca_mesh,906,19,6,6,11.798144068337233,10.922144068337234,-0.8759999999999994,7.741204738616943,0.9119227185595062,90,,,,,,,,,
chesca_mesh,907,20,6,6,10.132464552086283,9.256464552086282,-0.8760000000000012,7.741204738616943,0.25348608408473244,90,,,,,,,,,
chesca_mesh,908,21,6,6,9.32622394392612,8.450223943926119,-0.8760000000000012,7.741204738616943,0.10617822611989496,90,,,,,,,,,
chesca_mesh,909,22,6,6,8.929949961174458,9.805949961174457,0.8759999999999994,7.741204738616943,-0.19390281910563945,90,,,,,,,,,
chesca_mesh,910,23,6,0,8.359581700678305,8.359581700678305,0.0,7.759369373321533,-0.06878998796040475,90,,,,,,,,,
chesca_mesh,911,24,6,0,8.528758251487641,8.528758251487641,0.0,7.759369373321533,-0.01043597699237539,90,,,,,,,,,
chesca_mesh,912,1,6,6,10.002885507936911,9.126885507936912,-0.8759999999999994,7.759369373321533,0.1974101429135599,90,,,,,,,,,
chesca_mesh,913,2,6,0,8.813830434363341,8.813830434363343,1.7763568394002505e-15,7.759369373321533,0.005926065910368095,90,,,,,,,,,
chesca_mesh,914,3,6,6,7.172818024554206,8.048818024554206,0.8760000000000003,7.759369373321533,-0.2801470403709265,90,,,,,,,,,
chesca_mesh,915,4,6,6,5.823826128842958,6.699826128842959,0.8760000000000012,7.741204738616943,-0.3698383155593701,90,,,,,,,,,
chesca_mesh,916,5,6,6,5.452376819094735,5.996934426903789,0.5445576078090539,7.725300312042236,-0.28824638655837076,90,,,,,,,,,
chesca_mesh,917,6,6,6,5.6733982791218835,5.920343501619722,0.24694522249783812,7.725300312042236,-0.17317914780830784,90,,,,,,,,,
chesca_mesh,918,7,6,6,5.826875365516605,6.168045237833173,0.34116987231656815,7.684535026550293,-0.1565072399548712,90,,,,,,,,,
chesca_mesh,919,8,6,6,4.784977965952441,5.142352280461279,0.3573743145088377,7.741204738616943,-0.796373214090421,90,,,,,,,,,
chesca_mesh,920,9,6,6,2.6456794387516602,2.876421972356533,0.23074253360487296,7.741204738616943,-0.4288406786848227,90,,,,,,,,,
chesca_mesh,921,10,6,6,3.665982430616187,3.8863340542414497,0.22035162362526295,7.741204738616943,-0.16403353322817016,90,,,,,,,,,
chesca_mesh,922,11,6,6,4.512588891841185,4.951100349045273,0.438511457204088,7.741204738616943,-0.22113957842380916,90,,,,,,,,,
chesca_mesh,923,12,6,6,4.456466643315741,4.884663330436201,0.4281966871204599,7.741204738616943,-0.1214342273247904,90,,,,,,,,,
chesca_mesh,924,13,6,6,5.545740694574209,6.062743190513291,0.5170024959390815,7.741204738616943,-0.11402872117578466,90,,,,,,,,,
chesca_mesh,925,14,6,6,4.407856919602618,4.862859423552467,0.4550025039498493,7.741204738616943,-0.19908697820226104,90,,,,,,,,,
chesca_mesh,926,15,6,0,6.2256760822363795,6.2256760822363795,0.0,7.741204738616943,0.03478126920917671,90,,,,,,,,,
chesca_mesh,927,16,6,6,6.288398353908527,5.412398353908527,-0.8760000000000003,7.741204738616943,0.14328337490940218,90,,,,,,,,,
chesca_mesh,928,17,6,6,6.547453114259572,5.671453114259572,-0.8760000000000003,7.684535026550293,0.14669917882527667,90,,,,,,,,,
chesca_mesh,929,18,6,6,7.5912220516040385,6.715222051604039,-0.8759999999999994,7.621887683868408,0.32467167209995723,90,,,,,,,,,
chesca_mesh,930,19,6,6,8.87522946573941,7.999229465739411,-0.8759999999999994,7.601066589355469,0.42634370347915845,90,,,,,,,,,
chesca_mesh,931,20,6,6,8.559380365996725,7.683380365996725,-0.8760000000000003,7.578707218170166,0.7309898315125812,90,,,,,,,,,
chesca_mesh,932,21,6,0,7.6331424529965055,7.6331424529965055,0.0,7.546327590942383,-0.011048488173625318,90,,,,,,,,,
chesca_mesh,933,22,6,6,6.65604827796374,7.53204827796374,0.8759999999999994,7.520694732666016,-0.13515830177429008,90,,,,,,,,,
chesca_mesh,934,23,6,6,7.901010027629356,7.025010027629356,-0.8760000000000003,7.503259181976318,0.1749997530501537,90,,,,,,,,,
chesca_mesh,935,24,6,6,9.126256080725812,8.25025608072581,-0.8760000000000012,7.503259181976318,0.48667251451796883,90,,,,,,,,,
chesca_mesh,936,1,6,6,7.9885521301719535,8.864552130171955,0.8760000000000012,7.503259181976318,-0.3751892653025686,90,,,,,,,,,
chesca_mesh,937,2,6,6,6.577368198847972,7.344529472023992,0.7671612731760202,7.503259181976318,-0.45148680830326293,90,,,,,,,,,
chesca_mesh,938,3,6,6,5.436891945945809,6.193685782279345,0.7567938363335358,7.503259181976318,-0.40570943223775224,90,,,,,,,,,
chesca_mesh,939,4,6,6,4.9233188535490235,5.591120656269211,0.6678018027201871,7.458475589752197,-0.2614949369760665,90,,,,,,,,,
chesca_mesh,940,5,6,6,4.975800970833355,5.390920036818241,0.4151190659848867,7.458475589752197,-0.16008557593479208,90,,,,,,,,,
chesca_mesh,941,6,6,6,5.157019848392693,5.392359136720433,0.2353392883277401,7.458475589752197,-0.10020242675239413,90,,,,,,,,,
chesca_mesh,942,7,6,6,4.354121580977505,4.574804868176739,0.22068328719923347,7.458475589752197,-0.13226019944668618,90,,,,,,,,,
chesca_mesh,943,8,6,6,5.6281264548699355,5.967751098664299,0.3396246437943633,7.458475589752197,-0.109736579739375,90,,,,,,,,,
chesca_mesh,944,9,6,6,4.057494342507521,4.2880502672238725,0.23055592471635133,7.458475589752197,-0.3888690305621927,90,,,,,,,,,
chesca_mesh,945,10,6,0,4.09628536234963,4.09628536234963,0.0,7.458475589752197,-0.04753853903464307,90,,,,,,,,,
chesca_mesh,946,11,6,6,2.8426936082949856,3.115212294727138,0.27251868643215227,7.458475589752197,-0.0933338155094543,90,,,,,,,,,
chesca_mesh,947,12,6,6,1.2011920530231182,1.423996900246762,0.2228048472236439,7.458475589752197,-0.4764236943417141,90,,,,,,,,,
chesca_mesh,948,13,6,6,2.5460034948605372,1.6700034948605367,-0.8760000000000006,7.458475589752197,0.14315594568506296,90,,,,,,,,,
chesca_mesh,949,14,6,6,3.05471023490366,2.17871023490366,-0.8760000000000003,7.373607635498047,0.08382825892204893,90,,,,,,,,,
chesca_mesh,950,15,6,6,4.847442533052544,3.971442533052545,-0.8759999999999994,7.314899921417236,0.1310112528049245,90,,,,,,,,,
chesca_mesh,951,16,6,6,6.261351467032377,5.385351467032376,-0.8760000000000003,7.314899921417236,0.08065244790588427,90,,,,,,,,,
chesca_mesh,952,17,6,6,7.548898129688375,6.672898129688375,-0.8760000000000003,7.314899921417236,0.134673619005964,90,,,,,,,,,
chesca_mesh,953,18,6,6,10.18420442063288,9.308204420632881,-0.8759999999999994,7.314899921417236,0.9703095751367777,90,,,,,,,,,
chesca_mesh,954,19,6,6,12.099945302845349,11.223945302845348,-0.8760000000000012,7.373607635498047,1.556141154247797,90,,,,,,,,,
chesca_mesh,955,20,6,6,11.20473406655362,10.328734066553618,-0.8760000000000012,7.373607635498047,0.8133355772418644,90,,,,,,,,,
chesca_mesh,956,21,6,6,11.07298489594983,10.196984895949827,-0.876000000000003,7.373607635498047,0.9349185514230088,90,,,,,,,,,
chesca_mesh,957,22,6,6,10.833683337511896,9.957683337511899,-0.8759999999999977,7.373607635498047,0.9423071332364004,90,,,,,,,,,
chesca_mesh,958,23,6,6,8.844320218231218,7.968320218231218,-0.8759999999999994,7.373607635498047,0.2627523042760442,90,,,,,,,,,
chesca_mesh,959,24,6,6,10.693455016433626,9.817455016433625,-0.8760000000000012,7.373607635498047,0.9967936781222049,90,,,,,,,,,
chesca_mesh,960,1,6,6,10.100224873848926,9.224224873848925,-0.8760000000000012,7.373607635498047,0.4607313672213168,90,,,,,,,,,
chesca_mesh,961,2,6,6,8.93268144224444,8.056681442244441,-0.8759999999999994,7.373607635498047,0.7045763124005355,90,,,,,,,,,
chesca_mesh,962,3,6,6,7.760090572999275,8.636090572999276,0.8760000000000012,7.373607635498047,-0.3436525336014224,90,,,,,,,,,
chesca_mesh,963,4,6,6,7.521749054172363,8.397749054172364,0.8760000000000003,7.456308364868164,-0.39839798865054565,90,,,,,,,,,
chesca_mesh,964,5,6,6,5.75230506602451,6.558075101529805,0.8057700355052946,7.487954616546631,-0.24333918597504783,90,,,,,,,,,
chesca_mesh,965,6,6,6,5.8564126791755315,6.267052914227212,0.41064023505168024,7.487954616546631,-0.09747390885242267,90,,,,,,,,,
chesca_mesh,966,7,6,6,4.509709559997903,4.853611975479262,0.3439024154813586,7.455268859863281,-0.13200397635808836,90,,,,,,,,,
chesca_mesh,967,8,6,6,4.9244738153276195,5.156021463128445,0.23154764780082537,7.455268859863281,-0.10624909156339675,90,,,,,,,,,
chesca_mesh,968,9,6,6,5.280052600738856,5.500526112234048,0.22047351149519123,7.455268859863281,-0.1813262047953128,90,,,,,,,,,
chesca_mesh,969,10,6,6,3.1903771811079005,3.4101655209312334,0.2197883398233329,7.455268859863281,-0.2160862231971828,90,,,,,,,,,
chesca_mesh,970,11,6,6,1.2607868337801627,1.4805327790297265,0.2197459452495638,7.455268859863281,-0.1668226768706806,90,,,,,,,,,
chesca_mesh,971,12,6,6,2.6728248453157475,1.7968248453157478,-0.8759999999999997,7.455268859863281,0.07648056421455872,90,,,,,,,,,
chesca_mesh,972,13,6,6,4.253521792643154,3.377521792643154,-0.8759999999999999,7.455268859863281,0.26122577886237053,90,,,,,,,,,
chesca_mesh,973,14,6,6,3.8891861464737554,3.0131861464737555,-0.8759999999999999,7.455268859863281,0.14209549366369756,90,,,,,,,,,
chesca_mesh,974,15,6,6,4.755968049899521,3.8799680498995217,-0.8759999999999994,7.455268859863281,0.2033135675467195,90,,,,,,,,,
chesca_mesh,975,16,6,6,6.949869221323515,6.073869221323514,-0.8760000000000003,7.455268859863281,0.2721173355201168,90,,,,,,,,,
chesca_mesh,976,17,6,6,8.978105051371303,8.102105051371304,-0.8759999999999994,7.455268859863281,0.5090663555378997,90,,,,,,,,,
chesca_mesh,977,18,6,6,10.40997638327297,9.53397638327297,-0.8759999999999994,7.487954616546631,0.7348236754789921,90,,,,,,,,,
chesca_mesh,978,19,6,6,11.410907815798145,10.534907815798146,-0.8759999999999994,7.487954616546631,1.1053145422629087,90,,,,,,,,,
chesca_mesh,979,20,6,6,10.673056113004684,9.797056113004684,-0.8759999999999994,7.487954616546631,0.760207078858367,90,,,,,,,,,
chesca_mesh,980,21,6,6,9.336708619594575,8.460708619594573,-0.8760000000000012,7.487954616546631,0.17091463434262819,90,,,,,,,,,
chesca_mesh,981,22,6,1,9.07109429175358,8.91109429175358,-0.16000000000000014,7.487954616546631,0.35999613985729195,90,,,,,,,,,
chesca_mesh,982,23,6,6,9.253816628364612,8.377816628364611,-0.8760000000000012,7.49097204208374,0.2998032023431967,90,,,,,,,,,
chesca_mesh,983,24,6,6,10.30092520695868,9.424925206958681,-0.8759999999999994,7.512092590332031,0.7999243749657164,90,,,,,,,,,
chesca_mesh,984,1,6,6,9.249600838857406,8.373600838857405,-0.8760000000000012,7.512092590332031,0.12914893453951365,90,,,,,,,,,
chesca_mesh,985,2,6,6,8.839769442448459,7.963769442448459,-0.8759999999999994,7.512092590332031,0.15415416422880857,90,,,,,,,,,
chesca_mesh,986,3,6,6,8.047053510753408,7.171053510753409,-0.8759999999999986,7.512092590332031,0.2453224667385773,90,,,,,,,,,
chesca_mesh,987,4,6,6,8.39240060168476,7.516400601684759,-0.8760000000000003,7.513479232788086,0.4402597199658314,90,,,,,,,,,
chesca_mesh,988,5,6,0,6.035155815082437,6.035155815082437,0.0,7.513479232788086,-0.05130726672861244,90,,,,,,,,,
chesca_mesh,989,6,6,6,6.1097252052080835,5.233725205208083,-0.8760000000000003,7.513479232788086,0.08836501865690952,90,,,,,,,,,
chesca_mesh,990,7,6,6,5.509558995458438,4.633558995458437,-0.8760000000000003,7.513479232788086,0.09732422959502227,90,,,,,,,,,
chesca_mesh,991,8,6,6,5.201492012500302,4.325492012500302,-0.8760000000000003,7.513479232788086,0.09249262632076342,90,,,,,,,,,
chesca_mesh,992,9,6,0,4.094862886393365,4.094862886393365,0.0,7.513479232788086,0.05652949698368135,90,,,,,,,,,
chesca_mesh,993,10,6,0,4.7284244659234105,4.72842446592341,-8.881784197001252e-16,7.513479232788086,0.038653204277817634,90,,,,,,,,,
chesca_mesh,994,11,6,0,1.8170106731207765,1.8170106731207767,2.220446049250313e-16,7.513479232788086,-0.05543496675937395,90,,,,,,,,,
chesca_mesh,995,12,6,6,4.310778452437888,4.863756126405608,0.5529776739677201,7.513479232788086,-0.10844189054467619,90,,,,,,,,,
chesca_mesh,996,13,6,0,5.491346297202558,5.491346297202558,0.0,7.513479232788086,0.023110651747535474,90,,,,,,,,,
chesca_mesh,997,14,6,0,5.767903765637483,5.767903765637483,0.0,7.513479232788086,-0.030823230910993434,90,,,,,,,,,
chesca_mesh,998,15,6,6,5.1438112943598995,4.2678112943599,-0.8759999999999994,7.513479232788086,0.08949366529540136,90,,,,,,,,,
chesca_mesh,999,16,6,6,5.414217918928795,4.538217918928796,-0.8759999999999994,7.513479232788086,0.4542669104845786,90,,,,,,,,,
chesca_mesh,1000,17,6,6,7.02180344151455,6.145803441514548,-0.8760000000000012,7.49097204208374,0.5171176386270243,90,,,,,,,,,
chesca_mesh,1001,18,6,6,8.299275212813168,7.423275212813169,-0.8759999999999986,7.487954616546631,0.36495369348175954,90,,,,,,,,,
chesca_mesh,1002,19,6,6,9.629878854538559,8.75387885453856,-0.8759999999999994,7.487954616546631,0.7118837225490342,90,,,,,,,,,
chesca_mesh,1003,20,6,6,8.632809492349624,9.508809492349624,0.8759999999999994,7.487954616546631,-0.7159405236507544,90,,,,,,,,,
chesca_mesh,1004,21,6,6,7.790445746754385,8.666445746754386,0.8760000000000012,7.487954616546631,-0.2869860313127972,90,,,,,,,,,
chesca_mesh,1005,22,6,6,8.222380181123246,7.346380181123246,-0.8759999999999994,7.487954616546631,0.540241152313831,90,,,,,,,,,
chesca_mesh,1006,23,6,6,8.579679778461562,7.703679778461562,-0.8760000000000003,7.487954616546631,0.7101579316433739,90,,,,,,,,,
chesca_mesh,1007,24,6,6,9.11229668522316,8.236296685223163,-0.8759999999999977,7.455268859863281,0.31075383656712724,90,,,,,,,,,
chesca_mesh,1008,1,6,6,9.098489438109793,8.222489438109793,-0.8759999999999994,7.487954616546631,0.08714071005878327,90,,,,,,,,,
chesca_mesh,1009,2,6,6,7.786440095386037,8.662440095386039,0.8760000000000021,7.5117058753967285,-0.3085063436951104,90,,,,,,,,,
chesca_mesh,1010,3,6,6,5.574425586980573,6.450425586980573,0.8759999999999994,7.547462463378906,-0.42314060633476774,90,,,,,,,,,
chesca_mesh,1011,4,6,6,5.006111423270155,5.652394828995178,0.6462834057250237,7.547462463378906,-0.2660145310149786,90,,,,,,,,,
chesca_mesh,1012,5,6,6,4.249783801607631,4.544625581427301,0.2948417798196701,7.547462463378906,-0.25607153094845625,90,,,,,,,,,
chesca_mesh,1013,6,6,6,4.438251961695022,4.662359271862759,0.22410731016773777,7.547462463378906,-0.10366180335245015,90,,,,,,,,,
chesca_mesh,1014,7,6,0,4.694136630682765,4.694136630682765,0.0,7.547462463378906,-0.0462226539169309,90,,,,,,,,,
chesca_mesh,1015,8,6,0,4.32148681835423,4.32148681835423,0.0,7.547462463378906,-0.07008177849993774,90,,,,,,,,,
chesca_mesh,1016,9,6,6,2.4003473728023748,2.744493527119607,0.34414615431723217,7.547462463378906,-0.10628749316331873,90,,,,,,,,,
chesca_mesh,1017,10,6,6,4.340434711739561,3.46443471173956,-0.8760000000000008,7.547462463378906,0.156388351644044,90,,,,,,,,,
chesca_mesh,1018,11,6,0,1.8754782091159259,1.875478209115926,2.220446049250313e-16,7.547462463378906,-0.037481416216258334,90,,,,,,,,,
chesca_mesh,1019,12,6,6,2.3895026464314335,1.513502646431434,-0.8759999999999994,7.547462463378906,0.13452662003682517,90,,,,,,,,,
chesca_mesh,1020,13,6,6,3.389235528802997,2.513235528802997,-0.8760000000000003,7.547462463378906,0.20857052484078872,90,,,,,,,,,
chesca_mesh,1021,14,6,6,3.3979083484190133,2.5219083484190135,-0.8759999999999999,7.547462463378906,0.12558939324176038,90,,,,,,,,,
chesca_mesh,1022,15,6,0,4.028157606096191,4.028157606096191,0.0,7.547462463378906,0.060165774269713895,90,,,,,,,,,
chesca_mesh,1023,16,6,6,5.52929971566431,4.65329971566431,-0.8760000000000003,7.547462463378906,0.17161984646592657,90,,,,,,,,,
chesca_mesh,1024,17,6,6,6.923107069085895,6.047107069085895,-0.8760000000000003,7.547462463378906,0.35811536280161194,90,,,,,,,,,
chesca_mesh,1025,18,6,6,7.925260371148552,7.049260371148552,-0.8759999999999994,7.5117058753967285,0.3878811552687578,90,,,,,,,,,
chesca_mesh,1026,19,6,6,9.203658830799775,8.327658830799773,-0.8760000000000012,7.5117058753967285,0.4268470231962239,90,,,,,,,,,
chesca_mesh,1027,20,6,6,8.730136014938353,7.854136014938354,-0.8759999999999986,7.487954616546631,0.2607592212834592,90,,,,,,,,,
chesca_mesh,1028,21,6,6,8.38486694140472,7.508866941404721,-0.8759999999999994,7.487954616546631,0.5291998697959269,90,,,,,,,,,
chesca_mesh,1029,22,6,6,7.385350740100744,8.261350740100745,0.8760000000000012,7.457008361816406,-0.10657571413564765,90,,,,,,,,,
chesca_mesh,1030,23,6,6,7.978110951904831,7.102110951904832,-0.8759999999999994,7.457008361816406,0.5419003782110142,90,,,,,,,,,
chesca_mesh,1031,24,6,6,6.9685811402382765,7.844581140238275,0.8759999999999986,7.457008361816406,-0.2129889783773012,90,,,,,,,,,
chesca_mesh,1032,1,6,6,7.190221806621251,8.06622180662125,0.8759999999999994,7.457008361816406,-0.3124030276320736,90,,,,,,,,,
chesca_mesh,1033,2,6,6,6.767038106531581,7.6430381065315816,0.8760000000000003,7.457008361816406,-0.24281040720394517,90,,,,,,,,,
chesca_mesh,1034,3,6,6,5.757292898327842,6.633292898327842,0.8760000000000003,7.457008361816406,-0.3672428703565087,90,,,,,,,,,
chesca_mesh,1035,4,6,6,5.089441561267058,5.795666095888702,0.7062245346216445,7.457008361816406,-0.3575383822025961,90,,,,,,,,,
chesca_mesh,1036,5,6,6,4.914858195100822,5.223409707576224,0.30855151247540125,7.457008361816406,-0.2838384283230744,90,,,,,,,,,
chesca_mesh,1037,6,6,6,4.641403488170139,4.866482310077875,0.22507882190773554,7.457008361816406,-0.193922876601472,90,,,,,,,,,
chesca_mesh,1038,7,6,6,3.808661276408721,4.02876437304899,0.22010309664026861,7.457008361816406,-0.11030471011432805,90,,,,,,,,,
chesca_mesh,1039,8,6,5,6.420083128656991,5.704083128656991,-0.7160000000000002,7.457008361816406,0.09162219661318237,90,,,,,,,,,
chesca_mesh,1040,9,6,6,2.6750260499155796,1.79902604991558,-0.8759999999999997,7.457008361816406,0.11512796184881063,90,,,,,,,,,
chesca_mesh,1041,10,6,6,1.1297244992901825,1.5869473664907008,0.4572228672005183,7.4187164306640625,-0.6617298508762028,90,,,,,,,,,
chesca_mesh,1042,11,6,6,0.3810402418711948,0.7276460642022796,0.34660582233108483,7.4187164306640625,-0.1222206145187574,90,,,,,,,,,
chesca_mesh,1043,12,6,0,1.3590614651512043,1.3590614651512043,0.0,7.4187164306640625,-0.040331976447484055,90,,,,,,,,,
chesca_mesh,1044,13,6,6,2.855215194614356,1.979215194614356,-0.8760000000000001,7.4187164306640625,0.14838297523055247,90,,,,,,,,,
chesca_mesh,1045,14,6,0,1.633171857817607,1.6331718578176069,-2.220446049250313e-16,7.4187164306640625,-0.05165799655671767,90,,,,,,,,,
chesca_mesh,1046,15,6,6,4.587051419531057,3.711051419531057,-0.8759999999999999,7.38737154006958,0.12841442978585815,90,,,,,,,,,
chesca_mesh,1047,16,6,6,6.678740720400956,7.400574879748405,0.7218341593474493,7.4187164306640625,-0.15820950690107005,90,,,,,,,,,
chesca_mesh,1048,17,6,6,7.498042229425147,8.276408026529609,0.7783657971044615,7.457008361816406,-0.19088051837849696,90,,,,,,,,,
chesca_mesh,1049,18,6,6,8.032022598906194,7.156022598906193,-0.8760000000000003,7.487954616546631,0.09553496452675597,90,,,,,,,,,
chesca_mesh,1050,19,6,6,8.472952455155001,7.596952455155002,-0.8759999999999994,7.487954616546631,0.4069523941911012,90,,,,,,,,,
chesca_mesh,1051,20,6,6,8.3124452155221,7.436445215522099,-0.8760000000000012,7.487954616546631,0.5730107148566399,90,,,,,,,,,
chesca_mesh,1052,21,6,6,8.494755440924202,7.618755440924202,-0.8759999999999994,7.487954616546631,0.4124965510439187,90,,,,,,,,,
chesca_mesh,1053,22,6,2,8.167389234464979,7.875389234464978,-0.2920000000000007,7.487954616546631,0.14302173497767318,90,,,,,,,,,
chesca_mesh,1054,23,6,6,9.843061046315906,8.967061046315907,-0.8759999999999994,7.5117058753967285,0.4896779506256466,90,,,,,,,,,
chesca_mesh,1055,24,6,6,9.532426539774374,8.656426539774376,-0.8759999999999977,7.5117058753967285,0.24303451233148682,90,,,,,,,,,
chesca_mesh,1056,1,6,6,9.307515101495015,8.431515101495014,-0.8760000000000012,7.5117058753967285,0.13970068255308488,90,,,,,,,,,
chesca_mesh,1057,2,6,6,7.6786247238399215,8.554624723839922,0.8760000000000003,7.5117058753967285,-0.4430525371672188,90,,,,,,,,,
chesca_mesh,1058,3,6,6,5.570833628521234,6.446833628521234,0.8760000000000003,7.5117058753967285,-0.7267487741962718,90,,,,,,,,,
chesca_mesh,1059,4,6,6,5.4139101435098915,6.220819254918597,0.8069091114087055,7.554506778717041,-0.44044173706656853,90,,,,,,,,,
chesca_mesh,1060,5,6,6,5.043762341775287,5.3395830017658605,0.2958206599905733,7.554506778717041,-0.30621883690078844,90,,,,,,,,,
chesca_mesh,1061,6,6,6,5.1634314053850074,5.387731211766766,0.22429980638175895,7.554506778717041,-0.14472098268129435,90,,,,,,,,,
chesca_mesh,1062,7,6,6,4.372987027031187,4.5930568567362435,0.22006982970505629,7.554506778717041,-0.10699736781090531,90,,,,,,,,,
chesca_mesh,1063,8,6,3,3.8130868139363385,3.9334826104520637,0.12039579651572518,7.554506778717041,-0.09481275317593066,90,,,,,,,,,
chesca_mesh,1064,9,6,6,1.921555361135876,2.155842383560911,0.23428702242503485,7.663998126983643,-0.8873449384024878,90,,,,,,,,,
chesca_mesh,1065,10,6,6,2.7480338546611334,2.9686557572467716,0.22062190258563819,7.663998126983643,-1.0309447174169406,90,,,,,,,,,
chesca_mesh,1066,11,6,6,2.4421371854855467,2.6619869572469783,0.2198497717614316,7.663998126983643,-0.7242296656664459,90,,,,,,,,,
chesca_mesh,1067,12,6,6,1.0852864166200489,1.4249694535384654,0.3396830369184165,7.663998126983643,-0.214931868299562,90,,,,,,,,,
chesca_mesh,1068,13,6,6,4.519566109268987,4.859246690810895,0.3396805815419084,7.769824504852295,-0.5191946294092276,90,,,,,,,,,
chesca_mesh,1069,14,6,6,3.4606650870151383,3.9202152161024095,0.4595501290872712,7.769824504852295,-0.12202679581241722,90,,,,,,,,,
chesca_mesh,1070,15,6,5,6.702462117153292,5.986462117153292,-0.7160000000000002,7.769824504852295,0.26217605519425835,90,,,,,,,,,
chesca_mesh,1071,16,6,6,6.389984429543752,7.112504465499095,0.722520035955343,7.769824504852295,-0.12633252176280044,90,,,,,,,,,
chesca_mesh,1072,17,6,6,7.350728632937184,6.4747286329371825,-0.8760000000000012,7.769824504852295,0.07975539118533355,90,,,,,,,,,
chesca_mesh,1073,18,6,6,9.883716143169263,9.007716143169263,-0.8759999999999994,7.769824504852295,0.7835900317808168,90,,,,,,,,,
chesca_mesh,1074,19,6,6,11.293158530762996,10.417158530762995,-0.8760000000000012,7.769824504852295,1.114659405312216,90,,,,,,,,,
chesca_mesh,1075,20,6,6,10.843739615351053,9.967739615351054,-0.8759999999999994,7.769824504852295,0.7316251906141482,90,,,,,,,,,
chesca_mesh,1076,21,6,6,10.262442290093109,9.386442290093107,-0.8760000000000012,7.769824504852295,0.4677998409393916,90,,,,,,,,,
chesca_mesh,1077,22,6,1,8.895395681118615,8.763395681118615,-0.13199999999999967,7.769824504852295,0.24177084698886364,90,,,,,,,,,
chesca_mesh,1078,23,6,6,9.688249099629592,8.812249099629591,-0.8760000000000012,7.769824504852295,0.3043877718342457,90,,,,,,,,,
chesca_mesh,1079,24,6,6,9.41884846435307,8.54284846435307,-0.8759999999999994,7.769824504852295,0.1828008799397648,90,,,,,,,,,
chesca_mesh,1080,1,6,6,8.279831876693535,7.403831876693535,-0.8760000000000003,7.769824504852295,0.4977557839773981,90,,,,,,,,,
chesca_mesh,1081,2,6,6,7.585620478238038,8.40322358089795,0.8176031026599127,7.769824504852295,-0.2523459166369121,90,,,,,,,,,
chesca_mesh,1082,3,6,6,5.377218080193456,6.156642484921735,0.779424404728279,7.769824504852295,-0.36948586596792105,90,,,,,,,,,
chesca_mesh,1083,4,6,6,5.853214218196093,6.630481270779573,0.77726705258348,7.769824504852295,-0.14316989151445847,90,,,,,,,,,
chesca_mesh,1084,5,6,6,5.082797033530244,5.687074316648621,0.6042772831183774,7.769824504852295,-0.16188647588373928,90,,,,,,,,,
chesca_mesh,1085,6,6,0,5.223434207610967,5.223434207610967,0.0,7.769824504852295,-0.06740106286245548,90,,,,,,,,,
chesca_mesh,1086,7,6,0,4.617240105130912,4.617240105130913,8.881784197001252e-16,7.769824504852295,0.02376364671569248,90,,,,,,,,,
chesca_mesh,1087,8,6,0,3.5472769176229235,3.5472769176229235,0.0,7.663998126983643,-0.01445857094513562,90,,,,,,,,,
chesca_mesh,1088,9,6,6,2.570530621076517,2.9349440039639925,0.3644133828874754,7.663998126983643,-0.18009458294898212,90,,,,,,,,,
chesca_mesh,1089,10,6,0,1.9794686226079268,1.979468622607927,2.220446049250313e-16,7.663998126983643,0.029462843100744623,90,,,,,,,,,
chesca_mesh,1090,11,6,6,3.80549322286356,2.9294932228635604,-0.8759999999999994,7.663998126983643,0.094453517947486,90,,,,,,,,,
chesca_mesh,1091,12,6,0,4.462988689545785,4.462988689545785,0.0,7.663998126983643,0.03624381584897737,90,,,,,,,,,
chesca_mesh,1092,13,6,0,3.3932279841681026,3.393227984168102,-4.440892098500626e-16,7.663998126983643,0.06483065627269415,90,,,,,,,,,
chesca_mesh,1093,14,6,0,3.394084810838273,3.3940848108382724,-4.440892098500626e-16,7.663998126983643,-0.01751517974645547,90,,,,,,,,,
chesca_mesh,1094,15,6,6,5.608355033392959,4.732355033392959,-0.8760000000000003,7.663998126983643,0.30845788221851206,90,,,,,,,,,
chesca_mesh,1095,16,6,6,6.948784276503989,6.072784276503986,-0.876000000000003,7.663998126983643,0.6773719235061849,90,,,,,,,,,
chesca_mesh,1096,17,6,6,8.095275928283643,7.2192759282836425,-0.8760000000000003,7.663998126983643,0.5559891701505053,90,,,,,,,,,
chesca_mesh,1097,18,6,6,11.033555851390341,10.157555851390342,-0.8759999999999994,7.769824504852295,0.9074002181362653,90,,,,,,,,,
chesca_mesh,1098,19,6,6,12.25646128743607,11.380461287436068,-0.8760000000000012,7.818839073181152,1.4282248133521696,90,,,,,,,,,
chesca_mesh,1099,20,6,6,11.938067031612782,11.062067031612782,-0.8759999999999994,7.839465141296387,1.1961869787129114,90,,,,,,,,,
chesca_mesh,1100,21,6,6,11.644899644095915,10.768899644095915,-0.8759999999999994,7.880327224731445,1.0257142274837951,90,,,,,,,,,
chesca_mesh,1101,22,6,1,9.001148453376931,8.86914845337693,-0.13200000000000145,7.9163923263549805,0.3190693550917191,90,,,,,,,,,
chesca_mesh,1102,23,6,6,8.466925830272366,7.590925830272365,-0.8760000000000012,7.9163923263549805,0.21444681371368132,90,,,,,,,,,
chesca_mesh,1103,24,6,6,9.4072811378268,8.531281137826802,-0.8759999999999977,7.8874897956848145,0.24778090916909457,90,,,,,,,,,
chesca_mesh,1104,1,6,6,9.45120077480189,8.575200774801893,-0.8759999999999977,7.8874897956848145,0.17245486971469834,90,,,,,,,,,
chesca_mesh,1105,2,6,6,8.843878304780265,7.967878304780266,-0.8759999999999994,7.8874897956848145,0.6207367199784625,90,,,,,,,,,
chesca_mesh,1106,3,6,6,6.411994691421433,7.287994691421432,0.8759999999999994,7.8874897956848145,-0.1379515708461102,90,,,,,,,,,
chesca_mesh,1107,4,6,6,5.778190070477573,6.603951113401049,0.8257610429234763,7.8874897956848145,-0.18676042432587892,90,,,,,,,,,
chesca_mesh,1108,5,6,6,5.049769665691112,5.677562027718919,0.6277923620278063,7.8874897956848145,-0.19282678076880932,90,,,,,,,,,
chesca_mesh,1109,6,6,6,5.882608045805155,6.336505153026895,0.45389710722174037,7.8874897956848145,-0.10556833825230255,90,,,,,,,,,
chesca_mesh,1110,7,6,1,4.364518228096554,4.524518228096555,0.16000000000000014,7.8874897956848145,-0.09053949777100226,90,,,,,,,,,
chesca_mesh,1111,8,6,0,3.8797356196145008,3.8797356196145008,0.0,7.8874897956848145,-0.03599328099722401,90,,,,,,,,,
chesca_mesh,1112,9,6,6,1.2191865755359932,1.4976779814224483,0.27849140588645516,7.8874897956848145,-0.21543214198238772,90,,,,,,,,,
chesca_mesh,1113,10,6,6,-0.10828563457845353,0.11510276311615515,0.22338839769460866,7.8874897956848145,-0.148716803353271,90,,,,,,,,,
chesca_mesh,1114,11,6,6,1.3274005050612794,0.45140050506127893,-0.8760000000000004,7.8874897956848145,0.1102728417313394,90,,,,,,,,,
chesca_mesh,1115,12,6,6,1.1722454646693974,0.2962454646693966,-0.8760000000000008,7.8874897956848145,0.09424712626026033,90,,,,,,,,,
chesca_mesh,1116,13,6,6,3.2390737502198177,2.3630737502198182,-0.8759999999999994,7.8874897956848145,0.3799668452758472,90,,,,,,,,,
chesca_mesh,1117,14,6,0,4.034690337419938,4.0346903374199385,8.881784197001252e-16,7.8874897956848145,-0.0394961800954224,90,,,,,,,,,
chesca_mesh,1118,15,6,6,5.573290904668262,4.697290904668263,-0.8759999999999994,7.8874897956848145,0.1923064130949797,90,,,,,,,,,
chesca_mesh,1119,16,6,6,8.01421262682958,7.1382126268295805,-0.8760000000000003,7.8874897956848145,0.3202535517249668,90,,,,,,,,,
chesca_mesh,1120,17,6,6,12.222774326447125,11.346774326447123,-0.8760000000000012,7.9163923263549805,1.093751589056856,90,,,,,,,,,
chesca_mesh,1121,18,6,6,11.47892938934526,10.60292938934526,-0.8760000000000012,7.92020845413208,0.952986000872093,90,,,,,,,,,
chesca_mesh,1122,19,6,6,12.628987761856845,11.752987761856843,-0.8760000000000012,7.92020845413208,1.481330587676193,90,,,,,,,,,
chesca_mesh,1123,20,6,6,12.834562144556712,11.95856214455671,-0.8760000000000012,7.92020845413208,1.2967653935168058,90,,,,,,,,,
chesca_mesh,1124,21,6,6,11.494342323344876,10.618342323344875,-0.8760000000000012,7.92020845413208,0.21386023525562356,90,,,,,,,,,
chesca_mesh,1125,22,6,6,9.763744484383057,8.88774448438306,-0.8759999999999977,7.92020845413208,0.5767428003380528,90,,,,,,,,,
chesca_mesh,1126,23,6,6,9.906599192572397,9.030599192572398,-0.8759999999999994,7.92020845413208,0.4721629877746726,90,,,,,,,,,
chesca_mesh,1127,24,6,6,10.143816507237624,9.267816507237624,-0.8759999999999994,7.97091007232666,0.4702058774829291,90,,,,,,,,,
chesca_mesh,1128,1,6,6,8.605112527489137,7.729112527489137,-0.8760000000000003,7.97091007232666,0.5456831641175366,90,,,,,,,,,
chesca_mesh,1129,2,6,6,8.296473199802154,7.420473199802154,-0.8760000000000003,7.92020845413208,0.18179274195422163,90,,,,,,,,,
chesca_mesh,1130,3,6,0,5.9991134302616125,5.9991134302616125,0.0,7.916861057281494,-0.0664626950483275,90,,,,,,,,,
chesca_mesh,1131,4,6,0,5.887531093835832,5.887531093835831,-8.881784197001252e-16,7.8874897956848145,0.05734108298737739,90,,,,,,,,,
chesca_mesh,1132,5,6,0,5.259634938781843,5.2596349387818435,8.881784197001252e-16,7.8874897956848145,0.045360141284666367,90,,,,,,,,,
chesca_mesh,1133,6,6,6,5.35038572858581,4.474385728585809,-0.8760000000000003,7.8874897956848145,0.1400217534075837,90,,,,,,,,,
chesca_mesh,1134,7,6,6,5.2504928007046185,4.374492800704619,-0.8759999999999994,7.8874897956848145,0.20691393543541325,90,,,,,,,,,
chesca_mesh,1135,8,6,6,4.601736298648164,5.308798973942806,0.7070626752946421,7.916861057281494,-0.21672264566432325,90,,,,,,,,,
chesca_mesh,1136,9,6,0,3.3704597329231,3.3704597329231,0.0,7.916861057281494,0.022668449490880968,90,,,,,,,,,
chesca_mesh,1137,10,6,6,3.3635989018008274,2.487598901800827,-0.8760000000000003,7.916861057281494,0.11528839723053257,90,,,,,,,,,
chesca_mesh,1138,11,6,6,3.1246567874298172,2.248656787429817,-0.8760000000000003,7.916861057281494,0.3077879112770119,90,,,,,,,,,
chesca_mesh,1139,12,6,6,3.7886394556074263,2.9126394556074255,-0.8760000000000008,7.916861057281494,0.2229829247463106,90,,,,,,,,,
chesca_mesh,1140,13,6,6,5.059867656381366,4.1838676563813655,-0.8760000000000003,7.916861057281494,0.42782596380520266,90,,,,,,,,,
chesca_mesh,1141,14,6,6,6.217563311653649,5.341563311653648,-0.8760000000000012,7.916861057281494,0.38669480426707675,90,,,,,,,,,
chesca_mesh,1142,15,6,6,6.7292855945429135,5.853285594542912,-0.8760000000000012,7.916861057281494,0.2674429824504371,90,,,,,,,,,
chesca_mesh,1143,16,6,6,7.924173820116948,7.048173820116949,-0.8759999999999994,7.916861057281494,0.29245682967564035,90,,,,,,,,,
chesca_mesh,1144,17,6,6,10.303856483170671,9.42785648317067,-0.8760000000000012,7.916861057281494,0.88114855402394,90,,,,,,,,,
chesca_mesh,1145,18,6,6,11.947456798214269,11.07145679821427,-0.8759999999999994,7.916861057281494,1.3011744824885438,90,,,,,,,,,
chesca_mesh,1146,19,6,6,14.253963240965103,13.377963240965103,-0.8759999999999994,7.916861057281494,1.574385044589346,90,,,,,,,,,
chesca_mesh,1147,20,6,6,13.33074027054732,12.45474027054732,-0.8759999999999994,7.916861057281494,0.7145465294876236,90,,,,,,,,,
chesca_mesh,1148,21,6,6,11.600108555755439,10.724108555755437,-0.8760000000000012,7.916861057281494,0.7503808556243485,90,,,,,,,,,
chesca_mesh,1149,22,6,6,10.415847831184156,9.539847831184154,-0.8760000000000012,7.916861057281494,0.612780165526971,90,,,,,,,,,
chesca_mesh,1150,23,6,6,10.384953490945705,9.508953490945704,-0.8760000000000012,7.916861057281494,0.5908329459880738,90,,,,,,,,,
chesca_mesh,1151,24,6,6,11.073146246148823,10.197146246148824,-0.8759999999999994,7.916861057281494,0.8038900817665495,90,,,,,,,,,
chesca_mesh,1152,1,6,6,10.699852924938636,9.823852924938635,-0.8760000000000012,7.916861057281494,0.5664155857851737,90,,,,,,,,,
chesca_mesh,1153,2,6,6,9.53966850334349,8.66366850334349,-0.8759999999999994,7.916861057281494,0.1824636610980092,90,,,,,,,,,
chesca_mesh,1154,3,6,0,7.900872485160541,7.900872485160541,0.0,7.97091007232666,0.01964799592036945,90,,,,,,,,,
chesca_mesh,1155,4,6,6,5.839826367378236,6.715826367378234,0.8759999999999986,8.030928611755371,-0.11314196358343676,90,,,,,,,,,
chesca_mesh,1156,5,6,0,5.227398513835088,5.227398513835088,0.0,8.030928611755371,0.004231877394303002,90,,,,,,,,,
chesca_mesh,1157,6,6,6,5.539787808042257,4.663787808042256,-0.8760000000000003,8.030928611755371,0.09836118064217331,90,,,,,,,,,
chesca_mesh,1158,7,6,6,5.541420664159332,4.665420664159333,-0.8759999999999994,8.030928611755371,0.19719565519300555,90,,,,,,,,,
chesca_mesh,1159,8,6,6,5.339399678666279,6.065563331576796,0.7261636529105173,8.094659805297852,-0.4350905916558186,90,,,,,,,,,
chesca_mesh,1160,9,6,0,3.5085157286728705,3.5085157286728705,0.0,8.094659805297852,0.011960993199512021,90,,,,,,,,,
chesca_mesh,1161,10,6,6,3.4282992760924444,2.552299276092445,-0.8759999999999994,8.094659805297852,0.10340580431572846,90,,,,,,,,,
chesca_mesh,1162,11,6,6,3.0961151245725884,2.220115124572588,-0.8760000000000003,8.094659805297852,0.19681708268540649,90,,,,,,,,,
chesca_mesh,1163,12,6,6,3.370835675359368,2.4948356753593677,-0.8760000000000003,8.094659805297852,0.2512854394279148,90,,,,,,,,,
chesca_mesh,1164,13,6,6,5.500678274219283,4.624678274219282,-0.8760000000000003,8.094659805297852,0.42823561630384377,90,,,,,,,,,
chesca_mesh,1165,14,6,6,4.967891465349691,5.580600034322571,0.61270856897288,8.131525993347168,-0.13549010440813056,90,,,,,,,,,
chesca_mesh,1166,15,6,6,6.644430478938514,7.304589054082707,0.6601585751441936,8.154829978942871,-0.15369958819742924,90,,,,,,,,,
chesca_mesh,1167,16,6,6,8.789391007492041,7.91339100749204,-0.8760000000000012,8.181296348571777,0.23540346351477764,90,,,,,,,,,
chesca_mesh,1168,17,6,6,8.98403748685606,8.10803748685606,-0.8759999999999994,8.204870223999023,0.36706518354960244,90,,,,,,,,,
chesca_mesh,1169,18,6,6,8.453861283293438,7.577861283293438,-0.8760000000000003,8.204870223999023,0.416409766767215,90,,,,,,,,,
chesca_mesh,1170,19,6,6,13.780471229271754,12.904471229271753,-0.8760000000000012,8.181296348571777,1.904934551250107,90,,,,,,,,,
chesca_mesh,1171,20,6,6,13.003518864470763,12.127518864470762,-0.8760000000000012,8.181296348571777,1.1777696255658245,90,,,,,,,,,
chesca_mesh,1172,21,6,6,11.854260255518195,10.978260255518194,-0.8760000000000012,8.181296348571777,0.7820260909417405,90,,,,,,,,,
chesca_mesh,1173,22,6,6,8.888690439785343,9.764690439785342,0.8759999999999994,8.181296348571777,-0.13735417123504698,90,,,,,,,,,
chesca_mesh,1174,23,6,6,8.662438233522106,7.786438233522105,-0.8760000000000012,8.181296348571777,0.4239204375012398,90,,,,,,,,,
chesca_mesh,1175,24,6,6,10.617491417943867,9.741491417943864,-0.876000000000003,8.181296348571777,0.6855106027832062,90,,,,,,,,,
chesca_mesh,1176,1,6,6,10.068103462862867,9.192103462862868,-0.8759999999999994,8.181296348571777,0.20556275646574823,90,,,,,,,,,
chesca_mesh,1177,2,6,6,9.150707253285944,8.274707253285944,-0.8759999999999994,8.181296348571777,0.3766448890999663,90,,,,,,,,,
chesca_mesh,1178,3,6,0,7.363694268240304,7.363694268240305,8.881784197001252e-16,8.161825180053711,0.02967322578940068,90,,,,,,,,,
chesca_mesh,1179,4,6,6,10.337749973900895,9.461749973900895,-0.8759999999999994,8.161825180053711,0.6754352487529187,90,,,,,,,,,
chesca_mesh,1180,5,6,6,5.285366098504426,4.409366098504426,-0.8759999999999994,8.161825180053711,0.08355517430372982,90,,,,,,,,,
chesca_mesh,1181,6,6,6,6.1168566678797385,5.240856667879739,-0.8759999999999994,8.161825180053711,0.19790796181013698,90,,,,,,,,,
chesca_mesh,1182,7,6,6,5.2313434814840605,4.355343481484061,-0.8759999999999994,8.161825180053711,0.10897544422234165,90,,,,,,,,,
chesca_mesh,1183,8,6,6,4.890873678426098,4.014873678426098,-0.8760000000000003,8.161825180053711,0.12728072860469616,90,,,,,,,,,
chesca_mesh,1184,9,6,6,5.896804933970148,6.681867790297552,0.7850628563274045,8.181296348571777,-0.12189292665921482,90,,,,,,,,,
chesca_mesh,1185,10,6,0,3.4764413733398505,3.4764413733398505,0.0,8.181296348571777,0.06248710491748517,90,,,,,,,,,
chesca_mesh,1186,11,6,0,1.6054130232988126,1.6054130232988129,2.220446049250313e-16,8.181296348571777,-0.05740590865153511,90,,,,,,,,,
chesca_mesh,1187,12,6,6,2.504269239574565,1.6282692395745648,-0.8760000000000001,8.181296348571777,0.1525088526345459,90,,,,,,,,,
chesca_mesh,1188,13,6,6,4.040331491231841,3.164331491231842,-0.875999999999999,8.181296348571777,0.11160469762659639,90,,,,,,,,,
chesca_mesh,1189,14,6,6,5.624145539136752,4.748145539136752,-0.8759999999999994,8.181296348571777,0.14854239596085345,90,,,,,,,,,
chesca_mesh,1190,15,6,5,4.7217544811990795,5.214421379666404,0.49266689846732437,8.181296348571777,-0.08600037310833447,90,,,,,,,,,
chesca_mesh,1191,16,6,6,5.615887189801836,4.739887189801836,-0.8760000000000003,8.181296348571777,0.29020201405983853,90,,,,,,,,,
chesca_mesh,1192,17,6,6,7.026042186462801,6.150042186462802,-0.8759999999999994,8.181296348571777,0.6138188496626794,90,,,,,,,,,
chesca_mesh,1193,18,6,6,7.872972537964151,6.996972537964152,-0.8759999999999994,8.181296348571777,0.45231149462879117,90,,,,,,,,,
chesca_mesh,1194,19,6,6,9.094210616786453,8.218210616786454,-0.8759999999999994,8.181296348571777,0.22192767001322472,90,,,,,,,,,
chesca_mesh,1195,20,6,6,10.116086905243886,9.240086905243887,-0.8759999999999994,8.181296348571777,0.47943011580282124,90,,,,,,,,,
chesca_mesh,1196,21,6,6,10.49712354392024,9.621123543920241,-0.8759999999999994,8.181296348571777,0.5206129429217379,90,,,,,,,,,
chesca_mesh,1197,22,6,2,8.644286433307016,8.324286433307016,-0.3200000000000003,8.204870223999023,0.08345479177873827,90,,,,,,,,,
chesca_mesh,1198,23,6,6,8.690079975545363,7.814079975545363,-0.8759999999999994,8.204870223999023,0.25495344522249197,90,,,,,,,,,
chesca_mesh,1199,24,6,6,8.60927236717935,7.733272367179352,-0.8759999999999986,8.204870223999023,0.11516792899250333,90,,,,,,,,,
chesca_mesh,1200,1,6,6,9.88571501638293,9.00971501638293,-0.8759999999999994,8.231267929077148,0.28358268926794233,90,,,,,,,,,
chesca_mesh,1201,2,6,0,8.11423358894886,8.11423358894886,0.0,8.277010917663574,-0.01130987684628322,90,,,,,,,,,
chesca_mesh,1202,3,6,0,6.803708252052344,6.803708252052342,-1.7763568394002505e-15,8.277010917663574,-0.04005579125207885,90,,,,,,,,,
chesca_mesh,1203,4,6,0,5.740262371736182,5.740262371736181,-8.881784197001252e-16,8.277010917663574,0.016901149911413574,90,,,,,,,,,
chesca_mesh,1204,5,6,6,8.410153392890575,7.534153392890573,-0.8760000000000012,8.277010917663574,0.2637823236363691,90,,,,,,,,,
chesca_mesh,1205,6,6,6,6.298405922630207,5.422405922630206,-0.8760000000000003,8.277010917663574,0.2481595340210847,90,,,,,,,,,
chesca_mesh,1206,7,6,6,5.993961598947077,5.117961598947078,-0.8759999999999994,8.277010917663574,0.18656069361968547,90,,,,,,,,,
chesca_mesh,1207,8,6,6,4.5522444689602,3.676244468960201,-0.8759999999999994,8.277010917663574,0.14220841155433755,90,,,,,,,,,
chesca_mesh,1208,9,6,0,3.851731752822952,3.851731752822952,0.0,8.277010917663574,0.0030904436315506434,90,,,,,,,,,
chesca_mesh,1209,10,6,0,3.575480666365089,3.575480666365089,0.0,8.277010917663574,-0.04642984108038095,90,,,,,,,,,
chesca_mesh,1210,11,6,0,3.166316578692344,3.166316578692344,0.0,8.277010917663574,0.01987281086416058,90,,,,,,,,,
chesca_mesh,1211,12,6,6,4.944516151415724,5.426965223910172,0.48244907249444857,8.31683349609375,-0.27422642059473806,90,,,,,,,,,
chesca_mesh,1212,13,6,6,5.457050879600306,4.581050879600307,-0.8759999999999994,8.31683349609375,0.1245392922101275,90,,,,,,,,,
chesca_mesh,1213,14,6,6,4.43788014364871,3.5618801436487093,-0.8760000000000003,8.31683349609375,0.09936589160810388,90,,,,,,,,,
chesca_mesh,1214,15,6,6,6.904634710151265,6.028634710151265,-0.8759999999999994,8.31683349609375,0.28387052084386705,90,,,,,,,,,
chesca_mesh,1215,16,6,6,8.472095624368237,7.596095624368238,-0.8759999999999986,8.277010917663574,0.5479098020330672,90,,,,,,,,,
chesca_mesh,1216,17,6,6,11.15095919838524,10.274959198385238,-0.8760000000000012,8.231267929077148,1.3213220516030613,90,,,,,,,,,
chesca_mesh,1217,18,6,6,11.399748760337792,10.52374876033779,-0.8760000000000012,8.265947341918945,1.1188093228147773,90,,,,,,,,,
chesca_mesh,1218,19,6,6,11.934505927003437,11.058505927003436,-0.8760000000000012,8.31683349609375,0.8815478497221243,90,,,,,,,,,
chesca_mesh,1219,20,6,6,10.066032080214041,9.19003208021404,-0.8760000000000012,8.336151123046875,0.20817747489662392,90,,,,,,,,,
chesca_mesh,1220,21,6,6,9.473451301740042,8.59745130174004,-0.8760000000000012,8.336151123046875,0.16577915662282072,90,,,,,,,,,
chesca_mesh,1221,22,6,0,8.245320130313127,8.245320130313127,0.0,8.372381210327148,-0.027375386856019535,90,,,,,,,,,
chesca_mesh,1222,23,6,0,8.415392493384552,8.41539249338455,-1.7763568394002505e-15,8.4003324508667,0.011529406892814145,90,,,,,,,,,
chesca_mesh,1223,24,6,6,7.323516144780375,8.199516144780375,0.8760000000000003,8.4003324508667,-0.1497109793798982,90,,,,,,,,,
chesca_mesh,1224,1,6,6,7.512344235177998,8.388344235177998,0.8760000000000003,8.4003324508667,-0.11430180336796543,90,,,,,,,,,
chesca_mesh,1225,2,6,6,5.884385491738414,6.760385491738416,0.8760000000000012,8.406814575195312,-0.25844991357370284,90,,,,,,,,,
chesca_mesh,1226,3,6,6,5.729497904109447,6.605497904109447,0.8759999999999994,8.4003324508667,-0.1402410364246402,90,,,,,,,,,
chesca_mesh,1227,4,6,6,5.005553333353017,5.613154152420538,0.6076008190675211,8.4003324508667,-0.12361925720821557,90,,,,,,,,,
chesca_mesh,1228,5,6,6,4.254652810116536,4.506761771035093,0.25210896091855695,8.4003324508667,-0.1283347086277136,90,,,,,,,,,
chesca_mesh,1229,6,6,0,5.109973123686648,5.109973123686647,-8.881784197001252e-16,8.4003324508667,0.04448779991810496,90,,,,,,,,,
chesca_mesh,1230,7,6,6,4.909363440634389,4.099363440634388,-0.8100000000000014,8.4003324508667,0.08305401534068514,90,,,,,,,,,
chesca_mesh,1231,8,6,6,4.3425041536864395,3.4665041536864396,-0.8759999999999999,8.4003324508667,0.15316667925175248,90,,,,,,,,,
chesca_mesh,1232,9,6,6,2.6477958336765717,3.203405454288379,0.5556096206118073,8.4003324508667,-0.5877009278138241,90,,,,,,,,,
chesca_mesh,1233,10,6,6,1.6443652859094804,2.0200145882973515,0.3756493023878711,8.372381210327148,-0.10648867511906389,90,,,,,,,,,
chesca_mesh,1234,11,6,5,4.313677922786222,3.5696779227862216,-0.7440000000000002,8.372381210327148,0.11303499298130858,90,,,,,,,,,
chesca_mesh,1235,12,6,6,6.064686037805785,5.188686037805785,-0.8760000000000003,8.372381210327148,0.340399813003022,90,,,,,,,,,
chesca_mesh,1236,13,6,6,4.748057628190442,3.8720576281904417,-0.8760000000000003,8.32678508758545,0.13628648814554886,90,,,,,,,,,
chesca_mesh,1237,14,6,6,5.659402665758034,4.783402665758034,-0.8759999999999994,8.32678508758545,0.12635328512507513,90,,,,,,,,,
chesca_mesh,1238,15,6,6,6.725568016392284,5.8495680163922845,-0.8759999999999994,8.32678508758545,0.14819780803082735,90,,,,,,,,,
chesca_mesh,1239,16,6,6,8.936658779688258,8.060658779688257,-0.8760000000000012,8.275152206420898,0.4238636915783518,90,,,,,,,,,
chesca_mesh,1240,17,6,6,10.991831361117335,10.115831361117335,-0.8759999999999994,8.275152206420898,0.6727312265194547,90,,,,,,,,,
chesca_mesh,1241,18,6,6,10.531733109044238,9.655733109044236,-0.8760000000000012,8.275152206420898,0.572151022901279,90,,,,,,,,,
chesca_mesh,1242,19,6,6,13.536764828966877,12.660764828966878,-0.8759999999999994,8.32678508758545,1.4834413855425386,90,,,,,,,,,
chesca_mesh,1243,20,6,6,10.48317760267946,9.60717760267946,-0.8759999999999994,8.32678508758545,0.29782139808001307,90,,,,,,,,,
chesca_mesh,1244,21,6,6,10.235812185481137,9.359812185481136,-0.8760000000000012,8.32678508758545,0.23780295936655124,90,,,,,,,,,
chesca_mesh,1245,22,6,3,9.733681592743823,9.253681592743824,-0.47999999999999865,8.275152206420898,0.44367734050546037,90,,,,,,,,,
chesca_mesh,1246,23,6,6,10.025712048190307,9.149712048190306,-0.8760000000000012,8.275152206420898,0.35108784779024765,90,,,,,,,,,
chesca_mesh,1247,24,6,6,10.156016672032546,9.280016672032547,-0.8759999999999994,8.275152206420898,0.14488915434617766,90,,,,,,,,,
chesca_mesh,1248,1,6,0,9.288870260623623,9.288870260623623,0.0,8.32678508758545,0.0548198832143674,90,,,,,,,,,
chesca_mesh,1249,2,6,6,8.716799895512878,9.59279989551288,0.8760000000000012,8.32678508758545,-0.3629022048764008,90,,,,,,,,,
chesca_mesh,1250,3,6,6,6.446942415680507,7.322942415680507,0.8760000000000003,8.379766464233398,-0.45879877245700607,90,,,,,,,,,
chesca_mesh,1251,4,6,6,5.966103455655444,6.7617125627596595,0.7956091071042151,8.379766464233398,-0.30629371046811826,90,,,,,,,,,
chesca_mesh,1252,5,6,6,5.27596150065079,5.810806641871419,0.5348451412206288,8.379766464233398,-0.3544034386956507,90,,,,,,,,,
chesca_mesh,1253,6,6,6,6.009371061387675,6.453640018562754,0.44426895717507886,8.379766464233398,-0.25828851684111354,90,,,,,,,,,
chesca_mesh,1254,7,6,6,5.476818696971218,5.814606217263196,0.337787520291978,8.379766464233398,-0.2190447844597258,90,,,,,,,,,
chesca_mesh,1255,8,6,6,3.273414736073089,3.5028692085432995,0.22945447247021056,8.379766464233398,-0.29341461615297254,90,,,,,,,,,
chesca_mesh,1256,9,6,6,2.643785402608012,2.8642535550916004,0.2204681524835883,8.379766464233398,-0.11899240671676009,90,,,,,,,,,
chesca_mesh,1257,10,6,6,2.4964790120145404,2.7164362660008274,0.21995725398628707,8.379766464233398,-0.13557382778571528,90,,,,,,,,,
chesca_mesh,1258,11,6,6,0.6821331325050097,1.0009071342270828,0.31877400172207304,8.379766464233398,-0.7227691450008046,90,,,,,,,,,
chesca_mesh,1259,12,6,0,0.6726195673074802,0.6726195673074802,0.0,8.379766464233398,-0.008974133815163335,90,,,,,,,,,
chesca_mesh,1260,13,6,6,4.180180948020119,3.30418094802012,-0.8759999999999994,8.379766464233398,0.24095655580636532,90,,,,,,,,,
chesca_mesh,1261,14,6,6,4.802461103194733,3.926461103194732,-0.8760000000000008,8.379766464233398,0.13344759879434656,90,,,,,,,,,
chesca_mesh,1262,15,6,0,4.303024483399355,4.303024483399356,8.881784197001252e-16,8.379766464233398,0.0622080111615957,90,,,,,,,,,
chesca_mesh,1263,16,6,6,7.004560306418425,6.156965358160706,-0.8475949482577194,8.379766464233398,0.5236381684353774,90,,,,,,,,,
chesca_mesh,1264,17,6,6,8.125996762419161,7.249996762419162,-0.8759999999999994,8.379766464233398,0.5028467307359554,90,,,,,,,,,
chesca_mesh,1265,18,6,6,9.085432001105806,8.209432001105808,-0.8759999999999977,8.32678508758545,0.3686157130294558,90,,,,,,,,,
chesca_mesh,1266,19,6,6,12.621858504991092,11.74585850499109,-0.8760000000000012,8.32678508758545,1.1180043769826353,90,,,,,,,,,
chesca_mesh,1267,20,6,6,12.853139304003316,11.977139304003316,-0.8759999999999994,8.32678508758545,0.8176336288014876,90,,,,,,,,,
chesca_mesh,1268,21,6,6,10.826132116101045,9.950132116101043,-0.8760000000000012,8.32678508758545,0.5159918459804049,90,,,,,,,,,
chesca_mesh,1269,22,6,0,9.633871729561575,9.633871729561575,0.0,8.32678508758545,0.2506249276995173,90,,,,,,,,,
chesca_mesh,1270,23,6,6,10.908207571065697,10.032207571065694,-0.876000000000003,8.379766464233398,0.15211860507096048,90,,,,,,,,,
chesca_mesh,1271,24,6,6,9.761142468869643,8.885142468869645,-0.8759999999999977,8.415987014770508,0.4991533488962668,90,,,,,,,,,
chesca_mesh,1272,1,6,6,10.219018324315504,9.343018324315505,-0.8759999999999994,8.430636405944824,0.10480068504028067,90,,,,,,,,,
chesca_mesh,1273,2,6,0,9.064512456180596,9.064512456180598,1.7763568394002505e-15,8.430636405944824,-0.04008569823868599,90,,,,,,,,,
chesca_mesh,1274,3,6,6,7.012139556222049,7.888139556222049,0.8759999999999994,8.4710111618042,-0.272099658139778,90,,,,,,,,,
chesca_mesh,1275,4,6,6,5.622989718267825,6.498989718267826,0.8760000000000003,8.4710111618042,-0.3394960621048795,90,,,,,,,,,
chesca_mesh,1276,5,6,6,5.23774028307744,5.835116179030596,0.5973758959531557,8.4710111618042,-0.2628761084803203,90,,,,,,,,,
chesca_mesh,1277,6,6,6,5.643970685669183,6.194340358970971,0.5503696733017875,8.4710111618042,-0.12799042987514336,90,,,,,,,,,
chesca_mesh,1278,7,6,6,5.164545750472891,5.503710565057359,0.3391648145844677,8.4710111618042,-0.15305668679581289,90,,,,,,,,,
chesca_mesh,1279,8,6,6,4.547564444863992,4.776770862644481,0.2292064177804889,8.4710111618042,-0.2618625297074795,90,,,,,,,,,
chesca_mesh,1280,9,6,6,3.2138106179852466,3.4342790319317023,0.22046841394645567,8.4710111618042,-0.4057103377743257,90,,,,,,,,,
chesca_mesh,1281,10,6,3,2.9114861741674103,3.0319507652804147,0.12046459111300445,8.4710111618042,-0.10170185706288964,90,,,,,,,,,
chesca_mesh,1282,11,6,6,3.1518396035770797,3.386196110338986,0.23435650676190622,8.4710111618042,-0.10908727124408744,90,,,,,,,,,
chesca_mesh,1283,12,6,6,1.7549527419311983,1.9757084639337483,0.22075572200255,8.4710111618042,-0.3940532323677486,90,,,,,,,,,
chesca_mesh,1284,13,6,6,4.203191206461589,3.327191206461589,-0.8759999999999994,8.4710111618042,0.09034287009756893,90,,,,,,,,,
chesca_mesh,1285,14,6,6,4.030936105343835,3.1549361053438347,-0.8759999999999999,8.4710111618042,0.08266484585887847,90,,,,,,,,,
chesca_mesh,1286,15,6,6,7.051294592639023,6.175294592639024,-0.8759999999999986,8.4710111618042,0.35016331657985567,90,,,,,,,,,
chesca_mesh,1287,16,6,6,8.3722445665762,7.4962445665762,-0.8759999999999994,8.4710111618042,0.23248753928524124,90,,,,,,,,,
chesca_mesh,1288,17,6,6,11.529348313386013,10.653348313386013,-0.8759999999999994,8.430636405944824,0.9427527657459585,90,,,,,,,,,
chesca_mesh,1289,18,6,6,13.227809294968488,12.351809294968488,-0.8759999999999994,8.430636405944824,1.271542750799244,90,,,,,,,,,
chesca_mesh,1290,19,6,6,16.31390526954223,15.437905269542231,-0.8759999999999977,8.430636405944824,2.2108757825125913,90,,,,,,,,,
chesca_mesh,1291,20,6,6,12.734590067863465,11.858590067863464,-0.8760000000000012,8.430636405944824,0.6490534624290434,90,,,,,,,,,
chesca_mesh,1292,21,6,6,12.043092588045148,11.167092588045149,-0.8759999999999994,8.430636405944824,0.7195932081893703,90,,,,,,,,,
chesca_mesh,1293,22,6,0,10.218241505279837,10.218241505279835,-1.7763568394002505e-15,8.430636405944824,0.24649422171703267,90,,,,,,,,,
chesca_mesh,1294,23,6,6,9.887274902851752,9.011274902851753,-0.8759999999999994,8.4710111618042,0.36885301173609697,90,,,,,,,,,
chesca_mesh,1295,24,6,6,10.480661627273431,9.604661627273433,-0.8759999999999977,8.4710111618042,0.29505536109988784,90,,,,,,,,,
chesca_mesh,1296,1,6,6,10.846209048091087,9.970209048091085,-0.8760000000000012,8.4710111618042,0.35205533167429115,90,,,,,,,,,
chesca_mesh,1297,2,6,6,8.669273914854976,9.545273914854977,0.8760000000000012,8.508196830749512,-0.32273223218100666,90,,,,,,,,,
chesca_mesh,1298,3,6,6,6.8815913931253565,7.757591393125356,0.8759999999999994,8.529402732849121,-0.3259709735855879,90,,,,,,,,,
chesca_mesh,1299,4,6,6,6.021689955559189,6.748286364528846,0.7265964089696562,8.529402732849121,-0.27791490127996465,90,,,,,,,,,
chesca_mesh,1300,5,6,6,5.24953636877372,5.828892413345258,0.5793560445715382,8.529402732849121,-0.3402465682436057,90,,,,,,,,,
chesca_mesh,1301,6,6,6,5.445311238899314,5.7875720310020204,0.34226079210270655,8.529402732849121,-0.1471464487623215,90,,,,,,,,,
chesca_mesh,1302,7,6,6,4.179207012804519,4.410537740143067,0.23133072733854831,8.529402732849121,-0.1512339338620226,90,,,,,,,,,
chesca_mesh,1303,8,6,6,3.1412653359645644,3.361867723210198,0.22060238724563375,8.529402732849121,-0.14404991945273432,90,,,,,,,,,
chesca_mesh,1304,9,6,6,1.2450555728505113,1.4650475028038947,0.21999192995338346,8.529402732849121,-0.11449805306510094,90,,,,,,,,,
chesca_mesh,1305,10,6,0,1.6498197282880047,1.649819728288005,2.220446049250313e-16,8.529402732849121,-0.07739464833250977,90,,,,,,,,,
chesca_mesh,1306,11,6,6,3.550173325275508,2.674173325275508,-0.8759999999999999,8.529402732849121,0.08292930540583465,90,,,,,,,,,
chesca_mesh,1307,12,6,6,3.0488314693653296,2.172831469365329,-0.8760000000000008,8.529402732849121,0.16185206684010991,90,,,,,,,,,
chesca_mesh,1308,13,6,6,4.599168576925944,3.723168576925944,-0.8759999999999999,8.529402732849121,0.2866446872843377,90,,,,,,,,,
chesca_mesh,1309,14,6,6,5.331822295855442,4.455822295855443,-0.8759999999999994,8.529402732849121,0.3393910329964706,90,,,,,,,,,
chesca_mesh,1310,15,6,6,7.892568862578612,7.016568862578613,-0.8759999999999986,8.529402732849121,0.34087323896913624,90,,,,,,,,,
chesca_mesh,1311,16,6,6,11.324953709786303,10.448953709786304,-0.8759999999999994,8.529402732849121,0.8092556682690636,90,,,,,,,,,
chesca_mesh,1312,17,6,6,15.300200807485389,14.424200807485386,-0.876000000000003,8.574731826782227,2.0134190375903214,90,,,,,,,,,
chesca_mesh,1313,18,6,6,14.236102894992495,13.360102894992496,-0.8759999999999994,8.649993896484375,1.2513030313320705,90,,,,,,,,,
chesca_mesh,1314,19,6,6,16.98320908039504,16.10720908039504,-0.8759999999999977,8.649993896484375,2.3013135454650113,90,,,,,,,,,
chesca_mesh,1315,20,6,6,12.330817383818946,11.454817383818947,-0.8759999999999994,8.649993896484375,0.49270773938866297,90,,,,,,,,,
chesca_mesh,1316,21,6,6,11.590866279568512,10.714866279568513,-0.8759999999999994,8.649993896484375,0.5868335313862179,90,,,,,,,,,
chesca_mesh,1317,22,6,1,9.442169592196457,9.282169592196459,-0.15999999999999837,8.649993896484375,0.13566304282553396,90,,,,,,,,,
chesca_mesh,1318,23,6,6,9.839104472815949,8.963104472815948,-0.8760000000000012,8.649993896484375,0.3855537118166071,90,,,,,,,,,
chesca_mesh,1319,24,6,0,9.002781972705673,9.002781972705673,0.0,8.649993896484375,-0.047713566682404236,90,,,,,,,,,
chesca_mesh,1320,1,6,6,9.06476862647036,8.18876862647036,-0.8760000000000012,8.649993896484375,0.4369456573353183,90,,,,,,,,,
chesca_mesh,1321,2,6,0,8.58130948964805,8.58130948964805,0.0,8.574731826782227,0.0026482968854270724,90,,,,,,,,,
chesca_mesh,1322,3,6,6,7.175432788824656,8.051432788824657,0.8760000000000012,8.555891036987305,-0.14358760814240387,90,,,,,,,,,
chesca_mesh,1323,4,6,6,6.41742268469709,7.29342268469709,0.8759999999999994,8.484971046447754,-0.08818592654144998,90,,,,,,,,,
chesca_mesh,1324,5,6,6,5.401666021635563,5.999041178314561,0.5973751566789982,8.484971046447754,-0.17219322906071477,90,,,,,,,,,
chesca_mesh,1325,6,6,0,5.297280529056798,5.297280529056798,0.0,8.484971046447754,0.011004688598277069,90,,,,,,,,,
chesca_mesh,1326,7,6,0,5.322775339233127,5.322775339233127,0.0,8.484971046447754,-0.04372982515855037,90,,,,,,,,,
chesca_mesh,1327,8,6,6,4.370190397951555,4.828792921690244,0.4586025237386888,8.454866409301758,-0.11413024547308517,90,,,,,,,,,
chesca_mesh,1328,9,6,6,2.4199765534471886,2.6843551410377287,0.26437858759054,8.454866409301758,-0.183934241611446,90,,,,,,,,,
chesca_mesh,1329,10,6,0,1.1309317143198347,1.1309317143198347,0.0,8.454866409301758,0.008164056945261445,90,,,,,,,,,
chesca_mesh,1330,11,6,6,1.4255918104635181,0.5495918104635189,-0.8759999999999992,8.454866409301758,0.08300911506510858,90,,,,,,,,,
chesca_mesh,1331,12,6,6,3.801382089530124,2.925382089530124,-0.8759999999999999,8.454866409301758,0.3404007889819321,90,,,,,,,,,
chesca_mesh,1332,13,6,6,6.0282253606691105,5.152225360669111,-0.8759999999999994,8.454866409301758,0.33275298835647726,90,,,,,,,,,
chesca_mesh,1333,14,6,6,6.180147940095815,5.304147940095815,-0.8760000000000003,8.454866409301758,0.15556216951629986,90,,,,,,,,,
chesca_mesh,1334,15,6,6,8.450594064368394,7.574594064368394,-0.8759999999999994,8.430636405944824,0.2735015319778373,90,,,,,,,,,
chesca_mesh,1335,16,6,6,11.466662169587018,10.590662169587016,-0.8760000000000012,8.430636405944824,1.091175351607859,90,,,,,,,,,
chesca_mesh,1336,17,6,6,16.523837099850606,15.647837099850607,-0.8759999999999994,8.430636405944824,3.0113526731864217,90,,,,,,,,,
chesca_mesh,1337,18,6,6,15.446018293110413,14.570018293110412,-0.8760000000000012,8.454866409301758,2.158002760295262,90,,,,,,,,,
chesca_mesh,1338,19,6,6,19.76783464977278,18.89183464977278,-0.8760000000000012,8.484971046447754,3.265685157995831,90,,,,,,,,,
chesca_mesh,1339,20,6,6,14.396318851165084,13.520318851165083,-0.8760000000000012,8.484971046447754,1.1227655102519019,90,,,,,,,,,
chesca_mesh,1340,21,6,6,13.075483866790101,12.199483866790102,-0.8759999999999994,8.484971046447754,0.9284255187402135,90,,,,,,,,,
chesca_mesh,1341,22,6,0,10.225201324154419,10.225201324154419,0.0,8.484971046447754,0.018930338254188064,90,,,,,,,,,
chesca_mesh,1342,23,6,6,10.42699729758328,9.55099729758328,-0.8760000000000012,8.484971046447754,0.2245276133914265,90,,,,,,,,,
chesca_mesh,1343,24,6,6,10.412117950864802,9.536117950864805,-0.8759999999999977,8.555891036987305,0.23591775817559094,90,,,,,,,,,
chesca_mesh,1344,1,6,6,10.882636876958083,10.006636876958083,-0.8759999999999994,8.555891036987305,0.36197610174148676,90,,,,,,,,,
chesca_mesh,1345,2,6,6,10.187606928922692,9.311606928922691,-0.8760000000000012,8.555891036987305,0.3019299207061206,90,,,,,,,,,
chesca_mesh,1346,3,6,0,8.22415667464724,8.22415667464724,0.0,8.649993896484375,-0.056679898094364384,90,,,,,,,,,
chesca_mesh,1347,4,6,6,6.469597787635009,7.3455977876350085,0.8759999999999994,8.649993896484375,-0.09744722082112738,90,,,,,,,,,
chesca_mesh,1348,5,6,0,5.682151656553633,5.682151656553633,0.0,8.649993896484375,-0.07668813012650888,90,,,,,,,,,
chesca_mesh,1349,6,6,6,5.960603849402483,5.084603849402483,-0.8760000000000003,8.649993896484375,0.09425863566291434,90,,,,,,,,,
chesca_mesh,1350,7,6,6,5.595383721838795,4.7193837218387955,-0.8759999999999994,8.649993896484375,0.11629745361227975,90,,,,,,,,,
chesca_mesh,1351,8,6,0,5.508868466989925,5.508868466989925,0.0,8.649993896484375,0.038925779538559684,90,,,,,,,,,
chesca_mesh,1352,9,6,6,4.005146431988374,4.641361799726154,0.6362153677377798,8.649993896484375,-0.1855744100286519,90,,,,,,,,,
chesca_mesh,1353,10,6,0,1.94289335885024,1.94289335885024,0.0,8.649993896484375,-0.02678805414149537,90,,,,,,,,,
chesca_mesh,1354,11,6,0,2.0187035720122077,2.0187035720122077,0.0,8.649993896484375,0.05218401271497383,90,,,,,,,,,
chesca_mesh,1355,12,6,6,3.6062457592083943,2.730245759208395,-0.8759999999999994,8.649993896484375,0.09221892758426056,90,,,,,,,,,
chesca_mesh,1356,13,6,6,6.029302015031638,5.153302015031637,-0.8760000000000003,8.649993896484375,0.15762510483009878,90,,,,,,,,,
chesca_mesh,1357,14,6,6,6.044750085971139,5.16875008597114,-0.8759999999999994,8.649993896484375,0.18319488624863445,90,,,,,,,,,
chesca_mesh,1358,15,6,6,8.778134478228056,7.902134478228056,-0.8760000000000003,8.649993896484375,0.28514983026534063,90,,,,,,,,,
chesca_mesh,1359,16,6,6,9.350000146864772,8.474000146864771,-0.8760000000000012,8.776979446411133,0.3055965698231798,90,,,,,,,,,
chesca_mesh,1360,17,6,6,13.671939152453582,12.795939152453583,-0.8759999999999994,8.865462303161621,1.7634198923221835,90,,,,,,,,,
chesca_mesh,1361,18,6,6,13.866082297296792,12.99008229729679,-0.8760000000000012,8.887722969055176,1.7285691943491452,90,,,,,,,,,
chesca_mesh,1362,19,6,6,15.852779994701041,14.976779994701042,-0.8759999999999994,8.898510932922363,1.8887155721011357,90,,,,,,,,,
chesca_mesh,1363,20,6,6,13.111973363580457,12.235973363580456,-0.8760000000000012,8.925312995910645,0.7421705130975786,90,,,,,,,,,
chesca_mesh,1364,21,6,6,11.409609700389243,10.533609700389244,-0.8759999999999994,8.929898262023926,0.3899131071580695,90,,,,,,,,,
chesca_mesh,1365,22,6,0,9.575332402403577,9.575332402403577,0.0,8.929898262023926,0.01681119843883795,90,,,,,,,,,
chesca_mesh,1366,23,6,6,10.104911288498574,9.228911288498573,-0.8760000000000012,8.929898262023926,0.15027296839006857,90,,,,,,,,,
chesca_mesh,1367,24,6,6,9.737019159651041,8.861019159651041,-0.8759999999999994,8.978899955749512,0.2180439213845936,90,,,,,,,,,
chesca_mesh,1368,1,6,6,10.732582223840724,9.856582223840725,-0.8759999999999994,8.978899955749512,0.3557964621646797,90,,,,,,,,,
chesca_mesh,1369,2,6,0,9.302314295836984,9.302314295836984,0.0,9.042484283447266,0.02095102476032787,90,,,,,,,,,
chesca_mesh,1370,3,6,6,6.81830187496571,7.694301874965708,0.8759999999999986,9.086291313171387,-0.12808008419385583,90,,,,,,,,,
chesca_mesh,1371,4,6,0,7.275776659285031,7.275776659285031,0.0,9.086291313171387,-0.007449609077693681,90,,,,,,,,,
chesca_mesh,1372,5,6,0,5.678415962398697,5.678415962398697,0.0,9.086291313171387,-0.07645005545150188,90,,,,,,,,,
chesca_mesh,1373,6,6,6,6.154696228873169,5.278696228873169,-0.8759999999999994,9.086291313171387,0.09604833414710358,90,,,,,,,,,
chesca_mesh,1374,7,6,6,5.519767457905066,4.643767457905067,-0.8759999999999986,9.086291313171387,0.10124450037246577,90,,,,,,,,,
chesca_mesh,1375,8,6,6,5.1866285461936386,4.310628546193638,-0.8760000000000003,9.086291313171387,0.09675198296331293,90,,,,,,,,,
chesca_mesh,1376,9,6,6,5.398718371799861,4.5227183717998605,-0.8760000000000003,9.086291313171387,0.14821658657275533,90,,,,,,,,,
chesca_mesh,1377,10,6,6,5.7130745773669975,4.837074577366999,-0.8759999999999986,9.086291313171387,0.16485960647759307,90,,,,,,,,,
chesca_mesh,1378,11,6,0,4.8912626562064005,4.8912626562064005,0.0,9.086291313171387,0.058439672636188454,90,,,,,,,,,
chesca_mesh,1379,12,6,6,3.5864691197576466,4.256107880344815,0.6696387605871683,9.09630012512207,-0.4424817087623326,90,,,,,,,,,
chesca_mesh,1380,13,6,4,3.437213181968789,3.916041311216974,0.47882812924818463,9.09630012512207,-0.10045671748565534,90,,,,,,,,,
chesca_mesh,1381,14,6,0,3.9328642558969067,3.9328642558969062,-4.440892098500626e-16,9.09630012512207,-0.020444970154563633,90,,,,,,,,,
chesca_mesh,1382,15,6,6,6.497734654321474,7.073333677811918,0.5755990234904438,9.122798919677734,-0.6597047260785022,90,,,,,,,,,
chesca_mesh,1383,16,6,6,6.9915339408333015,6.1155339408333,-0.8760000000000012,9.122798919677734,0.33284789777167234,90,,,,,,,,,
chesca_mesh,1384,17,6,6,9.359151379293031,8.483151379293032,-0.8759999999999994,9.122798919677734,0.7270994814782831,90,,,,,,,,,
chesca_mesh,1385,18,6,6,11.238335328870058,10.362335328870056,-0.8760000000000012,9.122798919677734,0.7524124414491724,90,,,,,,,,,
chesca_mesh,1386,19,6,6,12.599653315950013,11.723653315950012,-0.8760000000000012,9.122798919677734,0.7588156266551246,90,,,,,,,,,
chesca_mesh,1387,20,6,6,11.181860270229581,10.30586027022958,-0.8760000000000012,9.122798919677734,0.2703221390066213,90,,,,,,,,,
chesca_mesh,1388,21,6,6,12.18313056240304,11.30713056240304,-0.8759999999999994,9.15215015411377,0.7198684291761008,90,,,,,,,,,
chesca_mesh,1389,22,6,0,9.9683555522945,9.9683555522945,0.0,9.164743423461914,0.25685394854254145,90,,,,,,,,,
chesca_mesh,1390,23,6,6,10.731273753704325,9.855273753704324,-0.8760000000000012,9.164743423461914,0.31043845844264967,90,,,,,,,,,
chesca_mesh,1391,24,6,6,10.674097991364668,9.79809799136467,-0.8759999999999977,9.164743423461914,0.24783120829299238,90,,,,,,,,,
chesca_mesh,1392,1,6,6,11.717396350758742,10.841396350758743,-0.8759999999999994,9.175209045410156,0.5869845780796105,90,,,,,,,,,
chesca_mesh,1393,2,6,0,9.83893140465866,9.838931404658661,1.7763568394002505e-15,9.175209045410156,0.06214576925867826,90,,,,,,,,,
chesca_mesh,1394,3,6,6,7.446101070436794,8.322101070436792,0.8759999999999986,9.192020416259766,-0.10760291380604409,90,,,,,,,,,
chesca_mesh,1395,4,6,0,6.5993423585724456,6.5993423585724456,0.0,9.192020416259766,-0.033081760388611825,90,,,,,,,,,
chesca_mesh,1396,5,6,0,5.814149792571668,5.814149792571667,-8.881784197001252e-16,9.192020416259766,0.06997552205076349,90,,,,,,,,,
chesca_mesh,1397,6,6,6,5.960811417373563,5.0848114173735635,-0.8759999999999994,9.192020416259766,0.15035278737465047,90,,,,,,,,,
chesca_mesh,1398,7,6,6,5.626824164836469,4.7508241648364695,-0.8759999999999994,9.192020416259766,0.1829408689394405,90,,,,,,,,,
chesca_mesh,1399,8,6,6,5.34826663156257,4.472266631562569,-0.8760000000000012,9.192020416259766,0.12336940322047221,90,,,,,,,,,
chesca_mesh,1400,9,6,0,4.142063556965194,4.142063556965194,0.0,9.175209045410156,0.027094096323856814,90,,,,,,,,,
chesca_mesh,1401,10,6,0,3.1378870148358393,3.1378870148358398,4.440892098500626e-16,9.175209045410156,0.07550100432416226,90,,,,,,,,,
chesca_mesh,1402,11,6,6,4.660087359970587,5.327556930656532,0.6674695706859444,9.192020416259766,-0.34893139005000356,90,,,,,,,,,
chesca_mesh,1403,12,6,0,5.625858401626478,5.625858401626478,0.0,9.192020416259766,0.05460306947018853,90,,,,,,,,,
chesca_mesh,1404,13,6,6,6.649236215298693,7.318707784071873,0.6694715687731803,9.208698272705078,-0.5153666634202843,90,,,,,,,,,
chesca_mesh,1405,14,6,6,6.112114091131165,6.660517163595984,0.5484030724648195,9.208698272705078,-0.13177282434289517,90,,,,,,,,,
chesca_mesh,1406,15,6,6,8.028751903496465,7.152751903496464,-0.8760000000000012,9.208698272705078,0.13538211267276865,90,,,,,,,,,
chesca_mesh,1407,16,6,6,9.720876433085598,8.844876433085599,-0.8759999999999994,9.208698272705078,0.5112668805378646,90,,,,,,,,,
chesca_mesh,1408,17,6,6,12.287501854986331,11.41150185498633,-0.8760000000000012,9.208698272705078,1.120745759700302,90,,,,,,,,,
chesca_mesh,1409,18,6,6,13.763205456352198,12.887205456352197,-0.8760000000000012,9.208698272705078,1.347595451507217,90,,,,,,,,,
chesca_mesh,1410,19,6,6,15.662154158748306,14.786154158748307,-0.8759999999999994,9.237659454345703,1.5217117368486013,90,,,,,,,,,
chesca_mesh,1411,20,6,6,14.12213576411595,13.246135764115952,-0.8759999999999977,9.237659454345703,0.8950571682669867,90,,,,,,,,,
chesca_mesh,1412,21,6,6,12.017039349892316,11.141039349892317,-0.8759999999999994,9.237659454345703,0.4209289634298046,90,,,,,,,,,
chesca_mesh,1413,22,6,0,9.043201568688733,9.043201568688733,0.0,9.262922286987305,-0.046844960091895274,90,,,,,,,,,
chesca_mesh,1414,23,6,6,9.813345340551038,8.937345340551039,-0.8759999999999994,9.262922286987305,0.16062419943269807,90,,,,,,,,,
chesca_mesh,1415,24,6,6,10.843855715782812,9.967855715782814,-0.8759999999999977,9.289483070373535,0.23631841614163243,90,,,,,,,,,
chesca_mesh,1416,1,6,6,10.492891305912945,9.616891305912944,-0.8760000000000012,9.345685005187988,0.31810787985552047,90,,,,,,,,,
chesca_mesh,1417,2,6,0,9.21569344532793,9.21569344532793,0.0,9.428949356079102,-0.01653845167684291,90,,,,,,,,,
chesca_mesh,1418,3,6,6,7.172287820001658,8.048287820001658,0.8759999999999994,9.345685005187988,-0.12182762905179557,90,,,,,,,,,
chesca_mesh,1419,4,6,0,7.27405829231413,7.2740582923141295,-8.881784197001252e-16,9.345685005187988,-0.020382814697172215,90,,,,,,,,,
chesca_mesh,1420,5,6,0,5.804808424419687,5.8048084244196865,-8.881784197001252e-16,9.345685005187988,-0.042338629747389736,90,,,,,,,,,
chesca_mesh,1421,6,6,6,6.267677386904749,5.39167738690475,-0.8759999999999994,9.345685005187988,0.12172640065348692,90,,,,,,,,,
chesca_mesh,1422,7,6,6,5.486300281210154,4.610300281210155,-0.8759999999999986,9.345685005187988,0.11464395908901187,90,,,,,,,,,
chesca_mesh,1423,8,6,6,5.196546951755679,4.32054695175568,-0.8759999999999994,9.345685005187988,0.12723833489769729,90,,,,,,,,,
chesca_mesh,1424,9,6,6,4.112688590550907,3.2366885905509077,-0.8759999999999994,9.345685005187988,0.1248452809559081,90,,,,,,,,,
chesca_mesh,1425,10,6,6,3.869299763521809,2.9932997635218093,-0.8759999999999999,9.345685005187988,0.09978127145430872,90,,,,,,,,,
chesca_mesh,1426,11,6,6,4.120713111808475,4.90404150548454,0.7833283936760651,9.345685005187988,-0.12583474246612247,90,,,,,,,,,
chesca_mesh,1427,12,6,6,4.732556544078788,3.8565565440787886,-0.8759999999999994,9.345685005187988,0.14006511486870746,90,,,,,,,,,
chesca_mesh,1428,13,6,6,5.3726358024429945,4.496635802442993,-0.8760000000000012,9.345685005187988,0.20199554235870104,90,,,,,,,,,
chesca_mesh,1429,14,6,6,6.254409349132068,5.378409349132069,-0.8759999999999994,9.345685005187988,0.24148368940098763,90,,,,,,,,,
chesca_mesh,1430,15,6,6,8.784470380788388,7.908470380788387,-0.8760000000000012,9.345685005187988,0.2486697831267192,90,,,,,,,,,
chesca_mesh,1431,16,6,6,9.311536447265691,8.435536447265688,-0.876000000000003,9.345685005187988,0.3424628151044579,90,,,,,,,,,
chesca_mesh,1432,17,6,6,13.166515474531984,12.290515474531986,-0.8759999999999977,9.345685005187988,1.5809751966949956,90,,,,,,,,,
chesca_mesh,1433,18,6,6,14.481366615035602,13.605366615035601,-0.8760000000000012,9.428949356079102,1.4991036054844529,90,,,,,,,,,
chesca_mesh,1434,19,6,6,17.11122387583312,16.235223875833118,-0.8760000000000012,9.471776008605957,1.9908122279187241,90,,,,,,,,,
chesca_mesh,1435,20,6,6,14.480304979713297,13.604304979713298,-0.8759999999999994,9.471776008605957,0.9345018667912247,90,,,,,,,,,
chesca_mesh,1436,21,6,6,14.244727686625932,13.368727686625933,-0.8759999999999994,9.471776008605957,0.897647917558185,90,,,,,,,,,
chesca_mesh,1437,22,6,0,10.945324017463939,10.94532401746394,1.7763568394002505e-15,9.471776008605957,0.24666871614478464,90,,,,,,,,,
chesca_mesh,1438,23,6,6,10.641908380521603,9.765908380521601,-0.8760000000000012,9.471776008605957,0.24255158538439447,90,,,,,,,,,
chesca_mesh,1439,24,6,6,11.317420822756956,10.441420822756958,-0.8759999999999977,9.428949356079102,0.3198062766293793,90,,,,,,,,,
chesca_mesh,1440,1,6,0,10.11563358793775,10.11563358793775,0.0,9.471776008605957,0.058702463939885624,90,,,,,,,,,
chesca_mesh,1441,2,6,6,9.258966874640725,10.134966874640725,0.8759999999999994,9.506966590881348,-0.18221357780016448,90,,,,,,,,,
chesca_mesh,1442,3,6,6,7.377912311167071,8.25391231116707,0.8759999999999994,9.520773887634277,-0.2716477367792032,90,,,,,,,,,
chesca_mesh,1443,4,6,6,7.611010197162031,8.48701019716203,0.8759999999999994,9.531473159790039,-0.2156822863004732,90,,,,,,,,,
chesca_mesh,1444,5,6,6,5.89515591474232,6.581603909754778,0.6864479950124576,9.531473159790039,-0.2412541035686191,90,,,,,,,,,
chesca_mesh,1445,6,6,6,5.929648040276874,6.390935216662594,0.4612871763857207,9.531473159790039,-0.1157536206981559,90,,,,,,,,,
chesca_mesh,1446,7,6,4,5.283201687600268,5.54729386611839,0.26409217851812183,9.531473159790039,-0.10471108890203831,90,,,,,,,,,
chesca_mesh,1447,8,6,0,4.755171536765163,4.755171536765163,0.0,9.531473159790039,-0.026561658343592254,90,,,,,,,,,
chesca_mesh,1448,9,6,0,4.237685586932253,4.237685586932253,0.0,9.531473159790039,-0.06236338605203553,90,,,,,,,,,
chesca_mesh,1449,10,6,0,3.048948951964719,3.048948951964719,0.0,9.531473159790039,-0.08281141859582206,90,,,,,,,,,
chesca_mesh,1450,11,6,6,1.488445566199334,1.7382708460883292,0.24982527988899506,9.531473159790039,-0.25107647950677503,90,,,,,,,,,
chesca_mesh,1451,12,6,0,1.1932243301741408,1.1932243301741408,0.0,9.531473159790039,-0.044183334826182766,90,,,,,,,,,
chesca_mesh,1452,13,6,6,5.431229793404815,4.555229793404815,-0.8759999999999994,9.531473159790039,0.271322217956509,90,,,,,,,,,
chesca_mesh,1453,14,6,6,4.650939571188529,3.7749395711885287,-0.8759999999999999,9.531473159790039,0.11754157766145824,90,,,,,,,,,
chesca_mesh,1454,15,6,6,6.480238230475211,5.604238230475212,-0.8759999999999994,9.531473159790039,0.1073166416964372,90,,,,,,,,,
chesca_mesh,1455,16,6,6,7.442794475279829,6.566794475279829,-0.8760000000000003,9.531473159790039,0.1174669611917713,90,,,,,,,,,
chesca_mesh,1456,17,6,6,10.100832833324587,9.224832833324585,-0.8760000000000012,9.531473159790039,0.20548391190696957,90,,,,,,,,,
chesca_mesh,1457,18,6,6,12.48801170411541,11.612011704115409,-0.8760000000000012,9.520773887634277,0.7122982380230436,90,,,,,,,,,
chesca_mesh,1458,19,6,6,15.038262626705903,14.162262626705902,-0.8760000000000012,9.520773887634277,1.4463738759646896,90,,,,,,,,,
chesca_mesh,1459,20,6,6,14.139206976875826,13.263206976875825,-0.8760000000000012,9.520773887634277,0.3887640000304881,90,,,,,,,,,
chesca_mesh,1460,21,6,6,12.72724461253851,11.85124461253851,-0.8759999999999994,9.520773887634277,0.5374956506260062,90,,,,,,,,,
chesca_mesh,1461,22,6,0,10.794077376760589,10.794077376760589,0.0,9.520773887634277,-0.046050908188749615,90,,,,,,,,,
chesca_mesh,1462,23,6,6,10.8779633359145,10.001963335914498,-0.8760000000000012,9.531473159790039,0.4964771585276658,90,,,,,,,,,
chesca_mesh,1463,24,6,6,11.054553802006554,10.178553802006554,-0.8759999999999994,9.567830085754395,0.28540368343325107,90,,,,,,,,,
chesca_mesh,1464,1,6,0,10.11720157168995,10.11720157168995,0.0,9.611897468566895,-0.00922345629197012,90,,,,,,,,,
chesca_mesh,1465,2,6,6,7.611994062951247,8.487994062951246,0.8759999999999994,9.611897468566895,-0.3065449372041694,90,,,,,,,,,
chesca_mesh,1466,3,6,6,6.83823264953153,7.71423264953153,0.8759999999999994,9.611897468566895,-0.25799851015137654,90,,,,,,,,,
chesca_mesh,1467,4,6,6,6.851274733365296,7.566492947573726,0.7152182142084307,9.611897468566895,-0.20659469313588993,90,,,,,,,,,
chesca_mesh,1468,5,6,6,5.414547011943601,6.055774686081064,0.641227674137463,9.611897468566895,-0.3099832415543843,90,,,,,,,,,
chesca_mesh,1469,6,6,6,5.382428925553778,5.821193514713454,0.43876458915967653,9.611897468566895,-0.26836238497896353,90,,,,,,,,,
chesca_mesh,1470,7,6,6,5.683757752217164,6.22184770817026,0.5380899559530956,9.630919456481934,-0.6216843164695386,90,,,,,,,,,
chesca_mesh,1471,8,6,6,5.082922972196883,5.620474151354827,0.5375511791579441,9.6666841506958,-0.7281507357476621,90,,,,,,,,,
chesca_mesh,1472,9,6,6,3.5420849049817296,3.9012940374533893,0.35920913247165975,9.6666841506958,-0.12413050901091602,90,,,,,,,,,
chesca_mesh,1473,10,6,6,2.1881907669845115,2.509400402274135,0.32120963528962365,9.6666841506958,-0.13561612892621658,90,,,,,,,,,
chesca_mesh,1474,11,6,0,2.1299514697897735,2.129951469789774,4.440892098500626e-16,9.6666841506958,0.055589874652314325,90,,,,,,,,,
chesca_mesh,1475,12,6,6,3.37538154649579,3.760817881923802,0.3854363354280119,9.6666841506958,-0.2363108994175206,90,,,,,,,,,
chesca_mesh,1476,13,6,6,4.87756904426572,4.001569044265719,-0.8760000000000012,9.6666841506958,0.09864428042391259,90,,,,,,,,,
chesca_mesh,1477,14,6,6,7.185582361126176,6.309582361126177,-0.8759999999999994,9.6666841506958,0.21808945558235243,90,,,,,,,,,
chesca_mesh,1478,15,6,0,8.332138575774115,8.332138575774115,0.0,9.6666841506958,0.06977707806031277,90,,,,,,,,,
chesca_mesh,1479,16,6,0,9.137474060582148,9.137474060582148,0.0,9.6666841506958,-0.025775329573189676,90,,,,,,,,,
chesca_mesh,1480,17,6,6,13.030991266447561,12.154991266447562,-0.8759999999999994,9.6666841506958,0.8215804872931282,90,,,,,,,,,
chesca_mesh,1481,18,6,6,14.443738531187359,13.56773853118736,-0.8759999999999994,9.6666841506958,1.046633773421974,90,,,,,,,,,
chesca_mesh,1482,19,6,6,16.060211410770112,15.18421141077011,-0.8760000000000012,9.6666841506958,1.575114822226361,90,,,,,,,,,
chesca_mesh,1483,20,6,6,14.307369387947604,13.431369387947605,-0.8759999999999994,9.6666841506958,0.8239764831792227,90,,,,,,,,,
chesca_mesh,1484,21,6,6,12.987105120062479,12.111105120062478,-0.8760000000000012,9.6666841506958,0.4412401384221344,90,,,,,,,,,
chesca_mesh,1485,22,6,0,9.907428714311862,9.907428714311862,0.0,9.6666841506958,-0.037539884947643376,90,,,,,,,,,
chesca_mesh,1486,23,6,6,10.540534381293426,9.664534381293425,-0.8760000000000012,9.6666841506958,0.09233581893956942,90,,,,,,,,,
chesca_mesh,1487,24,6,6,9.873297497254319,10.74929749725432,0.8760000000000012,9.6666841506958,-0.22352720708897728,90,,,,,,,,,
chesca_mesh,1488,1,6,6,10.247872652953587,9.371872652953588,-0.8759999999999994,9.697833061218262,0.16237522965925222,90,,,,,,,,,
chesca_mesh,1489,2,6,0,9.644199300111259,9.644199300111259,0.0,9.697833061218262,0.0669465939181885,90,,,,,,,,,
chesca_mesh,1490,3,6,6,7.28373482116844,8.159734821168442,0.8760000000000021,9.697833061218262,-0.1288468815884019,90,,,,,,,,,
chesca_mesh,1491,4,6,6,5.994027259874144,6.870027259874146,0.8760000000000012,9.697833061218262,-0.12772175124269744,90,,,,,,,,,
chesca_mesh,1492,5,6,0,5.626471895564556,5.626471895564556,0.0,9.697833061218262,-0.05001567801934846,90,,,,,,,,,
chesca_mesh,1493,6,6,6,5.868998335246367,4.992998335246368,-0.8759999999999994,9.697833061218262,0.08901616102678367,90,,,,,,,,,
chesca_mesh,1494,7,6,6,5.586709203303783,4.710709203303782,-0.8760000000000003,9.697833061218262,0.13948852097574602,90,,,,,,,,,
chesca_mesh,1495,8,6,0,5.571393778408675,5.571393778408676,8.881784197001252e-16,9.697833061218262,0.055007422812765064,90,,,,,,,,,
chesca_mesh,1496,9,6,0,5.127497748877852,5.127497748877852,0.0,9.697833061218262,0.0057274604175339,90,,,,,,,,,
chesca_mesh,1497,10,6,6,4.554354741860076,5.14965935026672,0.5953046084066447,9.697833061218262,-0.1208391651785431,90,,,,,,,,,
chesca_mesh,1498,11,6,0,6.193600525831501,6.1936005258315,-8.881784197001252e-16,9.697833061218262,0.008772435980515303,90,,,,,,,,,
chesca_mesh,1499,12,6,0,4.352215520225188,4.352215520225188,0.0,9.697833061218262,0.021095022178608383,90,,,,,,,,,
chesca_mesh,1500,13,6,0,5.21956871179577,5.219568711795769,-8.881784197001252e-16,9.697833061218262,-0.06959078594441362,90,,,,,,,,,
chesca_mesh,1501,14,6,6,3.596242278452346,4.111075863293819,0.5148335848414733,9.697833061218262,-0.10676947345772611,90,,,,,,,,,
chesca_mesh,1502,15,6,6,5.024511941386966,4.148511941386966,-0.8760000000000003,9.697833061218262,0.08379511785860962,90,,,,,,,,,
chesca_mesh,1503,16,6,6,5.289406841549772,4.413406841549772,-0.8759999999999994,9.697833061218262,0.3318112136490189,90,,,,,,,,,
chesca_mesh,1504,17,6,6,6.187544202526862,5.3115442025268615,-0.8760000000000003,9.697833061218262,0.2607537827994991,90,,,,,,,,,
chesca_mesh,1505,18,6,6,7.724420962451573,6.848420962451573,-0.8760000000000003,9.6666841506958,0.36462161804257864,90,,,,,,,,,
chesca_mesh,1506,19,6,6,8.272810461944134,7.396810461944134,-0.8760000000000003,9.630919456481934,0.09961974076592128,90,,,,,,,,,
chesca_mesh,1507,20,6,6,9.062629583920984,8.186629583920986,-0.8759999999999977,9.611897468566895,0.10179929857005451,90,,,,,,,,,
chesca_mesh,1508,21,6,6,9.113308287302061,8.23730828730206,-0.8760000000000012,9.567830085754395,0.14676298822994535,90,,,,,,,,,
chesca_mesh,1509,22,6,6,8.602821661455986,9.478821661455985,0.8759999999999994,9.567830085754395,-0.5865047479592514,90,,,,,,,,,
chesca_mesh,1510,23,6,6,7.696915852809074,8.572915852809075,0.8760000000000012,9.567830085754395,-0.1337274587182779,90,,,,,,,,,
chesca_mesh,1511,24,6,6,7.524399943844657,8.400399943844658,0.8760000000000003,9.567830085754395,-0.1288606414805357,90,,,,,,,,,
chesca_mesh,1512,1,6,0,8.035892217273435,8.035892217273435,0.0,9.529178619384766,0.019311386957364313,90,,,,,,,,,
chesca_mesh,1513,2,6,0,7.798199680732941,7.798199680732941,0.0,9.46897029876709,0.035891788900654316,90,,,,,,,,,
chesca_mesh,1514,3,6,0,6.098996585256033,6.098996585256033,0.0,9.46897029876709,-0.02161244648121627,90,,,,,,,,,
chesca_mesh,1515,4,6,6,5.621807001587968,4.745807001587969,-0.8759999999999994,9.46897029876709,0.09678936689491188,90,,,,,,,,,
chesca_mesh,1516,5,6,6,5.840894917719228,4.964894917719229,-0.8759999999999994,9.46897029876709,0.10961937690543094,90,,,,,,,,,
chesca_mesh,1517,6,6,6,5.774849311377613,4.898849311377614,-0.8759999999999994,9.46897029876709,0.13322417490387073,90,,,,,,,,,
chesca_mesh,1518,7,6,6,5.2870978954905485,6.005618185345119,0.7185202898545704,9.529178619384766,-0.43260510291345655,90,,,,,,,,,
chesca_mesh,1519,8,6,0,4.083874401312477,4.083874401312477,0.0,9.529178619384766,0.005540364725406449,90,,,,,,,,,
chesca_mesh,1520,9,6,6,5.033331638747807,4.157331638747808,-0.8759999999999994,9.529178619384766,0.10326862417708937,90,,,,,,,,,
chesca_mesh,1521,10,6,6,3.8570463783356157,2.9810463783356154,-0.8760000000000003,9.529178619384766,0.1500975163195028,90,,,,,,,,,
chesca_mesh,1522,11,6,6,4.365550180823421,3.4895501808234206,-0.8760000000000003,9.529178619384766,0.13370918254288575,90,,,,,,,,,
chesca_mesh,1523,12,6,0,1.835629871728886,1.8356298717288857,-2.220446049250313e-16,9.529178619384766,0.04073644435921107,90,,,,,,,,,
chesca_mesh,1524,13,6,0,4.079541690096914,4.079541690096914,0.0,9.529178619384766,0.07746420178399319,90,,,,,,,,,
chesca_mesh,1525,14,6,0,4.4257464310845,4.4257464310845,0.0,9.529178619384766,0.06077419166535124,90,,,,,,,,,
chesca_mesh,1526,15,6,0,4.710170175340847,4.710170175340848,8.881784197001252e-16,9.529178619384766,0.07133657155051132,90,,,,,,,,,
chesca_mesh,1527,16,6,6,6.905254361977016,6.079114191436887,-0.8261401705401283,9.46897029876709,0.5549635694167325,90,,,,,,,,,
chesca_mesh,1528,17,6,6,8.083268648393203,7.207268648393202,-0.8760000000000003,9.46897029876709,0.45473490749398826,90,,,,,,,,,
chesca_mesh,1529,18,6,6,9.974549277077685,9.098549277077685,-0.8759999999999994,9.345685005187988,0.4698101312318348,90,,,,,,,,,
chesca_mesh,1530,19,6,6,10.264360664665185,9.388360664665186,-0.8759999999999994,9.260946273803711,0.1230794946139059,90,,,,,,,,,
chesca_mesh,1531,20,6,6,9.684678996096377,10.560678996096376,0.8759999999999994,9.260946273803711,-0.3171920164527048,90,,,,,,,,,
chesca_mesh,1532,21,6,6,8.044817009977885,8.920817009977885,0.8759999999999994,9.260946273803711,-0.7188269004942391,90,,,,,,,,,
chesca_mesh,1533,22,6,0,7.6587155797157145,7.6587155797157145,0.0,9.220093727111816,-0.016910234912522415,90,,,,,,,,,
chesca_mesh,1534,23,6,6,7.3462441482188945,6.470244148218894,-0.8760000000000003,9.220093727111816,0.10412213295561193,90,,,,,,,,,
chesca_mesh,1535,24,6,6,8.640446813496052,7.764446813496053,-0.8759999999999986,9.17545223236084,0.17734725673914675,90,,,,,,,,,
chesca_mesh,1536,1,6,0,8.78370400038045,8.78370400038045,0.0,9.17545223236084,0.025907919851296767,90,,,,,,,,,
chesca_mesh,1537,2,6,0,8.249210206384609,8.249210206384607,-1.7763568394002505e-15,9.15515422821045,0.008762524456806961,90,,,,,,,,,
chesca_mesh,1538,3,6,6,5.6109982463457895,6.48699824634579,0.8760000000000003,9.12730884552002,-0.11663090240745172,90,,,,,,,,,
chesca_mesh,1539,4,6,0,5.449959836492152,5.449959836492152,0.0,9.12730884552002,-0.007739736091996269,90,,,,,,,,,
chesca_mesh,1540,5,6,6,5.462517762053112,4.586517762053111,-0.8760000000000012,9.12730884552002,0.09345050945730835,90,,,,,,,,,
chesca_mesh,1541,6,6,6,6.254276339182065,5.378276339182064,-0.8760000000000003,9.12730884552002,0.14023132064694988,90,,,,,,,,,
chesca_mesh,1542,7,6,6,6.0447569256324645,5.168756925632465,-0.8759999999999994,9.12730884552002,0.2172649982954887,90,,,,,,,,,
chesca_mesh,1543,8,6,5,4.5204488446657,5.079206385541915,0.5587575408762149,9.12730884552002,-0.08767943387260821,90,,,,,,,,,
chesca_mesh,1544,9,6,0,3.6205504538316187,3.6205504538316187,0.0,9.12730884552002,0.001323899804604886,90,,,,,,,,,
chesca_mesh,1545,10,6,6,3.447822459478105,3.8163254165788714,0.3685029571007665,9.12730884552002,-0.11774414368996472,90,,,,,,,,,
chesca_mesh,1546,11,6,0,3.8644489642876367,3.8644489642876367,0.0,9.12730884552002,0.05741942066725551,90,,,,,,,,,
chesca_mesh,1547,12,6,6,6.352847921627129,6.92649317316669,0.5736452515395607,9.12730884552002,-0.5524942854054332,90,,,,,,,,,
chesca_mesh,1548,13,6,0,5.71751038961877,5.717510389618769,-8.881784197001252e-16,9.12730884552002,-0.01025966912834544,90,,,,,,,,,
chesca_mesh,1549,14,6,3,5.556362760007743,6.008362760007744,0.45200000000000085,9.12730884552002,-0.09300280991914667,90,,,,,,,,,
chesca_mesh,1550,15,6,6,7.057142297302341,6.1811422973023395,-0.8760000000000012,9.034377098083496,0.09986590233656437,90,,,,,,,,,
chesca_mesh,1551,16,6,0,8.005229644812989,8.005229644812989,0.0,9.12730884552002,0.01403399573848505,90,,,,,,,,,
chesca_mesh,1552,17,6,6,11.111392645129074,10.235392645129071,-0.876000000000003,9.12730884552002,0.7646452770580103,90,,,,,,,,,
chesca_mesh,1553,18,6,6,12.992882052173961,12.116882052173962,-0.8759999999999994,9.12730884552002,1.3084594654515105,90,,,,,,,,,
chesca_mesh,1554,19,6,6,15.124947684543168,14.248947684543168,-0.8759999999999994,9.12730884552002,1.57034265212007,90,,,,,,,,,
chesca_mesh,1555,20,6,6,11.114720088700428,10.238720088700427,-0.8760000000000012,9.12730884552002,0.3393888349699291,90,,,,,,,,,
chesca_mesh,1556,21,6,6,9.862918853756453,8.986918853756453,-0.8759999999999994,9.12730884552002,0.23702794803425495,90,,,,,,,,,
chesca_mesh,1557,22,6,1,8.917493745143119,8.757493745143119,-0.16000000000000014,9.034377098083496,0.08868469326372037,90,,,,,,,,,
chesca_mesh,1558,23,6,6,10.162376984151425,11.038376984151425,0.8759999999999994,9.048212051391602,-0.34173305682282334,90,,,,,,,,,
chesca_mesh,1559,24,6,6,8.173278396801722,9.049278396801723,0.8760000000000012,9.048212051391602,-0.24559121154034255,90,,,,,,,,,
chesca_mesh,1560,1,6,6,8.691388986830292,9.567388986830291,0.8759999999999994,9.009613990783691,-0.1784818252079603,90,,,,,,,,,
chesca_mesh,1561,2,6,6,7.899001723329704,8.775001723329705,0.8760000000000012,9.009613990783691,-0.16222663998548215,90,,,,,,,,,
chesca_mesh,1562,3,6,6,7.587592303213488,8.463592303213488,0.8760000000000003,8.890033721923828,-0.12082465485272613,90,,,,,,,,,
chesca_mesh,1563,4,6,6,5.783921946540658,6.578108214913627,0.794186268372969,8.890033721923828,-0.19287686393938341,90,,,,,,,,,
chesca_mesh,1564,5,6,6,5.671620416195719,6.277732512500998,0.6061120963052797,8.890033721923828,-0.11475874299922036,90,,,,,,,,,
chesca_mesh,1565,6,6,6,6.10758641867411,6.649226162093285,0.5416397434191751,8.890033721923828,-0.1767719584098438,90,,,,,,,,,
chesca_mesh,1566,7,6,0,5.350920248334501,5.350920248334501,0.0,8.890033721923828,-0.015127179870927987,90,,,,,,,,,
chesca_mesh,1567,8,6,6,5.61140155289391,4.73540155289391,-0.8760000000000003,8.890033721923828,0.10689170963881262,90,,,,,,,,,
chesca_mesh,1568,9,6,0,5.2136392772782,5.2136392772782,0.0,8.890033721923828,0.06934387092430805,90,,,,,,,,,
chesca_mesh,1569,10,6,0,5.187763582469769,5.187763582469769,0.0,8.890033721923828,-0.00269670847308124,90,,,,,,,,,
chesca_mesh,1570,11,6,6,4.836723086824762,5.487342946606894,0.6506198597821324,8.829774856567383,-0.1251887587723811,90,,,,,,,,,
chesca_mesh,1571,12,6,3,5.274610128373574,5.698610128373574,0.4240000000000004,8.829774856567383,-0.08789854621983753,90,,,,,,,,,
chesca_mesh,1572,13,6,0,6.304259448070011,6.3042594480700105,-8.881784197001252e-16,8.801115036010742,0.06329133063802363,90,,,,,,,,,
chesca_mesh,1573,14,6,0,5.999947559306721,5.999947559306721,0.0,8.801115036010742,-0.027391204266746717,90,,,,,,,,,
chesca_mesh,1574,15,6,0,5.788795652868243,5.788795652868244,8.881784197001252e-16,8.801115036010742,-0.028156788564523163,90,,,,,,,,,
chesca_mesh,1575,16,6,6,6.117392399114925,5.241392399114925,-0.8759999999999994,8.801115036010742,0.3866155918542312,90,,,,,,,,,
chesca_mesh,1576,17,6,6,6.908376344528525,6.032376344528525,-0.8760000000000003,8.699081420898438,0.49823909528386634,90,,,,,,,,,
chesca_mesh,1577,18,6,6,8.094568760302511,7.218568760302512,-0.8759999999999994,8.583791732788086,0.29111748483720434,90,,,,,,,,,
chesca_mesh,1578,19,6,6,9.649636315155115,8.773636315155116,-0.8759999999999994,8.533487319946289,0.34945353417360975,90,,,,,,,,,
chesca_mesh,1579,20,6,6,9.066240558697853,8.190240558697855,-0.8759999999999977,8.504325866699219,0.22255254784137488,90,,,,,,,,,
chesca_mesh,1580,21,6,6,9.653512660707724,8.777512660707723,-0.8760000000000012,8.484269142150879,0.10767613784263821,90,,,,,,,,,
chesca_mesh,1581,22,6,0,8.633540688672072,8.633540688672072,0.0,8.439064025878906,0.0762163002450221,90,,,,,,,,,
chesca_mesh,1582,23,6,6,9.235271566231592,8.359271566231591,-0.8760000000000012,8.3878755569458,0.5404414702378127,90,,,,,,,,,
chesca_mesh,1583,24,6,3,8.23970288278645,8.71970288278645,0.4800000000000004,8.363448143005371,-0.07841409378093908,90,,,,,,,,,
chesca_mesh,1584,1,6,6,8.170845421222376,9.046845421222377,0.8760000000000012,8.363448143005371,-0.2840081450802632,90,,,,,,,,,
chesca_mesh,1585,2,6,6,6.735481982388929,7.611481982388929,0.8759999999999994,8.363448143005371,-0.37346687556035485,90,,,,,,,,,
chesca_mesh,1586,3,6,6,5.75383148638027,6.62983148638027,0.8759999999999994,8.327143669128418,-0.3858195862230529,90,,,,,,,,,
chesca_mesh,1587,4,6,6,4.943914318289339,5.455669642967692,0.5117553246783526,8.327143669128418,-0.39829719762449667,90,,,,,,,,,
chesca_mesh,1588,5,6,6,4.425263851304687,4.868417113548504,0.44315326224381657,8.327143669128418,-0.29103880838406165,90,,,,,,,,,
chesca_mesh,1589,6,6,6,5.111565915014806,5.443309713935085,0.3317437989202787,8.327143669128418,-0.17095698838948692,90,,,,,,,,,
chesca_mesh,1590,7,6,6,4.111608211977053,4.341469158766756,0.22986094678970304,8.327143669128418,-0.20447741501610306,90,,,,,,,,,
chesca_mesh,1591,8,6,1,3.996428669452423,4.128428669452423,0.13199999999999967,8.327143669128418,-0.09235371931493222,90,,,,,,,,,
chesca_mesh,1592,9,6,0,3.8719309741509393,3.8719309741509385,-8.881784197001252e-16,8.327143669128418,-0.07044721570827095,90,,,,,,,,,
chesca_mesh,1593,10,6,6,1.9172655154550418,2.1673899636589846,0.25012444820394286,8.327143669128418,-0.22019036281791918,90,,,,,,,,,
chesca_mesh,1594,11,6,6,1.9003481850874107,2.1222623288893643,0.22191414380195362,8.327143669128418,-0.24510413880300075,90,,,,,,,,,
chesca_mesh,1595,12,6,0,3.463956220880763,3.463956220880763,0.0,8.327143669128418,0.023076661130313245,90,,,,,,,,,
chesca_mesh,1596,13,6,6,3.72176779218852,4.181402890013889,0.4596350978253687,8.327143669128418,-0.3294059571532577,90,,,,,,,,,
chesca_mesh,1597,14,6,6,4.320151185214426,4.76015863310837,0.44000744789394375,8.327143669128418,-0.15042894025275202,90,,,,,,,,,
chesca_mesh,1598,15,6,6,7.23685837574128,6.360858375741279,-0.8760000000000003,8.327143669128418,0.14143272677504187,90,,,,,,,,,
chesca_mesh,1599,16,6,6,7.542300213067266,6.666300213067266,-0.8760000000000003,8.30938720703125,0.3722888776699903,90,,,,,,,,,
chesca_mesh,1600,17,6,6,9.428574019883863,8.552574019883862,-0.8760000000000012,8.327143669128418,0.3590631603489485,90,,,,,,,,,
chesca_mesh,1601,18,6,6,11.570589004495492,10.69458900449549,-0.8760000000000012,8.30938720703125,1.2929236228103658,90,,,,,,,,,
chesca_mesh,1602,19,6,6,13.56534077861561,12.689340778615609,-0.8760000000000012,8.30938720703125,1.3572986816876482,90,,,,,,,,,
chesca_mesh,1603,20,6,6,11.450387836080054,10.574387836080055,-0.8759999999999994,8.30938720703125,0.40760526284820225,90,,,,,,,,,
chesca_mesh,1604,21,6,6,11.287811450336827,10.411811450336826,-0.8760000000000012,8.30938720703125,0.5747547506654869,90,,,,,,,,,
chesca_mesh,1605,22,6,0,9.007519635467794,9.007519635467794,0.0,8.30938720703125,-0.009179073228785306,90,,,,,,,,,
chesca_mesh,1606,23,6,6,9.89256962508167,9.016569625081669,-0.8760000000000012,8.288287162780762,0.11770448920552448,90,,,,,,,,,
chesca_mesh,1607,24,6,6,10.6074231125073,9.7314231125073,-0.8759999999999994,8.288287162780762,0.2672567217578743,90,,,,,,,,,
chesca_mesh,1608,1,6,6,9.860154301432301,8.9841543014323,-0.8760000000000012,8.288287162780762,0.4462841502073164,90,,,,,,,,,
chesca_mesh,1609,2,6,6,8.900757581763028,9.776757581763029,0.8760000000000012,8.288287162780762,-0.4139565138024951,90,,,,,,,,,
chesca_mesh,1610,3,6,6,6.883341278621465,7.759341278621465,0.8759999999999994,8.288287162780762,-0.5189098733869583,90,,,,,,,,,
chesca_mesh,1611,4,6,6,6.486549530083406,7.362549530083406,0.8760000000000003,8.245573043823242,-0.3601711087548448,90,,,,,,,,,
chesca_mesh,1612,5,6,6,4.930547817210453,5.5008373702665425,0.5702895530560896,8.245573043823242,-0.4771676935656171,90,,,,,,,,,
chesca_mesh,1613,6,6,6,5.567864498906223,6.107402574154826,0.5395380752486032,8.245573043823242,-0.2776548505943207,90,,,,,,,,,
chesca_mesh,1614,7,6,6,5.389438186600689,5.837251638842544,0.44781345224185554,8.245573043823242,-0.40930266878573296,90,,,,,,,,,
chesca_mesh,1615,8,6,6,4.888126360825562,5.126654209421666,0.238527848596104,8.245573043823242,-0.10961853891416037,90,,,,,,,,,
chesca_mesh,1616,9,6,6,2.720179169185581,3.0612340257859683,0.34105485660038726,8.245573043823242,-0.28918000455935783,90,,,,,,,,,
chesca_mesh,1617,10,6,6,2.7372524835713556,2.968370678950708,0.2311181953793522,8.245573043823242,-0.12362994328218263,90,,,,,,,,,
chesca_mesh,1618,11,6,6,0.9767370376520113,1.1975631052389746,0.22082606758696333,8.245573043823242,-0.336691396601759,90,,,,,,,,,
chesca_mesh,1619,12,6,0,2.733719271115878,2.7337192711158784,4.440892098500626e-16,8.245573043823242,-0.02177228299504358,90,,,,,,,,,
chesca_mesh,1620,13,6,6,4.562952210651696,3.6869522106516963,-0.8759999999999999,8.245573043823242,0.14283745722175087,90,,,,,,,,,
chesca_mesh,1621,14,6,0,5.180524400733367,5.180524400733367,0.0,8.245573043823242,-0.020910294392756212,90,,,,,,,,,
chesca_mesh,1622,15,6,6,6.205704642241166,6.669016057149264,0.46331141490809813,8.245573043823242,-0.10866626337784856,90,,,,,,,,,
chesca_mesh,1623,16,6,5,8.903425782736065,8.159425782736067,-0.743999999999998,8.245573043823242,0.3049794690724176,90,,,,,,,,,
chesca_mesh,1624,17,6,6,9.834034847581727,8.958034847581725,-0.8760000000000012,8.245573043823242,0.22180069583422735,90,,,,,,,,,
chesca_mesh,1625,18,6,6,10.930507863905511,10.054507863905512,-0.8759999999999994,8.245573043823242,0.4910538568187477,90,,,,,,,,,
chesca_mesh,1626,19,6,6,15.349765583483922,14.473765583483921,-0.8760000000000012,8.245573043823242,2.105474710503433,90,,,,,,,,,
chesca_mesh,1627,20,6,6,12.943488833085569,12.067488833085568,-0.8760000000000012,8.245573043823242,0.748339203049073,90,,,,,,,,,
chesca_mesh,1628,21,6,6,11.445308120899949,10.569308120899949,-0.8759999999999994,8.245573043823242,0.404903276875613,90,,,,,,,,,
chesca_mesh,1629,22,6,1,9.941639981343918,9.781639981343918,-0.16000000000000014,8.245573043823242,0.36670909801762636,90,,,,,,,,,
chesca_mesh,1630,23,6,6,10.066918919787692,9.190918919787691,-0.8760000000000012,8.245573043823242,0.5878621434693319,90,,,,,,,,,
chesca_mesh,1631,24,6,6,11.422203716482613,10.546203716482614,-0.8759999999999994,8.245573043823242,0.6720079311985244,90,,,,,,,,,
chesca_mesh,1632,1,6,6,9.501238110427638,8.625238110427636,-0.8760000000000012,8.245573043823242,0.4573968331679005,90,,,,,,,,,
chesca_mesh,1633,2,6,6,9.59629861565546,8.720298615655459,-0.8760000000000012,8.245573043823242,0.5781782339574201,90,,,,,,,,,
chesca_mesh,1634,3,6,6,7.768018656237782,8.644018656237783,0.8760000000000012,8.245573043823242,-0.1180600436107683,90,,,,,,,,,
chesca_mesh,1635,4,6,6,6.714283908762198,7.590283908762197,0.8759999999999994,8.288287162780762,-0.36871469628722775,90,,,,,,,,,
chesca_mesh,1636,5,6,6,6.383458134770658,7.107303899125883,0.7238457643552252,8.288287162780762,-0.2995235423449891,90,,,,,,,,,
chesca_mesh,1637,6,6,6,6.112396309701187,6.666571111214725,0.5541748015135379,8.288287162780762,-0.25896817726308863,90,,,,,,,,,
chesca_mesh,1638,7,6,6,5.361457908850861,5.82864844866534,0.4671905398144789,8.288287162780762,-0.7383420905888702,90,,,,,,,,,
chesca_mesh,1639,8,6,6,4.062589514519302,4.393120438833678,0.3305309243143766,8.245573043823242,-0.2244688040480127,90,,,,,,,,,
chesca_mesh,1640,9,6,6,1.679825773226661,1.9099643505308248,0.23013857730416376,8.245573043823242,-0.33452600574697666,90,,,,,,,,,
chesca_mesh,1641,10,6,0,2.7239045231299377,2.723904523129938,4.440892098500626e-16,8.245573043823242,0.02463702980908522,90,,,,,,,,,
chesca_mesh,1642,11,6,0,3.9773901096263797,3.97739010962638,4.440892098500626e-16,8.245573043823242,0.014466344939151554,90,,,,,,,,,
chesca_mesh,1643,12,6,0,4.03064260668574,4.030642606685739,-8.881784197001252e-16,8.245573043823242,0.039619163253553136,90,,,,,,,,,
chesca_mesh,1644,13,6,6,5.119472664600016,5.5047043745305935,0.38523170993057754,8.245573043823242,-0.25740551794598854,90,,,,,,,,,
chesca_mesh,1645,14,6,3,3.8299168059856115,4.070972978616615,0.2410561726310032,8.245573043823242,-0.0972608941546921,90,,,,,,,,,
chesca_mesh,1646,15,6,6,6.510272254157945,5.7002722541579445,-0.8100000000000005,8.245573043823242,0.08291193628665083,90,,,,,,,,,
chesca_mesh,1647,16,6,6,7.741718716056712,6.865718716056712,-0.8760000000000003,8.225349426269531,0.13412455353717445,90,,,,,,,,,
chesca_mesh,1648,17,6,6,12.408153640955984,11.53215364095598,-0.876000000000003,8.225349426269531,1.1312524342653911,90,,,,,,,,,
chesca_mesh,1649,18,6,6,14.032544630046146,13.156544630046147,-0.8759999999999994,8.225349426269531,1.7241375808925676,90,,,,,,,,,
chesca_mesh,1650,19,6,6,15.706839488572545,14.830839488572545,-0.8759999999999994,8.225349426269531,2.1704253248208634,90,,,,,,,,,
chesca_mesh,1651,20,6,6,13.815384174024745,12.939384174024745,-0.8759999999999994,8.225349426269531,1.1500787033067628,90,,,,,,,,,
chesca_mesh,1652,21,6,6,12.3832117964632,11.507211796463201,-0.8759999999999994,8.225349426269531,0.30413785740180405,90,,,,,,,,,
chesca_mesh,1653,22,6,0,10.205886536782083,10.205886536782083,0.0,8.225349426269531,0.2769811301688024,90,,,,,,,,,
chesca_mesh,1654,23,6,6,10.453047447386169,9.577047447386168,-0.8760000000000012,8.225349426269531,0.3220717064581229,90,,,,,,,,,
chesca_mesh,1655,24,6,6,11.382141572611998,10.506141572612,-0.8759999999999977,8.225349426269531,0.6716619113188009,90,,,,,,,,,
chesca_mesh,1656,1,6,6,11.026220330823872,10.15022033082387,-0.8760000000000012,8.225349426269531,0.4171936229702569,90,,,,,,,,,
chesca_mesh,1657,2,6,6,9.93454210735026,9.058542107350261,-0.8759999999999994,8.225349426269531,0.3365420241665176,90,,,,,,,,,
chesca_mesh,1658,3,6,6,7.520057968224591,8.396057968224591,0.8760000000000003,8.225349426269531,-0.1694265530273097,90,,,,,,,,,
chesca_mesh,1659,4,6,6,6.716140535885972,7.592140535885971,0.8759999999999986,8.267367362976074,-0.23803065962538653,90,,,,,,,,,
chesca_mesh,1660,5,6,6,6.046897601258763,6.688819094463921,0.6419214932051576,8.267367362976074,-0.24344134556312982,90,,,,,,,,,
chesca_mesh,1661,6,6,6,6.053449733215448,6.597333088109924,0.5438833548944757,8.267367362976074,-0.13585870440261735,90,,,,,,,,,
chesca_mesh,1662,7,6,6,5.241984354901862,5.491766689693002,0.24978233479114031,8.267367362976074,-0.1670199372425056,90,,,,,,,,,
chesca_mesh,1663,8,6,6,4.053070341492978,4.2749818060631055,0.22191146457012767,8.267367362976074,-0.2176437339156725,90,,,,,,,,,
chesca_mesh,1664,9,6,6,2.453734780715757,2.6740124063678428,0.22027762565208597,8.267367362976074,-0.2502529375305926,90,,,,,,,,,
chesca_mesh,1665,10,6,0,2.2816735806062294,2.2816735806062294,0.0,8.267367362976074,-0.09039844016651566,90,,,,,,,,,
chesca_mesh,1666,11,6,0,1.7749338895677507,1.7749338895677504,-2.220446049250313e-16,8.267367362976074,-0.08172380978745598,90,,,,,,,,,
chesca_mesh,1667,12,6,6,3.637233454820058,2.7612334548200574,-0.8760000000000008,8.267367362976074,0.09312377074136516,90,,,,,,,,,
chesca_mesh,1668,13,6,6,4.963953602301754,4.087953602301754,-0.8760000000000003,8.267367362976074,0.1933936539931887,90,,,,,,,,,
chesca_mesh,1669,14,6,0,4.902829120281299,4.902829120281299,0.0,8.267367362976074,0.023139632645479392,90,,,,,,,,,
chesca_mesh,1670,15,6,6,7.489212219629932,6.613212219629931,-0.8760000000000012,8.267367362976074,0.12973405383803888,90,,,,,,,,,
chesca_mesh,1671,16,6,6,8.660548319167876,7.784548319167875,-0.8760000000000012,8.267367362976074,0.455744143926241,90,,,,,,,,,
chesca_mesh,1672,17,6,6,11.864153378981733,10.988153378981732,-0.8760000000000012,8.267367362976074,1.4198959581661048,90,,,,,,,,,
chesca_mesh,1673,18,6,6,13.827882563680646,12.951882563680646,-0.8759999999999994,8.288585662841797,1.8778390358648758,90,,,,,,,,,
chesca_mesh,1674,19,6,6,16.302229424504795,15.426229424504792,-0.876000000000003,8.324128150939941,2.247897023016151,90,,,,,,,,,
chesca_mesh,1675,20,6,6,13.58847640991211,12.71247640991211,-0.8759999999999994,8.353154182434082,0.9634950624843108,90,,,,,,,,,
chesca_mesh,1676,21,6,6,12.190090252183449,11.314090252183448,-0.8760000000000012,8.374861717224121,0.6803029307115929,90,,,,,,,,,
chesca_mesh,1677,22,6,0,9.143069953143826,9.143069953143826,0.0,8.374861717224121,0.023670428237896203,90,,,,,,,,,
chesca_mesh,1678,23,6,6,9.878729143999806,9.002729143999805,-0.8760000000000012,8.374861717224121,0.10911633141288223,90,,,,,,,,,
chesca_mesh,1679,24,6,6,10.361243724643616,9.485243724643617,-0.8759999999999994,8.374861717224121,0.21773356383787285,90,,,,,,,,,
chesca_mesh,1680,1,6,6,10.627733011543183,9.751733011543182,-0.8760000000000012,8.3878755569458,0.278096935104013,90,,,,,,,,,
chesca_mesh,1681,2,6,6,9.662492599330731,8.78649259933073,-0.8760000000000012,8.405887603759766,0.5535400625338888,90,,,,,,,,,
chesca_mesh,1682,3,6,6,8.427458840579163,9.303458840579165,0.8760000000000012,8.432025909423828,-0.2502591815929749,90,,,,,,,,,
chesca_mesh,1683,4,6,6,6.640757640509589,7.516757640509588,0.8759999999999986,8.462570190429688,-0.29816931408785835,90,,,,,,,,,
chesca_mesh,1684,5,6,6,5.6236606962744276,6.33581215397429,0.7121514576998624,8.462570190429688,-0.25090863350042425,90,,,,,,,,,
chesca_mesh,1685,6,6,6,5.188164891418755,5.633041682700646,0.4448767912818905,8.462570190429688,-0.1766583450341767,90,,,,,,,,,
chesca_mesh,1686,7,6,6,4.956397042185651,5.37581450617527,0.41941746398961843,8.432025909423828,-0.12540852631075255,90,,,,,,,,,
chesca_mesh,1687,8,6,6,3.9446460493234907,4.271745509050771,0.3270994597272807,8.432025909423828,-0.3172315495190185,90,,,,,,,,,
chesca_mesh,1688,9,6,6,2.5350251151285628,2.766014723015032,0.23098960788646927,8.432025909423828,-0.26282053008312173,90,,,,,,,,,
chesca_mesh,1689,10,6,6,0.9307182864962676,1.1515189049516743,0.22080061845540666,8.432025909423828,-0.1479406464835085,90,,,,,,,,,
chesca_mesh,1703,24,6,6,26.642527858447476,25.76652785844748,-0.8759999999999977,8.374861717224121,6.439195657054201,90,,,,,,,,,
chesca_mesh,1704,1,6,6,11.16883989406067,12.04483989406067,0.8760000000000012,8.374861717224121,-0.2655771815951208,90,,,,,,,,,
chesca_mesh,1705,2,6,6,7.964596136318139,8.840596136318139,0.8759999999999994,8.374861717224121,-0.6494533845150079,90,,,,,,,,,
chesca_mesh,1706,3,6,6,7.644903841800477,8.520903841800477,0.8760000000000003,8.3878755569458,-0.11295372310242666,90,,,,,,,,,
chesca_mesh,1707,4,6,6,7.866547387604425,8.742547387604423,0.8759999999999986,8.405887603759766,-0.10212836462519263,90,,,,,,,,,
chesca_mesh,1708,5,6,6,5.177556093990079,5.874751413609759,0.6971953196196798,8.405887603759766,-0.3086612959345874,90,,,,,,,,,
chesca_mesh,1709,6,6,0,5.879582697169651,5.879582697169651,0.0,8.405887603759766,-0.07122645539098207,90,,,,,,,,,
chesca_mesh,1710,7,6,0,5.170598055410752,5.170598055410752,0.0,8.405887603759766,-0.0041509542222680565,90,,,,,,,,,
chesca_mesh,1711,8,6,6,4.167717218094964,4.513477341120372,0.34576012302540793,8.405887603759766,-0.2082536663437942,90,,,,,,,,,
chesca_mesh,1712,9,6,5,5.441498438836976,5.721476993211936,0.27997855437496,8.432025909423828,-0.6971329017159228,90,,,,,,,,,
chesca_mesh,1713,10,6,6,4.132772669831926,4.604191827017204,0.47141915718527816,8.473305702209473,-0.48477619467962113,90,,,,,,,,,
chesca_mesh,1714,11,6,6,3.4567640480305784,3.703984477794431,0.2472204297638525,8.55052375793457,-0.6005627628706436,90,,,,,,,,,
chesca_mesh,1715,12,6,0,4.2944118955105814,4.294411895510581,-8.881784197001252e-16,8.473305702209473,0.039613534839586004,90,,,,,,,,,
chesca_mesh,1716,13,6,6,6.735376800045393,5.859376800045393,-0.8760000000000003,8.473305702209473,0.16403109159548945,90,,,,,,,,,
chesca_mesh,1717,14,6,6,6.727408936893878,5.851408936893877,-0.8760000000000003,8.473305702209473,0.12139377604132592,90,,,,,,,,,
chesca_mesh,1718,15,6,6,8.771149357966474,7.895149357966474,-0.8759999999999994,8.473305702209473,0.19792394749212486,90,,,,,,,,,
chesca_mesh,1719,16,6,6,10.716259987509156,9.840259987509157,-0.8759999999999994,8.432025909423828,0.903860096151431,90,,,,,,,,,
chesca_mesh,1720,17,6,6,14.59933830341197,13.72333830341197,-0.8760000000000012,8.473305702209473,1.4762546260782636,90,,,,,,,,,
chesca_mesh,1721,18,6,6,14.42112889653885,13.545128896538852,-0.8759999999999977,8.473305702209473,1.5795781930932682,90,,,,,,,,,
chesca_mesh,1722,19,6,6,16.052920005590877,15.176920005590876,-0.8760000000000012,8.473305702209473,1.7548413469274184,90,,,,,,,,,
chesca_mesh,1723,20,6,6,13.73243291718877,12.856432917188771,-0.8759999999999994,8.473305702209473,0.9314395212160769,90,,,,,,,,,
chesca_mesh,1724,21,6,6,12.586800653636084,11.710800653636085,-0.8759999999999994,8.473305702209473,0.7524844980315687,90,,,,,,,,,
chesca_mesh,1725,22,6,6,11.38975291472117,10.51375291472117,-0.8759999999999994,8.55052375793457,0.6306122636749287,90,,,,,,,,,
chesca_mesh,1726,23,6,6,11.165999616411836,10.289999616411837,-0.8759999999999994,8.55052375793457,0.3574478020142073,90,,,,,,,,,
chesca_mesh,1727,24,6,6,10.71575897969551,9.83975897969551,-0.8759999999999994,8.55052375793457,0.22412887988365948,90,,,,,,,,,
chesca_mesh,1728,1,6,6,11.031659753620058,10.155659753620055,-0.876000000000003,8.55052375793457,0.35232785261993965,90,,,,,,,,,
chesca_mesh,1729,2,6,0,9.668934466729386,9.668934466729388,1.7763568394002505e-15,8.55052375793457,0.041380524626415616,90,,,,,,,,,
chesca_mesh,1730,3,6,6,7.832479056820199,8.708479056820199,0.8759999999999994,8.55052375793457,-0.1470546360034362,90,,,,,,,,,
chesca_mesh,1731,4,6,6,7.504291301080312,8.38029130108031,0.8759999999999986,8.628022193908691,-0.14992133530211138,90,,,,,,,,,
chesca_mesh,1732,5,6,6,5.461572236264496,6.122805418304625,0.6612331820401289,8.628022193908691,-0.24805551164293918,90,,,,,,,,,
chesca_mesh,1733,6,6,1,5.657989954185391,5.817989954185391,0.16000000000000014,8.628022193908691,-0.08358798493468497,90,,,,,,,,,
chesca_mesh,1734,7,6,0,5.318338899686519,5.318338899686519,0.0,8.628022193908691,-0.013414945426801286,90,,,,,,,,,
chesca_mesh,1735,8,6,0,4.470401471516182,4.470401471516182,0.0,8.628022193908691,-0.06089085100845257,90,,,,,,,,,
chesca_mesh,1736,9,6,6,2.637917166867453,2.9842285543481597,0.34631138748070667,8.628022193908691,-0.37229247929988335,90,,,,,,,,,
chesca_mesh,1737,10,6,6,2.2677847787646277,2.618232514950216,0.35044773618558844,8.628022193908691,-0.13376312997837903,90,,,,,,,,,
chesca_mesh,1738,11,6,6,3.0576580098465405,3.3982820105278515,0.34062400068131105,8.628022193908691,-0.12063067440663082,90,,,,,,,,,
chesca_mesh,1739,12,6,6,4.4186769933865735,4.758742544817565,0.3400655514309916,8.628022193908691,-0.2114199112037656,90,,,,,,,,,
chesca_mesh,1740,13,6,5,5.795003872331087,5.051003872331088,-0.7439999999999989,8.628022193908691,0.1722891784532652,90,,,,,,,,,
chesca_mesh,1741,14,6,6,6.495840891660503,5.6198408916605045,-0.8759999999999986,8.628022193908691,0.1241093120653465,90,,,,,,,,,
chesca_mesh,1742,15,6,0,6.491233634786986,6.491233634786986,0.0,8.628022193908691,0.06170363020581875,90,,,,,,,,,
chesca_mesh,1743,16,6,6,7.717412805076567,6.8414128050765655,-0.8760000000000012,8.628022193908691,0.4415789808258801,90,,,,,,,,,
chesca_mesh,1744,17,6,6,11.79652310936678,10.92052310936678,-0.8759999999999994,8.628022193908691,1.2019481609388687,90,,,,,,,,,
chesca_mesh,1745,18,6,6,13.089116155322259,12.21311615532226,-0.8759999999999994,8.679238319396973,1.284576551036666,90,,,,,,,,,
chesca_mesh,1746,19,6,6,14.694398528121518,13.818398528121516,-0.8760000000000012,8.699317932128906,1.5097724748736507,90,,,,,,,,,
chesca_mesh,1747,20,6,6,13.203882797437371,12.327882797437372,-0.8759999999999994,8.711775779724121,0.9092248670043365,90,,,,,,,,,
chesca_mesh,1748,21,6,6,12.37224818023424,11.496248180234241,-0.8759999999999994,8.7235689163208,0.6934589522852725,90,,,,,,,,,
chesca_mesh,1749,22,6,1,10.707274294205329,10.547274294205328,-0.16000000000000014,8.813761711120605,0.50691203675877,90,,,,,,,,,
chesca_mesh,1750,23,6,6,11.310177695595874,10.434177695595874,-0.8759999999999994,8.913482666015625,0.3892661847084476,90,,,,,,,,,
chesca_mesh,1751,24,6,6,10.714015722095398,9.8380157220954,-0.8759999999999977,8.94705581665039,0.30802048009230587,90,,,,,,,,,
chesca_mesh,1752,1,6,6,11.09487121254149,10.218871212541488,-0.8760000000000012,8.959369659423828,0.3911888887729238,90,,,,,,,,,
chesca_mesh,1753,2,6,6,9.654524977416127,8.778524977416126,-0.8760000000000012,9.021829605102539,0.2101024852052707,90,,,,,,,,,
chesca_mesh,1754,3,6,0,8.289587456750365,8.289587456750365,0.0,9.021829605102539,0.05587675427479891,90,,,,,,,,,
chesca_mesh,1755,4,6,0,7.372939574221973,7.372939574221973,0.0,9.021829605102539,0.024845851885849743,90,,,,,,,,,
chesca_mesh,1756,5,6,0,5.883815932342842,5.883815932342841,-8.881784197001252e-16,9.021829605102539,0.008052435364742705,90,,,,,,,,,
chesca_mesh,1757,6,6,6,6.580991893111834,5.704991893111834,-0.8760000000000003,9.021829605102539,0.12393868755203785,90,,,,,,,,,
chesca_mesh,1758,7,6,6,5.836778307626518,4.960778307626517,-0.8760000000000012,9.021829605102539,0.102154747871498,90,,,,,,,,,
chesca_mesh,1759,8,6,6,5.702314904409399,4.826314904409399,-0.8760000000000003,9.021829605102539,0.14598334609357547,90,,,,,,,,,
chesca_mesh,1760,9,6,6,4.748690529947033,3.8726905299470324,-0.8760000000000003,9.021829605102539,0.14389864965995647,90,,,,,,,,,
chesca_mesh,1761,10,6,6,2.608462413357307,1.7324624133573074,-0.8759999999999994,9.021829605102539,0.09612910801266922,90,,,,,,,,,
chesca_mesh,1762,11,6,6,2.4508453763533353,1.5748453763533354,-0.8759999999999999,9.021829605102539,0.14673267167206602,90,,,,,,,,,
chesca_mesh,1763,12,6,0,4.141390203338684,4.141390203338684,0.0,9.021829605102539,-0.024286875654895873,90,,,,,,,,,
chesca_mesh,1764,13,6,6,4.797306046311039,3.92130604631104,-0.8759999999999994,9.021829605102539,0.23241906172864024,90,,,,,,,,,
chesca_mesh,1765,14,6,6,5.077287228337194,4.201287228337193,-0.8760000000000003,9.021829605102539,0.302143250483202,90,,,,,,,,,
chesca_mesh,1766,15,6,6,7.501406320923305,6.625406320923305,-0.8760000000000003,9.021829605102539,0.28900940703470773,90,,,,,,,,,
chesca_mesh,1767,16,6,6,8.02644558407502,7.15044558407502,-0.8760000000000003,9.021829605102539,0.562977237715937,90,,,,,,,,,
chesca_mesh,1768,17,6,6,10.653037483952298,9.777037483952297,-0.8760000000000012,8.94705581665039,0.8686780470034741,90,,,,,,,,,
chesca_mesh,1769,18,6,6,12.571397894238592,11.695397894238592,-0.8759999999999994,8.94705581665039,1.292632003918932,90,,,,,,,,,
chesca_mesh,1770,19,6,6,15.256797613794877,14.380797613794874,-0.876000000000003,8.94705581665039,1.5576499567520303,90,,,,,,,,,
chesca_mesh,1771,20,6,6,12.95606353521347,12.08006353521347,-0.8759999999999994,8.94705581665039,0.6964459806569141,90,,,,,,,,,
chesca_mesh,1772,21,6,6,12.09741837620735,11.221418376207351,-0.8759999999999994,8.94705581665039,0.6139669894142492,90,,,,,,,,,
chesca_mesh,1773,22,6,0,10.67601314757319,10.67601314757319,0.0,8.94705581665039,0.4904968026915445,90,,,,,,,,,
chesca_mesh,1774,23,6,6,10.293784773499787,9.417784773499788,-0.8759999999999994,9.021829605102539,0.1853875736761303,90,,,,,,,,,
chesca_mesh,1775,24,6,6,11.4662805024559,10.590280502455903,-0.8759999999999977,9.021829605102539,0.5829420605269764,90,,,,,,,,,
chesca_mesh,1776,1,6,6,11.235763194220732,10.359763194220733,-0.8759999999999994,9.021829605102539,0.3396441043553654,90,,,,,,,,,
chesca_mesh,1777,2,6,6,10.490192664266203,9.614192664266204,-0.8759999999999994,9.097900390625,0.17274450976517292,90,,,,,,,,,
chesca_mesh,1778,3,6,0,8.6405280089997,8.6405280089997,0.0,9.097900390625,0.050949479654009644,90,,,,,,,,,
chesca_mesh,1779,4,6,6,7.835954648527796,6.959954648527796,-0.8760000000000003,9.097900390625,0.120479389092715,90,,,,,,,,,
chesca_mesh,1780,5,6,6,6.0402738187973455,5.164273818797346,-0.8759999999999994,9.097900390625,0.0910567292243115,90,,,,,,,,,
chesca_mesh,1781,6,6,6,6.510030105340254,5.634030105340255,-0.8759999999999994,9.097900390625,0.21077021192165019,90,,,,,,,,,
chesca_mesh,1782,7,6,6,6.322064725476815,5.446064725476816,-0.8759999999999986,9.097900390625,0.14225107640046206,90,,,,,,,,,
chesca_mesh,1783,8,6,6,5.800008235104724,6.5866699155863735,0.7866616804816493,9.135001182556152,-0.2644717402673936,90,,,,,,,,,
chesca_mesh,1784,9,6,6,5.726478937458009,4.85047893745801,-0.8759999999999994,9.135001182556152,0.14493498817340864,90,,,,,,,,,
chesca_mesh,1785,10,6,6,4.3820719227502725,3.506071922750273,-0.8759999999999994,9.135001182556152,0.11258658800301896,90,,,,,,,,,
chesca_mesh,1786,11,6,6,4.528171744719283,3.652171744719283,-0.8759999999999999,9.135001182556152,0.2479686634673382,90,,,,,,,,,
chesca_mesh,1787,12,6,6,5.680167763962023,4.804167763962025,-0.8759999999999986,9.135001182556152,0.2471200793687896,90,,,,,,,,,
chesca_mesh,1788,13,6,6,5.61233342587876,4.73633342587876,-0.8760000000000003,9.135001182556152,0.23850171585051227,90,,,,,,,,,
chesca_mesh,1789,14,6,6,6.331537073112666,5.455537073112666,-0.8760000000000003,9.135001182556152,0.23863035452093706,90,,,,,,,,,
chesca_mesh,1790,15,6,6,7.31102960332929,6.43502960332929,-0.8760000000000003,9.135001182556152,0.3094885537812736,90,,,,,,,,,
chesca_mesh,1791,16,6,6,9.55558984202155,8.679589842021551,-0.8759999999999994,9.135001182556152,0.28232906800680635,90,,,,,,,,,
chesca_mesh,1792,17,6,6,13.667466496307686,12.791466496307686,-0.8759999999999994,9.135001182556152,1.310982176511664,90,,,,,,,,,
chesca_mesh,1793,18,6,6,14.82209367857014,13.946093678570142,-0.8759999999999977,9.162857055664062,1.373830267141373,90,,,,,,,,,
chesca_mesh,1794,19,6,6,15.621393123849815,14.745393123849816,-0.8759999999999994,9.192910194396973,1.5137440006231477,90,,,,,,,,,
chesca_mesh,1795,20,6,6,13.648222520385755,12.772222520385755,-0.8759999999999994,9.192910194396973,0.8047527563346576,90,,,,,,,,,
chesca_mesh,1796,21,6,6,12.384645363092421,11.508645363092421,-0.8759999999999994,9.192910194396973,0.5327250456359229,90,,,,,,,,,
chesca_mesh,1797,22,6,1,9.731243652641767,9.571243652641769,-0.15999999999999837,9.226985931396484,0.09245315132720756,90,,,,,,,,,
chesca_mesh,1798,23,6,6,10.710482095898843,9.834482095898842,-0.8760000000000012,9.226985931396484,0.305801966899797,90,,,,,,,,,
chesca_mesh,1799,24,6,6,11.337835822740097,10.461835822740099,-0.8759999999999977,9.226985931396484,0.6282855537566127,90,,,,,,,,,
chesca_mesh,1800,1,6,6,10.398930215475604,9.522930215475604,-0.8759999999999994,9.226985931396484,0.1346366017813847,90,,,,,,,,,
chesca_mesh,1801,2,6,6,8.658027841994464,7.782027841994464,-0.8760000000000003,9.226985931396484,0.09846302951216493,90,,,,,,,,,
chesca_mesh,1802,3,6,6,7.8184334783050415,6.942433478305041,-0.8760000000000003,9.226985931396484,0.11224789659838451,90,,,,,,,,,
chesca_mesh,1803,4,6,6,7.133573099470911,6.2575730994709104,-0.8760000000000003,9.226985931396484,0.12580593651083405,90,,,,,,,,,
chesca_mesh,1804,5,6,6,5.911846050668903,5.035846050668902,-0.8760000000000003,9.226985931396484,0.14075219614704995,90,,,,,,,,,
chesca_mesh,1805,6,6,6,7.58939229138625,6.713392291386249,-0.8760000000000012,9.226985931396484,0.27992850579909134,90,,,,,,,,,
chesca_mesh,1806,7,6,6,6.677523129532432,7.473523129532433,0.7960000000000012,9.226985931396484,-0.10782053955155216,90,,,,,,,,,
chesca_mesh,1807,8,6,0,5.607274375490584,5.607274375490585,8.881784197001252e-16,9.226985931396484,-0.05489379089143365,90,,,,,,,,,
chesca_mesh,1808,9,6,6,4.736659726656305,3.8606597266563054,-0.8759999999999999,9.226985931396484,0.12921369960842025,90,,,,,,,,,
chesca_mesh,1809,10,6,6,4.3129570381586095,3.4369570381586096,-0.8759999999999999,9.226985931396484,0.19077811344684292,90,,,,,,,,,
chesca_mesh,1810,11,6,6,4.654229162831397,3.7782291628313978,-0.8759999999999994,9.226985931396484,0.11176992058607017,90,,,,,,,,,
chesca_mesh,1811,12,6,6,5.358889829625129,4.482889829625129,-0.8760000000000003,9.226985931396484,0.21105567258387853,90,,,,,,,,,
chesca_mesh,1812,13,6,6,6.316937666634175,5.440937666634175,-0.8759999999999994,9.226985931396484,0.1373033143411243,90,,,,,,,,,
chesca_mesh,1813,14,6,6,7.494736582863945,6.618736582863946,-0.8759999999999994,9.226985931396484,0.1705828464529035,90,,,,,,,,,
chesca_mesh,1814,15,6,6,9.62684871460069,8.750848714600691,-0.8759999999999994,9.226985931396484,0.20805120973675229,90,,,,,,,,,
chesca_mesh,1815,16,6,0,7.287808443362259,7.287808443362259,0.0,9.226985931396484,0.006240246605557748,90,,,,,,,,,
chesca_mesh,1816,17,6,6,9.626873823590012,8.750873823590013,-0.8759999999999994,9.252900123596191,0.14054846559316242,90,,,,,,,,,
chesca_mesh,1817,18,6,6,8.97519984033454,8.09919984033454,-0.8759999999999994,9.210736274719238,0.11869035853518471,90,,,,,,,,,
chesca_mesh,1818,19,6,6,13.438873129521264,12.562873129521265,-0.8759999999999994,9.12917709350586,1.1555491964085942,90,,,,,,,,,
chesca_mesh,1819,20,6,6,11.754127347951046,10.878127347951045,-0.8760000000000012,9.037888526916504,0.6620345857043757,90,,,,,,,,,
chesca_mesh,1820,21,6,6,9.32145719233163,10.197457192331632,0.8760000000000012,9.037888526916504,-0.2776598111957893,90,,,,,,,,,
chesca_mesh,1821,22,6,6,8.31182338099645,9.18782338099645,0.8759999999999994,9.037888526916504,-0.11258486852291476,90,,,,,,,,,
chesca_mesh,1822,23,6,0,7.394123666137349,7.394123666137349,0.0,8.97579288482666,-0.03904598794750597,90,,,,,,,,,
chesca_mesh,1823,24,6,0,7.058238884709329,7.05823888470933,8.881784197001252e-16,8.930597305297852,0.06298175172585588,90,,,,,,,,,
chesca_mesh,1824,1,6,6,9.390588010673104,8.514588010673105,-0.8759999999999994,8.821069717407227,0.14313616852886907,90,,,,,,,,,
chesca_mesh,1825,2,6,0,8.62970560160786,8.629705601607858,-1.7763568394002505e-15,8.7235689163208,0.0714916259256876,90,,,,,,,,,
chesca_mesh,1826,3,6,6,6.0361559735216765,6.912155973521676,0.8759999999999994,8.711775779724121,-0.14488651409303543,90,,,,,,,,,
chesca_mesh,1827,4,6,0,5.557296243587476,5.557296243587476,0.0,8.711775779724121,-0.07897855272734708,90,,,,,,,,,
chesca_mesh,1828,5,6,0,5.150215376429187,5.150215376429187,0.0,8.711775779724121,0.008802329021004113,90,,,,,,,,,
chesca_mesh,1829,6,6,5,5.694758537300965,4.950758537300966,-0.7439999999999989,8.711775779724121,0.09739113141065942,90,,,,,,,,,
chesca_mesh,1830,7,6,6,5.000684893199818,4.1246848931998175,-0.8760000000000003,8.711775779724121,0.11382093587038472,90,,,,,,,,,
chesca_mesh,1831,8,6,6,4.3653306477512235,3.489330647751224,-0.8759999999999994,8.711775779724121,0.08924240742338385,90,,,,,,,,,
chesca_mesh,1832,9,6,6,4.714733683101736,3.8387336831017356,-0.8760000000000003,8.711775779724121,0.12907131888525836,90,,,,,,,,,
chesca_mesh,1833,10,6,0,1.7651587412417513,1.7651587412417513,0.0,8.711775779724121,-0.04500750991126089,90,,,,,,,,,
chesca_mesh,1834,11,6,6,2.5839779169767274,1.7079779169767262,-0.8760000000000012,8.711775779724121,0.14822673620594967,90,,,,,,,,,
chesca_mesh,1835,12,6,6,2.557722507162686,1.6817225071626858,-0.8760000000000003,8.711775779724121,0.15523533699091113,90,,,,,,,,,
chesca_mesh,1836,13,6,6,3.9391310559256416,3.063131055925642,-0.8759999999999994,8.711775779724121,0.22830975590553482,90,,,,,,,,,
chesca_mesh,1837,14,6,6,3.4594239660036052,2.5834239660036054,-0.8759999999999999,8.711775779724121,0.11073622955007392,90,,,,,,,,,
chesca_mesh,1838,15,6,6,5.281510802318293,4.405510802318292,-0.8760000000000003,8.711775779724121,0.18071460303303177,90,,,,,,,,,
chesca_mesh,1839,16,6,6,7.253001420914676,6.3770014209146755,-0.8760000000000003,8.711775779724121,0.5722118425739151,90,,,,,,,,,
chesca_mesh,1840,17,6,6,10.00644012077527,9.130440120775269,-0.8760000000000012,8.7235689163208,0.4714418382199176,90,,,,,,,,,
chesca_mesh,1841,18,6,6,10.60428229744072,9.728282297440721,-0.8759999999999994,8.7235689163208,0.18863068422423435,90,,,,,,,,,
chesca_mesh,1842,19,6,6,13.492146656890863,12.616146656890864,-0.8759999999999994,8.7235689163208,1.1850394532600124,90,,,,,,,,,
chesca_mesh,1843,20,6,6,13.481081279516218,12.605081279516218,-0.8759999999999994,8.7235689163208,0.9370836612685782,90,,,,,,,,,
chesca_mesh,1844,21,6,6,12.062672975063322,11.186672975063324,-0.8759999999999977,8.7235689163208,0.4885235822677309,90,,,,,,,,,
chesca_mesh,1845,22,6,0,9.151318479603288,9.15131847960329,1.7763568394002505e-15,8.7235689163208,-0.004346266420995358,90,,,,,,,,,
chesca_mesh,1846,23,6,0,8.491957874283761,8.491957874283761,0.0,8.7235689163208,0.0034845082682312288,90,,,,,,,,,
chesca_mesh,1847,24,6,6,9.806483555215072,8.930483555215071,-0.8760000000000012,8.711775779724121,0.0882229225154706,90,,,,,,,,,
chesca_mesh,1848,1,6,6,10.158456829418157,9.282456829418155,-0.8760000000000012,8.711775779724121,0.09271324000588912,90,,,,,,,,,
chesca_mesh,1849,2,6,6,9.377578673866049,8.50157867386605,-0.8759999999999994,8.711775779724121,0.17788562573572442,90,,,,,,,,,
chesca_mesh,1850,3,6,0,7.303193802762621,7.30319380276262,-8.881784197001252e-16,8.691290855407715,-0.05911736916515828,90,,,,,,,,,
chesca_mesh,1851,4,6,0,6.706375307290958,6.706375307290959,8.881784197001252e-16,8.673567771911621,0.0033361414894433478,90,,,,,,,,,
chesca_mesh,1852,5,6,0,5.569318144221166,5.5693181442211666,8.881784197001252e-16,8.673567771911621,-0.025018629388617153,90,,,,,,,,,
chesca_mesh,1853,6,6,0,5.878441569880707,5.878441569880707,0.0,8.673567771911621,0.002247050322144173,90,,,,,,,,,
chesca_mesh,1854,7,6,0,6.8250572761546975,6.8250572761546975,0.0,8.673567771911621,0.028233690276888698,90,,,,,,,,,
chesca_mesh,1855,8,6,4,3.8422672674894525,4.253467735986296,0.4112004684968431,8.673567771911621,-0.10483579109584733,90,,,,,,,,,
chesca_mesh,1856,9,6,0,3.025555899512659,3.0255558995126584,-4.440892098500626e-16,8.673567771911621,0.048609907775716873,90,,,,,,,,,
chesca_mesh,1857,10,6,0,3.32178328020058,3.32178328020058,0.0,8.673567771911621,0.013432689169628129,90,,,,,,,,,
chesca_mesh,1858,11,6,0,2.996774364814141,2.9967743648141414,4.440892098500626e-16,8.673567771911621,0.016726054900520343,90,,,,,,,,,
chesca_mesh,1859,12,6,6,5.845928924102784,4.969928924102786,-0.8759999999999986,8.673567771911621,0.09768297660339505,90,,,,,,,,,
chesca_mesh,1860,13,6,6,5.0273262802487535,4.151326280248753,-0.8760000000000003,8.673567771911621,0.2084070120818124,90,,,,,,,,,
chesca_mesh,1861,14,6,6,5.186391503489843,4.310391503489844,-0.8759999999999994,8.673567771911621,0.2045549386576292,90,,,,,,,,,
chesca_mesh,1862,15,6,6,6.075005976153657,5.199005976153656,-0.8760000000000003,8.673567771911621,0.11744345993603068,90,,,,,,,,,
chesca_mesh,1863,16,6,6,7.5523419830410585,6.676341983041057,-0.8760000000000012,8.673567771911621,0.38936038073899437,90,,,,,,,,,
chesca_mesh,1864,17,6,6,8.547414299960808,7.671414299960807,-0.8760000000000012,8.673567771911621,0.35269181875355027,90,,,,,,,,,
chesca_mesh,1865,18,6,6,8.819865323113973,7.943865323113972,-0.8760000000000012,8.673567771911621,0.3856709877342327,90,,,,,,,,,
chesca_mesh,1866,19,6,6,10.638830175177336,9.762830175177335,-0.8760000000000012,8.673567771911621,0.42523256759709216,90,,,,,,,,,
chesca_mesh,1867,20,6,6,11.634545406103134,10.758545406103133,-0.8760000000000012,8.691290855407715,0.6209539586440288,90,,,,,,,,,
chesca_mesh,1868,21,6,6,10.678841108377979,9.802841108377981,-0.8759999999999977,8.714014053344727,0.3777308624576559,90,,,,,,,,,
chesca_mesh,1869,22,6,6,8.867519452299215,9.743519452299216,0.8760000000000012,8.821069717407227,-0.32992078175828454,90,,,,,,,,,
chesca_mesh,1870,23,6,6,6.872463845995408,7.748463845995408,0.8760000000000003,8.946016311645508,-0.2997912165834283,90,,,,,,,,,
chesca_mesh,1871,24,6,0,7.742184510109638,7.742184510109638,0.0,8.946016311645508,-0.014899709657602124,90,,,,,,,,,
chesca_mesh,1872,1,6,0,8.122382018240193,8.122382018240193,0.0,8.821069717407227,-0.04416099008561131,90,,,,,,,,,
chesca_mesh,1873,2,6,6,6.763735371581843,7.6397353715818435,0.8760000000000003,8.714014053344727,-0.13778940438061185,90,,,,,,,,,
chesca_mesh,1874,3,6,6,6.362674267025918,7.238674267025917,0.8759999999999994,8.691290855407715,-0.1542016216713865,90,,,,,,,,,
chesca_mesh,1875,4,6,6,5.980713773661526,6.856713773661526,0.8760000000000003,8.673567771911621,-0.1125032002621848,90,,,,,,,,,
chesca_mesh,1876,5,6,6,5.550616804622255,6.12089287353691,0.5702760689146551,8.673567771911621,-0.12572001254027737,90,,,,,,,,,
chesca_mesh,1877,6,6,0,6.077308276633837,6.077308276633837,0.0,8.673567771911621,0.011590856868906655,90,,,,,,,,,
chesca_mesh,1878,7,6,0,5.431383847069442,5.431383847069442,0.0,8.673567771911621,0.010480137886466581,90,,,,,,,,,
chesca_mesh,1879,8,6,6,5.549656227812244,5.894906294902843,0.3452500670905989,8.691290855407715,-0.4548185743706282,90,,,,,,,,,
chesca_mesh,1880,9,6,6,5.12526425071391,5.574129494828028,0.44886524411411877,8.691290855407715,-0.5049209821849285,90,,,,,,,,,
chesca_mesh,1881,10,6,0,6.040634026342491,6.04063402634249,-8.881784197001252e-16,8.673567771911621,-0.008670368957500958,90,,,,,,,,,
chesca_mesh,1882,11,6,6,5.316854357940848,5.776451161237056,0.45959680329620856,8.664214134216309,-0.3708421388689366,90,,,,,,,,,
chesca_mesh,1883,12,6,0,5.365141883418275,5.365141883418274,-8.881784197001252e-16,8.664214134216309,0.04134630207412979,90,,,,,,,,,
chesca_mesh,1884,13,6,0,6.881669585611864,6.8816695856118635,-8.881784197001252e-16,8.664214134216309,0.027355452539239863,90,,,,,,,,,
chesca_mesh,1885,14,6,0,6.989667856391538,6.989667856391538,0.0,8.664214134216309,-0.04931771690658611,90,,,,,,,,,
chesca_mesh,1886,15,6,4,9.552570134133465,8.940570134133464,-0.6120000000000001,8.673567771911621,0.1803960177632789,90,,,,,,,,,
chesca_mesh,1887,16,6,6,10.87057865240678,9.99457865240678,-0.8759999999999994,8.691290855407715,0.6316601912688304,90,,,,,,,,,
chesca_mesh,1888,17,6,6,13.577678084094947,12.701678084094945,-0.8760000000000012,8.691290855407715,1.1474924490541536,90,,,,,,,,,
chesca_mesh,1889,18,6,6,11.75427255128069,10.87827255128069,-0.8760000000000012,8.691290855407715,0.7543315503759789,90,,,,,,,,,
chesca_mesh,1890,19,6,6,13.713751074363577,12.837751074363577,-0.8759999999999994,8.691290855407715,1.379178224277459,90,,,,,,,,,
chesca_mesh,1891,20,6,6,12.07234571288258,11.196345712882579,-0.8760000000000012,8.691290855407715,0.2337560168927233,90,,,,,,,,,
chesca_mesh,1892,21,6,0,11.508881960020757,11.508881960020757,0.0,8.691290855407715,-0.01232729748679215,90,,,,,,,,,
chesca_mesh,1893,22,6,6,8.819747472401799,9.695747472401798,0.8759999999999994,8.691290855407715,-0.19335590447511872,90,,,,,,,,,
chesca_mesh,1894,23,6,6,8.803772978503824,9.679772978503824,0.8759999999999994,8.691290855407715,-0.7369927204888687,90,,,,,,,,,
chesca_mesh,1895,24,6,6,8.429627146090384,9.305627146090384,0.8759999999999994,8.691290855407715,-0.22507832793398877,90,,,,,,,,,
chesca_mesh,1896,1,6,6,9.66740556401826,8.79140556401826,-0.8759999999999994,8.691290855407715,0.42889314892484415,90,,,,,,,,,
chesca_mesh,1897,2,6,6,10.233083996400124,9.357083996400124,-0.8759999999999994,8.677593231201172,0.34167197011120165,90,,,,,,,,,
chesca_mesh,1898,3,6,6,8.122045311413796,8.998045311413795,0.8759999999999994,8.677593231201172,-0.1648152263440687,90,,,,,,,,,
chesca_mesh,1899,4,6,6,6.70620190834657,7.582201908346568,0.8759999999999986,8.677593231201172,-0.34971425687461843,90,,,,,,,,,
chesca_mesh,1900,5,6,6,6.451351823125359,7.2454270317892995,0.7940752086639407,8.677593231201172,-0.25436071384714626,90,,,,,,,,,
chesca_mesh,1901,6,6,6,6.393556676636191,7.1521177798501085,0.7585611032139177,8.677593231201172,-0.19480019873196025,90,,,,,,,,,
chesca_mesh,1902,7,6,6,5.7485235133050665,6.216708637226969,0.46818512392190215,8.677593231201172,-0.21012123218533396,90,,,,,,,,,
chesca_mesh,1903,8,6,6,5.1949858110960605,5.436407155818072,0.2414213447220117,8.677593231201172,-0.16665866640941543,90,,,,,,,,,
chesca_mesh,1904,9,6,6,3.2943369013774912,3.6357041042953084,0.3413672029178172,8.786417007446289,-0.957855220563574,90,,,,,,,,,
chesca_mesh,1905,10,6,6,2.8201632742187766,3.0514363496617776,0.23127307544300102,8.786417007446289,-0.29919041608433383,90,,,,,,,,,
chesca_mesh,1906,11,6,6,2.927220157699904,3.1482254035340373,0.2210052458341334,8.786417007446289,-0.11730334732692688,90,,,,,,,,,
chesca_mesh,1907,12,6,6,2.7885347860862923,3.0089045236726926,0.22036973758640022,8.786417007446289,-0.1254962858873533,90,,,,,,,,,
chesca_mesh,1908,13,6,0,4.616066128251077,4.616066128251077,0.0,8.786417007446289,0.04687106006708899,90,,,,,,,,,
chesca_mesh,1909,14,6,6,4.1435707700963675,4.5091641661548545,0.36559339605848695,8.786417007446289,-0.2024747360841525,90,,,,,,,,,
chesca_mesh,1910,15,6,6,6.602590628076005,5.726590628076004,-0.8760000000000003,8.786417007446289,0.11688312334261475,90,,,,,,,,,
chesca_mesh,1911,16,6,6,11.313505894100933,10.437505894100934,-0.8759999999999994,8.887516021728516,0.53266285969501,90,,,,,,,,,
chesca_mesh,1912,17,6,6,11.409638401523239,10.533638401523241,-0.8759999999999977,8.910953521728516,0.30855285382100284,90,,,,,,,,,
chesca_mesh,1913,18,6,6,13.090828008154409,12.214828008154408,-0.8760000000000012,8.910953521728516,1.3159901078568499,90,,,,,,,,,
chesca_mesh,1914,19,6,6,15.765942776389336,14.889942776389336,-0.8759999999999994,8.910953521728516,1.0573746945668991,90,,,,,,,,,
chesca_mesh,1915,20,6,6,13.768976101931862,12.892976101931861,-0.8760000000000012,8.910953521728516,0.6277981972224596,90,,,,,,,,,
chesca_mesh,1916,21,6,0,12.313930928909645,12.313930928909643,-1.7763568394002505e-15,8.910953521728516,0.006633965625584326,90,,,,,,,,,
chesca_mesh,1917,22,6,6,9.664678422183751,10.540678422183753,0.8760000000000012,8.910953521728516,-0.3434827097645275,90,,,,,,,,,
chesca_mesh,1918,23,6,6,9.949128473327319,9.07312847332732,-0.8759999999999994,8.910953521728516,0.37990044412643587,90,,,,,,,,,
chesca_mesh,1919,24,6,6,11.382151008027265,10.506151008027267,-0.8759999999999977,8.910953521728516,0.2574959018298332,90,,,,,,,,,
chesca_mesh,1920,1,6,6,11.010172766318053,10.134172766318052,-0.8760000000000012,8.910953521728516,0.11337542353489849,90,,,,,,,,,
chesca_mesh,1921,2,6,0,9.701551720450468,9.701551720450468,0.0,8.910953521728516,-0.027405452119207224,90,,,,,,,,,
chesca_mesh,1922,3,6,6,7.667945120187417,8.543945120187418,0.8760000000000012,8.955513954162598,-0.278913142569398,90,,,,,,,,,
chesca_mesh,1923,4,6,6,8.582451841118656,9.458451841118654,0.8759999999999977,8.988409042358398,-0.11557704308918974,90,,,,,,,,,
chesca_mesh,1924,5,6,6,5.996089341922559,6.782851140974079,0.7867617990515194,8.988409042358398,-0.3791860286171601,90,,,,,,,,,
chesca_mesh,1925,6,6,5,7.272792054373573,7.802459981855486,0.5296679274819125,8.988409042358398,-0.0985155121204914,90,,,,,,,,,
chesca_mesh,1926,7,6,6,5.950544440635225,6.404616233801298,0.45407179316607316,8.988409042358398,-0.1870705395886835,90,,,,,,,,,
chesca_mesh,1927,8,6,6,5.36451642442608,5.6959321715946825,0.33141574716860234,8.988409042358398,-0.15103519665655718,90,,,,,,,,,
chesca_mesh,1928,9,6,6,3.4627519033217995,3.8316814449987624,0.3689295416769629,8.988409042358398,-0.18348526080755928,90,,,,,,,,,
chesca_mesh,1929,10,6,6,1.9961020879070546,2.2289434111069255,0.23284132319987094,8.988409042358398,-0.4899584886374827,90,,,,,,,,,
chesca_mesh,1930,11,6,6,2.2529910145812124,2.474099484585443,0.22110847000423073,8.988409042358398,-0.1615800262146925,90,,,,,,,,,
chesca_mesh,1931,12,6,0,4.147222574813092,4.147222574813092,0.0,8.988409042358398,-0.0717123317320031,90,,,,,,,,,
chesca_mesh,1932,13,6,6,5.759089526858626,4.883089526858625,-0.8760000000000012,8.988409042358398,0.10542580857397096,90,,,,,,,,,
chesca_mesh,1933,14,6,6,5.809857865795415,4.933857865795415,-0.8760000000000003,8.988409042358398,0.09421343967938871,90,,,,,,,,,
chesca_mesh,1934,15,6,6,7.876880263619649,7.000880263619647,-0.8760000000000012,8.988409042358398,0.19186880448551058,90,,,,,,,,,
chesca_mesh,1935,16,6,6,8.72794299639979,7.851942996399789,-0.8760000000000012,8.988409042358398,0.33496722577428106,90,,,,,,,,,
chesca_mesh,1936,17,6,6,12.262932858857669,11.38693285885767,-0.8759999999999994,8.988409042358398,1.125069875824948,90,,,,,,,,,
chesca_mesh,1937,18,6,6,14.283036582897065,13.407036582897065,-0.8759999999999994,8.998096466064453,1.55824887743955,90,,,,,,,,,
chesca_mesh,1938,19,6,6,15.487251449569026,14.611251449569025,-0.8760000000000012,8.998096466064453,1.4204755459557685,90,,,,,,,,,
chesca_mesh,1939,20,6,6,14.183213770158321,13.307213770158322,-0.8759999999999994,8.998096466064453,0.6453960279307095,90,,,,,,,,,
chesca_mesh,1940,21,6,6,13.356769055380079,12.480769055380078,-0.8760000000000012,8.998096466064453,0.7808102356692526,90,,,,,,,,,
chesca_mesh,1941,22,6,6,9.990130319289923,10.866130319289924,0.8760000000000012,8.998096466064453,-0.1352878259848338,90,,,,,,,,,
chesca_mesh,1942,23,6,6,9.035046654257009,9.91104665425701,0.8760000000000012,8.998096466064453,-0.18331066841184396,90,,,,,,,,,
chesca_mesh,1943,24,6,6,9.275263041078478,10.151263041078478,0.8759999999999994,9.09294319152832,-0.30691795753896745,90,,,,,,,,,
chesca_mesh,1944,1,6,6,9.101592953502564,9.977592953502565,0.8760000000000012,9.09294319152832,-0.2843745316896384,90,,,,,,,,,
chesca_mesh,1945,2,6,6,8.194777706890859,9.07077770689086,0.8760000000000012,9.09294319152832,-0.2307568806181475,90,,,,,,,,,
chesca_mesh,1946,3,6,6,7.149779268230651,8.025779268230652,0.8760000000000012,8.998096466064453,-0.2638678464825479,90,,,,,,,,,
chesca_mesh,1947,4,6,6,7.022506933901162,7.746620739759464,0.7241138058583028,8.998096466064453,-0.20846806100559317,90,,,,,,,,,
chesca_mesh,1948,5,6,6,5.2006714154051465,5.754612135798198,0.5539407203930518,8.998096466064453,-0.38886366155367846,90,,,,,,,,,
chesca_mesh,1949,6,6,3,5.964523114612293,6.388523114612292,0.4239999999999995,8.998096466064453,-0.10338707173283583,90,,,,,,,,,
chesca_mesh,1950,7,6,6,5.646590737837977,6.020456061968683,0.3738653241307057,8.998096466064453,-0.3632885643259571,90,,,,,,,,,
chesca_mesh,1951,8,6,6,4.707037599629089,4.939273658866882,0.23223605923779278,8.988409042358398,-0.12119229313214971,90,,,,,,,,,
chesca_mesh,1952,9,6,6,2.55962351178892,2.7807089259920414,0.22108541420312156,8.988409042358398,-0.38771519689679196,90,,,,,,,,,
chesca_mesh,1953,10,6,0,3.283426688857297,3.283426688857297,0.0,8.988409042358398,-0.09979517392006432,90,,,,,,,,,
chesca_mesh,1954,11,6,0,4.825503357283968,4.825503357283968,0.0,8.988409042358398,0.061179017855948384,90,,,,,,,,,
chesca_mesh,1955,12,6,6,4.4691672660905635,5.022006111531562,0.5528388454409985,8.988409042358398,-0.3157169134064024,90,,,,,,,,,
chesca_mesh,1956,13,6,6,5.579994808466449,4.703994808466447,-0.8760000000000012,8.988409042358398,0.10571502960797308,90,,,,,,,,,
chesca_mesh,1957,14,6,0,5.905412927224396,5.905412927224396,0.0,8.988409042358398,0.03474381452354379,90,,,,,,,,,
chesca_mesh,1958,15,6,6,7.28089629392127,6.404896293921269,-0.8760000000000012,8.988409042358398,0.10673251854863082,90,,,,,,,,,
chesca_mesh,1959,16,6,6,9.117819213255734,8.241819213255734,-0.8759999999999994,8.988409042358398,0.17094833920051933,90,,,,,,,,,
chesca_mesh,1960,17,6,6,12.360784327732938,11.484784327732937,-0.8760000000000012,8.988409042358398,0.9303493672730684,90,,,,,,,,,
chesca_mesh,1961,18,6,6,15.16289544003629,14.28689544003629,-0.8760000000000012,8.988409042358398,1.4111677714899966,90,,,,,,,,,
chesca_mesh,1962,19,6,6,16.8926503386123,16.016650338612298,-0.8760000000000012,8.988409042358398,1.7572607490891547,90,,,,,,,,,
chesca_mesh,1963,20,6,6,14.19174114704132,13.31574114704132,-0.8759999999999994,8.988409042358398,0.3985299374171347,90,,,,,,,,,
chesca_mesh,1964,21,6,6,12.907740261554718,12.031740261554717,-0.8760000000000012,8.988409042358398,0.6447926615503593,90,,,,,,,,,
chesca_mesh,1965,22,6,1,9.893261180523394,9.733261180523394,-0.16000000000000014,8.988409042358398,0.0857352069084293,90,,,,,,,,,
chesca_mesh,1966,23,6,6,10.190792544704125,9.314792544704124,-0.8760000000000012,8.979029655456543,0.09385645849294584,90,,,,,,,,,
chesca_mesh,1967,24,6,6,10.584033874228407,9.708033874228406,-0.8760000000000012,8.979029655456543,0.19601140654671143,90,,,,,,,,,
chesca_mesh,1968,1,6,6,10.18436220548902,9.308362205489018,-0.8760000000000012,8.979029655456543,0.23787865159508845,90,,,,,,,,,
chesca_mesh,1969,2,6,6,8.510428848332097,9.386428848332097,0.8759999999999994,8.979029655456543,-0.12716925168454246,90,,,,,,,,,
chesca_mesh,1970,3,6,6,6.966890143195915,7.842890143195914,0.8759999999999994,8.994653701782227,-0.19770164094779802,90,,,,,,,,,
chesca_mesh,1971,4,6,6,6.232197212562058,7.108197212562057,0.8759999999999994,8.994653701782227,-0.13547693587531584,90,,,,,,,,,
chesca_mesh,1972,5,6,6,5.031757279756134,5.603549260000057,0.5717919802439235,8.994653701782227,-0.22205247918557727,90,,,,,,,,,
chesca_mesh,1973,6,6,0,5.6118074861049685,5.611807486104969,8.881784197001252e-16,8.994653701782227,-0.07798415289989621,90,,,,,,,,,
chesca_mesh,1974,7,6,0,5.636490445469109,5.636490445469108,-8.881784197001252e-16,8.979029655456543,-0.0017311845829232064,90,,,,,,,,,
chesca_mesh,1975,8,6,6,5.035212783019281,5.494892173110976,0.45967939009169534,8.979029655456543,-0.12673470476607815,90,,,,,,,,,
chesca_mesh,1976,9,6,6,3.9250833762512274,4.255694680004442,0.3306113037532148,8.979029655456543,-0.18395296659041344,90,,,,,,,,,
chesca_mesh,1977,10,6,5,2.6041380750437453,2.8837390059695194,0.2796009309257741,8.979029655456543,-0.1483846656124253,90,,,,,,,,,
chesca_mesh,1978,11,6,0,1.326779285544279,1.326779285544279,0.0,8.979029655456543,-0.010936845798876313,90,,,,,,,,,
chesca_mesh,1979,12,6,6,4.740787950945566,3.8647879509455665,-0.8759999999999994,8.979029655456543,0.18295681011255155,90,,,,,,,,,
chesca_mesh,1980,13,6,6,6.105711260224502,5.2297112602245015,-0.8760000000000003,8.979029655456543,0.2133517157167409,90,,,,,,,,,
chesca_mesh,1981,14,6,6,7.353481450985148,6.477481450985149,-0.8759999999999994,8.979029655456543,0.1315024538202208,90,,,,,,,,,
chesca_mesh,1982,15,6,6,9.09489519536131,8.218895195361311,-0.8759999999999994,8.979029655456543,0.11818926692516836,90,,,,,,,,,
chesca_mesh,1983,16,6,6,9.905046183948752,9.02904618394875,-0.8760000000000012,8.979029655456543,0.3054876448525297,90,,,,,,,,,
chesca_mesh,1984,17,6,6,13.559534108339232,12.683534108339234,-0.8759999999999977,8.966785430908203,1.1709498638486402,90,,,,,,,,,
chesca_mesh,1985,18,6,6,14.40091388733414,13.52491388733414,-0.8759999999999994,8.979029655456543,1.1068246635754637,90,,,,,,,,,
chesca_mesh,1986,19,6,6,15.787488776603725,14.911488776603726,-0.8759999999999994,8.994653701782227,1.4273740708029894,90,,,,,,,,,
chesca_mesh,1987,20,6,6,14.209852392401908,13.33385239240191,-0.8759999999999977,9.0343599319458,0.8466576453954184,90,,,,,,,,,
chesca_mesh,1988,21,6,6,11.944637098495281,11.068637098495282,-0.8759999999999994,9.0343599319458,0.3147480426912753,90,,,,,,,,,
chesca_mesh,1989,22,6,0,9.687025402421757,9.687025402421757,0.0,9.0343599319458,0.00446726961157265,90,,,,,,,,,
chesca_mesh,1990,23,6,6,9.848078734207451,8.97207873420745,-0.8760000000000012,9.118432998657227,0.3838971008248404,90,,,,,,,,,
chesca_mesh,1991,24,6,6,11.453126787959961,10.577126787959964,-0.8759999999999977,9.133522033691406,0.3114323614667267,90,,,,,,,,,
chesca_mesh,1992,1,6,0,10.362802098302103,10.362802098302103,0.0,9.189631462097168,0.05576982710050374,90,,,,,,,,,
chesca_mesh,1993,2,6,6,8.52358723143164,9.399587231431639,0.8759999999999994,9.228830337524414,-0.23768333695566757,90,,,,,,,,,
chesca_mesh,1994,3,6,6,7.480605942840613,8.356605942840613,0.8759999999999994,9.257887840270996,-0.3155140859664775,90,,,,,,,,,
chesca_mesh,1995,4,6,6,6.706690910212317,7.5826909102123174,0.8760000000000003,9.257887840270996,-0.2732105363938326,90,,,,,,,,,
chesca_mesh,1996,5,6,6,5.659014881140344,6.164560944029921,0.5055460628895769,9.257887840270996,-0.3367303405913317,90,,,,,,,,,
chesca_mesh,1997,6,6,6,4.949093713543268,5.19034242955791,0.24124871601464193,9.257887840270996,-0.259509272098261,90,,,,,,,,,
chesca_mesh,1998,7,6,6,4.084904079155833,4.306505757114475,0.22160167795864183,9.257887840270996,-0.19392943245817482,90,,,,,,,,,
chesca_mesh,1999,8,6,6,3.261622984517606,3.482079555556917,0.22045657103931093,9.257887840270996,-0.1450341294360808,90,,,,,,,,,
chesca_mesh,2000,9,6,6,1.5379466157449813,1.7583362904640492,0.2203896747190679,9.257887840270996,-0.1785606006855478,90,,,,,,,,,
chesca_mesh,2001,10,6,6,3.314839780983675,2.438839780983675,-0.8760000000000003,9.257887840270996,0.11134314472331386,90,,,,,,,,,
chesca_mesh,2002,11,6,6,3.4423471763439144,2.5663471763439145,-0.8759999999999999,9.257887840270996,0.16850130792938595,90,,,,,,,,,
chesca_mesh,2003,12,6,6,5.408922774616764,4.532922774616764,-0.8760000000000003,9.257887840270996,0.11358943775870556,90,,,,,,,,,
chesca_mesh,2004,13,6,6,5.432642774694239,4.5566427746942395,-0.8759999999999994,9.257887840270996,0.1155996420867804,90,,,,,,,,,
chesca_mesh,2005,14,6,6,5.96645783333971,5.090457833339711,-0.8759999999999994,9.257887840270996,0.12259572365170038,90,,,,,,,,,
chesca_mesh,2006,15,6,6,7.6502795360388465,6.774279536038846,-0.8760000000000003,9.257887840270996,0.20666451872607064,90,,,,,,,,,
chesca_mesh,2007,16,6,6,8.773975278593706,7.897975278593705,-0.8760000000000012,9.257887840270996,0.4897324287591897,90,,,,,,,,,
chesca_mesh,2008,17,6,6,11.346404130310798,10.470404130310799,-0.8759999999999994,9.257887840270996,0.9059910620108691,90,,,,,,,,,
chesca_mesh,2009,18,6,6,12.863798944715883,11.987798944715884,-0.8759999999999994,9.257887840270996,0.9742705448344114,90,,,,,,,,,
chesca_mesh,2010,19,6,6,13.890726374652353,13.014726374652351,-0.8760000000000012,9.283336639404297,0.9142249028571416,90,,,,,,,,,
chesca_mesh,2011,20,6,6,12.891136738061903,12.015136738061905,-0.8759999999999977,9.283336639404297,0.6136660371511014,90,,,,,,,,,
chesca_mesh,2012,21,6,6,12.348469265699388,11.472469265699386,-0.8760000000000012,9.283336639404297,0.485220802204366,90,,,,,,,,,
chesca_mesh,2013,22,6,0,9.95866527461939,9.95866527461939,0.0,9.283336639404297,-0.010300553329136007,90,,,,,,,,,
chesca_mesh,2014,23,6,6,10.276663895460455,9.400663895460454,-0.8760000000000012,9.283336639404297,0.2752196442076199,90,,,,,,,,,
chesca_mesh,2015,24,6,6,10.75468150474429,9.878681504744291,-0.8759999999999994,9.283336639404297,0.11002305977684809,90,,,,,,,,,
chesca_mesh,2016,1,6,6,10.878866060674147,10.002866060674148,-0.8759999999999994,9.283336639404297,0.31109505581369945,90,,,,,,,,,
chesca_mesh,2017,2,6,6,9.328615594438096,10.204615594438096,0.8759999999999994,9.311421394348145,-0.23555905063702204,90,,,,,,,,,
chesca_mesh,2018,3,6,6,6.803571621698355,7.679571621698354,0.8759999999999994,9.335132598876953,-0.40550076265601226,90,,,,,,,,,
chesca_mesh,2019,4,6,6,6.391823419480962,7.118419828450619,0.7265964089696562,9.335132598876953,-0.25441370074219116,90,,,,,,,,,
chesca_mesh,2020,5,6,6,5.14200927379888,5.632218239395556,0.4902089655966755,9.335132598876953,-0.32514567387831883,90,,,,,,,,,
chesca_mesh,2021,6,6,6,5.450458159906154,5.694713779679494,0.2442556197733401,9.335132598876953,-0.13940376909934155,90,,,,,,,,,
chesca_mesh,2022,7,6,0,4.686925529195071,4.686925529195071,0.0,9.335132598876953,-0.09502695998515892,90,,,,,,,,,
chesca_mesh,2023,8,6,0,4.277074158076262,4.277074158076262,0.0,9.335132598876953,-0.0717159574655805,90,,,,,,,,,
chesca_mesh,2024,9,6,6,1.8846071008213674,2.1345188758962594,0.24991177507489204,9.335132598876953,-0.21663359991337422,90,,,,,,,,,
chesca_mesh,2025,10,6,6,2.361985998494201,2.584139353531795,0.22215335503759404,9.335132598876953,-0.5209487014721527,90,,,,,,,,,
chesca_mesh,2026,11,6,0,2.9471247096480973,2.9471247096480973,0.0,9.335132598876953,-0.023946633087717318,90,,,,,,,,,
chesca_mesh,2027,12,6,6,4.3212820651801165,3.445282065180117,-0.8759999999999994,9.335132598876953,0.09060149149188519,90,,,,,,,,,
chesca_mesh,2028,13,6,6,5.332729738269062,4.456729738269063,-0.8759999999999994,9.335132598876953,0.2385115961349578,90,,,,,,,,,
chesca_mesh,2029,14,6,6,5.456068894812129,4.580068894812129,-0.8760000000000003,9.335132598876953,0.1098570355847815,90,,,,,,,,,
chesca_mesh,2030,15,6,6,7.70519022372676,6.82919022372676,-0.8759999999999994,9.335132598876953,0.1613014417590264,90,,,,,,,,,
chesca_mesh,2031,16,6,6,8.834666327912743,7.958666327912742,-0.8760000000000003,9.335132598876953,0.4706221154183736,90,,,,,,,,,
chesca_mesh,2032,17,6,6,14.179338232178004,13.303338232178005,-0.8759999999999994,9.421599388122559,1.5634065241742041,90,,,,,,,,,
chesca_mesh,2033,18,6,6,14.288462379374272,13.412462379374272,-0.8759999999999994,9.547843933105469,1.3863178365030522,90,,,,,,,,,
chesca_mesh,2034,19,6,6,15.736272702837121,14.860272702837126,-0.8759999999999959,9.611270904541016,1.3748588042376744,90,,,,,,,,,
chesca_mesh,2035,20,6,6,14.1378692196948,13.261869219694798,-0.8760000000000012,9.62763500213623,0.7909320434349975,90,,,,,,,,,
chesca_mesh,2036,21,6,6,12.602835723407374,11.726835723407374,-0.8759999999999994,9.62763500213623,0.29851461743232766,90,,,,,,,,,
chesca_mesh,2037,22,6,6,10.021101529600347,10.897101529600349,0.8760000000000012,9.62763500213623,-0.18450104036644938,90,,,,,,,,,
chesca_mesh,2038,23,6,3,8.826753585064148,9.306753585064149,0.4800000000000004,9.62763500213623,-0.08530044589723995,90,,,,,,,,,
chesca_mesh,2039,24,6,6,9.249851623888452,10.12585162388845,0.8759999999999977,9.650455474853516,-0.10271052290342492,90,,,,,,,,,
chesca_mesh,2040,1,6,6,9.740840206865846,10.616840206865847,0.8760000000000012,9.69205379486084,-0.18163145899744595,90,,,,,,,,,
chesca_mesh,2041,2,6,6,8.662836147308807,9.538836147308807,0.8759999999999994,9.756311416625977,-0.1771964688663008,90,,,,,,,,,
chesca_mesh,2042,3,6,6,6.1336342734416744,7.009634273441675,0.8760000000000003,9.756311416625977,-0.3163351949900263,90,,,,,,,,,
chesca_mesh,2043,4,6,6,6.0314093015341985,6.8269298794851085,0.79552057795091,9.756311416625977,-0.15779395351897207,90,,,,,,,,,
chesca_mesh,2044,5,6,6,5.376622904583956,5.849237491815925,0.4726145872319689,9.756311416625977,-0.18139366294182158,90,,,,,,,,,
chesca_mesh,2045,6,6,0,5.642767534212826,5.642767534212826,0.0,9.756311416625977,-0.05791605177267524,90,,,,,,,,,
chesca_mesh,2046,7,6,0,5.190363185121022,5.190363185121022,0.0,9.756311416625977,0.051726962008175704,90,,,,,,,,,
chesca_mesh,2047,8,6,0,4.357224273113931,4.357224273113931,0.0,9.69205379486084,0.047827695275221446,90,,,,,,,,,
chesca_mesh,2048,9,6,0,3.416773119529423,3.4167731195294233,4.440892098500626e-16,9.650455474853516,0.042662848170025996,90,,,,,,,,,
chesca_mesh,2049,10,6,0,4.982386681616253,4.982386681616253,0.0,9.650455474853516,-0.060184530136846034,90,,,,,,,,,
chesca_mesh,2050,11,6,6,3.548342893382317,2.6723428933823175,-0.8759999999999994,9.650455474853516,0.09289697217645401,90,,,,,,,,,
chesca_mesh,2051,12,6,6,5.1195508456769785,4.243550845676978,-0.8760000000000003,9.650455474853516,0.2750232414061773,90,,,,,,,,,
chesca_mesh,2052,13,6,6,5.297150490769324,4.421150490769325,-0.8759999999999994,9.650455474853516,0.2491272798537233,90,,,,,,,,,
chesca_mesh,2053,14,6,6,7.363515896887686,6.487515896887686,-0.8760000000000003,9.650455474853516,0.3387099589309237,90,,,,,,,,,
chesca_mesh,2054,15,6,0,8.179865718061635,8.179865718061635,0.0,9.650455474853516,0.0031874582162805254,90,,,,,,,,,
chesca_mesh,2055,16,6,6,9.338254424315014,8.462254424315015,-0.8759999999999994,9.62763500213623,0.49432354956012453,90,,,,,,,,,
chesca_mesh,2056,17,6,6,12.081661800759736,11.205661800759739,-0.8759999999999977,9.611270904541016,1.109670103133776,90,,,,,,,,,
chesca_mesh,2057,18,6,6,12.567881583871756,11.691881583871757,-0.8759999999999994,9.611270904541016,0.9996926325333384,90,,,,,,,,,
chesca_mesh,2058,19,6,6,12.9714894324656,12.095489432465596,-0.876000000000003,9.611270904541016,0.7012053837045763,90,,,,,,,,,
chesca_mesh,2059,20,6,6,11.754112997055053,10.878112997055053,-0.8759999999999994,9.611270904541016,0.3507646069711825,90,,,,,,,,,
chesca_mesh,2060,21,6,6,11.590483158030633,10.714483158030632,-0.8760000000000012,9.611270904541016,0.4120899147145892,90,,,,,,,,,
chesca_mesh,2061,22,6,1,9.99655728163362,9.864557281633623,-0.1319999999999979,9.611270904541016,0.1449481265555232,90,,,,,,,,,
chesca_mesh,2062,23,6,6,10.555697497765985,9.679697497765986,-0.8759999999999994,9.611270904541016,0.09713268815126529,90,,,,,,,,,
chesca_mesh,2063,24,6,0,10.030316546802627,10.030316546802627,0.0,9.62763500213623,-0.013482504546070917,90,,,,,,,,,
chesca_mesh,2064,1,6,0,9.703958255603121,9.703958255603121,0.0,9.650455474853516,0.05683892050235323,90,,,,,,,,,
chesca_mesh,2065,2,6,0,8.435643142015032,8.435643142015032,0.0,9.650455474853516,-0.04401525826991633,90,,,,,,,,,
chesca_mesh,2066,3,6,3,6.626488268759551,7.106488268759551,0.4800000000000004,9.650455474853516,-0.08555717565883077,90,,,,,,,,,
chesca_mesh,2067,4,6,0,6.312658295248831,6.31265829524883,-8.881784197001252e-16,9.650455474853516,0.0007188749799762195,90,,,,,,,,,
chesca_mesh,2068,5,6,0,5.596775326372984,5.596775326372984,0.0,9.650455474853516,0.028003343434985686,90,,,,,,,,,
chesca_mesh,2069,6,6,6,6.166649347671395,5.290649347671395,-0.8760000000000003,9.650455474853516,0.10593870672825587,90,,,,,,,,,
chesca_mesh,2070,7,6,6,5.471716339000018,4.595716339000019,-0.8759999999999994,9.650455474853516,0.15815317062444195,90,,,,,,,,,
chesca_mesh,2071,8,6,6,5.124516044477579,4.248516044477579,-0.8759999999999994,9.650455474853516,0.09966094493454658,90,,,,,,,,,
chesca_mesh,2072,9,6,6,3.6233753503245354,2.7473753503245355,-0.8759999999999999,9.62763500213623,0.1442702800923471,90,,,,,,,,,
chesca_mesh,2073,10,6,6,3.7480104237712784,2.872010423771279,-0.8759999999999994,9.62763500213623,0.11326278905220798,90,,,,,,,,,
chesca_mesh,2074,11,6,6,5.399425657300086,4.523425657300086,-0.8760000000000003,9.62763500213623,0.21439745478411337,90,,,,,,,,,
chesca_mesh,2075,12,6,6,5.925412708957694,5.049412708957695,-0.8759999999999994,9.62763500213623,0.10276557410581696,90,,,,,,,,,
chesca_mesh,2076,13,6,6,6.8437637745828335,5.967763774582834,-0.8759999999999994,9.62763500213623,0.3467864638015419,90,,,,,,,,,
chesca_mesh,2077,14,6,6,7.136429860557497,6.2604298605574975,-0.8759999999999994,9.62763500213623,0.2096506813091047,90,,,,,,,,,
chesca_mesh,2078,15,6,6,8.547146540899204,7.671146540899205,-0.8759999999999994,9.62763500213623,0.265436598023366,90,,,,,,,,,
chesca_mesh,2079,16,6,6,9.941981564248364,9.065981564248366,-0.8759999999999977,9.611270904541016,0.5971216556131108,90,,,,,,,,,
chesca_mesh,2080,17,6,6,13.451717800683186,12.575717800683185,-0.8760000000000012,9.555201530456543,1.476726936035202,90,,,,,,,,,
chesca_mesh,2081,18,6,6,13.112188133028303,12.236188133028302,-0.8760000000000012,9.555201530456543,1.0257443244959266,90,,,,,,,,,
chesca_mesh,2082,19,6,6,14.395325162200994,13.519325162200992,-0.8760000000000012,9.555201530456543,1.1174747051422105,90,,,,,,,,,
chesca_mesh,2083,20,6,6,13.535761466671218,12.659761466671219,-0.8759999999999994,9.555201530456543,0.8487708799188195,90,,,,,,,,,
chesca_mesh,2084,21,6,6,12.046591695495025,11.170591695495023,-0.8760000000000012,9.555201530456543,0.44064606710749565,90,,,,,,,,,
chesca_mesh,2085,22,6,6,10.767894597006547,11.643894597006549,0.8760000000000012,9.555201530456543,-0.1956498901164785,90,,,,,,,,,
chesca_mesh,2086,23,6,6,9.915160923853952,10.791160923853951,0.8759999999999994,9.555201530456543,-0.2625216018209323,90,,,,,,,,,
chesca_mesh,2087,24,6,6,9.35047129165693,10.226471291656928,0.8759999999999977,9.555201530456543,-0.1943378344865756,90,,,,,,,,,
chesca_mesh,2088,1,6,0,9.217013911600546,9.217013911600548,1.7763568394002505e-15,9.555201530456543,-0.04270650928192587,90,,,,,,,,,
chesca_mesh,2089,2,6,0,8.363739328508556,8.363739328508556,0.0,9.485475540161133,-0.006398420816138742,90,,,,,,,,,
chesca_mesh,2090,3,6,6,6.829665997870317,7.705665997870317,0.8759999999999994,9.485475540161133,-0.1203237350153438,90,,,,,,,,,
chesca_mesh,2091,4,6,0,5.741196957271258,5.741196957271258,0.0,9.451454162597656,-0.04127131204370944,90,,,,,,,,,
chesca_mesh,2092,5,6,0,5.347759392624164,5.347759392624164,0.0,9.451454162597656,0.07424660118723136,90,,,,,,,,,
chesca_mesh,2093,6,6,6,5.917438895513895,5.041438895513894,-0.8760000000000012,9.451454162597656,0.10555894165456392,90,,,,,,,,,
chesca_mesh,2094,7,6,6,5.678111337624624,4.802111337624624,-0.8759999999999994,9.451454162597656,0.18210161027560676,90,,,,,,,,,
chesca_mesh,2095,8,6,6,5.605914010588979,4.7299140105889785,-0.8760000000000003,9.451454162597656,0.12854733468138663,90,,,,,,,,,
chesca_mesh,2096,9,6,6,4.336665887835276,3.4606658878352756,-0.8760000000000008,9.451454162597656,0.1518179097817406,90,,,,,,,,,
chesca_mesh,2097,10,6,6,3.0045016992822515,2.1285016992822516,-0.8759999999999999,9.451454162597656,0.08955291023766665,90,,,,,,,,,
chesca_mesh,2098,11,6,6,2.469904295002081,1.5939042950020812,-0.8759999999999999,9.451454162597656,0.11333547771109564,90,,,,,,,,,
chesca_mesh,2099,12,6,6,4.210565177470456,3.334565177470456,-0.8759999999999999,9.451454162597656,0.2883685924615477,90,,,,,,,,,
chesca_mesh,2100,13,6,6,5.782860029541985,4.906860029541985,-0.8760000000000003,9.451454162597656,0.28037798716578477,90,,,,,,,,,
chesca_mesh,2101,14,6,6,7.01367196058538,6.137671960585379,-0.8760000000000003,9.451454162597656,0.2756446727990573,90,,,,,,,,,
chesca_mesh,2102,15,6,6,6.679828035742407,7.388629627598286,0.7088015918558792,9.485475540161133,-0.6537298022800688,90,,,,,,,,,
chesca_mesh,2103,16,6,6,9.152603383274002,8.276603383274,-0.8760000000000012,9.485475540161133,0.47258075083438716,90,,,,,,,,,
chesca_mesh,2104,17,6,6,11.028879656048725,10.152879656048725,-0.8759999999999994,9.485475540161133,0.8225206678871602,90,,,,,,,,,
chesca_mesh,2105,18,6,6,11.225018171571033,10.349018171571034,-0.8759999999999994,9.485475540161133,0.6449900126765312,90,,,,,,,,,
chesca_mesh,2106,19,6,6,11.95773015443373,11.08173015443373,-0.8759999999999994,9.451454162597656,0.6107828838338142,90,,,,,,,,,
chesca_mesh,2107,20,6,6,11.558797505903632,10.682797505903633,-0.8759999999999994,9.451454162597656,0.3352511525817092,90,,,,,,,,,
chesca_mesh,2108,21,6,6,10.99194694347295,10.11594694347295,-0.8759999999999994,9.451454162597656,0.23366123863385743,90,,,,,,,,,
chesca_mesh,2109,22,6,6,9.375152698801841,10.25115269880184,0.8759999999999994,9.451454162597656,-0.11119809646889284,90,,,,,,,,,
chesca_mesh,2110,23,6,6,8.161476078203815,9.037476078203815,0.8759999999999994,9.39333724975586,-0.11107590832398043,90,,,,,,,,,
chesca_mesh,2111,24,6,6,8.009237953215868,8.885237953215865,0.8759999999999977,9.335132598876953,-0.1376669049703625,90,,,,,,,,,
chesca_mesh,2112,1,6,6,8.78468510096602,9.660685100966019,0.8759999999999994,9.335132598876953,-0.13585749943921677,90,,,,,,,,,
chesca_mesh,2113,2,6,6,8.405332894394176,9.281332894394177,0.8760000000000012,9.335132598876953,-0.0866551828946214,90,,,,,,,,,
chesca_mesh,2114,3,6,6,6.959353311083614,7.8353533110836135,0.8759999999999994,9.39333724975586,-0.22375598565811944,90,,,,,,,,,
chesca_mesh,2115,4,6,6,6.432747911532434,7.308747911532435,0.8760000000000003,9.39333724975586,-0.13874282202648489,90,,,,,,,,,
chesca_mesh,2116,5,6,6,5.4433270599733765,5.8848795123953925,0.441552452422016,9.39333724975586,-0.12359290665959072,90,,,,,,,,,
chesca_mesh,2117,6,6,0,5.514848131288165,5.514848131288165,0.0,9.39333724975586,0.012694303923060792,90,,,,,,,,,
chesca_mesh,2118,7,6,0,4.740762890437078,4.740762890437078,0.0,9.39333724975586,0.04518882724322756,90,,,,,,,,,
chesca_mesh,2119,8,6,6,4.4713638047800135,3.595363804780013,-0.8760000000000003,9.39333724975586,0.10355672683146225,90,,,,,,,,,
chesca_mesh,2120,9,6,6,4.691212234161667,3.815212234161667,-0.8759999999999999,9.39333724975586,0.12221382745609781,90,,,,,,,,,
chesca_mesh,2121,10,6,0,1.8862932237685133,1.8862932237685133,0.0,9.39333724975586,-0.04528664571524761,90,,,,,,,,,
chesca_mesh,2122,11,6,0,2.012899825726867,2.012899825726867,0.0,9.39333724975586,0.010253153116760547,90,,,,,,,,,
chesca_mesh,2123,12,6,6,3.0386240920243095,2.1626240920243096,-0.8759999999999999,9.39333724975586,0.09271384453207789,90,,,,,,,,,
chesca_mesh,2124,13,6,6,4.563437275856682,3.6874372758566825,-0.8759999999999994,9.39333724975586,0.10737450159958518,90,,,,,,,,,
chesca_mesh,2125,14,6,6,5.756947962182846,4.880947962182846,-0.8759999999999994,9.39333724975586,0.14547346064526157,90,,,,,,,,,
chesca_mesh,2126,15,6,0,7.205243841538028,7.205243841538028,0.0,9.39333724975586,0.03070685266415806,90,,,,,,,,,
chesca_mesh,2127,16,6,0,7.738070070778652,7.738070070778651,-8.881784197001252e-16,9.39333724975586,0.035784064679274745,90,,,,,,,,,
chesca_mesh,2128,17,6,6,9.437520640797617,8.561520640797617,-0.8759999999999994,9.39333724975586,0.16884312836092794,90,,,,,,,,,
chesca_mesh,2129,18,6,6,11.126685437451476,10.250685437451477,-0.8759999999999994,9.335132598876953,0.41389432840339624,90,,,,,,,,,
chesca_mesh,2130,19,6,6,12.586922754318813,11.710922754318814,-0.8759999999999994,9.335132598876953,0.7572768677274563,90,,,,,,,,,
chesca_mesh,2131,20,6,6,11.349730515998404,10.473730515998405,-0.8759999999999994,9.335132598876953,0.23100424318502294,90,,,,,,,,,
chesca_mesh,2132,21,6,6,10.819309142978966,9.943309142978965,-0.8760000000000012,9.335132598876953,0.1818978772857875,90,,,,,,,,,
chesca_mesh,2133,22,6,1,9.853327105143158,9.693327105143156,-0.16000000000000192,9.311421394348145,0.1709265025380284,90,,,,,,,,,
chesca_mesh,2134,23,6,0,9.05217026027732,9.05217026027732,0.0,9.311421394348145,0.0054171873861943946,90,,,,,,,,,
chesca_mesh,2135,24,6,6,10.243149849787244,9.367149849787243,-0.8760000000000012,9.335132598876953,0.2667981566799569,90,,,,,,,,,
chesca_mesh,2136,1,6,6,9.9323323351707,9.056332335170701,-0.8759999999999994,9.311421394348145,0.2207902375489407,90,,,,,,,,,
chesca_mesh,2137,2,6,0,9.582897563262772,9.58289756326277,-1.7763568394002505e-15,9.323274612426758,0.06678553945038344,90,,,,,,,,,
chesca_mesh,2138,3,6,6,7.103351354522724,7.979351354522723,0.8759999999999986,9.335132598876953,-0.12810909154163455,90,,,,,,,,,
chesca_mesh,2139,4,6,0,6.790788820463811,6.790788820463811,0.0,9.335132598876953,-0.055545479392948696,90,,,,,,,,,
chesca_mesh,2140,5,6,0,5.812473064044804,5.812473064044804,0.0,9.335132598876953,0.01041938629117603,90,,,,,,,,,
chesca_mesh,2141,6,6,6,6.203140321545734,5.327140321545735,-0.8759999999999994,9.335132598876953,0.11390560948403022,90,,,,,,,,,
chesca_mesh,2142,7,6,6,5.429921060415153,4.553921060415154,-0.8759999999999994,9.335132598876953,0.1460918465275545,90,,,,,,,,,
chesca_mesh,2143,8,6,6,5.218991500664913,4.342991500664913,-0.8760000000000003,9.335132598876953,0.1925697439556839,90,,,,,,,,,
chesca_mesh,2144,9,6,6,4.125337537011911,3.2493375370119115,-0.8759999999999999,9.335132598876953,0.1082572923964332,90,,,,,,,,,
chesca_mesh,2145,10,6,6,4.813456624169991,3.9374566241699918,-0.875999999999999,9.335132598876953,0.21380099538167635,90,,,,,,,,,
chesca_mesh,2146,11,6,6,3.804166040949843,2.928166040949845,-0.8759999999999981,9.335132598876953,0.13942586880957045,90,,,,,,,,,
chesca_mesh,2147,12,6,6,3.9872996683444324,3.1112996683444316,-0.8760000000000008,9.335132598876953,0.10605925731291663,90,,,,,,,,,
chesca_mesh,2148,13,6,6,4.827632265261261,3.951632265261262,-0.8759999999999994,9.335132598876953,0.14837092152393455,90,,,,,,,,,
chesca_mesh,2149,14,6,6,4.7161573406083015,3.840157340608301,-0.8760000000000003,9.335132598876953,0.2926102954976888,90,,,,,,,,,
chesca_mesh,2150,15,6,6,6.441817726160502,5.565817726160502,-0.8759999999999994,9.335132598876953,0.1261674015520758,90,,,,,,,,,
chesca_mesh,2151,16,6,6,7.515664718014907,6.639664718014908,-0.8759999999999994,9.335132598876953,0.253528185241495,90,,,,,,,,,
chesca_mesh,2152,17,6,6,9.982425180340368,9.106425180340366,-0.8760000000000012,9.335132598876953,0.10675366646201026,90,,,,,,,,,
chesca_mesh,2153,18,6,6,11.820722402403318,10.944722402403318,-0.8759999999999994,9.323274612426758,0.6030121830379795,90,,,,,,,,,
chesca_mesh,2154,19,6,6,14.863380468957942,13.98738046895794,-0.8760000000000012,9.323274612426758,1.3582924537440135,90,,,,,,,,,
chesca_mesh,2155,20,6,6,14.806616590308105,13.930616590308105,-0.8759999999999994,9.323274612426758,1.1652164153271114,90,,,,,,,,,
chesca_mesh,2156,21,6,6,10.109227760320719,10.985227760320718,0.8759999999999994,9.323274612426758,-0.3033285560734766,90,,,,,,,,,
chesca_mesh,2177,18,6,6,25.97626934550203,25.100269345502028,-0.8760000000000012,9.052233695983887,5.745068202659998,90,,,,,,,,,
chesca_mesh,2178,19,6,6,16.905061973467202,16.0290619734672,-0.8760000000000012,9.052233695983887,0.980425217197344,90,,,,,,,,,
chesca_mesh,2179,20,6,6,15.740446824619934,14.864446824619936,-0.8759999999999977,9.052233695983887,1.221947070415529,90,,,,,,,,,
chesca_mesh,2180,21,6,6,14.58955487183613,13.713554871836129,-0.8760000000000012,9.052233695983887,1.0688350690291986,90,,,,,,,,,
chesca_mesh,2181,22,6,3,12.277802429330324,11.797802429330327,-0.4799999999999969,9.052233695983887,0.617982620526015,90,,,,,,,,,
chesca_mesh,2182,23,6,6,11.710571510142575,10.834571510142577,-0.8759999999999977,9.121600151062012,0.31219451673609483,90,,,,,,,,,
chesca_mesh,2183,24,6,6,12.322604517330856,11.446604517330854,-0.8760000000000012,9.152594566345215,0.5577778206938402,90,,,,,,,,,
chesca_mesh,2184,1,6,6,11.724249193300222,10.84824919330022,-0.876000000000003,9.152594566345215,0.3031293537207348,90,,,,,,,,,
chesca_mesh,2185,2,6,6,11.434425512269298,10.558425512269299,-0.8759999999999994,9.152594566345215,0.2584851454700822,90,,,,,,,,,
chesca_mesh,2186,3,6,0,9.608826961103691,9.608826961103691,0.0,9.152594566345215,0.05583142991598008,90,,,,,,,,,
chesca_mesh,2187,4,6,6,8.697242455449278,9.573242455449277,0.8759999999999994,9.21786880493164,-0.1159476211703761,90,,,,,,,,,
chesca_mesh,2188,5,6,6,6.12721868910871,7.00321868910871,0.8760000000000003,9.26159381866455,-0.1402814254452253,90,,,,,,,,,
chesca_mesh,2189,6,6,0,6.329898508290901,6.3298985082909,-8.881784197001252e-16,9.26159381866455,0.00012147599573124335,90,,,,,,,,,
chesca_mesh,2190,7,6,6,5.615483753237296,5.987556044377224,0.37207229113992835,9.26159381866455,-0.15091679036690925,90,,,,,,,,,
chesca_mesh,2191,8,6,0,3.9490463514439504,3.9490463514439504,0.0,9.26159381866455,-0.043805095734831476,90,,,,,,,,,
chesca_mesh,2192,9,6,0,3.7245459130589076,3.7245459130589076,0.0,9.26159381866455,0.04785580550261062,90,,,,,,,,,
chesca_mesh,2193,10,6,6,2.752930051373866,3.0028362119104,0.24990616053653403,9.26159381866455,-0.11650691485273262,90,,,,,,,,,
chesca_mesh,2194,11,6,0,3.1724004011383586,3.1724004011383586,0.0,9.26159381866455,0.051374582712161214,90,,,,,,,,,
chesca_mesh,2195,12,6,0,4.584676442465673,4.584676442465674,8.881784197001252e-16,9.26159381866455,0.017650011833174363,90,,,,,,,,,
chesca_mesh,2196,13,6,6,6.390629792323338,5.562680748572575,-0.8279490437507633,9.26159381866455,0.18777268959288979,90,,,,,,,,,
chesca_mesh,2197,14,6,6,7.145545443943464,6.269545443943462,-0.8760000000000012,9.26159381866455,0.1262836022349968,90,,,,,,,,,
chesca_mesh,2198,15,6,6,8.49417936862493,7.618179368624931,-0.8759999999999994,9.26159381866455,0.10161976654636241,90,,,,,,,,,
chesca_mesh,2199,16,6,6,10.947538924114196,10.071538924114195,-0.8760000000000012,9.26159381866455,0.774982518183411,90,,,,,,,,,
chesca_mesh,2200,17,6,6,14.958377408127994,14.082377408127996,-0.8759999999999977,9.21786880493164,1.774805055686461,90,,,,,,,,,
chesca_mesh,2201,18,6,6,15.110256616115437,14.234256616115436,-0.8760000000000012,9.21786880493164,1.358126555642276,90,,,,,,,,,
chesca_mesh,2202,19,6,6,16.471090519607177,15.595090519607176,-0.8760000000000012,9.21786880493164,1.4860356851455712,90,,,,,,,,,
chesca_mesh,2203,20,6,6,15.066215437345619,14.190215437345621,-0.8759999999999977,9.21786880493164,1.0267815022325595,90,,,,,,,,,
chesca_mesh,2204,21,6,6,14.264287900683026,13.388287900683025,-0.8760000000000012,9.21786880493164,0.8869463619688065,90,,,,,,,,,
chesca_mesh,2205,22,6,0,10.338627076206544,10.338627076206546,1.7763568394002505e-15,9.21786880493164,-0.04155822631496431,90,,,,,,,,,
chesca_mesh,2206,23,6,6,11.197498192131203,10.321498192131202,-0.8760000000000012,9.21786880493164,0.09197507754963469,90,,,,,,,,,
chesca_commitment_full_mesh,1,2,6,6,14.591872655066727,13.715872769507643,-0.875999885559084,14.591872655066727,2.1562115588092237,90,6.0,0.0,0.24000000000000005,0.0,0.24000000000000005,0.0,0.24000000000000005,0.040000000000000036,0.04000000000000001
chesca_commitment_full_mesh,2,3,6,6,6.204107326152643,7.0801073261526435,0.8760000000000003,6.204107326152643,-0.3123500037849793,90,0.0,6.0,0.0,0.23999999999999996,0.0,0.24000000000000005,8.326672684688674e-17,2.7755575615628914e-17,0.08000000000000002
chesca_commitment_full_mesh,3,4,6,6,5.192537087941776,5.988537087941776,0.7959999999999994,5.192537087941776,-0.1941129957619891,90,0.0,6.0,0.0,8.326672684688674e-17,0.0,0.22000000000000006,0.0,0.0,0.1166666666666667
chesca_commitment_full_mesh,4,5,6,0,4.711030065747744,4.711030065747743,-8.881784197001252e-16,4.711030065747744,-0.04868147801391834,90,0.0,0.0,0.0,0.0,0.0,0.0,0.0,0.0,0.1166666666666667
chesca_commitment_full_mesh,5,6,6,6,6.237404508867892,6.772583181138234,0.5351786722703418,6.237404508867892,-0.19209621228683554,90,0.0,6.0,0.0,0.0,0.0,0.18,0.0,0.0,0.1466666666666667
chesca_commitment_full_mesh,6,7,6,6,4.990351398238254,5.416675363261937,0.4263239650236823,4.990351398238254,-0.1467055614586119,90,0.0,6.0,0.0,0.0,0.0,0.15999999999999998,0.0,0.0,0.17333333333333334
chesca_commitment_full_mesh,7,8,6,0,5.958205647622158,5.958205647622158,0.0,5.958205647622158,0.030926627979021917,90,0.0,0.0,0.0,0.0,0.0,0.0,0.0,0.0,0.17333333333333334
chesca_commitment_full_mesh,8,9,6,6,6.376008958995863,6.789535459789824,0.413526500793961,6.376008958995863,-0.1836128694386483,90,0.0,6.0,0.0,0.0,0.0,0.14,0.0,0.0,0.19666666666666668
chesca_commitment_full_mesh,9,10,6,4,7.098647757443403,6.632647757443402,-0.4660000000000011,7.098647757443403,0.23974937698842755,90,4.0,0.0,0.12000000000000001,0.0,0.12000000000000001,0.0,0.12000000000000001,0.04000000000000001,0.21666666666666667
chesca_commitment_full_mesh,10,11,6,4,6.907030968257912,7.373030968257911,0.4659999999999993,6.907030968257912,-0.13755705061849452,90,0.0,4.0,0.0,0.12000000000000001,0.0,0.12000000000000001,6.938893903907228e-18,6.938893903907228e-18,0.2366666666666667
chesca_commitment_full_mesh,11,12,6,2,6.951558739919788,6.819558739919788,-0.13199999999999967,7.096320629119873,0.5753347775285321,90,2.0,0.0,0.04000000000000001,0.0,0.04000000000000001,0.0,0.04000000000000001,0.020000000000000004,0.24333333333333337
chesca_commitment_full_mesh,12,13,6,0,7.7012010350426285,7.7012010350426285,0.0,6.954711437225342,0.5853503675710477,90,0.0,0.0,0.0,0.0,0.0,0.0,0.04000000000000001,0.020000000000000004,0.24333333333333337
chesca_commitment_full_mesh,13,14,6,3,7.399337623476284,7.173337623476284,-0.22599999999999998,6.931127548217773,0.7880042840393442,90,3.0,0.0,0.06000000000000001,0.0,0.06000000000000001,0.0,0.10000000000000002,0.020000000000000004,0.25333333333333335
chesca_commitment_full_mesh,14,15,6,0,4.975002740554117,4.975002740554117,0.0,6.907543182373047,0.6243917686130132,90,0.0,0.0,0.0,0.0,0.0,0.0,0.10000000000000002,0.020000000000000004,0.25333333333333335
chesca_commitment_full_mesh,15,16,6,1,7.133499018053461,7.053499018053461,-0.08000000000000007,6.435116767883301,1.0812646419774359,90,1.0,0.0,0.020000000000000004,0.0,0.020000000000000004,0.0,0.12000000000000002,0.02000000000000001,0.25666666666666665
chesca_commitment_full_mesh,16,17,6,0,7.727875229375478,7.727875229375478,0.0,6.694179058074951,0.7336065413192467,90,0.0,0.0,0.0,0.0,0.0,0.0,0.12000000000000002,0.02000000000000001,0.25666666666666665
chesca_commitment_full_mesh,17,18,6,0,6.587409890681502,6.587409890681503,8.881784197001252e-16,6.904174327850342,0.08301602771911085,90,0.0,0.0,0.0,0.0,0.0,0.0,0.12000000000000002,0.02000000000000001,0.25666666666666665
chesca_commitment_full_mesh,18,19,6,0,9.612170232134021,9.612170232134021,0.0,6.797492027282715,1.23088261813842,90,0.0,0.0,0.0,0.0,0.0,0.0,0.12000000000000002,0.02000000000000001,0.25666666666666665
chesca_commitment_full_mesh,19,20,6,0,8.337066107872488,8.337066107872488,0.0,6.924388885498047,0.49485659338475785,90,0.0,0.0,0.0,0.0,0.0,0.0,0.12000000000000002,0.02000000000000001,0.25666666666666665
chesca_commitment_full_mesh,20,21,6,0,8.08901388514793,8.08901388514793,0.0,6.968188285827637,0.4108291797475954,90,0.0,0.0,0.0,0.0,0.0,0.0,0.12000000000000002,0.02000000000000001,0.25666666666666665
chesca_commitment_full_mesh,21,22,6,6,6.426781706489935,6.864781706489936,0.4380000000000006,7.523429870605469,-0.06020923154082056,90,0.0,6.0,0.0,0.12000000000000001,0.0,0.12000000000000001,2.0816681711721685e-17,1.0408340855860843e-17,0.27666666666666667
chesca_commitment_full_mesh,22,23,6,0,6.512989719906168,6.512989719906168,0.0,7.224452972412109,0.06889439695260097,90,0.0,0.0,0.0,0.0,0.0,0.0,2.0816681711721685e-17,1.0408340855860843e-17,0.27666666666666667
chesca_commitment_full_mesh,23,24,6,0,6.401975192769257,6.401975192769257,0.0,7.419575214385986,-0.015752346655749996,90,0.0,0.0,0.0,0.0,0.0,0.0,2.0816681711721685e-17,1.0408340855860843e-17,0.27666666666666667
chesca_commitment_full_mesh,24,1,6,0,6.106042007636097,6.106042007636097,0.0,7.253274440765381,0.007434175777916073,90,0.0,0.0,0.0,0.0,0.0,0.0,2.0816681711721685e-17,1.0408340855860843e-17,0.27666666666666667
chesca_commitment_full_mesh,25,2,6,0,4.5856730942016055,4.585673094201606,8.881784197001252e-16,7.086974143981934,-0.139996227148381,90,0.0,0.0,0.0,0.0,0.0,0.0,2.0816681711721685e-17,1.0408340855860843e-17,0.23666666666666666
chesca_commitment_full_mesh,26,3,6,0,4.319347407321968,4.319347407321967,-8.881784197001252e-16,6.961450099945068,-0.15245119101110122,90,0.0,0.0,0.0,0.0,0.0,0.0,2.0816681711721685e-17,1.0408340855860843e-17,0.19666666666666666
chesca_commitment_full_mesh,27,4,6,5,4.4688324219439535,4.836414686782548,0.36758226483859424,6.937865734100342,-0.15730213652223413,90,0.0,5.0,0.0,1.0408340855860843e-17,0.0,0.12000000000000002,1.0408340855860843e-17,1.0408340855860843e-17,0.18000000000000002
chesca_commitment_full_mesh,28,5,6,6,4.265504129198094,4.864125315143755,0.5986211859456612,6.914281368255615,-0.2041731405803944,90,0.0,6.0,0.0,1.0408340855860843e-17,0.0,0.18000000000000002,0.0,0.0,0.21
chesca_commitment_full_mesh,29,6,6,0,5.005329192823093,5.005329192823093,0.0,6.877306938171387,-0.05205595012712411,90,0.0,0.0,0.0,0.0,0.0,0.0,0.0,0.0,0.18000000000000002
chesca_commitment_full_mesh,30,7,6,6,3.5164534064685222,2.8804534064685225,-0.6359999999999997,6.822479248046875,0.10591903606133023,90,6.0,0.0,0.18000000000000002,0.0,0.18000000000000002,0.0,0.18000000000000002,0.04,0.18333333333333335
chesca_commitment_full_mesh,31,8,6,0,2.8988684060178844,2.8988684060178844,0.0,6.767650604248047,0.18240838445351398,90,0.0,0.0,0.0,0.0,0.0,0.0,0.18000000000000002,0.04,0.18333333333333335
chesca_commitment_full_mesh,32,9,6,0,2.0177702000049162,2.0177702000049162,0.0,6.706607818603516,0.04626553809147115,90,0.0,0.0,0.0,0.0,0.0,0.0,0.18000000000000002,0.04,0.16
chesca_commitment_full_mesh,33,10,6,1,4.383272405822112,4.383272405822112,0.0,6.640904426574707,0.2429895651815823,90,0.0,1.0,0.0,0.03999999999999998,0.0,0.03999999999999998,0.14,0.04,0.1466666666666667
chesca_commitment_full_mesh,34,11,6,1,2.105899872570176,1.9738998725701757,-0.13200000000000034,6.575201034545898,0.1392803360530016,90,1.0,0.0,0.04,0.0,0.04,0.0,0.18000000000000002,0.04000000000000002,0.13333333333333333
chesca_commitment_full_mesh,35,12,6,0,2.9947181407588412,2.9947181407588412,0.0,6.429965496063232,0.08954042640175758,90,0.0,0.0,0.0,0.0,0.0,0.0,0.18000000000000002,0.04000000000000002,0.12666666666666668
chesca_commitment_full_mesh,36,13,6,6,3.061830209770726,3.4293256497217017,0.36749543995097556,6.25291633605957,-0.25206472130179636,90,0.0,6.0,0.0,0.18,0.0,0.2,2.42861286636753e-17,2.0816681711721685e-17,0.16
chesca_commitment_full_mesh,37,14,6,5,1.6716219590109382,1.9790057105138668,0.3073837515029285,6.565814971923828,-0.5801666094890582,90,0.0,5.0,0.0,3.469446951953614e-18,0.0,0.12000000000000001,2.0816681711721685e-17,2.0816681711721685e-17,0.17
chesca_commitment_full_mesh,38,15,6,5,3.021529154230125,2.343529154230125,-0.6779999999999999,6.404672145843506,0.28624763309023615,90,5.0,0.0,0.18000000000000002,0.0,0.18000000000000002,0.0,0.18000000000000005,0.04000000000000001,0.19999999999999998
chesca_commitment_full_mesh,39,16,6,2,3.9500950358493236,3.8840950358493234,-0.06600000000000028,6.227622985839844,0.6393018456721773,90,1.0,1.0,0.02,0.01999999999999999,0.02,0.01999999999999999,0.18000000000000008,0.04000000000000001,0.20333333333333334
chesca_commitment_full_mesh,40,17,6,1,7.1144953259254295,7.048495325925431,-0.06599999999999895,6.050574779510498,0.8978269560896361,90,1.0,0.0,0.020000000000000004,0.0,0.020000000000000004,0.0,0.20000000000000007,0.04000000000000001,0.20666666666666667
chesca_commitment_full_mesh,41,18,6,0,6.720077441732858,6.720077441732858,0.0,6.025301456451416,0.571865697332841,90,0.0,0.0,0.0,0.0,0.0,0.0,0.20000000000000007,0.04000000000000001,0.20666666666666667
chesca_commitment_full_mesh,42,19,6,0,7.8709436111428905,7.8709436111428905,0.0,6.202330589294434,0.6014132823285216,90,0.0,0.0,0.0,0.0,0.0,0.0,0.20000000000000007,0.04000000000000001,0.20666666666666667
chesca_commitment_full_mesh,43,20,6,0,7.430260685993317,7.430260685993318,8.881784197001252e-16,6.531135559082031,0.23591570193416667,90,0.0,0.0,0.0,0.0,0.0,0.0,0.20000000000000007,0.04000000000000001,0.20666666666666667
chesca_commitment_full_mesh,44,21,6,6,11.512538009751736,10.914538009751736,-0.5980000000000008,6.560847282409668,1.51772558782799,90,6.0,0.0,0.16000000000000003,0.0,0.16000000000000003,0.0,0.36000000000000004,0.08000000000000002,0.23333333333333336
chesca_commitment_full_mesh,45,22,6,0,11.227520740556095,11.227520740556093,-1.7763568394002505e-15,6.55826997756958,1.8495840497466567,90,0.0,0.0,0.0,0.0,0.0,0.0,0.36000000000000004,0.08000000000000002,0.21333333333333335
chesca_commitment_full_mesh,46,23,6,0,6.764028457531348,6.764028457531348,0.0,6.563056468963623,0.048863448354240085,90,0.0,0.0,0.0,0.0,0.0,0.0,0.36000000000000004,0.08000000000000002,0.21333333333333335
chesca_commitment_full_mesh,47,24,6,6,6.001803702420904,6.8778037024209056,0.8760000000000012,6.560479164123535,-0.11014776659822409,90,0.0,6.0,0.0,0.24000000000000005,0.0,0.24000000000000005,0.12000000000000002,0.04000000000000001,0.25333333333333335
chesca_commitment_full_mesh,48,1,6,4,5.401573314528861,5.864663856381855,0.4630905418529947,6.590540885925293,-0.25055594576523554,90,0.0,4.0,0.0,0.12,0.0,0.12000000000000002,2.0816681711721685e-17,1.3877787807814457e-17,0.2733333333333334
chesca_commitment_full_mesh,49,2,6,0,5.195638139931468,5.195638139931468,0.0,6.56268835067749,-0.24036584812079714,90,0.0,0.0,0.0,0.0,0.0,0.0,2.0816681711721685e-17,1.3877787807814457e-17,0.2733333333333334
chesca_commitment_full_mesh,50,3,6,0,4.227303152510823,4.227303152510823,0.0,6.560111045837402,-0.292988066697383,90,0.0,0.0,0.0,0.0,0.0,0.0,2.0816681711721685e-17,1.3877787807814457e-17,0.2733333333333334
chesca_commitment_full_mesh,51,4,6,0,4.47020384645462,4.47020384645462,0.0,6.557533264160156,-0.2563092065303896,90,0.0,0.0,0.0,0.0,0.0,0.0,2.0816681711721685e-17,1.3877787807814457e-17,0.25333333333333335
chesca_commitment_full_mesh,52,5,6,0,4.343974411010742,4.343974411010742,0.0,6.530703067779541,-0.19043726687603513,90,0.0,0.0,0.0,0.0,0.0,0.0,2.0816681711721685e-17,1.3877787807814457e-17,0.22333333333333336
chesca_commitment_full_mesh,53,6,6,0,4.7902015001348435,4.7902015001348435,0.0,6.485682010650635,0.018159861016431703,90,0.0,0.0,0.0,0.0,0.0,0.0,2.0816681711721685e-17,1.3877787807814457e-17,0.22333333333333336
chesca_commitment_full_mesh,54,7,6,0,4.060717097189822,4.060717097189822,0.0,6.440661907196045,0.10103555045663329,90,0.0,0.0,0.0,0.0,0.0,0.0,2.0816681711721685e-17,1.3877787807814457e-17,0.19333333333333336
chesca_commitment_full_mesh,55,8,6,0,3.36254150191744,3.36254150191744,0.0,6.333493232727051,0.0569637103175073,90,0.0,0.0,0.0,0.0,0.0,0.0,2.0816681711721685e-17,1.3877787807814457e-17,0.19333333333333336
chesca_commitment_full_mesh,56,9,6,6,2.153981694807328,2.5554797258580564,0.40149803105072834,6.20146369934082,-0.12173873763335176,90,0.0,6.0,0.0,2.0816681711721685e-17,0.0,0.14,0.0,0.0,0.21666666666666667
chesca_commitment_full_mesh,57,10,6,1,2.1765801466294215,2.211077658881565,0.03449751225214337,6.0694355964660645,-0.3312727646566382,90,0.0,1.0,0.0,0.0,0.0,0.02,0.0,0.0,0.21333333333333335
chesca_commitment_full_mesh,58,11,6,5,0.6930382378525103,0.9563936744123495,0.2633554365598392,6.043170928955078,-0.5486110365243838,90,0.0,5.0,0.0,0.0,0.0,0.10000000000000002,0.0,0.0,0.22333333333333336
chesca_commitment_full_mesh,59,12,6,2,0.604957467238608,0.6774379108501818,0.0724804436115738,6.053885459899902,-0.6008194123369924,90,0.0,2.0,0.0,0.0,0.0,0.04,0.0,0.0,0.23
chesca_commitment_full_mesh,60,13,6,6,1.9580533322327012,2.299203892215502,0.34115055998280064,6.060033321380615,-1.1507795582781306,90,0.0,6.0,0.0,0.0,0.0,0.14,0.0,0.0,0.22
chesca_commitment_full_mesh,61,14,6,6,0.8901628546475556,1.1192410997323452,0.22907824508478958,6.2990803718566895,-1.612326028222336,90,0.0,6.0,0.0,0.0,0.0,0.12000000000000001,0.0,0.0,0.22
chesca_commitment_full_mesh,62,15,6,2,1.3148609529222286,1.4279057817764789,0.11304482885425027,6.46638822555542,-0.5601629846873594,90,0.0,2.0,0.0,0.0,0.0,0.04000000000000001,0.0,0.0,0.19666666666666668
chesca_commitment_full_mesh,63,16,6,1,4.372044839509487,4.372044839509487,0.0,6.549996852874756,-0.012737568672844876,90,0.0,1.0,0.0,0.0,0.0,0.020000000000000018,0.0,0.0,0.19333333333333336
chesca_commitment_full_mesh,64,17,6,5,4.841504520100999,4.257504520101,-0.5839999999999996,6.504976749420166,0.2600661254065051,90,5.0,0.0,0.16,0.0,0.16,0.0,0.16,0.04,0.21666666666666667
chesca_commitment_full_mesh,65,18,6,0,6.038779667545806,6.038779667545807,8.881784197001252e-16,6.459956645965576,0.3235393844194677,90,0.0,0.0,0.0,0.0,0.0,0.0,0.16,0.04,0.21666666666666667
chesca_commitment_full_mesh,66,19,6,5,6.372662231128805,6.843607396849658,0.47094516572085254,6.54356575012207,-0.048772695572362273,90,0.0,5.0,0.0,0.16,0.0,0.16,3.469446951953614e-18,3.469446951953614e-18,0.24333333333333332
chesca_commitment_full_mesh,67,20,6,0,5.3446110371007975,5.344611037100798,8.881784197001252e-16,6.4985456466674805,-0.08816443291137126,90,0.0,0.0,0.0,0.0,0.0,0.0,3.469446951953614e-18,3.469446951953614e-18,0.24333333333333332
chesca_commitment_full_mesh,68,21,6,0,6.069071187206878,6.069071187206878,0.0,6.453524589538574,0.05222805046176816,90,0.0,0.0,0.0,0.0,0.0,0.0,3.469446951953614e-18,3.469446951953614e-18,0.21666666666666667
chesca_commitment_full_mesh,69,22,6,3,5.799380822202259,6.018151019692888,0.21877019749062843,6.537134170532227,-0.12136867923056743,90,0.0,3.0,0.0,3.469446951953614e-18,0.0,0.06000000000000001,0.0,0.0,0.22666666666666668
chesca_commitment_full_mesh,70,23,6,2,5.793732463096365,5.953732463096365,0.16000000000000014,6.560111045837402,-0.31463338451787154,90,0.0,2.0,0.0,0.0,0.0,0.04,0.0,0.0,0.23333333333333336
chesca_commitment_full_mesh,71,24,6,0,5.155492768852605,5.155492768852605,0.0,6.557533264160156,-0.1458284081605961,90,0.0,0.0,0.0,0.0,0.0,0.0,0.0,0.0,0.19333333333333333
chesca_commitment_full_mesh,72,1,6,6,4.227564191408322,4.66281977317131,0.43525558176298773,6.530703067779541,-0.1019048396977389,90,0.0,6.0,0.0,0.0,0.0,0.14,0.0,0.0,0.19666666666666666
chesca_commitment_full_mesh,73,2,6,4,3.319355578660306,3.595128715583641,0.27577313692333494,6.485682010650635,-0.20799098084591316,90,0.0,4.0,0.0,0.0,0.0,0.10000000000000002,0.0,0.0,0.21333333333333335
chesca_commitment_full_mesh,74,3,6,2,3.2346664114404953,3.3078683497791106,0.07320193833861532,6.440661907196045,-0.1205130786475101,90,0.0,2.0,0.0,0.0,0.0,0.04,0.0,0.0,0.22
chesca_commitment_full_mesh,75,4,6,0,4.2066130849997565,4.2066130849997565,0.0,6.33585786819458,0.11456676341780814,90,0.0,0.0,0.0,0.0,0.0,0.0,0.0,0.0,0.22
chesca_commitment_full_mesh,76,5,6,0,3.8045926112625166,3.804592611262517,4.440892098500626e-16,6.479250907897949,-0.2426227360006709,90,0.0,0.0,0.0,0.0,0.0,0.0,0.0,0.0,0.22
chesca_commitment_full_mesh,77,6,6,0,4.849259772322312,4.849259772322312,0.0,6.434230804443359,0.18831048601070777,90,0.0,0.0,0.0,0.0,0.0,0.0,0.0,0.0,0.22
chesca_commitment_full_mesh,78,7,6,0,3.691163044997303,3.691163044997304,8.881784197001252e-16,6.317468166351318,0.1855744741628431,90,0.0,0.0,0.0,0.0,0.0,0.0,0.0,0.0,0.22
chesca_commitment_full_mesh,79,8,6,0,2.243025351111707,2.243025351111707,0.0,6.188750743865967,0.08674980998811782,90,0.0,0.0,0.0,0.0,0.0,0.0,0.0,0.0,0.22
chesca_commitment_full_mesh,80,9,6,0,2.554949465838474,2.554949465838474,0.0,6.060033321380615,0.1503218254523273,90,0.0,0.0,0.0,0.0,0.0,0.0,0.0,0.0,0.19666666666666666
chesca_commitment_full_mesh,81,10,6,6,3.8922710456962273,3.3882710456962277,-0.5039999999999996,6.056722640991211,0.219470590112048,90,6.0,0.0,0.14,0.0,0.14,0.0,0.14,0.04,0.21666666666666667
chesca_commitment_full_mesh,82,11,6,0,2.213116016237489,2.2131160162374894,4.440892098500626e-16,6.053412437438965,0.25230944017397156,90,0.0,0.0,0.0,0.0,0.0,0.0,0.14,0.04,0.19999999999999998
chesca_commitment_full_mesh,83,12,6,1,4.765870373039181,4.7658703730391805,-8.881784197001252e-16,6.049340724945068,0.45912155211498534,90,0.0,1.0,0.0,0.03999999999999998,0.0,0.03999999999999998,0.10000000000000003,0.020000000000000004,0.19999999999999998
chesca_commitment_full_mesh,84,13,6,5,5.622299064914374,5.118299064914373,-0.5040000000000013,6.040702819824219,0.6108205823965162,90,5.0,0.0,0.14,0.0,0.14,0.0,0.24000000000000005,0.06000000000000001,0.20000000000000004
chesca_commitment_full_mesh,85,14,6,0,1.7995377379206547,1.7995377379206547,0.0,6.032064914703369,0.12832375334785157,90,0.0,0.0,0.0,0.0,0.0,0.0,0.24000000000000005,0.06000000000000001,0.18000000000000002
chesca_commitment_full_mesh,86,15,6,1,3.6313030797853054,3.5653030797853056,-0.06599999999999984,6.02114200592041,0.23389001946252536,90,1.0,0.0,0.020000000000000004,0.0,0.020000000000000004,0.0,0.26000000000000006,0.06000000000000001,0.17666666666666667
chesca_commitment_full_mesh,87,16,6,0,3.583258312213811,3.583258312213811,0.0,6.004506587982178,0.4344630070454028,90,0.0,0.0,0.0,0.0,0.0,0.0,0.26000000000000006,0.06000000000000001,0.17333333333333334
chesca_commitment_full_mesh,88,17,6,0,6.472832757937382,6.472832757937382,0.0,5.987871170043945,0.772363383113352,90,0.0,0.0,0.0,0.0,0.0,0.0,0.26000000000000006,0.06000000000000001,0.1466666666666667
chesca_commitment_full_mesh,89,18,6,0,6.058317013741387,6.058317013741387,0.0,6.018765449523926,0.23625209486012813,90,0.0,0.0,0.0,0.0,0.0,0.0,0.26000000000000006,0.06000000000000001,0.1466666666666667
chesca_commitment_full_mesh,90,19,6,0,6.923283775533185,6.923283775533185,0.0,6.002130031585693,0.381588350855666,90,0.0,0.0,0.0,0.0,0.0,0.0,0.26000000000000006,0.06000000000000001,0.12000000000000001
chesca_commitment_full_mesh,91,20,6,6,6.30974676616696,7.119746766166959,0.8099999999999996,6.02959680557251,-0.057868973782435794,90,0.0,6.0,0.0,0.22000000000000003,0.0,0.22000000000000003,0.040000000000000036,0.02000000000000001,0.1566666666666667
chesca_commitment_full_mesh,92,21,6,6,6.29357952594757,7.16957952594757,0.8759999999999994,6.0456390380859375,-0.24384904657379508,90,0.0,6.0,0.0,0.040000000000000036,0.0,0.24000000000000002,0.0,0.0,0.19666666666666666
chesca_commitment_full_mesh,93,22,6,3,5.509256973203541,5.759268652939591,0.2500116797360503,6.054831027984619,-0.25972167331524565,90,0.0,3.0,0.0,0.0,0.0,0.08000000000000002,0.0,0.0,0.19999999999999998
chesca_commitment_full_mesh,94,23,6,5,6.0601177351050515,6.392873045163645,0.3327553100585936,6.073896884918213,-0.2565904074435623,90,0.0,5.0,0.0,0.0,0.0,0.1,0.0,0.0,0.21
chesca_commitment_full_mesh,95,24,6,3,6.25722100457847,6.017221004578471,-0.23999999999999932,6.057668685913086,0.11822184602858174,90,3.0,0.0,0.06,0.0,0.06,0.0,0.06,0.02,0.21999999999999997
chesca_commitment_full_mesh,96,1,6,3,6.280270817305815,6.520270817305815,0.2400000000000002,6.054358005523682,-0.051497129032777866,90,0.0,3.0,0.0,0.06,0.0,0.06000000000000001,0.0,0.0,0.20666666666666667
chesca_commitment_full_mesh,97,2,6,3,4.844245189018644,5.108245189018645,0.2640000000000011,6.066965103149414,-0.10986733935839468,90,0.0,3.0,0.0,0.0,0.0,0.08000000000000002,0.0,0.0,0.20333333333333334
chesca_commitment_full_mesh,98,3,6,0,4.62904821583651,4.62904821583651,0.0,6.057195663452148,0.019657239285565488,90,0.0,0.0,0.0,0.0,0.0,0.0,0.0,0.0,0.19666666666666666
chesca_commitment_full_mesh,99,4,6,0,4.041070467460201,4.041070467460202,8.881784197001252e-16,6.053885459899902,0.01624485962672248,90,0.0,0.0,0.0,0.0,0.0,0.0,0.0,0.0,0.19666666666666666
chesca_commitment_full_mesh,100,5,6,4,4.48242735940236,3.950427359402359,-0.5320000000000009,6.050574779510498,0.11626569897772707,90,4.0,0.0,0.14,0.0,0.14,0.0,0.14,0.04000000000000001,0.22
chesca_commitment_full_mesh,101,6,6,0,4.499452242331523,4.499452242331523,0.0,6.041936874389648,0.2434356749422414,90,0.0,0.0,0.0,0.0,0.0,0.0,0.14,0.04000000000000001,0.22
chesca_commitment_full_mesh,102,7,6,0,4.6790509401264195,4.6790509401264195,0.0,6.033298969268799,0.26759639971391813,90,0.0,0.0,0.0,0.0,0.0,0.0,0.14,0.04000000000000001,0.22
chesca_commitment_full_mesh,103,8,6,4,3.342251988713012,3.727022424739846,0.3847704360268338,6.0258355140686035,-0.13910817515763657,90,0.0,4.0,0.0,0.14,0.0,0.14,0.0,0.0,0.24333333333333332
chesca_commitment_full_mesh,104,9,6,0,3.054088338527865,3.0540883385278645,-4.440892098500626e-16,6.025417327880859,0.10502592725692853,90,0.0,0.0,0.0,0.0,0.0,0.0,0.0,0.0,0.24333333333333332
chesca_commitment_full_mesh,105,10,6,0,3.7590038834028263,3.7590038834028263,0.0,6.032064914703369,-0.3125819892758565,90,0.0,0.0,0.0,0.0,0.0,0.0,0.0,0.0,0.22
chesca_commitment_full_mesh,106,11,6,2,2.9993516283755017,2.8013516283755022,-0.1979999999999995,6.02577543258667,0.2420316840585241,90,2.0,0.0,0.060000000000000005,0.0,0.060000000000000005,0.0,0.060000000000000005,0.04,0.22999999999999998
chesca_commitment_full_mesh,107,12,6,0,2.590356903821476,2.590356903821476,0.0,6.025357246398926,0.01975675184200404,90,0.0,0.0,0.0,0.0,0.0,0.0,0.060000000000000005,0.04,0.22333333333333336
chesca_commitment_full_mesh,108,13,6,0,3.395546826480142,3.3955468264801416,-4.440892098500626e-16,6.024939060211182,0.07918137953672036,90,0.0,0.0,0.0,0.0,0.0,0.0,0.060000000000000005,0.04,0.20000000000000004
chesca_commitment_full_mesh,109,14,6,0,2.2635355986642125,2.263535598664212,-4.440892098500626e-16,6.017749786376953,0.06323581421027229,90,0.0,0.0,0.0,0.0,0.0,0.0,0.060000000000000005,0.04,0.20000000000000004
chesca_commitment_full_mesh,110,15,6,2,4.334656649915413,4.188656649915413,-0.1459999999999999,6.001532554626465,0.08674310207970681,90,2.0,0.0,0.04000000000000001,0.0,0.04000000000000001,0.0,0.10000000000000002,0.04,0.20333333333333334
chesca_commitment_full_mesh,111,16,6,0,5.570662053978014,5.570662053978014,0.0,5.985315322875977,0.08453470467353033,90,0.0,0.0,0.0,0.0,0.0,0.0,0.10000000000000002,0.04,0.20333333333333334
chesca_commitment_full_mesh,112,17,6,4,6.225823537721782,6.513883604242279,0.2880600665204973,6.015432834625244,-0.16349640704794965,90,0.0,4.0,0.0,0.1,0.0,0.12000000000000001,3.469446951953614e-18,3.469446951953614e-18,0.2233333333333333
chesca_commitment_full_mesh,113,18,6,0,6.179168210202355,6.179168210202356,8.881784197001252e-16,6.025238037109375,-0.0570628900252496,90,0.0,0.0,0.0,0.0,0.0,0.0,3.469446951953614e-18,3.469446951953614e-18,0.2233333333333333
chesca_commitment_full_mesh,114,19,6,5,8.18438641024148,7.812386410241478,-0.37200000000000166,6.024819850921631,0.6324604083179324,90,5.0,0.0,0.1,0.0,0.1,0.0,0.1,0.020000000000000007,0.24
chesca_commitment_full_mesh,115,20,6,1,7.822298903989017,7.756298903989016,-0.06600000000000072,6.025596618652344,0.3238289175303337,90,1.0,0.0,0.01999999999999999,0.0,0.01999999999999999,0.0,0.12,0.020000000000000007,0.20666666666666667
chesca_commitment_full_mesh,116,21,6,0,6.978376159008549,6.978376159008549,0.0,6.0357666015625,0.0401614721975406,90,0.0,0.0,0.0,0.0,0.0,0.0,0.12,0.020000000000000007,0.1666666666666667
chesca_commitment_full_mesh,117,22,6,6,6.569258898428309,7.00725889842831,0.4380000000000006,6.0510478019714355,-0.039933621170132966,90,0.0,6.0,0.0,0.12,0.0,0.12000000000000002,6.938893903907228e-18,3.469446951953614e-18,0.17333333333333334
chesca_commitment_full_mesh,118,23,6,0,6.523357333624101,6.523357333624101,0.0,6.043170928955078,-0.05892237686647517,90,0.0,0.0,0.0,0.0,0.0,0.0,6.938893903907228e-18,3.469446951953614e-18,0.1566666666666667
chesca_commitment_full_mesh,119,24,6,6,6.040966386658802,6.916966386658803,0.8760000000000012,6.053885459899902,-0.0931427404850208,90,0.0,6.0,0.0,6.938893903907228e-18,0.0,0.24000000000000005,0.0,0.0,0.18666666666666668
chesca_commitment_full_mesh,120,1,6,6,4.916009102914346,5.657051363799585,0.741042260885239,6.060033321380615,-0.5419684224306821,90,0.0,6.0,0.0,0.0,0.0,0.2,0.0,0.0,0.21
chesca_commitment_full_mesh,121,2,6,5,4.337735501626939,4.9497355016269395,0.6120000000000001,6.056722640991211,-0.5159583236738733,90,0.0,5.0,0.0,0.0,0.0,0.16000000000000003,0.0,0.0,0.22333333333333336
chesca_commitment_full_mesh,122,3,6,2,4.911160191862857,5.026070934386821,0.11491074252396416,6.053412437438965,-0.3807757121661714,90,0.0,2.0,0.0,0.0,0.0,0.04000000000000001,0.0,0.0,0.23
chesca_commitment_full_mesh,123,4,6,1,3.794555385041758,3.8605553850417587,0.06600000000000072,6.049340724945068,-0.44312835945927265,90,0.0,1.0,0.0,0.0,0.0,0.020000000000000004,0.0,0.0,0.23333333333333336
chesca_commitment_full_mesh,124,5,6,0,3.9485929835028153,3.9485929835028144,-8.881784197001252e-16,6.040702819824219,-0.29733222388872915,90,0.0,0.0,0.0,0.0,0.0,0.0,0.0,0.0,0.21
chesca_commitment_full_mesh,125,6,6,3,4.458377450992359,4.6492092161377565,0.1908317651453979,6.032064914703369,-0.267395982290182,90,0.0,3.0,0.0,0.0,0.0,0.06000000000000001,0.0,0.0,0.22
chesca_commitment_full_mesh,126,7,6,6,3.737172636972476,4.187929804840998,0.45075716786852205,6.048106670379639,-1.335863931667526,90,0.0,6.0,0.0,0.0,0.0,0.16,0.0,0.0,0.24666666666666667
chesca_commitment_full_mesh,127,8,6,0,3.3329092490076095,3.33290924900761,4.440892098500626e-16,6.039468765258789,-0.25175286804153196,90,0.0,0.0,0.0,0.0,0.0,0.0,0.0,0.0,0.22333333333333336
chesca_commitment_full_mesh,128,9,6,3,2.7569143092125223,2.9418215425191745,0.18490723330665215,6.0308308601379395,-0.38864420326758276,90,0.0,3.0,0.0,0.0,0.0,0.060000000000000005,0.0,0.0,0.23333333333333336
chesca_commitment_full_mesh,129,10,6,4,2.678347686545047,2.8787782467454486,0.2004305602004015,6.046872615814209,-0.6533083512508568,90,0.0,4.0,0.0,0.0,0.0,0.08000000000000002,0.0,0.0,0.24666666666666667
chesca_commitment_full_mesh,130,11,6,0,1.9953427096175638,1.9953427096175638,0.0,6.038234710693359,-0.14166520499581187,90,0.0,0.0,0.0,0.0,0.0,0.0,0.0,0.0,0.2366666666666667
chesca_commitment_full_mesh,131,12,6,1,3.100685572288677,3.0346855722886765,-0.06600000000000028,6.02959680557251,0.09345317945926887,90,1.0,0.0,0.020000000000000004,0.0,0.020000000000000004,0.0,0.020000000000000004,0.020000000000000004,0.24000000000000002
chesca_commitment_full_mesh,132,13,6,1,3.435967622106087,3.3699676221060866,-0.06600000000000028,6.025656223297119,0.35291698446036635,90,1.0,0.0,0.02,0.0,0.02,0.0,0.04000000000000001,0.020000000000000004,0.24333333333333337
chesca_commitment_full_mesh,133,14,6,0,3.6634773746518614,3.6634773746518614,0.0,6.025238037109375,0.1543093335929146,90,0.0,0.0,0.0,0.0,0.0,0.0,0.04000000000000001,0.020000000000000004,0.24333333333333337
chesca_commitment_full_mesh,134,15,6,4,2.8533628801603768,3.090469544839401,0.23710666467902408,6.028363227844238,-0.8307319350380901,90,0.0,4.0,0.0,0.04,0.0,0.08,3.469446951953614e-18,3.469446951953614e-18,0.25
chesca_commitment_full_mesh,135,16,6,0,3.544470262949037,3.544470262949037,0.0,6.025596618652344,0.3120346828021364,90,0.0,0.0,0.0,0.0,0.0,0.0,3.469446951953614e-18,3.469446951953614e-18,0.25
chesca_commitment_full_mesh,136,17,6,0,3.856038817248658,3.856038817248658,0.0,6.025177955627441,0.1762744205253789,90,0.0,0.0,0.0,0.0,0.0,0.0,3.469446951953614e-18,3.469446951953614e-18,0.23
chesca_commitment_full_mesh,137,18,6,1,5.710125384421132,5.644125384421132,-0.06599999999999984,6.024759769439697,0.18365021472073295,90,1.0,0.0,0.02,0.0,0.02,0.0,0.020000000000000004,0.020000000000000004,0.23333333333333336
chesca_commitment_full_mesh,138,19,6,3,7.401349208671082,7.255349208671082,-0.1459999999999999,6.012726306915283,0.4472046528442064,90,2.0,1.0,0.04000000000000001,0.0,0.04000000000000001,0.03999999999999998,0.06000000000000001,0.020000000000000004,0.23
chesca_commitment_full_mesh,139,20,6,0,7.784399946578977,7.784399946578977,0.0,6.025118350982666,0.5245966655136951,90,0.0,0.0,0.0,0.0,0.0,0.0,0.06000000000000001,0.020000000000000004,0.22666666666666668
chesca_commitment_full_mesh,140,21,6,3,7.287865904609037,7.499865904609037,0.21200000000000063,6.025895118713379,-0.16617451532888505,90,0.0,3.0,0.0,0.060000000000000005,0.0,0.060000000000000005,6.938893903907228e-18,3.469446951953614e-18,0.2366666666666667
chesca_commitment_full_mesh,141,22,6,0,6.385007144489906,6.385007144489906,0.0,6.041936874389648,-0.057709987585187215,90,0.0,0.0,0.0,0.0,0.0,0.0,6.938893903907228e-18,3.469446951953614e-18,0.21666666666666667
chesca_commitment_full_mesh,142,23,6,6,7.387182278465183,6.949182278465183,-0.4379999999999997,6.033298969268799,0.3662078630036447,90,6.0,0.0,0.12000000000000002,0.0,0.12000000000000002,0.0,0.12000000000000002,0.020000000000000007,0.2366666666666667
chesca_commitment_full_mesh,143,24,6,0,7.919417608110569,7.919417608110569,0.0,6.049340724945068,0.4875322220679354,90,0.0,0.0,0.0,0.0,0.0,0.0,0.12000000000000002,0.020000000000000007,0.19666666666666666
chesca_commitment_full_mesh,144,1,6,6,6.26980498866894,6.773804988668941,0.5040000000000004,6.056250095367432,-0.10344017096672563,90,0.0,6.0,0.0,0.12000000000000002,0.0,0.14,0.0,0.0,0.18666666666666668
chesca_commitment_full_mesh,145,2,6,6,6.238784369383508,6.977138357653249,0.7383539882697416,6.066559314727783,-0.24659732555055383,90,0.0,6.0,0.0,0.0,0.0,0.2,0.0,0.0,0.19333333333333336
chesca_commitment_full_mesh,146,3,6,5,5.766750928923114,6.347346024158424,0.58059509523531,6.083527088165283,-0.1532858894995942,90,0.0,5.0,0.0,0.0,0.0,0.16000000000000003,0.0,0.0,0.21333333333333335
chesca_commitment_full_mesh,147,4,6,2,5.117222468061649,5.2163620112413644,0.09913954317971552,6.13948392868042,-0.2973842074689235,90,0.0,2.0,0.0,0.0,0.0,0.04000000000000001,0.0,0.0,0.21666666666666667
chesca_commitment_full_mesh,148,5,6,1,5.0006257352638945,5.066625735263895,0.06600000000000072,6.105536460876465,-0.11043215091362601,90,0.0,1.0,0.0,0.0,0.0,0.020000000000000004,0.0,0.0,0.22
chesca_commitment_full_mesh,149,6,6,0,5.61876697280108,5.61876697280108,0.0,6.082221984863281,-0.032228293947617254,90,0.0,0.0,0.0,0.0,0.0,0.0,0.0,0.0,0.21
chesca_commitment_full_mesh,150,7,6,3,4.228561283316128,4.454561283316128,0.22599999999999998,6.073085784912109,-0.09497373940943529,90,0.0,3.0,0.0,0.0,0.0,0.06000000000000001,0.0,0.0,0.19333333333333333
chesca_commitment_full_mesh,151,8,6,0,5.1852102878398005,5.1852102878398005,0.0,6.063948631286621,0.029377884430636953,90,0.0,0.0,0.0,0.0,0.0,0.0,0.0,0.0,0.19333333333333333
chesca_commitment_full_mesh,152,9,6,5,4.9413199058575765,5.393319905857578,0.45200000000000173,6.058141708374023,-0.09527663720661929,90,0.0,5.0,0.0,0.0,0.0,0.12,0.0,0.0,0.20333333333333334
chesca_commitment_full_mesh,153,10,6,0,5.31936119535169,5.319361195351689,-8.881784197001252e-16,6.054831027984619,-0.04305805507608267,90,0.0,0.0,0.0,0.0,0.0,0.0,0.0,0.0,0.19000000000000003
chesca_commitment_full_mesh,154,11,6,5,4.473936756963275,4.93023345278112,0.45629669581784427,6.051520824432373,-0.12885827074621725,90,0.0,5.0,0.0,0.0,0.0,0.14,0.0,0.0,0.21333333333333335
chesca_commitment_full_mesh,155,12,6,6,4.891372766977833,5.668691649885208,0.7773188829073749,6.057668685913086,-0.9643279743307175,90,0.0,6.0,0.0,0.0,0.0,0.22000000000000003,0.0,0.0,0.24666666666666667
chesca_commitment_full_mesh,156,13,6,0,6.1972272375128306,6.1972272375128306,0.0,6.054358005523682,0.12009283163581567,90,0.0,0.0,0.0,0.0,0.0,0.0,0.0,0.0,0.24333333333333332
chesca_commitment_full_mesh,157,14,6,0,5.088550776083483,5.088550776083483,0.0,6.0510478019714355,0.22166731592214278,90,0.0,0.0,0.0,0.0,0.0,0.0,0.0,0.0,0.24333333333333332
chesca_commitment_full_mesh,158,15,6,0,5.536927930928907,5.536927930928906,-8.881784197001252e-16,6.043170928955078,-0.04245546601091087,90,0.0,0.0,0.0,0.0,0.0,0.0,0.0,0.0,0.22999999999999998
chesca_commitment_full_mesh,159,16,6,1,4.976747541779194,4.896747541779195,-0.07999999999999918,6.0345330238342285,0.34021404398555083,90,1.0,0.0,0.020000000000000004,0.0,0.020000000000000004,0.0,0.020000000000000004,0.020000000000000004,0.2333333333333333
chesca_commitment_full_mesh,160,17,6,4,6.56572668583334,6.287726685833339,-0.27800000000000136,6.025895118713379,0.6695957019101929,90,4.0,0.0,0.08000000000000002,0.0,0.08000000000000002,0.0,0.10000000000000002,0.020000000000000004,0.24666666666666667
chesca_commitment_full_mesh,161,18,6,0,7.29071726672822,7.290717266728219,-8.881784197001252e-16,6.041936874389648,0.6864615113208363,90,0.0,0.0,0.0,0.0,0.0,0.0,0.10000000000000002,0.020000000000000004,0.24333333333333332
chesca_commitment_full_mesh,162,19,6,5,8.094350062244219,8.452350062244218,0.35799999999999876,6.053412437438965,-0.09177371886618725,90,0.0,5.0,0.0,0.1,0.0,0.1,1.0408340855860843e-17,3.469446951953614e-18,0.24666666666666667
chesca_commitment_full_mesh,163,20,6,0,7.4650142046686145,7.465014204668615,8.881784197001252e-16,6.059560298919678,0.31344214062413017,90,0.0,0.0,0.0,0.0,0.0,0.0,1.0408340855860843e-17,3.469446951953614e-18,0.24666666666666667
chesca_commitment_full_mesh,164,21,6,6,8.728391216880697,8.290391216880696,-0.4380000000000006,6.075695991516113,0.8337403295776719,90,6.0,0.0,0.12000000000000001,0.0,0.12000000000000001,0.0,0.12000000000000001,0.020000000000000007,0.25666666666666665
chesca_commitment_full_mesh,165,22,6,0,8.720619177102316,8.720619177102316,0.0,6.110385417938232,0.6769881199230476,90,0.0,0.0,0.0,0.0,0.0,0.0,0.12000000000000001,0.020000000000000007,0.25666666666666665
chesca_commitment_full_mesh,166,23,6,0,7.6127788257465685,7.6127788257465685,0.0,6.083527088165283,0.4712076514277847,90,0.0,0.0,0.0,0.0,0.0,0.0,0.12000000000000001,0.020000000000000007,0.23666666666666666
chesca_commitment_full_mesh,167,24,6,6,7.248126283620677,7.686126283620679,0.4380000000000015,6.13948392868042,-0.0347733733666635,90,0.0,6.0,0.0,0.12000000000000001,0.0,0.12000000000000002,6.938893903907228e-18,3.469446951953614e-18,0.25666666666666665
chesca_commitment_full_mesh,168,1,6,0,7.114657650703984,7.114657650703983,-8.881784197001252e-16,6.191677093505859,0.08382728056850436,90,0.0,0.0,0.0,0.0,0.0,0.0,6.938893903907228e-18,3.469446951953614e-18,0.2333333333333333
chesca_commitment_full_mesh,169,2,6,1,6.5945680913950895,6.660568091395089,0.06599999999999984,6.2218403816223145,-0.09589149876338274,90,0.0,1.0,0.0,0.0,0.0,0.020000000000000004,6.938893903907228e-18,3.469446951953614e-18,0.20333333333333337
chesca_commitment_full_mesh,170,3,6,4,5.613126216636658,5.9571262166366585,0.3440000000000003,6.2218403816223145,-0.2554872897497677,90,0.0,4.0,0.0,3.469446951953614e-18,0.0,0.10000000000000002,3.469446951953614e-18,3.469446951953614e-18,0.19333333333333336
chesca_commitment_full_mesh,171,4,6,5,5.734673744269989,6.260857018885884,0.526183274615895,6.191677093505859,-0.106493923313713,90,0.0,5.0,0.0,3.469446951953614e-18,0.0,0.14,0.0,0.0,0.21000000000000005
chesca_commitment_full_mesh,172,5,6,3,4.586453255135891,4.760592682581043,0.17413942744515243,6.191677093505859,-0.2512990041711104,90,0.0,3.0,0.0,0.0,0.0,0.06000000000000001,0.0,0.0,0.2166666666666667
chesca_commitment_full_mesh,173,6,6,0,5.566947569109136,5.566947569109136,0.0,6.13948392868042,-0.04195013838289385,90,0.0,0.0,0.0,0.0,0.0,0.0,0.0,0.0,0.2166666666666667
chesca_commitment_full_mesh,174,7,6,1,4.168731520140891,4.207170835492099,0.038439315351207703,6.074390411376953,-0.12343708221158746,90,0.0,1.0,0.0,0.0,0.0,0.02,0.0,0.0,0.21
chesca_commitment_full_mesh,175,8,6,3,4.40656974436755,4.598103287867583,0.19153354350003315,6.074390411376953,-0.16241925922669762,90,0.0,3.0,0.0,0.0,0.0,0.06,0.0,0.0,0.22
chesca_commitment_full_mesh,176,9,6,0,4.051425290346827,4.051425290346827,0.0,6.055777072906494,-0.22306681488301755,90,0.0,0.0,0.0,0.0,0.0,0.0,0.0,0.0,0.19999999999999998
chesca_commitment_full_mesh,177,10,6,0,3.832152703257848,3.8321527032578477,-4.440892098500626e-16,6.055777072906494,-0.016886631294651552,90,0.0,0.0,0.0,0.0,0.0,0.0,0.0,0.0,0.19999999999999998
chesca_commitment_full_mesh,178,11,6,5,1.8762836373377485,2.207687514127736,0.3314038767899874,6.0438408851623535,-0.15998514180713747,90,0.0,5.0,0.0,0.0,0.0,0.10000000000000002,0.0,0.0,0.19333333333333336
chesca_commitment_full_mesh,179,12,6,0,1.8213900038666866,1.8213900038666866,0.0,6.0438408851623535,-0.024040076006461686,90,0.0,0.0,0.0,0.0,0.0,0.0,0.0,0.0,0.15666666666666668
chesca_commitment_full_mesh,180,13,6,0,2.7136489906268375,2.7136489906268375,0.0,6.0438408851623535,0.07393337064638426,90,0.0,0.0,0.0,0.0,0.0,0.0,0.0,0.0,0.15666666666666668
chesca_commitment_full_mesh,181,14,6,6,3.8572193950901137,2.9812193950901142,-0.8759999999999994,6.0438408851623535,0.13987545161120601,90,6.0,0.0,0.24000000000000002,0.0,0.24000000000000002,0.0,0.24000000000000002,0.04000000000000001,0.19666666666666666
chesca_commitment_full_mesh,182,15,6,0,4.509860521762774,4.509860521762774,0.0,6.0438408851623535,0.20917571008584454,90,0.0,0.0,0.0,0.0,0.0,0.0,0.24000000000000002,0.04000000000000001,0.19666666666666666
chesca_commitment_full_mesh,183,16,6,0,4.8258232501236815,4.825823250123681,-8.881784197001252e-16,6.0438408851623535,0.5070242723877475,90,0.0,0.0,0.0,0.0,0.0,0.0,0.24000000000000002,0.04000000000000001,0.19333333333333336
chesca_commitment_full_mesh,184,17,6,0,5.617527139441117,5.617527139441118,8.881784197001252e-16,6.031238555908203,0.554598569371608,90,0.0,0.0,0.0,0.0,0.0,0.0,0.24000000000000002,0.04000000000000001,0.18000000000000002
chesca_commitment_full_mesh,185,18,6,1,6.746718370895015,6.746718370895014,-8.881784197001252e-16,6.025357246398926,0.703822639726867,90,0.0,1.0,0.0,0.04000000000000001,0.0,0.04000000000000001,0.2,0.04,0.18666666666666668
chesca_commitment_full_mesh,186,19,6,0,6.571862353851092,6.571862353851092,0.0,6.025357246398926,0.2238666925883833,90,0.0,0.0,0.0,0.0,0.0,0.0,0.2,0.04,0.17000000000000004
chesca_commitment_full_mesh,187,20,6,5,7.970045812724411,8.714045812724411,0.7439999999999998,6.025357246398926,-0.23524567497794702,90,0.0,5.0,0.0,0.2,0.0,0.2,0.0,0.0,0.20333333333333334
chesca_commitment_full_mesh,188,21,6,4,7.801159766365089,7.429159766365089,-0.3719999999999999,6.025357246398926,0.2600540849513221,90,4.0,0.0,0.10000000000000002,0.0,0.10000000000000002,0.0,0.10000000000000002,0.04000000000000001,0.20000000000000004
chesca_commitment_full_mesh,189,22,6,2,6.839016272304545,6.707016272304545,-0.13200000000000056,6.025357246398926,0.17941763006011835,90,2.0,0.0,0.04000000000000001,0.0,0.04000000000000001,0.0,0.14,0.04000000000000001,0.20666666666666667
chesca_commitment_full_mesh,190,23,6,0,6.640998788861557,6.640998788861557,0.0,6.00744104385376,0.2083854648524618,90,0.0,0.0,0.0,0.0,0.0,0.0,0.14,0.04000000000000001,0.20666666666666667
chesca_commitment_full_mesh,191,24,6,0,7.190790244859691,7.190790244859691,0.0,6.00744104385376,0.3323802546938181,90,0.0,0.0,0.0,0.0,0.0,0.0,0.14,0.04000000000000001,0.18666666666666668
chesca_commitment_full_mesh,192,1,6,0,7.599741224270595,7.599741224270595,0.0,6.00744104385376,0.3854723099283636,90,0.0,0.0,0.0,0.0,0.0,0.0,0.14,0.04000000000000001,0.18666666666666668
chesca_commitment_full_mesh,193,2,6,6,6.452045735516212,7.196045735516213,0.7440000000000007,6.025357246398926,-0.1532925641760474,90,0.0,6.0,0.0,0.14,0.0,0.20000000000000004,0.0,0.0,0.21666666666666667
chesca_commitment_full_mesh,194,3,6,6,4.7489664666835,5.405667698900075,0.6567012322165748,6.031238555908203,-0.8067798008240004,90,0.0,6.0,0.0,0.0,0.0,0.18000000000000005,0.0,0.0,0.23
chesca_commitment_full_mesh,195,4,6,1,4.421566817951702,4.487566817951702,0.06599999999999984,6.031238555908203,-0.21581622175015708,90,0.0,1.0,0.0,0.0,0.0,0.020000000000000004,0.0,0.0,0.21
chesca_commitment_full_mesh,196,5,6,0,4.9136602839548384,4.913660283954839,8.881784197001252e-16,6.031238555908203,-0.0738412156747783,90,0.0,0.0,0.0,0.0,0.0,0.0,0.0,0.0,0.20000000000000004
chesca_commitment_full_mesh,197,6,6,0,5.085092873365145,5.085092873365145,0.0,6.031238555908203,-0.01090343375401815,90,0.0,0.0,0.0,0.0,0.0,0.0,0.0,0.0,0.20000000000000004
chesca_commitment_full_mesh,198,7,6,4,4.446179912879502,4.76102308077774,0.3148431678982382,6.031238555908203,-0.0978809472214572,90,0.0,4.0,0.0,0.0,0.0,0.1,0.0,0.0,0.21333333333333335
chesca_commitment_full_mesh,199,8,6,1,3.2829414150713827,3.317370103849349,0.03442868877796634,6.031238555908203,-0.1405093266314244,90,0.0,1.0,0.0,0.0,0.0,0.02,0.0,0.0,0.20666666666666667
chesca_commitment_full_mesh,200,9,6,4,5.241314769174206,4.949314769174205,-0.2920000000000007,6.031238555908203,0.21239484999021319,90,4.0,0.0,0.08000000000000002,0.0,0.08000000000000002,0.0,0.08000000000000002,0.020000000000000004,0.22
chesca_commitment_full_mesh,201,10,6,4,3.3936047673109653,3.6236806894355627,0.23007592212459738,6.031238555908203,-0.13982137962755453,90,0.0,4.0,0.0,0.08,0.0,0.08000000000000002,3.469446951953614e-18,3.469446951953614e-18,0.23333333333333336
chesca_commitment_full_mesh,202,11,6,0,3.7507910824733464,3.750791082473346,-4.440892098500626e-16,6.031238555908203,0.09438566825471806,90,0.0,0.0,0.0,0.0,0.0,0.0,3.469446951953614e-18,3.469446951953614e-18,0.21666666666666667
chesca_commitment_full_mesh,203,12,6,2,3.281509558162938,3.135509558162938,-0.1459999999999999,6.031238555908203,0.11957549483883576,90,2.0,0.0,0.04000000000000001,0.0,0.04000000000000001,0.0,0.04000000000000001,0.020000000000000004,0.22333333333333336
chesca_commitment_full_mesh,204,13,6,0,4.8868184450546694,4.8868184450546694,0.0,6.031238555908203,0.25512799325615854,90,0.0,0.0,0.0,0.0,0.0,0.0,0.04000000000000001,0.020000000000000004,0.22333333333333336
chesca_commitment_full_mesh,205,14,6,5,5.261301725137125,5.633301725137125,0.3719999999999999,6.031238555908203,-0.3769023169963214,90,0.0,5.0,0.0,0.04000000000000001,0.0,0.10000000000000002,3.469446951953614e-18,3.469446951953614e-18,0.20000000000000004
chesca_commitment_full_mesh,206,15,6,6,6.369025265946712,5.931025265946713,-0.4379999999999997,6.031238555908203,0.1471777219310138,90,6.0,0.0,0.12000000000000001,0.0,0.12000000000000001,0.0,0.12000000000000001,0.020000000000000007,0.22
chesca_commitment_full_mesh,207,16,6,6,6.816626843831654,6.378626843831653,-0.4380000000000006,6.031238555908203,0.8400997327097126,90,6.0,0.0,0.12000000000000001,0.0,0.12000000000000001,0.0,0.24000000000000002,0.04000000000000001,0.24000000000000002
chesca_commitment_full_mesh,208,17,6,6,9.954707396711507,9.276707396711506,-0.6780000000000008,6.031238555908203,1.8317760448961888,90,6.0,0.0,0.18,0.0,0.18,0.0,0.42,0.08000000000000002,0.27
chesca_commitment_full_mesh,209,18,6,0,9.539454627920358,9.539454627920358,0.0,6.04904317855835,1.1229874155607498,90,0.0,0.0,0.0,0.0,0.0,0.0,0.42,0.08000000000000002,0.26333333333333336
chesca_commitment_full_mesh,210,19,6,0,11.027320457399773,11.027320457399773,0.0,6.04904317855835,1.5572879392994785,90,0.0,0.0,0.0,0.0,0.0,0.0,0.42,0.08000000000000002,0.26333333333333336
chesca_commitment_full_mesh,211,20,6,0,10.85522986628622,10.85522986628622,0.0,6.04904317855835,1.3956931536776513,90,0.0,0.0,0.0,0.0,0.0,0.0,0.42,0.08000000000000002,0.23
chesca_commitment_full_mesh,212,21,6,0,9.236989178557536,9.236989178557536,0.0,6.04904317855835,0.8784910806217536,90,0.0,0.0,0.0,0.0,0.0,0.0,0.42,0.08000000000000002,0.21333333333333337
chesca_commitment_full_mesh,213,22,6,0,7.193486802468501,7.193486802468501,0.0,6.074390411376953,0.17310173368965948,90,0.0,0.0,0.0,0.0,0.0,0.0,0.42,0.08000000000000002,0.2066666666666667
chesca_commitment_full_mesh,214,23,6,0,9.354907636708326,9.354907636708326,0.0,6.074390411376953,1.0708757512378462,90,0.0,0.0,0.0,0.0,0.0,0.0,0.42,0.08000000000000002,0.2066666666666667
chesca_commitment_full_mesh,215,24,6,0,8.329928957310894,8.329928957310894,0.0,6.074390411376953,0.5909881882484231,90,0.0,0.0,0.0,0.0,0.0,0.0,0.42,0.08000000000000002,0.2066666666666667
chesca_commitment_full_mesh,216,1,6,0,7.930156696448542,7.930156696448542,0.0,6.074390411376953,0.4461346943773833,90,0.0,0.0,0.0,0.0,0.0,0.0,0.42,0.08000000000000002,0.2066666666666667
chesca_commitment_full_mesh,217,2,6,0,6.927543942377635,6.927543942377634,-8.881784197001252e-16,6.13948392868042,0.05464019443927781,90,0.0,0.0,0.0,0.0,0.0,0.0,0.42,0.08000000000000002,0.17333333333333334
chesca_commitment_full_mesh,218,3,6,0,6.85706882844139,6.85706882844139,0.0,6.191677093505859,0.12589827171604606,90,0.0,0.0,0.0,0.0,0.0,0.0,0.42,0.08000000000000002,0.14333333333333334
chesca_commitment_full_mesh,219,4,6,6,6.142633764332074,7.018633764332074,0.8760000000000003,6.2218403816223145,-0.1599217710076911,90,0.0,6.0,0.0,0.24000000000000005,0.0,0.24000000000000005,0.18,0.04000000000000001,0.18000000000000002
chesca_commitment_full_mesh,220,5,6,6,4.811029610985033,5.616591644496312,0.8055620335112792,6.319121360778809,-0.2589299935479961,90,0.0,6.0,0.0,0.18,0.0,0.22000000000000003,1.3877787807814457e-17,6.938893903907228e-18,0.21666666666666667
chesca_commitment_full_mesh,221,6,6,0,5.296601489492035,5.296601489492034,-8.881784197001252e-16,6.319121360778809,-0.043036407586033804,90,0.0,0.0,0.0,0.0,0.0,0.0,1.3877787807814457e-17,6.938893903907228e-18,0.21666666666666667
chesca_commitment_full_mesh,222,7,6,0,3.959675372037004,3.9596753720370037,-4.440892098500626e-16,6.319121360778809,0.012518382832087616,90,0.0,0.0,0.0,0.0,0.0,0.0,1.3877787807814457e-17,6.938893903907228e-18,0.19999999999999998
chesca_commitment_full_mesh,223,8,6,0,4.522769926383598,4.522769926383598,0.0,6.319121360778809,-0.015649560648264185,90,0.0,0.0,0.0,0.0,0.0,0.0,1.3877787807814457e-17,6.938893903907228e-18,0.19666666666666666
chesca_commitment_full_mesh,224,9,6,6,3.2776923960410946,3.718968703695304,0.44127630765420944,6.415008068084717,-0.4967943915494934,90,0.0,6.0,0.0,1.3877787807814457e-17,0.0,0.14,0.0,0.0,0.2066666666666667
chesca_commitment_full_mesh,225,10,6,0,2.8385106637139765,2.8385106637139765,0.0,6.415008068084717,0.05461934173714948,90,0.0,0.0,0.0,0.0,0.0,0.0,0.0,0.0,0.19333333333333336
chesca_commitment_full_mesh,226,11,6,5,2.6332344051413727,2.143234405141372,-0.49000000000000066,6.415008068084717,0.1538069093187332,90,5.0,0.0,0.14,0.0,0.14,0.0,0.14,0.04,0.21666666666666667
chesca_commitment_full_mesh,227,12,6,0,3.4888112887638307,3.4888112887638307,0.0,6.415008068084717,0.3072546525731939,90,0.0,0.0,0.0,0.0,0.0,0.0,0.14,0.04,0.21
chesca_commitment_full_mesh,228,13,6,2,4.42057864041263,4.340578640412631,-0.07999999999999918,6.319121360778809,0.3590343394702923,90,1.0,1.0,0.020000000000000004,0.02,0.020000000000000004,0.03999999999999998,0.14,0.04,0.22
chesca_commitment_full_mesh,229,14,6,5,4.8190273937132,5.194396790988373,0.3753693972751728,6.319121360778809,-0.19747170562850522,90,0.0,5.0,0.0,0.14,0.0,0.14,3.469446951953614e-18,3.469446951953614e-18,0.22666666666666668
chesca_commitment_full_mesh,230,15,6,0,5.333265584743536,5.333265584743536,0.0,6.2218403816223145,0.0739584031289126,90,0.0,0.0,0.0,0.0,0.0,0.0,3.469446951953614e-18,3.469446951953614e-18,0.20666666666666667
chesca_commitment_full_mesh,231,16,6,6,5.577420033757541,5.139420033757541,-0.4379999999999997,6.191677093505859,0.4220969022922691,90,6.0,0.0,0.12000000000000001,0.0,0.12000000000000001,0.0,0.12000000000000001,0.020000000000000007,0.20666666666666667
chesca_commitment_full_mesh,232,17,6,6,8.129106464382371,8.524535095019568,0.3954286306371966,6.2218403816223145,0.0036485544592872545,90,0.0,6.0,0.0,0.12000000000000001,0.0,0.12000000000000002,6.938893903907228e-18,3.469446951953614e-18,0.19666666666666666
chesca_commitment_full_mesh,233,18,6,6,8.288958015833398,7.610958015833397,-0.6780000000000008,6.319121360778809,0.6901242391340068,90,5.0,1.0,0.18000000000000005,0.0,0.18000000000000005,0.04000000000000001,0.18000000000000005,0.04000000000000001,0.23333333333333336
chesca_commitment_full_mesh,234,19,6,1,9.6690172908015,9.6030172908015,-0.06600000000000072,6.319121360778809,1.09298521891713,90,1.0,0.0,0.01999999999999999,0.0,0.01999999999999999,0.0,0.20000000000000004,0.04000000000000001,0.2366666666666667
chesca_commitment_full_mesh,235,20,6,0,9.553725160008625,9.553725160008625,0.0,6.415008068084717,0.7686961127424108,90,0.0,0.0,0.0,0.0,0.0,0.0,0.20000000000000004,0.04000000000000001,0.2366666666666667
chesca_commitment_full_mesh,236,21,6,0,8.907371020189531,8.907371020189531,0.0,6.444741725921631,0.648764713043856,90,0.0,0.0,0.0,0.0,0.0,0.0,0.20000000000000004,0.04000000000000001,0.2366666666666667
chesca_commitment_full_mesh,237,22,6,0,8.95106306865157,8.95106306865157,0.0,6.444741725921631,0.7109878230437617,90,0.0,0.0,0.0,0.0,0.0,0.0,0.20000000000000004,0.04000000000000001,0.2366666666666667
chesca_commitment_full_mesh,238,23,6,0,9.797824086882493,9.79782408688249,-1.7763568394002505e-15,6.444741725921631,0.832796585120551,90,0.0,0.0,0.0,0.0,0.0,0.0,0.20000000000000004,0.04000000000000001,0.2366666666666667
chesca_commitment_full_mesh,239,24,6,0,10.728227829753786,10.728227829753786,0.0,6.488386631011963,1.0830978922169694,90,0.0,0.0,0.0,0.0,0.0,0.0,0.20000000000000004,0.04000000000000001,0.2366666666666667
chesca_commitment_full_mesh,240,1,6,0,9.174721514966397,9.174721514966397,0.0,6.52321195602417,0.7045853715811138,90,0.0,0.0,0.0,0.0,0.0,0.0,0.20000000000000004,0.04000000000000001,0.2366666666666667
chesca_commitment_full_mesh,241,2,6,0,8.431601493809042,8.431601493809042,0.0,6.525238990783691,0.3337505900223354,90,0.0,0.0,0.0,0.0,0.0,0.0,0.20000000000000004,0.04000000000000001,0.2366666666666667
chesca_commitment_full_mesh,242,3,6,6,6.718747276139805,7.462747276139804,0.7439999999999989,6.547687530517578,-0.24365430950744396,90,0.0,6.0,0.0,0.2,0.0,0.2,3.469446951953614e-18,3.469446951953614e-18,0.27
chesca_commitment_full_mesh,243,4,6,0,5.012292415171209,5.012292415171209,0.0,6.565720558166504,-0.3859022570106057,90,0.0,0.0,0.0,0.0,0.0,0.0,3.469446951953614e-18,3.469446951953614e-18,0.23
chesca_commitment_full_mesh,244,5,6,0,5.344020486833363,5.344020486833363,0.0,6.547687530517578,-0.13662923044953304,90,0.0,0.0,0.0,0.0,0.0,0.0,3.469446951953614e-18,3.469446951953614e-18,0.19333333333333333
chesca_commitment_full_mesh,245,6,6,4,5.45958597506707,5.958802157689113,0.4992161826220425,6.547687530517578,-0.09416514985758204,90,0.0,4.0,0.0,3.469446951953614e-18,0.0,0.14,0.0,0.0,0.21666666666666667
chesca_commitment_full_mesh,246,7,6,1,4.487691390236591,4.528168563348247,0.04047717311165577,6.547687530517578,-0.19234255726004282,90,0.0,1.0,0.0,0.0,0.0,0.02,0.0,0.0,0.22
chesca_commitment_full_mesh,247,8,6,0,4.413403066795378,4.413403066795378,0.0,6.547687530517578,-0.1610316112785783,90,0.0,0.0,0.0,0.0,0.0,0.0,0.0,0.0,0.22
chesca_commitment_full_mesh,248,9,6,0,4.912778976232258,4.912778976232259,8.881784197001252e-16,6.547687530517578,-0.06219230998943323,90,0.0,0.0,0.0,0.0,0.0,0.0,0.0,0.0,0.19666666666666666
chesca_commitment_full_mesh,249,10,6,6,3.1903023901112073,3.5784116099007117,0.3881092197895044,6.565720558166504,-0.5331464232651086,90,0.0,6.0,0.0,0.0,0.0,0.14,0.0,0.0,0.22
chesca_commitment_full_mesh,250,11,6,0,0.6865006881496118,0.6865006881496118,0.0,6.565720558166504,-0.2662927270088209,90,0.0,0.0,0.0,0.0,0.0,0.0,0.0,0.0,0.19666666666666666
chesca_commitment_full_mesh,251,12,6,0,0.3141140627207928,0.31411406272079273,-5.551115123125783e-17,6.565720558166504,0.0413913826964482,90,0.0,0.0,0.0,0.0,0.0,0.0,0.0,0.0,0.19666666666666666
chesca_commitment_full_mesh,252,13,6,5,2.9431107706627775,2.4531107706627777,-0.48999999999999977,6.565720558166504,0.11018441659607967,90,5.0,0.0,0.14,0.0,0.14,0.0,0.14,0.04,0.21
chesca_commitment_full_mesh,253,14,6,1,3.237607094787135,3.1576070947871355,-0.07999999999999963,6.565720558166504,0.3244434139398644,90,1.0,0.0,0.020000000000000004,0.0,0.020000000000000004,0.0,0.16,0.04,0.18999999999999997
chesca_commitment_full_mesh,254,15,6,6,4.3880715536092945,4.696136427643422,0.30806487403412763,6.5773844718933105,-0.21329065396180186,90,0.0,6.0,0.0,0.16,0.0,0.16,6.938893903907228e-18,3.469446951953614e-18,0.21666666666666667
chesca_commitment_full_mesh,255,16,6,5,9.196854079657657,8.584854079657656,-0.6120000000000001,6.5773844718933105,1.413526592840486,90,4.0,1.0,0.16000000000000003,0.0,0.16000000000000003,0.03999999999999998,0.16000000000000003,0.04000000000000001,0.23
chesca_commitment_full_mesh,256,17,6,4,7.3461946748885065,7.718194674888506,0.3719999999999999,6.63423490524292,-0.05484089204995808,90,0.0,4.0,0.0,0.10000000000000002,0.0,0.10000000000000002,0.06000000000000001,0.020000000000000007,0.22666666666666668
chesca_commitment_full_mesh,257,18,6,3,8.424188035806406,8.094188035806406,-0.33000000000000007,6.63423490524292,0.948086911044562,90,3.0,0.0,0.10000000000000002,0.0,0.10000000000000002,0.0,0.16000000000000003,0.04000000000000001,0.20666666666666667
chesca_commitment_full_mesh,258,19,6,6,12.337014355254043,11.527014355254044,-0.8099999999999987,6.70948600769043,1.7293777828264765,90,6.0,0.0,0.22000000000000003,0.0,0.22000000000000003,0.0,0.38000000000000006,0.08000000000000002,0.24000000000000002
chesca_commitment_full_mesh,259,20,6,0,11.181550061809084,11.181550061809084,0.0,6.70948600769043,1.3919538604301065,90,0.0,0.0,0.0,0.0,0.0,0.0,0.38000000000000006,0.08000000000000002,0.24000000000000002
chesca_commitment_full_mesh,260,21,6,0,9.82892443404253,9.82892443404253,0.0,6.70948600769043,0.838471048698987,90,0.0,0.0,0.0,0.0,0.0,0.0,0.38000000000000006,0.08000000000000002,0.24000000000000002
chesca_commitment_full_mesh,261,22,6,6,8.189386308500485,9.065386308500484,0.8759999999999994,6.70948600769043,-0.13256496037876686,90,0.0,6.0,0.0,0.24000000000000002,0.0,0.24000000000000002,0.14000000000000004,0.040000000000000015,0.28
chesca_commitment_full_mesh,262,23,6,0,8.944543100190002,8.944543100190002,0.0,6.70948600769043,0.6979787842460591,90,0.0,0.0,0.0,0.0,0.0,0.0,0.14000000000000004,0.040000000000000015,0.28
chesca_commitment_full_mesh,263,24,6,0,9.613183316679475,9.613183316679475,0.0,6.770686626434326,0.7719214013046907,90,0.0,0.0,0.0,0.0,0.0,0.0,0.14000000000000004,0.040000000000000015,0.28
chesca_commitment_full_mesh,264,1,6,0,8.779363624553552,8.779363624553552,0.0,6.836557865142822,0.3927171971155814,90,0.0,0.0,0.0,0.0,0.0,0.0,0.14000000000000004,0.040000000000000015,0.28
chesca_commitment_full_mesh,265,2,6,0,8.230260679807003,8.230260679807003,0.0,6.874843597412109,0.2865938632963906,90,0.0,0.0,0.0,0.0,0.0,0.0,0.14000000000000004,0.040000000000000015,0.28
chesca_commitment_full_mesh,266,3,6,6,6.16732629894079,6.671326298940792,0.5040000000000013,6.89419412612915,-0.17236778545201265,90,0.0,6.0,0.0,0.14,0.0,0.14,4.163336342344337e-17,1.3877787807814457e-17,0.27
chesca_commitment_full_mesh,267,4,6,0,5.2852919259893625,5.285291925989363,8.881784197001252e-16,6.89419412612915,-0.17569550384791355,90,0.0,0.0,0.0,0.0,0.0,0.0,4.163336342344337e-17,1.3877787807814457e-17,0.27
chesca_commitment_full_mesh,268,5,6,0,4.862826077881204,4.862826077881203,-8.881784197001252e-16,6.89419412612915,-0.09007752421151839,90,0.0,0.0,0.0,0.0,0.0,0.0,4.163336342344337e-17,1.3877787807814457e-17,0.27
chesca_commitment_full_mesh,269,6,6,0,5.175955957240654,5.175955957240654,0.0,6.89419412612915,-0.011718998085675073,90,0.0,0.0,0.0,0.0,0.0,0.0,4.163336342344337e-17,1.3877787807814457e-17,0.2466666666666667
chesca_commitment_full_mesh,270,7,6,0,4.243114779153258,4.243114779153258,0.0,6.89419412612915,0.004417472619640938,90,0.0,0.0,0.0,0.0,0.0,0.0,4.163336342344337e-17,1.3877787807814457e-17,0.24333333333333337
chesca_commitment_full_mesh,271,8,6,0,3.9398838679110244,3.939883867911024,-4.440892098500626e-16,6.89419412612915,0.07519338303309908,90,0.0,0.0,0.0,0.0,0.0,0.0,4.163336342344337e-17,1.3877787807814457e-17,0.24333333333333337
chesca_commitment_full_mesh,272,9,6,0,2.3855230019822495,2.3855230019822495,0.0,6.89419412612915,0.09097048375567052,90,0.0,0.0,0.0,0.0,0.0,0.0,4.163336342344337e-17,1.3877787807814457e-17,0.24333333333333337
chesca_commitment_full_mesh,273,10,6,1,4.876762461596691,4.876762461596691,0.0,6.89419412612915,0.2754202415511403,90,0.0,1.0,0.0,6.938893903907228e-18,0.0,0.03999999999999998,3.469446951953614e-17,1.3877787807814457e-17,0.22666666666666668
chesca_commitment_full_mesh,274,11,6,0,2.511938858068382,2.5119388580683824,4.440892098500626e-16,6.89419412612915,-0.011849767979893108,90,0.0,0.0,0.0,0.0,0.0,0.0,3.469446951953614e-17,1.3877787807814457e-17,0.22666666666666668
chesca_commitment_full_mesh,275,12,6,3,2.884716711505522,2.6447167115055215,-0.24000000000000066,6.89419412612915,0.11087789521098843,90,3.0,0.0,0.06000000000000001,0.0,0.06000000000000001,0.0,0.060000000000000046,0.02000000000000001,0.2366666666666667
chesca_commitment_full_mesh,276,13,6,0,4.749533268629256,4.749533268629256,0.0,6.89419412612915,0.4262216100905286,90,0.0,0.0,0.0,0.0,0.0,0.0,0.060000000000000046,0.02000000000000001,0.21333333333333335
chesca_commitment_full_mesh,277,14,6,1,3.646136150043036,3.580136150043036,-0.06599999999999984,6.89419412612915,0.271645855819201,90,1.0,0.0,0.02,0.0,0.02,0.0,0.08000000000000004,0.02000000000000001,0.21333333333333335
chesca_commitment_full_mesh,278,15,6,0,3.742346135819416,3.7423461358194166,4.440892098500626e-16,6.89419412612915,0.2673769772785698,90,0.0,0.0,0.0,0.0,0.0,0.0,0.08000000000000004,0.02000000000000001,0.18666666666666668
chesca_commitment_full_mesh,279,16,6,3,7.672876806345078,7.540876806345078,-0.13200000000000056,6.89419412612915,0.473521537897261,90,2.0,1.0,0.04000000000000001,0.020000000000000007,0.04000000000000001,0.03999999999999998,0.10000000000000003,0.020000000000000014,0.16666666666666666
chesca_commitment_full_mesh,280,17,6,5,7.3908507642403976,7.748850764240398,0.35800000000000054,6.89419412612915,-0.030730106982992042,90,0.0,5.0,0.0,0.10000000000000002,0.0,0.10000000000000002,3.122502256758253e-17,1.3877787807814457e-17,0.16666666666666666
chesca_commitment_full_mesh,281,18,6,6,10.49899341910341,9.622993419103409,-0.8760000000000012,6.914859294891357,0.8773369688118474,90,6.0,0.0,0.24,0.0,0.24,0.0,0.24000000000000002,0.04000000000000002,0.19000000000000003
chesca_commitment_full_mesh,282,19,6,6,13.09964752511275,12.22364752511275,-0.8760000000000012,6.934140205383301,1.8065938096977574,90,6.0,0.0,0.24000000000000005,0.0,0.24000000000000005,0.0,0.4800000000000001,0.08000000000000003,0.19333333333333336
chesca_commitment_full_mesh,283,20,6,0,10.914920698600106,10.914920698600106,0.0,6.934140205383301,1.0119532737122054,90,0.0,0.0,0.0,0.0,0.0,0.0,0.4800000000000001,0.08000000000000003,0.19333333333333336
chesca_commitment_full_mesh,284,21,6,0,11.283540964570461,11.283540964570461,0.0,6.934140205383301,1.012065411639187,90,0.0,0.0,0.0,0.0,0.0,0.0,0.4800000000000001,0.08000000000000003,0.19333333333333336
chesca_commitment_full_mesh,285,22,6,0,10.76199326537285,10.76199326537285,0.0,6.982502460479736,0.5839740365003896,90,0.0,0.0,0.0,0.0,0.0,0.0,0.4800000000000001,0.08000000000000003,0.15333333333333335
chesca_commitment_full_mesh,286,23,6,6,10.19771864618238,11.07371864618238,0.8759999999999994,7.089648246765137,0.011647218947641064,90,0.0,6.0,0.0,0.24000000000000005,0.0,0.24000000000000005,0.24000000000000002,0.04000000000000002,0.19333333333333336
chesca_commitment_full_mesh,287,24,6,0,9.005562918660853,9.005562918660853,0.0,7.160322189331055,0.37395189592557293,90,0.0,0.0,0.0,0.0,0.0,0.0,0.24000000000000002,0.04000000000000002,0.19333333333333336
chesca_commitment_full_mesh,288,1,6,0,7.907854627501003,7.907854627501003,0.0,7.198720932006836,0.10888887357588531,90,0.0,0.0,0.0,0.0,0.0,0.0,0.24000000000000002,0.04000000000000002,0.19333333333333336
chesca_commitment_full_mesh,289,2,6,0,7.95365629386306,7.95365629386306,0.0,7.321946144104004,0.19490614801584746,90,0.0,0.0,0.0,0.0,0.0,0.0,0.24000000000000002,0.04000000000000002,0.19333333333333336
chesca_commitment_full_mesh,290,3,6,6,7.1172309510815985,7.927230951081599,0.8100000000000005,7.446618556976318,-0.0178037124901083,90,0.0,6.0,0.0,0.22,0.0,0.22000000000000003,0.01999999999999999,0.019999999999999976,0.20666666666666667
chesca_commitment_full_mesh,291,4,6,1,6.54901860088898,6.61501860088898,0.06600000000000072,7.5623250007629395,-0.010431931530960184,90,0.0,1.0,0.0,0.019999999999999976,0.0,0.020000000000000004,1.3877787807814457e-17,1.3877787807814457e-17,0.21
chesca_commitment_full_mesh,292,5,6,0,5.193206790479812,5.193206790479812,0.0,7.5623250007629395,0.04062474529961836,90,0.0,0.0,0.0,0.0,0.0,0.0,1.3877787807814457e-17,1.3877787807814457e-17,0.21
chesca_commitment_full_mesh,293,6,6,4,5.765781125184386,5.473781125184386,-0.2919999999999998,7.5623250007629395,0.1658861378813427,90,4.0,0.0,0.08000000000000002,0.0,0.08000000000000002,0.0,0.08000000000000003,0.020000000000000018,0.22333333333333336
chesca_commitment_full_mesh,294,7,6,0,5.299953302926341,5.299953302926341,0.0,7.446618556976318,0.27155808962006844,90,0.0,0.0,0.0,0.0,0.0,0.0,0.08000000000000003,0.020000000000000018,0.22333333333333336
chesca_commitment_full_mesh,295,8,6,0,4.002516750106281,4.002516750106281,0.0,7.446618556976318,0.09968755994092758,90,0.0,0.0,0.0,0.0,0.0,0.0,0.08000000000000003,0.020000000000000018,0.22333333333333336
chesca_commitment_full_mesh,296,9,6,0,2.5891293517457896,2.5891293517457896,0.0,7.446618556976318,0.1469900433286702,90,0.0,0.0,0.0,0.0,0.0,0.0,0.08000000000000003,0.020000000000000018,0.22333333333333336
chesca_commitment_full_mesh,297,10,6,0,1.8133126106601454,1.8133126106601454,0.0,7.446618556976318,0.25684060960177174,90,0.0,0.0,0.0,0.0,0.0,0.0,0.08000000000000003,0.020000000000000018,0.21666666666666667
chesca_commitment_full_mesh,298,11,6,1,2.2503267689148476,2.184326768914847,-0.06600000000000072,7.446618556976318,0.17192034591167052,90,1.0,0.0,0.02,0.0,0.02,0.0,0.10000000000000003,0.020000000000000018,0.22
chesca_commitment_full_mesh,299,12,6,1,4.578698624893298,4.498698624893297,-0.08000000000000096,7.446618556976318,0.44518795974723757,90,1.0,0.0,0.02,0.0,0.02,0.0,0.12000000000000002,0.020000000000000018,0.21333333333333335
chesca_commitment_full_mesh,300,13,6,0,5.23744593499059,5.23744593499059,0.0,7.446618556976318,0.10825130429098787,90,0.0,0.0,0.0,0.0,0.0,0.0,0.12000000000000002,0.020000000000000018,0.21333333333333335
chesca_commitment_full_mesh,301,14,6,0,4.408967762517653,4.408967762517653,0.0,7.446618556976318,0.2681943943485742,90,0.0,0.0,0.0,0.0,0.0,0.0,0.12000000000000002,0.020000000000000018,0.21
chesca_commitment_full_mesh,302,15,6,0,6.05185698013228,6.05185698013228,0.0,7.321946144104004,0.2477111994844067,90,0.0,0.0,0.0,0.0,0.0,0.0,0.12000000000000002,0.020000000000000018,0.21
chesca_commitment_full_mesh,303,16,6,0,8.084237788101378,8.084237788101378,0.0,7.321946144104004,0.5433370734733071,90,0.0,0.0,0.0,0.0,0.0,0.0,0.12000000000000002,0.020000000000000018,0.19666666666666666
chesca_commitment_full_mesh,304,17,6,6,11.177378302888696,10.301378302888697,-0.8759999999999994,7.321946144104004,1.2681625999142805,90,6.0,0.0,0.24000000000000005,0.0,0.24000000000000005,0.0,0.36000000000000004,0.060000000000000026,0.22
chesca_commitment_full_mesh,305,18,6,0,10.18069357509507,10.18069357509507,0.0,7.446618556976318,1.0004289911374586,90,0.0,0.0,0.0,0.0,0.0,0.0,0.36000000000000004,0.060000000000000026,0.18000000000000002
chesca_commitment_full_mesh,306,19,6,3,12.291420333941025,11.811420333941024,-0.4800000000000004,7.5623250007629395,1.539439499736794,90,3.0,0.0,0.12,0.0,0.12,0.0,0.48000000000000004,0.1,0.16
chesca_commitment_full_mesh,307,20,6,0,13.413804304952032,13.413804304952032,0.0,7.628600120544434,1.5240625213468357,90,0.0,0.0,0.0,0.0,0.0,0.0,0.48000000000000004,0.1,0.16
chesca_commitment_full_mesh,308,21,6,0,9.39289675495791,9.392896754957912,1.7763568394002505e-15,7.628600120544434,0.3876129209296164,90,0.0,0.0,0.0,0.0,0.0,0.0,0.48000000000000004,0.1,0.16
chesca_commitment_full_mesh,309,22,6,0,7.848775193519653,7.848775193519653,0.0,7.643982887268066,0.09919323465132909,90,0.0,0.0,0.0,0.0,0.0,0.0,0.48000000000000004,0.1,0.16
chesca_commitment_full_mesh,310,23,6,0,9.12626099982541,9.12626099982541,0.0,7.643982887268066,0.6599974733342283,90,0.0,0.0,0.0,0.0,0.0,0.0,0.48000000000000004,0.1,0.12000000000000001
chesca_commitment_full_mesh,311,24,6,0,9.238510641102373,9.238510641102373,0.0,7.678473472595215,0.48790303698942195,90,0.0,0.0,0.0,0.0,0.0,0.0,0.48000000000000004,0.1,0.12000000000000001
chesca_commitment_full_mesh,312,1,6,0,8.98732274097656,8.98732274097656,0.0,7.678473472595215,0.40442256934088416,90,0.0,0.0,0.0,0.0,0.0,0.0,0.48000000000000004,0.1,0.12000000000000001
chesca_commitment_full_mesh,313,2,6,0,8.87114113492127,8.87114113492127,0.0,7.699297904968262,0.3720321335950745,90,0.0,0.0,0.0,0.0,0.0,0.0,0.48000000000000004,0.1,0.12000000000000001
chesca_commitment_full_mesh,314,3,6,6,6.2877933133252695,7.16379331332527,0.8760000000000003,7.7188849449157715,-0.025551218447182597,90,0.0,6.0,0.0,0.24000000000000005,0.0,0.24000000000000005,0.24000000000000002,0.06,0.12333333333333335
chesca_commitment_full_mesh,315,4,6,6,5.62584454499501,6.30384454499501,0.6779999999999999,7.7188849449157715,0.03785869019453403,90,0.0,6.0,0.0,0.18000000000000002,0.0,0.18000000000000005,0.06,0.019999999999999997,0.15000000000000002
chesca_commitment_full_mesh,316,5,6,3,5.13957716551458,5.37756953455949,0.2379923690449104,7.7188849449157715,0.029489471476557172,90,0.0,3.0,0.0,0.059999999999999984,0.0,0.06000000000000001,1.3877787807814457e-17,1.3877787807814457e-17,0.16
chesca_commitment_full_mesh,317,6,6,6,4.988472797716344,4.352472797716345,-0.6359999999999992,7.7188849449157715,0.09928249555964064,90,6.0,0.0,0.18000000000000002,0.0,0.18000000000000002,0.0,0.18000000000000002,0.040000000000000015,0.17666666666666667
chesca_commitment_full_mesh,318,7,6,0,5.36194668983112,5.36194668983112,0.0,7.7188849449157715,0.22908008309828634,90,0.0,0.0,0.0,0.0,0.0,0.0,0.18000000000000002,0.040000000000000015,0.17666666666666667
chesca_commitment_full_mesh,319,8,6,5,4.76905740217652,5.090557543085553,0.3215001409090332,7.7188849449157715,0.03249973817313051,90,0.0,5.0,0.0,0.16,0.0,0.16000000000000003,0.02000000000000001,0.020000000000000004,0.20333333333333334
chesca_commitment_full_mesh,320,9,6,2,2.569740208258359,2.781740208258359,0.2120000000000002,7.7188849449157715,-0.09494060071747984,90,0.0,2.0,0.0,0.020000000000000004,0.0,0.060000000000000005,6.938893903907228e-18,6.938893903907228e-18,0.21333333333333335
chesca_commitment_full_mesh,321,10,6,2,3.394137876253768,3.196137876253768,-0.19799999999999995,7.7188849449157715,0.22039120116507954,90,2.0,0.0,0.06,0.0,0.06,0.0,0.06000000000000001,0.04000000000000001,0.22333333333333336
chesca_commitment_full_mesh,322,11,6,0,2.7840718673108826,2.7840718673108826,0.0,7.7188849449157715,0.14031447346399606,90,0.0,0.0,0.0,0.0,0.0,0.0,0.06000000000000001,0.04000000000000001,0.22
chesca_commitment_full_mesh,323,12,6,0,3.8776232667881176,3.8776232667881176,0.0,7.699297904968262,0.1607109262308308,90,0.0,0.0,0.0,0.0,0.0,0.0,0.06000000000000001,0.04000000000000001,0.21666666666666667
chesca_commitment_full_mesh,324,13,6,1,4.1521697364844625,4.189957161528341,0.03778742504387811,7.699297904968262,0.02021526978753453,90,0.0,1.0,0.0,0.02,0.0,0.02,0.04000000000000001,0.04000000000000001,0.22
chesca_commitment_full_mesh,325,14,6,0,4.080637330023107,4.080637330023107,0.0,7.699297904968262,0.1042271043723905,90,0.0,0.0,0.0,0.0,0.0,0.0,0.04000000000000001,0.04000000000000001,0.22
chesca_commitment_full_mesh,326,15,6,3,4.687078686535967,4.447078686535967,-0.2400000000000002,7.699297904968262,0.3391417453750704,90,3.0,0.0,0.06000000000000001,0.0,0.06000000000000001,0.0,0.10000000000000002,0.04000000000000001,0.23
chesca_commitment_full_mesh,327,16,6,2,6.710266489118687,6.578266489118686,-0.13200000000000056,7.699297904968262,0.65104122201207,90,2.0,0.0,0.04000000000000001,0.0,0.04000000000000001,0.0,0.14,0.04000000000000001,0.2366666666666667
chesca_commitment_full_mesh,328,17,6,3,9.663593177705485,9.423593177705484,-0.2400000000000002,7.699297904968262,1.1429542745323085,90,3.0,0.0,0.06,0.0,0.06,0.0,0.2,0.04000000000000001,0.20666666666666667
chesca_commitment_full_mesh,329,18,6,6,14.844710349845526,13.968710349845527,-0.8759999999999994,7.7188849449157715,2.4412965560772344,90,6.0,0.0,0.24000000000000002,0.0,0.24000000000000002,0.0,0.44000000000000006,0.08000000000000002,0.24666666666666667
chesca_commitment_full_mesh,330,19,6,0,13.599707884884818,13.599707884884817,-1.7763568394002505e-15,7.7188849449157715,1.0712506796102397,90,0.0,0.0,0.0,0.0,0.0,0.0,0.44000000000000006,0.08000000000000002,0.22666666666666668
chesca_commitment_full_mesh,331,20,6,0,10.592883968725488,10.592883968725488,0.0,7.7188849449157715,0.5867917985840941,90,0.0,0.0,0.0,0.0,0.0,0.0,0.44000000000000006,0.08000000000000002,0.22666666666666668
chesca_commitment_full_mesh,332,21,6,0,11.449988601174548,11.449988601174546,-1.7763568394002505e-15,7.734546184539795,1.1078000011277327,90,0.0,0.0,0.0,0.0,0.0,0.0,0.44000000000000006,0.08000000000000002,0.22666666666666668
chesca_commitment_full_mesh,333,22,6,0,10.585078785008422,10.58507878500842,-1.7763568394002505e-15,7.734546184539795,0.8499755397819334,90,0.0,0.0,0.0,0.0,0.0,0.0,0.44000000000000006,0.08000000000000002,0.22666666666666668
chesca_commitment_full_mesh,334,23,6,0,11.310379979624605,11.310379979624607,1.7763568394002505e-15,7.737168312072754,1.1708931140495065,90,0.0,0.0,0.0,0.0,0.0,0.0,0.44000000000000006,0.08000000000000002,0.22666666666666668
chesca_commitment_full_mesh,335,24,6,0,9.80541394228555,9.80541394228555,0.0,7.737168312072754,0.5461516472406005,90,0.0,0.0,0.0,0.0,0.0,0.0,0.44000000000000006,0.08000000000000002,0.22666666666666668
chesca_commitment_full_mesh,336,1,6,0,10.331629019131352,10.33162901913135,-1.7763568394002505e-15,7.781918048858643,0.7918191745105548,90,0.0,0.0,0.0,0.0,0.0,0.0,0.44000000000000006,0.08000000000000002,0.22666666666666668
chesca_commitment_full_mesh,337,2,6,0,9.963311095935886,9.963311095935886,0.0,7.891171932220459,0.63904839402749,90,0.0,0.0,0.0,0.0,0.0,0.0,0.44000000000000006,0.08000000000000002,0.22666666666666668
chesca_commitment_full_mesh,338,3,6,0,8.424587676203698,8.424587676203698,0.0,7.9603753089904785,0.15702647908190365,90,0.0,0.0,0.0,0.0,0.0,0.0,0.44000000000000006,0.08000000000000002,0.18666666666666665
chesca_commitment_full_mesh,339,4,6,0,7.185646197467889,7.1856461974678885,-8.881784197001252e-16,7.995386600494385,0.08475966319598202,90,0.0,0.0,0.0,0.0,0.0,0.0,0.44000000000000006,0.08000000000000002,0.1566666666666667
chesca_commitment_full_mesh,340,5,6,0,6.2722617334504465,6.272261733450447,8.881784197001252e-16,7.995386600494385,0.10599219660310394,90,0.0,0.0,0.0,0.0,0.0,0.0,0.44000000000000006,0.08000000000000002,0.1466666666666667
chesca_commitment_full_mesh,341,6,6,6,6.506106879447206,7.382106879447205,0.8759999999999994,8.019329071044922,0.03825297024514912,90,0.0,6.0,0.0,0.24000000000000002,0.0,0.24000000000000002,0.20000000000000007,0.040000000000000015,0.1566666666666667
chesca_commitment_full_mesh,342,7,6,0,5.922422563832404,5.922422563832405,8.881784197001252e-16,8.019329071044922,0.15193130919778508,90,0.0,0.0,0.0,0.0,0.0,0.0,0.20000000000000007,0.040000000000000015,0.1566666666666667
chesca_commitment_full_mesh,343,8,6,6,4.826064701753361,5.5085587386012556,0.6824940368478947,8.019329071044922,-0.01884921027987868,90,0.0,6.0,0.0,0.2,0.0,0.2,3.8163916471489756e-17,1.3877787807814457e-17,0.16333333333333336
chesca_commitment_full_mesh,344,9,6,6,3.4399349331595444,4.1460080825805425,0.7060731494209982,8.037479400634766,-0.3885830175120709,90,0.0,6.0,0.0,3.8163916471489756e-17,0.0,0.22000000000000003,0.0,0.0,0.19000000000000003
chesca_commitment_full_mesh,345,10,6,6,2.414258807773794,2.8390955614234525,0.42483675364965867,8.037479400634766,-0.11088789930013875,90,0.0,6.0,0.0,0.0,0.0,0.14,0.0,0.0,0.20333333333333334
chesca_commitment_full_mesh,346,11,6,4,2.7716323539545167,2.4276323539545173,-0.3439999999999994,8.037479400634766,0.09960907215041837,90,4.0,0.0,0.1,0.0,0.1,0.0,0.1,0.04,0.22
chesca_commitment_full_mesh,347,12,6,0,2.5784164213972156,2.5784164213972156,0.0,8.037479400634766,0.1415091988344566,90,0.0,0.0,0.0,0.0,0.0,0.0,0.1,0.04,0.22
chesca_commitment_full_mesh,348,13,6,0,3.655836048103505,3.6558360481035055,4.440892098500626e-16,8.037479400634766,0.30160582764912003,90,0.0,0.0,0.0,0.0,0.0,0.0,0.1,0.04,0.21666666666666667
chesca_commitment_full_mesh,349,14,6,0,2.8028287385687167,2.8028287385687167,0.0,8.037479400634766,0.18218103473934377,90,0.0,0.0,0.0,0.0,0.0,0.0,0.1,0.04,0.21666666666666667
chesca_commitment_full_mesh,350,15,6,0,3.982602137061458,3.982602137061458,0.0,8.037479400634766,0.239986817038285,90,0.0,0.0,0.0,0.0,0.0,0.0,0.1,0.04,0.20666666666666667
chesca_commitment_full_mesh,351,16,6,3,7.026398306065809,6.626398306065808,-0.40000000000000036,8.037479400634766,0.6409961724038271,90,3.0,0.0,0.10000000000000002,0.0,0.10000000000000002,0.0,0.2,0.04000000000000001,0.21666666666666667
chesca_commitment_full_mesh,352,17,6,2,8.911876109198811,8.779876109198812,-0.13199999999999967,8.037479400634766,0.8985438058898888,90,2.0,0.0,0.04000000000000001,0.0,0.04000000000000001,0.0,0.24000000000000005,0.04000000000000001,0.21333333333333335
chesca_commitment_full_mesh,353,18,6,0,10.028956778023915,10.028956778023915,0.0,8.091145515441895,0.9587161665791739,90,0.0,0.0,0.0,0.0,0.0,0.0,0.24000000000000005,0.04000000000000001,0.17333333333333334
chesca_commitment_full_mesh,354,19,6,3,12.178021447177192,11.698021447177192,-0.4800000000000004,8.133030891418457,1.104068907655041,90,3.0,0.0,0.12000000000000002,0.0,0.12000000000000002,0.0,0.3600000000000001,0.08000000000000002,0.19333333333333336
chesca_commitment_full_mesh,355,20,6,3,13.183851901021228,12.787851901021229,-0.395999999999999,8.133030891418457,1.378584844286764,90,3.0,0.0,0.12000000000000002,0.0,0.12000000000000002,0.0,0.4800000000000001,0.08000000000000002,0.21333333333333335
chesca_commitment_full_mesh,356,21,6,0,11.95358636990865,11.95358636990865,0.0,8.133030891418457,1.0852083567294257,90,0.0,0.0,0.0,0.0,0.0,0.0,0.4800000000000001,0.08000000000000002,0.21333333333333335
chesca_commitment_full_mesh,357,22,6,6,7.949704397651885,8.825704397651885,0.8759999999999994,8.161913871765137,-0.11946828181673536,90,0.0,6.0,0.0,0.24000000000000002,0.0,0.24000000000000002,0.24000000000000007,0.040000000000000015,0.25333333333333335
chesca_commitment_full_mesh,358,23,6,0,10.21425195116117,10.214251951161168,-1.7763568394002505e-15,8.180768966674805,0.7256457131341094,90,0.0,0.0,0.0,0.0,0.0,0.0,0.24000000000000007,0.040000000000000015,0.25333333333333335
chesca_commitment_full_mesh,359,24,6,0,9.42637830252267,9.426378302522672,1.7763568394002505e-15,8.184087753295898,0.35756535838976966,90,0.0,0.0,0.0,0.0,0.0,0.0,0.24000000000000007,0.040000000000000015,0.25333333333333335
chesca_commitment_full_mesh,360,1,6,0,9.605447595893063,9.605447595893063,0.0,8.270210266113281,0.3122963196012237,90,0.0,0.0,0.0,0.0,0.0,0.0,0.24000000000000007,0.040000000000000015,0.25333333333333335
chesca_commitment_full_mesh,361,2,6,0,9.761530364261983,9.761530364261983,0.0,8.363594055175781,0.27627065670336703,90,0.0,0.0,0.0,0.0,0.0,0.0,0.24000000000000007,0.040000000000000015,0.25333333333333335
chesca_commitment_full_mesh,362,3,6,6,7.708376289013343,8.584376289013344,0.8760000000000003,8.363594055175781,-0.1223615813168205,90,0.0,6.0,0.0,0.24000000000000005,0.0,0.24000000000000005,4.163336342344337e-17,6.938893903907228e-18,0.2933333333333334
chesca_commitment_full_mesh,363,4,6,0,5.475678672803268,5.475678672803268,0.0,8.363594055175781,-0.3440802784588348,90,0.0,0.0,0.0,0.0,0.0,0.0,4.163336342344337e-17,6.938893903907228e-18,0.2933333333333334
chesca_commitment_full_mesh,364,5,6,0,5.2284213992088295,5.2284213992088295,0.0,8.363594055175781,-0.07561198278629475,90,0.0,0.0,0.0,0.0,0.0,0.0,4.163336342344337e-17,6.938893903907228e-18,0.2933333333333334
chesca_commitment_full_mesh,365,6,6,0,5.6981621712378265,5.6981621712378265,0.0,8.363594055175781,0.04502097697074538,90,0.0,0.0,0.0,0.0,0.0,0.0,4.163336342344337e-17,6.938893903907228e-18,0.25333333333333335
chesca_commitment_full_mesh,366,7,6,0,4.4081302142489855,4.4081302142489855,0.0,8.363594055175781,-0.0006922025663231718,90,0.0,0.0,0.0,0.0,0.0,0.0,4.163336342344337e-17,6.938893903907228e-18,0.25333333333333335
chesca_commitment_full_mesh,367,8,6,0,4.527143693259111,4.527143693259111,0.0,8.363594055175781,0.07260853675842074,90,0.0,0.0,0.0,0.0,0.0,0.0,4.163336342344337e-17,6.938893903907228e-18,0.22
chesca_commitment_full_mesh,368,9,6,0,3.533705193584082,3.5337051935840815,-4.440892098500626e-16,8.363594055175781,0.07554767621272926,90,0.0,0.0,0.0,0.0,0.0,0.0,4.163336342344337e-17,6.938893903907228e-18,0.18333333333333332
chesca_commitment_full_mesh,369,10,6,6,3.965934917659416,3.1559349176594167,-0.8099999999999992,8.363594055175781,0.1027769474393232,90,6.0,0.0,0.22000000000000003,0.0,0.22000000000000003,0.0,0.22000000000000006,0.040000000000000015,0.19666666666666666
chesca_commitment_full_mesh,370,11,6,0,2.681432622369411,2.681432622369411,0.0,8.363594055175781,0.048379713236819485,90,0.0,0.0,0.0,0.0,0.0,0.0,0.22000000000000006,0.040000000000000015,0.18000000000000002
chesca_commitment_full_mesh,371,12,6,0,3.0304500946891606,3.0304500946891606,0.0,8.363594055175781,0.16356034526344593,90,0.0,0.0,0.0,0.0,0.0,0.0,0.22000000000000006,0.040000000000000015,0.18000000000000002
chesca_commitment_full_mesh,372,13,6,1,5.060609338114891,5.060609338114891,0.0,8.363594055175781,0.08727077255019927,90,0.0,1.0,0.0,0.04000000000000001,0.0,0.04000000000000001,0.18000000000000005,0.040000000000000015,0.18666666666666668
chesca_commitment_full_mesh,373,14,6,1,4.839079228196241,4.7730792281962415,-0.06599999999999984,8.321915626525879,0.27491261049903265,90,1.0,0.0,0.020000000000000004,0.0,0.020000000000000004,0.0,0.20000000000000004,0.040000000000000015,0.19000000000000003
chesca_commitment_full_mesh,374,15,6,0,6.7021444748019725,6.7021444748019725,0.0,8.321915626525879,0.3420952059607485,90,0.0,0.0,0.0,0.0,0.0,0.0,0.20000000000000004,0.040000000000000015,0.19000000000000003
chesca_commitment_full_mesh,375,16,6,0,8.275114716726485,8.275114716726485,0.0,8.321915626525879,0.5394590985359075,90,0.0,0.0,0.0,0.0,0.0,0.0,0.20000000000000004,0.040000000000000015,0.17333333333333334
chesca_commitment_full_mesh,376,17,6,1,10.450143072565243,10.318143072565244,-0.13199999999999967,8.363594055175781,0.9730235116849459,90,1.0,0.0,0.04,0.0,0.04,0.0,0.24000000000000005,0.06000000000000001,0.17333333333333334
chesca_commitment_full_mesh,377,18,6,0,10.376897339863948,10.376897339863948,0.0,8.363594055175781,0.8994677144219837,90,0.0,0.0,0.0,0.0,0.0,0.0,0.24000000000000005,0.06000000000000001,0.17333333333333334
chesca_commitment_full_mesh,378,19,6,0,11.81193722880078,11.811937228800781,1.7763568394002505e-15,8.363594055175781,0.861123772665316,90,0.0,0.0,0.0,0.0,0.0,0.0,0.24000000000000005,0.06000000000000001,0.15333333333333335
chesca_commitment_full_mesh,379,20,6,0,9.782185887255903,9.782185887255903,0.0,8.363594055175781,0.19762880677411765,90,0.0,0.0,0.0,0.0,0.0,0.0,0.24000000000000005,0.06000000000000001,0.13333333333333333
chesca_commitment_full_mesh,380,21,6,0,8.93119920014898,8.931199200148981,1.7763568394002505e-15,8.363594055175781,0.07009234482752963,90,0.0,0.0,0.0,0.0,0.0,0.0,0.24000000000000005,0.06000000000000001,0.13333333333333333
chesca_commitment_full_mesh,381,22,6,6,6.936887988062881,7.81288798806288,0.8759999999999994,8.363594055175781,-0.12389248046953177,90,0.0,6.0,0.0,0.22000000000000003,0.0,0.24000000000000002,0.020000000000000046,0.02000000000000001,0.13333333333333333
chesca_commitment_full_mesh,382,23,6,5,8.172486358995872,7.428486358995871,-0.7440000000000015,8.363594055175781,0.09476768292391566,90,5.0,0.0,0.20000000000000004,0.0,0.20000000000000004,0.0,0.22000000000000006,0.040000000000000015,0.16666666666666666
chesca_commitment_full_mesh,383,24,6,0,9.274521982149853,9.274521982149853,0.0,8.321915626525879,0.37451662516381995,90,0.0,0.0,0.0,0.0,0.0,0.0,0.22000000000000006,0.040000000000000015,0.16666666666666666
chesca_commitment_full_mesh,384,1,6,0,9.803162595488809,9.803162595488809,0.0,8.363594055175781,0.3634890411970558,90,0.0,0.0,0.0,0.0,0.0,0.0,0.22000000000000006,0.040000000000000015,0.16666666666666666
chesca_commitment_full_mesh,385,2,6,6,6.912975582939783,7.788975582939781,0.8759999999999977,8.478745460510254,-0.20790050475722344,90,0.0,6.0,0.0,0.22000000000000006,0.0,0.24000000000000005,1.3877787807814457e-17,6.938893903907228e-18,0.20666666666666667
chesca_commitment_full_mesh,386,3,6,5,5.592771154999119,6.030771154999119,0.4379999999999997,8.478745460510254,-0.21199648809237273,90,0.0,5.0,0.0,1.3877787807814457e-17,0.0,0.12000000000000002,0.0,0.0,0.18666666666666665
chesca_commitment_full_mesh,387,4,6,5,5.2741288502979184,6.018128850297919,0.7440000000000007,8.478745460510254,-0.0886827090226511,90,0.0,5.0,0.0,0.0,0.0,0.20000000000000004,0.0,0.0,0.22
chesca_commitment_full_mesh,388,5,6,0,5.14529043936392,5.14529043936392,0.0,8.478745460510254,-0.18717643435167944,90,0.0,0.0,0.0,0.0,0.0,0.0,0.0,0.0,0.22
chesca_commitment_full_mesh,389,6,6,0,5.018937706320244,5.018937706320244,0.0,8.478745460510254,-0.025603219193151748,90,0.0,0.0,0.0,0.0,0.0,0.0,0.0,0.0,0.22
chesca_commitment_full_mesh,390,7,6,0,4.2014396906574945,4.2014396906574945,0.0,8.478745460510254,-0.008497599571858885,90,0.0,0.0,0.0,0.0,0.0,0.0,0.0,0.0,0.22
chesca_commitment_full_mesh,391,8,6,0,4.592542881545685,4.592542881545684,-8.881784197001252e-16,8.478745460510254,0.013925375529103189,90,0.0,0.0,0.0,0.0,0.0,0.0,0.0,0.0,0.22
chesca_commitment_full_mesh,392,9,6,0,3.111569637127932,3.111569637127932,0.0,8.363594055175781,-0.10266283977316025,90,0.0,0.0,0.0,0.0,0.0,0.0,0.0,0.0,0.22
chesca_commitment_full_mesh,393,10,6,0,2.830213516341931,2.830213516341931,0.0,8.363594055175781,-0.03878024859689573,90,0.0,0.0,0.0,0.0,0.0,0.0,0.0,0.0,0.18333333333333335
chesca_commitment_full_mesh,394,11,6,0,5.145927185505984,5.145927185505984,0.0,8.363594055175781,-0.019859752196048623,90,0.0,0.0,0.0,0.0,0.0,0.0,0.0,0.0,0.18333333333333335
chesca_commitment_full_mesh,395,12,6,6,5.260320611429947,5.9478506569741105,0.6875300455441637,8.402472496032715,-0.20751168932014058,90,0.0,6.0,0.0,0.0,0.0,0.2,0.0,0.0,0.21666666666666667
chesca_commitment_full_mesh,396,13,6,0,6.363515391173118,6.363515391173119,8.881784197001252e-16,8.402472496032715,-0.11126937665002135,90,0.0,0.0,0.0,0.0,0.0,0.0,0.0,0.0,0.21
chesca_commitment_full_mesh,397,14,6,2,6.555834509290465,6.3578345092904645,-0.1980000000000004,8.402472496032715,0.09313814233392886,90,2.0,0.0,0.06,0.0,0.06,0.0,0.06,0.04,0.21666666666666667
chesca_commitment_full_mesh,398,15,6,2,6.196578198857144,6.3748949698098825,0.17831677095273868,8.402472496032715,-0.042689991775066355,90,0.0,2.0,0.0,0.06,0.0,0.06000000000000001,0.0,0.0,0.22666666666666668
chesca_commitment_full_mesh,399,16,6,3,9.114890718380837,8.888890718380836,-0.22600000000000087,8.402472496032715,0.6906855372608728,90,3.0,0.0,0.06000000000000001,0.0,0.06000000000000001,0.0,0.06000000000000001,0.020000000000000004,0.2366666666666667
chesca_commitment_full_mesh,400,17,6,6,11.873050764265102,11.2230507642651,-0.6500000000000021,8.402472496032715,1.3481274914891157,90,6.0,0.0,0.18000000000000005,0.0,0.18000000000000005,0.0,0.24000000000000005,0.04000000000000001,0.26
chesca_commitment_full_mesh,401,18,6,1,12.925825189501142,12.85982518950114,-0.06600000000000072,8.494303703308105,1.6138269768617814,90,1.0,0.0,0.020000000000000004,0.0,0.020000000000000004,0.0,0.26000000000000006,0.06000000000000001,0.26333333333333336
chesca_commitment_full_mesh,402,19,6,0,15.065895831234409,15.06589583123441,1.7763568394002505e-15,8.634178161621094,1.7570261765171542,90,0.0,0.0,0.0,0.0,0.0,0.0,0.26000000000000006,0.06000000000000001,0.26333333333333336
chesca_commitment_full_mesh,403,20,6,0,12.203733952267093,12.203733952267093,0.0,8.634178161621094,0.3765860987218274,90,0.0,0.0,0.0,0.0,0.0,0.0,0.26000000000000006,0.06000000000000001,0.26333333333333336
chesca_commitment_full_mesh,404,21,6,0,11.37455928594565,11.37455928594565,0.0,8.634178161621094,0.7322863872838334,90,0.0,0.0,0.0,0.0,0.0,0.0,0.26000000000000006,0.06000000000000001,0.26333333333333336
chesca_commitment_full_mesh,405,22,6,0,9.72440326564996,9.724403265649958,-1.7763568394002505e-15,8.717169761657715,0.16251037993186945,90,0.0,0.0,0.0,0.0,0.0,0.0,0.26000000000000006,0.06000000000000001,0.22333333333333336
chesca_commitment_full_mesh,406,23,6,0,9.585286622798712,9.585286622798712,0.0,8.614316940307617,0.3047837439034698,90,0.0,0.0,0.0,0.0,0.0,0.0,0.26000000000000006,0.06000000000000001,0.19000000000000003
chesca_commitment_full_mesh,407,24,6,0,9.476860689937503,9.476860689937501,-1.7763568394002505e-15,8.614316940307617,0.1849877189460036,90,0.0,0.0,0.0,0.0,0.0,0.0,0.26000000000000006,0.06000000000000001,0.19000000000000003
chesca_commitment_full_mesh,408,1,6,0,10.171642540197244,10.171642540197244,0.0,8.614316940307617,0.25785368984466545,90,0.0,0.0,0.0,0.0,0.0,0.0,0.26000000000000006,0.06000000000000001,0.19000000000000003
chesca_commitment_full_mesh,409,2,6,6,8.061469645153101,8.937469645153103,0.8760000000000012,8.614316940307617,-0.11551653073113742,90,0.0,6.0,0.0,0.24000000000000005,0.0,0.24000000000000005,0.020000000000000004,0.020000000000000004,0.19000000000000003
chesca_commitment_full_mesh,410,3,6,6,5.891037573131496,6.569037573131496,0.6779999999999999,8.678043365478516,-0.3084089535559138,90,0.0,6.0,0.0,0.02,0.0,0.18000000000000002,3.469446951953614e-18,3.469446951953614e-18,0.19999999999999998
chesca_commitment_full_mesh,411,4,6,5,6.042803908577261,6.480803908577259,0.43799999999999795,8.678043365478516,-0.12914406335440134,90,0.0,5.0,0.0,3.469446951953614e-18,0.0,0.12000000000000002,0.0,0.0,0.18666666666666668
chesca_commitment_full_mesh,412,5,6,5,6.466650233351932,7.113417083563336,0.6467668502114039,8.678043365478516,-0.09173417689669316,90,0.0,5.0,0.0,0.0,0.0,0.18000000000000002,0.0,0.0,0.21666666666666667
chesca_commitment_full_mesh,413,6,6,1,5.898909046878248,5.940361081048225,0.04145203416997756,8.678043365478516,-0.23601410502948056,90,0.0,1.0,0.0,0.0,0.0,0.02,0.0,0.0,0.22
chesca_commitment_full_mesh,414,7,6,0,5.641157096523515,5.641157096523515,0.0,8.678043365478516,-0.05299242363649029,90,0.0,0.0,0.0,0.0,0.0,0.0,0.0,0.0,0.22
chesca_commitment_full_mesh,415,8,6,0,4.254105092720116,4.254105092720116,0.0,8.678043365478516,-0.08113653884538248,90,0.0,0.0,0.0,0.0,0.0,0.0,0.0,0.0,0.22
chesca_commitment_full_mesh,416,9,6,0,2.9139913579745613,2.913991357974561,-4.440892098500626e-16,8.678043365478516,-0.05150995806385367,90,0.0,0.0,0.0,0.0,0.0,0.0,0.0,0.0,0.22
chesca_commitment_full_mesh,417,10,6,0,2.9932547969672205,2.993254796967221,4.440892098500626e-16,8.678043365478516,0.001833380009627792,90,0.0,0.0,0.0,0.0,0.0,0.0,0.0,0.0,0.22
chesca_commitment_full_mesh,418,11,6,0,3.6413567236654467,3.6413567236654463,-4.440892098500626e-16,8.678043365478516,0.0051889954066774375,90,0.0,0.0,0.0,0.0,0.0,0.0,0.0,0.0,0.22
chesca_commitment_full_mesh,419,12,6,0,2.338333084352584,2.338333084352584,0.0,8.678043365478516,-0.0011804139615090156,90,0.0,0.0,0.0,0.0,0.0,0.0,0.0,0.0,0.18666666666666668
chesca_commitment_full_mesh,420,13,6,6,5.395536783406767,4.651536783406767,-0.7439999999999998,8.678043365478516,0.1787709607040391,90,6.0,0.0,0.2,0.0,0.2,0.0,0.2,0.04000000000000001,0.22
chesca_commitment_full_mesh,421,14,6,6,4.101647854847464,4.5664566561606845,0.4648088013132208,8.678043365478516,-0.0996284101046669,90,0.0,6.0,0.0,0.2,0.0,0.2,6.938893903907228e-18,6.938893903907228e-18,0.24333333333333332
chesca_commitment_full_mesh,422,15,6,0,4.759346905064899,4.759346905064899,0.0,8.678043365478516,0.20573104987538765,90,0.0,0.0,0.0,0.0,0.0,0.0,6.938893903907228e-18,6.938893903907228e-18,0.23333333333333336
chesca_commitment_full_mesh,423,16,6,2,7.398598201958581,7.200598201958581,-0.1980000000000004,8.678043365478516,0.6395221740666797,90,2.0,0.0,0.06,0.0,0.06,0.0,0.06000000000000001,0.04,0.2333333333333333
chesca_commitment_full_mesh,424,17,6,3,8.577983070493161,8.35198307049316,-0.22600000000000087,8.590458869934082,0.622857778424482,90,3.0,0.0,0.06,0.0,0.06,0.0,0.12000000000000001,0.04,0.21333333333333337
chesca_commitment_full_mesh,425,18,6,6,11.757884596531852,11.107884596531852,-0.6500000000000004,8.590458869934082,1.2675059907640351,90,6.0,0.0,0.18000000000000005,0.0,0.18000000000000005,0.0,0.30000000000000004,0.08000000000000002,0.24
chesca_commitment_full_mesh,426,19,6,0,13.184801297581968,13.184801297581968,0.0,8.678043365478516,1.3837869753406453,90,0.0,0.0,0.0,0.0,0.0,0.0,0.30000000000000004,0.08000000000000002,0.24
chesca_commitment_full_mesh,427,20,6,0,11.150714681818728,11.15071468181873,1.7763568394002505e-15,8.678043365478516,0.4938823537133267,90,0.0,0.0,0.0,0.0,0.0,0.0,0.30000000000000004,0.08000000000000002,0.24
chesca_commitment_full_mesh,428,21,6,0,10.273271603849306,10.273271603849306,0.0,8.678043365478516,0.3093494773068382,90,0.0,0.0,0.0,0.0,0.0,0.0,0.30000000000000004,0.08000000000000002,0.24
chesca_commitment_full_mesh,429,22,6,6,8.069097300661536,8.945097300661537,0.8760000000000012,8.678043365478516,-0.17037810562008437,90,0.0,6.0,0.0,0.24000000000000002,0.0,0.24000000000000002,0.06000000000000005,0.040000000000000015,0.28
chesca_commitment_full_mesh,430,23,6,0,8.80019042232507,8.80019042232507,0.0,8.678043365478516,0.016035537664487273,90,0.0,0.0,0.0,0.0,0.0,0.0,0.06000000000000005,0.040000000000000015,0.28
chesca_commitment_full_mesh,431,24,6,2,8.124771394044728,8.322771394044727,0.19799999999999862,8.678043365478516,-0.20214940719580793,90,0.0,2.0,0.0,0.060000000000000005,0.0,0.060000000000000005,4.85722573273506e-17,1.3877787807814457e-17,0.29000000000000004
chesca_commitment_full_mesh,432,1,6,0,8.548681088287282,8.548681088287282,0.0,8.590458869934082,-0.1538015562027908,90,0.0,0.0,0.0,0.0,0.0,0.0,4.85722573273506e-17,1.3877787807814457e-17,0.29000000000000004
chesca_commitment_full_mesh,433,2,6,0,6.909517550514189,6.90951755051419,8.881784197001252e-16,8.4700288772583,-0.3486552726619728,90,0.0,0.0,0.0,0.0,0.0,0.0,4.85722573273506e-17,1.3877787807814457e-17,0.25
chesca_commitment_full_mesh,434,3,6,0,5.391508757382518,5.391508757382518,0.0,8.4700288772583,-0.37067411325341604,90,0.0,0.0,0.0,0.0,0.0,0.0,4.85722573273506e-17,1.3877787807814457e-17,0.22
chesca_commitment_full_mesh,435,4,6,1,5.545310518861558,5.611310518861558,0.06599999999999984,8.4700288772583,-0.2524230585901694,90,0.0,1.0,0.0,6.938893903907228e-18,0.0,0.020000000000000004,4.163336342344337e-17,1.3877787807814457e-17,0.20333333333333334
chesca_commitment_full_mesh,436,5,6,5,5.007787596379855,5.379787596379857,0.37200000000000166,8.4700288772583,-0.2794055839188655,90,0.0,5.0,0.0,2.7755575615628914e-17,0.0,0.10000000000000002,1.3877787807814457e-17,1.3877787807814457e-17,0.19000000000000003
chesca_commitment_full_mesh,437,6,6,5,5.72831554522397,6.162027061321294,0.4337115160973237,8.4700288772583,-0.3210586678102089,90,0.0,5.0,0.0,0.0,0.0,0.14,1.3877787807814457e-17,1.3877787807814457e-17,0.21
chesca_commitment_full_mesh,438,7,6,3,4.110508082038688,4.225442912205764,0.11493483016707629,8.4700288772583,-0.2919195829254531,90,0.0,3.0,0.0,0.0,0.0,0.06,1.3877787807814457e-17,1.3877787807814457e-17,0.22
chesca_commitment_full_mesh,439,8,6,5,3.74800972880406,3.9793252174600977,0.2313154886560378,8.590458869934082,-0.7164798613455736,90,0.0,5.0,0.0,0.0,0.0,0.10000000000000002,1.3877787807814457e-17,1.3877787807814457e-17,0.2366666666666667
chesca_commitment_full_mesh,440,9,6,0,0.2012143864003143,0.2012143864003143,0.0,8.590458869934082,-0.3996162561387611,90,0.0,0.0,0.0,0.0,0.0,0.0,1.3877787807814457e-17,1.3877787807814457e-17,0.2366666666666667
chesca_commitment_full_mesh,441,10,6,0,1.7252054123760345,1.7252054123760343,-2.220446049250313e-16,8.590458869934082,-0.14454533996572644,90,0.0,0.0,0.0,0.0,0.0,0.0,1.3877787807814457e-17,1.3877787807814457e-17,0.2366666666666667
chesca_commitment_full_mesh,442,11,6,0,0.3782529453508766,0.3782529453508766,0.0,8.590458869934082,-0.025142014805808167,90,0.0,0.0,0.0,0.0,0.0,0.0,1.3877787807814457e-17,1.3877787807814457e-17,0.2366666666666667
chesca_commitment_full_mesh,443,12,6,0,1.9363941229968706,1.9363941229968709,2.220446049250313e-16,8.590458869934082,0.14274647532272272,90,0.0,0.0,0.0,0.0,0.0,0.0,1.3877787807814457e-17,1.3877787807814457e-17,0.2366666666666667
chesca_commitment_full_mesh,444,13,6,0,1.8627234372613966,1.8627234372613966,0.0,8.590458869934082,0.08711692323986933,90,0.0,0.0,0.0,0.0,0.0,0.0,1.3877787807814457e-17,1.3877787807814457e-17,0.20333333333333334
chesca_commitment_full_mesh,445,14,6,5,2.396479070777694,2.0244790707776947,-0.37199999999999944,8.590458869934082,0.0903544303147841,90,5.0,0.0,0.10000000000000002,0.0,0.10000000000000002,0.0,0.10000000000000003,0.020000000000000014,0.18666666666666665
chesca_commitment_full_mesh,446,15,6,6,4.52190812352187,4.926523833580901,0.40461571005903085,8.590458869934082,-0.1438346572503575,90,0.0,6.0,0.0,0.10000000000000002,0.0,0.14,1.0408340855860843e-17,1.0408340855860843e-17,0.21
chesca_commitment_full_mesh,447,16,6,4,6.332018115797779,6.106018115797779,-0.22599999999999998,8.590458869934082,0.1371483605319378,90,3.0,1.0,0.06000000000000001,0.0,0.06000000000000001,0.04000000000000001,0.06000000000000002,0.02000000000000001,0.2166666666666667
chesca_commitment_full_mesh,448,17,6,1,8.773418999314282,8.707418999314283,-0.06599999999999895,8.4700288772583,0.3302087255700709,90,1.0,0.0,0.020000000000000004,0.0,0.020000000000000004,0.0,0.08000000000000002,0.02000000000000001,0.21
chesca_commitment_full_mesh,449,18,6,5,11.348275284925565,10.910275284925566,-0.43799999999999883,8.4700288772583,0.742273889193942,90,4.0,1.0,0.12,0.020000000000000004,0.12,0.020000000000000018,0.18000000000000002,0.06000000000000002,0.20333333333333337
chesca_commitment_full_mesh,450,19,6,5,14.658728201489627,14.06072820148963,-0.5979999999999972,8.4700288772583,1.5689959830679245,90,5.0,0.0,0.16,0.0,0.16,0.0,0.34,0.07999999999999999,0.23
chesca_commitment_full_mesh,451,20,6,0,13.172177212703387,13.172177212703387,0.0,8.4700288772583,1.1589030191180458,90,0.0,0.0,0.0,0.0,0.0,0.0,0.34,0.07999999999999999,0.23
chesca_commitment_full_mesh,452,21,6,0,11.972576251735477,11.972576251735477,0.0,8.4700288772583,0.7613403895024705,90,0.0,0.0,0.0,0.0,0.0,0.0,0.34,0.07999999999999999,0.23
chesca_commitment_full_mesh,453,22,6,0,9.776976681796473,9.776976681796473,0.0,8.4700288772583,0.12264554938940782,90,0.0,0.0,0.0,0.0,0.0,0.0,0.34,0.07999999999999999,0.19000000000000003
chesca_commitment_full_mesh,454,23,6,0,9.925871444263667,9.925871444263667,0.0,8.4700288772583,0.3394455726842574,90,0.0,0.0,0.0,0.0,0.0,0.0,0.34,0.07999999999999999,0.19000000000000003
chesca_commitment_full_mesh,455,24,6,0,9.740655278980165,9.740655278980165,0.0,8.4700288772583,0.13100573359370146,90,0.0,0.0,0.0,0.0,0.0,0.0,0.34,0.07999999999999999,0.18000000000000002
chesca_commitment_full_mesh,456,1,6,0,10.0986704411155,10.0986704411155,0.0,8.4700288772583,0.17272045634004599,90,0.0,0.0,0.0,0.0,0.0,0.0,0.34,0.07999999999999999,0.18000000000000002
chesca_commitment_full_mesh,457,2,6,6,7.998599526718765,8.874599526718766,0.8760000000000012,8.590458869934082,-0.2939991497971542,90,0.0,6.0,0.0,0.24000000000000005,0.0,0.24000000000000005,0.1,0.03999999999999998,0.22
chesca_commitment_full_mesh,458,3,6,5,6.996566324622781,7.514566324622781,0.5180000000000007,8.640029907226562,-0.3881215554361941,90,0.0,5.0,0.0,0.1,0.0,0.14,3.469446951953614e-18,3.469446951953614e-18,0.24333333333333337
chesca_commitment_full_mesh,459,4,6,1,6.460364195538346,6.592364195538347,0.13200000000000145,8.640029907226562,-0.3571653114413584,90,0.0,1.0,0.0,0.0,0.0,0.04000000000000001,3.469446951953614e-18,3.469446951953614e-18,0.24666666666666667
chesca_commitment_full_mesh,460,5,6,0,5.7243239619024395,5.7243239619024395,0.0,8.640029907226562,-0.42281139048151595,90,0.0,0.0,0.0,0.0,0.0,0.0,3.469446951953614e-18,3.469446951953614e-18,0.23
chesca_commitment_full_mesh,461,6,6,4,6.5089475146951905,6.786947514695191,0.27800000000000047,8.640029907226562,-0.40023195418004903,90,0.0,4.0,0.0,3.469446951953614e-18,0.0,0.08000000000000002,0.0,0.0,0.22
chesca_commitment_full_mesh,462,7,6,2,6.0208347732639975,6.166834773263998,0.1460000000000008,8.640029907226562,-0.140020634439529,90,0.0,2.0,0.0,0.0,0.0,0.04000000000000001,0.0,0.0,0.21666666666666667
chesca_commitment_full_mesh,463,8,6,2,5.2256381846856925,5.371638184685692,0.1459999999999999,8.640029907226562,-0.2670343690852325,90,0.0,2.0,0.0,0.0,0.0,0.04000000000000001,0.0,0.0,0.2066666666666667
chesca_commitment_full_mesh,464,9,6,5,3.748785234689204,4.078278038743303,0.329492804054099,8.640029907226562,-0.32268567221931027,90,0.0,5.0,0.0,0.0,0.0,0.1,0.0,0.0,0.22333333333333336
chesca_commitment_full_mesh,465,10,6,0,5.034046859349465,5.034046859349465,0.0,8.640029907226562,0.025595606209425553,90,0.0,0.0,0.0,0.0,0.0,0.0,0.0,0.0,0.22333333333333336
chesca_commitment_full_mesh,466,11,6,0,1.5223324559324776,1.5223324559324776,0.0,8.640029907226562,-0.2483102670817928,90,0.0,0.0,0.0,0.0,0.0,0.0,0.0,0.0,0.22333333333333336
chesca_commitment_full_mesh,467,12,6,0,4.176634641463664,4.176634641463664,0.0,8.640029907226562,-0.012472741197564086,90,0.0,0.0,0.0,0.0,0.0,0.0,0.0,0.0,0.22333333333333336
chesca_commitment_full_mesh,468,13,6,0,5.555352731750715,5.555352731750715,0.0,8.640029907226562,0.0024530775720559977,90,0.0,0.0,0.0,0.0,0.0,0.0,0.0,0.0,0.22333333333333336
chesca_commitment_full_mesh,469,14,6,0,4.894001359881628,4.894001359881628,0.0,8.640029907226562,-0.12415920685705473,90,0.0,0.0,0.0,0.0,0.0,0.0,0.0,0.0,0.20666666666666667
chesca_commitment_full_mesh,470,15,6,0,5.687577365409315,5.6875773654093145,-8.881784197001252e-16,8.640029907226562,0.05949888566272481,90,0.0,0.0,0.0,0.0,0.0,0.0,0.0,0.0,0.18333333333333335
chesca_commitment_full_mesh,471,16,6,0,6.73377274726959,6.733772747269589,-8.881784197001252e-16,8.640029907226562,0.061251914891408625,90,0.0,0.0,0.0,0.0,0.0,0.0,0.0,0.0,0.1666666666666667
chesca_commitment_full_mesh,472,17,6,6,9.797414052038327,9.053414052038326,-0.7440000000000015,8.66175365447998,0.4428215344601451,90,5.0,1.0,0.20000000000000004,0.0,0.20000000000000004,0.019999999999999962,0.20000000000000004,0.04000000000000001,0.19999999999999998
chesca_commitment_full_mesh,473,18,6,1,11.940562593005419,11.80856259300542,-0.13199999999999967,8.703841209411621,0.7184596139903486,90,1.0,0.0,0.04000000000000001,0.0,0.04000000000000001,0.0,0.24000000000000005,0.04000000000000001,0.18333333333333335
chesca_commitment_full_mesh,474,19,6,5,13.241583700482515,12.577583700482515,-0.6639999999999997,8.703841209411621,1.2210763952109043,90,5.0,0.0,0.18000000000000002,0.0,0.18000000000000002,0.0,0.42000000000000004,0.08000000000000002,0.18666666666666668
chesca_commitment_full_mesh,475,20,6,0,11.321036142193002,11.321036142193003,1.7763568394002505e-15,8.703841209411621,0.552269453507681,90,0.0,0.0,0.0,0.0,0.0,0.0,0.42000000000000004,0.08000000000000002,0.18666666666666668
chesca_commitment_full_mesh,476,21,6,0,10.360167867365277,10.360167867365277,0.0,8.703841209411621,0.22400794211202035,90,0.0,0.0,0.0,0.0,0.0,0.0,0.42000000000000004,0.08000000000000002,0.18666666666666668
chesca_commitment_full_mesh,477,22,6,6,8.910660328387262,9.786660328387262,0.8759999999999994,8.788604736328125,-0.058175953345761255,90,0.0,6.0,0.0,0.24000000000000002,0.0,0.24000000000000002,0.18000000000000005,0.040000000000000015,0.22666666666666668
chesca_commitment_full_mesh,478,23,6,5,9.154065415186915,9.818065415186915,0.6639999999999997,8.840312004089355,-0.2083801159425901,90,0.0,5.0,0.0,0.18000000000000002,0.0,0.18000000000000002,5.898059818321144e-17,1.3877787807814457e-17,0.25666666666666665
chesca_commitment_full_mesh,479,24,6,0,8.76217372459169,8.76217372459169,0.0,8.886185646057129,-0.34042187192779866,90,0.0,0.0,0.0,0.0,0.0,0.0,5.898059818321144e-17,1.3877787807814457e-17,0.25666666666666665
chesca_commitment_full_mesh,480,1,6,0,9.7788936003062,9.778893600306201,1.7763568394002505e-15,8.868349075317383,0.17753639147121314,90,0.0,0.0,0.0,0.0,0.0,0.0,5.898059818321144e-17,1.3877787807814457e-17,0.25666666666666665
chesca_commitment_full_mesh,481,2,6,0,9.153636902124305,9.153636902124305,0.0,8.868349075317383,-0.1503547109654288,90,0.0,0.0,0.0,0.0,0.0,0.0,5.898059818321144e-17,1.3877787807814457e-17,0.21666666666666667
chesca_commitment_full_mesh,482,3,6,2,8.906723306569063,9.118723306569063,0.21199999999999974,8.939204216003418,-0.09497715707031158,90,0.0,2.0,0.0,1.734723475976807e-17,0.0,0.06000000000000001,4.163336342344337e-17,1.3877787807814457e-17,0.20333333333333334
chesca_commitment_full_mesh,483,4,6,4,8.001939123778223,8.387939123778223,0.38599999999999923,8.988115310668945,-0.3145130284018851,90,0.0,4.0,0.0,1.3877787807814457e-17,0.0,0.10000000000000002,2.7755575615628914e-17,1.3877787807814457e-17,0.21333333333333335
chesca_commitment_full_mesh,484,5,6,1,7.550091662712127,7.682091662712127,0.13199999999999967,8.988115310668945,-0.2760183052480844,90,0.0,1.0,0.0,1.3877787807814457e-17,0.0,0.04000000000000001,1.3877787807814457e-17,1.3877787807814457e-17,0.22
chesca_commitment_full_mesh,485,6,6,0,6.281933010777788,6.281933010777788,0.0,8.988115310668945,-0.15770183683221561,90,0.0,0.0,0.0,0.0,0.0,0.0,1.3877787807814457e-17,1.3877787807814457e-17,0.20666666666666667
chesca_commitment_full_mesh,486,7,6,4,5.726964483247073,6.004964483247074,0.27800000000000047,8.988115310668945,-0.11605166952644333,90,0.0,4.0,0.0,1.3877787807814457e-17,0.0,0.08,0.0,0.0,0.21333333333333335
chesca_commitment_full_mesh,487,8,6,2,5.1507163577935975,5.296716357793597,0.1459999999999999,8.988115310668945,-0.12137332460705952,90,0.0,2.0,0.0,0.0,0.0,0.04000000000000001,0.0,0.0,0.21333333333333335
chesca_commitment_full_mesh,488,9,6,3,3.813842765544833,4.005361256162758,0.19151849061792525,8.988115310668945,-0.3531256730630825,90,0.0,3.0,0.0,0.0,0.0,0.06,0.0,0.0,0.20666666666666667
chesca_commitment_full_mesh,489,10,6,4,1.7271595182809623,1.9196626270337227,0.19250310875276044,8.988115310668945,-0.31909396448154587,90,0.0,4.0,0.0,0.0,0.0,0.08,0.0,0.0,0.22
chesca_commitment_full_mesh,490,11,6,0,2.2601642425661,2.2601642425661,0.0,8.988115310668945,-0.10230030945925692,90,0.0,0.0,0.0,0.0,0.0,0.0,0.0,0.0,0.22
chesca_commitment_full_mesh,491,12,6,0,2.428759147490597,2.428759147490597,0.0,8.988115310668945,-0.15924149589391373,90,0.0,0.0,0.0,0.0,0.0,0.0,0.0,0.0,0.22
chesca_commitment_full_mesh,492,13,6,0,3.6077930880326585,3.607793088032659,4.440892098500626e-16,8.988115310668945,0.089463087594817,90,0.0,0.0,0.0,0.0,0.0,0.0,0.0,0.0,0.22
chesca_commitment_full_mesh,493,14,6,0,2.8367553191886845,2.8367553191886845,0.0,8.988115310668945,-0.061596470981987554,90,0.0,0.0,0.0,0.0,0.0,0.0,0.0,0.0,0.22
chesca_commitment_full_mesh,494,15,6,0,5.524585212564378,5.524585212564378,0.0,8.988115310668945,0.09621472825694469,90,0.0,0.0,0.0,0.0,0.0,0.0,0.0,0.0,0.22
chesca_commitment_full_mesh,495,16,6,6,7.811555580139439,7.373555580139439,-0.4379999999999997,8.988115310668945,0.4397645736171049,90,6.0,0.0,0.12000000000000002,0.0,0.12000000000000002,0.0,0.12000000000000002,0.020000000000000004,0.24000000000000002
chesca_commitment_full_mesh,496,17,6,0,9.149050492972469,9.14905049297247,1.7763568394002505e-15,8.988115310668945,0.4110815700401963,90,0.0,0.0,0.0,0.0,0.0,0.0,0.12000000000000002,0.020000000000000004,0.20333333333333334
chesca_commitment_full_mesh,497,18,6,6,11.174262033211843,10.736262033211842,-0.4380000000000006,8.939204216003418,0.9541438435099062,90,6.0,0.0,0.12,0.0,0.12,0.0,0.24000000000000002,0.04000000000000001,0.21666666666666667
chesca_commitment_full_mesh,498,19,6,4,13.53307657877577,13.227076578775767,-0.3060000000000027,8.939204216003418,1.3095196117731163,90,4.0,0.0,0.08000000000000002,0.0,0.08000000000000002,0.0,0.32000000000000006,0.06000000000000001,0.19999999999999998
chesca_commitment_full_mesh,499,20,6,0,11.310258807168177,11.310258807168175,-1.7763568394002505e-15,8.939204216003418,0.42227036151067676,90,0.0,0.0,0.0,0.0,0.0,0.0,0.32000000000000006,0.06000000000000001,0.19999999999999998
chesca_commitment_full_mesh,500,21,6,0,10.522380080046865,10.522380080046863,-1.7763568394002505e-15,8.939204216003418,0.2971126327085865,90,0.0,0.0,0.0,0.0,0.0,0.0,0.32000000000000006,0.06000000000000001,0.19999999999999998
chesca_commitment_full_mesh,501,22,6,6,8.529163768899531,9.405163768899532,0.8760000000000012,8.939204216003418,-0.08180095180298565,90,0.0,6.0,0.0,0.24000000000000002,0.0,0.24000000000000002,0.08000000000000002,0.02000000000000001,0.19999999999999998
chesca_commitment_full_mesh,502,23,6,4,8.83150283826756,9.13750283826756,0.30599999999999916,8.868349075317383,-0.04672334813156814,90,0.0,4.0,0.0,0.08,0.0,0.08000000000000002,3.122502256758253e-17,1.0408340855860843e-17,0.18333333333333335
chesca_commitment_full_mesh,503,24,6,4,9.34976841159321,8.76576841159321,-0.5839999999999996,8.800498008728027,0.17711187000811476,90,4.0,0.0,0.16,0.0,0.16,0.0,0.16000000000000003,0.04000000000000001,0.21
chesca_commitment_full_mesh,504,1,6,1,9.892710118174028,9.812710118174028,-0.08000000000000007,8.747746467590332,0.37910679841893824,90,1.0,0.0,0.020000000000000004,0.0,0.020000000000000004,0.0,0.18000000000000002,0.04000000000000001,0.21333333333333335
chesca_commitment_full_mesh,505,2,6,0,9.138644229874583,9.138644229874583,0.0,8.747746467590332,0.0528980007109594,90,0.0,0.0,0.0,0.0,0.0,0.0,0.18000000000000002,0.04000000000000001,0.21333333333333335
chesca_commitment_full_mesh,506,3,6,5,6.7920235715061095,7.456023571506109,0.6639999999999997,8.71574878692627,-0.08844912000561136,90,0.0,5.0,0.0,0.18000000000000002,0.0,0.18000000000000002,0.0,0.0,0.2333333333333333
chesca_commitment_full_mesh,507,4,6,1,5.975149026861258,6.041149026861257,0.06599999999999895,8.71574878692627,-0.09550959755211601,90,0.0,1.0,0.0,0.0,0.0,0.020000000000000004,0.0,0.0,0.22
chesca_commitment_full_mesh,508,5,6,0,5.119258267568987,5.119258267568987,0.0,8.71574878692627,-0.05144346272795812,90,0.0,0.0,0.0,0.0,0.0,0.0,0.0,0.0,0.21333333333333335
chesca_commitment_full_mesh,509,6,6,2,5.093952223501634,4.8959522235016335,-0.1980000000000004,8.71574878692627,0.08523556414618352,90,2.0,0.0,0.060000000000000005,0.0,0.060000000000000005,0.0,0.060000000000000005,0.04,0.22333333333333336
chesca_commitment_full_mesh,510,7,6,5,3.9169158791008036,4.204069071290472,0.28715319218966817,8.747746467590332,-0.6032426919377362,90,0.0,5.0,0.0,0.060000000000000005,0.0,0.12000000000000002,0.0,0.0,0.23
chesca_commitment_full_mesh,511,8,6,0,3.937777739059472,3.937777739059472,0.0,8.747746467590332,0.08235160013750001,90,0.0,0.0,0.0,0.0,0.0,0.0,0.0,0.0,0.22333333333333336
chesca_commitment_full_mesh,512,9,6,2,2.951665300879484,3.0378256144799027,0.08616031360041854,8.71574878692627,-0.16974428153057605,90,0.0,2.0,0.0,0.0,0.0,0.04,0.0,0.0,0.22
chesca_commitment_full_mesh,513,10,6,2,3.5304042335519004,3.608742690958259,0.07833845740635859,8.71574878692627,-0.11247462201047519,90,0.0,2.0,0.0,0.0,0.0,0.04,0.0,0.0,0.21333333333333335
chesca_commitment_full_mesh,514,11,6,3,2.283661650812338,2.428522213819971,0.14486056300763295,8.71574878692627,-0.23851616230355097,90,0.0,3.0,0.0,0.0,0.0,0.06000000000000001,0.0,0.0,0.22333333333333336
chesca_commitment_full_mesh,515,12,6,0,2.1800056300108106,2.1800056300108106,0.0,8.71574878692627,-0.2398144756914416,90,0.0,0.0,0.0,0.0,0.0,0.0,0.0,0.0,0.22333333333333336
chesca_commitment_full_mesh,516,13,6,0,2.4615478260878403,2.4615478260878403,0.0,8.71574878692627,0.06013274835536285,90,0.0,0.0,0.0,0.0,0.0,0.0,0.0,0.0,0.22333333333333336
chesca_commitment_full_mesh,517,14,6,0,2.806958602949741,2.806958602949741,0.0,8.71574878692627,0.0385047282993725,90,0.0,0.0,0.0,0.0,0.0,0.0,0.0,0.0,0.22333333333333336
chesca_commitment_full_mesh,518,15,6,0,1.5368266061646174,1.5368266061646172,-2.220446049250313e-16,8.71574878692627,0.0878831842471369,90,0.0,0.0,0.0,0.0,0.0,0.0,0.0,0.0,0.22333333333333336
chesca_commitment_full_mesh,519,16,6,5,4.539575737609028,4.167575737609029,-0.371999999999999,8.71574878692627,0.5947836485903246,90,5.0,0.0,0.10000000000000002,0.0,0.10000000000000002,0.0,0.10000000000000002,0.020000000000000004,0.22
chesca_commitment_full_mesh,520,17,6,2,5.88302695752087,5.81702695752087,-0.06599999999999984,8.71574878692627,0.5735150503766425,90,1.0,1.0,0.02,0.02,0.02,0.04000000000000001,0.10000000000000002,0.020000000000000004,0.23
chesca_commitment_full_mesh,521,18,6,0,7.6116403526643435,7.611640352664344,8.881784197001252e-16,8.692191123962402,0.6622591601742953,90,0.0,0.0,0.0,0.0,0.0,0.0,0.10000000000000002,0.020000000000000004,0.21
chesca_commitment_full_mesh,522,19,6,0,8.610521121814719,8.610521121814719,0.0,8.679791450500488,0.17342496583975883,90,0.0,0.0,0.0,0.0,0.0,0.0,0.10000000000000002,0.020000000000000004,0.19666666666666668
chesca_commitment_full_mesh,523,20,6,4,8.299446350616135,8.605446350616134,0.30599999999999916,8.662679672241211,0.016331137999946333,90,0.0,4.0,0.0,0.08000000000000002,0.0,0.08000000000000002,0.02,0.02,0.21000000000000005
chesca_commitment_full_mesh,524,21,6,0,8.432088233565537,8.432088233565535,-1.7763568394002505e-15,8.655317306518555,0.03949868518844438,90,0.0,0.0,0.0,0.0,0.0,0.0,0.02,0.02,0.21000000000000005
chesca_commitment_full_mesh,525,22,6,0,7.585922544459153,7.585922544459154,8.881784197001252e-16,8.651936531066895,0.03517562091011385,90,0.0,0.0,0.0,0.0,0.0,0.0,0.02,0.02,0.17000000000000004
chesca_commitment_full_mesh,526,23,6,5,7.394309163043909,6.716309163043908,-0.6780000000000008,8.651936531066895,0.0922290354575679,90,5.0,0.0,0.18000000000000002,0.0,0.18000000000000002,0.0,0.2,0.04000000000000001,0.18666666666666668
chesca_commitment_full_mesh,527,24,6,0,7.406868936534886,7.406868936534886,0.0,8.63971996307373,0.05939929193551317,90,0.0,0.0,0.0,0.0,0.0,0.0,0.2,0.04000000000000001,0.16000000000000003
chesca_commitment_full_mesh,528,1,6,6,8.097839149828916,8.841839149828916,0.7439999999999998,8.62570858001709,-0.01541146699472571,90,0.0,6.0,0.0,0.2,0.0,0.2,6.938893903907228e-18,6.938893903907228e-18,0.19000000000000003
chesca_commitment_full_mesh,529,2,6,5,5.8604589193650884,6.349894135488498,0.48943521612340923,8.586002349853516,-0.31777142328708563,90,0.0,5.0,0.0,6.938893903907228e-18,0.0,0.14,0.0,0.0,0.21333333333333335
chesca_commitment_full_mesh,530,3,6,2,4.753624332837237,4.860386860476452,0.10676252763921479,8.528271675109863,-0.2463300597882314,90,0.0,2.0,0.0,0.0,0.0,0.04000000000000001,0.0,0.0,0.19000000000000003
chesca_commitment_full_mesh,531,4,6,4,4.913358860848815,5.251085019905615,0.3377261590567997,8.528271675109863,-0.0969868198319092,90,0.0,4.0,0.0,0.0,0.0,0.10000000000000002,0.0,0.0,0.20333333333333334
chesca_commitment_full_mesh,532,5,6,4,4.401201536068119,4.589374260028704,0.1881727239605846,8.528271675109863,-0.18484970341769721,90,0.0,4.0,0.0,0.0,0.0,0.08,0.0,0.0,0.21666666666666667
chesca_commitment_full_mesh,533,6,6,0,4.738089386041788,4.738089386041788,0.0,8.528271675109863,-0.08255671501588976,90,0.0,0.0,0.0,0.0,0.0,0.0,0.0,0.0,0.20666666666666667
chesca_commitment_full_mesh,534,7,6,0,4.2547862070757425,4.254786207075742,-8.881784197001252e-16,8.528271675109863,-0.08215449023880186,90,0.0,0.0,0.0,0.0,0.0,0.0,0.0,0.0,0.18666666666666668
chesca_commitment_full_mesh,535,8,6,6,3.8243476043622353,4.075342287564116,0.25099468320188034,8.528271675109863,-0.17535277010791978,90,0.0,6.0,0.0,0.0,0.0,0.12000000000000001,0.0,0.0,0.20666666666666667
chesca_commitment_full_mesh,536,9,6,2,3.223346787100709,3.290115271326143,0.06676848422543413,8.528271675109863,-0.26286365865298966,90,0.0,2.0,0.0,0.0,0.0,0.04,0.0,0.0,0.20666666666666667
chesca_commitment_full_mesh,537,10,6,6,2.3026835406101185,2.658532402732585,0.3558488621224667,8.586002349853516,-0.9503919752059548,90,0.0,6.0,0.0,0.0,0.0,0.14,0.0,0.0,0.22333333333333336
chesca_commitment_full_mesh,538,11,6,2,2.8958617254055135,2.9693759658968912,0.07351424049137778,8.586002349853516,-0.6093832612722531,90,0.0,2.0,0.0,0.0,0.0,0.04,0.0,0.0,0.22
chesca_commitment_full_mesh,539,12,6,0,3.7210316612447096,3.72103166124471,4.440892098500626e-16,8.586002349853516,0.08027786043364439,90,0.0,0.0,0.0,0.0,0.0,0.0,0.0,0.0,0.22
chesca_commitment_full_mesh,540,13,6,2,5.619043188561274,5.487043188561273,-0.13200000000000056,8.586002349853516,0.11153039914299837,90,2.0,0.0,0.04000000000000001,0.0,0.04000000000000001,0.0,0.04000000000000001,0.020000000000000004,0.22666666666666668
chesca_commitment_full_mesh,541,14,6,0,6.217499452431839,6.217499452431839,0.0,8.586002349853516,0.16402028059111567,90,0.0,0.0,0.0,0.0,0.0,0.0,0.04000000000000001,0.020000000000000004,0.22666666666666668
chesca_commitment_full_mesh,542,15,6,2,6.963342695005899,7.0409575253792775,0.07761483037337857,8.618677139282227,-0.21722317818112769,90,0.0,2.0,0.0,0.04,0.0,0.04,3.469446951953614e-18,3.469446951953614e-18,0.23333333333333336
chesca_commitment_full_mesh,543,16,6,1,8.245301490286916,8.245301490286916,0.0,8.62570858001709,0.0253464843428311,90,0.0,1.0,0.0,0.0,0.0,0.04000000000000001,3.469446951953614e-18,3.469446951953614e-18,0.22333333333333336
chesca_commitment_full_mesh,544,17,6,6,10.665022494881422,9.855022494881421,-0.8100000000000005,8.618677139282227,0.9187266267884223,90,6.0,0.0,0.22000000000000003,0.0,0.22000000000000003,0.0,0.22000000000000003,0.04000000000000001,0.25
chesca_commitment_full_mesh,545,18,6,0,11.176238687042305,11.176238687042305,0.0,8.618677139282227,1.1105376647050975,90,0.0,0.0,0.0,0.0,0.0,0.0,0.22000000000000003,0.04000000000000001,0.25
chesca_commitment_full_mesh,546,19,6,5,13.803178837789678,13.431178837789677,-0.37200000000000166,8.618677139282227,1.6863638868989692,90,5.0,0.0,0.1,0.0,0.1,0.0,0.32,0.06000000000000001,0.26666666666666666
chesca_commitment_full_mesh,547,20,6,0,12.298430149245984,12.298430149245986,1.7763568394002505e-15,8.618677139282227,0.9883109596468888,90,0.0,0.0,0.0,0.0,0.0,0.0,0.32,0.06000000000000001,0.25333333333333335
chesca_commitment_full_mesh,548,21,6,0,12.007839003116827,12.007839003116825,-1.7763568394002505e-15,8.618677139282227,0.9211525253011551,90,0.0,0.0,0.0,0.0,0.0,0.0,0.32,0.06000000000000001,0.25333333333333335
chesca_commitment_full_mesh,549,22,6,6,8.977894287265144,9.787894287265143,0.8099999999999987,8.618677139282227,-0.1761475543901504,90,0.0,6.0,0.0,0.22,0.0,0.22,0.10000000000000003,0.02000000000000001,0.29000000000000004
chesca_commitment_full_mesh,550,23,6,0,9.547294803815596,9.547294803815596,0.0,8.62570858001709,0.1997336231575452,90,0.0,0.0,0.0,0.0,0.0,0.0,0.10000000000000003,0.02000000000000001,0.26
chesca_commitment_full_mesh,551,24,6,4,9.939375883758027,10.245375883758026,0.30599999999999916,8.63971996307373,-0.059067698304630364,90,0.0,4.0,0.0,0.08,0.0,0.08000000000000002,0.020000000000000014,0.019999999999999997,0.2733333333333334
chesca_commitment_full_mesh,552,1,6,1,11.529117942691423,11.463117942691422,-0.06600000000000072,8.63971996307373,0.7601395081031384,90,1.0,0.0,0.020000000000000004,0.0,0.020000000000000004,0.0,0.04000000000000002,0.020000000000000007,0.24333333333333332
chesca_commitment_full_mesh,553,2,6,2,8.499401008041094,8.631401008041093,0.13199999999999967,8.63971996307373,-0.17571973330208684,90,0.0,2.0,0.0,0.04,0.0,0.04000000000000001,1.734723475976807e-17,6.938893903907228e-18,0.22666666666666668
chesca_commitment_full_mesh,554,3,6,2,6.911306610181483,7.071306610181482,0.15999999999999925,8.63971996307373,-0.21674820644974396,90,0.0,2.0,0.0,6.938893903907228e-18,0.0,0.04000000000000001,1.0408340855860843e-17,6.938893903907228e-18,0.22666666666666668
chesca_commitment_full_mesh,555,4,6,0,7.4215765167198295,7.42157651671983,8.881784197001252e-16,8.63971996307373,-0.05986532888032041,90,0.0,0.0,0.0,0.0,0.0,0.0,1.0408340855860843e-17,6.938893903907228e-18,0.21
chesca_commitment_full_mesh,556,5,6,6,6.112878330662035,6.922878330662035,0.8100000000000005,8.651936531066895,-0.994305136915772,90,0.0,6.0,0.0,1.0408340855860843e-17,0.0,0.22000000000000003,0.0,0.0,0.23333333333333336
chesca_commitment_full_mesh,557,6,6,0,5.80309001706966,5.8030900170696595,-8.881784197001252e-16,8.651936531066895,-0.14379413338482233,90,0.0,0.0,0.0,0.0,0.0,0.0,0.0,0.0,0.23333333333333336
chesca_commitment_full_mesh,558,7,6,0,5.564784232323528,5.564784232323528,0.0,8.651936531066895,-0.016583607417382774,90,0.0,0.0,0.0,0.0,0.0,0.0,0.0,0.0,0.23333333333333336
chesca_commitment_full_mesh,559,8,6,0,4.940045652202478,4.940045652202477,-8.881784197001252e-16,8.651936531066895,-0.0897227054068647,90,0.0,0.0,0.0,0.0,0.0,0.0,0.0,0.0,0.21333333333333335
chesca_commitment_full_mesh,560,9,6,3,2.5058578906278393,2.7113777792456153,0.20551988861777604,8.651936531066895,-0.32099399683725127,90,0.0,3.0,0.0,0.0,0.0,0.06000000000000001,0.0,0.0,0.21666666666666667
chesca_commitment_full_mesh,561,10,6,0,3.6622745419355,3.6622745419355,0.0,8.651936531066895,-0.0036575480269428473,90,0.0,0.0,0.0,0.0,0.0,0.0,0.0,0.0,0.19333333333333336
chesca_commitment_full_mesh,562,11,6,0,3.7548389148878125,3.754838914887813,4.440892098500626e-16,8.651936531066895,-0.035199363374531674,90,0.0,0.0,0.0,0.0,0.0,0.0,0.0,0.0,0.18666666666666668
chesca_commitment_full_mesh,563,12,6,0,4.421240447034121,4.421240447034121,0.0,8.651936531066895,-0.035765867563179045,90,0.0,0.0,0.0,0.0,0.0,0.0,0.0,0.0,0.18666666666666668
chesca_commitment_full_mesh,564,13,6,6,5.628038219877327,5.9923522422724975,0.3643140223951704,8.655317306518555,-0.37122486354828205,90,0.0,6.0,0.0,0.0,0.0,0.14,0.0,0.0,0.20333333333333334
chesca_commitment_full_mesh,565,14,6,3,5.1017900972532,5.212905154566241,0.11111505731304039,8.655317306518555,-0.23249559588345994,90,0.0,3.0,0.0,0.0,0.0,0.1,0.0,0.0,0.22
chesca_commitment_full_mesh,566,15,6,0,5.360222729130493,5.360222729130493,0.0,8.655317306518555,0.054206223051671776,90,0.0,0.0,0.0,0.0,0.0,0.0,0.0,0.0,0.21333333333333335
chesca_commitment_full_mesh,567,16,6,5,9.05448731567228,8.69648731567228,-0.35799999999999876,8.655317306518555,0.5739774693988723,90,4.0,1.0,0.1,0.0,0.1,0.03999999999999998,0.1,0.04,0.23
chesca_commitment_full_mesh,568,17,6,0,11.731488743432704,11.731488743432704,0.0,8.655317306518555,0.6244551958387178,90,0.0,0.0,0.0,0.0,0.0,0.0,0.1,0.04,0.19333333333333336
chesca_commitment_full_mesh,569,18,6,5,12.11342893954451,11.36942893954451,-0.7439999999999998,8.655317306518555,1.1133008657738614,90,5.0,0.0,0.20000000000000004,0.0,0.20000000000000004,0.0,0.30000000000000004,0.06000000000000001,0.22666666666666668
chesca_commitment_full_mesh,570,19,6,3,14.884525256857913,14.606525256857914,-0.2779999999999987,8.655317306518555,1.8494251330624074,90,3.0,0.0,0.08000000000000002,0.0,0.08000000000000002,0.0,0.38000000000000006,0.08000000000000002,0.22333333333333336
chesca_commitment_full_mesh,571,20,6,0,13.540374301012392,13.54037430101239,-1.7763568394002505e-15,8.655317306518555,1.1996804237275516,90,0.0,0.0,0.0,0.0,0.0,0.0,0.38000000000000006,0.08000000000000002,0.22333333333333336
chesca_commitment_full_mesh,572,21,6,0,12.69947869776345,12.69947869776345,0.0,8.655317306518555,1.0390231649885553,90,0.0,0.0,0.0,0.0,0.0,0.0,0.38000000000000006,0.08000000000000002,0.22333333333333336
chesca_commitment_full_mesh,573,22,6,0,9.67935035936804,9.67935035936804,0.0,8.655317306518555,0.12979610491741372,90,0.0,0.0,0.0,0.0,0.0,0.0,0.38000000000000006,0.08000000000000002,0.18666666666666665
chesca_commitment_full_mesh,574,23,6,0,10.107511174726689,10.107511174726689,0.0,8.662679672241211,0.37973629433800077,90,0.0,0.0,0.0,0.0,0.0,0.0,0.38000000000000006,0.08000000000000002,0.18666666666666665
chesca_commitment_full_mesh,575,24,6,0,10.705355020449893,10.705355020449893,0.0,8.662679672241211,0.6178734200906107,90,0.0,0.0,0.0,0.0,0.0,0.0,0.38000000000000006,0.08000000000000002,0.17333333333333334
chesca_commitment_full_mesh,576,1,6,0,10.059133999406011,10.059133999406011,0.0,8.662679672241211,0.2819680114122296,90,0.0,0.0,0.0,0.0,0.0,0.0,0.38000000000000006,0.08000000000000002,0.17
chesca_commitment_full_mesh,577,2,6,6,9.038192498591588,9.91419249859159,0.8760000000000012,8.662679672241211,-0.026521790633680816,90,0.0,6.0,0.0,0.24000000000000005,0.0,0.24000000000000005,0.14,0.04000000000000001,0.20333333333333334
chesca_commitment_full_mesh,578,3,6,6,6.860426834276443,7.430426834276444,0.5700000000000012,8.679791450500488,-0.25599787325506546,90,0.0,6.0,0.0,0.14,0.0,0.16,1.3877787807814457e-17,6.938893903907228e-18,0.22333333333333336
chesca_commitment_full_mesh,579,4,6,1,6.60326803072398,6.683268030723981,0.08000000000000096,8.679791450500488,-0.13836084241219623,90,0.0,1.0,0.0,0.0,0.0,0.02,1.3877787807814457e-17,6.938893903907228e-18,0.22666666666666668
chesca_commitment_full_mesh,580,5,6,0,6.334981661428558,6.334981661428558,0.0,8.679791450500488,-0.06676804848433421,90,0.0,0.0,0.0,0.0,0.0,0.0,1.3877787807814457e-17,6.938893903907228e-18,0.19000000000000003
chesca_commitment_full_mesh,581,6,6,4,6.45319216101704,6.818316467002233,0.3651243059851925,8.679791450500488,-0.08364977509952545,90,0.0,4.0,0.0,1.3877787807814457e-17,0.0,0.1,0.0,0.0,0.20666666666666667
chesca_commitment_full_mesh,582,7,6,2,5.606197269852642,5.6895429457151225,0.0833456758624802,8.679791450500488,-0.1816762614138926,90,0.0,2.0,0.0,0.0,0.0,0.04,0.0,0.0,0.21333333333333335
chesca_commitment_full_mesh,583,8,6,2,4.666758969580512,4.7405215913390535,0.07376262175854187,8.679791450500488,-0.1652601390136897,90,0.0,2.0,0.0,0.0,0.0,0.04,0.0,0.0,0.22
chesca_commitment_full_mesh,584,9,6,0,3.471090196509234,3.471090196509234,0.0,8.679791450500488,-0.13865869453090565,90,0.0,0.0,0.0,0.0,0.0,0.0,0.0,0.0,0.21
chesca_commitment_full_mesh,585,10,6,3,2.438557664570503,2.6099341321885787,0.1713764676180758,8.679791450500488,-0.10732097952013253,90,0.0,3.0,0.0,0.0,0.0,0.06000000000000001,0.0,0.0,0.22
chesca_commitment_full_mesh,586,11,6,0,1.7452787169805242,1.7452787169805242,0.0,8.679791450500488,-0.22286113940762292,90,0.0,0.0,0.0,0.0,0.0,0.0,0.0,0.0,0.22
chesca_commitment_full_mesh,587,12,6,0,2.3068025426489998,2.3068025426489998,0.0,8.679791450500488,0.06458437931789254,90,0.0,0.0,0.0,0.0,0.0,0.0,0.0,0.0,0.22
chesca_commitment_full_mesh,588,13,6,0,4.279686500157829,4.279686500157829,0.0,8.679791450500488,0.23143459786429077,90,0.0,0.0,0.0,0.0,0.0,0.0,0.0,0.0,0.19666666666666666
chesca_commitment_full_mesh,589,14,6,6,4.763428921840702,4.245428921840702,-0.5179999999999998,8.679791450500488,0.11827581287092538,90,6.0,0.0,0.14,0.0,0.14,0.0,0.14,0.04000000000000001,0.20333333333333337
chesca_commitment_full_mesh,590,15,6,0,6.727211694030068,6.727211694030067,-8.881784197001252e-16,8.679791450500488,0.20593768341433866,90,0.0,0.0,0.0,0.0,0.0,0.0,0.14,0.04000000000000001,0.20333333333333337
chesca_commitment_full_mesh,591,16,6,0,8.055666075532423,8.055666075532423,0.0,8.679791450500488,0.46330334075847485,90,0.0,0.0,0.0,0.0,0.0,0.0,0.14,0.04000000000000001,0.18000000000000002
chesca_commitment_full_mesh,592,17,6,0,9.098417217066629,9.09841721706663,1.7763568394002505e-15,8.692191123962402,0.41633170742914094,90,0.0,0.0,0.0,0.0,0.0,0.0,0.14,0.04000000000000001,0.18000000000000002
chesca_commitment_full_mesh,593,18,6,5,10.314246903798999,9.678246903799,-0.6359999999999992,8.730283737182617,0.7286655386421921,90,5.0,0.0,0.18000000000000002,0.0,0.18000000000000002,0.0,0.32,0.06000000000000001,0.17666666666666672
chesca_commitment_full_mesh,594,19,6,0,11.85042022963844,11.850420229638438,-1.7763568394002505e-15,8.730283737182617,0.9667407994099291,90,0.0,0.0,0.0,0.0,0.0,0.0,0.32,0.06000000000000001,0.16333333333333336
chesca_commitment_full_mesh,595,20,6,0,11.857408711041632,11.857408711041632,0.0,8.730283737182617,0.775364287875717,90,0.0,0.0,0.0,0.0,0.0,0.0,0.32,0.06000000000000001,0.16333333333333336
chesca_commitment_full_mesh,596,21,6,0,10.95520307779312,10.95520307779312,0.0,8.730283737182617,0.4302628745048225,90,0.0,0.0,0.0,0.0,0.0,0.0,0.32,0.06000000000000001,0.16333333333333336
chesca_commitment_full_mesh,597,22,6,6,9.88167637012657,10.75767637012657,0.8759999999999994,8.730283737182617,-0.17709457388635663,90,0.0,6.0,0.0,0.24000000000000005,0.0,0.24000000000000005,0.08000000000000004,0.02000000000000001,0.20333333333333334
chesca_commitment_full_mesh,598,23,6,1,9.725779458009935,9.645779458009935,-0.08000000000000007,8.834918975830078,0.13452456802593607,90,1.0,0.0,0.02,0.0,0.02,0.0,0.10000000000000006,0.02000000000000001,0.20666666666666667
chesca_commitment_full_mesh,599,24,6,0,9.874828647366027,9.874828647366025,-1.7763568394002505e-15,8.834918975830078,0.22212066119765247,90,0.0,0.0,0.0,0.0,0.0,0.0,0.10000000000000006,0.02000000000000001,0.20666666666666667
chesca_commitment_full_mesh,600,1,6,5,8.73741253883518,9.095412538835179,0.35799999999999876,8.939204216003418,-0.07634980462758212,90,0.0,5.0,0.0,0.10000000000000002,0.0,0.10000000000000002,3.469446951953614e-17,6.938893903907228e-18,0.22333333333333336
chesca_commitment_full_mesh,601,2,6,1,8.443439055803404,8.509439055803405,0.06600000000000072,9.002723693847656,-0.16475378532740087,90,0.0,1.0,0.0,6.938893903907228e-18,0.0,0.020000000000000004,2.7755575615628914e-17,6.938893903907228e-18,0.18666666666666668
chesca_commitment_full_mesh,602,3,6,6,7.499725910611144,8.229725910611144,0.7300000000000004,9.002723693847656,-0.1520311178876024,90,0.0,6.0,0.0,2.7755575615628914e-17,0.0,0.20000000000000004,0.0,0.0,0.19333333333333336
chesca_commitment_full_mesh,603,4,6,6,6.00068290927064,6.553173670767445,0.5524907614968049,9.002723693847656,-0.30658449816020483,90,0.0,6.0,0.0,0.0,0.0,0.16000000000000003,0.0,0.0,0.21666666666666667
chesca_commitment_full_mesh,604,5,6,1,5.77863498653832,5.85863498653832,0.08000000000000007,9.002723693847656,-0.14321882228040725,90,0.0,1.0,0.0,0.0,0.0,0.02,0.0,0.0,0.22
chesca_commitment_full_mesh,605,6,6,0,5.786436837918395,5.786436837918394,-8.881784197001252e-16,9.002723693847656,-0.0744886052388217,90,0.0,0.0,0.0,0.0,0.0,0.0,0.0,0.0,0.20333333333333334
chesca_commitment_full_mesh,606,7,6,0,5.477090096544719,5.477090096544719,0.0,9.002723693847656,-0.060752227727985365,90,0.0,0.0,0.0,0.0,0.0,0.0,0.0,0.0,0.19666666666666666
chesca_commitment_full_mesh,607,8,6,6,5.488825318983599,4.970825318983599,-0.5179999999999998,8.939204216003418,0.08613545273390681,90,6.0,0.0,0.14,0.0,0.14,0.0,0.14,0.04,0.21333333333333335
chesca_commitment_full_mesh,608,9,6,6,5.526945169229752,6.002400651911628,0.475455482681876,9.002723693847656,-0.33354682565033983,90,0.0,6.0,0.0,0.14,0.0,0.14,0.0,0.0,0.2366666666666667
chesca_commitment_full_mesh,609,10,6,0,2.254373719726834,2.254373719726834,0.0,9.002723693847656,-0.2282250883280076,90,0.0,0.0,0.0,0.0,0.0,0.0,0.0,0.0,0.22666666666666668
chesca_commitment_full_mesh,610,11,6,1,2.993693930742991,3.0736939307429916,0.08000000000000052,9.002723693847656,-0.09066830988086594,90,0.0,1.0,0.0,0.0,0.0,0.02,0.0,0.0,0.23
chesca_commitment_full_mesh,611,12,6,0,5.374713032794251,5.374713032794251,0.0,9.002723693847656,0.16723553595373922,90,0.0,0.0,0.0,0.0,0.0,0.0,0.0,0.0,0.23
chesca_commitment_full_mesh,612,13,6,4,5.251672384820697,5.4809475964496,0.22927521162890319,9.040265083312988,-0.7289966222182148,90,0.0,4.0,0.0,0.0,0.0,0.08,0.0,0.0,0.24333333333333337
chesca_commitment_full_mesh,613,14,6,0,3.860466851052006,3.860466851052006,0.0,9.040265083312988,0.07162233604425278,90,0.0,0.0,0.0,0.0,0.0,0.0,0.0,0.0,0.22
chesca_commitment_full_mesh,614,15,6,1,6.437025219646842,6.357025219646843,-0.07999999999999918,9.040265083312988,0.27052624988774476,90,1.0,0.0,0.020000000000000004,0.0,0.020000000000000004,0.0,0.020000000000000004,0.020000000000000004,0.22333333333333336
chesca_commitment_full_mesh,615,16,6,0,7.62794696733819,7.62794696733819,0.0,9.040265083312988,0.2588368410892155,90,0.0,0.0,0.0,0.0,0.0,0.0,0.020000000000000004,0.020000000000000004,0.22333333333333336
chesca_commitment_full_mesh,616,17,6,1,8.83033351555649,8.83033351555649,0.0,9.040265083312988,0.21061112844397037,90,0.0,1.0,0.0,0.0,0.0,0.04000000000000001,0.020000000000000004,0.020000000000000004,0.23
chesca_commitment_full_mesh,617,18,6,5,11.741634838856758,11.209634838856758,-0.532,9.002723693847656,0.9152511888947948,90,5.0,0.0,0.14,0.0,0.14,0.0,0.16,0.04000000000000001,0.22333333333333336
chesca_commitment_full_mesh,618,19,6,6,14.798324755733601,14.082324755733602,-0.7159999999999993,9.002723693847656,1.7217839895562994,90,6.0,0.0,0.20000000000000004,0.0,0.20000000000000004,0.0,0.36000000000000004,0.08000000000000002,0.25666666666666665
chesca_commitment_full_mesh,619,20,6,0,13.986614518948056,13.986614518948057,1.7763568394002505e-15,9.002723693847656,1.297968780348545,90,0.0,0.0,0.0,0.0,0.0,0.0,0.36000000000000004,0.08000000000000002,0.25666666666666665
chesca_commitment_full_mesh,620,21,6,0,11.283107087898793,11.283107087898793,0.0,9.002723693847656,0.5053218597431237,90,0.0,0.0,0.0,0.0,0.0,0.0,0.36000000000000004,0.08000000000000002,0.25666666666666665
chesca_commitment_full_mesh,621,22,6,6,8.674357513804434,9.550357513804435,0.8760000000000012,9.002723693847656,-0.16675076320704982,90,0.0,6.0,0.0,0.24000000000000002,0.0,0.24000000000000002,0.12000000000000002,0.040000000000000015,0.25666666666666665
chesca_commitment_full_mesh,622,23,6,5,9.28763912437913,9.659639124379128,0.3719999999999981,9.040265083312988,-0.0468594947134995,90,0.0,5.0,0.0,0.09999999999999998,0.0,0.1,0.020000000000000035,0.020000000000000014,0.27
chesca_commitment_full_mesh,623,24,6,0,9.833490356980477,9.833490356980477,0.0,9.040265083312988,0.23724474993886083,90,0.0,0.0,0.0,0.0,0.0,0.0,0.020000000000000035,0.020000000000000014,0.27
chesca_commitment_full_mesh,624,1,6,0,9.398769362442767,9.398769362442767,0.0,9.040265083312988,0.020754215951609464,90,0.0,0.0,0.0,0.0,0.0,0.0,0.020000000000000035,0.020000000000000014,0.25333333333333335
chesca_commitment_full_mesh,625,2,6,0,9.411652515858892,9.411652515858892,0.0,9.040265083312988,0.13133920401852175,90,0.0,0.0,0.0,0.0,0.0,0.0,0.020000000000000035,0.020000000000000014,0.25
chesca_commitment_full_mesh,626,3,6,1,7.0789754488015095,7.1589754488015105,0.08000000000000096,9.040265083312988,-0.14589420969309552,90,0.0,1.0,0.0,0.020000000000000004,0.0,0.020000000000000004,3.122502256758253e-17,1.0408340855860843e-17,0.22
chesca_commitment_full_mesh,627,4,6,1,7.127692458572266,6.9956924585722655,-0.13200000000000056,9.040265083312988,0.08605833021572153,90,1.0,0.0,0.04,0.0,0.04,0.0,0.040000000000000036,0.04,0.20000000000000004
chesca_commitment_full_mesh,628,5,6,3,6.582704560744503,6.238704560744502,-0.3440000000000012,9.040265083312988,0.12312979496753741,90,3.0,0.0,0.1,0.0,0.1,0.0,0.14000000000000004,0.04,0.21333333333333335
chesca_commitment_full_mesh,629,6,6,1,6.3469109764903475,6.2669109764903475,-0.08000000000000007,9.040265083312988,0.22145477675538774,90,1.0,0.0,0.02,0.0,0.02,0.0,0.16000000000000003,0.04,0.21666666666666667
chesca_commitment_full_mesh,630,7,6,0,4.8978503015203225,4.897850301520322,-8.881784197001252e-16,9.040265083312988,0.1615453477425702,90,0.0,0.0,0.0,0.0,0.0,0.0,0.16000000000000003,0.04,0.21666666666666667
chesca_commitment_full_mesh,631,8,6,0,4.988062963021387,4.988062963021387,0.0,9.040265083312988,0.20112170999591844,90,0.0,0.0,0.0,0.0,0.0,0.0,0.16000000000000003,0.04,0.19333333333333333
chesca_commitment_full_mesh,632,9,6,1,4.934110161084176,4.854110161084176,-0.08000000000000007,9.040265083312988,0.20073754866846222,90,1.0,0.0,0.02,0.0,0.02,0.0,0.18000000000000005,0.04,0.1733333333333333
chesca_commitment_full_mesh,633,10,6,0,3.6373418340381547,3.637341834038155,4.440892098500626e-16,9.040265083312988,0.11076206931881415,90,0.0,0.0,0.0,0.0,0.0,0.0,0.18000000000000005,0.04,0.1733333333333333
chesca_commitment_full_mesh,634,11,6,0,4.473051861792371,4.473051861792372,8.881784197001252e-16,9.040265083312988,0.3846326802341101,90,0.0,0.0,0.0,0.0,0.0,0.0,0.18000000000000005,0.04,0.17
chesca_commitment_full_mesh,635,12,6,0,1.5263861854564817,1.5263861854564817,0.0,9.040265083312988,0.22741942791708045,90,0.0,0.0,0.0,0.0,0.0,0.0,0.18000000000000005,0.04,0.17
chesca_commitment_full_mesh,636,13,6,0,1.2450811249772482,1.2450811249772482,0.0,9.040265083312988,0.2721265215202076,90,0.0,0.0,0.0,0.0,0.0,0.0,0.18000000000000005,0.04,0.15666666666666668
chesca_commitment_full_mesh,637,14,6,0,3.870158347275296,3.870158347275296,0.0,9.040265083312988,0.35358123489515847,90,0.0,0.0,0.0,0.0,0.0,0.0,0.18000000000000005,0.04,0.15666666666666668
chesca_commitment_full_mesh,638,15,6,0,7.076338646565889,7.076338646565888,-8.881784197001252e-16,9.040265083312988,0.15727657821169727,90,0.0,0.0,0.0,0.0,0.0,0.0,0.18000000000000005,0.04,0.15333333333333335
chesca_commitment_full_mesh,639,16,6,6,7.875039639740454,8.416801173933044,0.5417615341925899,9.117532730102539,0.010874945929538582,90,0.0,6.0,0.0,0.18,0.0,0.18,4.163336342344337e-17,2.0816681711721685e-17,0.18333333333333332
chesca_commitment_full_mesh,640,17,6,0,7.1661831366745705,7.166183136674571,8.881784197001252e-16,9.040265083312988,0.016935854727744143,90,0.0,0.0,0.0,0.0,0.0,0.0,4.163336342344337e-17,2.0816681711721685e-17,0.17666666666666667
chesca_commitment_full_mesh,641,18,6,0,7.396361671719999,7.396361671719999,0.0,9.019750595092773,0.074403855794457,90,0.0,0.0,0.0,0.0,0.0,0.0,4.163336342344337e-17,2.0816681711721685e-17,0.15333333333333335
chesca_commitment_full_mesh,642,19,6,6,8.599416721904118,7.723416721904117,-0.8760000000000012,8.99494457244873,0.17634625060078465,90,6.0,0.0,0.24000000000000005,0.0,0.24000000000000005,0.0,0.24000000000000007,0.04000000000000002,0.16
chesca_commitment_full_mesh,643,20,6,6,8.853117578583998,9.729117578583997,0.8759999999999994,8.99494457244873,-0.14704663134026572,90,0.0,6.0,0.0,0.24000000000000005,0.0,0.24000000000000005,4.85722573273506e-17,1.3877787807814457e-17,0.19999999999999998
chesca_commitment_full_mesh,644,21,6,4,7.385146638526766,7.851146638526767,0.4660000000000011,8.99494457244873,-0.0851089751453534,90,0.0,4.0,0.0,3.469446951953614e-17,0.0,0.12000000000000001,1.3877787807814457e-17,6.938893903907228e-18,0.22
chesca_commitment_full_mesh,645,22,6,0,6.9432094413020415,6.9432094413020415,0.0,8.99494457244873,-0.30697549431919346,90,0.0,0.0,0.0,0.0,0.0,0.0,1.3877787807814457e-17,6.938893903907228e-18,0.18000000000000002
chesca_commitment_full_mesh,646,23,6,6,7.827442590533932,6.951442590533931,-0.8760000000000012,8.939204216003418,0.14819400325112697,90,6.0,0.0,0.24000000000000002,0.0,0.24000000000000002,0.0,0.24000000000000002,0.040000000000000015,0.20333333333333334
chesca_commitment_full_mesh,647,24,6,0,8.507524131783375,8.507524131783375,0.0,8.834918975830078,0.15072158344394102,90,0.0,0.0,0.0,0.0,0.0,0.0,0.24000000000000002,0.040000000000000015,0.20333333333333334
chesca_commitment_full_mesh,648,1,6,0,7.478504876866903,7.478504876866903,0.0,8.730283737182617,0.09677766026243419,90,0.0,0.0,0.0,0.0,0.0,0.0,0.24000000000000002,0.040000000000000015,0.20333333333333334
chesca_commitment_full_mesh,649,2,6,0,7.908715630072773,7.908715630072772,-8.881784197001252e-16,8.692191123962402,0.20101958981845353,90,0.0,0.0,0.0,0.0,0.0,0.0,0.24000000000000002,0.040000000000000015,0.20333333333333334
chesca_commitment_full_mesh,650,3,6,5,5.996865820164038,6.359024545815866,0.3621587256518284,8.674525260925293,0.026906741782497995,90,0.0,5.0,0.0,0.10000000000000002,0.0,0.10000000000000002,0.14,0.04,0.21666666666666667
chesca_commitment_full_mesh,651,4,6,0,5.119655230959751,5.119655230959751,0.0,8.653068542480469,0.0794996050133207,90,0.0,0.0,0.0,0.0,0.0,0.0,0.14,0.04,0.21
chesca_commitment_full_mesh,652,5,6,0,5.207530011751026,5.207530011751026,0.0,8.63971996307373,0.19533219125714618,90,0.0,0.0,0.0,0.0,0.0,0.0,0.14,0.04,0.19333333333333336
chesca_commitment_full_mesh,653,6,6,0,5.508267991522864,5.508267991522865,8.881784197001252e-16,8.63971996307373,0.12969699665245135,90,0.0,0.0,0.0,0.0,0.0,0.0,0.14,0.04,0.19000000000000003
chesca_commitment_full_mesh,654,7,6,0,4.680370335573938,4.680370335573938,0.0,8.63971996307373,0.05720573725809819,90,0.0,0.0,0.0,0.0,0.0,0.0,0.14,0.04,0.19000000000000003
chesca_commitment_full_mesh,655,8,6,6,4.435608137021841,4.722840744836544,0.28723260781470294,8.63971996307373,-0.0886707066953478,90,0.0,6.0,0.0,0.13999999999999999,0.0,0.14,1.3877787807814457e-17,1.0408340855860843e-17,0.21333333333333335
chesca_commitment_full_mesh,656,9,6,3,5.484898436395128,5.352898436395128,-0.13200000000000056,8.63971996307373,0.08255996100792753,90,2.0,1.0,0.04000000000000001,0.0,0.04000000000000001,0.04000000000000001,0.04000000000000002,0.02000000000000001,0.22333333333333336
chesca_commitment_full_mesh,657,10,6,4,4.189148927165031,4.427579393820358,0.23843046665532697,8.653068542480469,-0.4466774814004094,90,0.0,4.0,0.0,0.04000000000000001,0.0,0.08000000000000002,1.3877787807814457e-17,6.938893903907228e-18,0.23666666666666666
chesca_commitment_full_mesh,658,11,6,0,3.9898800920211146,3.989880092021115,4.440892098500626e-16,8.653068542480469,0.1251669852206457,90,0.0,0.0,0.0,0.0,0.0,0.0,1.3877787807814457e-17,6.938893903907228e-18,0.23666666666666666
chesca_commitment_full_mesh,659,12,6,0,3.778803266798647,3.7788032667986466,-4.440892098500626e-16,8.653068542480469,0.07946687242463171,90,0.0,0.0,0.0,0.0,0.0,0.0,1.3877787807814457e-17,6.938893903907228e-18,0.23666666666666666
chesca_commitment_full_mesh,660,13,6,0,2.468542991540331,2.468542991540331,0.0,8.653068542480469,0.06658787750357278,90,0.0,0.0,0.0,0.0,0.0,0.0,1.3877787807814457e-17,6.938893903907228e-18,0.23666666666666666
chesca_commitment_full_mesh,661,14,6,0,2.909885741040278,2.9098857410402785,4.440892098500626e-16,8.653068542480469,0.10443119979794838,90,0.0,0.0,0.0,0.0,0.0,0.0,1.3877787807814457e-17,6.938893903907228e-18,0.23666666666666666
chesca_commitment_full_mesh,662,15,6,0,3.4487508102789217,3.4487508102789217,0.0,8.653068542480469,0.08131336447239632,90,0.0,0.0,0.0,0.0,0.0,0.0,1.3877787807814457e-17,6.938893903907228e-18,0.23666666666666666
chesca_commitment_full_mesh,663,16,6,2,3.74203560402483,3.5960356040248302,-0.1459999999999999,8.653068542480469,0.44110374065434554,90,2.0,0.0,0.04,0.0,0.04,0.0,0.040000000000000015,0.02,0.21333333333333335
chesca_commitment_full_mesh,664,17,6,3,6.234700254188255,6.022700254188256,-0.21199999999999886,8.653068542480469,0.3356875365289266,90,3.0,0.0,0.06000000000000001,0.0,0.06000000000000001,0.0,0.10000000000000002,0.02000000000000001,0.2233333333333333
chesca_commitment_full_mesh,665,18,6,0,7.4794776750110135,7.4794776750110135,0.0,8.643599510192871,0.4157543701547088,90,0.0,0.0,0.0,0.0,0.0,0.0,0.10000000000000002,0.02000000000000001,0.2233333333333333
chesca_commitment_full_mesh,666,19,6,0,7.284200344979137,7.284200344979137,0.0,8.621657371520996,0.07032941395639186,90,0.0,0.0,0.0,0.0,0.0,0.0,0.10000000000000002,0.02000000000000001,0.18333333333333335
chesca_commitment_full_mesh,667,20,6,0,7.769132495401077,7.769132495401077,0.0,8.581049919128418,0.057148770149470125,90,0.0,0.0,0.0,0.0,0.0,0.0,0.10000000000000002,0.02000000000000001,0.14333333333333334
chesca_commitment_full_mesh,668,21,6,0,7.957653926027982,7.957653926027982,0.0,8.527021408081055,0.06538595219458143,90,0.0,0.0,0.0,0.0,0.0,0.0,0.10000000000000002,0.02000000000000001,0.12333333333333335
chesca_commitment_full_mesh,669,22,6,6,7.49858386760779,8.37458386760779,0.8759999999999994,8.527021408081055,-1.0718651955016203,90,0.0,6.0,0.0,0.10000000000000002,0.0,0.24000000000000002,0.0,0.0,0.16333333333333336
chesca_commitment_full_mesh,670,23,6,0,7.727095251363295,7.727095251363295,0.0,8.527021408081055,-0.056831020164813575,90,0.0,0.0,0.0,0.0,0.0,0.0,0.0,0.0,0.12333333333333334
chesca_commitment_full_mesh,671,24,6,0,7.502456411442509,7.502456411442509,0.0,8.496803283691406,0.04834214333391125,90,0.0,0.0,0.0,0.0,0.0,0.0,0.0,0.0,0.12333333333333334
chesca_commitment_full_mesh,672,1,6,6,7.678033480759101,6.802033480759101,-0.8760000000000003,8.43513011932373,0.08454537168862403,90,6.0,0.0,0.24000000000000005,0.0,0.24000000000000005,0.0,0.24000000000000005,0.04000000000000001,0.16333333333333336
chesca_commitment_full_mesh,673,2,6,0,7.21353595176903,7.213535951769029,-8.881784197001252e-16,8.363327026367188,0.15477939379187738,90,0.0,0.0,0.0,0.0,0.0,0.0,0.24000000000000005,0.04000000000000001,0.16333333333333336
chesca_commitment_full_mesh,674,3,6,6,6.441849910803126,7.317849910803125,0.8759999999999994,8.363327026367188,0.0038301676771688165,90,0.0,6.0,0.0,0.24000000000000002,0.0,0.24000000000000005,6.938893903907228e-18,6.938893903907228e-18,0.18666666666666665
chesca_commitment_full_mesh,675,4,6,0,5.193842682682289,5.1938426826822885,-8.881784197001252e-16,8.363327026367188,-0.04609065536271459,90,0.0,0.0,0.0,0.0,0.0,0.0,6.938893903907228e-18,6.938893903907228e-18,0.18666666666666665
chesca_commitment_full_mesh,676,5,6,6,4.902925536315773,4.158925536315773,-0.7439999999999998,8.363327026367188,0.09530914546889935,90,6.0,0.0,0.2,0.0,0.2,0.0,0.2,0.04000000000000001,0.22
chesca_commitment_full_mesh,677,6,6,0,4.856534713508718,4.856534713508719,8.881784197001252e-16,8.363327026367188,0.23975976238419167,90,0.0,0.0,0.0,0.0,0.0,0.0,0.2,0.04000000000000001,0.22
chesca_commitment_full_mesh,678,7,6,0,4.842899244982977,4.842899244982978,8.881784197001252e-16,8.2869873046875,0.15447595610732462,90,0.0,0.0,0.0,0.0,0.0,0.0,0.2,0.04000000000000001,0.22
chesca_commitment_full_mesh,679,8,6,1,6.602664940825036,6.602664940825036,0.0,8.2869873046875,0.2984805353767205,90,0.0,1.0,0.0,0.03999999999999998,0.0,0.03999999999999998,0.16000000000000003,0.04000000000000001,0.20333333333333334
chesca_commitment_full_mesh,680,9,6,0,1.326320990296969,1.3263209902969693,2.220446049250313e-16,8.2869873046875,0.1757293689640292,90,0.0,0.0,0.0,0.0,0.0,0.0,0.16000000000000003,0.04000000000000001,0.18999999999999997
chesca_commitment_full_mesh,681,10,6,0,2.81429072706901,2.8142907270690105,4.440892098500626e-16,8.2869873046875,0.16321582705398674,90,0.0,0.0,0.0,0.0,0.0,0.0,0.16000000000000003,0.04000000000000001,0.17666666666666667
chesca_commitment_full_mesh,682,11,6,0,1.852488569904533,1.8524885699045326,-4.440892098500626e-16,8.2869873046875,0.11680847297020552,90,0.0,0.0,0.0,0.0,0.0,0.0,0.16000000000000003,0.04000000000000001,0.17666666666666667
chesca_commitment_full_mesh,683,12,6,0,1.0781131126376184,1.0781131126376184,0.0,8.2869873046875,0.23748166011432664,90,0.0,0.0,0.0,0.0,0.0,0.0,0.16000000000000003,0.04000000000000001,0.17666666666666667
chesca_commitment_full_mesh,684,13,6,0,3.551840935011966,3.551840935011965,-8.881784197001252e-16,8.2869873046875,0.32310416178078827,90,0.0,0.0,0.0,0.0,0.0,0.0,0.16000000000000003,0.04000000000000001,0.17666666666666667
chesca_commitment_full_mesh,685,14,6,5,4.096841300917463,4.451627104300754,0.35478580338329113,8.2869873046875,0.014971677213493316,90,0.0,5.0,0.0,0.16,0.0,0.16,3.122502256758253e-17,2.0816681711721685e-17,0.20333333333333334
chesca_commitment_full_mesh,686,15,6,0,6.2838594141102035,6.2838594141102035,0.0,8.2869873046875,0.076810898761482,90,0.0,0.0,0.0,0.0,0.0,0.0,3.122502256758253e-17,2.0816681711721685e-17,0.20333333333333334
chesca_commitment_full_mesh,687,16,6,5,6.670012080188847,6.166012080188848,-0.5039999999999996,8.2869873046875,0.37448957155785534,90,5.0,0.0,0.14,0.0,0.14,0.0,0.14000000000000007,0.04000000000000001,0.22
chesca_commitment_full_mesh,688,17,6,1,7.541397088233298,7.475397088233297,-0.06600000000000072,8.2869873046875,0.5220957537252531,90,1.0,0.0,0.020000000000000004,0.0,0.020000000000000004,0.0,0.16000000000000003,0.04000000000000001,0.21333333333333335
chesca_commitment_full_mesh,689,18,6,0,7.856778627743428,7.856778627743427,-8.881784197001252e-16,8.2869873046875,0.3641179816030319,90,0.0,0.0,0.0,0.0,0.0,0.0,0.16000000000000003,0.04000000000000001,0.21333333333333335
chesca_commitment_full_mesh,690,19,6,6,8.77849700857777,9.34849700857777,0.5700000000000003,8.363327026367188,-0.1290829164189859,90,0.0,6.0,0.0,0.16000000000000003,0.0,0.16000000000000003,3.122502256758253e-17,2.42861286636753e-17,0.24000000000000002
chesca_commitment_full_mesh,691,20,6,0,8.101365351918256,8.101365351918256,0.0,8.363327026367188,0.14645602800371632,90,0.0,0.0,0.0,0.0,0.0,0.0,3.122502256758253e-17,2.42861286636753e-17,0.24000000000000002
chesca_commitment_full_mesh,692,21,6,0,8.619846466491829,8.619846466491829,0.0,8.43513011932373,0.09370915812071709,90,0.0,0.0,0.0,0.0,0.0,0.0,3.122502256758253e-17,2.42861286636753e-17,0.24000000000000002
chesca_commitment_full_mesh,693,22,6,0,7.605352587528799,7.605352587528799,0.0,8.43513011932373,0.15997587653462972,90,0.0,0.0,0.0,0.0,0.0,0.0,3.122502256758253e-17,2.42861286636753e-17,0.19999999999999998
chesca_commitment_full_mesh,694,23,6,6,7.497479980501161,7.0594799805011625,-0.43799999999999883,8.43513011932373,0.08911701731053655,90,6.0,0.0,0.12000000000000002,0.0,0.12000000000000002,0.0,0.12000000000000005,0.020000000000000028,0.22
chesca_commitment_full_mesh,695,24,6,0,7.983093236631022,7.983093236631022,0.0,8.43513011932373,0.14489877790087835,90,0.0,0.0,0.0,0.0,0.0,0.0,0.12000000000000005,0.020000000000000028,0.22
chesca_commitment_full_mesh,696,1,6,6,7.6686098339741715,8.07450658243026,0.4058967484560885,8.43513011932373,0.002340849071263404,90,0.0,6.0,0.0,0.12000000000000002,0.0,0.12000000000000002,3.469446951953614e-17,2.42861286636753e-17,0.19999999999999998
chesca_commitment_full_mesh,697,2,6,5,6.404412940242859,6.762412940242859,0.35799999999999965,8.363327026367188,-0.09661839326538131,90,0.0,5.0,0.0,3.122502256758253e-17,0.0,0.10000000000000002,3.469446951953614e-18,3.469446951953614e-18,0.21666666666666667
chesca_commitment_full_mesh,698,3,6,0,5.627838633095404,5.627838633095404,0.0,8.363327026367188,-0.035653727736490344,90,0.0,0.0,0.0,0.0,0.0,0.0,3.469446951953614e-18,3.469446951953614e-18,0.17666666666666667
chesca_commitment_full_mesh,699,4,6,0,4.79029728818426,4.79029728818426,0.0,8.363327026367188,-0.031199195006268755,90,0.0,0.0,0.0,0.0,0.0,0.0,3.469446951953614e-18,3.469446951953614e-18,0.17666666666666667
chesca_commitment_full_mesh,700,5,6,0,4.87169833350301,4.87169833350301,0.0,8.363327026367188,0.07187863052816097,90,0.0,0.0,0.0,0.0,0.0,0.0,3.469446951953614e-18,3.469446951953614e-18,0.14333333333333334
chesca_commitment_full_mesh,701,6,6,6,4.915285920767479,4.03928592076748,-0.8759999999999994,8.363327026367188,0.11237315444011495,90,6.0,0.0,0.24000000000000002,0.0,0.24000000000000002,0.0,0.24000000000000005,0.04000000000000001,0.18333333333333332
chesca_commitment_full_mesh,702,7,6,0,4.286656039364254,4.286656039364254,0.0,8.363327026367188,0.21552595907562117,90,0.0,0.0,0.0,0.0,0.0,0.0,0.24000000000000005,0.04000000000000001,0.18333333333333332
chesca_commitment_full_mesh,703,8,6,0,3.8660763937052356,3.8660763937052356,0.0,8.363327026367188,0.08402499401160825,90,0.0,0.0,0.0,0.0,0.0,0.0,0.24000000000000005,0.04000000000000001,0.17666666666666667
chesca_commitment_full_mesh,704,9,6,6,3.5786959016138664,3.849856367099826,0.2711604654859596,8.363327026367188,0.01947736308884801,90,0.0,6.0,0.0,0.2,0.0,0.2,0.04000000000000001,0.02,0.21000000000000005
chesca_commitment_full_mesh,705,10,6,2,1.7986221081697449,1.866539173766058,0.06791706559631305,8.2869873046875,-0.06738537251816104,90,0.0,2.0,0.0,0.039999999999999994,0.0,0.04,6.938893903907228e-18,6.938893903907228e-18,0.21666666666666667
chesca_commitment_full_mesh,706,11,6,0,3.320816829299976,3.320816829299976,0.0,8.2869873046875,-0.03515897100272393,90,0.0,0.0,0.0,0.0,0.0,0.0,6.938893903907228e-18,6.938893903907228e-18,0.21666666666666667
chesca_commitment_full_mesh,707,12,6,2,3.079692225634102,2.8676922256341024,-0.21199999999999974,8.2869873046875,0.09261901456065189,90,2.0,0.0,0.06,0.0,0.06,0.0,0.06000000000000001,0.04,0.22666666666666668
chesca_commitment_full_mesh,708,13,6,0,4.302951849029104,4.302951849029104,0.0,8.2869873046875,0.2134393710562306,90,0.0,0.0,0.0,0.0,0.0,0.0,0.06000000000000001,0.04,0.22666666666666668
chesca_commitment_full_mesh,709,14,6,2,4.630700168356427,4.749408505454452,0.11870833709802575,8.2869873046875,-0.016553902666582652,90,0.0,2.0,0.0,0.04000000000000001,0.0,0.04000000000000001,0.020000000000000004,0.02,0.20666666666666667
chesca_commitment_full_mesh,710,15,6,3,5.3486986625834785,4.948698662583479,-0.39999999999999947,8.207845687866211,0.0945937487380643,90,3.0,0.0,0.1,0.0,0.1,0.0,0.12000000000000002,0.04,0.22333333333333336
chesca_commitment_full_mesh,711,16,6,2,7.45987126073199,7.327871260731991,-0.13199999999999967,8.179459571838379,0.3943830318985752,90,2.0,0.0,0.04000000000000001,0.0,0.04000000000000001,0.0,0.16,0.04,0.20666666666666667
chesca_commitment_full_mesh,712,17,6,1,8.35880935550705,8.27880935550705,-0.08000000000000007,8.179459571838379,0.5694192238402375,90,1.0,0.0,0.020000000000000004,0.0,0.020000000000000004,0.0,0.18000000000000002,0.04000000000000001,0.20666666666666667
chesca_commitment_full_mesh,713,18,6,3,9.843573333618277,9.645573333618277,-0.1980000000000004,8.068178176879883,0.9892361387437392,90,3.0,0.0,0.059999999999999984,0.0,0.059999999999999984,0.0,0.24000000000000005,0.04000000000000001,0.21666666666666667
chesca_commitment_full_mesh,714,19,6,2,11.078156064081934,10.918156064081936,-0.15999999999999837,8.068178176879883,1.0565549966322774,90,2.0,0.0,0.04000000000000001,0.0,0.04000000000000001,0.0,0.28,0.060000000000000005,0.19666666666666666
chesca_commitment_full_mesh,715,20,6,0,10.51868171625009,10.51868171625009,0.0,8.068178176879883,0.701953233334065,90,0.0,0.0,0.0,0.0,0.0,0.0,0.28,0.060000000000000005,0.19666666666666666
chesca_commitment_full_mesh,716,21,6,0,10.34592988868739,10.34592988868739,0.0,8.068178176879883,0.6088015139218856,90,0.0,0.0,0.0,0.0,0.0,0.0,0.28,0.060000000000000005,0.19666666666666666
chesca_commitment_full_mesh,717,22,6,0,9.2352408188006,9.2352408188006,0.0,8.068178176879883,0.2383242388317684,90,0.0,0.0,0.0,0.0,0.0,0.0,0.28,0.060000000000000005,0.19666666666666666
chesca_commitment_full_mesh,718,23,6,0,8.20228980508201,8.20228980508201,0.0,7.95273494720459,0.22801193310988183,90,0.0,0.0,0.0,0.0,0.0,0.0,0.28,0.060000000000000005,0.17666666666666667
chesca_commitment_full_mesh,719,24,6,0,9.991247806125903,9.991247806125902,-1.7763568394002505e-15,7.906655788421631,0.8042238643925361,90,0.0,0.0,0.0,0.0,0.0,0.0,0.28,0.060000000000000005,0.17666666666666667
chesca_commitment_full_mesh,720,1,6,0,8.95092165725066,8.950921657250658,-1.7763568394002505e-15,7.906655788421631,0.21875300289645366,90,0.0,0.0,0.0,0.0,0.0,0.0,0.28,0.060000000000000005,0.15666666666666665
chesca_commitment_full_mesh,721,2,6,0,9.301790462869729,9.301790462869729,0.0,7.906655788421631,0.41825727294790443,90,0.0,0.0,0.0,0.0,0.0,0.0,0.28,0.060000000000000005,0.14
chesca_commitment_full_mesh,722,3,6,6,7.003787905680309,7.87978790568031,0.8760000000000003,7.906655788421631,-0.15626756025795654,90,0.0,6.0,0.0,0.24000000000000005,0.0,0.24000000000000005,0.039999999999999994,0.019999999999999997,0.18000000000000002
chesca_commitment_full_mesh,723,4,6,6,6.088041650806274,6.818041650806273,0.7299999999999986,7.906655788421631,-0.0916432368591457,90,0.0,6.0,0.0,0.039999999999999994,0.0,0.20000000000000004,0.0,0.0,0.21333333333333335
chesca_commitment_full_mesh,724,5,6,2,5.560460417831866,5.692460417831866,0.13199999999999967,7.826182842254639,-0.10192917293245055,90,0.0,2.0,0.0,0.0,0.0,0.04000000000000001,0.0,0.0,0.22
chesca_commitment_full_mesh,725,6,6,0,5.379877574732256,5.379877574732255,-8.881784197001252e-16,7.826182842254639,0.0023623349557269566,90,0.0,0.0,0.0,0.0,0.0,0.0,0.0,0.0,0.18000000000000002
chesca_commitment_full_mesh,726,7,6,0,5.001956748343819,5.001956748343819,0.0,7.826182842254639,0.07409909847719875,90,0.0,0.0,0.0,0.0,0.0,0.0,0.0,0.0,0.18000000000000002
chesca_commitment_full_mesh,727,8,6,0,4.424129985363249,4.424129985363249,0.0,7.826182842254639,0.00698042341022765,90,0.0,0.0,0.0,0.0,0.0,0.0,0.0,0.0,0.18000000000000002
chesca_commitment_full_mesh,728,9,6,6,2.7591928728122186,3.1737731045038675,0.4145802316916489,7.826182842254639,-0.20188049421105114,90,0.0,6.0,0.0,0.0,0.0,0.14,0.0,0.0,0.17
chesca_commitment_full_mesh,729,10,6,6,1.140595777228615,1.4845341474798082,0.3439383702511931,7.826182842254639,-0.15982385769528396,90,0.0,6.0,0.0,0.0,0.0,0.14,0.0,0.0,0.18666666666666668
chesca_commitment_full_mesh,730,11,6,0,2.0590839165430648,2.0590839165430648,0.0,7.826182842254639,0.0712351718076725,90,0.0,0.0,0.0,0.0,0.0,0.0,0.0,0.0,0.18666666666666668
chesca_commitment_full_mesh,731,12,6,5,2.5954529525348358,1.8794529525348356,-0.7160000000000002,7.826182842254639,0.09630944711614749,90,5.0,0.0,0.2,0.0,0.2,0.0,0.2,0.04,0.21
chesca_commitment_full_mesh,732,13,6,1,4.587614452311993,4.5076144523119925,-0.08000000000000007,7.777957916259766,0.26527780212062146,90,1.0,0.0,0.020000000000000004,0.0,0.020000000000000004,0.0,0.22000000000000003,0.04,0.21333333333333335
chesca_commitment_full_mesh,733,14,6,0,7.120553631938689,7.120553631938689,0.0,7.777957916259766,0.3302891662302791,90,0.0,0.0,0.0,0.0,0.0,0.0,0.22000000000000003,0.04,0.20666666666666667
chesca_commitment_full_mesh,734,15,6,0,7.610557899083304,7.610557899083304,0.0,7.777957916259766,0.10700475148998911,90,0.0,0.0,0.0,0.0,0.0,0.0,0.22000000000000003,0.04,0.19000000000000003
chesca_commitment_full_mesh,735,16,6,0,9.319527460361327,9.319527460361327,0.0,7.826182842254639,0.33958600430667085,90,0.0,0.0,0.0,0.0,0.0,0.0,0.22000000000000003,0.04,0.18333333333333335
chesca_commitment_full_mesh,736,17,6,6,11.654376339814464,10.91037633981446,-0.7440000000000033,7.777957916259766,1.5467231688655034,90,6.0,0.0,0.2,0.0,0.2,0.0,0.42000000000000004,0.08000000000000002,0.21333333333333335
chesca_commitment_full_mesh,737,18,6,1,12.233476847654742,12.153476847654744,-0.0799999999999983,7.777957916259766,1.7754887465563303,90,1.0,0.0,0.020000000000000004,0.0,0.020000000000000004,0.0,0.44000000000000006,0.08000000000000002,0.2066666666666667
chesca_commitment_full_mesh,738,19,6,2,13.398257769137325,13.266257769137326,-0.13199999999999967,7.777957916259766,1.7593869684692223,90,2.0,0.0,0.039999999999999994,0.0,0.039999999999999994,0.0,0.4800000000000001,0.08000000000000002,0.20666666666666667
chesca_commitment_full_mesh,739,20,6,0,13.573364397943063,13.573364397943063,0.0,7.777957916259766,1.6926807324606385,90,0.0,0.0,0.0,0.0,0.0,0.0,0.4800000000000001,0.08000000000000002,0.20666666666666667
chesca_commitment_full_mesh,740,21,6,0,12.721148205617443,12.721148205617443,0.0,7.777957916259766,1.5246622912456618,90,0.0,0.0,0.0,0.0,0.0,0.0,0.4800000000000001,0.08000000000000002,0.20666666666666667
chesca_commitment_full_mesh,741,22,6,0,10.306704971714803,10.306704971714803,0.0,7.777957916259766,0.3723516668674764,90,0.0,0.0,0.0,0.0,0.0,0.0,0.4800000000000001,0.08000000000000002,0.20666666666666667
chesca_commitment_full_mesh,742,23,6,0,11.004754487310569,11.004754487310567,-1.7763568394002505e-15,7.7554121017456055,1.2429458631470374,90,0.0,0.0,0.0,0.0,0.0,0.0,0.4800000000000001,0.08000000000000002,0.20666666666666667
chesca_commitment_full_mesh,743,24,6,0,9.861291069167327,9.861291069167327,0.0,7.7554121017456055,0.546525296653775,90,0.0,0.0,0.0,0.0,0.0,0.0,0.4800000000000001,0.08000000000000002,0.20666666666666667
chesca_commitment_full_mesh,744,1,6,0,10.090257707958385,10.090257707958385,0.0,7.7554121017456055,0.6918349302070576,90,0.0,0.0,0.0,0.0,0.0,0.0,0.4800000000000001,0.08000000000000002,0.20666666666666667
chesca_commitment_full_mesh,745,2,6,0,9.533431860744386,9.533431860744386,0.0,7.7554121017456055,0.4108690805494559,90,0.0,0.0,0.0,0.0,0.0,0.0,0.4800000000000001,0.08000000000000002,0.20666666666666667
chesca_commitment_full_mesh,746,3,6,0,8.767308128118199,8.767308128118199,0.0,7.7554121017456055,0.21752255454779085,90,0.0,0.0,0.0,0.0,0.0,0.0,0.4800000000000001,0.08000000000000002,0.16666666666666666
chesca_commitment_full_mesh,747,4,6,6,8.174781461892332,9.050781461892331,0.8759999999999994,7.777957916259766,-0.014631893199631762,90,0.0,6.0,0.0,0.24000000000000005,0.0,0.24000000000000005,0.24,0.04000000000000001,0.17333333333333334
chesca_commitment_full_mesh,748,5,6,6,6.494455458038915,7.370455458038914,0.8759999999999994,7.826182842254639,-0.2367054602894534,90,0.0,6.0,0.0,0.23999999999999994,0.0,0.24000000000000002,2.0816681711721685e-17,6.938893903907228e-18,0.20666666666666667
chesca_commitment_full_mesh,749,6,6,5,5.2997398362726305,5.630651697865705,0.3309118615930746,7.826182842254639,-0.10666271724680618,90,0.0,5.0,0.0,1.3877787807814457e-17,0.0,0.10000000000000002,6.938893903907228e-18,6.938893903907228e-18,0.22333333333333336
chesca_commitment_full_mesh,750,7,6,0,5.299782454153759,5.299782454153758,-8.881784197001252e-16,7.826182842254639,-0.13216937851727673,90,0.0,0.0,0.0,0.0,0.0,0.0,6.938893903907228e-18,6.938893903907228e-18,0.22333333333333336
chesca_commitment_full_mesh,751,8,6,0,4.550982423304456,4.550982423304456,0.0,7.826182842254639,0.0027724088224631988,90,0.0,0.0,0.0,0.0,0.0,0.0,6.938893903907228e-18,6.938893903907228e-18,0.22333333333333336
chesca_commitment_full_mesh,752,9,6,0,3.657416648175322,3.657416648175322,0.0,7.826182842254639,-0.02077287559589367,90,0.0,0.0,0.0,0.0,0.0,0.0,6.938893903907228e-18,6.938893903907228e-18,0.19999999999999998
chesca_commitment_full_mesh,753,10,6,0,3.2053002577718734,3.2053002577718734,0.0,7.826182842254639,-0.012728486762165678,90,0.0,0.0,0.0,0.0,0.0,0.0,6.938893903907228e-18,6.938893903907228e-18,0.17666666666666667
chesca_commitment_full_mesh,754,11,6,0,2.496520652850858,2.496520652850858,0.0,7.826182842254639,0.029212355560098206,90,0.0,0.0,0.0,0.0,0.0,0.0,6.938893903907228e-18,6.938893903907228e-18,0.17666666666666667
chesca_commitment_full_mesh,755,12,6,6,4.0906287825193,3.2146287825193,-0.8759999999999999,7.826182842254639,0.198728849615488,90,6.0,0.0,0.24000000000000005,0.0,0.24000000000000005,0.0,0.24000000000000005,0.040000000000000015,0.18333333333333335
chesca_commitment_full_mesh,756,13,6,0,5.063169023723525,5.063169023723525,0.0,7.826182842254639,0.32724274387064656,90,0.0,0.0,0.0,0.0,0.0,0.0,0.24000000000000005,0.040000000000000015,0.18000000000000002
chesca_commitment_full_mesh,757,14,6,0,6.567950984110923,6.567950984110922,-8.881784197001252e-16,7.826182842254639,0.11628551932564231,90,0.0,0.0,0.0,0.0,0.0,0.0,0.24000000000000005,0.040000000000000015,0.18000000000000002
chesca_commitment_full_mesh,758,15,6,0,7.149005548247788,7.149005548247788,0.0,7.826182842254639,0.08509563071018808,90,0.0,0.0,0.0,0.0,0.0,0.0,0.24000000000000005,0.040000000000000015,0.18000000000000002
chesca_commitment_full_mesh,759,16,6,0,9.426253557843989,9.426253557843987,-1.7763568394002505e-15,7.826182842254639,0.930273681835137,90,0.0,0.0,0.0,0.0,0.0,0.0,0.24000000000000005,0.040000000000000015,0.18000000000000002
chesca_commitment_full_mesh,760,17,6,6,13.246277171130496,12.529505853648502,-0.7167713174819941,7.826182842254639,1.9137039242869,90,5.0,1.0,0.20000000000000004,0.03999999999999998,0.20000000000000004,0.03999999999999998,0.4000000000000001,0.08000000000000002,0.18666666666666668
chesca_commitment_full_mesh,761,18,6,1,10.05122377904662,9.919223779046622,-0.1319999999999979,7.826182842254639,0.39793549987931387,90,1.0,0.0,0.04000000000000001,0.0,0.04000000000000001,0.0,0.4400000000000001,0.08000000000000002,0.19000000000000003
chesca_commitment_full_mesh,762,19,6,0,13.3591116352415,13.3591116352415,0.0,7.826182842254639,1.3853392653412187,90,0.0,0.0,0.0,0.0,0.0,0.0,0.4400000000000001,0.08000000000000002,0.18333333333333335
chesca_commitment_full_mesh,763,20,6,0,11.324580087661744,11.324580087661742,-1.7763568394002505e-15,7.826182842254639,0.8457788845564018,90,0.0,0.0,0.0,0.0,0.0,0.0,0.4400000000000001,0.08000000000000002,0.18333333333333335
chesca_commitment_full_mesh,764,21,6,0,12.065028449735793,12.065028449735793,0.0,7.826182842254639,1.1544836426191227,90,0.0,0.0,0.0,0.0,0.0,0.0,0.4400000000000001,0.08000000000000002,0.18333333333333335
chesca_commitment_full_mesh,765,22,6,0,10.661873501416766,10.661873501416766,0.0,7.826182842254639,0.6866161853528284,90,0.0,0.0,0.0,0.0,0.0,0.0,0.4400000000000001,0.08000000000000002,0.18333333333333335
chesca_commitment_full_mesh,766,23,6,0,9.531344093112208,9.531344093112208,0.0,7.826182842254639,0.5517326919692892,90,0.0,0.0,0.0,0.0,0.0,0.0,0.4400000000000001,0.08000000000000002,0.18333333333333335
chesca_commitment_full_mesh,767,24,6,0,10.894633657115174,10.894633657115172,-1.7763568394002505e-15,7.826182842254639,1.0063946832622384,90,0.0,0.0,0.0,0.0,0.0,0.0,0.4400000000000001,0.08000000000000002,0.18333333333333335
chesca_commitment_full_mesh,768,1,6,0,10.306719377909955,10.306719377909955,0.0,7.826182842254639,0.6425502049870457,90,0.0,0.0,0.0,0.0,0.0,0.0,0.4400000000000001,0.08000000000000002,0.18333333333333335
chesca_commitment_full_mesh,769,2,6,0,9.249790903215668,9.249790903215668,0.0,7.826182842254639,0.3159927306868032,90,0.0,0.0,0.0,0.0,0.0,0.0,0.4400000000000001,0.08000000000000002,0.18333333333333335
chesca_commitment_full_mesh,770,3,6,0,9.368265189300121,9.368265189300121,0.0,7.826182842254639,0.39166522118811653,90,0.0,0.0,0.0,0.0,0.0,0.0,0.4400000000000001,0.08000000000000002,0.18333333333333335
chesca_commitment_full_mesh,771,4,6,6,7.767555669018925,8.643555669018927,0.8760000000000012,7.826182842254639,-0.14272082369551709,90,0.0,6.0,0.0,0.24000000000000005,0.0,0.24000000000000005,0.20000000000000007,0.04000000000000001,0.18333333333333335
chesca_commitment_full_mesh,772,5,6,5,6.325302900367533,7.069302900367533,0.7439999999999998,7.906655788421631,-0.0772761316371215,90,0.0,5.0,0.0,0.20000000000000004,0.0,0.20000000000000004,3.469446951953614e-17,2.0816681711721685e-17,0.17666666666666672
chesca_commitment_full_mesh,773,6,6,0,6.05613780110058,6.05613780110058,0.0,7.906655788421631,-0.024515895708161622,90,0.0,0.0,0.0,0.0,0.0,0.0,3.469446951953614e-17,2.0816681711721685e-17,0.16000000000000003
chesca_commitment_full_mesh,774,7,6,6,5.63838564625866,4.762385646258659,-0.8760000000000012,7.906655788421631,0.09046140723171897,90,6.0,0.0,0.24000000000000002,0.0,0.24000000000000002,0.0,0.24000000000000005,0.04000000000000002,0.19999999999999998
chesca_commitment_full_mesh,775,8,6,0,6.19860999384085,6.19860999384085,0.0,7.906655788421631,0.17560875508559148,90,0.0,0.0,0.0,0.0,0.0,0.0,0.24000000000000005,0.04000000000000002,0.19999999999999998
chesca_commitment_full_mesh,776,9,6,6,3.4312590100528633,4.065514388858809,0.6342553788059453,7.826182842254639,-0.04254633750548552,90,0.0,6.0,0.0,0.24000000000000005,0.0,0.24000000000000005,1.3877787807814457e-17,1.3877787807814457e-17,0.24000000000000002
chesca_commitment_full_mesh,777,10,6,0,3.6789328065560007,3.6789328065560007,0.0,7.826182842254639,0.011471785231372031,90,0.0,0.0,0.0,0.0,0.0,0.0,1.3877787807814457e-17,1.3877787807814457e-17,0.24000000000000002
chesca_commitment_full_mesh,778,11,6,0,3.7181338795753938,3.7181338795753938,0.0,7.826182842254639,0.0455896620774502,90,0.0,0.0,0.0,0.0,0.0,0.0,1.3877787807814457e-17,1.3877787807814457e-17,0.24000000000000002
chesca_commitment_full_mesh,779,12,6,0,4.193113464194941,4.193113464194941,0.0,7.826182842254639,0.029634346658371877,90,0.0,0.0,0.0,0.0,0.0,0.0,1.3877787807814457e-17,1.3877787807814457e-17,0.19999999999999998
chesca_commitment_full_mesh,780,13,6,6,6.519920942749632,6.0819209427496315,-0.4380000000000006,7.777957916259766,0.09281540554757488,90,6.0,0.0,0.12000000000000002,0.0,0.12000000000000002,0.0,0.12000000000000004,0.020000000000000018,0.22
chesca_commitment_full_mesh,781,14,6,6,6.278909292275566,6.694043080904578,0.41513378862901185,7.826182842254639,-0.12581186523789367,90,0.0,6.0,0.0,0.12000000000000001,0.0,0.12000000000000001,2.0816681711721685e-17,1.734723475976807e-17,0.24000000000000002
chesca_commitment_full_mesh,782,15,6,0,6.311312469867964,6.311312469867964,0.0,7.826182842254639,-0.013060043568703456,90,0.0,0.0,0.0,0.0,0.0,0.0,2.0816681711721685e-17,1.734723475976807e-17,0.24000000000000002
chesca_commitment_full_mesh,783,16,6,0,6.773899395094189,6.773899395094189,0.0,7.826182842254639,0.18895268225547002,90,0.0,0.0,0.0,0.0,0.0,0.0,2.0816681711721685e-17,1.734723475976807e-17,0.24000000000000002
chesca_commitment_full_mesh,784,17,6,1,8.32336733845923,8.323367338459231,1.7763568394002505e-15,7.826182842254639,0.27769108242932616,90,0.0,1.0,0.0,1.734723475976807e-17,0.0,0.020000000000000018,3.469446951953614e-18,3.469446951953614e-18,0.20333333333333334
chesca_commitment_full_mesh,785,18,6,0,7.371888593220273,7.371888593220273,0.0,7.777957916259766,0.02167056761299927,90,0.0,0.0,0.0,0.0,0.0,0.0,3.469446951953614e-18,3.469446951953614e-18,0.19666666666666668
chesca_commitment_full_mesh,786,19,6,6,8.855364223344417,8.351364223344415,-0.5040000000000013,7.7554121017456055,0.2357111706040481,90,6.0,0.0,0.14000000000000004,0.0,0.14000000000000004,0.0,0.14000000000000004,0.04000000000000001,0.22
chesca_commitment_full_mesh,787,20,6,0,9.125184689935772,9.125184689935772,0.0,7.732053279876709,0.5200405458812154,90,0.0,0.0,0.0,0.0,0.0,0.0,0.14000000000000004,0.04000000000000001,0.22
chesca_commitment_full_mesh,788,21,6,0,8.10519140518612,8.10519140518612,0.0,7.732053279876709,0.09748921781132416,90,0.0,0.0,0.0,0.0,0.0,0.0,0.14000000000000004,0.04000000000000001,0.22
chesca_commitment_full_mesh,789,22,6,0,8.089571535279624,8.089571535279623,-1.7763568394002505e-15,7.703986644744873,0.15551764569602455,90,0.0,0.0,0.0,0.0,0.0,0.0,0.14000000000000004,0.04000000000000001,0.22
chesca_commitment_full_mesh,790,23,6,6,6.888103365316137,7.359261807293203,0.4711584419770656,7.703986644744873,-0.701564383200267,90,0.0,6.0,0.0,0.14,0.0,0.14,1.734723475976807e-17,1.3877787807814457e-17,0.24333333333333337
chesca_commitment_full_mesh,791,24,6,0,7.853617272751998,7.853617272751998,0.0,7.680567741394043,0.12847970956010413,90,0.0,0.0,0.0,0.0,0.0,0.0,1.734723475976807e-17,1.3877787807814457e-17,0.24333333333333337
chesca_commitment_full_mesh,792,1,6,0,9.120207891165641,9.120207891165641,0.0,7.680567741394043,0.2687209288474301,90,0.0,0.0,0.0,0.0,0.0,0.0,1.734723475976807e-17,1.3877787807814457e-17,0.24333333333333337
chesca_commitment_full_mesh,793,2,6,0,9.310803544419478,9.310803544419478,0.0,7.680567741394043,0.4479722039056374,90,0.0,0.0,0.0,0.0,0.0,0.0,1.734723475976807e-17,1.3877787807814457e-17,0.24333333333333337
chesca_commitment_full_mesh,794,3,6,0,5.434532123088837,5.434532123088838,8.881784197001252e-16,7.680567741394043,-0.5106037646891043,90,0.0,0.0,0.0,0.0,0.0,0.0,1.734723475976807e-17,1.3877787807814457e-17,0.24333333333333337
chesca_commitment_full_mesh,795,4,6,0,6.485765567659807,6.485765567659806,-8.881784197001252e-16,7.680567741394043,0.15614633651043314,90,0.0,0.0,0.0,0.0,0.0,0.0,1.734723475976807e-17,1.3877787807814457e-17,0.20333333333333334
chesca_commitment_full_mesh,796,5,6,0,6.135024125385733,6.135024125385733,0.0,7.680567741394043,0.04072200787763785,90,0.0,0.0,0.0,0.0,0.0,0.0,1.734723475976807e-17,1.3877787807814457e-17,0.17000000000000004
chesca_commitment_full_mesh,797,6,6,5,6.853471129936382,6.109471129936382,-0.7440000000000007,7.680567741394043,0.1227904114862898,90,5.0,0.0,0.20000000000000004,0.0,0.20000000000000004,0.0,0.20000000000000004,0.040000000000000015,0.20333333333333334
chesca_commitment_full_mesh,798,7,6,5,5.731166361076158,6.31777280673545,0.5866064456592914,7.680567741394043,-0.036747993967861325,90,0.0,5.0,0.0,0.20000000000000004,0.0,0.20000000000000004,6.938893903907228e-18,6.938893903907228e-18,0.19666666666666668
chesca_commitment_full_mesh,799,8,6,6,5.074451066884754,5.4807164150335375,0.4062653481487839,7.680567741394043,-0.10790279016050514,90,0.0,6.0,0.0,6.938893903907228e-18,0.0,0.14,0.0,0.0,0.22
chesca_commitment_full_mesh,800,9,6,0,5.218972593265859,5.218972593265859,0.0,7.680567741394043,-0.009712594830176592,90,0.0,0.0,0.0,0.0,0.0,0.0,0.0,0.0,0.18000000000000002
chesca_commitment_full_mesh,801,10,6,0,6.209043141135406,6.209043141135407,8.881784197001252e-16,7.680567741394043,-0.02460141891555511,90,0.0,0.0,0.0,0.0,0.0,0.0,0.0,0.0,0.18000000000000002
chesca_commitment_full_mesh,802,11,6,0,4.855677578651396,4.855677578651396,0.0,7.680567741394043,0.0338825186916521,90,0.0,0.0,0.0,0.0,0.0,0.0,0.0,0.0,0.18000000000000002
chesca_commitment_full_mesh,803,12,6,6,4.885125925184514,5.646639311477406,0.7615133862928918,7.680567741394043,-0.20328150178374688,90,0.0,6.0,0.0,0.0,0.0,0.22,0.0,0.0,0.21666666666666667
chesca_commitment_full_mesh,804,13,6,1,5.809172904508184,5.729172904508184,-0.08000000000000007,7.680567741394043,0.0950827023245199,90,1.0,0.0,0.02,0.0,0.02,0.0,0.02,0.02,0.20000000000000004
chesca_commitment_full_mesh,805,14,6,1,6.095574150763808,6.153044012054479,0.057469861290671,7.680567741394043,-0.0012588880122744416,90,0.0,1.0,0.0,0.02,0.0,0.020000000000000004,0.0,0.0,0.18333333333333335
chesca_commitment_full_mesh,806,15,6,0,5.464776539651439,5.464776539651439,0.0,7.680567741394043,-0.03166157966674343,90,0.0,0.0,0.0,0.0,0.0,0.0,0.0,0.0,0.18333333333333335
chesca_commitment_full_mesh,807,16,6,0,5.960544954763517,5.960544954763517,0.0,7.670476913452148,0.04475063083238426,90,0.0,0.0,0.0,0.0,0.0,0.0,0.0,0.0,0.18333333333333335
chesca_commitment_full_mesh,808,17,6,0,7.193324248880238,7.193324248880238,0.0,7.653241157531738,0.029842105921322873,90,0.0,0.0,0.0,0.0,0.0,0.0,0.0,0.0,0.18000000000000002
chesca_commitment_full_mesh,809,18,6,0,7.9224771924697155,7.9224771924697155,0.0,7.653241157531738,0.033175882871914975,90,0.0,0.0,0.0,0.0,0.0,0.0,0.0,0.0,0.18000000000000002
chesca_commitment_full_mesh,810,19,6,6,8.695835162780003,7.899835162780003,-0.7960000000000003,7.670476913452148,0.4878368063838871,90,6.0,0.0,0.22000000000000003,0.0,0.22000000000000003,0.0,0.22000000000000003,0.04000000000000001,0.19333333333333336
chesca_commitment_full_mesh,811,20,6,1,9.963912826155603,9.883912826155603,-0.08000000000000007,7.670476913452148,0.6283301092071802,90,1.0,0.0,0.02,0.0,0.02,0.0,0.24000000000000002,0.04000000000000001,0.19666666666666668
chesca_commitment_full_mesh,812,21,6,2,10.907011795559601,10.747011795559601,-0.16000000000000014,7.670476913452148,0.9235969245919611,90,2.0,0.0,0.04,0.0,0.04,0.0,0.28,0.06000000000000001,0.20333333333333337
chesca_commitment_full_mesh,813,22,6,0,9.990333048458986,9.990333048458986,0.0,7.670476913452148,0.6079700879496386,90,0.0,0.0,0.0,0.0,0.0,0.0,0.28,0.06000000000000001,0.20333333333333337
chesca_commitment_full_mesh,814,23,6,6,7.932911368742549,8.561795186241884,0.628883817499335,7.670476913452148,-0.031037654824224936,90,0.0,6.0,0.0,0.20000000000000004,0.0,0.20000000000000004,0.07999999999999999,0.04000000000000001,0.21333333333333337
chesca_commitment_full_mesh,815,24,6,4,7.143038541363543,7.557151211741795,0.41411267037825183,7.670476913452148,-0.2537916054572481,90,0.0,4.0,0.0,0.07999999999999999,0.0,0.12000000000000001,6.938893903907228e-18,6.938893903907228e-18,0.23333333333333336
chesca_commitment_full_mesh,816,1,6,1,8.754652302732723,8.688652302732724,-0.06599999999999895,7.653241157531738,0.31418187227101646,90,1.0,0.0,0.02,0.0,0.02,0.0,0.020000000000000007,0.02,0.23666666666666666
chesca_commitment_full_mesh,817,2,6,1,7.60952594540999,7.67552594540999,0.06599999999999984,7.670476913452148,-0.2319711431392652,90,0.0,1.0,0.0,0.02,0.0,0.020000000000000004,6.938893903907228e-18,6.938893903907228e-18,0.24
chesca_commitment_full_mesh,818,3,6,0,5.971902381856003,5.971902381856003,0.0,7.670476913452148,-0.32222555510995277,90,0.0,0.0,0.0,0.0,0.0,0.0,6.938893903907228e-18,6.938893903907228e-18,0.24
chesca_commitment_full_mesh,819,4,6,0,6.294402837670204,6.294402837670205,8.881784197001252e-16,7.670476913452148,-0.029210019405433905,90,0.0,0.0,0.0,0.0,0.0,0.0,6.938893903907228e-18,6.938893903907228e-18,0.24
chesca_commitment_full_mesh,820,5,6,0,5.790698100663763,5.790698100663763,0.0,7.670476913452148,-0.05137029234538529,90,0.0,0.0,0.0,0.0,0.0,0.0,6.938893903907228e-18,6.938893903907228e-18,0.24
chesca_commitment_full_mesh,821,6,6,0,6.518329230265529,6.518329230265529,0.0,7.670476913452148,0.09063394444968108,90,0.0,0.0,0.0,0.0,0.0,0.0,6.938893903907228e-18,6.938893903907228e-18,0.20666666666666667
chesca_commitment_full_mesh,822,7,6,3,5.586126341259031,5.849919988945265,0.26379364768623415,7.670476913452148,-0.12349707729564477,90,0.0,3.0,0.0,6.938893903907228e-18,0.0,0.08000000000000002,0.0,0.0,0.18666666666666668
chesca_commitment_full_mesh,823,8,6,0,4.23944875993274,4.23944875993274,0.0,7.670476913452148,-0.05668078762637579,90,0.0,0.0,0.0,0.0,0.0,0.0,0.0,0.0,0.16333333333333336
chesca_commitment_full_mesh,824,9,6,0,3.9824479487199835,3.982447948719983,-4.440892098500626e-16,7.670476913452148,0.041072194753822344,90,0.0,0.0,0.0,0.0,0.0,0.0,0.0,0.0,0.16333333333333336
chesca_commitment_full_mesh,825,10,6,6,1.3936183347621172,1.7406674487546465,0.34704911399252936,7.653241157531738,-0.12382362721703169,90,0.0,6.0,0.0,0.0,0.0,0.14,0.0,0.0,0.18666666666666668
chesca_commitment_full_mesh,826,11,6,0,1.0006120213490841,1.0006120213490841,0.0,7.653241157531738,-0.060965459733916386,90,0.0,0.0,0.0,0.0,0.0,0.0,0.0,0.0,0.18666666666666668
chesca_commitment_full_mesh,827,12,6,5,2.1589217901385416,1.414921790138542,-0.7439999999999996,7.653241157531738,0.10271946352884913,90,5.0,0.0,0.2,0.0,0.2,0.0,0.2,0.04,0.18333333333333335
chesca_commitment_full_mesh,828,13,6,1,4.120682747639714,3.988682747639714,-0.13200000000000012,7.653241157531738,0.16027599515132482,90,1.0,0.0,0.04,0.0,0.04,0.0,0.24000000000000002,0.04,0.18666666666666665
chesca_commitment_full_mesh,829,14,6,5,4.187366975593169,4.5186416251691455,0.33127464957597663,7.653241157531738,0.020645506046001218,90,0.0,5.0,0.0,0.2,0.0,0.2,0.04,0.04,0.21666666666666667
chesca_commitment_full_mesh,830,15,6,1,6.047400892892165,6.113400892892165,0.06599999999999984,7.653241157531738,-0.009179871599646866,90,0.0,1.0,0.0,0.02,0.0,0.02,0.02,0.02,0.22
chesca_commitment_full_mesh,831,16,6,1,6.003454291055258,5.923454291055258,-0.08000000000000007,7.653241157531738,0.1209822469273597,90,1.0,0.0,0.02,0.0,0.02,0.0,0.04,0.02,0.22333333333333336
chesca_commitment_full_mesh,832,17,6,3,6.317662614820785,6.5207751733590475,0.2031125585382627,7.670476913452148,-0.30879856272800016,90,0.0,3.0,0.0,0.04,0.0,0.060000000000000005,0.0,0.0,0.23333333333333336
chesca_commitment_full_mesh,833,18,6,1,7.730290253435356,7.730290253435356,0.0,7.670476913452148,0.2721193299184476,90,0.0,1.0,0.0,0.0,0.0,0.04000000000000001,0.0,0.0,0.24000000000000002
chesca_commitment_full_mesh,834,19,6,3,8.26713971778277,8.47913971778277,0.21199999999999974,7.680567741394043,-0.4109638367270475,90,0.0,3.0,0.0,0.0,0.0,0.06,0.0,0.0,0.21333333333333335
chesca_commitment_full_mesh,835,20,6,4,8.339200007677078,8.631200007677077,0.29199999999999804,7.6872076988220215,-0.09274788758396948,90,0.0,4.0,0.0,0.0,0.0,0.08000000000000002,0.0,0.0,0.22333333333333336
chesca_commitment_full_mesh,836,21,6,4,8.370790847855849,8.662790847855847,0.29199999999999804,7.704339504241943,-0.421624876501038,90,0.0,4.0,0.0,0.0,0.0,0.08000000000000002,0.0,0.0,0.23
chesca_commitment_full_mesh,837,22,6,3,9.215694149319614,9.055694149319613,-0.16000000000000014,7.704339504241943,0.4904832695728635,90,2.0,1.0,0.04000000000000001,0.0,0.04000000000000001,0.04000000000000001,0.04000000000000001,0.020000000000000004,0.24333333333333337
chesca_commitment_full_mesh,838,23,6,2,7.661310525445199,7.821310525445199,0.16000000000000014,7.704339504241943,-0.30956508111276476,90,0.0,2.0,0.0,0.04,0.0,0.04000000000000001,3.469446951953614e-18,3.469446951953614e-18,0.21666666666666667
chesca_commitment_full_mesh,839,24,6,2,7.863150202577051,7.731150202577051,-0.13200000000000056,7.6872076988220215,0.09026120953022418,90,2.0,0.0,0.04000000000000001,0.0,0.04000000000000001,0.0,0.04000000000000001,0.020000000000000004,0.20333333333333334
chesca_commitment_full_mesh,840,1,6,2,7.371576098648813,7.503576098648813,0.13200000000000056,7.6872076988220215,0.013804377968912838,90,0.0,2.0,0.0,0.04000000000000001,0.0,0.04000000000000001,6.938893903907228e-18,3.469446951953614e-18,0.20666666666666667
chesca_commitment_full_mesh,841,2,6,0,6.6199797617993825,6.6199797617993825,0.0,7.6872076988220215,-0.07444484038387404,90,0.0,0.0,0.0,0.0,0.0,0.0,6.938893903907228e-18,3.469446951953614e-18,0.20333333333333334
chesca_commitment_full_mesh,842,3,6,0,6.189712748181309,6.189712748181309,0.0,7.680567741394043,-0.004081554029484152,90,0.0,0.0,0.0,0.0,0.0,0.0,6.938893903907228e-18,3.469446951953614e-18,0.20333333333333334
chesca_commitment_full_mesh,843,4,6,0,5.781109823240712,5.781109823240712,0.0,7.680567741394043,0.025419246880828597,90,0.0,0.0,0.0,0.0,0.0,0.0,6.938893903907228e-18,3.469446951953614e-18,0.20333333333333334
chesca_commitment_full_mesh,844,5,6,0,5.110852633851117,5.110852633851117,0.0,7.680567741394043,0.008370683153905795,90,0.0,0.0,0.0,0.0,0.0,0.0,6.938893903907228e-18,3.469446951953614e-18,0.20333333333333334
chesca_commitment_full_mesh,845,6,6,4,6.126538381044805,5.754538381044805,-0.3719999999999999,7.680567741394043,0.1895124194074415,90,4.0,0.0,0.10000000000000002,0.0,0.10000000000000002,0.0,0.10000000000000002,0.04,0.22
chesca_commitment_full_mesh,846,7,6,0,5.420036277121552,5.420036277121552,0.0,7.680567741394043,0.23098479705337915,90,0.0,0.0,0.0,0.0,0.0,0.0,0.10000000000000002,0.04,0.20666666666666667
chesca_commitment_full_mesh,847,8,6,0,4.728373298677616,4.728373298677616,0.0,7.680567741394043,0.07794284129079977,90,0.0,0.0,0.0,0.0,0.0,0.0,0.10000000000000002,0.04,0.20666666666666667
chesca_commitment_full_mesh,848,9,6,2,5.079076705773456,4.947076705773457,-0.13199999999999967,7.680567741394043,0.1126706428519105,90,2.0,0.0,0.04,0.0,0.04,0.0,0.14,0.04,0.21333333333333335
chesca_commitment_full_mesh,849,10,6,0,3.3208463871954956,3.3208463871954956,0.0,7.680567741394043,0.05527238803500995,90,0.0,0.0,0.0,0.0,0.0,0.0,0.14,0.04,0.18999999999999997
chesca_commitment_full_mesh,850,11,6,6,1.3794417718013532,1.6993338840694339,0.3198921122680807,7.680567741394043,-0.30106761130770326,90,0.0,6.0,0.0,0.13999999999999999,0.0,0.13999999999999999,3.469446951953614e-17,2.0816681711721685e-17,0.21333333333333335
chesca_commitment_full_mesh,851,12,6,2,0.008315729822438112,0.0832822178002327,0.0749664879777946,7.680567741394043,-0.10261672036735081,90,0.0,2.0,0.0,3.469446951953614e-18,0.0,0.04,3.122502256758253e-17,2.0816681711721685e-17,0.18666666666666668
chesca_commitment_full_mesh,852,13,6,5,2.174298572752737,1.4302985727527362,-0.7440000000000009,7.680567741394043,0.16650992106262175,90,5.0,0.0,0.2,0.0,0.2,0.0,0.20000000000000007,0.04000000000000001,0.21333333333333335
chesca_commitment_full_mesh,853,14,6,5,1.8334646475953844,2.1615459841771765,0.32808133658179206,7.680567741394043,0.005842328463759629,90,0.0,5.0,0.0,0.10000000000000002,0.0,0.10000000000000002,0.1,0.020000000000000004,0.19666666666666666
chesca_commitment_full_mesh,854,15,6,0,3.537299501454301,3.5372995014543007,-4.440892098500626e-16,7.680567741394043,0.07218305637798497,90,0.0,0.0,0.0,0.0,0.0,0.0,0.1,0.020000000000000004,0.19333333333333333
chesca_commitment_full_mesh,855,16,6,1,4.747141777104005,4.6151417771040055,-0.13199999999999967,7.680567741394043,0.3609918980477022,90,1.0,0.0,0.04,0.0,0.04,0.0,0.14,0.04000000000000002,0.19666666666666668
chesca_commitment_full_mesh,856,17,6,3,7.328213655530774,7.008213655530775,-0.3199999999999994,7.680567741394043,0.570771890119561,90,3.0,0.0,0.08000000000000002,0.0,0.08000000000000002,0.0,0.22000000000000003,0.06,0.19999999999999998
chesca_commitment_full_mesh,857,18,6,3,10.082148887758056,9.950148887758056,-0.13199999999999967,7.680567741394043,0.6176695840524684,90,2.0,1.0,0.04000000000000001,0.03999999999999998,0.04000000000000001,0.03999999999999998,0.22000000000000006,0.06,0.20666666666666667
chesca_commitment_full_mesh,858,19,6,1,8.693052968134333,8.627052968134333,-0.06600000000000072,7.670476913452148,0.35885618575335354,90,1.0,0.0,0.01999999999999999,0.0,0.01999999999999999,0.0,0.24000000000000007,0.06,0.19999999999999998
chesca_commitment_full_mesh,859,20,6,0,9.3282267304257,9.3282267304257,0.0,7.680567741394043,0.5488254357431783,90,0.0,0.0,0.0,0.0,0.0,0.0,0.24000000000000007,0.06,0.18666666666666668
chesca_commitment_full_mesh,860,21,6,0,9.275197210184189,9.275197210184189,0.0,7.680567741394043,0.5674860534136373,90,0.0,0.0,0.0,0.0,0.0,0.0,0.24000000000000007,0.06,0.17333333333333334
chesca_commitment_full_mesh,861,22,6,6,7.965471088877808,8.775471088877808,0.8099999999999996,7.6872076988220215,-0.18604029036992753,90,0.0,6.0,0.0,0.22,0.0,0.22000000000000003,0.020000000000000042,0.019999999999999997,0.19666666666666666
chesca_commitment_full_mesh,862,23,6,0,7.154672974483201,7.1546729744832005,-8.881784197001252e-16,7.6872076988220215,0.04988631368131169,90,0.0,0.0,0.0,0.0,0.0,0.0,0.020000000000000042,0.019999999999999997,0.18999999999999997
chesca_commitment_full_mesh,863,24,6,4,8.167862626474815,7.649862626474815,-0.5179999999999998,7.6872076988220215,0.15438466422663427,90,4.0,0.0,0.14,0.0,0.14,0.0,0.16000000000000006,0.04000000000000001,0.20666666666666667
chesca_commitment_full_mesh,864,1,6,1,8.440644369105668,8.374644369105667,-0.06600000000000072,7.680567741394043,0.38119261595065584,90,1.0,0.0,0.020000000000000004,0.0,0.020000000000000004,0.0,0.18000000000000005,0.04000000000000001,0.20333333333333334
chesca_commitment_full_mesh,865,2,6,6,6.4124681863252775,7.010468186325277,0.5979999999999999,7.680567741394043,-0.01999067750972297,90,0.0,6.0,0.0,0.16,0.0,0.16,0.020000000000000046,0.02000000000000001,0.23
chesca_commitment_full_mesh,866,3,6,0,5.658068243899812,5.6580682438998116,-8.881784197001252e-16,7.680567741394043,0.040152929246979024,90,0.0,0.0,0.0,0.0,0.0,0.0,0.020000000000000046,0.02000000000000001,0.23
chesca_commitment_full_mesh,867,4,6,1,5.81240521843044,5.746405218430441,-0.06599999999999895,7.680567741394043,0.18884284364786555,90,1.0,0.0,0.020000000000000004,0.0,0.020000000000000004,0.0,0.04000000000000005,0.02000000000000001,0.23333333333333336
chesca_commitment_full_mesh,868,5,6,0,4.719075432691665,4.719075432691665,0.0,7.680567741394043,0.11885757067909516,90,0.0,0.0,0.0,0.0,0.0,0.0,0.04000000000000005,0.02000000000000001,0.23333333333333336
chesca_commitment_full_mesh,869,6,6,0,5.004080342501395,5.004080342501394,-8.881784197001252e-16,7.680567741394043,0.23231362032004937,90,0.0,0.0,0.0,0.0,0.0,0.0,0.04000000000000005,0.02000000000000001,0.21666666666666667
chesca_commitment_full_mesh,870,7,6,2,4.416760941857,4.2707609418570005,-0.1459999999999999,7.680567741394043,0.1668349187924468,90,2.0,0.0,0.04,0.0,0.04,0.0,0.08000000000000004,0.02000000000000003,0.22333333333333336
chesca_commitment_full_mesh,871,8,6,0,3.4165217700126806,3.4165217700126806,0.0,7.680567741394043,0.0756962639112375,90,0.0,0.0,0.0,0.0,0.0,0.0,0.08000000000000004,0.02000000000000003,0.22333333333333336
chesca_commitment_full_mesh,872,9,6,4,4.196258870341643,4.384494626460775,0.18823575611913235,7.680567741394043,-0.0313102022161212,90,0.0,4.0,0.0,0.08,0.0,0.08,4.85722573273506e-17,3.122502256758253e-17,0.23
chesca_commitment_full_mesh,873,10,6,3,2.744343631326992,3.001616705298568,0.2572730739715756,7.6872076988220215,-0.8161122573473274,90,0.0,3.0,0.0,6.938893903907228e-18,0.0,0.08,4.163336342344337e-17,3.122502256758253e-17,0.24333333333333332
chesca_commitment_full_mesh,874,11,6,0,3.616743437778004,3.616743437778004,0.0,7.6872076988220215,-0.21066499623226878,90,0.0,0.0,0.0,0.0,0.0,0.0,4.163336342344337e-17,3.122502256758253e-17,0.22
chesca_commitment_full_mesh,875,12,6,1,3.032566601593106,3.0703384921262105,0.03777189053310437,7.6872076988220215,-0.22492352177535618,90,0.0,1.0,0.0,3.122502256758253e-17,0.0,0.02,1.0408340855860843e-17,1.0408340855860843e-17,0.21666666666666667
chesca_commitment_full_mesh,876,13,6,2,4.3738289877001595,4.227828987700159,-0.1460000000000008,7.6872076988220215,0.20796310976320045,90,2.0,0.0,0.04,0.0,0.04,0.0,0.04000000000000001,0.02000000000000001,0.18999999999999997
chesca_commitment_full_mesh,877,14,6,3,6.567907997108119,6.195907997108119,-0.3719999999999999,7.6872076988220215,0.3132579936957722,90,3.0,0.0,0.10000000000000003,0.0,0.10000000000000003,0.0,0.14000000000000004,0.04000000000000001,0.19000000000000003
chesca_commitment_full_mesh,878,15,6,5,5.533845953622796,6.092841637900941,0.5589956842781447,7.704339504241943,-0.5274255047731446,90,0.0,5.0,0.0,0.14,0.0,0.18000000000000002,1.734723475976807e-17,1.0408340855860843e-17,0.22
chesca_commitment_full_mesh,879,16,6,2,5.9713708811141055,5.759370881114105,-0.21200000000000063,7.704339504241943,0.1700357862976643,90,2.0,0.0,0.06,0.0,0.06,0.0,0.06000000000000001,0.04000000000000001,0.22333333333333336
chesca_commitment_full_mesh,880,17,6,3,7.730419959388263,7.438419959388263,-0.2920000000000007,7.704339504241943,0.5704837569708585,90,3.0,0.0,0.08,0.0,0.08,0.0,0.14,0.04000000000000001,0.22333333333333336
chesca_commitment_full_mesh,881,18,6,2,8.750124774105537,8.524124774105536,-0.22600000000000087,7.704339504241943,0.7509712273051595,90,2.0,0.0,0.06000000000000001,0.0,0.06000000000000001,0.0,0.20000000000000004,0.06000000000000001,0.22
chesca_commitment_full_mesh,882,19,6,0,8.760997417333618,8.760997417333618,0.0,7.6872076988220215,0.3960563917809224,90,0.0,0.0,0.0,0.0,0.0,0.0,0.20000000000000004,0.06000000000000001,0.2166666666666667
chesca_commitment_full_mesh,883,20,6,6,7.078234947125497,7.728234947125497,0.6499999999999995,7.6872076988220215,-0.11359242538868199,90,0.0,6.0,0.0,0.18000000000000002,0.0,0.18000000000000002,0.020000000000000028,0.02000000000000001,0.24666666666666667
chesca_commitment_full_mesh,884,21,6,1,7.7898862906483295,7.72388629064833,-0.06599999999999984,7.680567741394043,0.1075605236004066,90,1.0,0.0,0.020000000000000004,0.0,0.020000000000000004,0.0,0.04000000000000003,0.02000000000000001,0.25
chesca_commitment_full_mesh,885,22,6,0,7.720149552166129,7.720149552166129,0.0,7.670476913452148,0.2091125042760909,90,0.0,0.0,0.0,0.0,0.0,0.0,0.04000000000000003,0.02000000000000001,0.21333333333333335
chesca_commitment_full_mesh,886,23,6,1,7.925576620398536,7.859576620398536,-0.06599999999999984,7.670476913452148,0.24341406051387293,90,1.0,0.0,0.02,0.0,0.02,0.0,0.060000000000000026,0.02000000000000001,0.21666666666666667
chesca_commitment_full_mesh,887,24,6,0,7.95829223664736,7.958292236647359,-8.881784197001252e-16,7.670476913452148,0.1707859734412226,90,0.0,0.0,0.0,0.0,0.0,0.0,0.060000000000000026,0.02000000000000001,0.19333333333333333
chesca_commitment_full_mesh,888,1,6,3,8.318335454601048,7.9323354546010485,-0.38599999999999923,7.667018890380859,0.216467754531798,90,3.0,0.0,0.1,0.0,0.1,0.0,0.16000000000000006,0.04,0.20666666666666667
chesca_commitment_full_mesh,889,2,6,6,6.2327761881138795,6.83077618811388,0.5980000000000008,7.667018890380859,-0.07606541286380712,90,0.0,6.0,0.0,0.16,0.0,0.16,2.42861286636753e-17,1.0408340855860843e-17,0.20666666666666667
chesca_commitment_full_mesh,890,3,6,2,5.407172666005897,5.671172666005896,0.26399999999999935,7.6466755867004395,-0.09681573596699608,90,0.0,2.0,0.0,6.938893903907228e-18,0.0,0.08000000000000002,1.734723475976807e-17,1.0408340855860843e-17,0.22
chesca_commitment_full_mesh,891,4,6,0,4.955578147228489,4.955578147228489,0.0,7.616454601287842,-0.06399217683129649,90,0.0,0.0,0.0,0.0,0.0,0.0,1.734723475976807e-17,1.0408340855860843e-17,0.21666666666666667
chesca_commitment_full_mesh,892,5,6,0,5.116730455980457,5.116730455980457,0.0,7.616454601287842,0.03740562805362595,90,0.0,0.0,0.0,0.0,0.0,0.0,1.734723475976807e-17,1.0408340855860843e-17,0.21666666666666667
chesca_commitment_full_mesh,893,6,6,0,4.826377114533291,4.826377114533292,8.881784197001252e-16,7.616454601287842,-0.008296146121680913,90,0.0,0.0,0.0,0.0,0.0,0.0,1.734723475976807e-17,1.0408340855860843e-17,0.21666666666666667
chesca_commitment_full_mesh,894,7,6,0,4.479467026530983,4.479467026530983,0.0,7.616454601287842,0.07082361426568133,90,0.0,0.0,0.0,0.0,0.0,0.0,1.734723475976807e-17,1.0408340855860843e-17,0.21
chesca_commitment_full_mesh,895,8,6,0,2.9851227101605025,2.9851227101605025,0.0,7.616454601287842,-0.06172409144596974,90,0.0,0.0,0.0,0.0,0.0,0.0,1.734723475976807e-17,1.0408340855860843e-17,0.21
chesca_commitment_full_mesh,896,9,6,5,2.1130646452901205,2.389056557700864,0.2759919124107433,7.616454601287842,-0.5565132460285035,90,0.0,5.0,0.0,1.734723475976807e-17,0.0,0.10000000000000002,0.0,0.0,0.21333333333333335
chesca_commitment_full_mesh,897,10,6,5,0.9718841393860812,1.1969143316845516,0.22503019229847043,7.6466755867004395,-0.8085420422691225,90,0.0,5.0,0.0,0.0,0.0,0.1,0.0,0.0,0.21666666666666667
chesca_commitment_full_mesh,898,11,6,6,1.753950064841215,2.019450736034812,0.2655006711935972,7.667018890380859,-0.6826656073259512,90,0.0,6.0,0.0,0.0,0.0,0.12000000000000002,0.0,0.0,0.2366666666666667
chesca_commitment_full_mesh,899,12,6,0,3.37404158604649,3.3740415860464896,-4.440892098500626e-16,7.667018890380859,0.14051729165160948,90,0.0,0.0,0.0,0.0,0.0,0.0,0.0,0.0,0.23333333333333336
chesca_commitment_full_mesh,900,13,6,0,5.909580467828586,5.909580467828585,-8.881784197001252e-16,7.667018890380859,0.28546228556128916,90,0.0,0.0,0.0,0.0,0.0,0.0,0.0,0.0,0.22666666666666668
chesca_commitment_full_mesh,901,14,6,0,6.408232961311315,6.408232961311315,0.0,7.667018890380859,0.021761603931795298,90,0.0,0.0,0.0,0.0,0.0,0.0,0.0,0.0,0.21
chesca_commitment_full_mesh,902,15,6,0,7.35156035949562,7.351560359495619,-8.881784197001252e-16,7.667018890380859,-0.07315451203163752,90,0.0,0.0,0.0,0.0,0.0,0.0,0.0,0.0,0.18000000000000002
chesca_commitment_full_mesh,903,16,6,5,8.595219313000785,7.9172193130007855,-0.677999999999999,7.667018890380859,0.2966945795804843,90,5.0,0.0,0.18000000000000002,0.0,0.18000000000000002,0.0,0.18000000000000002,0.04000000000000001,0.19999999999999998
chesca_commitment_full_mesh,904,17,6,5,12.53648172171994,11.79248172171994,-0.7439999999999998,7.670476913452148,1.8264268567913946,90,5.0,0.0,0.20000000000000004,0.0,0.20000000000000004,0.0,0.38000000000000006,0.08000000000000002,0.22
chesca_commitment_full_mesh,905,18,6,1,10.226065636198243,10.094065636198243,-0.13199999999999967,7.670476913452148,0.9490503624692908,90,1.0,0.0,0.04000000000000001,0.0,0.04000000000000001,0.0,0.42000000000000004,0.08000000000000002,0.21666666666666667
chesca_commitment_full_mesh,906,19,6,0,11.354145030483958,11.354145030483958,0.0,7.670476913452148,1.0874232183170336,90,0.0,0.0,0.0,0.0,0.0,0.0,0.42000000000000004,0.08000000000000002,0.21666666666666667
chesca_commitment_full_mesh,907,20,6,0,9.275600797098566,9.275600797098566,0.0,7.670476913452148,0.27778152085740376,90,0.0,0.0,0.0,0.0,0.0,0.0,0.42000000000000004,0.08000000000000002,0.18666666666666668
chesca_commitment_full_mesh,908,21,6,0,8.544458662557146,8.544458662557146,0.0,7.670476913452148,0.17066028532262884,90,0.0,0.0,0.0,0.0,0.0,0.0,0.42000000000000004,0.08000000000000002,0.18333333333333335
chesca_commitment_full_mesh,909,22,6,6,8.26291753404895,9.138917534048952,0.8760000000000012,7.670476913452148,-0.06753884111167917,90,0.0,6.0,0.0,0.24000000000000005,0.0,0.24000000000000005,0.18000000000000002,0.040000000000000015,0.2233333333333333
chesca_commitment_full_mesh,910,23,6,6,8.163817237730461,8.90781723773046,0.7439999999999998,7.678064823150635,-0.08344307527275743,90,0.0,6.0,0.0,0.18,0.0,0.2,4.85722573273506e-17,1.3877787807814457e-17,0.25333333333333335
chesca_commitment_full_mesh,911,24,6,0,8.582897958189173,8.582897958189173,0.0,7.678064823150635,-0.013985493955989164,90,0.0,0.0,0.0,0.0,0.0,0.0,4.85722573273506e-17,1.3877787807814457e-17,0.25333333333333335
chesca_commitment_full_mesh,912,1,6,3,9.944047209616139,9.732047209616141,-0.21199999999999797,7.678064823150635,0.5232182949863708,90,3.0,0.0,0.06000000000000001,0.0,0.06000000000000001,0.0,0.06000000000000006,0.020000000000000018,0.24666666666666667
chesca_commitment_full_mesh,913,2,6,3,8.162032399218536,8.374032399218535,0.21199999999999974,7.678064823150635,-0.2174346538065135,90,0.0,3.0,0.0,0.06000000000000001,0.0,0.06000000000000001,4.85722573273506e-17,1.3877787807814457e-17,0.23
chesca_commitment_full_mesh,914,3,6,3,6.132345453960372,6.438345453960372,0.30600000000000005,7.678064823150635,-0.4915885951119856,90,0.0,3.0,0.0,3.469446951953614e-17,0.0,0.08000000000000002,1.3877787807814457e-17,1.3877787807814457e-17,0.23
chesca_commitment_full_mesh,915,4,6,2,5.860179066461852,5.99217906646185,0.13199999999999878,7.667018890380859,-0.29756992407129695,90,0.0,2.0,0.0,0.0,0.0,0.04000000000000001,1.3877787807814457e-17,1.3877787807814457e-17,0.2366666666666667
chesca_commitment_full_mesh,916,5,6,0,5.30700931211384,5.30700931211384,0.0,7.6466755867004395,-0.28711366996474713,90,0.0,0.0,0.0,0.0,0.0,0.0,1.3877787807814457e-17,1.3877787807814457e-17,0.2366666666666667
chesca_commitment_full_mesh,917,6,6,0,5.918936309412486,5.918936309412486,0.0,7.6466755867004395,-0.11023889725368294,90,0.0,0.0,0.0,0.0,0.0,0.0,1.3877787807814457e-17,1.3877787807814457e-17,0.2366666666666667
chesca_commitment_full_mesh,918,7,6,0,6.42259500362581,6.422595003625811,8.881784197001252e-16,7.6466755867004395,-0.13089675520453836,90,0.0,0.0,0.0,0.0,0.0,0.0,1.3877787807814457e-17,1.3877787807814457e-17,0.2366666666666667
chesca_commitment_full_mesh,919,8,6,4,5.320455732435827,5.562787606195622,0.24233187375979526,7.667018890380859,-0.7879557184179713,90,0.0,4.0,0.0,1.3877787807814457e-17,0.0,0.08000000000000002,0.0,0.0,0.25000000000000006
chesca_commitment_full_mesh,920,9,6,0,2.8152028117355927,2.8152028117355923,-4.440892098500626e-16,7.667018890380859,-0.4809638700212684,90,0.0,0.0,0.0,0.0,0.0,0.0,0.0,0.0,0.23333333333333336
chesca_commitment_full_mesh,921,10,6,0,4.062908564010427,4.062908564010427,0.0,7.667018890380859,-0.1383716450893525,90,0.0,0.0,0.0,0.0,0.0,0.0,0.0,0.0,0.21666666666666667
chesca_commitment_full_mesh,922,11,6,2,4.913616975233956,4.9968971187119,0.08328014347794355,7.667018890380859,-0.23471833010022622,90,0.0,2.0,0.0,0.0,0.0,0.04,0.0,0.0,0.20333333333333334
chesca_commitment_full_mesh,923,12,6,5,4.692572058523739,4.9721303259965755,0.2795582674728365,7.667018890380859,-0.11506745234300306,90,0.0,5.0,0.0,0.0,0.0,0.10000000000000002,0.0,0.0,0.22
chesca_commitment_full_mesh,924,13,6,0,5.414689353517385,5.414689353517385,0.0,7.667018890380859,-0.1908686221085998,90,0.0,0.0,0.0,0.0,0.0,0.0,0.0,0.0,0.22
chesca_commitment_full_mesh,925,14,6,0,4.6397240684788095,4.639724068478809,-8.881784197001252e-16,7.667018890380859,-0.15433929598147186,90,0.0,0.0,0.0,0.0,0.0,0.0,0.0,0.0,0.22
chesca_commitment_full_mesh,926,15,6,0,6.479596936963806,6.479596936963807,8.881784197001252e-16,7.667018890380859,0.08816193361327129,90,0.0,0.0,0.0,0.0,0.0,0.0,0.0,0.0,0.22
chesca_commitment_full_mesh,927,16,6,0,6.447970174678519,6.447970174678519,0.0,7.6466755867004395,0.2262376873827216,90,0.0,0.0,0.0,0.0,0.0,0.0,0.0,0.0,0.19000000000000003
chesca_commitment_full_mesh,928,17,6,5,6.51539995851947,5.83739995851947,-0.6780000000000008,7.616454601287842,0.12589759743893486,90,5.0,0.0,0.18,0.0,0.18,0.0,0.18,0.04000000000000001,0.18666666666666668
chesca_commitment_full_mesh,929,18,6,1,7.7073539318873925,7.641353931887393,-0.06599999999999984,7.587411403656006,0.43032110498258164,90,1.0,0.0,0.020000000000000004,0.0,0.020000000000000004,0.0,0.2,0.04000000000000001,0.18333333333333335
chesca_commitment_full_mesh,930,19,6,0,8.536860144393128,8.536860144393128,0.0,7.587411403656006,0.17650165119715017,90,0.0,0.0,0.0,0.0,0.0,0.0,0.2,0.04000000000000001,0.18333333333333335
chesca_commitment_full_mesh,931,20,6,6,8.033251522450811,8.777251522450811,0.7439999999999998,7.587411403656006,0.012880848016746632,90,0.0,6.0,0.0,0.2,0.0,0.2,6.938893903907228e-18,6.938893903907228e-18,0.21666666666666667
chesca_commitment_full_mesh,932,21,6,3,6.741372455876601,6.9673724558766015,0.22600000000000087,7.587411403656006,-0.264734452798908,90,0.0,3.0,0.0,6.938893903907228e-18,0.0,0.06,0.0,0.0,0.22666666666666668
chesca_commitment_full_mesh,933,22,6,0,6.5924890483248975,6.5924890483248975,0.0,7.5432209968566895,-0.06502548598273962,90,0.0,0.0,0.0,0.0,0.0,0.0,0.0,0.0,0.18666666666666668
chesca_commitment_full_mesh,934,23,6,6,7.340623732310753,6.624623732310752,-0.7160000000000011,7.521597862243652,0.07716953335597114,90,6.0,0.0,0.2,0.0,0.2,0.0,0.2,0.04000000000000001,0.18666666666666668
chesca_commitment_full_mesh,935,24,6,0,8.777497149736137,8.777497149736137,0.0,7.521597862243652,0.3661570663510814,90,0.0,0.0,0.0,0.0,0.0,0.0,0.2,0.04000000000000001,0.18666666666666668
chesca_commitment_full_mesh,936,1,6,6,7.217278596667506,8.005488708285547,0.7882101116180413,7.521597862243652,-0.15440353814560057,90,0.0,6.0,0.0,0.2,0.0,0.24000000000000005,0.0,0.0,0.21666666666666667
chesca_commitment_full_mesh,937,2,6,6,6.136286647217915,6.6163660256927574,0.4800793784748425,7.521597862243652,-0.4488425367982153,90,0.0,6.0,0.0,0.0,0.0,0.14,0.0,0.0,0.23
chesca_commitment_full_mesh,938,3,6,3,5.672891482776749,5.884891482776749,0.21199999999999974,7.4904046058654785,-0.30969344578815106,90,0.0,3.0,0.0,0.0,0.0,0.06000000000000001,0.0,0.0,0.22666666666666668
chesca_commitment_full_mesh,939,4,6,1,5.294534839880327,5.374534839880328,0.08000000000000096,7.452304363250732,-0.24436559453818288,90,0.0,1.0,0.0,0.0,0.0,0.020000000000000004,0.0,0.0,0.22333333333333336
chesca_commitment_full_mesh,940,5,6,0,5.345410303156429,5.345410303156429,0.0,7.447455406188965,-0.14027252350101,90,0.0,0.0,0.0,0.0,0.0,0.0,0.0,0.0,0.22333333333333336
chesca_commitment_full_mesh,941,6,6,0,5.658687839172569,5.658687839172569,0.0,7.447455406188965,-0.06960350862346694,90,0.0,0.0,0.0,0.0,0.0,0.0,0.0,0.0,0.22333333333333336
chesca_commitment_full_mesh,942,7,6,0,4.949676493465172,4.949676493465171,-8.881784197001252e-16,7.447455406188965,-0.11988527859060116,90,0.0,0.0,0.0,0.0,0.0,0.0,0.0,0.0,0.22333333333333336
chesca_commitment_full_mesh,943,8,6,0,5.684032766104506,5.684032766104507,8.881784197001252e-16,7.447455406188965,-0.16799144770034527,90,0.0,0.0,0.0,0.0,0.0,0.0,0.0,0.0,0.21
chesca_commitment_full_mesh,944,9,6,4,4.427858235301176,4.621205705241791,0.19334746994061458,7.447455406188965,-0.31759722167086785,90,0.0,4.0,0.0,0.0,0.0,0.08000000000000002,0.0,0.0,0.22333333333333336
chesca_commitment_full_mesh,945,10,6,0,4.162185654808846,4.162185654808846,0.0,7.447455406188965,-0.07718361248614626,90,0.0,0.0,0.0,0.0,0.0,0.0,0.0,0.0,0.22333333333333336
chesca_commitment_full_mesh,946,11,6,0,2.8402226268725754,2.8402226268725754,0.0,7.447455406188965,-0.13294352451532196,90,0.0,0.0,0.0,0.0,0.0,0.0,0.0,0.0,0.21666666666666667
chesca_commitment_full_mesh,947,12,6,4,1.4182379807470946,1.6270341808912518,0.20879620014415723,7.447455406188965,-0.43876256676233855,90,0.0,4.0,0.0,0.0,0.0,0.08,0.0,0.0,0.21333333333333335
chesca_commitment_full_mesh,948,13,6,4,2.979996929766542,2.7019969297665423,-0.2779999999999996,7.447455406188965,0.15383638680259482,90,4.0,0.0,0.08,0.0,0.08,0.0,0.08,0.02,0.22666666666666668
chesca_commitment_full_mesh,949,14,6,4,2.6235770774914493,2.8428284049230523,0.21925132743160303,7.407765865325928,-0.05552145787751936,90,0.0,4.0,0.0,0.08,0.0,0.08000000000000002,0.0,0.0,0.24000000000000002
chesca_commitment_full_mesh,950,15,6,0,4.125758788780949,4.125758788780949,0.0,7.407765865325928,-0.019534065083732843,90,0.0,0.0,0.0,0.0,0.0,0.0,0.0,0.0,0.24000000000000002
chesca_commitment_full_mesh,951,16,6,0,6.120854430575315,6.120854430575315,0.0,7.407765865325928,0.15336436064599177,90,0.0,0.0,0.0,0.0,0.0,0.0,0.0,0.0,0.24000000000000002
chesca_commitment_full_mesh,952,17,6,0,7.681248431828294,7.681248431828293,-8.881784197001252e-16,7.407765865325928,0.08569379757635454,90,0.0,0.0,0.0,0.0,0.0,0.0,0.0,0.0,0.21
chesca_commitment_full_mesh,953,18,6,6,9.588391052550836,8.910391052550834,-0.6780000000000026,7.407765865325928,0.6556622655644786,90,6.0,0.0,0.18,0.0,0.18,0.0,0.18,0.04000000000000001,0.2366666666666667
chesca_commitment_full_mesh,954,19,6,6,12.03937564371172,11.163375643711719,-0.8760000000000012,7.447455406188965,1.5847712658975763,90,6.0,0.0,0.24000000000000002,0.0,0.24000000000000002,0.0,0.42,0.08000000000000002,0.27666666666666667
chesca_commitment_full_mesh,955,20,6,0,10.129316650629043,10.129316650629043,0.0,7.447455406188965,0.6700846364658121,90,0.0,0.0,0.0,0.0,0.0,0.0,0.42,0.08000000000000002,0.24333333333333337
chesca_commitment_full_mesh,956,21,6,0,9.838687621355056,9.838687621355056,0.0,7.447455406188965,0.794819431594995,90,0.0,0.0,0.0,0.0,0.0,0.0,0.42,0.08000000000000002,0.23333333333333336
chesca_commitment_full_mesh,957,22,6,0,10.072870144335255,10.072870144335255,0.0,7.447455406188965,0.985702100113866,90,0.0,0.0,0.0,0.0,0.0,0.0,0.42,0.08000000000000002,0.23333333333333336
chesca_commitment_full_mesh,958,23,6,6,7.820581734020269,8.63058173402027,0.8100000000000005,7.447455406188965,-0.05986175007591925,90,0.0,6.0,0.0,0.22000000000000003,0.0,0.22000000000000003,0.2,0.04000000000000001,0.2366666666666667
chesca_commitment_full_mesh,959,24,6,0,9.079194914647838,9.079194914647838,0.0,7.452304363250732,0.5182059086883015,90,0.0,0.0,0.0,0.0,0.0,0.0,0.2,0.04000000000000001,0.2366666666666667
chesca_commitment_full_mesh,960,1,6,0,8.480504307974789,8.480504307974789,0.0,7.452304363250732,0.12528666561917162,90,0.0,0.0,0.0,0.0,0.0,0.0,0.2,0.04000000000000001,0.19666666666666666
chesca_commitment_full_mesh,961,2,6,0,8.421471468726596,8.421471468726594,-1.7763568394002505e-15,7.452304363250732,0.11469830931464103,90,0.0,0.0,0.0,0.0,0.0,0.0,0.2,0.04000000000000001,0.17333333333333337
chesca_commitment_full_mesh,962,3,6,6,6.872538399784083,7.748538399784083,0.8760000000000003,7.452304363250732,-0.17839690456698307,90,0.0,6.0,0.0,0.2,0.0,0.24000000000000005,0.0,0.0,0.20333333333333334
chesca_commitment_full_mesh,963,4,6,6,5.641016519090403,6.15836234706004,0.5173458279696366,7.452304363250732,-0.29921291034510156,90,0.0,6.0,0.0,0.0,0.0,0.14,0.0,0.0,0.22333333333333336
chesca_commitment_full_mesh,964,5,6,0,5.132248160438941,5.132248160438941,0.0,7.452304363250732,-0.22223097640437517,90,0.0,0.0,0.0,0.0,0.0,0.0,0.0,0.0,0.22333333333333336
chesca_commitment_full_mesh,965,6,6,0,5.847585207394754,5.847585207394754,0.0,7.452304363250732,0.001393655921802836,90,0.0,0.0,0.0,0.0,0.0,0.0,0.0,0.0,0.22333333333333336
chesca_commitment_full_mesh,966,7,6,0,4.824994054238981,4.8249940542389815,8.881784197001252e-16,7.447455406188965,-0.0946179009780449,90,0.0,0.0,0.0,0.0,0.0,0.0,0.0,0.0,0.22333333333333336
chesca_commitment_full_mesh,967,8,6,0,5.2335781827700885,5.2335781827700885,0.0,7.447455406188965,-0.08080460994813496,90,0.0,0.0,0.0,0.0,0.0,0.0,0.0,0.0,0.22333333333333336
chesca_commitment_full_mesh,968,9,6,0,5.708288263016238,5.708288263016238,0.0,7.447455406188965,-0.1675672190461149,90,0.0,0.0,0.0,0.0,0.0,0.0,0.0,0.0,0.21
chesca_commitment_full_mesh,969,10,6,4,3.435557797486196,3.6289053646694454,0.1933475671832494,7.447455406188965,-0.21555820567239475,90,0.0,4.0,0.0,0.0,0.0,0.08,0.0,0.0,0.22333333333333336
chesca_commitment_full_mesh,970,11,6,0,1.7014633679560356,1.7014633679560356,0.0,7.447455406188965,-0.16937416894357665,90,0.0,0.0,0.0,0.0,0.0,0.0,0.0,0.0,0.22333333333333336
chesca_commitment_full_mesh,971,12,6,0,2.9280479407301083,2.9280479407301083,0.0,7.447455406188965,0.08600483997051651,90,0.0,0.0,0.0,0.0,0.0,0.0,0.0,0.0,0.21
chesca_commitment_full_mesh,972,13,6,3,3.823198906970902,3.597198906970902,-0.22599999999999998,7.447455406188965,0.16584103603045725,90,3.0,0.0,0.06,0.0,0.06,0.0,0.06,0.02,0.20666666666666667
chesca_commitment_full_mesh,973,14,6,3,3.783778991911721,3.5717789919117204,-0.21200000000000063,7.447455406188965,0.1862468628096749,90,3.0,0.0,0.06000000000000001,0.0,0.06000000000000001,0.0,0.12000000000000002,0.020000000000000004,0.20333333333333334
chesca_commitment_full_mesh,974,15,6,0,4.249134218986614,4.249134218986614,0.0,7.447455406188965,0.2082534401993655,90,0.0,0.0,0.0,0.0,0.0,0.0,0.12000000000000002,0.020000000000000004,0.20333333333333334
chesca_commitment_full_mesh,975,16,6,0,6.815498129745919,6.815498129745919,0.0,7.447455406188965,0.3236523157087256,90,0.0,0.0,0.0,0.0,0.0,0.0,0.12000000000000002,0.020000000000000004,0.20333333333333334
chesca_commitment_full_mesh,976,17,6,4,8.368739491475472,8.024739491475472,-0.3439999999999994,7.447455406188965,0.568597658324341,90,4.0,0.0,0.10000000000000002,0.0,0.10000000000000002,0.0,0.22000000000000003,0.06000000000000001,0.22
chesca_commitment_full_mesh,977,18,6,3,10.13087828737911,9.89087828737911,-0.2400000000000002,7.452304363250732,0.9816637440452721,90,3.0,0.0,0.06000000000000001,0.0,0.06000000000000001,0.0,0.28,0.06000000000000001,0.19999999999999998
chesca_commitment_full_mesh,978,19,6,2,10.242450754268988,10.082450754268987,-0.16000000000000192,7.452304363250732,0.9012623022405066,90,2.0,0.0,0.04000000000000001,0.0,0.04000000000000001,0.0,0.32,0.06000000000000001,0.1666666666666667
chesca_commitment_full_mesh,979,20,6,0,9.430928529262543,9.430928529262541,-1.7763568394002505e-15,7.452304363250732,0.6779775807631812,90,0.0,0.0,0.0,0.0,0.0,0.0,0.32,0.06000000000000001,0.1666666666666667
chesca_commitment_full_mesh,980,21,6,0,8.459966151237488,8.459966151237488,0.0,7.452304363250732,0.23010847448547642,90,0.0,0.0,0.0,0.0,0.0,0.0,0.32,0.06000000000000001,0.1666666666666667
chesca_commitment_full_mesh,981,22,6,0,8.202025633886167,8.202025633886167,0.0,7.452304363250732,0.05988120777254615,90,0.0,0.0,0.0,0.0,0.0,0.0,0.32,0.06000000000000001,0.1666666666666667
chesca_commitment_full_mesh,982,23,6,0,9.420981952154731,9.420981952154731,0.0,7.4904046058654785,0.8697065341458264,90,0.0,0.0,0.0,0.0,0.0,0.0,0.32,0.06000000000000001,0.13
chesca_commitment_full_mesh,983,24,6,0,9.273842995157697,9.273842995157697,0.0,7.4904046058654785,0.6468871251238344,90,0.0,0.0,0.0,0.0,0.0,0.0,0.32,0.06000000000000001,0.13
chesca_commitment_full_mesh,984,1,6,6,7.95385774481244,8.82985774481244,0.8759999999999994,7.521597862243652,-0.04533855332182446,90,0.0,6.0,0.0,0.24000000000000005,0.0,0.24000000000000005,0.08000000000000002,0.020000000000000004,0.17000000000000004
chesca_commitment_full_mesh,985,2,6,4,7.608240678135042,7.914240678135042,0.30600000000000005,7.521597862243652,-0.07150190877856438,90,0.0,4.0,0.0,0.08000000000000002,0.0,0.08000000000000002,0.0,0.0,0.18333333333333335
chesca_commitment_full_mesh,986,3,6,6,6.353699241669862,7.00369924166986,0.6499999999999986,7.521597862243652,-0.09812481781026347,90,0.0,6.0,0.0,0.0,0.0,0.18000000000000002,0.0,0.0,0.17333333333333337
chesca_commitment_full_mesh,987,4,6,0,7.0323409760591495,7.03234097605915,8.881784197001252e-16,7.521597862243652,0.01398229842476019,90,0.0,0.0,0.0,0.0,0.0,0.0,0.0,0.0,0.15000000000000002
chesca_commitment_full_mesh,988,5,6,0,5.997317167716864,5.997317167716865,8.881784197001252e-16,7.521597862243652,-0.0050177011230722185,90,0.0,0.0,0.0,0.0,0.0,0.0,0.0,0.0,0.15000000000000002
chesca_commitment_full_mesh,989,6,6,3,5.9312888639223775,5.451288863922377,-0.4800000000000004,7.521597862243652,0.07377203075318614,90,3.0,0.0,0.12,0.0,0.12,0.0,0.12,0.04,0.17
chesca_commitment_full_mesh,990,7,6,0,5.43272369914547,5.43272369914547,0.0,7.521597862243652,0.06625308089659193,90,0.0,0.0,0.0,0.0,0.0,0.0,0.12,0.04,0.17
chesca_commitment_full_mesh,991,8,6,0,4.707796550273434,4.707796550273434,0.0,7.521597862243652,0.04778436877699248,90,0.0,0.0,0.0,0.0,0.0,0.0,0.12,0.04,0.17
chesca_commitment_full_mesh,992,9,6,3,3.0695692423465823,3.3490645262536924,0.2794952839071101,7.521597862243652,-0.06752741973450892,90,0.0,3.0,0.0,0.12,0.0,0.12000000000000002,0.0,0.0,0.19000000000000003
chesca_commitment_full_mesh,993,10,6,0,4.0899082377183715,4.0899082377183715,0.0,7.521597862243652,0.054980548154786424,90,0.0,0.0,0.0,0.0,0.0,0.0,0.0,0.0,0.17666666666666672
chesca_commitment_full_mesh,994,11,6,0,1.461987290354869,1.461987290354869,0.0,7.521597862243652,-0.024173778595801228,90,0.0,0.0,0.0,0.0,0.0,0.0,0.0,0.0,0.17666666666666672
chesca_commitment_full_mesh,995,12,6,0,4.292025843082779,4.292025843082779,0.0,7.521597862243652,-0.07220842324354812,90,0.0,0.0,0.0,0.0,0.0,0.0,0.0,0.0,0.17666666666666672
chesca_commitment_full_mesh,996,13,6,3,5.691174660780082,5.361174660780082,-0.33000000000000007,7.521597862243652,0.11136641292080876,90,3.0,0.0,0.10000000000000002,0.0,0.10000000000000002,0.0,0.10000000000000002,0.04000000000000001,0.18333333333333335
chesca_commitment_full_mesh,997,14,6,3,6.139928281504716,6.413799884640028,0.2738716031353121,7.521597862243652,0.027437364277623402,90,0.0,3.0,0.0,0.10000000000000002,0.0,0.10000000000000002,0.0,0.0,0.19000000000000003
chesca_commitment_full_mesh,998,15,6,2,4.713999087535279,4.55399908753528,-0.15999999999999925,7.521597862243652,0.07553104542765333,90,2.0,0.0,0.04,0.0,0.04,0.0,0.04,0.02,0.19666666666666668
chesca_commitment_full_mesh,999,16,6,4,5.549159664380316,5.1391596643803155,-0.41000000000000014,7.521597862243652,0.49452079722187375,90,4.0,0.0,0.12,0.0,0.12,0.0,0.16,0.04,0.21666666666666667
chesca_commitment_full_mesh,1000,17,6,0,6.533485243151562,6.533485243151563,8.881784197001252e-16,7.4904046058654785,0.5010447624614848,90,0.0,0.0,0.0,0.0,0.0,0.0,0.16,0.04,0.20000000000000004
chesca_commitment_full_mesh,1001,18,6,3,8.263343162108212,7.971343162108213,-0.2919999999999989,7.4904046058654785,0.6350056513086797,90,3.0,0.0,0.08000000000000002,0.0,0.08000000000000002,0.0,0.24000000000000005,0.06000000000000001,0.20333333333333337
chesca_commitment_full_mesh,1002,19,6,6,8.784212303425429,9.58021230342543,0.7960000000000012,7.4904046058654785,-0.13940245712028188,90,0.0,6.0,0.0,0.22,0.0,0.22,0.020000000000000028,0.020000000000000004,0.2333333333333333
chesca_commitment_full_mesh,1003,20,6,5,7.8100605702400205,8.31406057024002,0.5039999999999996,7.4904046058654785,-0.6236931274543028,90,0.0,5.0,0.0,0.020000000000000018,0.0,0.14,1.0408340855860843e-17,6.938893903907228e-18,0.25666666666666665
chesca_commitment_full_mesh,1004,21,6,0,7.398248890732505,7.398248890732505,0.0,7.4904046058654785,-0.0966746802899819,90,0.0,0.0,0.0,0.0,0.0,0.0,1.0408340855860843e-17,6.938893903907228e-18,0.25666666666666665
chesca_commitment_full_mesh,1005,22,6,0,7.971757832289689,7.971757832289689,0.0,7.4904046058654785,0.15944562689457226,90,0.0,0.0,0.0,0.0,0.0,0.0,1.0408340855860843e-17,6.938893903907228e-18,0.25666666666666665
chesca_commitment_full_mesh,1006,23,6,0,7.908858997017106,7.908858997017105,-8.881784197001252e-16,7.4904046058654785,0.08530238034719376,90,0.0,0.0,0.0,0.0,0.0,0.0,1.0408340855860843e-17,6.938893903907228e-18,0.25666666666666665
chesca_commitment_full_mesh,1007,24,6,0,7.391706735513133,7.391706735513133,0.0,7.4904046058654785,-0.06034947348963002,90,0.0,0.0,0.0,0.0,0.0,0.0,1.0408340855860843e-17,6.938893903907228e-18,0.25666666666666665
chesca_commitment_full_mesh,1008,1,6,0,8.029941343479027,8.029941343479027,0.0,7.4904046058654785,0.09775517534868738,90,0.0,0.0,0.0,0.0,0.0,0.0,1.0408340855860843e-17,6.938893903907228e-18,0.21666666666666667
chesca_commitment_full_mesh,1009,2,6,2,7.246088677963217,7.392088677963218,0.1460000000000008,7.567991733551025,-0.23374098472999755,90,0.0,2.0,0.0,0.0,0.0,0.04000000000000001,1.0408340855860843e-17,6.938893903907228e-18,0.21
chesca_commitment_full_mesh,1010,3,6,3,6.154466644685927,6.394466644685927,0.2400000000000002,7.567991733551025,-0.28774488798725206,90,0.0,3.0,0.0,6.938893903907228e-18,0.0,0.06000000000000001,3.469446951953614e-18,3.469446951953614e-18,0.19000000000000003
chesca_commitment_full_mesh,1011,4,6,6,5.363942612941782,5.897222775753062,0.5332801628112795,7.567991733551025,-0.2281832744608095,90,0.0,6.0,0.0,3.469446951953614e-18,0.0,0.16000000000000003,0.0,0.0,0.21666666666666667
chesca_commitment_full_mesh,1012,5,6,2,4.420766150288127,4.541058624861435,0.12029247457330783,7.567991733551025,-0.29465057209102297,90,0.0,2.0,0.0,0.0,0.0,0.04000000000000001,0.0,0.0,0.22333333333333336
chesca_commitment_full_mesh,1013,6,6,0,5.053477831922835,5.053477831922835,0.0,7.567991733551025,-0.038492002928708455,90,0.0,0.0,0.0,0.0,0.0,0.0,0.0,0.0,0.20333333333333334
chesca_commitment_full_mesh,1014,7,6,0,4.982757758049786,4.982757758049785,-8.881784197001252e-16,7.567991733551025,-0.05620555929170648,90,0.0,0.0,0.0,0.0,0.0,0.0,0.0,0.0,0.20333333333333334
chesca_commitment_full_mesh,1015,8,6,3,4.326725872989318,4.464965186895207,0.13823931390588928,7.567991733551025,-0.08690129582981855,90,0.0,3.0,0.0,0.0,0.0,0.06,0.0,0.0,0.21333333333333335
chesca_commitment_full_mesh,1016,9,6,2,2.449252171562873,2.5301375931424066,0.08088542157953382,7.567991733551025,-0.10668966166343045,90,0.0,2.0,0.0,0.0,0.0,0.04,0.0,0.0,0.19999999999999998
chesca_commitment_full_mesh,1017,10,6,3,4.579584376136717,4.099584376136716,-0.4800000000000013,7.567991733551025,0.25798649796591344,90,3.0,0.0,0.12,0.0,0.12,0.0,0.12,0.04,0.22
chesca_commitment_full_mesh,1018,11,6,3,1.6337439010857502,1.9316038637225241,0.29785996263677395,7.567991733551025,-0.0904322538442904,90,0.0,3.0,0.0,0.12,0.0,0.12000000000000002,0.0,0.0,0.24
chesca_commitment_full_mesh,1019,12,6,0,2.3435469881222355,2.3435469881222355,0.0,7.567991733551025,0.13556246320410822,90,0.0,0.0,0.0,0.0,0.0,0.0,0.0,0.0,0.24
chesca_commitment_full_mesh,1020,13,6,0,2.8212907600652133,2.8212907600652133,0.0,7.567991733551025,0.15858077517305474,90,0.0,0.0,0.0,0.0,0.0,0.0,0.0,0.0,0.22333333333333336
chesca_commitment_full_mesh,1021,14,6,0,2.6935287679138984,2.693528767913899,4.440892098500626e-16,7.567991733551025,0.016037805853289525,90,0.0,0.0,0.0,0.0,0.0,0.0,0.0,0.0,0.20666666666666667
chesca_commitment_full_mesh,1022,15,6,0,3.6529748242409257,3.6529748242409252,-4.440892098500626e-16,7.567991733551025,0.003237612498482631,90,0.0,0.0,0.0,0.0,0.0,0.0,0.0,0.0,0.19999999999999998
chesca_commitment_full_mesh,1023,16,6,3,5.507317554142397,5.111317554142398,-0.395999999999999,7.567991733551025,0.2657247228363526,90,3.0,0.0,0.12,0.0,0.12,0.0,0.12,0.04,0.19999999999999998
chesca_commitment_full_mesh,1024,17,6,0,6.794304240058717,6.794304240058718,8.881784197001252e-16,7.567991733551025,0.39603660203204377,90,0.0,0.0,0.0,0.0,0.0,0.0,0.12,0.04,0.19999999999999998
chesca_commitment_full_mesh,1025,18,6,2,8.083205451190436,7.923205451190436,-0.15999999999999925,7.4904046058654785,0.5694461782521982,90,2.0,0.0,0.04000000000000001,0.0,0.04000000000000001,0.0,0.16000000000000003,0.04,0.19333333333333333
chesca_commitment_full_mesh,1026,19,6,0,8.368116046585754,8.368116046585754,0.0,7.4904046058654785,0.3722989194620794,90,0.0,0.0,0.0,0.0,0.0,0.0,0.16000000000000003,0.04,0.15666666666666668
chesca_commitment_full_mesh,1027,20,6,1,8.373057015657423,8.293057015657423,-0.08000000000000007,7.457115650177002,0.3029724284480051,90,1.0,0.0,0.02,0.0,0.02,0.0,0.18000000000000002,0.04,0.13666666666666666
chesca_commitment_full_mesh,1028,21,6,6,7.259796628902182,7.975796628902181,0.7159999999999993,7.457115650177002,-0.11775784001446488,90,0.0,6.0,0.0,0.18000000000000002,0.0,0.20000000000000004,0.0,0.0,0.17
chesca_commitment_full_mesh,1029,22,6,3,6.923665616678045,7.319665616678044,0.395999999999999,7.457115650177002,-0.13622693542849706,90,0.0,3.0,0.0,0.0,0.0,0.12000000000000002,0.0,0.0,0.19000000000000003
chesca_commitment_full_mesh,1030,23,6,0,7.500513052229462,7.500513052229463,8.881784197001252e-16,7.457115650177002,0.011301260557073436,90,0.0,0.0,0.0,0.0,0.0,0.0,0.0,0.0,0.19000000000000003
chesca_commitment_full_mesh,1031,24,6,6,6.462241277380729,7.098241277380728,0.6359999999999992,7.457115650177002,-0.2741566006118162,90,0.0,6.0,0.0,0.0,0.0,0.18000000000000002,0.0,0.0,0.22
chesca_commitment_full_mesh,1032,1,6,3,6.242050052737889,6.503121583655946,0.26107153091805735,7.4476637840271,-0.30762302449041584,90,0.0,3.0,0.0,0.0,0.0,0.08000000000000002,0.0,0.0,0.23333333333333336
chesca_commitment_full_mesh,1033,2,6,0,6.49523889917799,6.49523889917799,0.0,7.434725284576416,-0.257954810062879,90,0.0,0.0,0.0,0.0,0.0,0.0,0.0,0.0,0.22666666666666668
chesca_commitment_full_mesh,1034,3,6,3,5.570558932215706,5.782558932215705,0.21199999999999974,7.434725284576416,-0.3342498291965983,90,0.0,3.0,0.0,0.0,0.0,0.06000000000000001,0.0,0.0,0.22666666666666668
chesca_commitment_full_mesh,1035,4,6,3,5.016861630643687,5.256861630643686,0.23999999999999932,7.434725284576416,-0.32309056390617363,90,0.0,3.0,0.0,0.0,0.0,0.06000000000000001,0.0,0.0,0.21
chesca_commitment_full_mesh,1036,5,6,2,4.987048837696114,5.063261842569156,0.07621300487304161,7.434725284576416,-0.24511762814017402,90,0.0,2.0,0.0,0.0,0.0,0.04,0.0,0.0,0.21
chesca_commitment_full_mesh,1037,6,6,3,4.976274363004199,5.136123974722959,0.15984961171875955,7.434725284576416,-0.1514659676933973,90,0.0,3.0,0.0,0.0,0.0,0.06000000000000001,0.0,0.0,0.22
chesca_commitment_full_mesh,1038,7,6,0,4.250894722529938,4.250894722529937,-8.881784197001252e-16,7.434725284576416,-0.08778034633371398,90,0.0,0.0,0.0,0.0,0.0,0.0,0.0,0.0,0.22
chesca_commitment_full_mesh,1039,8,6,1,6.649872547831185,6.649872547831186,8.881784197001252e-16,7.434725284576416,0.18688865010525635,90,0.0,1.0,0.0,0.0,0.0,0.03999999999999998,0.0,0.0,0.21666666666666667
chesca_commitment_full_mesh,1040,9,6,0,1.9078741853869237,1.9078741853869237,0.0,7.434725284576416,-0.0801854646994591,90,0.0,0.0,0.0,0.0,0.0,0.0,0.0,0.0,0.21
chesca_commitment_full_mesh,1041,10,6,6,0.4375483837773343,0.8019248353407553,0.364376451563421,7.417431831359863,-0.787784213560943,90,0.0,6.0,0.0,0.0,0.0,0.14,0.0,0.0,0.21333333333333335
chesca_commitment_full_mesh,1042,11,6,0,0.3400566782096196,0.3400566782096196,0.0,7.417431831359863,-0.08495403872574232,90,0.0,0.0,0.0,0.0,0.0,0.0,0.0,0.0,0.19333333333333336
chesca_commitment_full_mesh,1043,12,6,0,1.5124093093772233,1.5124093093772233,0.0,7.417431831359863,0.02634761958788888,90,0.0,0.0,0.0,0.0,0.0,0.0,0.0,0.0,0.19333333333333336
chesca_commitment_full_mesh,1044,13,6,3,2.849720958091609,2.36972095809161,-0.4799999999999991,7.417431831359863,0.18469024958235308,90,3.0,0.0,0.12,0.0,0.12,0.0,0.12,0.04,0.21333333333333335
chesca_commitment_full_mesh,1045,14,6,3,1.4090309216813617,1.7065542589588605,0.2975233372774988,7.417431831359863,-0.08579148943459813,90,0.0,3.0,0.0,0.12,0.0,0.12000000000000002,0.0,0.0,0.23333333333333336
chesca_commitment_full_mesh,1046,15,6,1,4.324096820865821,4.24409682086582,-0.08000000000000096,7.3665337562561035,0.09463948725918801,90,1.0,0.0,0.02,0.0,0.02,0.0,0.02,0.02,0.2366666666666667
chesca_commitment_full_mesh,1047,16,6,2,6.206363029404515,6.366363029404515,0.16000000000000014,7.417431831359863,-0.34730784300894285,90,0.0,2.0,0.0,0.02,0.0,0.04,0.0,0.0,0.22333333333333336
chesca_commitment_full_mesh,1048,17,6,3,7.658654764901832,7.460654764901832,-0.1979999999999995,7.434725284576416,0.10940464898257198,90,3.0,0.0,0.06000000000000001,0.0,0.06000000000000001,0.0,0.06000000000000001,0.020000000000000004,0.2333333333333333
chesca_commitment_full_mesh,1049,18,6,0,7.8321663023750006,7.8321663023750006,0.0,7.434725284576416,0.4038019770925674,90,0.0,0.0,0.0,0.0,0.0,0.0,0.06000000000000001,0.020000000000000004,0.22666666666666668
chesca_commitment_full_mesh,1050,19,6,1,8.62072937925064,8.540729379250642,-0.0799999999999983,7.424911975860596,0.4002285900056517,90,1.0,0.0,0.01999999999999999,0.0,0.01999999999999999,0.0,0.08,0.020000000000000004,0.22999999999999998
chesca_commitment_full_mesh,1051,20,6,4,7.824967568473293,8.102967568473293,0.2779999999999996,7.424911975860596,-0.03975610993962471,90,0.0,4.0,0.0,0.08,0.0,0.08000000000000002,6.938893903907228e-18,3.469446951953614e-18,0.24
chesca_commitment_full_mesh,1052,21,6,0,7.634144518813848,7.634144518813848,0.0,7.424911975860596,-0.0305915083879999,90,0.0,0.0,0.0,0.0,0.0,0.0,6.938893903907228e-18,3.469446951953614e-18,0.20666666666666667
chesca_commitment_full_mesh,1053,22,6,0,7.655067311400039,7.655067311400039,0.0,7.424911975860596,0.06741600555700458,90,0.0,0.0,0.0,0.0,0.0,0.0,6.938893903907228e-18,3.469446951953614e-18,0.18666666666666668
chesca_commitment_full_mesh,1054,23,6,6,9.393578515483615,8.677578515483615,-0.7159999999999993,7.434725284576416,0.4611427786898215,90,6.0,0.0,0.20000000000000004,0.0,0.20000000000000004,0.0,0.20000000000000004,0.04000000000000001,0.21999999999999997
chesca_commitment_full_mesh,1055,24,6,0,8.910450980437577,8.910450980437577,0.0,7.434725284576416,0.43441514884833227,90,0.0,0.0,0.0,0.0,0.0,0.0,0.20000000000000004,0.04000000000000001,0.19000000000000003
chesca_commitment_full_mesh,1056,1,6,0,8.471046212973821,8.471046212973821,0.0,7.434725284576416,0.16612198657775457,90,0.0,0.0,0.0,0.0,0.0,0.0,0.20000000000000004,0.04000000000000001,0.17666666666666667
chesca_commitment_full_mesh,1057,2,6,6,6.793542138505144,7.509542138505144,0.7160000000000002,7.434725284576416,-0.34541824258431275,90,0.0,6.0,0.0,0.20000000000000004,0.0,0.20000000000000004,0.0,0.0,0.21
chesca_commitment_full_mesh,1058,3,6,6,5.5009125522234745,6.136912552223474,0.6359999999999992,7.452304840087891,-0.6567468994334296,90,0.0,6.0,0.0,0.0,0.0,0.18000000000000002,0.0,0.0,0.23
chesca_commitment_full_mesh,1059,4,6,3,5.261541981036848,5.522401984915409,0.26086000387856156,7.474915504455566,-0.48949410813307226,90,0.0,3.0,0.0,0.0,0.0,0.08000000000000002,0.0,0.0,0.2333333333333333
chesca_commitment_full_mesh,1060,5,6,0,5.350144811906207,5.350144811906208,8.881784197001252e-16,7.474915504455566,-0.22814285933502826,90,0.0,0.0,0.0,0.0,0.0,0.0,0.0,0.0,0.22666666666666666
chesca_commitment_full_mesh,1061,6,6,1,5.428277637417783,5.466734821102979,0.03845718368519613,7.474915504455566,-0.14304551085484313,90,0.0,1.0,0.0,0.0,0.0,0.02,0.0,0.0,0.21999999999999997
chesca_commitment_full_mesh,1062,7,6,1,4.778796015522882,4.844796015522882,0.06599999999999984,7.474915504455566,-0.08185269685059116,90,0.0,1.0,0.0,0.0,0.0,0.02,0.0,0.0,0.2233333333333333
chesca_commitment_full_mesh,1063,8,6,0,4.348477036008941,4.348477036008941,0.0,7.474915504455566,-0.06129291155155647,90,0.0,0.0,0.0,0.0,0.0,0.0,0.0,0.0,0.21666666666666667
chesca_commitment_full_mesh,1064,9,6,6,1.8571774431308865,2.223894453130422,0.3667170099995356,7.529611587524414,-0.9500862807069198,90,0.0,6.0,0.0,0.0,0.0,0.14,0.0,0.0,0.24000000000000002
chesca_commitment_full_mesh,1065,10,6,5,2.8312959167613974,3.0228146015450754,0.19151868478367806,7.529611587524414,-1.057225347964085,90,0.0,5.0,0.0,0.0,0.0,0.1,0.0,0.0,0.23333333333333336
chesca_commitment_full_mesh,1066,11,6,1,2.488602236649705,2.5293606678242435,0.04075843117453859,7.529611587524414,-0.7609570667661061,90,0.0,1.0,0.0,0.0,0.0,0.02,0.0,0.0,0.2366666666666667
chesca_commitment_full_mesh,1067,12,6,0,1.2841687997472424,1.2841687997472424,0.0,7.529611587524414,-0.217287449436108,90,0.0,0.0,0.0,0.0,0.0,0.0,0.0,0.0,0.2366666666666667
chesca_commitment_full_mesh,1068,13,6,2,4.68833724550499,4.848337245504991,0.16000000000000103,7.587589740753174,-0.5149895483358712,90,0.0,2.0,0.0,0.0,0.0,0.04,0.0,0.0,0.22333333333333336
chesca_commitment_full_mesh,1069,14,6,2,3.664800856999615,3.824800856999615,0.16000000000000014,7.587589740753174,-0.0799133504109695,90,0.0,2.0,0.0,0.0,0.0,0.04,0.0,0.0,0.21
chesca_commitment_full_mesh,1070,15,6,3,6.611215340420586,6.161453125759941,-0.4497622146606446,7.587589740753174,0.3024261315963882,90,3.0,0.0,0.12,0.0,0.12,0.0,0.12,0.04000000000000001,0.22666666666666666
chesca_commitment_full_mesh,1071,16,6,3,6.291580866487077,6.771580866487078,0.4800000000000004,7.587589740753174,-0.19431501284313432,90,0.0,3.0,0.0,0.12,0.0,0.12000000000000001,0.0,0.0,0.24
chesca_commitment_full_mesh,1072,17,6,1,7.929072075536163,7.849072075536162,-0.08000000000000096,7.587589740753174,0.29102775458679797,90,1.0,0.0,0.020000000000000004,0.0,0.020000000000000004,0.0,0.020000000000000004,0.020000000000000004,0.2333333333333333
chesca_commitment_full_mesh,1073,18,6,5,9.945215444125989,9.361215444125989,-0.5839999999999996,7.587589740753174,0.9030883344019766,90,5.0,0.0,0.16000000000000003,0.0,0.16000000000000003,0.0,0.18000000000000002,0.04000000000000001,0.26
chesca_commitment_full_mesh,1074,19,6,1,10.584382746457091,10.452382746457092,-0.13199999999999967,7.587589740753174,1.1819422518889924,90,1.0,0.0,0.04000000000000001,0.0,0.04000000000000001,0.0,0.22000000000000003,0.04000000000000001,0.26333333333333336
chesca_commitment_full_mesh,1075,20,6,0,10.31275537800922,10.31275537800922,0.0,7.587589740753174,0.9687259429979355,90,0.0,0.0,0.0,0.0,0.0,0.0,0.22000000000000003,0.04000000000000001,0.25
chesca_commitment_full_mesh,1076,21,6,0,9.564850178979784,9.564850178979784,0.0,7.587589740753174,0.5856075207835408,90,0.0,0.0,0.0,0.0,0.0,0.0,0.22000000000000003,0.04000000000000001,0.25
chesca_commitment_full_mesh,1077,22,6,0,8.371719203509112,8.371719203509112,0.0,7.587589740753174,0.15128690885739865,90,0.0,0.0,0.0,0.0,0.0,0.0,0.22000000000000003,0.04000000000000001,0.25
chesca_commitment_full_mesh,1078,23,6,0,9.242714934247205,9.242714934247205,0.0,7.587589740753174,0.6230350349345435,90,0.0,0.0,0.0,0.0,0.0,0.0,0.22000000000000003,0.04000000000000001,0.21666666666666667
chesca_commitment_full_mesh,1079,24,6,0,8.407990178960036,8.407990178960036,0.0,7.587589740753174,0.14193681575437836,90,0.0,0.0,0.0,0.0,0.0,0.0,0.22000000000000003,0.04000000000000001,0.21666666666666667
chesca_commitment_full_mesh,1080,1,6,6,7.225664121805,7.927428962247145,0.701764840442145,7.587589740753174,-0.16411408993356286,90,0.0,6.0,0.0,0.22000000000000003,0.0,0.22000000000000003,0.0,0.0,0.25333333333333335
chesca_commitment_full_mesh,1081,2,6,0,6.031183451117449,6.03118345111745,8.881784197001252e-16,7.587589740753174,-0.4908936933718294,90,0.0,0.0,0.0,0.0,0.0,0.0,0.0,0.0,0.22
chesca_commitment_full_mesh,1082,3,6,3,5.158441363722739,5.328392569672842,0.16995120595010338,7.529611587524414,-0.20350612834995147,90,0.0,3.0,0.0,0.0,0.0,0.06000000000000001,0.0,0.0,0.19999999999999998
chesca_commitment_full_mesh,1083,4,6,0,6.459877218713621,6.459877218713621,0.0,7.529611587524414,0.01990017104623397,90,0.0,0.0,0.0,0.0,0.0,0.0,0.0,0.0,0.18666666666666668
chesca_commitment_full_mesh,1084,5,6,4,5.275961524230012,5.657912073792337,0.3819505495623252,7.529611587524414,-0.14665670223728863,90,0.0,4.0,0.0,0.0,0.0,0.12000000000000002,0.0,0.0,0.20666666666666667
chesca_commitment_full_mesh,1085,6,6,0,5.58442997611034,5.584429976110341,8.881784197001252e-16,7.529611587524414,-0.027423573495803488,90,0.0,0.0,0.0,0.0,0.0,0.0,0.0,0.0,0.20333333333333334
chesca_commitment_full_mesh,1086,7,6,0,5.151749771096946,5.151749771096946,0.0,7.529611587524414,0.04423759043685514,90,0.0,0.0,0.0,0.0,0.0,0.0,0.0,0.0,0.19999999999999998
chesca_commitment_full_mesh,1087,8,6,0,3.766849787162183,3.7668497871621835,4.440892098500626e-16,7.474915504455566,-0.051445526957093084,90,0.0,0.0,0.0,0.0,0.0,0.0,0.0,0.0,0.19999999999999998
chesca_commitment_full_mesh,1088,9,6,3,2.7779440241675775,2.891350739182924,0.11340671501534638,7.474915504455566,-0.21547828067060637,90,0.0,3.0,0.0,0.0,0.0,0.06,0.0,0.0,0.18666666666666668
chesca_commitment_full_mesh,1089,10,6,0,2.0222999112923183,2.0222999112923183,0.0,7.474915504455566,0.039252856039907136,90,0.0,0.0,0.0,0.0,0.0,0.0,0.0,0.0,0.17
chesca_commitment_full_mesh,1090,11,6,6,3.800196027603143,3.004196027603143,-0.7959999999999998,7.474915504455566,0.10163298780826227,90,6.0,0.0,0.22,0.0,0.22,0.0,0.22,0.04,0.20333333333333337
chesca_commitment_full_mesh,1091,12,6,4,4.378020236581276,4.622911359131383,0.24489112255010692,7.474915504455566,0.020012809106802584,90,0.0,4.0,0.0,0.1,0.0,0.10000000000000002,0.11999999999999998,0.04,0.22
chesca_commitment_full_mesh,1092,13,6,0,3.206393107233415,3.206393107233415,0.0,7.474915504455566,0.0339985165000848,90,0.0,0.0,0.0,0.0,0.0,0.0,0.11999999999999998,0.04,0.21333333333333335
chesca_commitment_full_mesh,1093,14,6,2,3.400267485556292,3.527429991486412,0.1271625059301198,7.474915504455566,0.018428387987414942,90,0.0,2.0,0.0,0.04,0.0,0.04,0.07999999999999999,0.02,0.21333333333333335
chesca_commitment_full_mesh,1094,15,6,2,5.679100388692595,5.533100388692596,-0.14599999999999902,7.474915504455566,0.39237515578723,90,2.0,0.0,0.04000000000000001,0.0,0.04000000000000001,0.0,0.12000000000000001,0.020000000000000004,0.20000000000000004
chesca_commitment_full_mesh,1095,16,6,3,6.877437272022263,6.397437272022263,-0.47999999999999954,7.474915504455566,0.6333202938583902,90,3.0,0.0,0.12000000000000002,0.0,0.12000000000000002,0.0,0.24,0.06000000000000001,0.20000000000000004
chesca_commitment_full_mesh,1096,17,6,2,8.004992781518107,7.872992781518107,-0.13199999999999967,7.474915504455566,0.7987872867559989,90,2.0,0.0,0.04000000000000001,0.0,0.04000000000000001,0.0,0.28,0.06000000000000001,0.20333333333333337
chesca_commitment_full_mesh,1097,18,6,0,10.25688195717986,10.256881957179862,1.7763568394002505e-15,7.529611587524414,0.976600868866337,90,0.0,0.0,0.0,0.0,0.0,0.0,0.28,0.06000000000000001,0.17666666666666667
chesca_commitment_full_mesh,1098,19,6,5,11.178567302834807,10.500567302834808,-0.677999999999999,7.529611587524414,1.3707413944414317,90,5.0,0.0,0.18000000000000002,0.0,0.18000000000000002,0.0,0.46,0.10000000000000002,0.20000000000000004
chesca_commitment_full_mesh,1099,20,6,1,11.624222083579633,11.492222083579634,-0.13199999999999967,7.529611587524414,1.6250551394256036,90,1.0,0.0,0.04,0.0,0.04,0.0,0.5000000000000001,0.10000000000000002,0.20666666666666667
chesca_commitment_full_mesh,1100,21,6,0,10.935837111184313,10.935837111184313,0.0,7.529611587524414,1.19947922597218,90,0.0,0.0,0.0,0.0,0.0,0.0,0.5000000000000001,0.10000000000000002,0.20666666666666667
chesca_commitment_full_mesh,1101,22,6,0,8.299536685718662,8.299536685718662,0.0,7.587589740753174,0.1654780350464663,90,0.0,0.0,0.0,0.0,0.0,0.0,0.5000000000000001,0.10000000000000002,0.20666666666666667
chesca_commitment_full_mesh,1102,23,6,0,8.551586993364024,8.551586993364024,0.0,7.587589740753174,0.43189111773611033,90,0.0,0.0,0.0,0.0,0.0,0.0,0.5000000000000001,0.10000000000000002,0.20666666666666667
chesca_commitment_full_mesh,1103,24,6,0,8.586626009552157,8.586626009552157,0.0,7.587589740753174,0.277449070846407,90,0.0,0.0,0.0,0.0,0.0,0.0,0.5000000000000001,0.10000000000000002,0.20666666666666667
chesca_commitment_full_mesh,1104,1,6,0,8.6699939438235,8.6699939438235,0.0,7.587589740753174,0.31656353338394727,90,0.0,0.0,0.0,0.0,0.0,0.0,0.5000000000000001,0.10000000000000002,0.17
chesca_commitment_full_mesh,1105,2,6,6,7.7772109678395,8.561212170066527,0.7840012022270271,7.587589740753174,-0.13842571597682338,90,0.0,6.0,0.0,0.24000000000000005,0.0,0.24000000000000005,0.26,0.06000000000000001,0.21
chesca_commitment_full_mesh,1106,3,6,6,5.453376340200348,6.164893987051513,0.7115176468511644,7.613945007324219,-0.32363801083336086,90,0.0,6.0,0.0,0.2,0.0,0.2,0.06,0.020000000000000004,0.23333333333333336
chesca_commitment_full_mesh,1107,4,6,3,5.236512275067418,5.476116245334973,0.23960397026755498,7.613945007324219,-0.18904039573571396,90,0.0,3.0,0.0,0.05999999999999999,0.0,0.06000000000000001,1.0408340855860843e-17,1.0408340855860843e-17,0.24333333333333332
chesca_commitment_full_mesh,1108,5,6,0,5.046563647481655,5.046563647481655,0.0,7.613945007324219,-0.14122140916227244,90,0.0,0.0,0.0,0.0,0.0,0.0,1.0408340855860843e-17,1.0408340855860843e-17,0.2233333333333333
chesca_commitment_full_mesh,1109,6,6,2,5.876049050176796,6.054627809890403,0.1785787597136066,7.613945007324219,-0.09352207949170416,90,0.0,2.0,0.0,0.0,0.0,0.06,1.0408340855860843e-17,1.0408340855860843e-17,0.2333333333333333
chesca_commitment_full_mesh,1110,7,6,0,4.610269854190737,4.610269854190737,0.0,7.613945007324219,-0.03342469172409121,90,0.0,0.0,0.0,0.0,0.0,0.0,1.0408340855860843e-17,1.0408340855860843e-17,0.2333333333333333
chesca_commitment_full_mesh,1111,8,6,0,3.833159849236388,3.833159849236388,0.0,7.613945007324219,-0.04964600914881668,90,0.0,0.0,0.0,0.0,0.0,0.0,1.0408340855860843e-17,1.0408340855860843e-17,0.2333333333333333
chesca_commitment_full_mesh,1112,9,6,0,1.6052123359482096,1.6052123359482096,0.0,7.613945007324219,-0.2026962053594402,90,0.0,0.0,0.0,0.0,0.0,0.0,1.0408340855860843e-17,1.0408340855860843e-17,0.2233333333333333
chesca_commitment_full_mesh,1113,10,6,3,0.328293634592308,0.44158219980740826,0.11328856521510028,7.613945007324219,-0.13195020156644158,90,0.0,3.0,0.0,1.0408340855860843e-17,0.0,0.06,0.0,0.0,0.2333333333333333
chesca_commitment_full_mesh,1114,11,6,0,1.4646279091844916,1.4646279091844916,0.0,7.613945007324219,0.09447179331430565,90,0.0,0.0,0.0,0.0,0.0,0.0,0.0,0.0,0.19666666666666668
chesca_commitment_full_mesh,1115,12,6,0,0.4280481970450727,0.4280481970450728,1.1102230246251565e-16,7.613945007324219,0.0036879702541036466,90,0.0,0.0,0.0,0.0,0.0,0.0,0.0,0.0,0.18000000000000002
chesca_commitment_full_mesh,1116,13,6,6,2.7008449128886816,2.064844912888682,-0.6359999999999997,7.613945007324219,0.34380545831784176,90,6.0,0.0,0.18,0.0,0.18,0.0,0.18,0.04,0.21
chesca_commitment_full_mesh,1117,14,6,5,3.8119794799534388,4.114037526852315,0.3020580468988765,7.613945007324219,-0.0014521714816293219,90,0.0,5.0,0.0,0.12000000000000002,0.0,0.12000000000000002,0.05999999999999999,0.02,0.22333333333333336
chesca_commitment_full_mesh,1118,15,6,1,5.546080411032642,5.4660804110326415,-0.08000000000000007,7.613945007324219,0.28454510934899596,90,1.0,0.0,0.020000000000000004,0.0,0.020000000000000004,0.0,0.08,0.020000000000000004,0.22
chesca_commitment_full_mesh,1119,16,6,1,7.5619075078683,7.4959075078683,-0.06599999999999984,7.613945007324219,0.2833795069844102,90,1.0,0.0,0.02,0.0,0.02,0.0,0.1,0.020000000000000004,0.20333333333333334
chesca_commitment_full_mesh,1120,17,6,6,10.927139475547744,10.329139475547745,-0.597999999999999,7.624370574951172,0.8198896197812775,90,6.0,0.0,0.16000000000000003,0.0,0.16000000000000003,0.0,0.26,0.06000000000000001,0.22333333333333336
chesca_commitment_full_mesh,1121,18,6,5,11.535420790540785,11.163420790540787,-0.3719999999999981,7.634449005126953,1.4154544840038876,90,5.0,0.0,0.1,0.0,0.1,0.0,0.36,0.08000000000000002,0.24000000000000002
chesca_commitment_full_mesh,1122,19,6,1,11.741079809548188,11.675079809548187,-0.06600000000000072,7.634449005126953,1.5410381703493254,90,1.0,0.0,0.020000000000000004,0.0,0.020000000000000004,0.0,0.38,0.08000000000000002,0.21333333333333335
chesca_commitment_full_mesh,1123,20,6,1,11.564607291737268,11.484607291737268,-0.08000000000000007,7.634449005126953,1.256766211562073,90,1.0,0.0,0.02,0.0,0.02,0.0,0.4,0.08000000000000002,0.21
chesca_commitment_full_mesh,1124,21,6,0,10.562869634431529,10.562869634431529,0.0,7.634449005126953,0.33264968951691953,90,0.0,0.0,0.0,0.0,0.0,0.0,0.4,0.08000000000000002,0.21
chesca_commitment_full_mesh,1125,22,6,0,9.098242603483298,9.0982426034833,1.7763568394002505e-15,7.634449005126953,0.4080334587285723,90,0.0,0.0,0.0,0.0,0.0,0.0,0.4,0.08000000000000002,0.21
chesca_commitment_full_mesh,1126,23,6,0,9.409802393269771,9.409802393269771,0.0,7.634449005126953,0.7084996937998722,90,0.0,0.0,0.0,0.0,0.0,0.0,0.4,0.08000000000000002,0.21
chesca_commitment_full_mesh,1127,24,6,0,9.25559455789871,9.25559455789871,0.0,7.634449005126953,0.5432486449483119,90,0.0,0.0,0.0,0.0,0.0,0.0,0.4,0.08000000000000002,0.21
chesca_commitment_full_mesh,1128,1,6,6,7.729033743023345,8.605033743023347,0.8760000000000012,7.634449005126953,-0.06328978963488607,90,0.0,6.0,0.0,0.24000000000000005,0.0,0.24000000000000005,0.16000000000000003,0.04000000000000001,0.25
chesca_commitment_full_mesh,1129,2,6,6,6.286549418956084,6.884549418956084,0.5979999999999999,7.634449005126953,-0.13887037691965334,90,0.0,6.0,0.0,0.16000000000000003,0.0,0.16000000000000003,0.0,0.0,0.2366666666666667
chesca_commitment_full_mesh,1130,3,6,0,5.448911755084993,5.448911755084993,0.0,7.624370574951172,-0.09334350552425551,90,0.0,0.0,0.0,0.0,0.0,0.0,0.0,0.0,0.20333333333333334
chesca_commitment_full_mesh,1131,4,6,0,5.494527383645376,5.494527383645376,0.0,7.624370574951172,0.07326198810214064,90,0.0,0.0,0.0,0.0,0.0,0.0,0.0,0.0,0.19333333333333336
chesca_commitment_full_mesh,1132,5,6,4,5.285489945715056,4.753489945715056,-0.532,7.624370574951172,0.08686031328819951,90,4.0,0.0,0.14,0.0,0.14,0.0,0.14,0.04,0.21666666666666667
chesca_commitment_full_mesh,1133,6,6,0,5.512276524913402,5.512276524913401,-8.881784197001252e-16,7.624370574951172,0.20821641420094764,90,0.0,0.0,0.0,0.0,0.0,0.0,0.14,0.04,0.20666666666666667
chesca_commitment_full_mesh,1134,7,6,1,5.084510520236447,4.952510520236447,-0.13199999999999967,7.624370574951172,0.16317542409687663,90,1.0,0.0,0.04,0.0,0.04,0.0,0.18000000000000002,0.04,0.21333333333333335
chesca_commitment_full_mesh,1135,8,6,5,4.084856279221818,4.521765832489557,0.4369095532677383,7.634449005126953,-0.3599560325950622,90,0.0,5.0,0.0,0.18000000000000002,0.0,0.18000000000000002,0.0,0.0,0.24333333333333332
chesca_commitment_full_mesh,1136,9,6,0,2.822853934392521,2.822853934392521,0.0,7.634449005126953,0.04224874629376056,90,0.0,0.0,0.0,0.0,0.0,0.0,0.0,0.0,0.24333333333333332
chesca_commitment_full_mesh,1137,10,6,0,3.1363971040770573,3.136397104077057,-4.440892098500626e-16,7.634449005126953,0.19602776532525795,90,0.0,0.0,0.0,0.0,0.0,0.0,0.0,0.0,0.23333333333333336
chesca_commitment_full_mesh,1138,11,6,1,2.7210817982131488,2.655081798213149,-0.06599999999999984,7.634449005126953,0.2880628466661923,90,1.0,0.0,0.02,0.0,0.02,0.0,0.02,0.02,0.2366666666666667
chesca_commitment_full_mesh,1139,12,6,0,3.164329023411762,3.1643290234117623,4.440892098500626e-16,7.634449005126953,0.21014712970241986,90,0.0,0.0,0.0,0.0,0.0,0.0,0.02,0.02,0.2366666666666667
chesca_commitment_full_mesh,1140,13,6,0,4.331424473763465,4.331424473763465,0.0,7.634449005126953,0.4230114002266687,90,0.0,0.0,0.0,0.0,0.0,0.0,0.02,0.02,0.2066666666666667
chesca_commitment_full_mesh,1141,14,6,5,5.493479238160829,5.12147923816083,-0.371999999999999,7.634449005126953,0.35494642789475983,90,5.0,0.0,0.10000000000000002,0.0,0.10000000000000002,0.0,0.12000000000000002,0.020000000000000004,0.20333333333333337
chesca_commitment_full_mesh,1142,15,6,0,6.201584600925537,6.201584600925537,0.0,7.634449005126953,0.3444448061801262,90,0.0,0.0,0.0,0.0,0.0,0.0,0.12000000000000002,0.020000000000000004,0.20000000000000004
chesca_commitment_full_mesh,1143,16,6,0,7.566181727439423,7.566181727439424,8.881784197001252e-16,7.634449005126953,0.3126339676676456,90,0.0,0.0,0.0,0.0,0.0,0.0,0.12000000000000002,0.020000000000000004,0.19666666666666668
chesca_commitment_full_mesh,1144,17,6,4,8.970875350663347,8.626875350663346,-0.3440000000000012,7.634449005126953,0.5979364962244864,90,4.0,0.0,0.1,0.0,0.1,0.0,0.22,0.06,0.18666666666666668
chesca_commitment_full_mesh,1145,18,6,5,10.969617949384999,10.437617949384999,-0.532,7.634449005126953,1.2263912906856567,90,5.0,0.0,0.14,0.0,0.14,0.0,0.36000000000000004,0.06000000000000001,0.19333333333333336
chesca_commitment_full_mesh,1146,19,6,6,13.464039277895187,12.960039277895186,-0.5040000000000013,7.634449005126953,1.689130002727246,90,6.0,0.0,0.14,0.0,0.14,0.0,0.5,0.1,0.21333333333333337
chesca_commitment_full_mesh,1147,20,6,0,13.002348649911337,13.002348649911335,-1.7763568394002505e-15,7.634449005126953,1.060861270061597,90,0.0,0.0,0.0,0.0,0.0,0.0,0.5,0.1,0.21000000000000005
chesca_commitment_full_mesh,1148,21,6,0,10.902711536607564,10.902711536607564,0.0,7.634449005126953,0.8612539412997812,90,0.0,0.0,0.0,0.0,0.0,0.0,0.5,0.1,0.21000000000000005
chesca_commitment_full_mesh,1149,22,6,0,9.535247744985083,9.535247744985083,0.0,7.634449005126953,0.5321460363203645,90,0.0,0.0,0.0,0.0,0.0,0.0,0.5,0.1,0.21000000000000005
chesca_commitment_full_mesh,1150,23,6,0,9.672324360531874,9.672324360531874,0.0,7.668598651885986,0.7339649109323931,90,0.0,0.0,0.0,0.0,0.0,0.0,0.5,0.1,0.21000000000000005
chesca_commitment_full_mesh,1151,24,6,0,10.035241876317738,10.03524187631774,1.7763568394002505e-15,7.668598651885986,0.8101975411631366,90,0.0,0.0,0.0,0.0,0.0,0.0,0.5,0.1,0.21000000000000005
chesca_commitment_full_mesh,1152,1,6,0,9.815628545875981,9.815628545875983,1.7763568394002505e-15,7.668598651885986,0.6702375504103183,90,0.0,0.0,0.0,0.0,0.0,0.0,0.5,0.1,0.17
chesca_commitment_full_mesh,1153,2,6,0,8.663897344409854,8.663897344409852,-1.7763568394002505e-15,7.668598651885986,0.25732228189808304,90,0.0,0.0,0.0,0.0,0.0,0.0,0.5,0.1,0.14333333333333334
chesca_commitment_full_mesh,1154,3,6,6,6.54080400138141,7.4168040013814105,0.8760000000000003,7.704866886138916,-0.026286552188084525,90,0.0,6.0,0.0,0.24000000000000005,0.0,0.24000000000000005,0.26,0.06,0.18333333333333335
chesca_commitment_full_mesh,1155,4,6,6,5.943974549163679,6.477288840970609,0.5333142918069305,7.704866886138916,-0.0070878957600221115,90,0.0,6.0,0.0,0.16000000000000003,0.0,0.16000000000000003,0.09999999999999998,0.020000000000000004,0.21
chesca_commitment_full_mesh,1156,5,6,5,4.8846642461234495,5.212557554832626,0.3278933087091769,7.704866886138916,-3.799931291145753e-05,90,0.0,5.0,0.0,0.09999999999999996,0.0,0.10000000000000002,6.938893903907228e-18,6.938893903907228e-18,0.20333333333333334
chesca_commitment_full_mesh,1157,6,6,5,5.557671753411976,5.105671753411976,-0.45199999999999996,7.704866886138916,0.1401003780651645,90,5.0,0.0,0.12000000000000001,0.0,0.12000000000000001,0.0,0.12000000000000002,0.04000000000000001,0.22333333333333336
chesca_commitment_full_mesh,1158,7,6,0,5.471985562252874,5.471985562252875,8.881784197001252e-16,7.704866886138916,0.23220479386880838,90,0.0,0.0,0.0,0.0,0.0,0.0,0.12000000000000002,0.04000000000000001,0.21666666666666667
chesca_commitment_full_mesh,1159,8,6,6,5.035999891240283,5.503795000080015,0.4677951088397325,7.725755214691162,-0.5686377927728199,90,0.0,6.0,0.0,0.12000000000000002,0.0,0.14,3.469446951953614e-18,3.469446951953614e-18,0.21
chesca_commitment_full_mesh,1160,9,6,0,3.024095659407505,3.0240956594075046,-4.440892098500626e-16,7.725755214691162,0.01606877403620316,90,0.0,0.0,0.0,0.0,0.0,0.0,3.469446951953614e-18,3.469446951953614e-18,0.21
chesca_commitment_full_mesh,1161,10,6,4,3.4119181639843097,3.0539181639843096,-0.3580000000000001,7.725755214691162,0.11352142515870917,90,4.0,0.0,0.1,0.0,0.1,0.0,0.1,0.04,0.22666666666666668
chesca_commitment_full_mesh,1162,11,6,0,2.386118876940425,2.386118876940425,0.0,7.725755214691162,0.1676751112974883,90,0.0,0.0,0.0,0.0,0.0,0.0,0.1,0.04,0.22333333333333336
chesca_commitment_full_mesh,1163,12,6,0,2.6904457816232092,2.6904457816232092,0.0,7.725755214691162,0.2565135128361693,90,0.0,0.0,0.0,0.0,0.0,0.0,0.1,0.04,0.22333333333333336
chesca_commitment_full_mesh,1164,13,6,1,4.770838164791513,4.7048381647915125,-0.06600000000000072,7.725755214691162,0.4235283372401272,90,1.0,0.0,0.020000000000000004,0.0,0.020000000000000004,0.0,0.12000000000000001,0.04,0.22666666666666668
chesca_commitment_full_mesh,1165,14,6,5,4.120152692560055,4.4814304860868255,0.3612777935267708,7.7497944831848145,-0.2606937977483098,90,0.0,5.0,0.0,0.12000000000000001,0.0,0.12000000000000001,3.469446951953614e-18,3.469446951953614e-18,0.23
chesca_commitment_full_mesh,1166,15,6,0,6.457617896445685,6.457617896445685,0.0,7.825613975524902,-0.13834151801809835,90,0.0,0.0,0.0,0.0,0.0,0.0,3.469446951953614e-18,3.469446951953614e-18,0.23
chesca_commitment_full_mesh,1167,16,6,4,8.574457163056673,8.268457163056672,-0.30600000000000094,7.899699687957764,0.44587721896172045,90,4.0,0.0,0.08,0.0,0.08,0.0,0.08,0.020000000000000007,0.24333333333333337
chesca_commitment_full_mesh,1168,17,6,0,9.29812345630415,9.29812345630415,0.0,7.9680914878845215,0.5179763120218172,90,0.0,0.0,0.0,0.0,0.0,0.0,0.08,0.020000000000000007,0.22666666666666668
chesca_commitment_full_mesh,1169,18,6,2,8.462526435604762,8.330526435604762,-0.13199999999999967,8.05385971069336,0.45518154126180477,90,2.0,0.0,0.04000000000000001,0.0,0.04000000000000001,0.0,0.12000000000000001,0.020000000000000007,0.21
chesca_commitment_full_mesh,1170,19,6,6,11.921155172304971,11.177155172304971,-0.7439999999999998,7.9680914878845215,1.2816230679662246,90,6.0,0.0,0.2,0.0,0.2,0.0,0.32,0.06000000000000001,0.22
chesca_commitment_full_mesh,1171,20,6,2,12.5982299888134,12.4662299888134,-0.13200000000000145,7.9680914878845215,1.5544552310714383,90,2.0,0.0,0.04,0.0,0.04,0.0,0.36000000000000004,0.06000000000000001,0.22666666666666668
chesca_commitment_full_mesh,1172,21,6,0,11.153290827685446,11.153290827685446,0.0,8.05385971069336,0.8531516700479711,90,0.0,0.0,0.0,0.0,0.0,0.0,0.36000000000000004,0.06000000000000001,0.22666666666666668
chesca_commitment_full_mesh,1173,22,6,6,8.380114778433596,9.256114778433595,0.8759999999999994,8.10148811340332,-0.3211234243486297,90,0.0,6.0,0.0,0.24000000000000002,0.0,0.24000000000000002,0.12000000000000002,0.02000000000000001,0.26666666666666666
chesca_commitment_full_mesh,1174,23,6,0,8.448223856357265,8.448223856357265,0.0,8.144943237304688,0.08712000328773922,90,0.0,0.0,0.0,0.0,0.0,0.0,0.12000000000000002,0.02000000000000001,0.26666666666666666
chesca_commitment_full_mesh,1175,24,6,0,9.565230512439637,9.565230512439639,1.7763568394002505e-15,8.216225624084473,0.5636930647371048,90,0.0,0.0,0.0,0.0,0.0,0.0,0.12000000000000002,0.02000000000000001,0.26666666666666666
chesca_commitment_full_mesh,1176,1,6,0,9.18304804007997,9.18304804007997,0.0,8.25859260559082,0.1802083061961342,90,0.0,0.0,0.0,0.0,0.0,0.0,0.12000000000000002,0.02000000000000001,0.26666666666666666
chesca_commitment_full_mesh,1177,2,6,0,8.27488853580624,8.27488853580624,0.0,8.274153709411621,0.03887511468333038,90,0.0,0.0,0.0,0.0,0.0,0.0,0.12000000000000002,0.02000000000000001,0.26666666666666666
chesca_commitment_full_mesh,1178,3,6,0,7.250295889447114,7.250295889447113,-8.881784197001252e-16,8.274153709411621,0.018217311554574872,90,0.0,0.0,0.0,0.0,0.0,0.0,0.12000000000000002,0.02000000000000001,0.22666666666666668
chesca_commitment_full_mesh,1179,4,6,3,10.294765737819455,10.054765737819453,-0.240000000000002,8.274153709411621,0.8790301293658738,90,3.0,0.0,0.06000000000000001,0.0,0.06000000000000001,0.0,0.18000000000000005,0.040000000000000015,0.21
chesca_commitment_full_mesh,1180,5,6,0,5.537733830075624,5.537733830075624,0.0,8.274153709411621,0.05323280460114674,90,0.0,0.0,0.0,0.0,0.0,0.0,0.18000000000000005,0.040000000000000015,0.19333333333333333
chesca_commitment_full_mesh,1181,6,6,0,5.807392330053963,5.807392330053963,0.0,8.274153709411621,0.15000275026210863,90,0.0,0.0,0.0,0.0,0.0,0.0,0.18000000000000005,0.040000000000000015,0.17333333333333334
chesca_commitment_full_mesh,1182,7,6,0,5.2286590835481945,5.2286590835481945,0.0,8.274153709411621,0.13599150549805555,90,0.0,0.0,0.0,0.0,0.0,0.0,0.18000000000000005,0.040000000000000015,0.17333333333333334
chesca_commitment_full_mesh,1183,8,6,0,4.402083521346404,4.402083521346403,-8.881784197001252e-16,8.274153709411621,0.0847716201402156,90,0.0,0.0,0.0,0.0,0.0,0.0,0.18000000000000005,0.040000000000000015,0.15000000000000002
chesca_commitment_full_mesh,1184,9,6,6,5.638502164247604,6.081412404501067,0.4429102402534628,8.316520690917969,-0.14347131407424352,90,0.0,6.0,0.0,0.18000000000000002,0.0,0.22000000000000003,3.8163916471489756e-17,1.3877787807814457e-17,0.18666666666666668
chesca_commitment_full_mesh,1185,10,6,0,2.3649306819355087,2.364930681935509,4.440892098500626e-16,8.316520690917969,0.024193353101542178,90,0.0,0.0,0.0,0.0,0.0,0.0,3.8163916471489756e-17,1.3877787807814457e-17,0.17
chesca_commitment_full_mesh,1186,11,6,0,0.8179328945934077,0.8179328945934077,0.0,8.316520690917969,-0.030095403223174944,90,0.0,0.0,0.0,0.0,0.0,0.0,3.8163916471489756e-17,1.3877787807814457e-17,0.17
chesca_commitment_full_mesh,1187,12,6,6,1.9662198550865684,1.0902198550865687,-0.8759999999999997,8.316520690917969,0.10736124621016593,90,6.0,0.0,0.24000000000000002,0.0,0.24000000000000002,0.0,0.24000000000000005,0.040000000000000015,0.21
chesca_commitment_full_mesh,1188,13,6,0,4.218235303320453,4.218235303320453,0.0,8.316520690917969,0.2240209537096853,90,0.0,0.0,0.0,0.0,0.0,0.0,0.24000000000000005,0.040000000000000015,0.20666666666666667
chesca_commitment_full_mesh,1189,14,6,3,4.519824862494055,4.6630002473672,0.14317538487314518,8.316520690917969,0.039937545448615545,90,0.0,3.0,0.0,0.060000000000000005,0.0,0.060000000000000005,0.18000000000000002,0.040000000000000015,0.19666666666666666
chesca_commitment_full_mesh,1190,15,6,6,3.5408586931652772,3.9124407311913334,0.37158203802605616,8.316520690917969,-0.16425378835755783,90,0.0,6.0,0.0,0.18,0.0,0.18,2.7755575615628914e-17,1.3877787807814457e-17,0.22666666666666666
chesca_commitment_full_mesh,1191,16,6,3,5.265454375335769,5.067454375335768,-0.1980000000000004,8.316520690917969,0.4290853374786952,90,3.0,0.0,0.060000000000000005,0.0,0.060000000000000005,0.0,0.06000000000000003,0.020000000000000004,0.22333333333333336
chesca_commitment_full_mesh,1192,17,6,3,6.584222309462844,6.344222309462844,-0.2400000000000002,8.316520690917969,0.5881995278403354,90,3.0,0.0,0.06000000000000001,0.0,0.06000000000000001,0.0,0.12000000000000005,0.020000000000000018,0.2333333333333333
chesca_commitment_full_mesh,1193,18,6,0,7.673796587856253,7.673796587856253,0.0,8.316520690917969,0.4777066517430574,90,0.0,0.0,0.0,0.0,0.0,0.0,0.12000000000000005,0.020000000000000018,0.22666666666666666
chesca_commitment_full_mesh,1194,19,6,0,8.352279568866058,8.352279568866058,0.0,8.316520690917969,0.14413736731142815,90,0.0,0.0,0.0,0.0,0.0,0.0,0.12000000000000005,0.020000000000000018,0.19333333333333333
chesca_commitment_full_mesh,1195,20,6,0,9.22814584032004,9.22814584032004,0.0,8.316520690917969,0.4176666550071102,90,0.0,0.0,0.0,0.0,0.0,0.0,0.12000000000000005,0.020000000000000018,0.18666666666666665
chesca_commitment_full_mesh,1196,21,6,0,9.136956153737636,9.136956153737636,0.0,8.316520690917969,0.3015820707347794,90,0.0,0.0,0.0,0.0,0.0,0.0,0.12000000000000005,0.020000000000000018,0.18666666666666665
chesca_commitment_full_mesh,1197,22,6,6,8.019786389650578,8.457786389650579,0.4380000000000006,8.356260299682617,-0.0005362782323298648,90,0.0,6.0,0.0,0.12000000000000002,0.0,0.12000000000000002,3.122502256758253e-17,1.734723475976807e-17,0.16666666666666666
chesca_commitment_full_mesh,1198,23,6,0,8.109788146730429,8.109788146730427,-1.7763568394002505e-15,8.356260299682617,0.05865568370748005,90,0.0,0.0,0.0,0.0,0.0,0.0,3.122502256758253e-17,1.734723475976807e-17,0.16666666666666666
chesca_commitment_full_mesh,1199,24,6,0,7.770180800889178,7.770180800889177,-8.881784197001252e-16,8.356260299682617,0.05751293893403517,90,0.0,0.0,0.0,0.0,0.0,0.0,3.122502256758253e-17,1.734723475976807e-17,0.16666666666666666
chesca_commitment_full_mesh,1200,1,6,0,8.344035096424816,8.344035096424816,0.0,8.366463661193848,0.007543106651587486,90,0.0,0.0,0.0,0.0,0.0,0.0,3.122502256758253e-17,1.734723475976807e-17,0.16666666666666666
chesca_commitment_full_mesh,1201,2,6,0,6.973726805225029,6.973726805225029,0.0,8.366463661193848,-0.054085348042184025,90,0.0,0.0,0.0,0.0,0.0,0.0,3.122502256758253e-17,1.734723475976807e-17,0.16666666666666666
chesca_commitment_full_mesh,1202,3,6,0,6.845983031133687,6.845983031133687,0.0,8.366463661193848,0.06384279246914118,90,0.0,0.0,0.0,0.0,0.0,0.0,3.122502256758253e-17,1.734723475976807e-17,0.16666666666666666
chesca_commitment_full_mesh,1203,4,6,0,4.967874758781199,4.9678747587812,8.881784197001252e-16,8.366463661193848,-0.05597811933535235,90,0.0,0.0,0.0,0.0,0.0,0.0,3.122502256758253e-17,1.734723475976807e-17,0.15666666666666668
chesca_commitment_full_mesh,1204,5,6,6,8.03117699895251,7.155176998952509,-0.8760000000000012,8.366463661193848,0.30043403987678374,90,6.0,0.0,0.24000000000000002,0.0,0.24000000000000002,0.0,0.24000000000000007,0.04000000000000002,0.19666666666666666
chesca_commitment_full_mesh,1205,6,6,0,6.318018660762685,6.318018660762684,-8.881784197001252e-16,8.366463661193848,0.3624784014184397,90,0.0,0.0,0.0,0.0,0.0,0.0,0.24000000000000007,0.04000000000000002,0.19666666666666666
chesca_commitment_full_mesh,1206,7,6,0,5.243154532450659,5.243154532450659,0.0,8.366463661193848,0.11909423855781054,90,0.0,0.0,0.0,0.0,0.0,0.0,0.24000000000000007,0.04000000000000002,0.19666666666666666
chesca_commitment_full_mesh,1207,8,6,0,3.987558586630259,3.987558586630259,0.0,8.366463661193848,0.08144746365302905,90,0.0,0.0,0.0,0.0,0.0,0.0,0.24000000000000007,0.04000000000000002,0.19666666666666666
chesca_commitment_full_mesh,1208,9,6,6,3.3359810291748797,3.7022291488469383,0.3662481196720586,8.366463661193848,-0.03852163865299539,90,0.0,6.0,0.0,0.24000000000000002,0.0,0.24000000000000002,3.469446951953614e-17,2.0816681711721685e-17,0.19999999999999998
chesca_commitment_full_mesh,1209,10,6,6,2.5508526310581594,2.8063046442704374,0.25545201321227795,8.366463661193848,-0.11555278172420472,90,0.0,6.0,0.0,3.469446951953614e-17,0.0,0.12,0.0,0.0,0.22
chesca_commitment_full_mesh,1210,11,6,0,2.40785316514728,2.40785316514728,0.0,8.366463661193848,0.022972404039612482,90,0.0,0.0,0.0,0.0,0.0,0.0,0.0,0.0,0.22
chesca_commitment_full_mesh,1211,12,6,0,4.925230751672234,4.925230751672234,0.0,8.366463661193848,-0.2542522089690637,90,0.0,0.0,0.0,0.0,0.0,0.0,0.0,0.0,0.17999999999999997
chesca_commitment_full_mesh,1212,13,6,6,5.74289445380634,4.8668944538063394,-0.8760000000000003,8.366463661193848,0.1962938203525414,90,6.0,0.0,0.24000000000000005,0.0,0.24000000000000005,0.0,0.24000000000000005,0.04000000000000001,0.22
chesca_commitment_full_mesh,1213,14,6,0,4.44128904573751,4.44128904573751,0.0,8.366463661193848,0.07408522624985793,90,0.0,0.0,0.0,0.0,0.0,0.0,0.24000000000000005,0.04000000000000001,0.21
chesca_commitment_full_mesh,1214,15,6,0,6.398064482716453,6.398064482716452,-8.881784197001252e-16,8.366463661193848,0.2396171066960856,90,0.0,0.0,0.0,0.0,0.0,0.0,0.24000000000000005,0.04000000000000001,0.17999999999999997
chesca_commitment_full_mesh,1215,16,6,0,8.091680025519167,8.091680025519167,0.0,8.356260299682617,0.5616410111654377,90,0.0,0.0,0.0,0.0,0.0,0.0,0.24000000000000005,0.04000000000000001,0.17
chesca_commitment_full_mesh,1216,17,6,6,10.012499295086247,9.136499295086248,-0.8759999999999994,8.316520690917969,1.1599137001117144,90,6.0,0.0,0.24000000000000005,0.0,0.24000000000000005,0.0,0.4800000000000001,0.08000000000000002,0.19999999999999998
chesca_commitment_full_mesh,1217,18,6,0,11.102816235156775,11.102816235156775,0.0,8.316520690917969,1.4392443995653894,90,0.0,0.0,0.0,0.0,0.0,0.0,0.4800000000000001,0.08000000000000002,0.19999999999999998
chesca_commitment_full_mesh,1218,19,6,0,10.700146527912597,10.7001465279126,1.7763568394002505e-15,8.356260299682617,0.6887245366979149,90,0.0,0.0,0.0,0.0,0.0,0.0,0.4800000000000001,0.08000000000000002,0.19999999999999998
chesca_commitment_full_mesh,1219,20,6,0,9.011627029922172,9.011627029922172,0.0,8.356260299682617,0.16947877171773595,90,0.0,0.0,0.0,0.0,0.0,0.0,0.4800000000000001,0.08000000000000002,0.19999999999999998
chesca_commitment_full_mesh,1220,21,6,0,8.415389946356699,8.4153899463567,1.7763568394002505e-15,8.356260299682617,0.10840835644196721,90,0.0,0.0,0.0,0.0,0.0,0.0,0.4800000000000001,0.08000000000000002,0.19999999999999998
chesca_commitment_full_mesh,1221,22,6,6,8.130102597678391,9.00610259767839,0.8759999999999994,8.366463661193848,-0.022018131119686438,90,0.0,6.0,0.0,0.24000000000000005,0.0,0.24000000000000005,0.24000000000000005,0.040000000000000015,0.22
chesca_commitment_full_mesh,1222,23,6,6,7.214608658927153,8.090608658927152,0.8759999999999994,8.420452117919922,-0.09265406124816039,90,0.0,6.0,0.0,0.24000000000000002,0.0,0.24000000000000002,6.245004513516506e-17,1.3877787807814457e-17,0.26
chesca_commitment_full_mesh,1223,24,6,0,6.782357983208328,6.782357983208328,0.0,8.468335151672363,-0.2522503835854085,90,0.0,0.0,0.0,0.0,0.0,0.0,6.245004513516506e-17,1.3877787807814457e-17,0.26
chesca_commitment_full_mesh,1224,1,6,0,8.101588567491536,8.101588567491536,0.0,8.420452117919922,0.06959088243952495,90,0.0,0.0,0.0,0.0,0.0,0.0,6.245004513516506e-17,1.3877787807814457e-17,0.26
chesca_commitment_full_mesh,1225,2,6,0,6.66607813238492,6.66607813238492,0.0,8.479601860046387,-0.2434094548943666,90,0.0,0.0,0.0,0.0,0.0,0.0,6.245004513516506e-17,1.3877787807814457e-17,0.26
chesca_commitment_full_mesh,1226,3,6,0,5.667374300765482,5.667374300765483,8.881784197001252e-16,8.420452117919922,-0.12555493176821542,90,0.0,0.0,0.0,0.0,0.0,0.0,6.245004513516506e-17,1.3877787807814457e-17,0.26
chesca_commitment_full_mesh,1227,4,6,0,5.314672410876565,5.3146724108765655,8.881784197001252e-16,8.420452117919922,-0.06530551555640163,90,0.0,0.0,0.0,0.0,0.0,0.0,6.245004513516506e-17,1.3877787807814457e-17,0.26
chesca_commitment_full_mesh,1228,5,6,0,5.108034400959737,5.1080344009597365,-8.881784197001252e-16,8.420452117919922,-0.05487279632806007,90,0.0,0.0,0.0,0.0,0.0,0.0,6.245004513516506e-17,1.3877787807814457e-17,0.22
chesca_commitment_full_mesh,1229,6,6,0,5.5547087851933,5.5547087851933,0.0,8.420452117919922,0.02871339063625273,90,0.0,0.0,0.0,0.0,0.0,0.0,6.245004513516506e-17,1.3877787807814457e-17,0.22
chesca_commitment_full_mesh,1230,7,6,0,5.415983719231266,5.415983719231266,0.0,8.420452117919922,0.08957070127595242,90,0.0,0.0,0.0,0.0,0.0,0.0,6.245004513516506e-17,1.3877787807814457e-17,0.22
chesca_commitment_full_mesh,1231,8,6,0,4.025277511077798,4.025277511077798,0.0,8.420452117919922,0.004441871771215619,90,0.0,0.0,0.0,0.0,0.0,0.0,6.245004513516506e-17,1.3877787807814457e-17,0.22
chesca_commitment_full_mesh,1232,9,6,6,2.28290906099629,2.6238609669628254,0.3409519059665356,8.420452117919922,-0.6997172821472035,90,0.0,6.0,0.0,6.245004513516506e-17,0.0,0.12000000000000001,0.0,0.0,0.19999999999999998
chesca_commitment_full_mesh,1233,10,6,5,1.407783127105541,1.6545399659179452,0.24675683881240418,8.356993675231934,-0.10503310544929044,90,0.0,5.0,0.0,0.0,0.0,0.1,0.0,0.0,0.19666666666666666
chesca_commitment_full_mesh,1234,11,6,5,4.217946770505361,3.7799467705053615,-0.4379999999999997,8.356993675231934,0.09813050484506568,90,5.0,0.0,0.12000000000000002,0.0,0.12000000000000002,0.0,0.12000000000000002,0.04,0.21666666666666667
chesca_commitment_full_mesh,1235,12,6,1,5.745535005842271,5.679535005842271,-0.06599999999999984,8.356993675231934,0.37068151575992536,90,1.0,0.0,0.020000000000000004,0.0,0.020000000000000004,0.0,0.14,0.04,0.22
chesca_commitment_full_mesh,1236,13,6,0,4.606587403334535,4.606587403334535,0.0,8.316520690917969,0.08102468605471111,90,0.0,0.0,0.0,0.0,0.0,0.0,0.14,0.04,0.18000000000000002
chesca_commitment_full_mesh,1237,14,6,6,4.952064999661895,5.347074457432253,0.39500945777035845,8.316520690917969,-0.04513782463224073,90,0.0,6.0,0.0,0.13999999999999999,0.0,0.14,1.734723475976807e-17,1.3877787807814457e-17,0.20333333333333334
chesca_commitment_full_mesh,1238,15,6,5,6.4389957720906,6.0669957720906,-0.3719999999999999,8.316520690917969,0.12501322124894756,90,5.0,0.0,0.1,0.0,0.1,0.0,0.10000000000000002,0.020000000000000014,0.22
chesca_commitment_full_mesh,1239,16,6,1,8.076199803504256,8.010199803504255,-0.06600000000000072,8.274153709411621,0.40151314646134056,90,1.0,0.0,0.020000000000000004,0.0,0.020000000000000004,0.0,0.12000000000000002,0.020000000000000014,0.22333333333333336
chesca_commitment_full_mesh,1240,17,6,0,9.749699475395357,9.749699475395357,0.0,8.274153709411621,0.5372866909240719,90,0.0,0.0,0.0,0.0,0.0,0.0,0.12000000000000002,0.020000000000000014,0.18333333333333332
chesca_commitment_full_mesh,1241,18,6,6,9.789961405700696,8.979961405700694,-0.8100000000000023,8.274153709411621,0.6404376995958156,90,6.0,0.0,0.22000000000000003,0.0,0.22000000000000003,0.0,0.3400000000000001,0.060000000000000026,0.22
chesca_commitment_full_mesh,1242,19,6,1,12.528798386448415,12.462798386448414,-0.06600000000000072,8.316520690917969,1.4925487238091335,90,1.0,0.0,0.020000000000000004,0.0,0.020000000000000004,0.0,0.36000000000000004,0.060000000000000026,0.22333333333333336
chesca_commitment_full_mesh,1243,20,6,6,9.321024550713954,10.197024550713957,0.876000000000003,8.316520690917969,-0.0780620526492258,90,0.0,6.0,0.0,0.24000000000000002,0.0,0.24000000000000002,0.12000000000000008,0.020000000000000025,0.26333333333333336
chesca_commitment_full_mesh,1244,21,6,6,8.483824910982118,8.921824910982117,0.43799999999999883,8.316520690917969,-0.1558734920216505,90,0.0,6.0,0.0,0.12000000000000001,0.0,0.12000000000000002,6.245004513516506e-17,2.42861286636753e-17,0.2833333333333334
chesca_commitment_full_mesh,1245,22,6,0,8.644737440560395,8.644737440560395,0.0,8.268301963806152,0.12524946376286775,90,0.0,0.0,0.0,0.0,0.0,0.0,6.245004513516506e-17,2.42861286636753e-17,0.24333333333333337
chesca_commitment_full_mesh,1246,23,6,0,9.241085948126981,9.241085948126983,1.7763568394002505e-15,8.316520690917969,0.11047983276947705,90,0.0,0.0,0.0,0.0,0.0,0.0,6.245004513516506e-17,2.42861286636753e-17,0.20333333333333334
chesca_commitment_full_mesh,1247,24,6,5,8.627663223351353,8.999663223351355,0.37200000000000166,8.316520690917969,-0.11300543542949186,90,0.0,5.0,0.0,5.204170427930421e-17,0.0,0.10000000000000002,1.0408340855860843e-17,1.0408340855860843e-17,0.22
chesca_commitment_full_mesh,1248,1,6,3,7.554388398605813,7.794388398605813,0.2400000000000002,8.356993675231934,-0.32844578543861697,90,0.0,3.0,0.0,0.0,0.0,0.06000000000000001,1.0408340855860843e-17,1.0408340855860843e-17,0.23
chesca_commitment_full_mesh,1249,2,6,0,7.921198316612363,7.921198316612363,0.0,8.316520690917969,-0.2227662382712086,90,0.0,0.0,0.0,0.0,0.0,0.0,1.0408340855860843e-17,1.0408340855860843e-17,0.23
chesca_commitment_full_mesh,1250,3,6,0,7.221816559230605,7.2218165592306045,-8.881784197001252e-16,8.316520690917969,-0.3209136597033456,90,0.0,0.0,0.0,0.0,0.0,0.0,1.0408340855860843e-17,1.0408340855860843e-17,0.23
chesca_commitment_full_mesh,1251,4,6,0,6.284916231982578,6.284916231982578,0.0,8.316520690917969,-0.3205544270026256,90,0.0,0.0,0.0,0.0,0.0,0.0,1.0408340855860843e-17,1.0408340855860843e-17,0.23
chesca_commitment_full_mesh,1252,5,6,0,5.675205490118412,5.675205490118411,-8.881784197001252e-16,8.316520690917969,-0.32865131348431986,90,0.0,0.0,0.0,0.0,0.0,0.0,1.0408340855860843e-17,1.0408340855860843e-17,0.23
chesca_commitment_full_mesh,1253,6,6,0,6.121241111674922,6.121241111674922,0.0,8.316520690917969,-0.28444779625359246,90,0.0,0.0,0.0,0.0,0.0,0.0,1.0408340855860843e-17,1.0408340855860843e-17,0.23
chesca_commitment_full_mesh,1254,7,6,0,5.421379565154989,5.421379565154989,0.0,8.316520690917969,-0.22516921313227412,90,0.0,0.0,0.0,0.0,0.0,0.0,1.0408340855860843e-17,1.0408340855860843e-17,0.23
chesca_commitment_full_mesh,1255,8,6,0,4.103310649435591,4.103310649435591,0.0,8.316520690917969,-0.20743476736366387,90,0.0,0.0,0.0,0.0,0.0,0.0,1.0408340855860843e-17,1.0408340855860843e-17,0.23
chesca_commitment_full_mesh,1256,9,6,0,3.4174897418076697,3.41748974180767,4.440892098500626e-16,8.316520690917969,-0.12306252477090394,90,0.0,0.0,0.0,0.0,0.0,0.0,1.0408340855860843e-17,1.0408340855860843e-17,0.21
chesca_commitment_full_mesh,1257,10,6,3,3.1175805885700734,3.2884929407141215,0.1709123521440481,8.316520690917969,-0.13243553049881132,90,0.0,3.0,0.0,1.0408340855860843e-17,0.0,0.06000000000000001,0.0,0.0,0.20333333333333334
chesca_commitment_full_mesh,1258,11,6,6,1.2915436359848111,1.6729275310826957,0.3813838950978845,8.316520690917969,-0.7233668077812025,90,0.0,6.0,0.0,0.0,0.0,0.14,0.0,0.0,0.20666666666666667
chesca_commitment_full_mesh,1259,12,6,0,0.861181793602952,0.861181793602952,0.0,8.316520690917969,-0.043250693030104745,90,0.0,0.0,0.0,0.0,0.0,0.0,0.0,0.0,0.20333333333333334
chesca_commitment_full_mesh,1260,13,6,5,3.6152851652551607,3.243285165255161,-0.3719999999999999,8.316520690917969,0.2285659581097147,90,5.0,0.0,0.1,0.0,0.1,0.0,0.1,0.02,0.22
chesca_commitment_full_mesh,1261,14,6,0,4.814398234994561,4.814398234994562,8.881784197001252e-16,8.316520690917969,0.21243643892299885,90,0.0,0.0,0.0,0.0,0.0,0.0,0.1,0.02,0.19666666666666666
chesca_commitment_full_mesh,1262,15,6,5,3.4400708372163415,3.688994091428125,0.24892325421178363,8.316520690917969,-0.06744735969993014,90,0.0,5.0,0.0,0.1,0.0,0.1,0.0,0.0,0.19666666666666666
chesca_commitment_full_mesh,1263,16,6,6,7.241256554336691,6.497256554336691,-0.7439999999999998,8.316520690917969,0.6173538651937908,90,6.0,0.0,0.2,0.0,0.2,0.0,0.2,0.04000000000000001,0.22666666666666668
chesca_commitment_full_mesh,1264,17,6,0,7.952146150732456,7.952146150732456,0.0,8.316520690917969,0.5407665795056396,90,0.0,0.0,0.0,0.0,0.0,0.0,0.2,0.04000000000000001,0.22666666666666668
chesca_commitment_full_mesh,1265,18,6,1,9.549962363562264,9.483962363562263,-0.06600000000000072,8.258458137512207,0.7687425399311092,90,1.0,0.0,0.020000000000000004,0.0,0.020000000000000004,0.0,0.22000000000000003,0.04000000000000001,0.19333333333333336
chesca_commitment_full_mesh,1266,19,6,1,11.103335807554414,10.971335807554414,-0.13199999999999967,8.258458137512207,0.8115225609152413,90,1.0,0.0,0.04000000000000001,0.0,0.04000000000000001,0.0,0.26,0.06000000000000001,0.19666666666666666
chesca_commitment_full_mesh,1267,20,6,0,11.59121711977705,11.59121711977705,0.0,8.258458137512207,0.7891087141825344,90,0.0,0.0,0.0,0.0,0.0,0.0,0.26,0.06000000000000001,0.15666666666666668
chesca_commitment_full_mesh,1268,21,6,6,9.798977373631669,10.674977373631668,0.8759999999999994,8.258458137512207,-0.10860369836205715,90,0.0,6.0,0.0,0.24000000000000002,0.0,0.24000000000000002,0.020000000000000025,0.02000000000000001,0.17666666666666664
chesca_commitment_full_mesh,1269,22,6,1,9.050161651141522,9.116161651141525,0.0660000000000025,8.258458137512207,0.026880943367446605,90,0.0,1.0,0.0,0.020000000000000004,0.0,0.020000000000000004,2.0816681711721685e-17,6.938893903907228e-18,0.17999999999999997
chesca_commitment_full_mesh,1270,23,6,5,10.559579118049413,9.815579118049415,-0.743999999999998,8.316520690917969,0.08685933215048423,90,5.0,0.0,0.2,0.0,0.2,0.0,0.20000000000000004,0.04000000000000001,0.21333333333333335
chesca_commitment_full_mesh,1271,24,6,0,9.259794080674606,9.259794080674606,0.0,8.316520690917969,0.0726501708563593,90,0.0,0.0,0.0,0.0,0.0,0.0,0.20000000000000004,0.04000000000000001,0.19666666666666666
chesca_commitment_full_mesh,1272,1,6,1,9.367492385804612,9.301492385804611,-0.06600000000000072,8.316520690917969,0.09593921350911067,90,1.0,0.0,0.020000000000000004,0.0,0.020000000000000004,0.0,0.22000000000000003,0.04000000000000001,0.18999999999999997
chesca_commitment_full_mesh,1273,2,6,6,8.252862734319711,9.062862734319712,0.8100000000000005,8.316520690917969,-0.024976633351342814,90,0.0,6.0,0.0,0.22000000000000003,0.0,0.22000000000000003,6.938893903907228e-18,6.938893903907228e-18,0.22666666666666668
chesca_commitment_full_mesh,1274,3,6,4,6.308198807411806,6.614198807411806,0.30600000000000005,8.356993675231934,-0.38729173534789896,90,0.0,4.0,0.0,0.0,0.0,0.08000000000000002,6.938893903907228e-18,6.938893903907228e-18,0.24000000000000002
chesca_commitment_full_mesh,1275,4,6,0,5.65105665658862,5.65105665658862,0.0,8.356993675231934,-0.32843334296974946,90,0.0,0.0,0.0,0.0,0.0,0.0,6.938893903907228e-18,6.938893903907228e-18,0.24000000000000002
chesca_commitment_full_mesh,1276,5,6,0,5.373176403349124,5.373176403349124,0.0,8.356993675231934,-0.2302217618775182,90,0.0,0.0,0.0,0.0,0.0,0.0,6.938893903907228e-18,6.938893903907228e-18,0.24000000000000002
chesca_commitment_full_mesh,1277,6,6,0,5.995692281481028,5.995692281481028,0.0,8.356993675231934,-0.10830680977658547,90,0.0,0.0,0.0,0.0,0.0,0.0,6.938893903907228e-18,6.938893903907228e-18,0.24000000000000002
chesca_commitment_full_mesh,1278,7,6,0,5.539467292799501,5.539467292799501,0.0,8.356993675231934,-0.13346853293842909,90,0.0,0.0,0.0,0.0,0.0,0.0,6.938893903907228e-18,6.938893903907228e-18,0.24000000000000002
chesca_commitment_full_mesh,1279,8,6,0,4.919538786733346,4.919538786733347,8.881784197001252e-16,8.356993675231934,-0.2569512101916589,90,0.0,0.0,0.0,0.0,0.0,0.0,6.938893903907228e-18,6.938893903907228e-18,0.24000000000000002
chesca_commitment_full_mesh,1280,9,6,0,3.6087737150330526,3.6087737150330526,0.0,8.356993675231934,-0.32685935350160317,90,0.0,0.0,0.0,0.0,0.0,0.0,6.938893903907228e-18,6.938893903907228e-18,0.24000000000000002
chesca_commitment_full_mesh,1281,10,6,0,3.313381377042549,3.313381377042549,0.0,8.356993675231934,-0.07910519035088094,90,0.0,0.0,0.0,0.0,0.0,0.0,6.938893903907228e-18,6.938893903907228e-18,0.23
chesca_commitment_full_mesh,1282,11,6,0,3.435562212813899,3.4355622128138985,-4.440892098500626e-16,8.356993675231934,-0.10778823620070196,90,0.0,0.0,0.0,0.0,0.0,0.0,6.938893903907228e-18,6.938893903907228e-18,0.20666666666666667
chesca_commitment_full_mesh,1283,12,6,3,2.147106145077124,2.288632519711856,0.14152637463473194,8.356993675231934,-0.3781499111172014,90,0.0,3.0,0.0,6.938893903907228e-18,0.0,0.060000000000000005,0.0,0.0,0.21666666666666667
chesca_commitment_full_mesh,1284,13,6,0,4.116275168344139,4.116275168344139,0.0,8.356993675231934,0.05976072716965773,90,0.0,0.0,0.0,0.0,0.0,0.0,0.0,0.0,0.19999999999999998
chesca_commitment_full_mesh,1285,14,6,0,3.6173558934660117,3.617355893466012,4.440892098500626e-16,8.356993675231934,-0.022005284968165614,90,0.0,0.0,0.0,0.0,0.0,0.0,0.0,0.0,0.19999999999999998
chesca_commitment_full_mesh,1286,15,6,6,6.673616082073053,6.235616082073054,-0.43799999999999883,8.356993675231934,0.3256255251513642,90,6.0,0.0,0.12000000000000002,0.0,0.12000000000000002,0.0,0.12000000000000002,0.020000000000000004,0.20333333333333334
chesca_commitment_full_mesh,1287,16,6,0,8.060686781984797,8.060686781984797,0.0,8.356993675231934,0.28582309030974795,90,0.0,0.0,0.0,0.0,0.0,0.0,0.12000000000000002,0.020000000000000004,0.17
chesca_commitment_full_mesh,1288,17,6,6,10.345396524086365,9.535396524086366,-0.8099999999999987,8.316520690917969,0.6579668962633076,90,6.0,0.0,0.22000000000000003,0.0,0.22000000000000003,0.0,0.3400000000000001,0.06000000000000001,0.20666666666666667
chesca_commitment_full_mesh,1289,18,6,4,12.976291453629376,12.670291453629376,-0.30599999999999916,8.316520690917969,1.5641471351795708,90,4.0,0.0,0.08,0.0,0.08,0.0,0.42000000000000004,0.08000000000000002,0.21666666666666667
chesca_commitment_full_mesh,1290,19,6,6,15.481398331646934,15.043398331646934,-0.4380000000000006,8.316520690917969,2.134320102000701,90,6.0,0.0,0.12000000000000001,0.0,0.12000000000000001,0.0,0.54,0.10000000000000002,0.23
chesca_commitment_full_mesh,1291,20,6,0,12.384103198433777,12.384103198433777,0.0,8.316520690917969,0.9384289955241185,90,0.0,0.0,0.0,0.0,0.0,0.0,0.54,0.10000000000000002,0.23
chesca_commitment_full_mesh,1292,21,6,0,11.271512514676438,11.271512514676438,0.0,8.316520690917969,0.7709395569088417,90,0.0,0.0,0.0,0.0,0.0,0.0,0.54,0.10000000000000002,0.19000000000000003
chesca_commitment_full_mesh,1293,22,6,6,9.540091238607502,10.110091238607502,0.5700000000000003,8.316520690917969,0.023799483279816583,90,0.0,6.0,0.0,0.16,0.0,0.16,0.38,0.08000000000000002,0.21333333333333335
chesca_commitment_full_mesh,1294,23,6,0,9.33388578990238,9.33388578990238,0.0,8.328828811645508,0.22470665676712953,90,0.0,0.0,0.0,0.0,0.0,0.0,0.38,0.08000000000000002,0.18000000000000005
chesca_commitment_full_mesh,1295,24,6,0,9.429824247579448,9.429824247579447,-1.7763568394002505e-15,8.328828811645508,0.2520900699395908,90,0.0,0.0,0.0,0.0,0.0,0.0,0.38,0.08000000000000002,0.18000000000000005
chesca_commitment_full_mesh,1296,1,6,0,9.960051231442602,9.960051231442604,1.7763568394002505e-15,8.328828811645508,0.4173908543018451,90,0.0,0.0,0.0,0.0,0.0,0.0,0.38,0.08000000000000002,0.17666666666666672
chesca_commitment_full_mesh,1297,2,6,6,7.793320365708326,8.669320365708325,0.8759999999999986,8.415712356567383,-0.17586154613380717,90,0.0,6.0,0.0,0.24000000000000005,0.0,0.24000000000000005,0.14,0.04000000000000001,0.18000000000000005
chesca_commitment_full_mesh,1298,3,6,6,6.830136855018438,7.706136855018438,0.8760000000000003,8.475723266601562,-0.25579226759094315,90,0.0,6.0,0.0,0.14,0.0,0.24000000000000005,6.938893903907228e-18,6.938893903907228e-18,0.20666666666666667
chesca_commitment_full_mesh,1299,4,6,4,6.018657664623673,6.321121070254722,0.3024634056310491,8.475723266601562,-0.3142858438553151,90,0.0,4.0,0.0,6.938893903907228e-18,0.0,0.08000000000000002,0.0,0.0,0.22
chesca_commitment_full_mesh,1300,5,6,2,5.3347668852074355,5.494766885207436,0.16000000000000014,8.475723266601562,-0.3360993904859254,90,0.0,2.0,0.0,0.0,0.0,0.04000000000000001,0.0,0.0,0.22666666666666668
chesca_commitment_full_mesh,1301,6,6,0,5.391433636560523,5.391433636560523,0.0,8.475723266601562,-0.15205820254253655,90,0.0,0.0,0.0,0.0,0.0,0.0,0.0,0.0,0.22666666666666668
chesca_commitment_full_mesh,1302,7,6,0,4.814496487768662,4.814496487768662,0.0,8.475723266601562,-0.08110411197120437,90,0.0,0.0,0.0,0.0,0.0,0.0,0.0,0.0,0.22666666666666668
chesca_commitment_full_mesh,1303,8,6,0,3.709806545423869,3.709806545423869,0.0,8.415712356567383,-0.1505534052115206,90,0.0,0.0,0.0,0.0,0.0,0.0,0.0,0.0,0.22666666666666668
chesca_commitment_full_mesh,1304,9,6,0,1.6537879215310065,1.6537879215310065,0.0,8.415712356567383,-0.12973764946736743,90,0.0,0.0,0.0,0.0,0.0,0.0,0.0,0.0,0.22666666666666668
chesca_commitment_full_mesh,1305,10,6,0,1.889149942550013,1.8891499425500133,4.440892098500626e-16,8.415712356567383,-0.07357019330158444,90,0.0,0.0,0.0,0.0,0.0,0.0,0.0,0.0,0.22666666666666668
chesca_commitment_full_mesh,1306,11,6,0,3.5381458887639647,3.5381458887639647,0.0,8.415712356567383,0.06357446196800941,90,0.0,0.0,0.0,0.0,0.0,0.0,0.0,0.0,0.22666666666666668
chesca_commitment_full_mesh,1307,12,6,0,2.508895748710658,2.508895748710658,0.0,8.415712356567383,0.11956684246183139,90,0.0,0.0,0.0,0.0,0.0,0.0,0.0,0.0,0.21666666666666667
chesca_commitment_full_mesh,1308,13,6,3,4.208230049580286,4.010230049580286,-0.1980000000000004,8.415712356567383,0.2916004672014934,90,3.0,0.0,0.06,0.0,0.06,0.0,0.06,0.02,0.22666666666666668
chesca_commitment_full_mesh,1309,14,6,1,4.6677442226773955,4.587744222677396,-0.07999999999999918,8.415712356567383,0.3364428083367173,90,1.0,0.0,0.020000000000000004,0.0,0.020000000000000004,0.0,0.08000000000000002,0.020000000000000004,0.23
chesca_commitment_full_mesh,1310,15,6,0,7.252134560328068,7.252134560328068,0.0,8.415712356567383,0.3618008693141328,90,0.0,0.0,0.0,0.0,0.0,0.0,0.08000000000000002,0.020000000000000004,0.21
chesca_commitment_full_mesh,1311,16,6,5,10.335522831964516,9.977522831964517,-0.35799999999999876,8.415712356567383,0.7458596547981341,90,5.0,0.0,0.09999999999999998,0.0,0.09999999999999998,0.0,0.18,0.04000000000000001,0.22666666666666668
chesca_commitment_full_mesh,1312,17,6,6,14.143234067830846,13.465234067830846,-0.6780000000000008,8.475723266601562,1.7967505601302984,90,6.0,0.0,0.18,0.0,0.18,0.0,0.36,0.060000000000000005,0.22
chesca_commitment_full_mesh,1313,18,6,0,13.863119667262698,13.863119667262698,0.0,8.511741638183594,1.6084490476002362,90,0.0,0.0,0.0,0.0,0.0,0.0,0.36,0.060000000000000005,0.20666666666666667
chesca_commitment_full_mesh,1314,19,6,6,15.909322226938542,15.391322226938543,-0.5179999999999989,8.511741638183594,2.105108511548691,90,6.0,0.0,0.14,0.0,0.14,0.0,0.49999999999999994,0.1,0.21
chesca_commitment_full_mesh,1315,20,6,0,11.998533529334388,11.998533529334388,0.0,8.511741638183594,0.822990894443887,90,0.0,0.0,0.0,0.0,0.0,0.0,0.49999999999999994,0.1,0.21
chesca_commitment_full_mesh,1316,21,6,0,10.747723966803392,10.747723966803392,0.0,8.511741638183594,0.6091098450188251,90,0.0,0.0,0.0,0.0,0.0,0.0,0.49999999999999994,0.1,0.21
chesca_commitment_full_mesh,1317,22,6,6,8.730131634375866,9.606131634375867,0.8760000000000012,8.511741638183594,-0.03441731292213749,90,0.0,6.0,0.0,0.24000000000000002,0.0,0.24000000000000002,0.25999999999999995,0.060000000000000005,0.22333333333333336
chesca_commitment_full_mesh,1318,23,6,0,9.803996228768192,9.803996228768193,1.7763568394002505e-15,8.511741638183594,0.39592655696410556,90,0.0,0.0,0.0,0.0,0.0,0.0,0.25999999999999995,0.060000000000000005,0.22333333333333336
chesca_commitment_full_mesh,1319,24,6,6,8.146067568395173,9.022067568395174,0.8760000000000012,8.511741638183594,-0.16698889547462975,90,0.0,6.0,0.0,0.23999999999999996,0.0,0.24000000000000005,0.019999999999999997,0.019999999999999997,0.26333333333333336
chesca_commitment_full_mesh,1320,1,6,1,7.9820700118730405,8.06207001187304,0.07999999999999918,8.511741638183594,-0.09789185046501313,90,0.0,1.0,0.0,0.019999999999999997,0.0,0.02,0.0,0.0,0.26666666666666666
chesca_commitment_full_mesh,1321,2,6,0,7.0182481091430144,7.0182481091430144,0.0,8.475723266601562,-0.1313369834246981,90,0.0,0.0,0.0,0.0,0.0,0.0,0.0,0.0,0.22666666666666666
chesca_commitment_full_mesh,1322,3,6,0,6.551933189726022,6.5519331897260225,8.881784197001252e-16,8.415712356567383,-0.060110889616867995,90,0.0,0.0,0.0,0.0,0.0,0.0,0.0,0.0,0.18666666666666668
chesca_commitment_full_mesh,1323,4,6,0,6.120660054910488,6.120660054910488,0.0,8.415712356567383,-0.05957382490441534,90,0.0,0.0,0.0,0.0,0.0,0.0,0.0,0.0,0.17333333333333334
chesca_commitment_full_mesh,1324,5,6,2,5.888945067455799,6.208945067455799,0.3200000000000003,8.415712356567383,-0.07800230517577873,90,0.0,2.0,0.0,0.0,0.0,0.08000000000000002,0.0,0.0,0.18000000000000002
chesca_commitment_full_mesh,1325,6,6,0,5.751386547409307,5.751386547409306,-8.881784197001252e-16,8.415712356567383,0.029080981695555806,90,0.0,0.0,0.0,0.0,0.0,0.0,0.0,0.0,0.18000000000000002
chesca_commitment_full_mesh,1326,7,6,0,5.4806033421419915,5.4806033421419915,0.0,8.415712356567383,-0.0720420157067822,90,0.0,0.0,0.0,0.0,0.0,0.0,0.0,0.0,0.18000000000000002
chesca_commitment_full_mesh,1327,8,6,6,4.697371027920199,5.105366934439529,0.4079959065193304,8.30518913269043,-0.10680834402040595,90,0.0,6.0,0.0,0.0,0.0,0.14,0.0,0.0,0.20333333333333334
chesca_commitment_full_mesh,1328,9,6,3,2.513170352695205,2.6454808655754665,0.1323105128802613,8.30518913269043,-0.21709590237964152,90,0.0,3.0,0.0,0.0,0.0,0.060000000000000005,0.0,0.0,0.21333333333333335
chesca_commitment_full_mesh,1329,10,6,0,1.2561726184088542,1.2561726184088542,0.0,8.30518913269043,0.022167325621553345,90,0.0,0.0,0.0,0.0,0.0,0.0,0.0,0.0,0.21333333333333335
chesca_commitment_full_mesh,1330,11,6,0,1.4191379983467742,1.4191379983467742,0.0,8.30518913269043,0.073199479691579,90,0.0,0.0,0.0,0.0,0.0,0.0,0.0,0.0,0.21333333333333335
chesca_commitment_full_mesh,1331,12,6,2,3.227606300060754,3.095606300060754,-0.13200000000000012,8.30518913269043,0.2871832270697744,90,2.0,0.0,0.04,0.0,0.04,0.0,0.04,0.02,0.22
chesca_commitment_full_mesh,1332,13,6,4,5.813277116807769,5.507277116807769,-0.30600000000000005,8.30518913269043,0.3675416042064682,90,4.0,0.0,0.08000000000000002,0.0,0.08000000000000002,0.0,0.12000000000000002,0.020000000000000004,0.2233333333333333
chesca_commitment_full_mesh,1333,14,6,0,5.756227555211935,5.756227555211935,0.0,8.204011917114258,0.16957932184283098,90,0.0,0.0,0.0,0.0,0.0,0.0,0.12000000000000002,0.020000000000000004,0.22
chesca_commitment_full_mesh,1334,15,6,0,7.523127844386883,7.523127844386883,0.0,8.164327621459961,0.23587784057310218,90,0.0,0.0,0.0,0.0,0.0,0.0,0.12000000000000002,0.020000000000000004,0.22
chesca_commitment_full_mesh,1335,16,6,6,10.791126501690746,10.353126501690747,-0.43799999999999883,8.164327621459961,1.1081097659202757,90,6.0,0.0,0.12,0.0,0.12,0.0,0.24,0.04000000000000001,0.22333333333333336
chesca_commitment_full_mesh,1336,17,6,6,15.664706074687174,14.791914728852444,-0.872791345834731,8.164327621459961,2.879136272424687,90,6.0,0.0,0.24000000000000005,0.0,0.24000000000000005,0.0,0.48,0.08000000000000002,0.23333333333333336
chesca_commitment_full_mesh,1337,18,6,5,15.34665712973265,14.974657129732652,-0.3719999999999981,8.164327621459961,2.550756125645207,90,5.0,0.0,0.1,0.0,0.1,0.0,0.58,0.10000000000000002,0.25
chesca_commitment_full_mesh,1338,19,6,6,19.23335339257254,18.729353392572538,-0.5040000000000013,8.204011917114258,3.4453499515590567,90,6.0,0.0,0.14,0.0,0.14,0.0,0.7200000000000001,0.12000000000000002,0.25
chesca_commitment_full_mesh,1339,20,6,0,14.029173628739622,14.029173628739622,0.0,8.204011917114258,1.4423625433438492,90,0.0,0.0,0.0,0.0,0.0,0.0,0.7200000000000001,0.12000000000000002,0.25
chesca_commitment_full_mesh,1340,21,6,0,12.22978214249854,12.22978214249854,0.0,8.204011917114258,1.001387695695687,90,0.0,0.0,0.0,0.0,0.0,0.0,0.7200000000000001,0.12000000000000002,0.25
chesca_commitment_full_mesh,1341,22,6,0,10.373646907186135,10.373646907186135,0.0,8.204011917114258,0.1496809024146853,90,0.0,0.0,0.0,0.0,0.0,0.0,0.7200000000000001,0.12000000000000002,0.21
chesca_commitment_full_mesh,1342,23,6,0,10.274501066981015,10.274501066981014,-1.7763568394002505e-15,8.204011917114258,0.5870945731558835,90,0.0,0.0,0.0,0.0,0.0,0.0,0.7200000000000001,0.12000000000000002,0.21
chesca_commitment_full_mesh,1343,24,6,0,10.063422066348267,10.063422066348267,0.0,8.204011917114258,0.471813613563363,90,0.0,0.0,0.0,0.0,0.0,0.0,0.7200000000000001,0.12000000000000002,0.17
chesca_commitment_full_mesh,1344,1,6,0,10.009785993951034,10.009785993951033,-1.7763568394002505e-15,8.204011917114258,0.4103549276740608,90,0.0,0.0,0.0,0.0,0.0,0.0,0.7200000000000001,0.12000000000000002,0.16666666666666666
chesca_commitment_full_mesh,1345,2,6,0,9.296449258600369,9.296449258600369,0.0,8.204011917114258,0.0804745588704109,90,0.0,0.0,0.0,0.0,0.0,0.0,0.7200000000000001,0.12000000000000002,0.16666666666666666
chesca_commitment_full_mesh,1346,3,6,6,6.392232797307481,7.268232797307482,0.8760000000000003,8.353837966918945,-0.14655275064615986,90,0.0,6.0,0.0,0.24000000000000005,0.0,0.24000000000000005,0.48,0.08000000000000002,0.20666666666666667
chesca_commitment_full_mesh,1347,4,6,6,6.127774859524249,6.777774859524248,0.6499999999999995,8.353837966918945,-0.020788209930770504,90,0.0,6.0,0.0,0.18000000000000005,0.0,0.18000000000000005,0.3,0.06000000000000001,0.2366666666666667
chesca_commitment_full_mesh,1348,5,6,6,5.730927829429991,6.143679299043329,0.41275146961333853,8.353837966918945,-0.018731197029500338,90,0.0,6.0,0.0,0.12000000000000002,0.0,0.12000000000000002,0.17999999999999997,0.04000000000000001,0.24333333333333337
chesca_commitment_full_mesh,1349,6,6,0,5.786543040696199,5.786543040696199,0.0,8.353837966918945,0.046021435038230155,90,0.0,0.0,0.0,0.0,0.0,0.0,0.17999999999999997,0.04000000000000001,0.24333333333333337
chesca_commitment_full_mesh,1350,7,6,0,5.403081920395694,5.403081920395695,8.881784197001252e-16,8.353837966918945,0.12974731367281073,90,0.0,0.0,0.0,0.0,0.0,0.0,0.17999999999999997,0.04000000000000001,0.24333333333333337
chesca_commitment_full_mesh,1351,8,6,2,5.197166212183174,5.289880338076507,0.09271412589333305,8.353837966918945,0.007859291284547237,90,0.0,2.0,0.0,0.04,0.0,0.04,0.13999999999999996,0.03999999999999998,0.22666666666666668
chesca_commitment_full_mesh,1352,9,6,6,3.1623558765112305,3.5310211885096705,0.36866531199844,8.204011917114258,-0.2704321104938022,90,0.0,6.0,0.0,0.13999999999999996,0.0,0.14,1.3877787807814457e-17,6.938893903907228e-18,0.24000000000000002
chesca_commitment_full_mesh,1353,10,6,0,1.5788641830918788,1.5788641830918788,0.0,8.204011917114258,0.029894119827895613,90,0.0,0.0,0.0,0.0,0.0,0.0,1.3877787807814457e-17,6.938893903907228e-18,0.24000000000000002
chesca_commitment_full_mesh,1354,11,6,0,1.674570849912165,1.674570849912165,0.0,8.204011917114258,0.05460011608243337,90,0.0,0.0,0.0,0.0,0.0,0.0,1.3877787807814457e-17,6.938893903907228e-18,0.24000000000000002
chesca_commitment_full_mesh,1355,12,6,0,3.588209393012674,3.5882093930126735,-4.440892098500626e-16,8.204011917114258,0.20155896664463563,90,0.0,0.0,0.0,0.0,0.0,0.0,1.3877787807814457e-17,6.938893903907228e-18,0.23333333333333336
chesca_commitment_full_mesh,1356,13,6,0,5.593080934408609,5.593080934408609,0.0,8.204011917114258,0.12385996200103713,90,0.0,0.0,0.0,0.0,0.0,0.0,1.3877787807814457e-17,6.938893903907228e-18,0.22
chesca_commitment_full_mesh,1357,14,6,0,5.656905703285759,5.656905703285759,0.0,8.204011917114258,0.19212605117442344,90,0.0,0.0,0.0,0.0,0.0,0.0,1.3877787807814457e-17,6.938893903907228e-18,0.22
chesca_commitment_full_mesh,1358,15,6,0,8.12280931836045,8.122809318360451,1.7763568394002505e-15,8.204011917114258,0.2692416626176514,90,0.0,0.0,0.0,0.0,0.0,0.0,1.3877787807814457e-17,6.938893903907228e-18,0.22
chesca_commitment_full_mesh,1359,16,6,0,8.848741930245279,8.848741930245279,0.0,8.353837966918945,0.21672004710539267,90,0.0,0.0,0.0,0.0,0.0,0.0,1.3877787807814457e-17,6.938893903907228e-18,0.19999999999999998
chesca_commitment_full_mesh,1360,17,6,6,11.514734792683761,10.638734792683762,-0.8759999999999994,8.495208740234375,1.0811443570016384,90,6.0,0.0,0.24000000000000005,0.0,0.24000000000000005,0.0,0.24000000000000005,0.040000000000000015,0.19999999999999998
chesca_commitment_full_mesh,1361,18,6,6,13.944328676195411,13.068328676195412,-0.8759999999999994,8.495208740234375,2.1058649361352813,90,6.0,0.0,0.24000000000000005,0.0,0.24000000000000005,0.0,0.4800000000000001,0.08000000000000002,0.22333333333333336
chesca_commitment_full_mesh,1362,19,6,3,15.847670350748274,15.607670350748272,-0.240000000000002,8.550545692443848,2.2708859034035216,90,3.0,0.0,0.06,0.0,0.06,0.0,0.54,0.10000000000000002,0.21
chesca_commitment_full_mesh,1363,20,6,0,12.512938046876817,12.512938046876817,0.0,8.592738151550293,0.8991410728138586,90,0.0,0.0,0.0,0.0,0.0,0.0,0.54,0.10000000000000002,0.21
chesca_commitment_full_mesh,1364,21,6,0,10.551258696272987,10.551258696272988,1.7763568394002505e-15,8.592738151550293,0.4736416035506489,90,0.0,0.0,0.0,0.0,0.0,0.0,0.54,0.10000000000000002,0.21
chesca_commitment_full_mesh,1365,22,6,0,9.706800215399838,9.706800215399836,-1.7763568394002505e-15,8.592738151550293,0.1531950446965234,90,0.0,0.0,0.0,0.0,0.0,0.0,0.54,0.10000000000000002,0.21
chesca_commitment_full_mesh,1366,23,6,0,9.9524580984103,9.9524580984103,0.0,8.674273490905762,0.4196988777358288,90,0.0,0.0,0.0,0.0,0.0,0.0,0.54,0.10000000000000002,0.21
chesca_commitment_full_mesh,1367,24,6,6,8.315633472657966,9.191633472657967,0.8760000000000012,8.76211929321289,-0.1520789777714927,90,0.0,6.0,0.0,0.24000000000000005,0.0,0.24000000000000005,0.30000000000000004,0.06000000000000001,0.25
chesca_commitment_full_mesh,1368,1,6,6,8.079738378992335,8.517738378992336,0.4380000000000006,8.806262969970703,-0.03778007789676254,90,0.0,6.0,0.0,0.12000000000000002,0.0,0.12000000000000002,0.18000000000000005,0.04000000000000001,0.27
chesca_commitment_full_mesh,1369,2,6,6,7.59866252731349,8.036662527313489,0.43799999999999883,8.806262969970703,-0.06291838746481951,90,0.0,6.0,0.0,0.12000000000000002,0.0,0.12000000000000002,0.06000000000000001,0.020000000000000004,0.29000000000000004
chesca_commitment_full_mesh,1370,3,6,3,6.6746719513836315,6.914671951383632,0.2400000000000002,8.806262969970703,-0.0895069817556304,90,0.0,3.0,0.0,0.06000000000000001,0.0,0.06000000000000001,3.469446951953614e-18,3.469446951953614e-18,0.26
chesca_commitment_full_mesh,1371,4,6,0,6.931643127834331,6.93164312783433,-8.881784197001252e-16,8.806262969970703,0.02964994410914632,90,0.0,0.0,0.0,0.0,0.0,0.0,3.469446951953614e-18,3.469446951953614e-18,0.23000000000000007
chesca_commitment_full_mesh,1372,5,6,0,5.692031266630341,5.69203126663034,-8.881784197001252e-16,8.806262969970703,-0.07074175786326288,90,0.0,0.0,0.0,0.0,0.0,0.0,3.469446951953614e-18,3.469446951953614e-18,0.21000000000000005
chesca_commitment_full_mesh,1373,6,6,3,6.15478744186107,5.824787441861069,-0.33000000000000096,8.806262969970703,0.09671277548121542,90,3.0,0.0,0.1,0.0,0.1,0.0,0.10000000000000002,0.04,0.22666666666666668
chesca_commitment_full_mesh,1374,7,6,0,5.346889603001527,5.346889603001528,8.881784197001252e-16,8.806262969970703,0.11640627768756341,90,0.0,0.0,0.0,0.0,0.0,0.0,0.10000000000000002,0.04,0.22666666666666668
chesca_commitment_full_mesh,1375,8,6,0,5.037003890231648,5.037003890231648,0.0,8.806262969970703,0.09997401267148634,90,0.0,0.0,0.0,0.0,0.0,0.0,0.10000000000000002,0.04,0.22
chesca_commitment_full_mesh,1376,9,6,0,5.049079849442373,5.049079849442373,0.0,8.806262969970703,0.05721966944454179,90,0.0,0.0,0.0,0.0,0.0,0.0,0.10000000000000002,0.04,0.19666666666666668
chesca_commitment_full_mesh,1377,10,6,3,5.632395879220628,5.3923958792206275,-0.2400000000000002,8.806262969970703,0.1707109998876678,90,3.0,0.0,0.06,0.0,0.06,0.0,0.16,0.04,0.2066666666666667
chesca_commitment_full_mesh,1378,11,6,3,4.599698034341995,4.762236889048149,0.16253885470615348,8.806262969970703,0.03382275324581775,90,0.0,3.0,0.0,0.06000000000000001,0.0,0.06000000000000001,0.1,0.020000000000000004,0.21666666666666667
chesca_commitment_full_mesh,1379,12,6,6,2.7372687740030237,3.0437528195243773,0.30648404552135355,8.839818000793457,-0.5536141239539505,90,0.0,6.0,0.0,0.1,0.0,0.12000000000000001,3.469446951953614e-18,3.469446951953614e-18,0.2366666666666667
chesca_commitment_full_mesh,1380,13,6,0,3.025719903232274,3.025719903232274,0.0,8.839818000793457,-0.035493031657485186,90,0.0,0.0,0.0,0.0,0.0,0.0,3.469446951953614e-18,3.469446951953614e-18,0.2366666666666667
chesca_commitment_full_mesh,1381,14,6,0,4.062391429904095,4.062391429904095,0.0,8.839818000793457,0.06527841267223568,90,0.0,0.0,0.0,0.0,0.0,0.0,3.469446951953614e-18,3.469446951953614e-18,0.2366666666666667
chesca_commitment_full_mesh,1382,15,6,4,6.098145228367739,6.3901452283677385,0.2919999999999998,8.862977027893066,-0.7490700311685452,90,0.0,4.0,0.0,3.469446951953614e-18,0.0,0.08000000000000002,0.0,0.0,0.25
chesca_commitment_full_mesh,1383,16,6,0,6.917725905524296,6.917725905524296,0.0,8.862977027893066,0.4584466472515227,90,0.0,0.0,0.0,0.0,0.0,0.0,0.0,0.0,0.25
chesca_commitment_full_mesh,1384,17,6,3,9.106240139031906,8.894240139031904,-0.21200000000000152,8.862977027893066,0.7121226899395696,90,3.0,0.0,0.06,0.0,0.06,0.0,0.06,0.020000000000000004,0.22
chesca_commitment_full_mesh,1385,18,6,5,10.876487953432738,10.410487953432737,-0.4660000000000011,8.884002685546875,0.8940177773812217,90,4.0,1.0,0.12000000000000001,0.02,0.12000000000000001,0.03999999999999998,0.16000000000000003,0.04000000000000001,0.20666666666666667
chesca_commitment_full_mesh,1386,19,6,3,11.822277812307156,11.558277812307157,-0.26399999999999935,8.884002685546875,0.781746873336587,90,3.0,0.0,0.08000000000000002,0.0,0.08000000000000002,0.0,0.24,0.06000000000000001,0.21
chesca_commitment_full_mesh,1387,20,6,0,10.00788649621539,10.00788649621539,0.0,8.884002685546875,0.24979442845426048,90,0.0,0.0,0.0,0.0,0.0,0.0,0.24,0.06000000000000001,0.21
chesca_commitment_full_mesh,1388,21,6,0,11.20848471611333,11.20848471611333,0.0,8.908763885498047,0.783621078477142,90,0.0,0.0,0.0,0.0,0.0,0.0,0.24,0.06000000000000001,0.21
chesca_commitment_full_mesh,1389,22,6,0,9.57898316938689,9.57898316938689,0.0,8.92212200164795,0.18783595145652915,90,0.0,0.0,0.0,0.0,0.0,0.0,0.24,0.06000000000000001,0.21
chesca_commitment_full_mesh,1390,23,6,0,10.787279762090934,10.787279762090936,1.7763568394002505e-15,8.908763885498047,0.7470270997530386,90,0.0,0.0,0.0,0.0,0.0,0.0,0.24,0.06000000000000001,0.21
chesca_commitment_full_mesh,1391,24,6,0,9.853528237717818,9.85352823771782,1.7763568394002505e-15,8.908763885498047,0.26083036370970364,90,0.0,0.0,0.0,0.0,0.0,0.0,0.24,0.06000000000000001,0.17
chesca_commitment_full_mesh,1392,1,6,0,10.360579598375331,10.360579598375331,0.0,8.92212200164795,0.4946689728883985,90,0.0,0.0,0.0,0.0,0.0,0.0,0.24,0.06000000000000001,0.15000000000000002
chesca_commitment_full_mesh,1393,2,6,0,9.332040530111938,9.332040530111936,-1.7763568394002505e-15,8.978721618652344,0.08330734592236233,90,0.0,0.0,0.0,0.0,0.0,0.0,0.24,0.06000000000000001,0.13
chesca_commitment_full_mesh,1394,3,6,6,7.879461386424561,8.68946138642456,0.8099999999999987,9.04130744934082,-0.027149335254074813,90,0.0,6.0,0.0,0.22,0.0,0.22000000000000003,0.020000000000000004,0.020000000000000004,0.15666666666666668
chesca_commitment_full_mesh,1395,4,6,1,7.143339385680816,7.209339385680815,0.06599999999999895,9.04130744934082,-0.01632253968861269,90,0.0,1.0,0.0,0.020000000000000004,0.0,0.020000000000000004,0.0,0.0,0.16
chesca_commitment_full_mesh,1396,5,6,0,5.911881252189282,5.911881252189282,0.0,9.04130744934082,0.025107065606970208,90,0.0,0.0,0.0,0.0,0.0,0.0,0.0,0.0,0.16
chesca_commitment_full_mesh,1397,6,6,6,5.967970585760023,5.157970585760023,-0.8099999999999996,9.04130744934082,0.1436902967421332,90,6.0,0.0,0.22,0.0,0.22,0.0,0.22,0.04,0.17999999999999997
chesca_commitment_full_mesh,1398,7,6,0,5.557776389091077,5.557776389091077,0.0,9.04130744934082,0.2473921400446643,90,0.0,0.0,0.0,0.0,0.0,0.0,0.22,0.04,0.17999999999999997
chesca_commitment_full_mesh,1399,8,6,0,5.351658209521631,5.351658209521631,0.0,9.04130744934082,0.12979779255861468,90,0.0,0.0,0.0,0.0,0.0,0.0,0.22,0.04,0.17999999999999997
chesca_commitment_full_mesh,1400,9,6,6,3.8363112605174394,4.380262786259432,0.5439515257419925,8.978721618652344,-0.029253477262807387,90,0.0,6.0,0.0,0.22,0.0,0.22000000000000003,0.0,0.0,0.21666666666666667
chesca_commitment_full_mesh,1401,10,6,0,2.9949499234851906,2.994949923485191,4.440892098500626e-16,8.978721618652344,0.04967440228829733,90,0.0,0.0,0.0,0.0,0.0,0.0,0.0,0.0,0.20666666666666667
chesca_commitment_full_mesh,1402,11,6,3,5.137879956801636,5.309328047528314,0.17144809072667844,9.04130744934082,-0.35049926071775034,90,0.0,3.0,0.0,0.0,0.0,0.06000000000000001,0.0,0.0,0.20666666666666667
chesca_commitment_full_mesh,1403,12,6,0,5.206689457846668,5.206689457846668,0.0,9.04130744934082,0.02339654169944428,90,0.0,0.0,0.0,0.0,0.0,0.0,0.0,0.0,0.18666666666666665
chesca_commitment_full_mesh,1404,13,6,6,6.322367898171466,6.741450410436672,0.41908251226520576,9.076952934265137,-0.5418888734281647,90,0.0,6.0,0.0,0.0,0.0,0.16,0.0,0.0,0.21333333333333335
chesca_commitment_full_mesh,1405,14,6,2,6.10519091961114,6.172036565866611,0.06684564625547118,9.076952934265137,-0.12872685948289422,90,0.0,2.0,0.0,0.0,0.0,0.04,0.0,0.0,0.22
chesca_commitment_full_mesh,1406,15,6,0,8.174370619497049,8.174370619497047,-1.7763568394002505e-15,9.076952934265137,0.267298065475883,90,0.0,0.0,0.0,0.0,0.0,0.0,0.0,0.0,0.20666666666666667
chesca_commitment_full_mesh,1407,16,6,6,9.490552930034113,9.052552930034112,-0.4380000000000006,9.076952934265137,0.4448863716831997,90,6.0,0.0,0.12,0.0,0.12,0.0,0.12,0.020000000000000004,0.22666666666666668
chesca_commitment_full_mesh,1408,17,6,2,10.975508232206485,10.815508232206485,-0.16000000000000014,9.076952934265137,0.9464741987985492,90,2.0,0.0,0.039999999999999994,0.0,0.039999999999999994,0.0,0.16,0.04000000000000001,0.22333333333333336
chesca_commitment_full_mesh,1409,18,6,4,13.076416968917808,12.652416968917809,-0.4239999999999995,9.076952934265137,1.378854338333463,90,4.0,0.0,0.12000000000000002,0.0,0.12000000000000002,0.0,0.28,0.06000000000000001,0.21666666666666667
chesca_commitment_full_mesh,1410,19,6,4,15.224761107362426,14.772761107362426,-0.45199999999999996,9.109724044799805,1.613486003466978,90,4.0,0.0,0.12000000000000001,0.0,0.12000000000000001,0.0,0.4,0.08000000000000002,0.22333333333333336
chesca_commitment_full_mesh,1411,20,6,0,13.73262311195533,13.73262311195533,0.0,9.109724044799805,1.1236449098874914,90,0.0,0.0,0.0,0.0,0.0,0.0,0.4,0.08000000000000002,0.22333333333333336
chesca_commitment_full_mesh,1412,21,6,0,11.170835945227324,11.170835945227324,0.0,9.109724044799805,0.4335200594189888,90,0.0,0.0,0.0,0.0,0.0,0.0,0.4,0.08000000000000002,0.22333333333333336
chesca_commitment_full_mesh,1413,22,6,6,8.365222462712842,9.241222462712841,0.8759999999999994,9.148285865783691,-0.06101535326514658,90,0.0,6.0,0.0,0.24000000000000002,0.0,0.24000000000000002,0.16,0.040000000000000015,0.26333333333333336
chesca_commitment_full_mesh,1414,23,6,6,8.944419573606153,9.382419573606152,0.43799999999999883,9.148285865783691,-0.07145487638319688,90,0.0,6.0,0.0,0.12000000000000002,0.0,0.12000000000000002,0.04000000000000001,0.02000000000000001,0.2833333333333334
chesca_commitment_full_mesh,1415,24,6,0,9.730254282106372,9.730254282106374,1.7763568394002505e-15,9.156410217285156,0.1563585036538417,90,0.0,0.0,0.0,0.0,0.0,0.0,0.04000000000000001,0.02000000000000001,0.2833333333333334
chesca_commitment_full_mesh,1416,1,6,0,9.589929288853618,9.589929288853618,0.0,9.195364952087402,0.07160228199654275,90,0.0,0.0,0.0,0.0,0.0,0.0,0.04000000000000001,0.02000000000000001,0.2833333333333334
chesca_commitment_full_mesh,1417,2,6,2,7.854010778361312,8.014010778361312,0.16000000000000014,9.20903491973877,-0.11604574753329783,90,0.0,2.0,0.0,0.039999999999999994,0.0,0.04000000000000001,2.42861286636753e-17,1.0408340855860843e-17,0.29000000000000004
chesca_commitment_full_mesh,1418,3,6,0,6.970684413333949,6.970684413333949,0.0,9.20903491973877,-0.05941226119569931,90,0.0,0.0,0.0,0.0,0.0,0.0,2.42861286636753e-17,1.0408340855860843e-17,0.25333333333333335
chesca_commitment_full_mesh,1419,4,6,0,7.5634115811394365,7.563411581139437,8.881784197001252e-16,9.20903491973877,0.0935846567383429,90,0.0,0.0,0.0,0.0,0.0,0.0,2.42861286636753e-17,1.0408340855860843e-17,0.25
chesca_commitment_full_mesh,1420,5,6,0,5.840973035520837,5.840973035520837,0.0,9.20903491973877,-0.06570445969762992,90,0.0,0.0,0.0,0.0,0.0,0.0,2.42861286636753e-17,1.0408340855860843e-17,0.25
chesca_commitment_full_mesh,1421,6,6,1,6.266257239819559,6.20025723981956,-0.06599999999999895,9.20903491973877,0.114398741427786,90,1.0,0.0,0.02,0.0,0.02,0.0,0.020000000000000025,0.02,0.21666666666666665
chesca_commitment_full_mesh,1422,7,6,2,5.338779804471543,5.206779804471544,-0.13199999999999967,9.20903491973877,0.09764784079407814,90,2.0,0.0,0.04,0.0,0.04,0.0,0.060000000000000026,0.020000000000000007,0.2233333333333333
chesca_commitment_full_mesh,1423,8,6,0,5.025491094335712,5.025491094335712,0.0,9.20903491973877,0.1374654873862651,90,0.0,0.0,0.0,0.0,0.0,0.0,0.060000000000000026,0.020000000000000007,0.2233333333333333
chesca_commitment_full_mesh,1424,9,6,1,3.574582145707484,3.6405821457074836,0.06599999999999984,9.20903491973877,0.02762087087178096,90,0.0,1.0,0.0,0.02,0.0,0.02,0.04000000000000002,0.020000000000000007,0.18999999999999997
chesca_commitment_full_mesh,1425,10,6,2,3.420234343374276,3.525113705954758,0.10487936258048203,9.20903491973877,0.03840236632836316,90,0.0,2.0,0.0,0.04,0.0,0.04000000000000001,2.42861286636753e-17,1.0408340855860843e-17,0.19666666666666666
chesca_commitment_full_mesh,1426,11,6,6,3.96856412145227,4.290201393634867,0.3216372721825964,9.20903491973877,-0.1601345729065552,90,0.0,6.0,0.0,2.42861286636753e-17,0.0,0.12000000000000001,0.0,0.0,0.20666666666666667
chesca_commitment_full_mesh,1427,12,6,3,3.997871273801316,3.677871273801316,-0.31999999999999984,9.20903491973877,0.10499881046216068,90,3.0,0.0,0.08000000000000002,0.0,0.08000000000000002,0.0,0.08000000000000002,0.04,0.22
chesca_commitment_full_mesh,1428,13,6,0,5.027982589075269,5.027982589075269,0.0,9.20903491973877,0.2670129906204536,90,0.0,0.0,0.0,0.0,0.0,0.0,0.08000000000000002,0.04,0.19333333333333333
chesca_commitment_full_mesh,1429,14,6,3,5.3777803976617005,5.1137803976617,-0.26400000000000023,9.20903491973877,0.19687140250673302,90,3.0,0.0,0.08000000000000002,0.0,0.08000000000000002,0.0,0.16,0.04000000000000001,0.19999999999999998
chesca_commitment_full_mesh,1430,15,6,0,7.708847904060929,7.708847904060928,-8.881784197001252e-16,9.20903491973877,0.259430027675911,90,0.0,0.0,0.0,0.0,0.0,0.0,0.16,0.04000000000000001,0.19999999999999998
chesca_commitment_full_mesh,1431,16,6,0,8.433133816766258,8.433133816766258,0.0,9.20903491973877,0.359421452270971,90,0.0,0.0,0.0,0.0,0.0,0.0,0.16,0.04000000000000001,0.18000000000000002
chesca_commitment_full_mesh,1432,17,6,6,11.868374323103762,11.058374323103761,-0.8100000000000005,9.20903491973877,1.2044853587489939,90,6.0,0.0,0.22000000000000003,0.0,0.22000000000000003,0.0,0.38,0.08000000000000002,0.21
chesca_commitment_full_mesh,1433,18,6,2,14.108369915245007,13.948369915245006,-0.16000000000000014,9.275973320007324,1.7988265620011061,90,2.0,0.0,0.04000000000000001,0.0,0.04000000000000001,0.0,0.42000000000000004,0.08000000000000002,0.19666666666666666
chesca_commitment_full_mesh,1434,19,6,4,16.366527652081942,15.942527652081942,-0.4239999999999995,9.339147567749023,1.9416594420458264,90,4.0,0.0,0.12,0.0,0.12,0.0,0.54,0.12000000000000002,0.19666666666666666
chesca_commitment_full_mesh,1435,20,6,0,14.053823804291879,14.053823804291879,0.0,9.339147567749023,1.1753520764951964,90,0.0,0.0,0.0,0.0,0.0,0.0,0.54,0.12000000000000002,0.19666666666666666
chesca_commitment_full_mesh,1436,21,6,0,13.463217048695213,13.463217048695212,-1.7763568394002505e-15,9.339147567749023,0.9462285636479598,90,0.0,0.0,0.0,0.0,0.0,0.0,0.54,0.12000000000000002,0.19666666666666666
chesca_commitment_full_mesh,1437,22,6,0,10.267099656262571,10.267099656262571,0.0,9.339147567749023,0.047078534322127864,90,0.0,0.0,0.0,0.0,0.0,0.0,0.54,0.12000000000000002,0.1566666666666667
chesca_commitment_full_mesh,1438,23,6,0,10.684427492154903,10.684427492154903,0.0,9.339147567749023,0.3565255745936618,90,0.0,0.0,0.0,0.0,0.0,0.0,0.54,0.12000000000000002,0.1366666666666667
chesca_commitment_full_mesh,1439,24,6,0,10.30103720464058,10.30103720464058,0.0,9.339147567749023,0.22403494536463983,90,0.0,0.0,0.0,0.0,0.0,0.0,0.54,0.12000000000000002,0.1366666666666667
chesca_commitment_full_mesh,1440,1,6,6,9.717592116296249,10.593592116296247,0.8759999999999977,9.35130786895752,-0.033981163412909555,90,0.0,6.0,0.0,0.24000000000000005,0.0,0.24000000000000005,0.30000000000000004,0.08000000000000002,0.17666666666666672
chesca_commitment_full_mesh,1441,2,6,6,8.383129763167643,9.25912976316764,0.8759999999999977,9.420952796936035,-0.22414370961456526,90,0.0,6.0,0.0,0.24000000000000005,0.0,0.24000000000000005,0.06,0.04000000000000001,0.21
chesca_commitment_full_mesh,1442,3,6,4,7.2203463852522685,7.766346385252268,0.5459999999999994,9.420952796936035,-0.24181938978591916,90,0.0,4.0,0.0,0.05999999999999999,0.0,0.14,6.938893903907228e-18,6.938893903907228e-18,0.23333333333333336
chesca_commitment_full_mesh,1443,4,6,0,7.941924174387651,7.941924174387651,0.0,9.420952796936035,-0.22258651046842165,90,0.0,0.0,0.0,0.0,0.0,0.0,6.938893903907228e-18,6.938893903907228e-18,0.23333333333333336
chesca_commitment_full_mesh,1444,5,6,0,5.7037796003406935,5.7037796003406935,0.0,9.420952796936035,-0.2603901226990737,90,0.0,0.0,0.0,0.0,0.0,0.0,6.938893903907228e-18,6.938893903907228e-18,0.23333333333333336
chesca_commitment_full_mesh,1445,6,6,0,6.0329664598287245,6.0329664598287245,0.0,9.420952796936035,-0.037409811158904085,90,0.0,0.0,0.0,0.0,0.0,0.0,6.938893903907228e-18,6.938893903907228e-18,0.23
chesca_commitment_full_mesh,1446,7,6,0,5.593472556277301,5.593472556277301,0.0,9.420952796936035,-0.05566562273294884,90,0.0,0.0,0.0,0.0,0.0,0.0,6.938893903907228e-18,6.938893903907228e-18,0.22333333333333336
chesca_commitment_full_mesh,1447,8,6,0,5.082693864099284,5.082693864099284,0.0,9.420952796936035,-0.009494225114592757,90,0.0,0.0,0.0,0.0,0.0,0.0,6.938893903907228e-18,6.938893903907228e-18,0.22333333333333336
chesca_commitment_full_mesh,1448,9,6,0,4.712568059180682,4.712568059180682,0.0,9.420952796936035,-0.05586840375448011,90,0.0,0.0,0.0,0.0,0.0,0.0,6.938893903907228e-18,6.938893903907228e-18,0.22
chesca_commitment_full_mesh,1449,10,6,2,3.0825597508081954,3.159296431575705,0.07673668076750939,9.420952796936035,-0.1202446590491157,90,0.0,2.0,0.0,0.0,0.0,0.04,6.938893903907228e-18,6.938893903907228e-18,0.22
chesca_commitment_full_mesh,1450,11,6,2,1.7421978577424784,1.8091207389599635,0.06692288121748513,9.420952796936035,-0.2580829128561739,90,0.0,2.0,0.0,0.0,0.0,0.04,6.938893903907228e-18,6.938893903907228e-18,0.2066666666666667
chesca_commitment_full_mesh,1451,12,6,0,1.3521557885111064,1.3521557885111064,0.0,9.420952796936035,-0.03881706228779082,90,0.0,0.0,0.0,0.0,0.0,0.0,6.938893903907228e-18,6.938893903907228e-18,0.19333333333333336
chesca_commitment_full_mesh,1452,13,6,6,5.4247562942579215,4.826756294257922,-0.5979999999999999,9.420952796936035,0.28800515147611494,90,6.0,0.0,0.16000000000000003,0.0,0.16000000000000003,0.0,0.16000000000000003,0.04000000000000001,0.22
chesca_commitment_full_mesh,1453,14,6,0,4.51568725987935,4.51568725987935,0.0,9.420952796936035,0.08600946285504851,90,0.0,0.0,0.0,0.0,0.0,0.0,0.16000000000000003,0.04000000000000001,0.2066666666666667
chesca_commitment_full_mesh,1454,15,6,3,6.326547174064739,6.470161007701121,0.14361383363638147,9.420952796936035,0.03452573672119899,90,0.0,3.0,0.0,0.06,0.0,0.06,0.10000000000000002,0.04000000000000001,0.21666666666666667
chesca_commitment_full_mesh,1455,16,6,1,7.259165426489578,7.1931654264895775,-0.06600000000000072,9.420952796936035,0.10097926357309,90,1.0,0.0,0.02,0.0,0.02,0.0,0.12000000000000002,0.04000000000000001,0.22
chesca_commitment_full_mesh,1456,17,6,0,8.959413305158133,8.959413305158133,0.0,9.420952796936035,0.13579014326186586,90,0.0,0.0,0.0,0.0,0.0,0.0,0.12000000000000002,0.04000000000000001,0.18333333333333335
chesca_commitment_full_mesh,1457,18,6,3,11.631794352678794,11.207794352678794,-0.4239999999999995,9.420952796936035,0.6372097815367154,90,3.0,0.0,0.12,0.0,0.12,0.0,0.24000000000000002,0.059999999999999984,0.19666666666666666
chesca_commitment_full_mesh,1458,19,6,3,14.031816274540006,13.579816274540006,-0.45199999999999996,9.420952796936035,1.338564496017471,90,3.0,0.0,0.12000000000000002,0.0,0.12000000000000002,0.0,0.36,0.08000000000000002,0.19666666666666668
chesca_commitment_full_mesh,1459,20,6,0,13.485547275528475,13.485547275528475,0.0,9.420952796936035,0.5505628446123042,90,0.0,0.0,0.0,0.0,0.0,0.0,0.36,0.08000000000000002,0.19666666666666668
chesca_commitment_full_mesh,1460,21,6,0,11.88548240359991,11.88548240359991,0.0,9.420952796936035,0.5698259461727448,90,0.0,0.0,0.0,0.0,0.0,0.0,0.36,0.08000000000000002,0.19666666666666668
chesca_commitment_full_mesh,1461,22,6,6,10.688274498653199,11.5642744986532,0.8760000000000012,9.420952796936035,-0.05985813877271294,90,0.0,6.0,0.0,0.24000000000000002,0.0,0.24000000000000002,0.12000000000000002,0.040000000000000015,0.2366666666666667
chesca_commitment_full_mesh,1462,23,6,4,9.814026846094018,10.280026846094017,0.4659999999999993,9.484198570251465,-0.09914067941618747,90,0.0,4.0,0.0,0.12,0.0,0.12000000000000001,4.85722573273506e-17,1.3877787807814457e-17,0.25666666666666665
chesca_commitment_full_mesh,1463,24,6,0,9.730115987055614,9.730115987055612,-1.7763568394002505e-15,9.505509376525879,-0.1632956101810665,90,0.0,0.0,0.0,0.0,0.0,0.0,4.85722573273506e-17,1.3877787807814457e-17,0.25666666666666665
chesca_commitment_full_mesh,1464,1,6,0,8.846383838324611,8.846383838324611,0.0,9.529065132141113,-0.2046970253428143,90,0.0,0.0,0.0,0.0,0.0,0.0,4.85722573273506e-17,1.3877787807814457e-17,0.21666666666666667
chesca_commitment_full_mesh,1465,2,6,3,8.043676424742081,8.32167642474208,0.2779999999999987,9.505509376525879,-0.2194869808543254,90,0.0,3.0,0.0,1.3877787807814457e-17,0.0,0.08000000000000002,3.469446951953614e-17,1.3877787807814457e-17,0.19000000000000003
chesca_commitment_full_mesh,1466,3,6,6,6.82712656852262,7.47712656852262,0.6500000000000004,9.505509376525879,-0.24649932141575986,90,0.0,6.0,0.0,3.469446951953614e-17,0.0,0.18000000000000002,0.0,0.0,0.19666666666666666
chesca_commitment_full_mesh,1467,4,6,4,7.071624047582046,7.617624047582045,0.5459999999999994,9.505509376525879,-0.182911108484452,90,0.0,4.0,0.0,0.0,0.0,0.14,0.0,0.0,0.22
chesca_commitment_full_mesh,1468,5,6,1,5.568674826951764,5.648674826951765,0.08000000000000096,9.505509376525879,-0.3562606564267248,90,0.0,1.0,0.0,0.0,0.0,0.02,0.0,0.0,0.22333333333333336
chesca_commitment_full_mesh,1469,6,6,0,5.599703214112738,5.599703214112738,0.0,9.505509376525879,-0.24352085176292879,90,0.0,0.0,0.0,0.0,0.0,0.0,0.0,0.0,0.22333333333333336
chesca_commitment_full_mesh,1470,7,6,6,5.683825164349047,6.052905938742994,0.3690807743939475,9.529065132141113,-0.627345809462867,90,0.0,6.0,0.0,0.0,0.0,0.12000000000000002,0.0,0.0,0.24333333333333332
chesca_commitment_full_mesh,1471,8,6,2,5.083277918540307,5.215277918540307,0.13200000000000056,9.654644966125488,-0.7742854196691067,90,0.0,2.0,0.0,0.0,0.0,0.04000000000000001,0.0,0.0,0.25
chesca_commitment_full_mesh,1472,9,6,0,3.6408949232153214,3.6408949232153223,8.881784197001252e-16,9.654644966125488,-0.11233150596782289,90,0.0,0.0,0.0,0.0,0.0,0.0,0.0,0.0,0.25
chesca_commitment_full_mesh,1473,10,6,0,2.92014711206584,2.92014711206584,0.0,9.654644966125488,-0.08462976747404995,90,0.0,0.0,0.0,0.0,0.0,0.0,0.0,0.0,0.24333333333333332
chesca_commitment_full_mesh,1474,11,6,0,2.496942989649633,2.496942989649633,0.0,9.654644966125488,0.05426126678056083,90,0.0,0.0,0.0,0.0,0.0,0.0,0.0,0.0,0.23666666666666666
chesca_commitment_full_mesh,1475,12,6,1,3.693987750256208,3.731749381691431,0.03776163143522293,9.654644966125488,-0.2729359378528954,90,0.0,1.0,0.0,0.0,0.0,0.02,0.0,0.0,0.24
chesca_commitment_full_mesh,1476,13,6,0,5.335600985117172,5.335600985117172,0.0,9.654644966125488,0.21240080123463767,90,0.0,0.0,0.0,0.0,0.0,0.0,0.0,0.0,0.21333333333333335
chesca_commitment_full_mesh,1477,14,6,3,6.973141411295605,6.761141411295605,-0.21199999999999974,9.654644966125488,0.15006207603748098,90,3.0,0.0,0.06000000000000001,0.0,0.06000000000000001,0.0,0.06000000000000001,0.020000000000000004,0.22333333333333336
chesca_commitment_full_mesh,1478,15,6,3,7.990175406358324,8.182492469038964,0.1923170626806403,9.654644966125488,0.006419989801564913,90,0.0,3.0,0.0,0.06,0.0,0.06,1.3877787807814457e-17,1.3877787807814457e-17,0.22333333333333336
chesca_commitment_full_mesh,1479,16,6,0,8.982933941376945,8.982933941376945,0.0,9.654644966125488,-0.02383458948098556,90,0.0,0.0,0.0,0.0,0.0,0.0,1.3877787807814457e-17,1.3877787807814457e-17,0.22
chesca_commitment_full_mesh,1480,17,6,6,12.650697238880651,12.05269723888065,-0.5980000000000008,9.654644966125488,0.876554386316816,90,6.0,0.0,0.16000000000000003,0.0,0.16000000000000003,0.0,0.16000000000000003,0.04000000000000001,0.24666666666666667
chesca_commitment_full_mesh,1481,18,6,1,14.196479556396786,14.130479556396786,-0.06600000000000072,9.654644966125488,1.2754924975101314,90,1.0,0.0,0.01999999999999999,0.0,0.01999999999999999,0.0,0.18000000000000005,0.04000000000000001,0.22999999999999998
chesca_commitment_full_mesh,1482,19,6,4,14.732358029136352,14.30835802913635,-0.42400000000000126,9.654644966125488,1.3579920472153852,90,4.0,0.0,0.12,0.0,0.12,0.0,0.30000000000000004,0.06000000000000002,0.23
chesca_commitment_full_mesh,1483,20,6,0,13.89346818407683,13.89346818407683,0.0,9.654644966125488,1.0783960079528323,90,0.0,0.0,0.0,0.0,0.0,0.0,0.30000000000000004,0.06000000000000002,0.23
chesca_commitment_full_mesh,1484,21,6,0,12.13832288467849,12.138322884678491,1.7763568394002505e-15,9.654644966125488,0.4229457842338531,90,0.0,0.0,0.0,0.0,0.0,0.0,0.30000000000000004,0.06000000000000002,0.23
chesca_commitment_full_mesh,1485,22,6,6,9.424787338717193,10.300787338717193,0.8759999999999994,9.654644966125488,-0.14408616650122602,90,0.0,6.0,0.0,0.24000000000000002,0.0,0.24000000000000002,0.060000000000000046,0.020000000000000018,0.23
chesca_commitment_full_mesh,1486,23,6,0,9.48305228297034,9.48305228297034,0.0,9.645079612731934,0.045595893560425794,90,0.0,0.0,0.0,0.0,0.0,0.0,0.060000000000000046,0.020000000000000018,0.21
chesca_commitment_full_mesh,1487,24,6,6,9.382319790639396,9.966319790639396,0.5839999999999996,9.645079612731934,-0.16455382476378055,90,0.0,6.0,0.0,0.060000000000000026,0.0,0.16000000000000003,2.0816681711721685e-17,1.3877787807814457e-17,0.2366666666666667
chesca_commitment_full_mesh,1488,1,6,0,10.459483822530233,10.459483822530233,0.0,9.681035995483398,0.3294032041472829,90,0.0,0.0,0.0,0.0,0.0,0.0,2.0816681711721685e-17,1.3877787807814457e-17,0.2366666666666667
chesca_commitment_full_mesh,1489,2,6,0,8.843974198703158,8.84397419870316,1.7763568394002505e-15,9.781058311462402,-0.09010769373878494,90,0.0,0.0,0.0,0.0,0.0,0.0,2.0816681711721685e-17,1.3877787807814457e-17,0.22333333333333336
chesca_commitment_full_mesh,1490,3,6,0,6.647867625443523,6.647867625443523,0.0,9.781058311462402,-0.10491187157569046,90,0.0,0.0,0.0,0.0,0.0,0.0,2.0816681711721685e-17,1.3877787807814457e-17,0.19333333333333336
chesca_commitment_full_mesh,1491,4,6,0,6.287735421148738,6.287735421148737,-8.881784197001252e-16,9.781058311462402,0.0005951178617264394,90,0.0,0.0,0.0,0.0,0.0,0.0,2.0816681711721685e-17,1.3877787807814457e-17,0.17
chesca_commitment_full_mesh,1492,5,6,0,5.763805075038434,5.763805075038435,8.881784197001252e-16,9.781058311462402,0.008217285793417739,90,0.0,0.0,0.0,0.0,0.0,0.0,2.0816681711721685e-17,1.3877787807814457e-17,0.16666666666666666
chesca_commitment_full_mesh,1493,6,6,6,6.24724023263864,5.503240232638641,-0.7439999999999989,9.781058311462402,0.10996227560839247,90,6.0,0.0,0.2,0.0,0.2,0.0,0.20000000000000004,0.04000000000000001,0.19999999999999998
chesca_commitment_full_mesh,1494,7,6,0,5.618944018106588,5.618944018106588,0.0,9.781058311462402,0.10152223897233532,90,0.0,0.0,0.0,0.0,0.0,0.0,0.20000000000000004,0.04000000000000001,0.18000000000000002
chesca_commitment_full_mesh,1495,8,6,6,5.241193533981948,5.8736933405594565,0.632499806577508,9.781058311462402,0.004202239395348223,90,0.0,6.0,0.0,0.2,0.0,0.20000000000000004,1.734723475976807e-17,1.0408340855860843e-17,0.20666666666666667
chesca_commitment_full_mesh,1496,9,6,0,4.875472978809442,4.875472978809442,0.0,9.781058311462402,-0.0413737297393415,90,0.0,0.0,0.0,0.0,0.0,0.0,1.734723475976807e-17,1.0408340855860843e-17,0.20666666666666667
chesca_commitment_full_mesh,1497,10,6,2,4.538382754609186,4.684382754609185,0.14599999999999902,9.781058311462402,-0.09184959792129466,90,0.0,2.0,0.0,0.0,0.0,0.04000000000000001,1.734723475976807e-17,1.0408340855860843e-17,0.21333333333333335
chesca_commitment_full_mesh,1498,11,6,0,6.231149964883269,6.231149964883269,0.0,9.781058311462402,0.04930899557476814,90,0.0,0.0,0.0,0.0,0.0,0.0,1.734723475976807e-17,1.0408340855860843e-17,0.21333333333333335
chesca_commitment_full_mesh,1499,12,6,0,4.183366212886758,4.183366212886758,0.0,9.781058311462402,0.004203475141432754,90,0.0,0.0,0.0,0.0,0.0,0.0,1.734723475976807e-17,1.0408340855860843e-17,0.21
chesca_commitment_full_mesh,1500,13,6,0,5.227920949492157,5.227920949492157,0.0,9.781058311462402,-0.05440458388410064,90,0.0,0.0,0.0,0.0,0.0,0.0,1.734723475976807e-17,1.0408340855860843e-17,0.21
chesca_commitment_full_mesh,1501,14,6,3,3.5951698714451266,3.744506804621297,0.14933693317617047,9.781058311462402,-0.115242741794945,90,0.0,3.0,0.0,1.734723475976807e-17,0.0,0.06,0.0,0.0,0.21
chesca_commitment_full_mesh,1502,15,6,3,5.1139954351258,4.9019954351258,-0.21200000000000063,9.781058311462402,0.17764769703954597,90,3.0,0.0,0.06000000000000001,0.0,0.06000000000000001,0.0,0.06000000000000001,0.020000000000000004,0.21
chesca_commitment_full_mesh,1503,16,6,0,4.757870164393596,4.757870164393595,-8.881784197001252e-16,9.781058311462402,0.2983332761706547,90,0.0,0.0,0.0,0.0,0.0,0.0,0.06000000000000001,0.020000000000000004,0.21
chesca_commitment_full_mesh,1504,17,6,0,5.845340660055929,5.845340660055929,0.0,9.781058311462402,0.2774401298870854,90,0.0,0.0,0.0,0.0,0.0,0.0,0.06000000000000001,0.020000000000000004,0.18333333333333332
chesca_commitment_full_mesh,1505,18,6,3,7.550687770484561,7.306024722694036,-0.2446630477905254,9.681035995483398,0.36011354555249525,90,3.0,0.0,0.08,0.0,0.08,0.0,0.14,0.04000000000000001,0.19333333333333333
chesca_commitment_full_mesh,1506,19,6,4,7.937983990138561,8.22998399013856,0.2919999999999989,9.561320304870605,0.03441594033727088,90,0.0,4.0,0.0,0.08,0.0,0.08,0.06000000000000001,0.04000000000000001,0.18666666666666668
chesca_commitment_full_mesh,1507,20,6,2,8.413336788501292,8.531569341702069,0.11823255320077664,9.505509376525879,-0.017609258542057256,90,0.0,2.0,0.0,0.04,0.0,0.04,0.020000000000000007,0.020000000000000007,0.19333333333333336
chesca_commitment_full_mesh,1508,21,6,0,8.534420995155378,8.534420995155378,0.0,9.484198570251465,0.06764444699911201,90,0.0,0.0,0.0,0.0,0.0,0.0,0.020000000000000007,0.020000000000000007,0.19333333333333336
chesca_commitment_full_mesh,1509,22,6,6,8.03432921430593,8.66949467063163,0.6351654563256997,9.484198570251465,-0.696179096182093,90,0.0,6.0,0.0,0.020000000000000004,0.0,0.18000000000000005,3.469446951953614e-18,3.469446951953614e-18,0.18333333333333335
chesca_commitment_full_mesh,1510,23,6,5,7.428813126111153,7.946937305604449,0.518124179493296,9.420952796936035,-0.11520407616044097,90,0.0,5.0,0.0,0.0,0.0,0.16000000000000003,3.469446951953614e-18,3.469446951953614e-18,0.21
chesca_commitment_full_mesh,1511,24,6,2,7.460804808905193,7.567070753992972,0.1062659450877792,9.396468162536621,-0.15019655265110088,90,0.0,2.0,0.0,0.0,0.0,0.04000000000000001,3.469446951953614e-18,3.469446951953614e-18,0.18999999999999997
chesca_commitment_full_mesh,1512,1,6,6,8.002560047263822,7.3385600472638215,-0.6640000000000006,9.28051471710205,0.09041047680526217,90,6.0,0.0,0.18000000000000005,0.0,0.18000000000000005,0.0,0.18000000000000005,0.04000000000000001,0.22
chesca_commitment_full_mesh,1513,2,6,0,7.690180045627807,7.690180045627808,8.881784197001252e-16,9.187613487243652,0.08830831627983851,90,0.0,0.0,0.0,0.0,0.0,0.0,0.18000000000000005,0.04000000000000001,0.22
chesca_commitment_full_mesh,1514,3,6,6,6.10206936967986,6.507040674746751,0.4049713050668906,9.178093910217285,-0.015894565845590708,90,0.0,6.0,0.0,0.12000000000000002,0.0,0.12000000000000002,0.06000000000000001,0.020000000000000004,0.24000000000000002
chesca_commitment_full_mesh,1515,4,6,0,5.556851612406197,5.556851612406196,-8.881784197001252e-16,9.178093910217285,0.0544466498807073,90,0.0,0.0,0.0,0.0,0.0,0.0,0.06000000000000001,0.020000000000000004,0.24000000000000002
chesca_commitment_full_mesh,1516,5,6,3,5.192095899097784,5.357485714669873,0.1653898155720892,9.178093910217285,-0.021567063215443577,90,0.0,3.0,0.0,0.06000000000000001,0.0,0.06000000000000001,3.469446951953614e-18,3.469446951953614e-18,0.25
chesca_commitment_full_mesh,1517,6,6,0,5.29588467276296,5.29588467276296,0.0,9.178093910217285,0.0556850590992683,90,0.0,0.0,0.0,0.0,0.0,0.0,3.469446951953614e-18,3.469446951953614e-18,0.21666666666666667
chesca_commitment_full_mesh,1518,7,6,5,4.4014122163727105,4.646466651561805,0.2450544351890942,9.28051471710205,-0.6019607410306644,90,0.0,5.0,0.0,0.0,0.0,0.1,3.469446951953614e-18,3.469446951953614e-18,0.23333333333333336
chesca_commitment_full_mesh,1519,8,6,0,3.7522717354112936,3.752271735411293,-4.440892098500626e-16,9.28051471710205,0.08902717174747435,90,0.0,0.0,0.0,0.0,0.0,0.0,3.469446951953614e-18,3.469446951953614e-18,0.19999999999999998
chesca_commitment_full_mesh,1520,9,6,4,5.028434256140482,4.576434256140483,-0.45199999999999907,9.28051471710205,0.1705239844218929,90,4.0,0.0,0.12000000000000002,0.0,0.12000000000000002,0.0,0.12000000000000002,0.04,0.22
chesca_commitment_full_mesh,1521,10,6,0,3.2469507417224657,3.2469507417224657,0.0,9.28051471710205,0.06225835051173628,90,0.0,0.0,0.0,0.0,0.0,0.0,0.12000000000000002,0.04,0.21333333333333335
chesca_commitment_full_mesh,1522,11,6,2,3.5410423896722256,3.6259793705538828,0.08493698088165713,9.28051471710205,0.040516862741172915,90,0.0,2.0,0.0,0.04,0.0,0.04,0.08000000000000002,0.04,0.22
chesca_commitment_full_mesh,1523,12,6,3,1.0871098186146755,1.2133960779375776,0.12628625932290216,9.28051471710205,-0.023907512305975112,90,0.0,3.0,0.0,0.06,0.0,0.06,0.020000000000000007,0.02,0.23
chesca_commitment_full_mesh,1524,13,6,0,3.9259045781152038,3.9259045781152038,0.0,9.28051471710205,0.12250170092528806,90,0.0,0.0,0.0,0.0,0.0,0.0,0.020000000000000007,0.02,0.23
chesca_commitment_full_mesh,1525,14,6,0,4.429574645888831,4.429574645888831,0.0,9.28051471710205,0.0769227281037822,90,0.0,0.0,0.0,0.0,0.0,0.0,0.020000000000000007,0.02,0.22
chesca_commitment_full_mesh,1526,15,6,0,4.710170556015848,4.710170556015848,0.0,9.28051471710205,0.0734628135081693,90,0.0,0.0,0.0,0.0,0.0,0.0,0.020000000000000007,0.02,0.21
chesca_commitment_full_mesh,1527,16,6,4,6.907213297748685,6.533077191053238,-0.37413610669544717,9.178093910217285,0.6003388416983665,90,4.0,0.0,0.12000000000000002,0.0,0.12000000000000002,0.0,0.14,0.04000000000000001,0.23
chesca_commitment_full_mesh,1528,17,6,0,7.7604279600851225,7.7604279600851225,0.0,9.153675079345703,0.4669984338583522,90,0.0,0.0,0.0,0.0,0.0,0.0,0.14,0.04000000000000001,0.23
chesca_commitment_full_mesh,1529,18,6,0,9.391292150984777,9.391292150984775,-1.7763568394002505e-15,9.153675079345703,0.5159824891866487,90,0.0,0.0,0.0,0.0,0.0,0.0,0.14,0.04000000000000001,0.21666666666666667
chesca_commitment_full_mesh,1530,19,6,0,9.498595357715569,9.498595357715569,0.0,9.13408088684082,0.1759626588101338,90,0.0,0.0,0.0,0.0,0.0,0.0,0.14,0.04000000000000001,0.20333333333333334
chesca_commitment_full_mesh,1531,20,6,5,8.793440678606752,9.377440678606751,0.5839999999999996,9.13408088684082,-0.21634633689008884,90,0.0,5.0,0.0,0.13999999999999999,0.0,0.16,2.0816681711721685e-17,6.938893903907228e-18,0.22333333333333336
chesca_commitment_full_mesh,1532,21,6,6,7.785675211481639,8.369675211481638,0.5839999999999996,9.13408088684082,-0.7030028252029299,90,0.0,6.0,0.0,2.0816681711721685e-17,0.0,0.16,0.0,0.0,0.25
chesca_commitment_full_mesh,1533,22,6,0,7.597862334883123,7.597862334883122,-8.881784197001252e-16,9.11473560333252,0.024213188572866327,90,0.0,0.0,0.0,0.0,0.0,0.0,0.0,0.0,0.22
chesca_commitment_full_mesh,1534,23,6,1,6.974868205034996,6.894868205034996,-0.08000000000000007,9.040007591247559,0.0788072370099081,90,1.0,0.0,0.020000000000000004,0.0,0.020000000000000004,0.0,0.020000000000000004,0.020000000000000004,0.19666666666666668
chesca_commitment_full_mesh,1535,24,6,3,8.475157642196779,8.07915764219678,-0.395999999999999,8.918932914733887,0.17241658259981404,90,3.0,0.0,0.12000000000000001,0.0,0.12000000000000001,0.0,0.14,0.04000000000000001,0.21
chesca_commitment_full_mesh,1536,1,6,4,8.51256170239728,8.85656170239728,0.3439999999999994,8.965771675109863,-0.015011177441312064,90,0.0,4.0,0.0,0.09999999999999998,0.0,0.09999999999999999,0.04000000000000003,0.020000000000000018,0.19666666666666666
chesca_commitment_full_mesh,1537,2,6,2,7.4745435735334365,7.606543573533436,0.13199999999999967,8.965771675109863,-0.05501976014831422,90,0.0,2.0,0.0,0.04000000000000001,0.0,0.04000000000000001,2.0816681711721685e-17,1.3877787807814457e-17,0.20333333333333334
chesca_commitment_full_mesh,1538,3,6,3,5.49306472316769,5.893064723167689,0.39999999999999947,8.965771675109863,-0.08248181060612472,90,0.0,3.0,0.0,0.0,0.0,0.10000000000000002,2.0816681711721685e-17,1.3877787807814457e-17,0.19999999999999998
chesca_commitment_full_mesh,1539,4,6,0,5.39490040644925,5.394900406449249,-8.881784197001252e-16,8.965771675109863,0.03753278475846426,90,0.0,0.0,0.0,0.0,0.0,0.0,2.0816681711721685e-17,1.3877787807814457e-17,0.19999999999999998
chesca_commitment_full_mesh,1540,5,6,5,5.452377447474101,5.000377447474101,-0.45199999999999996,8.965771675109863,0.09779096469917138,90,5.0,0.0,0.12000000000000001,0.0,0.12000000000000001,0.0,0.12000000000000002,0.04,0.21
chesca_commitment_full_mesh,1541,6,6,0,6.200978593000578,6.200978593000578,0.0,8.965771675109863,0.17731649983580167,90,0.0,0.0,0.0,0.0,0.0,0.0,0.12000000000000002,0.04,0.21
chesca_commitment_full_mesh,1542,7,6,0,5.723258724659591,5.723258724659591,0.0,8.965771675109863,0.1964568123203072,90,0.0,0.0,0.0,0.0,0.0,0.0,0.12000000000000002,0.04,0.19333333333333333
chesca_commitment_full_mesh,1543,8,6,6,4.200544835085087,4.509630310809457,0.30908547572436973,8.965771675109863,-0.14362851721636602,90,0.0,6.0,0.0,0.12000000000000002,0.0,0.14,6.938893903907228e-18,6.938893903907228e-18,0.21666666666666667
chesca_commitment_full_mesh,1544,9,6,0,3.087638578249877,3.0876385782498774,4.440892098500626e-16,8.965771675109863,0.0023751379990384763,90,0.0,0.0,0.0,0.0,0.0,0.0,6.938893903907228e-18,6.938893903907228e-18,0.19666666666666666
chesca_commitment_full_mesh,1545,10,6,4,3.257907227058138,3.433242292248606,0.17533506519046815,8.965771675109863,-0.10763507347453241,90,0.0,4.0,0.0,0.0,0.0,0.08,6.938893903907228e-18,6.938893903907228e-18,0.21
chesca_commitment_full_mesh,1546,11,6,3,4.01230805189107,3.7863080518910697,-0.22600000000000042,8.965771675109863,0.08385422538247567,90,3.0,0.0,0.06,0.0,0.06,0.0,0.06000000000000001,0.02,0.21333333333333335
chesca_commitment_full_mesh,1547,12,6,5,6.405344918547508,6.757939924986632,0.3525950064391239,8.965771675109863,-0.5725077572339823,90,0.0,5.0,0.0,0.06,0.0,0.1,6.938893903907228e-18,6.938893903907228e-18,0.22
chesca_commitment_full_mesh,1548,13,6,0,5.904738156353742,5.904738156353742,0.0,8.965771675109863,0.0241507008594828,90,0.0,0.0,0.0,0.0,0.0,0.0,6.938893903907228e-18,6.938893903907228e-18,0.22
chesca_commitment_full_mesh,1549,14,6,1,5.494239412775273,5.532157604851152,0.0379181920758791,8.965771675109863,-0.10311421976346218,90,0.0,1.0,0.0,0.0,0.0,0.02,6.938893903907228e-18,6.938893903907228e-18,0.22333333333333336
chesca_commitment_full_mesh,1550,15,6,0,7.0817387347179,7.081738734717901,8.881784197001252e-16,8.881152153015137,0.22562694359699356,90,0.0,0.0,0.0,0.0,0.0,0.0,6.938893903907228e-18,6.938893903907228e-18,0.22333333333333336
chesca_commitment_full_mesh,1551,16,6,0,8.134722469776149,8.134722469776149,0.0,8.965771675109863,-0.0617340899810734,90,0.0,0.0,0.0,0.0,0.0,0.0,6.938893903907228e-18,6.938893903907228e-18,0.20333333333333334
chesca_commitment_full_mesh,1552,17,6,6,10.90775918037647,10.17775918037647,-0.7300000000000004,8.965771675109863,0.7881872013737753,90,6.0,0.0,0.20000000000000007,0.0,0.20000000000000007,0.0,0.20000000000000007,0.040000000000000015,0.2366666666666667
chesca_commitment_full_mesh,1553,18,6,5,12.8543421886221,12.402342188622098,-0.45200000000000173,8.965771675109863,1.5169138309262589,90,5.0,0.0,0.12000000000000001,0.0,0.12000000000000001,0.0,0.32000000000000006,0.06000000000000002,0.25666666666666665
chesca_commitment_full_mesh,1554,19,6,0,14.36618082695212,14.36618082695212,0.0,8.965771675109863,1.6720482467806728,90,0.0,0.0,0.0,0.0,0.0,0.0,0.32000000000000006,0.06000000000000002,0.25666666666666665
chesca_commitment_full_mesh,1555,20,6,0,10.274092933199018,10.274092933199016,-1.7763568394002505e-15,8.965771675109863,0.07689255100494052,90,0.0,0.0,0.0,0.0,0.0,0.0,0.32000000000000006,0.06000000000000002,0.23
chesca_commitment_full_mesh,1556,21,6,2,9.18467793801545,9.31667793801545,0.13199999999999967,8.965771675109863,0.03734382813289885,90,0.0,2.0,0.0,0.04,0.0,0.04,0.28,0.06000000000000001,0.21
chesca_commitment_full_mesh,1557,22,6,0,9.338521077322785,9.338521077322786,1.7763568394002505e-15,8.881152153015137,0.22452764654439722,90,0.0,0.0,0.0,0.0,0.0,0.0,0.28,0.06000000000000001,0.21
chesca_commitment_full_mesh,1558,23,6,6,9.298294490075124,10.108294490075124,0.8100000000000005,8.965771675109863,-0.39914239587260797,90,0.0,6.0,0.0,0.22000000000000003,0.0,0.22000000000000003,0.060000000000000046,0.02000000000000001,0.24333333333333332
chesca_commitment_full_mesh,1559,24,6,3,8.21656805190813,8.456568051908132,0.240000000000002,8.965771675109863,-0.19297875317091379,90,0.0,3.0,0.0,0.06000000000000001,0.0,0.06000000000000001,3.122502256758253e-17,1.3877787807814457e-17,0.23333333333333336
chesca_commitment_full_mesh,1560,1,6,0,9.278088650230943,9.278088650230943,0.0,8.881152153015137,0.06973514194437558,90,0.0,0.0,0.0,0.0,0.0,0.0,3.122502256758253e-17,1.3877787807814457e-17,0.21666666666666667
chesca_commitment_full_mesh,1561,2,6,3,8.57658421377389,8.906584213773888,0.3299999999999983,8.881152153015137,-0.1251708429003449,90,0.0,3.0,0.0,1.734723475976807e-17,0.0,0.10000000000000002,1.3877787807814457e-17,6.938893903907228e-18,0.22666666666666668
chesca_commitment_full_mesh,1562,3,6,3,7.5181557994460455,7.782155799446046,0.26400000000000023,8.762970924377441,-0.19060518441768234,90,0.0,3.0,0.0,0.0,0.0,0.08000000000000002,1.3877787807814457e-17,6.938893903907228e-18,0.22333333333333336
chesca_commitment_full_mesh,1563,4,6,0,5.862623248353784,5.862623248353784,0.0,8.762970924377441,-0.20763996809986035,90,0.0,0.0,0.0,0.0,0.0,0.0,1.3877787807814457e-17,6.938893903907228e-18,0.22333333333333336
chesca_commitment_full_mesh,1564,5,6,0,6.410248697073786,6.410248697073786,0.0,8.762970924377441,-0.045955486013429046,90,0.0,0.0,0.0,0.0,0.0,0.0,1.3877787807814457e-17,6.938893903907228e-18,0.20333333333333334
chesca_commitment_full_mesh,1565,6,6,5,6.178247945497152,6.512088357897139,0.3338404123999865,8.762970924377441,-0.20680380654296032,90,0.0,5.0,0.0,1.3877787807814457e-17,0.0,0.1,0.0,0.0,0.22
chesca_commitment_full_mesh,1566,7,6,0,5.443445078040055,5.443445078040056,8.881784197001252e-16,8.762970924377441,0.00792316855220087,90,0.0,0.0,0.0,0.0,0.0,0.0,0.0,0.0,0.22
chesca_commitment_full_mesh,1567,8,6,0,5.610144868829044,5.610144868829043,-8.881784197001252e-16,8.762970924377441,0.10028410334314239,90,0.0,0.0,0.0,0.0,0.0,0.0,0.0,0.0,0.19666666666666666
chesca_commitment_full_mesh,1568,9,6,0,5.1551934925663625,5.155193492566362,-8.881784197001252e-16,8.762970924377441,-0.019049557801434226,90,0.0,0.0,0.0,0.0,0.0,0.0,0.0,0.0,0.19666666666666666
chesca_commitment_full_mesh,1569,10,6,0,5.17523248982603,5.175232489826031,8.881784197001252e-16,8.762970924377441,0.0010820222416146538,90,0.0,0.0,0.0,0.0,0.0,0.0,0.0,0.0,0.18333333333333335
chesca_commitment_full_mesh,1570,11,6,4,5.191316312780726,5.530943948823234,0.3396276360425077,8.685186386108398,-0.09496509450347136,90,0.0,4.0,0.0,0.0,0.0,0.1,0.0,0.0,0.19000000000000003
chesca_commitment_full_mesh,1571,12,6,2,5.250289782222494,5.476289782222494,0.22599999999999998,8.685186386108398,-0.09272513998192844,90,0.0,2.0,0.0,0.0,0.0,0.06,0.0,0.0,0.18333333333333335
chesca_commitment_full_mesh,1572,13,6,5,6.342323304748428,5.730323304748427,-0.612000000000001,8.597620964050293,0.08791281040355958,90,5.0,0.0,0.16000000000000003,0.0,0.16000000000000003,0.0,0.16000000000000003,0.04000000000000001,0.21
chesca_commitment_full_mesh,1573,14,6,0,6.341266178415185,6.341266178415184,-8.881784197001252e-16,8.597620964050293,0.05260751866560406,90,0.0,0.0,0.0,0.0,0.0,0.0,0.16000000000000003,0.04000000000000001,0.20666666666666667
chesca_commitment_full_mesh,1574,15,6,5,5.876902845945422,6.289956126593642,0.4130532806482208,8.597620964050293,-0.02180840277092924,90,0.0,5.0,0.0,0.14,0.0,0.14,0.020000000000000007,0.020000000000000007,0.23
chesca_commitment_full_mesh,1575,16,6,3,6.103906207808131,5.891906207808131,-0.21199999999999974,8.597620964050293,0.40415820625481425,90,3.0,0.0,0.06000000000000001,0.0,0.06000000000000001,0.0,0.08000000000000002,0.020000000000000007,0.24000000000000002
chesca_commitment_full_mesh,1576,17,6,0,7.082510729955365,7.082510729955364,-8.881784197001252e-16,8.56632137298584,0.5372517854478701,90,0.0,0.0,0.0,0.0,0.0,0.0,0.08000000000000002,0.020000000000000007,0.20666666666666667
chesca_commitment_full_mesh,1577,18,6,2,7.923626796629874,7.777626796629874,-0.1459999999999999,8.523136138916016,0.24876157934455934,90,2.0,0.0,0.04000000000000001,0.0,0.04000000000000001,0.0,0.12000000000000002,0.020000000000000007,0.19333333333333333
chesca_commitment_full_mesh,1578,19,6,6,8.758144152427295,9.167932185237635,0.40978803281034004,8.523136138916016,-0.012860610643307839,90,0.0,6.0,0.0,0.12000000000000002,0.0,0.12000000000000002,6.938893903907228e-18,3.469446951953614e-18,0.21333333333333335
chesca_commitment_full_mesh,1579,20,6,3,7.638308463166213,7.864308463166214,0.22600000000000087,8.472569465637207,-0.09163259570480753,90,0.0,3.0,0.0,6.938893903907228e-18,0.0,0.06000000000000001,0.0,0.0,0.22333333333333336
chesca_commitment_full_mesh,1580,21,6,0,8.952964372114572,8.952964372114572,0.0,8.455499649047852,0.21210044875483616,90,0.0,0.0,0.0,0.0,0.0,0.0,0.0,0.0,0.21666666666666667
chesca_commitment_full_mesh,1581,22,6,0,8.465790026611835,8.465790026611835,0.0,8.384225845336914,0.016054692512853935,90,0.0,0.0,0.0,0.0,0.0,0.0,0.0,0.0,0.21666666666666667
chesca_commitment_full_mesh,1582,23,6,1,8.888850431044443,8.822850431044442,-0.06600000000000072,8.297139167785645,0.11462104989878812,90,1.0,0.0,0.02,0.0,0.02,0.0,0.02,0.02,0.18333333333333335
chesca_commitment_full_mesh,1583,24,6,6,7.585628715228324,8.281244708207893,0.6956159929795689,8.248678207397461,-0.10628267458917005,90,0.0,6.0,0.0,0.02,0.0,0.20000000000000004,0.0,0.0,0.20666666666666667
chesca_commitment_full_mesh,1584,1,6,3,7.9159911986862905,8.116479360727,0.20048816204070974,8.208162307739258,-0.2494834526874355,90,0.0,3.0,0.0,0.0,0.0,0.06000000000000001,0.0,0.0,0.21666666666666667
chesca_commitment_full_mesh,1585,2,6,3,6.623598316159681,6.8237690346995254,0.20017071853984447,8.192087173461914,-0.36285766596337266,90,0.0,3.0,0.0,0.0,0.0,0.06000000000000001,0.0,0.0,0.21000000000000005
chesca_commitment_full_mesh,1586,3,6,3,5.486420024311712,5.78921058005674,0.30279055574502856,8.192087173461914,-0.3920305182699012,90,0.0,3.0,0.0,0.0,0.0,0.10000000000000002,0.0,0.0,0.21333333333333337
chesca_commitment_full_mesh,1587,4,6,3,5.282414424630424,5.510664614577703,0.22825018994727841,8.192087173461914,-0.319005331504167,90,0.0,3.0,0.0,0.0,0.0,0.08,0.0,0.0,0.22666666666666668
chesca_commitment_full_mesh,1588,5,6,0,4.478876855989135,4.478876855989135,0.0,8.192087173461914,-0.3355687208555934,90,0.0,0.0,0.0,0.0,0.0,0.0,0.0,0.0,0.22666666666666668
chesca_commitment_full_mesh,1589,6,6,0,5.18608760810143,5.18608760810143,0.0,8.192087173461914,-0.15754453806006682,90,0.0,0.0,0.0,0.0,0.0,0.0,0.0,0.0,0.21000000000000005
chesca_commitment_full_mesh,1590,7,6,3,4.609567477368085,4.758846689132279,0.14927921176419456,8.192087173461914,-0.14475379369658084,90,0.0,3.0,0.0,0.0,0.0,0.060000000000000005,0.0,0.0,0.22
chesca_commitment_full_mesh,1591,8,6,0,4.29805507612204,4.298055076122039,-8.881784197001252e-16,8.192087173461914,-0.10148906855738134,90,0.0,0.0,0.0,0.0,0.0,0.0,0.0,0.0,0.22
chesca_commitment_full_mesh,1592,9,6,0,4.017898664638213,4.017898664638213,0.0,8.192087173461914,-0.07180197284850026,90,0.0,0.0,0.0,0.0,0.0,0.0,0.0,0.0,0.22
chesca_commitment_full_mesh,1593,10,6,0,2.086786203511987,2.0867862035119864,-4.440892098500626e-16,8.192087173461914,-0.2418746206277668,90,0.0,0.0,0.0,0.0,0.0,0.0,0.0,0.0,0.22
chesca_commitment_full_mesh,1594,11,6,0,2.124257610795868,2.1242576107958677,-4.440892098500626e-16,8.192087173461914,-0.24145136194428485,90,0.0,0.0,0.0,0.0,0.0,0.0,0.0,0.0,0.20333333333333337
chesca_commitment_full_mesh,1595,12,6,0,3.5828291816594993,3.5828291816594997,4.440892098500626e-16,8.192087173461914,0.03610285043213883,90,0.0,0.0,0.0,0.0,0.0,0.0,0.0,0.0,0.19333333333333336
chesca_commitment_full_mesh,1596,13,6,5,3.8240771860653258,4.237115930347148,0.4130387442818222,8.192087173461914,-0.33908140615525706,90,0.0,5.0,0.0,0.0,0.0,0.14,0.0,0.0,0.19000000000000003
chesca_commitment_full_mesh,1597,14,6,5,4.360427134453369,4.771896611254752,0.4114694768013827,8.192087173461914,-0.1562814807312012,90,0.0,5.0,0.0,0.0,0.0,0.14,0.0,0.0,0.21333333333333335
chesca_commitment_full_mesh,1598,15,6,2,7.277524628115929,7.117524628115929,-0.16000000000000014,8.192087173461914,0.13400915089885598,90,2.0,0.0,0.04000000000000001,0.0,0.04000000000000001,0.0,0.04000000000000001,0.020000000000000004,0.19666666666666668
chesca_commitment_full_mesh,1599,16,6,3,7.5228690829645615,7.3108690829645635,-0.21199999999999797,8.170795440673828,0.3637947508640542,90,3.0,0.0,0.06,0.0,0.06,0.0,0.1,0.020000000000000004,0.19666666666666668
chesca_commitment_full_mesh,1600,17,6,1,9.12223580016175,9.056235800161751,-0.06599999999999895,8.192087173461914,0.2027247027779019,90,1.0,0.0,0.020000000000000004,0.0,0.020000000000000004,0.0,0.12000000000000001,0.020000000000000004,0.19999999999999998
chesca_commitment_full_mesh,1601,18,6,6,10.543243502357353,9.945243502357354,-0.597999999999999,8.170795440673828,1.0210603527674627,90,6.0,0.0,0.15999999999999998,0.0,0.15999999999999998,0.0,0.28,0.06000000000000001,0.22
chesca_commitment_full_mesh,1602,19,6,5,12.586855118062632,12.21485511806263,-0.37200000000000166,8.170795440673828,1.447666338651235,90,5.0,0.0,0.10000000000000002,0.0,0.10000000000000002,0.0,0.37999999999999995,0.08000000000000002,0.21666666666666667
chesca_commitment_full_mesh,1603,20,6,0,10.790168595891455,10.790168595891457,1.7763568394002505e-15,8.170795440673828,0.5797800949863426,90,0.0,0.0,0.0,0.0,0.0,0.0,0.37999999999999995,0.08000000000000002,0.20666666666666667
chesca_commitment_full_mesh,1604,21,6,0,11.009982838303506,11.009982838303507,1.7763568394002505e-15,8.170795440673828,0.8355298819359369,90,0.0,0.0,0.0,0.0,0.0,0.0,0.37999999999999995,0.08000000000000002,0.20666666666666667
chesca_commitment_full_mesh,1605,22,6,6,8.81408494539231,9.69008494539231,0.8760000000000012,8.170795440673828,-0.09687728292678227,90,0.0,6.0,0.0,0.24000000000000002,0.0,0.24000000000000002,0.14,0.040000000000000015,0.24666666666666667
chesca_commitment_full_mesh,1606,23,6,0,9.023678428830754,9.023678428830754,0.0,8.170795440673828,0.07988403204749431,90,0.0,0.0,0.0,0.0,0.0,0.0,0.14,0.040000000000000015,0.24333333333333332
chesca_commitment_full_mesh,1607,24,6,0,9.537553773041205,9.537553773041205,0.0,8.170795440673828,0.23453600218093404,90,0.0,0.0,0.0,0.0,0.0,0.0,0.14,0.040000000000000015,0.21
chesca_commitment_full_mesh,1608,1,6,6,8.488084112483492,9.152084112483491,0.6639999999999997,8.170795440673828,-0.09364412642641323,90,0.0,6.0,0.0,0.14,0.0,0.18000000000000005,2.0816681711721685e-17,6.938893903907228e-18,0.23
chesca_commitment_full_mesh,1609,2,6,3,8.110954959119129,8.33695495911913,0.22600000000000087,8.170795440673828,-0.37850876886708007,90,0.0,3.0,0.0,6.938893903907228e-18,0.0,0.06000000000000001,1.3877787807814457e-17,6.938893903907228e-18,0.23
chesca_commitment_full_mesh,1610,3,6,3,6.670580246222716,6.910580246222717,0.2400000000000011,8.170795440673828,-0.4662835621277519,90,0.0,3.0,0.0,6.938893903907228e-18,0.0,0.06000000000000001,6.938893903907228e-18,6.938893903907228e-18,0.22333333333333336
chesca_commitment_full_mesh,1611,4,6,4,6.193658311524252,6.471658311524251,0.2779999999999996,8.1441650390625,-0.3645436285548,90,0.0,4.0,0.0,6.938893903907228e-18,0.0,0.08000000000000002,0.0,0.0,0.22333333333333336
chesca_commitment_full_mesh,1612,5,6,3,5.501525452594057,5.683746661163767,0.18222120856970925,8.1441650390625,-0.3786558977245442,90,0.0,3.0,0.0,0.0,0.0,0.06000000000000001,0.0,0.0,0.23333333333333336
chesca_commitment_full_mesh,1613,6,6,0,5.787240165381519,5.787240165381519,0.0,8.1441650390625,-0.326933075066642,90,0.0,0.0,0.0,0.0,0.0,0.0,0.0,0.0,0.23333333333333336
chesca_commitment_full_mesh,1614,7,6,1,5.587872844412806,5.653872844412806,0.06599999999999984,8.1441650390625,-0.3996477837272987,90,0.0,1.0,0.0,0.0,0.0,0.02,0.0,0.0,0.22666666666666668
chesca_commitment_full_mesh,1615,8,6,0,5.2701469768800955,5.2701469768800955,0.0,8.1441650390625,-0.07124547225914821,90,0.0,0.0,0.0,0.0,0.0,0.0,0.0,0.0,0.22666666666666668
chesca_commitment_full_mesh,1616,9,6,1,3.4785890226100995,3.5163509943945415,0.03776197178444196,8.1441650390625,-0.26238107807142436,90,0.0,1.0,0.0,0.0,0.0,0.02,0.0,0.0,0.23
chesca_commitment_full_mesh,1617,10,6,0,3.091649921133314,3.0916499211333135,-4.440892098500626e-16,8.1441650390625,-0.15182495552943717,90,0.0,0.0,0.0,0.0,0.0,0.0,0.0,0.0,0.23
chesca_commitment_full_mesh,1618,11,6,1,1.4117679691959726,1.4917679691959722,0.07999999999999963,8.1441650390625,-0.3161535645961557,90,0.0,1.0,0.0,0.0,0.0,0.02,0.0,0.0,0.23333333333333336
chesca_commitment_full_mesh,1619,12,6,0,2.899432194267985,2.8994321942679853,4.440892098500626e-16,8.1441650390625,-0.029674242256865102,90,0.0,0.0,0.0,0.0,0.0,0.0,0.0,0.0,0.23333333333333336
chesca_commitment_full_mesh,1620,13,6,0,4.5571324790889225,4.557132479088923,8.881784197001252e-16,8.1441650390625,0.13131632523096246,90,0.0,0.0,0.0,0.0,0.0,0.0,0.0,0.0,0.21
chesca_commitment_full_mesh,1621,14,6,4,4.604402942441359,4.825926035137196,0.22152309269583714,8.1441650390625,-0.132157701794142,90,0.0,4.0,0.0,0.0,0.0,0.08,0.0,0.0,0.19999999999999998
chesca_commitment_full_mesh,1622,15,6,3,6.1349144017944415,6.39035836830564,0.2554439665111987,8.1441650390625,-0.09556622662469805,90,0.0,3.0,0.0,0.0,0.0,0.08,0.0,0.0,0.20666666666666667
chesca_commitment_full_mesh,1623,16,6,5,8.635112312644928,8.343112312644926,-0.2920000000000016,8.1441650390625,0.15243278404657112,90,3.0,2.0,0.08000000000000002,0.0,0.08000000000000002,0.08000000000000002,0.08000000000000002,0.04000000000000001,0.22333333333333336
chesca_commitment_full_mesh,1624,17,6,1,9.28316720700695,9.203167207006953,-0.0799999999999983,8.1441650390625,0.3352726841323558,90,1.0,0.0,0.020000000000000004,0.0,0.020000000000000004,0.0,0.10000000000000002,0.04000000000000001,0.22333333333333336
chesca_commitment_full_mesh,1625,18,6,5,10.672897026922783,10.300897026922785,-0.3719999999999981,8.1441650390625,0.746013967262961,90,5.0,0.0,0.1,0.0,0.1,0.0,0.20000000000000004,0.04000000000000001,0.21333333333333335
chesca_commitment_full_mesh,1626,19,6,6,14.478307213990437,13.602307213990436,-0.8760000000000012,8.1441650390625,1.808528653029704,90,6.0,0.0,0.24000000000000005,0.0,0.24000000000000005,0.0,0.44000000000000006,0.08000000000000002,0.23666666666666666
chesca_commitment_full_mesh,1627,20,6,0,12.980966397897273,12.980966397897275,1.7763568394002505e-15,8.1441650390625,1.2370463971026964,90,0.0,0.0,0.0,0.0,0.0,0.0,0.44000000000000006,0.08000000000000002,0.23666666666666666
chesca_commitment_full_mesh,1628,21,6,0,10.623652078562532,10.62365207856253,-1.7763568394002505e-15,8.1441650390625,0.3760253339392553,90,0.0,0.0,0.0,0.0,0.0,0.0,0.44000000000000006,0.08000000000000002,0.23666666666666666
chesca_commitment_full_mesh,1629,22,6,0,9.802764493664453,9.802764493664453,0.0,8.1441650390625,0.40759580280333046,90,0.0,0.0,0.0,0.0,0.0,0.0,0.44000000000000006,0.08000000000000002,0.19666666666666668
chesca_commitment_full_mesh,1630,23,6,0,9.781228749261189,9.781228749261187,-1.7763568394002505e-15,8.1441650390625,0.1595005175920879,90,0.0,0.0,0.0,0.0,0.0,0.0,0.44000000000000006,0.08000000000000002,0.19666666666666668
chesca_commitment_full_mesh,1631,24,6,0,10.581677099909278,10.581677099909278,0.0,8.1441650390625,0.6730522662243867,90,0.0,0.0,0.0,0.0,0.0,0.0,0.44000000000000006,0.08000000000000002,0.19666666666666668
chesca_commitment_full_mesh,1632,1,6,6,8.628014680509349,9.504014680509346,0.8759999999999977,8.1441650390625,-0.2147804463929022,90,0.0,6.0,0.0,0.24000000000000005,0.0,0.24000000000000005,0.2,0.04000000000000001,0.2066666666666667
chesca_commitment_full_mesh,1633,2,6,6,8.06527553578333,8.80927553578333,0.7439999999999998,8.1441650390625,-0.14127284737515056,90,0.0,6.0,0.0,0.2,0.0,0.20000000000000004,0.0,0.0,0.23
chesca_commitment_full_mesh,1634,3,6,3,7.2860885787408245,7.5120885787408245,0.22599999999999998,8.170795440673828,-0.358553687263676,90,0.0,3.0,0.0,0.0,0.0,0.06000000000000001,0.0,0.0,0.23
chesca_commitment_full_mesh,1635,4,6,2,6.911000478026929,7.071000478026929,0.16000000000000014,8.170795440673828,-0.3095947451981092,90,0.0,2.0,0.0,0.0,0.0,0.04000000000000001,0.0,0.0,0.22333333333333336
chesca_commitment_full_mesh,1636,5,6,2,5.9665705669562605,6.12657056695626,0.15999999999999925,8.170795440673828,-0.3186103601559317,90,0.0,2.0,0.0,0.0,0.0,0.04000000000000001,0.0,0.0,0.22
chesca_commitment_full_mesh,1637,6,6,2,6.221050629893524,6.3530506298935245,0.13200000000000056,8.170795440673828,-0.19982626965091754,90,0.0,2.0,0.0,0.0,0.0,0.04,0.0,0.0,0.22666666666666668
chesca_commitment_full_mesh,1638,7,6,5,5.754986084363811,6.089346917888616,0.33436083352480495,8.170795440673828,-0.6897323772527214,90,0.0,5.0,0.0,0.0,0.0,0.10000000000000002,0.0,0.0,0.24
chesca_commitment_full_mesh,1639,8,6,0,4.757983762289611,4.757983762289611,0.0,8.1441650390625,-0.2122391086712805,90,0.0,0.0,0.0,0.0,0.0,0.0,0.0,0.0,0.24
chesca_commitment_full_mesh,1640,9,6,0,2.0302954101107797,2.0302954101107797,0.0,8.1441650390625,-0.36128000166279395,90,0.0,0.0,0.0,0.0,0.0,0.0,0.0,0.0,0.23666666666666666
chesca_commitment_full_mesh,1641,10,6,0,2.9585288195567117,2.9585288195567117,0.0,8.1441650390625,0.03902587192957052,90,0.0,0.0,0.0,0.0,0.0,0.0,0.0,0.0,0.23666666666666666
chesca_commitment_full_mesh,1642,11,6,0,3.965833973018256,3.965833973018256,0.0,8.1441650390625,-0.0067812865820151,90,0.0,0.0,0.0,0.0,0.0,0.0,0.0,0.0,0.23333333333333336
chesca_commitment_full_mesh,1643,12,6,0,3.618331433327115,3.618331433327115,0.0,8.1441650390625,0.0034219141995349978,90,0.0,0.0,0.0,0.0,0.0,0.0,0.0,0.0,0.23333333333333336
chesca_commitment_full_mesh,1644,13,6,0,4.950201696155834,4.950201696155834,0.0,8.1441650390625,-0.2754396637230413,90,0.0,0.0,0.0,0.0,0.0,0.0,0.0,0.0,0.23333333333333336
chesca_commitment_full_mesh,1645,14,6,0,3.975311441583475,3.975311441583475,0.0,8.1441650390625,-0.03220954464984288,90,0.0,0.0,0.0,0.0,0.0,0.0,0.0,0.0,0.22
chesca_commitment_full_mesh,1646,15,6,3,6.562687864312414,6.350687864312414,-0.21199999999999974,8.1441650390625,0.1571199901948295,90,3.0,0.0,0.06000000000000001,0.0,0.06000000000000001,0.0,0.06000000000000001,0.020000000000000004,0.21666666666666667
chesca_commitment_full_mesh,1647,16,6,0,7.80990688270912,7.809906882709119,-8.881784197001252e-16,8.1441650390625,0.07965151864437577,90,0.0,0.0,0.0,0.0,0.0,0.0,0.06000000000000001,0.020000000000000004,0.19000000000000003
chesca_commitment_full_mesh,1648,17,6,6,11.858316140542723,10.982316140542723,-0.8759999999999994,8.1441650390625,0.8536830438247138,90,6.0,0.0,0.24000000000000002,0.0,0.24000000000000002,0.0,0.30000000000000004,0.06000000000000001,0.22666666666666668
chesca_commitment_full_mesh,1649,18,6,6,13.708964677567737,13.124964677567737,-0.5839999999999996,8.1441650390625,1.892062101260274,90,6.0,0.0,0.16,0.0,0.16,0.0,0.46,0.1,0.2366666666666667
chesca_commitment_full_mesh,1650,19,6,3,15.238927041926466,15.012927041926467,-0.2259999999999991,8.1441650390625,2.2973416872505465,90,3.0,0.0,0.06000000000000001,0.0,0.06000000000000001,0.0,0.52,0.10000000000000002,0.2066666666666667
chesca_commitment_full_mesh,1651,20,6,0,13.338099277898765,13.338099277898765,0.0,8.1441650390625,1.3327432215562747,90,0.0,0.0,0.0,0.0,0.0,0.0,0.52,0.10000000000000002,0.2066666666666667
chesca_commitment_full_mesh,1652,21,6,6,11.522999816120334,12.238999816120335,0.7160000000000011,8.1441650390625,-0.04062617880466198,90,0.0,6.0,0.0,0.2,0.0,0.2,0.32000000000000006,0.06000000000000002,0.24000000000000002
chesca_commitment_full_mesh,1653,22,6,0,10.455523886433886,10.455523886433886,0.0,8.1441650390625,0.3297053423078398,90,0.0,0.0,0.0,0.0,0.0,0.0,0.32000000000000006,0.06000000000000002,0.24000000000000002
chesca_commitment_full_mesh,1654,23,6,0,10.335279983463666,10.335279983463666,0.0,8.1441650390625,0.6392848472550411,90,0.0,0.0,0.0,0.0,0.0,0.0,0.32000000000000006,0.06000000000000002,0.24000000000000002
chesca_commitment_full_mesh,1655,24,6,0,10.355692667144012,10.355692667144012,0.0,8.1441650390625,0.5678020325254742,90,0.0,0.0,0.0,0.0,0.0,0.0,0.32000000000000006,0.06000000000000002,0.24000000000000002
chesca_commitment_full_mesh,1656,1,6,0,10.62754817051507,10.627548170515071,1.7763568394002505e-15,8.1441650390625,0.6401915527968071,90,0.0,0.0,0.0,0.0,0.0,0.0,0.32000000000000006,0.06000000000000002,0.20000000000000004
chesca_commitment_full_mesh,1657,2,6,6,7.984619191456241,8.86061919145624,0.8759999999999994,8.1441650390625,-0.07980430731227338,90,0.0,6.0,0.0,0.24000000000000005,0.0,0.24000000000000005,0.07999999999999999,0.02000000000000001,0.20666666666666667
chesca_commitment_full_mesh,1658,3,6,5,7.1195360456920795,7.57153604569208,0.45200000000000085,8.1441650390625,-0.2966698959746585,90,0.0,5.0,0.0,0.07999999999999996,0.0,0.12000000000000002,1.3877787807814457e-17,6.938893903907228e-18,0.21666666666666667
chesca_commitment_full_mesh,1659,4,6,1,6.711204202785971,6.777204202785971,0.06600000000000072,8.1441650390625,-0.2372185482693951,90,0.0,1.0,0.0,6.938893903907228e-18,0.0,0.020000000000000004,6.938893903907228e-18,6.938893903907228e-18,0.21333333333333335
chesca_commitment_full_mesh,1660,5,6,2,6.0877136551261035,6.247713655126104,0.16000000000000014,8.1441650390625,-0.20850187664637673,90,0.0,2.0,0.0,0.0,0.0,0.04000000000000001,6.938893903907228e-18,6.938893903907228e-18,0.21333333333333335
chesca_commitment_full_mesh,1661,6,6,2,6.282965080505488,6.425762881783342,0.1427978012778537,8.1441650390625,-0.12024326745269814,90,0.0,2.0,0.0,0.0,0.0,0.04000000000000001,6.938893903907228e-18,6.938893903907228e-18,0.21333333333333335
chesca_commitment_full_mesh,1662,7,6,2,5.647917630363059,5.77991763036306,0.13200000000000056,8.1441650390625,-0.12212009112957246,90,0.0,2.0,0.0,0.0,0.0,0.04000000000000001,6.938893903907228e-18,6.938893903907228e-18,0.20333333333333334
chesca_commitment_full_mesh,1663,8,6,5,4.314897100055459,4.562872453966871,0.24797535391141157,8.1441650390625,-0.21977178527637597,90,0.0,5.0,0.0,6.938893903907228e-18,0.0,0.10000000000000002,0.0,0.0,0.22
chesca_commitment_full_mesh,1664,9,6,0,2.6265041622702228,2.6265041622702223,-4.440892098500626e-16,8.1441650390625,-0.29445761287663547,90,0.0,0.0,0.0,0.0,0.0,0.0,0.0,0.0,0.22
chesca_commitment_full_mesh,1665,10,6,0,2.5224116208150464,2.5224116208150464,0.0,8.1441650390625,-0.06486543917112392,90,0.0,0.0,0.0,0.0,0.0,0.0,0.0,0.0,0.22
chesca_commitment_full_mesh,1666,11,6,0,1.7632226735948497,1.7632226735948495,-2.220446049250313e-16,8.1441650390625,-0.10495140469683016,90,0.0,0.0,0.0,0.0,0.0,0.0,0.0,0.0,0.22
chesca_commitment_full_mesh,1667,12,6,0,3.6365388699735615,3.6365388699735615,0.0,8.1441650390625,0.17470120600983802,90,0.0,0.0,0.0,0.0,0.0,0.0,0.0,0.0,0.22
chesca_commitment_full_mesh,1668,13,6,0,4.580123712912222,4.580123712912222,0.0,8.1441650390625,0.1582291284166802,90,0.0,0.0,0.0,0.0,0.0,0.0,0.0,0.0,0.22
chesca_commitment_full_mesh,1669,14,6,0,4.311902886910201,4.311902886910201,0.0,8.1441650390625,-0.05945970121915944,90,0.0,0.0,0.0,0.0,0.0,0.0,0.0,0.0,0.22
chesca_commitment_full_mesh,1670,15,6,0,7.447579534127562,7.447579534127562,0.0,8.1441650390625,0.26100802978030446,90,0.0,0.0,0.0,0.0,0.0,0.0,0.0,0.0,0.21
chesca_commitment_full_mesh,1671,16,6,6,8.446784684520235,8.008784684520235,-0.4380000000000006,8.1441650390625,0.40051305451577573,90,6.0,0.0,0.12000000000000002,0.0,0.12000000000000002,0.0,0.12000000000000002,0.020000000000000004,0.23
chesca_commitment_full_mesh,1672,17,6,5,10.187755903103335,9.815755903103335,-0.3719999999999999,8.1441650390625,0.9951487222930027,90,5.0,0.0,0.09999999999999998,0.0,0.09999999999999998,0.0,0.22000000000000003,0.04000000000000001,0.20666666666666667
chesca_commitment_full_mesh,1673,18,6,6,13.192470730155943,12.316470730155944,-0.8759999999999994,8.170795440673828,1.7858632959735303,90,6.0,0.0,0.24000000000000005,0.0,0.24000000000000005,0.0,0.4600000000000001,0.08000000000000002,0.22
chesca_commitment_full_mesh,1674,19,6,4,16.14620563009218,15.69420563009218,-0.45199999999999996,8.192087173461914,2.4574361084437464,90,4.0,0.0,0.12,0.0,0.12,0.0,0.5800000000000001,0.12000000000000002,0.23
chesca_commitment_full_mesh,1675,20,6,0,13.187091293334959,13.18709129333496,1.7763568394002505e-15,8.192087173461914,1.165782545606448,90,0.0,0.0,0.0,0.0,0.0,0.0,0.5800000000000001,0.12000000000000002,0.23
chesca_commitment_full_mesh,1676,21,6,0,11.343100596688759,11.343100596688759,0.0,8.206713676452637,0.6983388431484057,90,0.0,0.0,0.0,0.0,0.0,0.0,0.5800000000000001,0.12000000000000002,0.19666666666666668
chesca_commitment_full_mesh,1677,22,6,6,8.785134549841121,9.66113454984112,0.8759999999999994,8.206713676452637,-0.06495714881389583,90,0.0,6.0,0.0,0.24000000000000002,0.0,0.24000000000000002,0.3400000000000001,0.08000000000000002,0.2366666666666667
chesca_commitment_full_mesh,1678,23,6,0,9.38675635572175,9.386756355721749,-1.7763568394002505e-15,8.206713676452637,0.20861665002379204,90,0.0,0.0,0.0,0.0,0.0,0.0,0.3400000000000001,0.08000000000000002,0.2366666666666667
chesca_commitment_full_mesh,1679,24,6,0,9.687223654465448,9.687223654465448,0.0,8.206713676452637,0.3069522618577673,90,0.0,0.0,0.0,0.0,0.0,0.0,0.3400000000000001,0.08000000000000002,0.2366666666666667
chesca_commitment_full_mesh,1680,1,6,0,9.750629103481202,9.750629103481202,0.0,8.247492790222168,0.299712447578949,90,0.0,0.0,0.0,0.0,0.0,0.0,0.3400000000000001,0.08000000000000002,0.2366666666666667
chesca_commitment_full_mesh,1681,2,6,6,8.12235614718307,8.998356147183069,0.8759999999999994,8.370920181274414,-0.2456692841138038,90,0.0,6.0,0.0,0.24000000000000005,0.0,0.24000000000000005,0.1,0.040000000000000015,0.2366666666666667
chesca_commitment_full_mesh,1682,3,6,5,7.287180788487567,7.739180788487566,0.45199999999999907,8.452388763427734,-0.25257107865425454,90,0.0,5.0,0.0,0.1,0.0,0.12000000000000001,2.0816681711721685e-17,1.3877787807814457e-17,0.2366666666666667
chesca_commitment_full_mesh,1683,4,6,2,6.969679993300421,7.10167999330042,0.13199999999999967,8.452388763427734,-0.19432318300955814,90,0.0,2.0,0.0,0.0,0.0,0.04000000000000001,2.0816681711721685e-17,1.3877787807814457e-17,0.24000000000000002
chesca_commitment_full_mesh,1684,5,6,0,5.591944847828536,5.591944847828536,0.0,8.452388763427734,-0.28084394051838585,90,0.0,0.0,0.0,0.0,0.0,0.0,2.0816681711721685e-17,1.3877787807814457e-17,0.23333333333333336
chesca_commitment_full_mesh,1685,6,6,0,5.620785238775552,5.620785238775552,0.0,8.452388763427734,-0.11753908211921699,90,0.0,0.0,0.0,0.0,0.0,0.0,2.0816681711721685e-17,1.3877787807814457e-17,0.22666666666666668
chesca_commitment_full_mesh,1686,7,6,0,5.257587917499662,5.257587917499662,0.0,8.370920181274414,-0.06696200931102303,90,0.0,0.0,0.0,0.0,0.0,0.0,2.0816681711721685e-17,1.3877787807814457e-17,0.22
chesca_commitment_full_mesh,1687,8,6,1,4.036729039489458,4.075570161404139,0.0388411219146807,8.370920181274414,-0.353299734434749,90,0.0,1.0,0.0,0.0,0.0,0.02,2.0816681711721685e-17,1.3877787807814457e-17,0.20666666666666667
chesca_commitment_full_mesh,1688,9,6,5,2.5950030505890394,2.8244772543003065,0.22947420371126714,8.370920181274414,-0.25803135026467533,90,0.0,5.0,0.0,6.938893903907228e-18,0.0,0.1,1.3877787807814457e-17,1.3877787807814457e-17,0.22333333333333336
chesca_commitment_full_mesh,1689,10,6,0,0.9230041306777041,0.9230041306777039,-2.220446049250313e-16,8.370920181274414,-0.1737219816775794,90,0.0,0.0,0.0,0.0,0.0,0.0,1.3877787807814457e-17,1.3877787807814457e-17,0.22333333333333336
chesca_commitment_full_mesh,1703,24,6,6,26.72225966407006,25.846259664070057,-0.8760000000000012,8.206713676452637,6.49505221917738,90,6.0,0.0,0.23999999999999988,0.0,0.23999999999999988,0.0,0.23999999999999988,0.039999999999999994,0.26333333333333336
chesca_commitment_full_mesh,1704,1,6,6,11.155508552317201,12.0315085523172,0.8759999999999994,8.206713676452637,-0.23454676675634947,90,0.0,6.0,0.0,0.23999999999999988,0.0,0.24000000000000005,0.0,0.0,0.3033333333333334
chesca_commitment_full_mesh,1705,2,6,0,7.964688553319863,7.964688553319862,-8.881784197001252e-16,8.206713676452637,-0.8266838139398662,90,0.0,0.0,0.0,0.0,0.0,0.0,0.0,0.0,0.3033333333333334
chesca_commitment_full_mesh,1706,3,6,0,7.912833891219879,7.912833891219879,0.0,8.206713676452637,-0.12436417920310236,90,0.0,0.0,0.0,0.0,0.0,0.0,0.0,0.0,0.3033333333333334
chesca_commitment_full_mesh,1707,4,6,0,8.537137786869716,8.537137786869716,0.0,8.247492790222168,-0.08249410147030602,90,0.0,0.0,0.0,0.0,0.0,0.0,0.0,0.0,0.3033333333333334
chesca_commitment_full_mesh,1708,5,6,0,5.4808301046483425,5.4808301046483425,0.0,8.247492790222168,-0.32293385666609076,90,0.0,0.0,0.0,0.0,0.0,0.0,0.0,0.0,0.2833333333333334
chesca_commitment_full_mesh,1709,6,6,0,6.544471136872638,6.544471136872638,0.0,8.247492790222168,0.007283886367976854,90,0.0,0.0,0.0,0.0,0.0,0.0,0.0,0.0,0.26666666666666666
chesca_commitment_full_mesh,1710,7,6,0,5.946764339654019,5.946764339654019,0.0,8.247492790222168,0.004307806140642037,90,0.0,0.0,0.0,0.0,0.0,0.0,0.0,0.0,0.22666666666666668
chesca_commitment_full_mesh,1711,8,6,0,4.38429321926226,4.38429321926226,0.0,8.247492790222168,-0.2776067283768748,90,0.0,0.0,0.0,0.0,0.0,0.0,0.0,0.0,0.20666666666666667
chesca_commitment_full_mesh,1712,9,6,6,5.606851968624039,5.869482674034945,0.2626307054109063,8.370920181274414,-0.6771048878453727,90,0.0,6.0,0.0,0.0,0.0,0.11999999999999998,0.0,0.0,0.22666666666666666
chesca_commitment_full_mesh,1713,10,6,2,4.301721615592653,4.461721615592653,0.16000000000000014,8.452388763427734,-0.5051176589014164,90,0.0,2.0,0.0,0.0,0.0,0.039999999999999994,0.0,0.0,0.2333333333333333
chesca_commitment_full_mesh,1714,11,6,0,3.903538917097539,3.9035389170975394,4.440892098500626e-16,8.461877822875977,-0.5745524988838304,90,0.0,0.0,0.0,0.0,0.0,0.0,0.0,0.0,0.19333333333333333
chesca_commitment_full_mesh,1715,12,6,0,4.550198323805513,4.550198323805512,-8.881784197001252e-16,8.452388763427734,0.03883151098312135,90,0.0,0.0,0.0,0.0,0.0,0.0,0.0,0.0,0.19333333333333333
chesca_commitment_full_mesh,1716,13,6,6,6.741778110696931,6.15777811069693,-0.5840000000000005,8.452388763427734,0.1672028175083234,90,6.0,0.0,0.16,0.0,0.16,0.0,0.16,0.04,0.21999999999999997
chesca_commitment_full_mesh,1717,14,6,0,6.6149932953595805,6.6149932953595805,0.0,8.452388763427734,0.15823809951359838,90,0.0,0.0,0.0,0.0,0.0,0.0,0.16,0.04,0.21999999999999997
chesca_commitment_full_mesh,1718,15,6,0,8.551389799783486,8.551389799783486,0.0,8.452388763427734,0.21369755411765493,90,0.0,0.0,0.0,0.0,0.0,0.0,0.16,0.04,0.17999999999999997
chesca_commitment_full_mesh,1719,16,6,4,10.485100468094398,9.901100468094398,-0.5839999999999996,8.370920181274414,0.8896219990619122,90,4.0,0.0,0.16000000000000003,0.0,0.16000000000000003,0.0,0.32,0.06000000000000001,0.18666666666666665
chesca_commitment_full_mesh,1720,17,6,1,12.957911740774477,12.797911740774477,-0.16000000000000014,8.370920181274414,1.2088853738409342,90,1.0,0.0,0.04000000000000001,0.0,0.04000000000000001,0.0,0.36,0.08000000000000002,0.18666666666666665
chesca_commitment_full_mesh,1721,18,6,3,13.786110908386728,13.414110908386728,-0.3719999999999999,8.370920181274414,1.713587676567267,90,3.0,0.0,0.10000000000000002,0.0,0.10000000000000002,0.0,0.4600000000000001,0.10000000000000002,0.20333333333333334
chesca_commitment_full_mesh,1722,19,6,0,15.550554255671766,15.550554255671766,0.0,8.370920181274414,1.9140712326751455,90,0.0,0.0,0.0,0.0,0.0,0.0,0.4600000000000001,0.10000000000000002,0.20333333333333334
chesca_commitment_full_mesh,1723,20,6,0,12.876781957386498,12.8767819573865,1.7763568394002505e-15,8.370920181274414,0.9372283995297306,90,0.0,0.0,0.0,0.0,0.0,0.0,0.4600000000000001,0.10000000000000002,0.20333333333333334
chesca_commitment_full_mesh,1724,21,6,0,11.710798346373188,11.710798346373187,-1.7763568394002505e-15,8.370920181274414,0.7779479024784088,90,0.0,0.0,0.0,0.0,0.0,0.0,0.4600000000000001,0.10000000000000002,0.19999999999999998
chesca_commitment_full_mesh,1725,22,6,0,10.710360296530409,10.710360296530409,0.0,8.452388763427734,0.44614419217504314,90,0.0,0.0,0.0,0.0,0.0,0.0,0.4600000000000001,0.10000000000000002,0.18333333333333335
chesca_commitment_full_mesh,1726,23,6,0,10.670275062945468,10.67027506294547,1.7763568394002505e-15,8.452388763427734,0.48805015614734576,90,0.0,0.0,0.0,0.0,0.0,0.0,0.4600000000000001,0.10000000000000002,0.18333333333333335
chesca_commitment_full_mesh,1727,24,6,0,9.827657288687897,9.827657288687897,0.0,8.452388763427734,0.21598343392955466,90,0.0,0.0,0.0,0.0,0.0,0.0,0.4600000000000001,0.10000000000000002,0.14333333333333334
chesca_commitment_full_mesh,1728,1,6,0,10.155638100206286,10.155638100206284,-1.7763568394002505e-15,8.452388763427734,0.3782985246880897,90,0.0,0.0,0.0,0.0,0.0,0.0,0.4600000000000001,0.10000000000000002,0.10333333333333333
chesca_commitment_full_mesh,1729,2,6,6,8.793638434300647,9.669638434300648,0.8760000000000012,8.452388763427734,-0.2090355247826365,90,0.0,6.0,0.0,0.24000000000000005,0.0,0.24000000000000005,0.22000000000000003,0.06000000000000001,0.14333333333333334
chesca_commitment_full_mesh,1730,3,6,6,7.337193335995004,8.213193335995005,0.8760000000000003,8.452388763427734,-0.22231139965067623,90,0.0,6.0,0.0,0.20000000000000004,0.0,0.24000000000000005,0.02000000000000001,0.020000000000000004,0.18333333333333335
chesca_commitment_full_mesh,1731,4,6,6,6.881823478250954,7.597427448518509,0.715603970267555,8.452388763427734,-0.17184643515453102,90,0.0,6.0,0.0,0.02000000000000001,0.0,0.20000000000000004,0.0,0.0,0.21666666666666667
chesca_commitment_full_mesh,1732,5,6,2,5.464928284133225,5.5969282841332255,0.13200000000000056,8.452388763427734,-0.22609660475997365,90,0.0,2.0,0.0,0.0,0.0,0.04000000000000001,0.0,0.0,0.22333333333333336
chesca_commitment_full_mesh,1733,6,6,0,5.784628014135265,5.784628014135266,8.881784197001252e-16,8.34533977508545,-0.036210021855899735,90,0.0,0.0,0.0,0.0,0.0,0.0,0.0,0.0,0.22333333333333336
chesca_commitment_full_mesh,1734,7,6,0,5.2580309591239525,5.2580309591239525,0.0,8.34533977508545,-0.015396847765038503,90,0.0,0.0,0.0,0.0,0.0,0.0,0.0,0.0,0.22333333333333336
chesca_commitment_full_mesh,1735,8,6,0,4.658543894907523,4.658543894907524,8.881784197001252e-16,8.34533977508545,-0.04228550847877442,90,0.0,0.0,0.0,0.0,0.0,0.0,0.0,0.0,0.22333333333333336
chesca_commitment_full_mesh,1736,9,6,0,2.8101756631519397,2.8101756631519397,0.0,8.368621826171875,-0.4012048347136628,90,0.0,0.0,0.0,0.0,0.0,0.0,0.0,0.0,0.20333333333333334
chesca_commitment_full_mesh,1737,10,6,5,2.580882625272653,2.8064514129489746,0.2255687876763215,8.368621826171875,-0.11429526356292234,90,0.0,5.0,0.0,0.0,0.0,0.10000000000000002,0.0,0.0,0.21333333333333335
chesca_commitment_full_mesh,1738,11,6,2,3.0662279190876554,3.1867602319143327,0.12053231282667731,8.368621826171875,-0.1410159952495785,90,0.0,2.0,0.0,0.0,0.0,0.04,0.0,0.0,0.22
chesca_commitment_full_mesh,1739,12,6,0,4.660534903883422,4.660534903883422,0.0,8.368621826171875,-0.20288875501810055,90,0.0,0.0,0.0,0.0,0.0,0.0,0.0,0.0,0.22
chesca_commitment_full_mesh,1740,13,6,0,5.9333622265022035,5.933362226502204,8.881784197001252e-16,8.368621826171875,0.24761285216790208,90,0.0,0.0,0.0,0.0,0.0,0.0,0.0,0.0,0.19333333333333333
chesca_commitment_full_mesh,1741,14,6,6,6.257352202714733,5.673352202714733,-0.5839999999999996,8.368621826171875,0.10506203284698817,90,6.0,0.0,0.16000000000000003,0.0,0.16000000000000003,0.0,0.16000000000000003,0.04000000000000001,0.22
chesca_commitment_full_mesh,1742,15,6,0,6.386120149046091,6.386120149046091,0.0,8.368621826171875,0.04969263515214744,90,0.0,0.0,0.0,0.0,0.0,0.0,0.16000000000000003,0.04000000000000001,0.22
chesca_commitment_full_mesh,1743,16,6,0,7.918000795317123,7.918000795317123,0.0,8.368621826171875,0.5312554490198969,90,0.0,0.0,0.0,0.0,0.0,0.0,0.16000000000000003,0.04000000000000001,0.19333333333333336
chesca_commitment_full_mesh,1744,17,6,4,10.623317292850498,10.105317292850499,-0.5179999999999989,8.452388763427734,0.909057884897769,90,4.0,0.0,0.14,0.0,0.14,0.0,0.30000000000000004,0.06000000000000001,0.21
chesca_commitment_full_mesh,1745,18,6,2,12.599674376611821,12.373674376611822,-0.2259999999999991,8.54397964477539,1.4319505375611328,90,2.0,0.0,0.06,0.0,0.06,0.0,0.36,0.08000000000000002,0.20333333333333334
chesca_commitment_full_mesh,1746,19,6,1,14.241566531051884,14.109566531051883,-0.13200000000000145,8.54397964477539,1.6310820279621148,90,1.0,0.0,0.04,0.0,0.04,0.0,0.4,0.08000000000000002,0.21
chesca_commitment_full_mesh,1747,20,6,0,12.48603023729528,12.48603023729528,0.0,8.642563819885254,0.9556514302583689,90,0.0,0.0,0.0,0.0,0.0,0.0,0.4,0.08000000000000002,0.21
chesca_commitment_full_mesh,1748,21,6,0,11.500194351756988,11.500194351756987,-1.7763568394002505e-15,8.674317359924316,0.6970129728866232,90,0.0,0.0,0.0,0.0,0.0,0.0,0.4,0.08000000000000002,0.21
chesca_commitment_full_mesh,1749,22,6,0,10.673981488298335,10.673981488298335,0.0,8.72714614868164,0.5669351063024302,90,0.0,0.0,0.0,0.0,0.0,0.0,0.4,0.08000000000000002,0.21
chesca_commitment_full_mesh,1750,23,6,0,10.827468984609457,10.827468984609457,0.0,8.810267448425293,0.5447449111371654,90,0.0,0.0,0.0,0.0,0.0,0.0,0.4,0.08000000000000002,0.21
chesca_commitment_full_mesh,1751,24,6,0,9.882903891622451,9.882903891622453,1.7763568394002505e-15,8.89543342590332,0.3052510847744919,90,0.0,0.0,0.0,0.0,0.0,0.0,0.4,0.08000000000000002,0.21
chesca_commitment_full_mesh,1752,1,6,0,9.634238239228683,9.634238239228681,-1.7763568394002505e-15,8.945574760437012,0.23299322295646557,90,0.0,0.0,0.0,0.0,0.0,0.0,0.4,0.08000000000000002,0.21
chesca_commitment_full_mesh,1753,2,6,2,8.779395924419491,9.019395924419491,0.2400000000000002,9.009759902954102,0.022360950107329858,90,0.0,2.0,0.0,0.06000000000000001,0.0,0.06000000000000001,0.34,0.08000000000000002,0.18000000000000002
chesca_commitment_full_mesh,1754,3,6,6,7.379177811908219,8.17517781190822,0.7960000000000012,9.009759902954102,0.02940602974729785,90,0.0,6.0,0.0,0.22000000000000003,0.0,0.22000000000000003,0.12000000000000002,0.04000000000000001,0.17666666666666672
chesca_commitment_full_mesh,1755,4,6,4,6.753887722790443,7.177887722790443,0.4239999999999995,9.009759902954102,0.01866160615931707,90,0.0,4.0,0.0,0.12,0.0,0.12000000000000002,2.0816681711721685e-17,6.938893903907228e-18,0.16333333333333336
chesca_commitment_full_mesh,1756,5,6,0,5.80254741484864,5.8025474148486405,8.881784197001252e-16,9.009759902954102,0.016198094368551547,90,0.0,0.0,0.0,0.0,0.0,0.0,2.0816681711721685e-17,6.938893903907228e-18,0.1566666666666667
chesca_commitment_full_mesh,1757,6,6,6,6.210979545453288,5.334979545453288,-0.8760000000000003,9.009759902954102,0.10245693591678132,90,6.0,0.0,0.24000000000000002,0.0,0.24000000000000002,0.0,0.24000000000000005,0.04000000000000001,0.19666666666666666
chesca_commitment_full_mesh,1758,7,6,0,6.028136780847978,6.028136780847978,0.0,9.009759902954102,0.20980287084214297,90,0.0,0.0,0.0,0.0,0.0,0.0,0.24000000000000005,0.04000000000000001,0.19666666666666666
chesca_commitment_full_mesh,1759,8,6,0,5.54022530420872,5.54022530420872,0.0,9.009759902954102,0.054174726837451725,90,0.0,0.0,0.0,0.0,0.0,0.0,0.24000000000000005,0.04000000000000001,0.19666666666666666
chesca_commitment_full_mesh,1760,9,6,4,4.056501211006843,4.452933720349997,0.3964325093431542,9.009759902954102,0.03808437100533185,90,0.0,4.0,0.0,0.13999999999999999,0.0,0.14,0.10000000000000002,0.04000000000000001,0.22
chesca_commitment_full_mesh,1761,10,6,3,1.3910643099919093,1.539367968153667,0.1483036581617576,9.009759902954102,-0.02552219812705414,90,0.0,3.0,0.0,0.060000000000000005,0.0,0.060000000000000005,0.04000000000000002,0.020000000000000007,0.21333333333333335
chesca_commitment_full_mesh,1762,11,6,2,1.1378000508683646,1.0058000508683644,-0.13200000000000012,9.009759902954102,0.12130988077175163,90,2.0,0.0,0.04,0.0,0.04,0.0,0.08000000000000002,0.020000000000000007,0.21333333333333335
chesca_commitment_full_mesh,1763,12,6,4,3.560984662395537,3.7373103475038176,0.17632568510828062,9.009759902954102,-0.011519758844043687,90,0.0,4.0,0.0,0.08,0.0,0.08000000000000002,1.734723475976807e-17,6.938893903907228e-18,0.22666666666666668
chesca_commitment_full_mesh,1764,13,6,2,4.745763147434593,4.5857631474345935,-0.15999999999999925,9.009759902954102,0.31423709678661865,90,2.0,0.0,0.04000000000000001,0.0,0.04000000000000001,0.0,0.04000000000000002,0.020000000000000007,0.23333333333333336
chesca_commitment_full_mesh,1765,14,6,0,4.186550527621115,4.186550527621115,0.0,9.009759902954102,0.2508522733442015,90,0.0,0.0,0.0,0.0,0.0,0.0,0.04000000000000002,0.020000000000000007,0.20666666666666667
chesca_commitment_full_mesh,1766,15,6,2,6.388086145429382,6.242086145429382,-0.1459999999999999,9.009759902954102,0.2622727070632721,90,2.0,0.0,0.04000000000000001,0.0,0.04000000000000001,0.0,0.08000000000000003,0.02000000000000001,0.21333333333333335
chesca_commitment_full_mesh,1767,16,6,4,8.035323828713462,7.7433238287134625,-0.2919999999999998,9.009759902954102,0.63572960368978,90,4.0,0.0,0.08000000000000002,0.0,0.08000000000000002,0.0,0.16000000000000003,0.04000000000000001,0.22666666666666668
chesca_commitment_full_mesh,1768,17,6,2,10.056816825729463,9.976816825729463,-0.08000000000000007,8.945574760437012,0.9126797536446088,90,1.0,1.0,0.020000000000000004,0.01999999999999999,0.020000000000000004,0.01999999999999999,0.16000000000000003,0.040000000000000015,0.21
chesca_commitment_full_mesh,1769,18,6,5,11.534747280453805,10.950747280453804,-0.5840000000000014,8.945574760437012,1.21281152374738,90,5.0,0.0,0.16000000000000003,0.0,0.16000000000000003,0.0,0.32000000000000006,0.08000000000000002,0.22666666666666668
chesca_commitment_full_mesh,1770,19,6,1,13.980090131456924,13.900090131456924,-0.08000000000000007,8.945574760437012,1.4724222394884086,90,1.0,0.0,0.020000000000000004,0.0,0.020000000000000004,0.0,0.3400000000000001,0.08000000000000002,0.22333333333333336
chesca_commitment_full_mesh,1771,20,6,0,12.233982774019243,12.233982774019243,0.0,8.945574760437012,0.7823299581034926,90,0.0,0.0,0.0,0.0,0.0,0.0,0.3400000000000001,0.08000000000000002,0.22333333333333336
chesca_commitment_full_mesh,1772,21,6,0,11.231446095705031,11.231446095705031,0.0,8.945574760437012,0.6081661586393526,90,0.0,0.0,0.0,0.0,0.0,0.0,0.3400000000000001,0.08000000000000002,0.22333333333333336
chesca_commitment_full_mesh,1773,22,6,0,9.996852939809713,9.996852939809711,-1.7763568394002505e-15,8.945574760437012,0.2848503251720831,90,0.0,0.0,0.0,0.0,0.0,0.0,0.3400000000000001,0.08000000000000002,0.22333333333333336
chesca_commitment_full_mesh,1774,23,6,0,10.141365033538163,10.141365033538163,0.0,9.009759902954102,0.192466776956983,90,0.0,0.0,0.0,0.0,0.0,0.0,0.3400000000000001,0.08000000000000002,0.22333333333333336
chesca_commitment_full_mesh,1775,24,6,0,10.632827568429184,10.632827568429184,0.0,9.118083000183105,0.5233615372644451,90,0.0,0.0,0.0,0.0,0.0,0.0,0.3400000000000001,0.08000000000000002,0.22333333333333336
chesca_commitment_full_mesh,1776,1,6,0,10.362912966864776,10.362912966864775,-1.7763568394002505e-15,9.118083000183105,0.31662885963361087,90,0.0,0.0,0.0,0.0,0.0,0.0,0.3400000000000001,0.08000000000000002,0.22333333333333336
chesca_commitment_full_mesh,1777,2,6,0,9.615055907369232,9.615055907369232,0.0,9.211141586303711,0.14729024476720504,90,0.0,0.0,0.0,0.0,0.0,0.0,0.3400000000000001,0.08000000000000002,0.21333333333333335
chesca_commitment_full_mesh,1778,3,6,3,8.042407568622812,8.348407568622811,0.30599999999999916,9.268738746643066,0.019282846404162363,90,0.0,3.0,0.0,0.08000000000000002,0.0,0.08000000000000002,0.26000000000000006,0.06000000000000002,0.19000000000000003
chesca_commitment_full_mesh,1779,4,6,0,7.692231987588896,7.6922319875888965,8.881784197001252e-16,9.268738746643066,0.11661491132909074,90,0.0,0.0,0.0,0.0,0.0,0.0,0.26000000000000006,0.06000000000000002,0.17
chesca_commitment_full_mesh,1780,5,6,0,6.09829948384213,6.09829948384213,0.0,9.268738746643066,0.041289805857089606,90,0.0,0.0,0.0,0.0,0.0,0.0,0.26000000000000006,0.06000000000000002,0.17
chesca_commitment_full_mesh,1781,6,6,0,6.167475803696882,6.167475803696882,0.0,9.268738746643066,0.18167114148076768,90,0.0,0.0,0.0,0.0,0.0,0.0,0.26000000000000006,0.06000000000000002,0.13
chesca_commitment_full_mesh,1782,7,6,0,5.589305554944589,5.589305554944589,0.0,9.268738746643066,0.1134748991415866,90,0.0,0.0,0.0,0.0,0.0,0.0,0.26000000000000006,0.06000000000000002,0.13
chesca_commitment_full_mesh,1783,8,6,6,5.419435256426819,6.068188298734587,0.6487530423077681,9.332657814025879,-0.3154797071076678,90,0.0,6.0,0.0,0.21999999999999997,0.0,0.24000000000000002,0.040000000000000056,0.020000000000000018,0.17
chesca_commitment_full_mesh,1784,9,6,4,5.317686943967564,4.907686943967564,-0.41000000000000014,9.332657814025879,0.15043670716798324,90,4.0,0.0,0.12000000000000002,0.0,0.12000000000000002,0.0,0.1600000000000001,0.04,0.16666666666666666
chesca_commitment_full_mesh,1785,10,6,0,4.096184573132588,4.096184573132588,0.0,9.332657814025879,0.0868416079244047,90,0.0,0.0,0.0,0.0,0.0,0.0,0.1600000000000001,0.04,0.15666666666666668
chesca_commitment_full_mesh,1786,11,6,0,4.34970462172233,4.34970462172233,0.0,9.332657814025879,0.25643822021208684,90,0.0,0.0,0.0,0.0,0.0,0.0,0.1600000000000001,0.04,0.15000000000000002
chesca_commitment_full_mesh,1787,12,6,0,5.251225282873046,5.251225282873047,8.881784197001252e-16,9.332657814025879,0.24226920621620152,90,0.0,0.0,0.0,0.0,0.0,0.0,0.1600000000000001,0.04,0.1366666666666667
chesca_commitment_full_mesh,1788,13,6,0,4.118278085509218,4.118278085509218,0.0,9.332657814025879,0.15928754439257914,90,0.0,0.0,0.0,0.0,0.0,0.0,0.1600000000000001,0.04,0.13
chesca_commitment_full_mesh,1789,14,6,0,5.443339779908639,5.443339779908639,0.0,9.332657814025879,0.283969507388889,90,0.0,0.0,0.0,0.0,0.0,0.0,0.1600000000000001,0.04,0.13
chesca_commitment_full_mesh,1790,15,6,0,6.974103342699002,6.974103342699001,-8.881784197001252e-16,9.332657814025879,0.35110562472944734,90,0.0,0.0,0.0,0.0,0.0,0.0,0.1600000000000001,0.04,0.12333333333333334
chesca_commitment_full_mesh,1791,16,6,0,8.54665339272282,8.54665339272282,0.0,9.332657814025879,0.2333204054741208,90,0.0,0.0,0.0,0.0,0.0,0.0,0.1600000000000001,0.04,0.11
chesca_commitment_full_mesh,1792,17,6,3,10.816152876614566,10.336152876614566,-0.4800000000000004,9.332657814025879,0.6767180110293609,90,3.0,0.0,0.12000000000000002,0.0,0.12000000000000002,0.0,0.2800000000000001,0.060000000000000026,0.12333333333333334
chesca_commitment_full_mesh,1793,18,6,1,13.561068782703902,13.429068782703903,-0.13199999999999967,9.332657814025879,1.3673307046344532,90,1.0,0.0,0.04000000000000001,0.0,0.04000000000000001,0.0,0.32000000000000006,0.06000000000000003,0.10333333333333333
chesca_commitment_full_mesh,1794,19,6,2,14.71030065662188,14.446300656621881,-0.26399999999999935,9.332657814025879,1.440195084968645,90,2.0,0.0,0.08,0.0,0.08,0.0,0.4000000000000001,0.08,0.11333333333333334
chesca_commitment_full_mesh,1795,20,6,0,13.069880642450773,13.069880642450773,0.0,9.332657814025879,0.8896195757922929,90,0.0,0.0,0.0,0.0,0.0,0.0,0.4000000000000001,0.08,0.11333333333333334
chesca_commitment_full_mesh,1796,21,6,0,11.52542075753212,11.52542075753212,0.0,9.332657814025879,0.48736819337351855,90,0.0,0.0,0.0,0.0,0.0,0.0,0.4000000000000001,0.08,0.11333333333333334
chesca_commitment_full_mesh,1797,22,6,0,10.270413164977452,10.27041316497745,-1.7763568394002505e-15,9.43083667755127,0.25665971686351485,90,0.0,0.0,0.0,0.0,0.0,0.0,0.4000000000000001,0.08,0.11333333333333334
chesca_commitment_full_mesh,1798,23,6,0,10.79182151860163,10.791821518601632,1.7763568394002505e-15,9.43083667755127,0.4617856941070753,90,0.0,0.0,0.0,0.0,0.0,0.0,0.4000000000000001,0.08,0.11333333333333334
chesca_commitment_full_mesh,1799,24,6,0,10.648728616133136,10.648728616133136,0.0,9.43083667755127,0.5709162003921009,90,0.0,0.0,0.0,0.0,0.0,0.0,0.4000000000000001,0.08,0.11333333333333334
chesca_commitment_full_mesh,1800,1,6,6,8.520903533309287,9.396903533309288,0.8760000000000012,9.43083667755127,-0.01707564357974639,90,0.0,6.0,0.0,0.24000000000000005,0.0,0.24000000000000005,0.16000000000000003,0.039999999999999994,0.15333333333333335
chesca_commitment_full_mesh,1801,2,6,6,7.112983787963093,7.682983787963092,0.5699999999999994,9.312721252441406,0.03195217900958816,90,0.0,6.0,0.0,0.16,0.0,0.16000000000000003,4.163336342344337e-17,2.0816681711721685e-17,0.18000000000000002
chesca_commitment_full_mesh,1802,3,6,5,7.002520103510428,6.4045201035104276,-0.5980000000000008,9.312721252441406,0.11065867003694013,90,5.0,0.0,0.16,0.0,0.16,0.0,0.16000000000000003,0.04000000000000002,0.19333333333333336
chesca_commitment_full_mesh,1803,4,6,1,7.111332858595238,7.045332858595238,-0.06599999999999984,9.312721252441406,0.20842309983595086,90,1.0,0.0,0.020000000000000004,0.0,0.020000000000000004,0.0,0.18000000000000005,0.04000000000000002,0.19666666666666668
chesca_commitment_full_mesh,1804,5,6,0,5.787345560480303,5.787345560480303,0.0,9.312721252441406,0.07332274689577732,90,0.0,0.0,0.0,0.0,0.0,0.0,0.18000000000000005,0.04000000000000002,0.19666666666666668
chesca_commitment_full_mesh,1805,6,6,0,6.8469102602066645,6.8469102602066645,0.0,9.312721252441406,0.23529243933899058,90,0.0,0.0,0.0,0.0,0.0,0.0,0.18000000000000005,0.04000000000000002,0.19666666666666668
chesca_commitment_full_mesh,1806,7,6,6,5.60048258175294,6.117321974935174,0.5168393931822344,9.312721252441406,-0.1775043307034632,90,0.0,6.0,0.0,0.18,0.0,0.18,4.85722573273506e-17,2.0816681711721685e-17,0.22666666666666668
chesca_commitment_full_mesh,1807,8,6,0,5.047296892608479,5.04729689260848,8.881784197001252e-16,9.312721252441406,-0.01456679527012672,90,0.0,0.0,0.0,0.0,0.0,0.0,4.85722573273506e-17,2.0816681711721685e-17,0.18666666666666668
chesca_commitment_full_mesh,1808,9,6,6,4.665936131452634,3.9879361314526336,-0.6780000000000004,9.312721252441406,0.16247550342723976,90,6.0,0.0,0.18,0.0,0.18,0.0,0.18000000000000005,0.040000000000000015,0.19666666666666668
chesca_commitment_full_mesh,1809,10,6,0,4.269213224142479,4.269213224142479,0.0,9.312721252441406,0.2261122739859774,90,0.0,0.0,0.0,0.0,0.0,0.0,0.18000000000000005,0.040000000000000015,0.19666666666666668
chesca_commitment_full_mesh,1810,11,6,4,4.485743591612916,4.815989175326641,0.33024558371372503,9.312721252441406,0.03731560582148301,90,0.0,4.0,0.0,0.09999999999999999,0.0,0.09999999999999999,0.08000000000000007,0.040000000000000015,0.21333333333333335
chesca_commitment_full_mesh,1811,12,6,2,4.89418994810554,4.76218994810554,-0.13199999999999967,9.312721252441406,0.15559307289562285,90,2.0,0.0,0.04000000000000001,0.0,0.04000000000000001,0.0,0.12000000000000006,0.040000000000000015,0.22
chesca_commitment_full_mesh,1812,13,6,0,5.184295173068298,5.184295173068298,0.0,9.312721252441406,0.09786609360330116,90,0.0,0.0,0.0,0.0,0.0,0.0,0.12000000000000006,0.040000000000000015,0.22
chesca_commitment_full_mesh,1813,14,6,0,6.424299040743332,6.424299040743331,-8.881784197001252e-16,9.312721252441406,0.17620369661417254,90,0.0,0.0,0.0,0.0,0.0,0.0,0.12000000000000006,0.040000000000000015,0.22
chesca_commitment_full_mesh,1814,15,6,0,7.3635069047952495,7.36350690479525,8.881784197001252e-16,9.312721252441406,0.12007111339820378,90,0.0,0.0,0.0,0.0,0.0,0.0,0.12000000000000006,0.040000000000000015,0.22
chesca_commitment_full_mesh,1815,16,6,0,6.824876475320431,6.824876475320431,0.0,9.312721252441406,0.07502426655137538,90,0.0,0.0,0.0,0.0,0.0,0.0,0.12000000000000006,0.040000000000000015,0.22
chesca_commitment_full_mesh,1816,17,6,4,7.958272713519817,8.215784831859358,0.257512118339541,9.16331958770752,0.014244864272869251,90,0.0,4.0,0.0,0.08000000000000002,0.0,0.08000000000000002,0.04000000000000007,0.02000000000000001,0.21333333333333335
chesca_commitment_full_mesh,1817,18,6,2,9.508516251754797,9.348516251754798,-0.15999999999999837,9.01540756225586,0.2594562283592414,90,1.0,1.0,0.04,0.020000000000000007,0.04,0.04000000000000001,0.06000000000000006,0.04000000000000001,0.22
chesca_commitment_full_mesh,1818,19,6,5,12.201344023658454,11.777344023658454,-0.4239999999999995,9.01540756225586,0.8806129940197902,90,5.0,0.0,0.12,0.0,0.12,0.0,0.18000000000000005,0.04000000000000002,0.22666666666666668
chesca_commitment_full_mesh,1819,20,6,0,10.792563848771316,10.792563848771318,1.7763568394002505e-15,8.945574760437012,0.7234328469013567,90,0.0,0.0,0.0,0.0,0.0,0.0,0.18000000000000005,0.04000000000000002,0.22666666666666668
chesca_commitment_full_mesh,1820,21,6,6,8.48827715166461,9.15227715166461,0.6639999999999997,8.945574760437012,-0.16974219850415717,90,0.0,6.0,0.0,0.17999999999999997,0.0,0.17999999999999997,5.898059818321144e-17,2.0816681711721685e-17,0.25666666666666665
chesca_commitment_full_mesh,1821,22,6,0,7.6466725548691725,7.646672554869172,-8.881784197001252e-16,8.945574760437012,-0.08555573956015373,90,0.0,0.0,0.0,0.0,0.0,0.0,5.898059818321144e-17,2.0816681711721685e-17,0.25666666666666665
chesca_commitment_full_mesh,1822,23,6,0,7.9667424367367135,7.9667424367367135,0.0,8.925108909606934,0.10470986461083163,90,0.0,0.0,0.0,0.0,0.0,0.0,5.898059818321144e-17,2.0816681711721685e-17,0.25666666666666665
chesca_commitment_full_mesh,1823,24,6,0,7.056506147883385,7.056506147883386,8.881784197001252e-16,8.911046028137207,0.016640967533815457,90,0.0,0.0,0.0,0.0,0.0,0.0,5.898059818321144e-17,2.0816681711721685e-17,0.25666666666666665
chesca_commitment_full_mesh,1824,1,6,0,9.390455265168725,9.390455265168725,0.0,8.880441665649414,0.3404162451588863,90,0.0,0.0,0.0,0.0,0.0,0.0,5.898059818321144e-17,2.0816681711721685e-17,0.21666666666666667
chesca_commitment_full_mesh,1825,2,6,0,7.796459090386927,7.796459090386926,-8.881784197001252e-16,8.880441665649414,-0.06393430495239809,90,0.0,0.0,0.0,0.0,0.0,0.0,5.898059818321144e-17,2.0816681711721685e-17,0.19000000000000003
chesca_commitment_full_mesh,1826,3,6,5,5.9871960924544,6.477196092454401,0.4900000000000011,8.810541152954102,-0.086036087449866,90,0.0,5.0,0.0,5.898059818321144e-17,0.0,0.14,0.0,0.0,0.18666666666666665
chesca_commitment_full_mesh,1827,4,6,0,5.73019258189136,5.73019258189136,0.0,8.810541152954102,-0.032839877001708664,90,0.0,0.0,0.0,0.0,0.0,0.0,0.0,0.0,0.18333333333333332
chesca_commitment_full_mesh,1828,5,6,0,5.157136611752138,5.157136611752139,8.881784197001252e-16,8.810541152954102,-0.004729571287033135,90,0.0,0.0,0.0,0.0,0.0,0.0,0.0,0.0,0.18333333333333332
chesca_commitment_full_mesh,1829,6,6,5,5.885143270977876,5.221143270977875,-0.6640000000000006,8.810541152954102,0.1128601987634838,90,5.0,0.0,0.18000000000000002,0.0,0.18000000000000002,0.0,0.18000000000000002,0.04,0.21333333333333335
chesca_commitment_full_mesh,1830,7,6,1,4.918457591602222,4.786457591602222,-0.13200000000000056,8.810541152954102,0.14559590955971036,90,1.0,0.0,0.04,0.0,0.04,0.0,0.22000000000000003,0.04,0.18999999999999997
chesca_commitment_full_mesh,1831,8,6,0,3.6609129064525474,3.6609129064525474,0.0,8.810541152954102,0.05081782226212877,90,0.0,0.0,0.0,0.0,0.0,0.0,0.22000000000000003,0.04,0.18999999999999997
chesca_commitment_full_mesh,1832,9,6,0,4.010719329741924,4.010719329741924,0.0,8.810541152954102,0.1303042533926608,90,0.0,0.0,0.0,0.0,0.0,0.0,0.22000000000000003,0.04,0.16000000000000003
chesca_commitment_full_mesh,1833,10,6,6,0.7205218777716738,0.9904168193636718,0.269894941591998,8.810541152954102,-0.12138891903869271,90,0.0,6.0,0.0,0.22000000000000003,0.0,0.22000000000000003,0.0,0.0,0.19666666666666666
chesca_commitment_full_mesh,1834,11,6,4,2.309411069858741,1.7634110698587404,-0.5460000000000005,8.810541152954102,0.14960860222668876,90,4.0,0.0,0.14,0.0,0.14,0.0,0.14,0.04,0.20333333333333334
chesca_commitment_full_mesh,1835,12,6,2,2.2254650575357644,2.0934650575357643,-0.13200000000000012,8.810541152954102,0.18505047121864077,90,2.0,0.0,0.04,0.0,0.04,0.0,0.18,0.04,0.20333333333333334
chesca_commitment_full_mesh,1836,13,6,0,3.4078721803966703,3.4078721803966707,4.440892098500626e-16,8.810541152954102,0.2257815107436435,90,0.0,0.0,0.0,0.0,0.0,0.0,0.18,0.04,0.20333333333333334
chesca_commitment_full_mesh,1837,14,6,0,2.7747926831177363,2.774792683117736,-4.440892098500626e-16,8.810541152954102,0.09984958676383013,90,0.0,0.0,0.0,0.0,0.0,0.0,0.18,0.04,0.20333333333333334
chesca_commitment_full_mesh,1838,15,6,0,4.7476687233941135,4.747668723394113,-8.881784197001252e-16,8.810541152954102,0.19488076926395853,90,0.0,0.0,0.0,0.0,0.0,0.0,0.18,0.04,0.20333333333333334
chesca_commitment_full_mesh,1839,16,6,0,7.263932681296103,7.263932681296102,-8.881784197001252e-16,8.810541152954102,0.6179516317786171,90,0.0,0.0,0.0,0.0,0.0,0.0,0.18,0.04,0.20333333333333334
chesca_commitment_full_mesh,1840,17,6,0,8.874163259266583,8.874163259266583,0.0,8.880441665649414,0.28469539566526647,90,0.0,0.0,0.0,0.0,0.0,0.0,0.18,0.04,0.19000000000000003
chesca_commitment_full_mesh,1841,18,6,0,10.081216606208038,10.081216606208038,0.0,8.911046028137207,0.27328803202235163,90,0.0,0.0,0.0,0.0,0.0,0.0,0.18,0.04,0.17666666666666667
chesca_commitment_full_mesh,1842,19,6,3,12.282057877441401,11.952057877441401,-0.33000000000000007,8.911046028137207,0.9167312780419423,90,3.0,0.0,0.1,0.0,0.1,0.0,0.28,0.06000000000000001,0.17333333333333334
chesca_commitment_full_mesh,1843,20,6,0,12.256081528663634,12.256081528663636,1.7763568394002505e-15,8.911046028137207,0.8460286973686089,90,0.0,0.0,0.0,0.0,0.0,0.0,0.28,0.06000000000000001,0.17333333333333334
chesca_commitment_full_mesh,1844,21,6,0,11.027541851997375,11.027541851997375,0.0,8.911046028137207,0.42726554728783533,90,0.0,0.0,0.0,0.0,0.0,0.0,0.28,0.06000000000000001,0.14333333333333334
chesca_commitment_full_mesh,1845,22,6,6,8.665893708060239,9.541893708060238,0.8759999999999994,8.911046028137207,-0.1341092314353879,90,0.0,6.0,0.0,0.24000000000000002,0.0,0.24000000000000002,0.04000000000000001,0.02000000000000001,0.18333333333333335
chesca_commitment_full_mesh,1846,23,6,2,8.199642111342925,8.331642111342925,0.13199999999999967,8.880441665649414,-0.039239178807466094,90,0.0,2.0,0.0,0.04,0.0,0.04000000000000001,6.938893903907228e-18,6.938893903907228e-18,0.19000000000000003
chesca_commitment_full_mesh,1847,24,6,4,9.259245372193526,8.647245372193527,-0.6119999999999983,8.810541152954102,0.1523093862061789,90,4.0,0.0,0.16000000000000003,0.0,0.16000000000000003,0.0,0.16000000000000003,0.04000000000000001,0.21666666666666667
chesca_commitment_full_mesh,1848,1,6,0,9.920918140043232,9.920918140043232,0.0,8.810541152954102,0.2984368765317039,90,0.0,0.0,0.0,0.0,0.0,0.0,0.16000000000000003,0.04000000000000001,0.21666666666666667
chesca_commitment_full_mesh,1849,2,6,4,7.968871516198366,8.580871516198364,0.6119999999999983,8.810541152954102,-0.09393606070575777,90,0.0,4.0,0.0,0.16000000000000003,0.0,0.16000000000000003,6.938893903907228e-18,6.938893903907228e-18,0.24333333333333332
chesca_commitment_full_mesh,1850,3,6,0,5.977024242274349,5.977024242274349,0.0,8.7274808883667,-0.17605056802861857,90,0.0,0.0,0.0,0.0,0.0,0.0,6.938893903907228e-18,6.938893903907228e-18,0.21999999999999997
chesca_commitment_full_mesh,1851,4,6,0,6.084427263968189,6.0844272639681884,-8.881784197001252e-16,8.7274808883667,0.05777044206545303,90,0.0,0.0,0.0,0.0,0.0,0.0,6.938893903907228e-18,6.938893903907228e-18,0.21999999999999997
chesca_commitment_full_mesh,1852,5,6,0,5.42228559650884,5.42228559650884,0.0,8.7274808883667,0.00020002478224312448,90,0.0,0.0,0.0,0.0,0.0,0.0,6.938893903907228e-18,6.938893903907228e-18,0.21999999999999997
chesca_commitment_full_mesh,1853,6,6,0,5.87632528660701,5.87632528660701,0.0,8.7274808883667,0.012354942683052567,90,0.0,0.0,0.0,0.0,0.0,0.0,6.938893903907228e-18,6.938893903907228e-18,0.18999999999999997
chesca_commitment_full_mesh,1854,7,6,0,6.783597185835382,6.783597185835382,0.0,8.7274808883667,0.024311092705118137,90,0.0,0.0,0.0,0.0,0.0,0.0,6.938893903907228e-18,6.938893903907228e-18,0.18333333333333335
chesca_commitment_full_mesh,1855,8,6,6,3.716711253899015,4.178225867782625,0.4615146138836099,8.7274808883667,-0.1097855233397921,90,0.0,6.0,0.0,6.938893903907228e-18,0.0,0.16,0.0,0.0,0.21
chesca_commitment_full_mesh,1856,9,6,0,2.9500677060057106,2.950067706005711,4.440892098500626e-16,8.7274808883667,0.04658307872652199,90,0.0,0.0,0.0,0.0,0.0,0.0,0.0,0.0,0.21
chesca_commitment_full_mesh,1857,10,6,0,3.323958905776027,3.323958905776027,0.0,8.7274808883667,0.0188370472865204,90,0.0,0.0,0.0,0.0,0.0,0.0,0.0,0.0,0.17333333333333334
chesca_commitment_full_mesh,1858,11,6,0,2.5107403446864476,2.5107403446864476,0.0,8.7274808883667,-0.022221485674932748,90,0.0,0.0,0.0,0.0,0.0,0.0,0.0,0.0,0.15000000000000002
chesca_commitment_full_mesh,1859,12,6,0,3.907028285607165,3.907028285607165,0.0,8.7274808883667,0.053048081779159165,90,0.0,0.0,0.0,0.0,0.0,0.0,0.0,0.0,0.14333333333333334
chesca_commitment_full_mesh,1860,13,6,6,4.451648815394776,3.5756488153947763,-0.8759999999999999,8.7274808883667,0.14586419607711054,90,6.0,0.0,0.24000000000000005,0.0,0.24000000000000005,0.0,0.24000000000000005,0.04000000000000001,0.18333333333333335
chesca_commitment_full_mesh,1861,14,6,0,5.036741951678084,5.036741951678083,-8.881784197001252e-16,8.7274808883667,0.3128304237197821,90,0.0,0.0,0.0,0.0,0.0,0.0,0.24000000000000005,0.04000000000000001,0.18333333333333335
chesca_commitment_full_mesh,1862,15,6,0,5.735412204616511,5.735412204616511,0.0,8.7274808883667,0.10486728767213425,90,0.0,0.0,0.0,0.0,0.0,0.0,0.24000000000000005,0.04000000000000001,0.18333333333333335
chesca_commitment_full_mesh,1863,16,6,0,7.185098206363106,7.185098206363107,8.881784197001252e-16,8.7274808883667,0.38851059775194874,90,0.0,0.0,0.0,0.0,0.0,0.0,0.24000000000000005,0.04000000000000001,0.18333333333333335
chesca_commitment_full_mesh,1864,17,6,0,7.921957615291948,7.921957615291948,0.0,8.7274808883667,0.33200312860542586,90,0.0,0.0,0.0,0.0,0.0,0.0,0.24000000000000005,0.04000000000000001,0.18333333333333335
chesca_commitment_full_mesh,1865,18,6,0,8.30435739688831,8.30435739688831,0.0,8.7274808883667,0.39608982285653876,90,0.0,0.0,0.0,0.0,0.0,0.0,0.24000000000000005,0.04000000000000001,0.18333333333333335
chesca_commitment_full_mesh,1866,19,6,0,9.345730684296369,9.34573068429637,1.7763568394002505e-15,8.7274808883667,0.24544627900396532,90,0.0,0.0,0.0,0.0,0.0,0.0,0.24000000000000005,0.04000000000000001,0.1666666666666667
chesca_commitment_full_mesh,1867,20,6,0,10.268404364824294,10.268404364824294,0.0,8.810541152954102,0.4671932157826945,90,0.0,0.0,0.0,0.0,0.0,0.0,0.24000000000000005,0.04000000000000001,0.1666666666666667
chesca_commitment_full_mesh,1868,21,6,6,9.514743347223806,10.390743347223806,0.8759999999999994,8.880441665649414,-0.02816761014971689,90,0.0,6.0,0.0,0.24000000000000002,0.0,0.24000000000000002,1.3877787807814457e-17,6.938893903907228e-18,0.2066666666666667
chesca_commitment_full_mesh,1869,22,6,6,7.712087506744698,8.282087506744698,0.5700000000000003,8.911046028137207,-0.758032420554435,90,0.0,6.0,0.0,1.3877787807814457e-17,0.0,0.16,0.0,0.0,0.19333333333333336
chesca_commitment_full_mesh,1870,23,6,5,7.028561732375173,7.518561732375175,0.490000000000002,8.9971923828125,-0.19995706500370367,90,0.0,5.0,0.0,0.0,0.0,0.14,0.0,0.0,0.21
chesca_commitment_full_mesh,1871,24,6,0,7.613224905028897,7.613224905028897,0.0,8.9971923828125,0.016697756475682612,90,0.0,0.0,0.0,0.0,0.0,0.0,0.0,0.0,0.18333333333333335
chesca_commitment_full_mesh,1872,1,6,0,7.9753108176309855,7.9753108176309855,0.0,8.911046028137207,-0.04520282863570416,90,0.0,0.0,0.0,0.0,0.0,0.0,0.0,0.0,0.18333333333333335
chesca_commitment_full_mesh,1873,2,6,6,6.755697607747843,7.565697607747843,0.8100000000000005,8.880441665649414,-0.12723941034631997,90,0.0,6.0,0.0,0.0,0.0,0.22000000000000003,0.0,0.0,0.19333333333333336
chesca_commitment_full_mesh,1874,3,6,4,6.009339836752337,6.6213398367523375,0.6120000000000001,8.880441665649414,-0.12546799499231615,90,0.0,4.0,0.0,0.0,0.0,0.16000000000000003,0.0,0.0,0.22
chesca_commitment_full_mesh,1875,4,6,0,6.085293723040492,6.085293723040492,0.0,8.841699600219727,-0.07129380524548062,90,0.0,0.0,0.0,0.0,0.0,0.0,0.0,0.0,0.22
chesca_commitment_full_mesh,1876,5,6,0,6.190235705636582,6.190235705636582,0.0,8.841699600219727,0.006969892051939059,90,0.0,0.0,0.0,0.0,0.0,0.0,0.0,0.0,0.22
chesca_commitment_full_mesh,1877,6,6,0,6.268853562907794,6.268853562907793,-8.881784197001252e-16,8.841699600219727,0.020972415665918898,90,0.0,0.0,0.0,0.0,0.0,0.0,0.0,0.0,0.22
chesca_commitment_full_mesh,1878,7,6,0,5.413073977382681,5.413073977382681,0.0,8.841699600219727,-0.008982276788491925,90,0.0,0.0,0.0,0.0,0.0,0.0,0.0,0.0,0.22
chesca_commitment_full_mesh,1879,8,6,3,5.704735411390736,5.90924648157255,0.20451107018181425,8.911046028137207,-0.46379175489224667,90,0.0,3.0,0.0,0.0,0.0,0.06000000000000001,0.0,0.0,0.20333333333333334
chesca_commitment_full_mesh,1880,9,6,6,5.655018054920756,6.091080082038571,0.4360620271178153,8.911046028137207,-0.46953134058863244,90,0.0,6.0,0.0,0.0,0.0,0.14,0.0,0.0,0.22666666666666668
chesca_commitment_full_mesh,1881,10,6,0,5.648991299256244,5.648991299256244,0.0,8.841699600219727,-0.09015162001633173,90,0.0,0.0,0.0,0.0,0.0,0.0,0.0,0.0,0.22666666666666668
chesca_commitment_full_mesh,1882,11,6,2,5.311019820196325,5.457019820196326,0.1460000000000008,8.7274808883667,-0.3715487505245565,90,0.0,2.0,0.0,0.0,0.0,0.04,0.0,0.0,0.23333333333333336
chesca_commitment_full_mesh,1883,12,6,0,5.460145864157051,5.460145864157051,0.0,8.7274808883667,0.08456060949910219,90,0.0,0.0,0.0,0.0,0.0,0.0,0.0,0.0,0.23333333333333336
chesca_commitment_full_mesh,1884,13,6,0,6.884938263005459,6.884938263005459,0.0,8.7274808883667,0.022507857404980056,90,0.0,0.0,0.0,0.0,0.0,0.0,0.0,0.0,0.19333333333333336
chesca_commitment_full_mesh,1885,14,6,0,7.281878896679052,7.281878896679052,0.0,8.7274808883667,-0.03561272058356081,90,0.0,0.0,0.0,0.0,0.0,0.0,0.0,0.0,0.19333333333333336
chesca_commitment_full_mesh,1886,15,6,5,9.951937479710377,9.565937479710376,-0.386000000000001,8.841699600219727,0.12682780194899507,90,4.0,1.0,0.10000000000000002,0.0,0.10000000000000002,0.020000000000000018,0.10000000000000002,0.04000000000000001,0.21333333333333337
chesca_commitment_full_mesh,1887,16,6,2,10.603624611879438,10.405624611879437,-0.1980000000000004,8.911046028137207,0.6747835113974492,90,2.0,0.0,0.06,0.0,0.06,0.0,0.16,0.04000000000000001,0.22333333333333336
chesca_commitment_full_mesh,1888,17,6,3,12.876333683450643,12.650333683450643,-0.2259999999999991,8.911046028137207,1.0409159140563624,90,3.0,0.0,0.06000000000000001,0.0,0.06000000000000001,0.0,0.22000000000000003,0.04000000000000001,0.23333333333333336
chesca_commitment_full_mesh,1889,18,6,0,11.239019408208561,11.239019408208561,0.0,8.911046028137207,0.8473919750270484,90,0.0,0.0,0.0,0.0,0.0,0.0,0.22000000000000003,0.04000000000000001,0.23333333333333336
chesca_commitment_full_mesh,1890,19,6,2,12.6549232807654,12.508923280765401,-0.14599999999999902,8.911046028137207,1.1748399813572572,90,2.0,0.0,0.04000000000000001,0.0,0.04000000000000001,0.0,0.26,0.06000000000000001,0.24000000000000002
chesca_commitment_full_mesh,1891,20,6,0,11.356036058097725,11.356036058097725,0.0,8.911046028137207,0.1129102774724192,90,0.0,0.0,0.0,0.0,0.0,0.0,0.26,0.06000000000000001,0.24000000000000002
chesca_commitment_full_mesh,1892,21,6,6,10.642903874041863,11.518903874041865,0.8760000000000012,8.911046028137207,-0.08563276171413245,90,0.0,6.0,0.0,0.24,0.0,0.24000000000000002,0.02000000000000004,0.02000000000000001,0.24000000000000002
chesca_commitment_full_mesh,1893,22,6,4,8.497457848919527,8.803457848919528,0.30600000000000094,8.911046028137207,-0.5710408349508076,90,0.0,4.0,0.0,0.02000000000000002,0.0,0.08000000000000002,1.734723475976807e-17,1.0408340855860843e-17,0.22666666666666668
chesca_commitment_full_mesh,1894,23,6,6,9.06683384152186,9.570833841521859,0.5039999999999996,8.911046028137207,-0.7731098191755941,90,0.0,6.0,0.0,1.734723475976807e-17,0.0,0.14,0.0,0.0,0.22666666666666668
chesca_commitment_full_mesh,1895,24,6,2,8.438906698175442,8.570906698175444,0.13200000000000145,8.8566312789917,-0.20202099825184716,90,0.0,2.0,0.0,0.0,0.0,0.04000000000000001,0.0,0.0,0.2333333333333333
chesca_commitment_full_mesh,1896,1,6,3,10.536979228683482,10.338979228683483,-0.19799999999999862,8.781440734863281,0.4095092353204601,90,3.0,0.0,0.06000000000000001,0.0,0.06000000000000001,0.0,0.06000000000000001,0.020000000000000004,0.24333333333333332
chesca_commitment_full_mesh,1897,2,6,3,9.612217745408305,9.810217745408304,0.19799999999999862,8.781440734863281,-0.0490793856054344,90,0.0,3.0,0.0,0.06000000000000001,0.0,0.06000000000000001,0.0,0.0,0.21666666666666667
chesca_commitment_full_mesh,1898,3,6,5,7.074295261584311,7.4462952615843125,0.37200000000000166,8.781440734863281,-0.4375732021094066,90,0.0,5.0,0.0,0.0,0.0,0.10000000000000002,0.0,0.0,0.20666666666666667
chesca_commitment_full_mesh,1899,4,6,4,7.119521931167996,7.585521931167995,0.4659999999999993,8.781440734863281,-0.21054387529491858,90,0.0,4.0,0.0,0.0,0.0,0.12000000000000002,0.0,0.0,0.22666666666666668
chesca_commitment_full_mesh,1900,5,6,3,6.20153706458616,6.441537064586159,0.23999999999999932,8.781440734863281,-0.3284074497335999,90,0.0,3.0,0.0,0.0,0.0,0.06000000000000001,0.0,0.0,0.2366666666666667
chesca_commitment_full_mesh,1901,6,6,0,6.73163121939704,6.731631219397039,-8.881784197001252e-16,8.781440734863281,-0.16276749185954884,90,0.0,0.0,0.0,0.0,0.0,0.0,0.0,0.0,0.2366666666666667
chesca_commitment_full_mesh,1902,7,6,0,6.129551390317955,6.129551390317955,0.0,8.781440734863281,-0.1802904453210979,90,0.0,0.0,0.0,0.0,0.0,0.0,0.0,0.0,0.2366666666666667
chesca_commitment_full_mesh,1903,8,6,0,5.588175708633292,5.588175708633292,0.0,8.781440734863281,-0.1469897369820056,90,0.0,0.0,0.0,0.0,0.0,0.0,0.0,0.0,0.22666666666666668
chesca_commitment_full_mesh,1904,9,6,5,4.561162241934591,4.91190494407047,0.35074270213587866,8.8566312789917,-0.8751120784396673,90,0.0,5.0,0.0,0.0,0.0,0.10000000000000002,0.0,0.0,0.22
chesca_commitment_full_mesh,1905,10,6,1,3.1445108477375294,3.20687757738716,0.062366729649630415,8.8566312789917,-0.39379849549902124,90,0.0,1.0,0.0,0.0,0.0,0.020000000000000004,0.0,0.0,0.22333333333333336
chesca_commitment_full_mesh,1906,11,6,0,3.127811060266814,3.127811060266814,0.0,8.8566312789917,-0.1279187870606416,90,0.0,0.0,0.0,0.0,0.0,0.0,0.0,0.0,0.21666666666666667
chesca_commitment_full_mesh,1907,12,6,1,3.0171453493644904,3.054947263560827,0.037801914196336384,8.8566312789917,-0.11643067269050127,90,0.0,1.0,0.0,0.0,0.0,0.02,0.0,0.0,0.22
chesca_commitment_full_mesh,1908,13,6,0,4.614660710729283,4.614660710729283,0.0,8.8566312789917,0.049250832829260016,90,0.0,0.0,0.0,0.0,0.0,0.0,0.0,0.0,0.22
chesca_commitment_full_mesh,1909,14,6,0,4.145383526555285,4.145383526555285,0.0,8.8566312789917,-0.23567605975987904,90,0.0,0.0,0.0,0.0,0.0,0.0,0.0,0.0,0.22
chesca_commitment_full_mesh,1910,15,6,0,6.755377604969747,6.755377604969747,0.0,8.8566312789917,0.1674770984648167,90,0.0,0.0,0.0,0.0,0.0,0.0,0.0,0.0,0.19999999999999998
chesca_commitment_full_mesh,1911,16,6,6,11.469555544361311,10.791555544361312,-0.677999999999999,8.911046028137207,0.6294681270731537,90,6.0,0.0,0.18000000000000005,0.0,0.18000000000000005,0.0,0.18000000000000005,0.04000000000000001,0.22000000000000006
chesca_commitment_full_mesh,1912,17,6,0,10.992716433979371,10.992716433979371,0.0,8.9971923828125,0.4212591787408966,90,0.0,0.0,0.0,0.0,0.0,0.0,0.18000000000000005,0.04000000000000001,0.21000000000000005
chesca_commitment_full_mesh,1913,18,6,3,11.853724261263388,11.655724261263387,-0.1980000000000004,8.9971923828125,1.0696566798996228,90,3.0,0.0,0.05999999999999997,0.0,0.05999999999999997,0.0,0.24,0.04000000000000001,0.22
chesca_commitment_full_mesh,1914,19,6,0,14.958510464461913,14.958510464461913,0.0,8.9971923828125,1.1296267873311494,90,0.0,0.0,0.0,0.0,0.0,0.0,0.24,0.04000000000000001,0.21333333333333335
chesca_commitment_full_mesh,1915,20,6,0,12.902461145570065,12.902461145570065,0.0,8.9971923828125,0.6173812249453593,90,0.0,0.0,0.0,0.0,0.0,0.0,0.24,0.04000000000000001,0.21333333333333335
chesca_commitment_full_mesh,1916,21,6,6,11.43925536889639,12.31525536889639,0.8759999999999994,8.9971923828125,-0.11200521315368744,90,0.0,6.0,0.0,0.24,0.0,0.24000000000000002,1.3877787807814457e-17,6.938893903907228e-18,0.21333333333333335
chesca_commitment_full_mesh,1917,22,6,6,9.149706583064894,9.587706583064893,0.43799999999999883,8.9971923828125,-0.43921656786450564,90,0.0,6.0,0.0,1.3877787807814457e-17,0.0,0.12000000000000002,0.0,0.0,0.22
chesca_commitment_full_mesh,1918,23,6,1,9.869729524125212,9.78972952412521,-0.08000000000000185,8.986429214477539,0.1016418453211212,90,1.0,0.0,0.02,0.0,0.02,0.0,0.02,0.02,0.20000000000000004
chesca_commitment_full_mesh,1919,24,6,4,10.213181156295015,9.855181156295012,-0.3580000000000023,8.986429214477539,0.116876017883218,90,4.0,0.0,0.10000000000000002,0.0,0.10000000000000002,0.0,0.12000000000000002,0.04,0.21
chesca_commitment_full_mesh,1920,1,6,0,10.463695466389385,10.463695466389385,0.0,8.986429214477539,0.2630541683781312,90,0.0,0.0,0.0,0.0,0.0,0.0,0.12000000000000002,0.04,0.19999999999999998
chesca_commitment_full_mesh,1921,2,6,6,8.845385941813534,9.415385941813534,0.5700000000000003,8.986429214477539,-0.16616207182072296,90,0.0,6.0,0.0,0.12000000000000002,0.0,0.16000000000000003,0.0,0.0,0.21666666666666667
chesca_commitment_full_mesh,1922,3,6,4,7.081184497924462,7.359184497924462,0.2779999999999996,9.055448532104492,-0.35338501063417904,90,0.0,4.0,0.0,0.0,0.0,0.08000000000000002,0.0,0.0,0.21333333333333335
chesca_commitment_full_mesh,1923,4,6,2,8.956472735643846,9.088472735643846,0.13199999999999967,9.055448532104492,-0.15842972741719427,90,0.0,2.0,0.0,0.0,0.0,0.04000000000000001,0.0,0.0,0.19999999999999998
chesca_commitment_full_mesh,1924,5,6,4,6.145451230808056,6.611451230808056,0.4660000000000002,9.055448532104492,-0.36624464579087007,90,0.0,4.0,0.0,0.0,0.0,0.12000000000000002,0.0,0.0,0.21
chesca_commitment_full_mesh,1925,6,6,3,7.252075186974358,7.492075186974358,0.23999999999999932,9.055448532104492,-0.10838383750618888,90,0.0,3.0,0.0,0.0,0.0,0.06000000000000001,0.0,0.0,0.22
chesca_commitment_full_mesh,1926,7,6,0,6.287406238603772,6.287406238603772,0.0,9.055448532104492,-0.17398758728178804,90,0.0,0.0,0.0,0.0,0.0,0.0,0.0,0.0,0.22
chesca_commitment_full_mesh,1927,8,6,0,5.756791860321032,5.756791860321032,0.0,9.055448532104492,-0.13738616039782592,90,0.0,0.0,0.0,0.0,0.0,0.0,0.0,0.0,0.22
chesca_commitment_full_mesh,1928,9,6,0,4.36211680143097,4.36211680143097,0.0,9.055448532104492,-0.13395351494604935,90,0.0,0.0,0.0,0.0,0.0,0.0,0.0,0.0,0.20333333333333334
chesca_commitment_full_mesh,1929,10,6,5,2.866455533618632,3.1563342143714146,0.28987868075278245,9.055448532104492,-0.467352170819605,90,0.0,5.0,0.0,0.0,0.0,0.09999999999999999,0.0,0.0,0.21666666666666667
chesca_commitment_full_mesh,1930,11,6,1,2.042840984334463,2.122840984334463,0.08000000000000007,9.055448532104492,-0.24578251165529838,90,0.0,1.0,0.0,0.0,0.0,0.02,0.0,0.0,0.22
chesca_commitment_full_mesh,1931,12,6,0,4.3327657516821105,4.33276575168211,-8.881784197001252e-16,9.055448532104492,0.0073013237843674444,90,0.0,0.0,0.0,0.0,0.0,0.0,0.0,0.0,0.21666666666666667
chesca_commitment_full_mesh,1932,13,6,1,5.749970293680779,5.683970293680778,-0.06600000000000072,9.055448532104492,0.16019991354634003,90,1.0,0.0,0.02,0.0,0.02,0.0,0.02,0.02,0.22
chesca_commitment_full_mesh,1933,14,6,1,5.461832231045928,5.527832231045928,0.06599999999999984,9.055448532104492,0.010342329231485162,90,0.0,1.0,0.0,0.02,0.0,0.02,0.0,0.0,0.22333333333333336
chesca_commitment_full_mesh,1934,15,6,0,7.779354380580809,7.779354380580808,-8.881784197001252e-16,9.055448532104492,0.21338678011759105,90,0.0,0.0,0.0,0.0,0.0,0.0,0.0,0.0,0.22333333333333336
chesca_commitment_full_mesh,1935,16,6,0,8.678579688991864,8.678579688991864,0.0,9.055448532104492,0.34124797699514386,90,0.0,0.0,0.0,0.0,0.0,0.0,0.0,0.0,0.19333333333333336
chesca_commitment_full_mesh,1936,17,6,6,10.530107745163797,9.852107745163796,-0.6780000000000008,9.055448532104492,0.5437677016255497,90,6.0,0.0,0.18000000000000005,0.0,0.18000000000000005,0.0,0.18000000000000005,0.04000000000000001,0.22333333333333336
chesca_commitment_full_mesh,1937,18,6,6,13.038109718994686,12.600109718994686,-0.4380000000000006,9.055448532104492,1.4269958380100094,90,6.0,0.0,0.11999999999999998,0.0,0.11999999999999998,0.0,0.29999999999999993,0.060000000000000005,0.2333333333333333
chesca_commitment_full_mesh,1938,19,6,2,15.36615730811822,15.234157308118219,-0.13200000000000145,9.055448532104492,1.699644478601104,90,2.0,0.0,0.04,0.0,0.04,0.0,0.33999999999999997,0.06000000000000001,0.24
chesca_commitment_full_mesh,1939,20,6,0,13.699167494836722,13.699167494836722,0.0,9.055448532104492,0.7475900273799688,90,0.0,0.0,0.0,0.0,0.0,0.0,0.33999999999999997,0.06000000000000001,0.24
chesca_commitment_full_mesh,1940,21,6,0,12.761007653952541,12.76100765395254,-1.7763568394002505e-15,9.055448532104492,0.8640245301106546,90,0.0,0.0,0.0,0.0,0.0,0.0,0.33999999999999997,0.06000000000000001,0.19999999999999998
chesca_commitment_full_mesh,1941,22,6,6,10.368908831422011,11.244908831422011,0.8759999999999994,9.055448532104492,-0.04380166453107254,90,0.0,6.0,0.0,0.24000000000000002,0.0,0.24000000000000002,0.1,0.02000000000000001,0.22
chesca_commitment_full_mesh,1942,23,6,5,9.015695798906515,9.387695798906513,0.3719999999999981,9.055448532104492,-0.40087036323180214,90,0.0,5.0,0.0,0.09999999999999999,0.0,0.10000000000000002,6.938893903907228e-18,6.938893903907228e-18,0.23333333333333336
chesca_commitment_full_mesh,1943,24,6,0,9.747646122650872,9.747646122650874,1.7763568394002505e-15,9.055448532104492,0.012493056065218833,90,0.0,0.0,0.0,0.0,0.0,0.0,6.938893903907228e-18,6.938893903907228e-18,0.21666666666666667
chesca_commitment_full_mesh,1944,1,6,0,9.758700944482714,9.758700944482712,-1.7763568394002505e-15,9.055448532104492,-0.0287738026687564,90,0.0,0.0,0.0,0.0,0.0,0.0,6.938893903907228e-18,6.938893903907228e-18,0.21666666666666667
chesca_commitment_full_mesh,1945,2,6,1,8.662878197259356,8.728878197259355,0.06599999999999895,9.055448532104492,-0.24407495759744252,90,0.0,1.0,0.0,0.0,0.0,0.020000000000000004,6.938893903907228e-18,6.938893903907228e-18,0.19333333333333333
chesca_commitment_full_mesh,1946,3,6,6,7.22744897568911,7.79744897568911,0.5700000000000003,8.986429214477539,-0.25611736885675696,90,0.0,6.0,0.0,6.938893903907228e-18,0.0,0.16000000000000003,0.0,0.0,0.20666666666666667
chesca_commitment_full_mesh,1947,4,6,4,7.1978010767831915,7.475801076783191,0.2779999999999996,8.986429214477539,-0.21212394451025687,90,0.0,4.0,0.0,0.0,0.0,0.08000000000000002,0.0,0.0,0.21333333333333335
chesca_commitment_full_mesh,1948,5,6,4,5.904219939308039,6.196219939308039,0.2919999999999998,8.986429214477539,-0.35357466151182343,90,0.0,4.0,0.0,0.0,0.0,0.08000000000000002,0.0,0.0,0.20666666666666667
chesca_commitment_full_mesh,1949,6,6,4,5.92271846878786,6.159212505895848,0.23649403710798822,8.986429214477539,-0.15381721101540793,90,0.0,4.0,0.0,0.0,0.0,0.08,0.0,0.0,0.21
chesca_commitment_full_mesh,1950,7,6,3,5.462138130444711,5.6231793152168565,0.16104118477214513,8.986429214477539,-0.379693071804052,90,0.0,3.0,0.0,0.0,0.0,0.06000000000000001,0.0,0.0,0.22
chesca_commitment_full_mesh,1951,8,6,0,5.218285539454147,5.218285539454147,0.0,8.89937686920166,-0.060846569574145394,90,0.0,0.0,0.0,0.0,0.0,0.0,0.0,0.0,0.22
chesca_commitment_full_mesh,1952,9,6,1,3.3607937872386717,3.440793787238672,0.08000000000000007,8.89937686920166,-0.3629029060352568,90,0.0,1.0,0.0,0.0,0.0,0.020000000000000004,0.0,0.0,0.22333333333333336
chesca_commitment_full_mesh,1953,10,6,0,3.6650638567879,3.6650638567879,0.0,8.89937686920166,-0.12155882498460742,90,0.0,0.0,0.0,0.0,0.0,0.0,0.0,0.0,0.20666666666666667
chesca_commitment_full_mesh,1954,11,6,0,4.4123266342112775,4.4123266342112775,0.0,8.89937686920166,0.0009358134080872799,90,0.0,0.0,0.0,0.0,0.0,0.0,0.0,0.0,0.20333333333333334
chesca_commitment_full_mesh,1955,12,6,4,4.469343832898462,4.79910553726566,0.32976170436719876,8.89937686920166,-0.2980441886875935,90,0.0,4.0,0.0,0.0,0.0,0.1,0.0,0.0,0.22
chesca_commitment_full_mesh,1956,13,6,0,5.632939738724795,5.632939738724794,-8.881784197001252e-16,8.89937686920166,0.12990438939336788,90,0.0,0.0,0.0,0.0,0.0,0.0,0.0,0.0,0.21666666666666667
chesca_commitment_full_mesh,1957,14,6,0,6.160672045651533,6.160672045651533,0.0,8.89937686920166,-0.02043413973017902,90,0.0,0.0,0.0,0.0,0.0,0.0,0.0,0.0,0.21333333333333335
chesca_commitment_full_mesh,1958,15,6,0,7.065979370000956,7.065979370000955,-8.881784197001252e-16,8.89937686920166,0.07191771632307543,90,0.0,0.0,0.0,0.0,0.0,0.0,0.0,0.0,0.21333333333333335
chesca_commitment_full_mesh,1959,16,6,1,8.927622420993792,8.795622420993793,-0.13199999999999967,8.89937686920166,0.16677658536215728,90,1.0,0.0,0.04000000000000001,0.0,0.04000000000000001,0.0,0.04000000000000001,0.04000000000000001,0.22
chesca_commitment_full_mesh,1960,17,6,5,11.383744057324943,11.011744057324943,-0.3719999999999999,8.89937686920166,0.7703244549036289,90,5.0,0.0,0.1,0.0,0.1,0.0,0.14,0.04000000000000001,0.20666666666666667
chesca_commitment_full_mesh,1961,18,6,5,13.953880465442175,13.341880465442175,-0.6120000000000001,8.89937686920166,1.1846962113717574,90,5.0,0.0,0.16000000000000003,0.0,0.16000000000000003,0.0,0.30000000000000004,0.06000000000000001,0.21333333333333335
chesca_commitment_full_mesh,1962,19,6,6,16.523865958653193,16.01986595865319,-0.5040000000000013,8.89937686920166,1.891530811386202,90,6.0,0.0,0.14,0.0,0.14,0.0,0.44000000000000006,0.08000000000000002,0.23
chesca_commitment_full_mesh,1963,20,6,0,13.852478733062743,13.852478733062743,0.0,8.89937686920166,0.6010772856788867,90,0.0,0.0,0.0,0.0,0.0,0.0,0.44000000000000006,0.08000000000000002,0.23
chesca_commitment_full_mesh,1964,21,6,0,12.063696565628051,12.063696565628053,1.7763568394002505e-15,8.89937686920166,0.6461621866943191,90,0.0,0.0,0.0,0.0,0.0,0.0,0.44000000000000006,0.08000000000000002,0.23
chesca_commitment_full_mesh,1965,22,6,6,9.181140288795953,10.057140288795953,0.8759999999999994,8.89937686920166,-0.07135893888422999,90,0.0,6.0,0.0,0.24000000000000002,0.0,0.24000000000000002,0.20000000000000007,0.040000000000000015,0.23
chesca_commitment_full_mesh,1966,23,6,0,9.169994667630837,9.169994667630837,0.0,8.89937686920166,0.04343739064508747,90,0.0,0.0,0.0,0.0,0.0,0.0,0.20000000000000007,0.040000000000000015,0.21333333333333335
chesca_commitment_full_mesh,1967,24,6,0,9.925934992346019,9.925934992346019,0.0,8.89937686920166,0.29921367243202407,90,0.0,0.0,0.0,0.0,0.0,0.0,0.20000000000000007,0.040000000000000015,0.21333333333333335
chesca_commitment_full_mesh,1968,1,6,6,9.300841238720754,10.044841238720753,0.7439999999999998,8.89937686920166,-0.03916954738121399,90,0.0,6.0,0.0,0.2,0.0,0.2,2.7755575615628914e-17,6.938893903907228e-18,0.24666666666666667
chesca_commitment_full_mesh,1969,2,6,0,6.873766932332404,6.873766932332404,0.0,8.970577239990234,-0.3134093774051809,90,0.0,0.0,0.0,0.0,0.0,0.0,2.7755575615628914e-17,6.938893903907228e-18,0.24333333333333332
chesca_commitment_full_mesh,1970,3,6,0,7.219427826444435,7.219427826444434,-8.881784197001252e-16,8.970577239990234,-0.05224862943055061,90,0.0,0.0,0.0,0.0,0.0,0.0,2.7755575615628914e-17,6.938893903907228e-18,0.2166666666666667
chesca_commitment_full_mesh,1971,4,6,2,6.546242449626419,6.8102424496264184,0.26399999999999935,8.970577239990234,-0.11047949315090058,90,0.0,2.0,0.0,6.938893903907228e-18,0.0,0.08000000000000002,2.0816681711721685e-17,6.938893903907228e-18,0.21666666666666667
chesca_commitment_full_mesh,1972,5,6,2,5.8013565214896845,5.999356521489685,0.1980000000000004,8.970577239990234,-0.16946618772720412,90,0.0,2.0,0.0,0.0,0.0,0.060000000000000005,2.0816681711721685e-17,6.938893903907228e-18,0.21333333333333335
chesca_commitment_full_mesh,1973,6,6,0,5.972155337715154,5.9721553377151535,-8.881784197001252e-16,8.970577239990234,-0.08291192028004556,90,0.0,0.0,0.0,0.0,0.0,0.0,2.0816681711721685e-17,6.938893903907228e-18,0.19999999999999998
chesca_commitment_full_mesh,1974,7,6,0,5.646889254266307,5.646889254266308,8.881784197001252e-16,8.842369079589844,-0.027394302394945502,90,0.0,0.0,0.0,0.0,0.0,0.0,2.0816681711721685e-17,6.938893903907228e-18,0.19000000000000003
chesca_commitment_full_mesh,1975,8,6,5,5.191720278639673,5.5391710185450185,0.34745073990534525,8.842369079589844,-0.12496774575750369,90,0.0,5.0,0.0,2.0816681711721685e-17,0.0,0.12000000000000001,0.0,0.0,0.21
chesca_commitment_full_mesh,1976,9,6,2,4.302057140718466,4.377192576685917,0.07513543596745098,8.842369079589844,-0.17870737101134204,90,0.0,2.0,0.0,0.0,0.0,0.04,0.0,0.0,0.21333333333333335
chesca_commitment_full_mesh,1977,10,6,2,2.73721978657443,2.826579102966808,0.08935931639237804,8.842369079589844,-0.1639756589728481,90,0.0,2.0,0.0,0.0,0.0,0.04,0.0,0.0,0.22
chesca_commitment_full_mesh,1978,11,6,0,2.2299404578538624,2.229940457853862,-4.440892098500626e-16,8.842369079589844,0.0664141430613527,90,0.0,0.0,0.0,0.0,0.0,0.0,0.0,0.0,0.22
chesca_commitment_full_mesh,1979,12,6,0,4.755774579580155,4.755774579580155,0.0,8.842369079589844,0.18633662773978238,90,0.0,0.0,0.0,0.0,0.0,0.0,0.0,0.0,0.20333333333333334
chesca_commitment_full_mesh,1980,13,6,4,5.691720214511077,5.333720214511077,-0.35799999999999965,8.842369079589844,0.17646379871098947,90,4.0,0.0,0.1,0.0,0.1,0.0,0.1,0.04,0.22
chesca_commitment_full_mesh,1981,14,6,0,7.029154989272629,7.029154989272629,0.0,8.842369079589844,0.16973457854249874,90,0.0,0.0,0.0,0.0,0.0,0.0,0.1,0.04,0.22
chesca_commitment_full_mesh,1982,15,6,0,8.640001224005946,8.640001224005946,0.0,8.842369079589844,0.1118334426916023,90,0.0,0.0,0.0,0.0,0.0,0.0,0.1,0.04,0.22
chesca_commitment_full_mesh,1983,16,6,1,9.202408341872587,9.202408341872585,-1.7763568394002505e-15,8.842369079589844,0.13866390853883384,90,0.0,1.0,0.0,0.02,0.0,0.04000000000000001,0.08,0.04,0.22
chesca_commitment_full_mesh,1984,17,6,3,11.611296409545822,11.385296409545823,-0.2259999999999991,8.842369079589844,0.799003803495767,90,3.0,0.0,0.06,0.0,0.06,0.0,0.14,0.04,0.21333333333333335
chesca_commitment_full_mesh,1985,18,6,4,13.146253859114918,12.854253859114918,-0.2919999999999998,8.970577239990234,1.0193567945038873,90,4.0,0.0,0.07999999999999999,0.0,0.07999999999999999,0.0,0.22000000000000003,0.04000000000000001,0.19999999999999998
chesca_commitment_full_mesh,1986,19,6,6,15.235255474010495,14.717255474010495,-0.5180000000000007,8.970577239990234,1.4547075102133142,90,6.0,0.0,0.14,0.0,0.14,0.0,0.36,0.08,0.19999999999999998
chesca_commitment_full_mesh,1987,20,6,0,13.862077994075037,13.862077994075037,0.0,9.057485580444336,1.0407050287922623,90,0.0,0.0,0.0,0.0,0.0,0.0,0.36,0.08,0.19999999999999998
chesca_commitment_full_mesh,1988,21,6,0,11.100601562420435,11.100601562420435,0.0,9.057485580444336,0.2859622253616765,90,0.0,0.0,0.0,0.0,0.0,0.0,0.36,0.08,0.19999999999999998
chesca_commitment_full_mesh,1989,22,6,6,9.74240168427561,10.26040168427561,0.5180000000000007,9.057485580444336,0.01510557308419358,90,0.0,6.0,0.0,0.14,0.0,0.14,0.22000000000000003,0.04000000000000001,0.18333333333333335
chesca_commitment_full_mesh,1990,23,6,0,9.841891883609293,9.841891883609293,0.0,9.069337844848633,0.08466279893707754,90,0.0,0.0,0.0,0.0,0.0,0.0,0.22000000000000003,0.04000000000000001,0.18333333333333335
chesca_commitment_full_mesh,1991,24,6,0,10.24459626656714,10.24459626656714,0.0,9.111079216003418,0.11473780966187795,90,0.0,0.0,0.0,0.0,0.0,0.0,0.22000000000000003,0.04000000000000001,0.18333333333333335
chesca_commitment_full_mesh,1992,1,6,6,9.467938576249338,10.277938576249339,0.8100000000000005,9.237115859985352,-0.20573971673585437,90,0.0,6.0,0.0,0.22000000000000003,0.0,0.22000000000000003,0.0,0.0,0.18666666666666668
chesca_commitment_full_mesh,1993,2,6,6,7.96456410302832,8.708564103028321,0.7440000000000007,9.336750030517578,-0.3112040178681019,90,0.0,6.0,0.0,0.0,0.0,0.2,0.0,0.0,0.22
chesca_commitment_full_mesh,1994,3,6,0,7.2947144369343295,7.2947144369343295,0.0,9.336750030517578,-0.34491768653784716,90,0.0,0.0,0.0,0.0,0.0,0.0,0.0,0.0,0.22
chesca_commitment_full_mesh,1995,4,6,0,7.023645218126099,7.023645218126099,0.0,9.336750030517578,-0.24542822446747575,90,0.0,0.0,0.0,0.0,0.0,0.0,0.0,0.0,0.20666666666666667
chesca_commitment_full_mesh,1996,5,6,2,5.647652011877648,5.911652011877648,0.26400000000000023,9.336750030517578,-0.31532424190353503,90,0.0,2.0,0.0,0.0,0.0,0.08000000000000002,0.0,0.0,0.21000000000000005
chesca_commitment_full_mesh,1997,6,6,2,5.657259473202082,5.851381113761074,0.1941216405589925,9.336750030517578,-0.2050901174524048,90,0.0,2.0,0.0,0.0,0.0,0.060000000000000005,0.0,0.0,0.22
chesca_commitment_full_mesh,1998,7,6,0,4.529791520552546,4.529791520552546,0.0,9.336750030517578,-0.22687220881697162,90,0.0,0.0,0.0,0.0,0.0,0.0,0.0,0.0,0.22
chesca_commitment_full_mesh,1999,8,6,0,3.50331338178018,3.50331338178018,0.0,9.336750030517578,-0.1604251445501749,90,0.0,0.0,0.0,0.0,0.0,0.0,0.0,0.0,0.19999999999999998
chesca_commitment_full_mesh,2000,9,6,5,1.7650544386240745,1.9772306163122995,0.21217617768822494,9.336750030517578,-0.16443481695662382,90,0.0,5.0,0.0,0.0,0.0,0.1,0.0,0.0,0.21
chesca_commitment_full_mesh,2001,10,6,0,1.423266047710981,1.423266047710981,0.0,9.336750030517578,-0.042584925328518854,90,0.0,0.0,0.0,0.0,0.0,0.0,0.0,0.0,0.20333333333333334
chesca_commitment_full_mesh,2002,11,6,3,2.7028817366837066,2.3168817366837056,-0.386000000000001,9.336750030517578,0.0879508927753165,90,3.0,0.0,0.1,0.0,0.1,0.0,0.1,0.04,0.22
chesca_commitment_full_mesh,2003,12,6,0,4.677321836172647,4.677321836172647,0.0,9.336750030517578,0.08041357988174908,90,0.0,0.0,0.0,0.0,0.0,0.0,0.1,0.04,0.22
chesca_commitment_full_mesh,2004,13,6,0,4.402301837615705,4.402301837615705,0.0,9.336750030517578,0.08089140448121283,90,0.0,0.0,0.0,0.0,0.0,0.0,0.1,0.04,0.20333333333333334
chesca_commitment_full_mesh,2005,14,6,3,5.276414278954208,4.984414278954207,-0.2920000000000007,9.336750030517578,0.12902187551734468,90,3.0,0.0,0.08000000000000002,0.0,0.08000000000000002,0.0,0.18000000000000002,0.04000000000000001,0.21666666666666667
chesca_commitment_full_mesh,2006,15,6,0,7.22959125799955,7.22959125799955,0.0,9.336750030517578,0.2540823039700683,90,0.0,0.0,0.0,0.0,0.0,0.0,0.18000000000000002,0.04000000000000001,0.21666666666666667
chesca_commitment_full_mesh,2007,16,6,0,8.166161273320979,8.166161273320977,-1.7763568394002505e-15,9.336750030517578,0.4785578712842481,90,0.0,0.0,0.0,0.0,0.0,0.0,0.18000000000000002,0.04000000000000001,0.21
chesca_commitment_full_mesh,2008,17,6,1,10.293056846788511,10.16105684678851,-0.13200000000000145,9.203886985778809,0.81253882890061,90,1.0,0.0,0.04000000000000001,0.0,0.04000000000000001,0.0,0.22,0.06000000000000001,0.20666666666666667
chesca_commitment_full_mesh,2009,18,6,2,12.158045499805834,12.026045499805832,-0.13200000000000145,9.203886985778809,1.0792714101015142,90,2.0,0.0,0.039999999999999994,0.0,0.039999999999999994,0.0,0.26,0.06000000000000001,0.20000000000000004
chesca_commitment_full_mesh,2010,19,6,0,13.022422508504357,13.022422508504356,-1.7763568394002505e-15,9.203886985778809,0.9530066151143959,90,0.0,0.0,0.0,0.0,0.0,0.0,0.26,0.06000000000000001,0.17666666666666672
chesca_commitment_full_mesh,2011,20,6,0,11.867096972465514,11.867096972465514,0.0,9.203886985778809,0.5980624768844754,90,0.0,0.0,0.0,0.0,0.0,0.0,0.26,0.06000000000000001,0.17666666666666672
chesca_commitment_full_mesh,2012,21,6,0,11.092812535762786,11.092812535762786,0.0,9.203886985778809,0.40475650493691656,90,0.0,0.0,0.0,0.0,0.0,0.0,0.26,0.06000000000000001,0.17666666666666672
chesca_commitment_full_mesh,2013,22,6,0,10.082146296716866,10.082146296716866,0.0,9.203886985778809,0.06630178748290247,90,0.0,0.0,0.0,0.0,0.0,0.0,0.26,0.06000000000000001,0.15333333333333335
chesca_commitment_full_mesh,2014,23,6,6,9.365286798871358,10.241286798871357,0.8759999999999994,9.203886985778809,0.0197446900950337,90,0.0,6.0,0.0,0.24000000000000002,0.0,0.24000000000000005,0.02000000000000001,0.020000000000000004,0.19333333333333336
chesca_commitment_full_mesh,2015,24,6,4,8.936900402086973,9.548900402086973,0.6120000000000001,9.373540878295898,-0.0901073658381389,90,0.0,4.0,0.0,0.02000000000000001,0.0,0.16,0.0,0.0,0.22
chesca_commitment_full_mesh,2016,1,6,0,9.742203142899273,9.742203142899275,1.7763568394002505e-15,9.373540878295898,-0.037046623719626484,90,0.0,0.0,0.0,0.0,0.0,0.0,0.0,0.0,0.18333333333333335
chesca_commitment_full_mesh,2017,2,6,6,8.047261154625156,8.857261154625157,0.8100000000000005,9.373540878295898,-0.2567286318131179,90,0.0,6.0,0.0,0.0,0.0,0.22000000000000003,0.0,0.0,0.18666666666666668
chesca_commitment_full_mesh,2018,3,6,6,6.655387566131566,7.3993875661315665,0.7440000000000007,9.373540878295898,-0.32718205994856747,90,0.0,6.0,0.0,0.0,0.0,0.2,0.0,0.0,0.22
chesca_commitment_full_mesh,2019,4,6,0,6.3564839788967795,6.3564839788967795,0.0,9.373540878295898,-0.2919671981768858,90,0.0,0.0,0.0,0.0,0.0,0.0,0.0,0.0,0.22
chesca_commitment_full_mesh,2020,5,6,0,5.753952684672293,5.753952684672293,0.0,9.373540878295898,-0.26443474604938866,90,0.0,0.0,0.0,0.0,0.0,0.0,0.0,0.0,0.20666666666666667
chesca_commitment_full_mesh,2021,6,6,2,5.706972047502285,5.9709720475022845,0.26399999999999935,9.373540878295898,-0.13080714201703664,90,0.0,2.0,0.0,0.0,0.0,0.08000000000000002,0.0,0.0,0.21
chesca_commitment_full_mesh,2022,7,6,0,5.1733050095570094,5.1733050095570094,0.0,9.373540878295898,-0.08066073545661127,90,0.0,0.0,0.0,0.0,0.0,0.0,0.0,0.0,0.21
chesca_commitment_full_mesh,2023,8,6,2,4.256511591032233,4.332555247858252,0.07604365682601966,9.373540878295898,-0.11131025689647964,90,0.0,2.0,0.0,0.0,0.0,0.04,0.0,0.0,0.21666666666666667
chesca_commitment_full_mesh,2024,9,6,1,1.820434682560178,1.8539311062064834,0.03349642364630534,9.373540878295898,-0.2481835067262437,90,0.0,1.0,0.0,0.0,0.0,0.02,0.0,0.0,0.20333333333333334
chesca_commitment_full_mesh,2025,10,6,5,1.9676650080005285,2.179914705320959,0.21224969732043064,9.373540878295898,-0.5426604145004895,90,0.0,5.0,0.0,0.0,0.0,0.1,0.0,0.0,0.22
chesca_commitment_full_mesh,2026,11,6,0,3.2186536859664727,3.2186536859664727,0.0,9.373540878295898,0.030642254753338715,90,0.0,0.0,0.0,0.0,0.0,0.0,0.0,0.0,0.20333333333333334
chesca_commitment_full_mesh,2027,12,6,3,3.747199771153203,3.3611997711532036,-0.38599999999999923,9.373540878295898,0.08775665556988048,90,3.0,0.0,0.1,0.0,0.1,0.0,0.1,0.04,0.22
chesca_commitment_full_mesh,2028,13,6,0,5.166811255678631,5.166811255678631,0.0,9.373540878295898,0.3034757454185063,90,0.0,0.0,0.0,0.0,0.0,0.0,0.1,0.04,0.22
chesca_commitment_full_mesh,2029,14,6,0,5.288021138989436,5.288021138989436,0.0,9.373540878295898,0.04350900261174866,90,0.0,0.0,0.0,0.0,0.0,0.0,0.1,0.04,0.20666666666666667
chesca_commitment_full_mesh,2030,15,6,3,6.7727678060066,6.4807678060066,-0.2919999999999998,9.373540878295898,0.09258441954623783,90,3.0,0.0,0.08000000000000002,0.0,0.08000000000000002,0.0,0.18000000000000005,0.04000000000000001,0.22
chesca_commitment_full_mesh,2031,16,6,0,8.951997137437823,8.951997137437823,0.0,9.373540878295898,0.5763595705913864,90,0.0,0.0,0.0,0.0,0.0,0.0,0.18000000000000005,0.04000000000000001,0.22
chesca_commitment_full_mesh,2032,17,6,3,12.375360087134949,12.177360087134948,-0.1980000000000004,9.443829536437988,1.1469235888268465,90,3.0,0.0,0.06,0.0,0.06,0.0,0.24000000000000005,0.04000000000000001,0.22333333333333336
chesca_commitment_full_mesh,2033,18,6,4,13.214503287472493,12.908503287472492,-0.30600000000000094,9.498672485351562,1.4229112170925142,90,4.0,0.0,0.08,0.0,0.08,0.0,0.32000000000000006,0.06000000000000001,0.23
chesca_commitment_full_mesh,2034,19,6,0,14.800193331861632,14.80019333186163,-1.7763568394002505e-15,9.57270622253418,1.4338824080299069,90,0.0,0.0,0.0,0.0,0.0,0.0,0.32000000000000006,0.06000000000000001,0.23
chesca_commitment_full_mesh,2035,20,6,0,13.295661980576043,13.295661980576043,0.0,9.630416870117188,0.8219669284273243,90,0.0,0.0,0.0,0.0,0.0,0.0,0.32000000000000006,0.06000000000000001,0.23
chesca_commitment_full_mesh,2036,21,6,0,11.729568193956077,11.729568193956078,1.7763568394002505e-15,9.630416870117188,0.3010780619413723,90,0.0,0.0,0.0,0.0,0.0,0.0,0.32000000000000006,0.06000000000000001,0.23
chesca_commitment_full_mesh,2037,22,6,6,9.307279353414462,10.183279353414463,0.8760000000000012,9.630416870117188,-0.41298592567524345,90,0.0,6.0,0.0,0.24,0.0,0.24000000000000002,0.08000000000000002,0.02000000000000001,0.27
chesca_commitment_full_mesh,2038,23,6,1,8.806167280637956,8.872167280637957,0.06600000000000072,9.630416870117188,-0.034099082113118254,90,0.0,1.0,0.0,0.019999999999999997,0.0,0.020000000000000004,0.06000000000000002,0.02000000000000001,0.23333333333333336
chesca_commitment_full_mesh,2039,24,6,3,9.475853124971824,9.715853124971824,0.2400000000000002,9.630416870117188,-0.015206459381403678,90,0.0,3.0,0.0,0.06000000000000001,0.0,0.06000000000000001,6.938893903907228e-18,6.938893903907228e-18,0.21666666666666667
chesca_commitment_full_mesh,2040,1,6,0,9.783145428129206,9.783145428129208,1.7763568394002505e-15,9.66565990447998,-0.05585695712571109,90,0.0,0.0,0.0,0.0,0.0,0.0,6.938893903907228e-18,6.938893903907228e-18,0.21666666666666667
chesca_commitment_full_mesh,2041,2,6,1,9.522208614111403,9.588208614111403,0.06600000000000072,9.667221069335938,-0.13121060858731282,90,0.0,1.0,0.0,0.0,0.0,0.020000000000000004,6.938893903907228e-18,6.938893903907228e-18,0.18333333333333335
chesca_commitment_full_mesh,2042,3,6,6,6.218929120453241,7.028929120453241,0.8099999999999996,9.667221069335938,-0.3226346863420507,90,0.0,6.0,0.0,6.938893903907228e-18,0.0,0.22000000000000003,0.0,0.0,0.18666666666666668
chesca_commitment_full_mesh,2043,4,6,6,6.528098810504983,7.272098810504983,0.7439999999999998,9.667221069335938,-0.12566228783546468,90,0.0,6.0,0.0,0.0,0.0,0.2,0.0,0.0,0.22
chesca_commitment_full_mesh,2044,5,6,0,5.74718589572623,5.747185895726231,8.881784197001252e-16,9.667221069335938,-0.22737692605147858,90,0.0,0.0,0.0,0.0,0.0,0.0,0.0,0.0,0.22
chesca_commitment_full_mesh,2045,6,6,0,5.724897186283825,5.724897186283825,0.0,9.667221069335938,-0.046161651659538935,90,0.0,0.0,0.0,0.0,0.0,0.0,0.0,0.0,0.20666666666666667
chesca_commitment_full_mesh,2046,7,6,0,5.526272003524902,5.526272003524902,0.0,9.667221069335938,0.07194821450944877,90,0.0,0.0,0.0,0.0,0.0,0.0,0.0,0.0,0.20666666666666667
chesca_commitment_full_mesh,2047,8,6,0,4.888764571575846,4.888764571575845,-8.881784197001252e-16,9.650703430175781,0.06270011514882247,90,0.0,0.0,0.0,0.0,0.0,0.0,0.0,0.0,0.20000000000000004
chesca_commitment_full_mesh,2048,9,6,0,3.4474023848378046,3.447402384837804,-4.440892098500626e-16,9.630416870117188,0.004236681184100741,90,0.0,0.0,0.0,0.0,0.0,0.0,0.0,0.0,0.19666666666666668
chesca_commitment_full_mesh,2049,10,6,0,4.984160378779537,4.984160378779538,8.881784197001252e-16,9.630416870117188,-0.06590191198751115,90,0.0,0.0,0.0,0.0,0.0,0.0,0.0,0.0,0.18000000000000002
chesca_commitment_full_mesh,2050,11,6,6,3.548445657737065,2.9784456577370646,-0.5700000000000003,9.630416870117188,0.08932990299936855,90,6.0,0.0,0.16,0.0,0.16,0.0,0.16,0.04,0.2066666666666667
chesca_commitment_full_mesh,2051,12,6,0,4.988028976630631,4.988028976630631,0.0,9.630416870117188,0.3119333221676368,90,0.0,0.0,0.0,0.0,0.0,0.0,0.16,0.04,0.19000000000000003
chesca_commitment_full_mesh,2052,13,6,0,5.356431625589516,5.356431625589516,0.0,9.630416870117188,0.2663882294270642,90,0.0,0.0,0.0,0.0,0.0,0.0,0.16,0.04,0.19000000000000003
chesca_commitment_full_mesh,2053,14,6,0,7.015590566325456,7.015590566325455,-8.881784197001252e-16,9.630416870117188,0.30473105388748023,90,0.0,0.0,0.0,0.0,0.0,0.0,0.16,0.04,0.19000000000000003
chesca_commitment_full_mesh,2054,15,6,6,7.6246969914028,8.006225797103383,0.381528805700583,9.650703430175781,-0.051864136631048496,90,0.0,6.0,0.0,0.16,0.0,0.16,0.0,0.0,0.20333333333333334
chesca_commitment_full_mesh,2055,16,6,6,8.557162789905249,8.119162789905248,-0.4380000000000006,9.630416870117188,0.48327824745640086,90,6.0,0.0,0.12,0.0,0.12,0.0,0.12,0.020000000000000004,0.22333333333333336
chesca_commitment_full_mesh,2056,17,6,5,11.30906580453883,10.93706580453883,-0.3719999999999999,9.551745414733887,1.085199990127415,90,5.0,0.0,0.1,0.0,0.1,0.0,0.22,0.04000000000000001,0.23
chesca_commitment_full_mesh,2057,18,6,1,12.067485867919837,12.001485867919836,-0.06600000000000072,9.551745414733887,1.147819257149935,90,1.0,0.0,0.020000000000000004,0.0,0.020000000000000004,0.0,0.24000000000000002,0.04000000000000001,0.22
chesca_commitment_full_mesh,2058,19,6,0,12.495970742833183,12.495970742833183,0.0,9.551745414733887,0.8353961424474168,90,0.0,0.0,0.0,0.0,0.0,0.0,0.24000000000000002,0.04000000000000001,0.22
chesca_commitment_full_mesh,2059,20,6,0,10.700481763362884,10.700481763362884,0.0,9.551745414733887,0.28530020880068174,90,0.0,0.0,0.0,0.0,0.0,0.0,0.24000000000000002,0.04000000000000001,0.22
chesca_commitment_full_mesh,2060,21,6,0,10.527004872220019,10.527004872220019,0.0,9.551745414733887,0.38841081515941756,90,0.0,0.0,0.0,0.0,0.0,0.0,0.24000000000000002,0.04000000000000001,0.22
chesca_commitment_full_mesh,2061,22,6,0,9.33254251197001,9.33254251197001,0.0,9.551745414733887,0.05665940920566137,90,0.0,0.0,0.0,0.0,0.0,0.0,0.24000000000000002,0.04000000000000001,0.18000000000000005
chesca_commitment_full_mesh,2062,23,6,0,9.710199867169823,9.710199867169823,0.0,9.473053932189941,0.18461398442830762,90,0.0,0.0,0.0,0.0,0.0,0.0,0.24000000000000002,0.04000000000000001,0.17666666666666672
chesca_commitment_full_mesh,2063,24,6,6,9.521056078746128,10.397056078746129,0.8760000000000012,9.551745414733887,-0.159761265278843,90,0.0,6.0,0.0,0.24000000000000002,0.0,0.24000000000000005,6.938893903907228e-18,6.938893903907228e-18,0.20666666666666667
chesca_commitment_full_mesh,2064,1,6,0,8.822266042783067,8.822266042783067,0.0,9.630416870117188,-0.05619890794096337,90,0.0,0.0,0.0,0.0,0.0,0.0,6.938893903907228e-18,6.938893903907228e-18,0.20666666666666667
chesca_commitment_full_mesh,2065,2,6,0,7.899121836742751,7.89912183674275,-8.881784197001252e-16,9.551745414733887,-0.022028088198100246,90,0.0,0.0,0.0,0.0,0.0,0.0,6.938893903907228e-18,6.938893903907228e-18,0.20333333333333334
chesca_commitment_full_mesh,2066,3,6,0,6.623440039542022,6.623440039542022,0.0,9.473053932189941,-0.046478040171110235,90,0.0,0.0,0.0,0.0,0.0,0.0,6.938893903907228e-18,6.938893903907228e-18,0.1666666666666667
chesca_commitment_full_mesh,2067,4,6,0,6.202756404494129,6.202756404494129,0.0,9.473053932189941,0.029013472777687108,90,0.0,0.0,0.0,0.0,0.0,0.0,6.938893903907228e-18,6.938893903907228e-18,0.13333333333333333
chesca_commitment_full_mesh,2068,5,6,0,5.57992682659805,5.579926826598051,8.881784197001252e-16,9.473053932189941,0.03410800851370609,90,0.0,0.0,0.0,0.0,0.0,0.0,6.938893903907228e-18,6.938893903907228e-18,0.13333333333333333
chesca_commitment_full_mesh,2069,6,6,6,6.159551554092294,5.283551554092293,-0.8760000000000012,9.473053932189941,0.10657038286967974,90,6.0,0.0,0.24000000000000002,0.0,0.24000000000000002,0.0,0.24000000000000002,0.04000000000000001,0.17333333333333337
chesca_commitment_full_mesh,2070,7,6,0,5.660853369442574,5.660853369442574,0.0,9.473053932189941,0.2442477841841892,90,0.0,0.0,0.0,0.0,0.0,0.0,0.24000000000000002,0.04000000000000001,0.17333333333333337
chesca_commitment_full_mesh,2071,8,6,0,4.985052497486231,4.985052497486231,0.0,9.473053932189941,0.07177428128427794,90,0.0,0.0,0.0,0.0,0.0,0.0,0.24000000000000002,0.04000000000000001,0.17333333333333337
chesca_commitment_full_mesh,2072,9,6,0,3.4222363699835796,3.4222363699835796,0.0,9.442903518676758,0.13920437600485652,90,0.0,0.0,0.0,0.0,0.0,0.0,0.24000000000000002,0.04000000000000001,0.17333333333333337
chesca_commitment_full_mesh,2073,10,6,3,3.0618775073207782,3.219140477752245,0.15726297043146698,9.442903518676758,0.04254640389673235,90,0.0,3.0,0.0,0.1,0.0,0.10000000000000002,0.14,0.04,0.18999999999999997
chesca_commitment_full_mesh,2074,11,6,2,4.387268365172477,4.227268365172477,-0.16000000000000014,9.442903518676758,0.16942711998315227,90,2.0,0.0,0.04,0.0,0.04,0.0,0.18000000000000002,0.04,0.17
chesca_commitment_full_mesh,2075,12,6,0,5.184352248390219,5.184352248390219,0.0,9.442903518676758,0.1367327671333912,90,0.0,0.0,0.0,0.0,0.0,0.0,0.18000000000000002,0.04,0.17
chesca_commitment_full_mesh,2076,13,6,0,5.765770518411289,5.765770518411289,0.0,9.442903518676758,0.3264231114019525,90,0.0,0.0,0.0,0.0,0.0,0.0,0.18000000000000002,0.04,0.17
chesca_commitment_full_mesh,2077,14,6,0,5.863352563823643,5.863352563823643,0.0,9.442903518676758,0.1960375291950783,90,0.0,0.0,0.0,0.0,0.0,0.0,0.18000000000000002,0.04,0.17
chesca_commitment_full_mesh,2078,15,6,0,8.464457998668488,8.464457998668488,0.0,9.442903518676758,0.3665795972832942,90,0.0,0.0,0.0,0.0,0.0,0.0,0.18000000000000002,0.04,0.14333333333333334
chesca_commitment_full_mesh,2079,16,6,2,9.414688868010801,9.094688868010802,-0.3199999999999985,9.376273155212402,0.5755253313379518,90,2.0,0.0,0.08000000000000002,0.0,0.08000000000000002,0.0,0.26000000000000006,0.06000000000000001,0.13666666666666666
chesca_commitment_full_mesh,2080,17,6,4,12.259664812789762,11.703664812789762,-0.5559999999999992,9.317771911621094,1.276813319276343,90,4.0,0.0,0.16000000000000003,0.0,0.16000000000000003,0.0,0.42000000000000004,0.08000000000000002,0.1466666666666667
chesca_commitment_full_mesh,2081,18,6,0,13.018626654092056,13.018626654092056,0.0,9.317771911621094,1.4438684834623605,90,0.0,0.0,0.0,0.0,0.0,0.0,0.42000000000000004,0.08000000000000002,0.14333333333333334
chesca_commitment_full_mesh,2082,19,6,0,13.046623806439113,13.046623806439113,0.0,9.317771911621094,0.9875374821736592,90,0.0,0.0,0.0,0.0,0.0,0.0,0.42000000000000004,0.08000000000000002,0.14333333333333334
chesca_commitment_full_mesh,2083,20,6,0,12.679411347976833,12.679411347976835,1.7763568394002505e-15,9.317771911621094,0.9850660950843165,90,0.0,0.0,0.0,0.0,0.0,0.0,0.42000000000000004,0.08000000000000002,0.14333333333333334
chesca_commitment_full_mesh,2084,21,6,0,11.17618511015957,11.17618511015957,0.0,9.317771911621094,0.5183444918532141,90,0.0,0.0,0.0,0.0,0.0,0.0,0.42000000000000004,0.08000000000000002,0.14333333333333334
chesca_commitment_full_mesh,2085,22,6,6,9.767059791955203,10.643059791955203,0.8759999999999994,9.317771911621094,-0.1295343732835476,90,0.0,6.0,0.0,0.24000000000000005,0.0,0.24000000000000005,0.18000000000000005,0.040000000000000015,0.18333333333333335
chesca_commitment_full_mesh,2086,23,6,6,9.915612030879098,10.631612030879099,0.7160000000000011,9.376273155212402,-0.1411791983728296,90,0.0,6.0,0.0,0.18,0.0,0.2,3.8163916471489756e-17,1.3877787807814457e-17,0.21666666666666667
chesca_commitment_full_mesh,2087,24,6,0,9.499842617286028,9.499842617286028,0.0,9.376273155212402,-0.06956545049006994,90,0.0,0.0,0.0,0.0,0.0,0.0,3.8163916471489756e-17,1.3877787807814457e-17,0.17666666666666667
chesca_commitment_full_mesh,2088,1,6,6,9.855842630262808,9.139842630262807,-0.7160000000000011,9.338595390319824,0.20973546116692887,90,6.0,0.0,0.20000000000000004,0.0,0.20000000000000004,0.0,0.20000000000000007,0.040000000000000015,0.21
chesca_commitment_full_mesh,2089,2,6,6,8.334546067067754,8.772546067067754,0.4380000000000006,9.317771911621094,0.013384103097997688,90,0.0,6.0,0.0,0.12000000000000002,0.0,0.12000000000000002,0.08000000000000002,0.02000000000000001,0.23
chesca_commitment_full_mesh,2090,3,6,4,6.773331270344606,7.051331270344606,0.2779999999999996,9.338595390319824,-0.2188472679834244,90,0.0,4.0,0.0,0.07999999999999999,0.0,0.08000000000000002,2.7755575615628914e-17,1.0408340855860843e-17,0.24333333333333337
chesca_commitment_full_mesh,2091,4,6,0,5.957967964650155,5.957967964650154,-8.881784197001252e-16,9.338595390319824,0.028535974111119397,90,0.0,0.0,0.0,0.0,0.0,0.0,2.7755575615628914e-17,1.0408340855860843e-17,0.24333333333333337
chesca_commitment_full_mesh,2092,5,6,0,5.547594812279011,5.54759481227901,-8.881784197001252e-16,9.338595390319824,0.07188501260914046,90,0.0,0.0,0.0,0.0,0.0,0.0,2.7755575615628914e-17,1.0408340855860843e-17,0.24333333333333337
chesca_commitment_full_mesh,2093,6,6,0,5.92898461323011,5.92898461323011,0.0,9.338595390319824,0.16396723355857795,90,0.0,0.0,0.0,0.0,0.0,0.0,2.7755575615628914e-17,1.0408340855860843e-17,0.20333333333333334
chesca_commitment_full_mesh,2094,7,6,5,5.314324143596302,4.942324143596303,-0.371999999999999,9.338595390319824,0.12047770651495388,90,5.0,0.0,0.1,0.0,0.1,0.0,0.10000000000000003,0.02000000000000001,0.22
chesca_commitment_full_mesh,2095,8,6,0,5.648156118753114,5.648156118753113,-8.881784197001252e-16,9.338595390319824,0.12127738260525778,90,0.0,0.0,0.0,0.0,0.0,0.0,0.10000000000000003,0.02000000000000001,0.22
chesca_commitment_full_mesh,2096,9,6,0,3.67473155903528,3.67473155903528,0.0,9.338595390319824,0.09328720896405761,90,0.0,0.0,0.0,0.0,0.0,0.0,0.10000000000000003,0.02000000000000001,0.22
chesca_commitment_full_mesh,2097,10,6,4,2.3575904003875907,2.526579895901709,0.16898949551411846,9.338595390319824,0.017245090984964392,90,0.0,4.0,0.0,0.08,0.0,0.08,0.020000000000000028,0.02,0.21666666666666667
chesca_commitment_full_mesh,2098,11,6,0,1.8040960374105366,1.8040960374105361,-4.440892098500626e-16,9.338595390319824,0.06857408101541991,90,0.0,0.0,0.0,0.0,0.0,0.0,0.020000000000000028,0.02,0.21
chesca_commitment_full_mesh,2099,12,6,2,3.3827404769460494,3.15674047694605,-0.22599999999999953,9.338595390319824,0.26605389467786394,90,2.0,0.0,0.06,0.0,0.06,0.0,0.08000000000000003,0.04000000000000001,0.22
chesca_commitment_full_mesh,2100,13,6,0,4.572863506109838,4.572863506109839,8.881784197001252e-16,9.338595390319824,0.2780237114144717,90,0.0,0.0,0.0,0.0,0.0,0.0,0.08000000000000003,0.04000000000000001,0.22
chesca_commitment_full_mesh,2101,14,6,0,6.114568820694963,6.114568820694962,-8.881784197001252e-16,9.338595390319824,0.31002410543055886,90,0.0,0.0,0.0,0.0,0.0,0.0,0.08000000000000003,0.04000000000000001,0.22
chesca_commitment_full_mesh,2102,15,6,5,6.067542295106956,6.4850548360976115,0.41751254099065527,9.39015007019043,-0.7550896479493459,90,0.0,5.0,0.0,0.08000000000000002,0.0,0.12000000000000001,1.3877787807814457e-17,6.938893903907228e-18,0.24000000000000002
chesca_commitment_full_mesh,2103,16,6,1,8.635406436401608,8.475406436401608,-0.16000000000000014,9.39015007019043,0.5623385426872441,90,1.0,0.0,0.04000000000000001,0.0,0.04000000000000001,0.0,0.04000000000000002,0.04000000000000001,0.23333333333333336
chesca_commitment_full_mesh,2104,17,6,3,10.277341474191761,10.065341474191762,-0.21199999999999974,9.39015007019043,0.8172886869926108,90,3.0,0.0,0.06,0.0,0.06,0.0,0.10000000000000002,0.04000000000000001,0.21666666666666667
chesca_commitment_full_mesh,2105,18,6,2,10.793768850431874,10.647768850431873,-0.1460000000000008,9.442903518676758,0.7765980386090797,90,2.0,0.0,0.039999999999999994,0.0,0.039999999999999994,0.0,0.14,0.04000000000000001,0.22333333333333336
chesca_commitment_full_mesh,2106,19,6,0,10.690645927616975,10.690645927616975,0.0,9.39015007019043,0.4915606958820527,90,0.0,0.0,0.0,0.0,0.0,0.0,0.14,0.04000000000000001,0.22333333333333336
chesca_commitment_full_mesh,2107,20,6,0,10.536735323198384,10.536735323198382,-1.7763568394002505e-15,9.39015007019043,0.3459445972598027,90,0.0,0.0,0.0,0.0,0.0,0.0,0.14,0.04000000000000001,0.22333333333333336
chesca_commitment_full_mesh,2108,21,6,0,10.124411572000419,10.124411572000419,0.0,9.39015007019043,0.27328516861491936,90,0.0,0.0,0.0,0.0,0.0,0.0,0.14,0.04000000000000001,0.22333333333333336
chesca_commitment_full_mesh,2109,22,6,6,8.862765784281269,9.380765784281268,0.5179999999999989,9.39015007019043,-0.10235169078835712,90,0.0,6.0,0.0,0.13999999999999999,0.0,0.14,2.7755575615628914e-17,1.0408340855860843e-17,0.20666666666666667
chesca_commitment_full_mesh,2110,23,6,0,8.347959989479678,8.347959989479678,0.0,9.338595390319824,-0.022705283940449066,90,0.0,0.0,0.0,0.0,0.0,0.0,2.7755575615628914e-17,1.0408340855860843e-17,0.1733333333333333
chesca_commitment_full_mesh,2111,24,6,0,8.65448650271129,8.65448650271129,0.0,9.208608627319336,-0.02592419718360396,90,0.0,0.0,0.0,0.0,0.0,0.0,2.7755575615628914e-17,1.0408340855860843e-17,0.1733333333333333
chesca_commitment_full_mesh,2112,1,6,0,9.43730301623873,9.43730301623873,0.0,9.208608627319336,-0.0004135451626738479,90,0.0,0.0,0.0,0.0,0.0,0.0,2.7755575615628914e-17,1.0408340855860843e-17,0.13999999999999999
chesca_commitment_full_mesh,2113,2,6,6,8.918870746085423,9.794870746085424,0.8760000000000012,9.157926559448242,-0.17545586734593127,90,0.0,6.0,0.0,2.7755575615628914e-17,0.0,0.24000000000000005,0.0,0.0,0.16
chesca_commitment_full_mesh,2114,3,6,6,6.966386668703853,7.7623866687038525,0.7959999999999994,9.280167579650879,-0.2809311230258238,90,0.0,6.0,0.0,0.0,0.0,0.22000000000000003,0.0,0.0,0.18333333333333332
chesca_commitment_full_mesh,2115,4,6,5,6.511399143854492,7.147399143854491,0.6359999999999992,9.280167579650879,-0.12937800283480422,90,0.0,5.0,0.0,0.0,0.0,0.18000000000000002,0.0,0.0,0.21333333333333335
chesca_commitment_full_mesh,2116,5,6,2,5.669968623150485,5.7786811688079105,0.10871254565742561,9.280167579650879,-0.12346528830976247,90,0.0,2.0,0.0,0.0,0.0,0.04000000000000001,0.0,0.0,0.22
chesca_commitment_full_mesh,2117,6,6,0,5.731749465097064,5.731749465097064,0.0,9.280167579650879,0.0305991865191354,90,0.0,0.0,0.0,0.0,0.0,0.0,0.0,0.0,0.22
chesca_commitment_full_mesh,2118,7,6,0,4.7403304650970615,4.7403304650970615,0.0,9.280167579650879,0.02658184451183506,90,0.0,0.0,0.0,0.0,0.0,0.0,0.0,0.0,0.20333333333333334
chesca_commitment_full_mesh,2119,8,6,5,4.469707527553513,4.097707527553512,-0.37200000000000166,9.280167579650879,0.10600246992311764,90,5.0,0.0,0.10000000000000002,0.0,0.10000000000000002,0.0,0.10000000000000002,0.020000000000000004,0.22
chesca_commitment_full_mesh,2120,9,6,0,4.547300654049101,4.547300654049101,0.0,9.280167579650879,0.14555816155757012,90,0.0,0.0,0.0,0.0,0.0,0.0,0.10000000000000002,0.020000000000000004,0.22
chesca_commitment_full_mesh,2121,10,6,5,0.9976655766070297,1.2803615346602795,0.28269595805324976,9.280167579650879,-0.1636671069335333,90,0.0,5.0,0.0,0.10000000000000002,0.0,0.10000000000000002,0.0,0.0,0.22333333333333336
chesca_commitment_full_mesh,2122,11,6,0,1.2584700900144998,1.2584700900144998,0.0,9.280167579650879,0.0019771923508908537,90,0.0,0.0,0.0,0.0,0.0,0.0,0.0,0.0,0.22333333333333336
chesca_commitment_full_mesh,2123,12,6,0,3.044684870778407,3.0446848707784073,4.440892098500626e-16,9.280167579650879,0.23460158855383892,90,0.0,0.0,0.0,0.0,0.0,0.0,0.0,0.0,0.21333333333333335
chesca_commitment_full_mesh,2124,13,6,0,3.9869450758615548,3.9869450758615548,0.0,9.280167579650879,0.060933220570680194,90,0.0,0.0,0.0,0.0,0.0,0.0,0.0,0.0,0.21333333333333335
chesca_commitment_full_mesh,2125,14,6,2,5.730504549416808,5.504504549416808,-0.22599999999999998,9.280167579650879,0.10282236606263526,90,2.0,0.0,0.06,0.0,0.06,0.0,0.06,0.04,0.22333333333333336
chesca_commitment_full_mesh,2126,15,6,2,6.6857647919100245,6.800856363056207,0.1150915711461824,9.280167579650879,-0.05653834347810907,90,0.0,2.0,0.0,0.06,0.0,0.06000000000000001,0.0,0.0,0.21333333333333335
chesca_commitment_full_mesh,2127,16,6,0,7.660793136257113,7.660793136257113,0.0,9.280167579650879,0.06781322186974753,90,0.0,0.0,0.0,0.0,0.0,0.0,0.0,0.0,0.20666666666666667
chesca_commitment_full_mesh,2128,17,6,3,8.53863597443422,8.232635974434219,-0.30600000000000094,9.280167579650879,0.15381558321069722,90,3.0,0.0,0.08000000000000002,0.0,0.08000000000000002,0.0,0.08000000000000002,0.04000000000000001,0.21
chesca_commitment_full_mesh,2129,18,6,3,10.700727391015167,10.488727391015168,-0.21199999999999974,9.157926559448242,0.5892689051776525,90,3.0,0.0,0.060000000000000026,0.0,0.060000000000000026,0.0,0.14000000000000004,0.04000000000000001,0.21333333333333337
chesca_commitment_full_mesh,2130,19,6,3,11.942147640497785,11.716147640497786,-0.2259999999999991,9.157926559448242,0.8140658419454175,90,3.0,0.0,0.06,0.0,0.06,0.0,0.20000000000000007,0.04000000000000002,0.22333333333333336
chesca_commitment_full_mesh,2131,20,6,0,10.536992664842776,10.536992664842774,-1.7763568394002505e-15,9.157926559448242,0.31291935219532907,90,0.0,0.0,0.0,0.0,0.0,0.0,0.20000000000000007,0.04000000000000002,0.22333333333333336
chesca_commitment_full_mesh,2132,21,6,0,9.965246533298636,9.965246533298636,0.0,9.157926559448242,0.24158087007427864,90,0.0,0.0,0.0,0.0,0.0,0.0,0.20000000000000007,0.04000000000000002,0.22333333333333336
chesca_commitment_full_mesh,2133,22,6,0,9.336745282060305,9.336745282060305,0.0,9.064295768737793,0.11385592299900513,90,0.0,0.0,0.0,0.0,0.0,0.0,0.20000000000000007,0.04000000000000002,0.19999999999999998
chesca_commitment_full_mesh,2134,23,6,5,8.972173773375083,9.410173773375082,0.43799999999999883,9.042839050292969,0.03248621555220135,90,0.0,5.0,0.0,0.12000000000000002,0.0,0.12000000000000002,0.08000000000000003,0.04000000000000002,0.22
chesca_commitment_full_mesh,2135,24,6,0,9.63090017073271,9.63090017073271,0.0,9.151756286621094,0.07104876198624831,90,0.0,0.0,0.0,0.0,0.0,0.0,0.08000000000000003,0.04000000000000002,0.22
chesca_commitment_full_mesh,2136,1,6,3,9.050857372936203,9.356857372936203,0.30599999999999916,9.151756286621094,-0.048300680474701756,90,0.0,3.0,0.0,0.08000000000000002,0.0,0.08000000000000002,1.734723475976807e-17,1.3877787807814457e-17,0.23333333333333336
chesca_commitment_full_mesh,2137,2,6,0,8.56379005245764,8.563790052457641,1.7763568394002505e-15,9.151756286621094,-0.12156311417936118,90,0.0,0.0,0.0,0.0,0.0,0.0,1.734723475976807e-17,1.3877787807814457e-17,0.19333333333333333
chesca_commitment_full_mesh,2138,3,6,5,6.919519631786364,7.489519631786363,0.5699999999999994,9.151756286621094,-0.08565974412895602,90,0.0,5.0,0.0,3.469446951953614e-18,0.0,0.16000000000000003,1.3877787807814457e-17,1.3877787807814457e-17,0.18333333333333338
chesca_commitment_full_mesh,2139,4,6,0,6.873705651639298,6.873705651639298,0.0,9.151756286621094,-0.007661410041730932,90,0.0,0.0,0.0,0.0,0.0,0.0,1.3877787807814457e-17,1.3877787807814457e-17,0.15333333333333335
chesca_commitment_full_mesh,2140,5,6,0,5.630536132434697,5.630536132434697,0.0,9.151756286621094,-0.015877228537771723,90,0.0,0.0,0.0,0.0,0.0,0.0,1.3877787807814457e-17,1.3877787807814457e-17,0.1466666666666667
chesca_commitment_full_mesh,2141,6,6,6,6.191875377469198,5.395875377469197,-0.7960000000000003,9.151756286621094,0.10126367420839363,90,6.0,0.0,0.22000000000000006,0.0,0.22000000000000006,0.0,0.22000000000000006,0.04000000000000001,0.18333333333333335
chesca_commitment_full_mesh,2142,7,6,0,5.37450830897892,5.37450830897892,0.0,9.151756286621094,0.21497815224404537,90,0.0,0.0,0.0,0.0,0.0,0.0,0.22000000000000006,0.04000000000000001,0.18333333333333335
chesca_commitment_full_mesh,2143,8,6,0,5.066577180957633,5.066577180957633,0.0,9.151756286621094,0.18665573849732617,90,0.0,0.0,0.0,0.0,0.0,0.0,0.22000000000000006,0.04000000000000001,0.1666666666666667
chesca_commitment_full_mesh,2144,9,6,6,3.629017843041293,4.092608606228311,0.4635907631870184,9.151756286621094,0.014159651761552983,90,0.0,6.0,0.0,0.22000000000000003,0.0,0.22000000000000003,1.734723475976807e-17,1.734723475976807e-17,0.20333333333333334
chesca_commitment_full_mesh,2145,10,6,4,4.199537814483376,3.8555378144833763,-0.34399999999999986,9.151756286621094,0.137908826855705,90,4.0,0.0,0.1,0.0,0.1,0.0,0.10000000000000002,0.04,0.20333333333333334
chesca_commitment_full_mesh,2146,11,6,2,3.245185780747983,3.0851857807479823,-0.1600000000000006,9.151756286621094,0.08457694175178099,90,2.0,0.0,0.04,0.0,0.04,0.0,0.14,0.04,0.21
chesca_commitment_full_mesh,2147,12,6,0,2.8096756861533474,2.8096756861533474,0.0,9.151756286621094,0.06573521538530624,90,0.0,0.0,0.0,0.0,0.0,0.0,0.14,0.04,0.21
chesca_commitment_full_mesh,2148,13,6,0,4.066551525763123,4.066551525763123,0.0,9.151756286621094,0.10936196549072891,90,0.0,0.0,0.0,0.0,0.0,0.0,0.14,0.04,0.21
chesca_commitment_full_mesh,2149,14,6,0,4.176759107085588,4.176759107085588,0.0,9.151756286621094,0.32138390041073117,90,0.0,0.0,0.0,0.0,0.0,0.0,0.14,0.04,0.19999999999999998
chesca_commitment_full_mesh,2150,15,6,0,5.929302590798812,5.929302590798812,0.0,9.151756286621094,0.13105932830339556,90,0.0,0.0,0.0,0.0,0.0,0.0,0.14,0.04,0.19000000000000003
chesca_commitment_full_mesh,2151,16,6,0,7.320559993880189,7.32055999388019,8.881784197001252e-16,9.151756286621094,0.2903939744086891,90,0.0,0.0,0.0,0.0,0.0,0.0,0.14,0.04,0.19000000000000003
chesca_commitment_full_mesh,2152,17,6,5,8.504276908620753,8.862276908620753,0.35800000000000054,9.151756286621094,0.02625166014522562,90,0.0,5.0,0.0,0.1,0.0,0.1,0.04000000000000002,0.02,0.19333333333333336
chesca_commitment_full_mesh,2153,18,6,3,10.27047196252104,10.058471962521038,-0.21200000000000152,9.042839050292969,0.39532454621549895,90,3.0,0.0,0.059999999999999984,0.0,0.059999999999999984,0.0,0.1,0.020000000000000004,0.19333333333333336
chesca_commitment_full_mesh,2154,19,6,6,13.286948069923438,12.688948069923441,-0.5979999999999972,9.042839050292969,1.083338730947268,90,6.0,0.0,0.16000000000000003,0.0,0.16000000000000003,0.0,0.26,0.06000000000000001,0.21
chesca_commitment_full_mesh,2155,20,6,2,14.114522708939468,13.874522708939468,-0.2400000000000002,9.042839050292969,1.388008421056925,90,2.0,0.0,0.06,0.0,0.06,0.0,0.32,0.08000000000000002,0.22
chesca_commitment_full_mesh,2156,21,6,6,9.510244708543832,10.386244708543833,0.8760000000000012,9.042839050292969,-0.1326001831365204,90,0.0,6.0,0.0,0.24,0.0,0.24000000000000002,0.08000000000000003,0.04000000000000001,0.26
chesca_commitment_full_mesh,2177,18,6,6,25.930225219358455,25.054225219358457,-0.8759999999999977,8.77254867553711,5.9488207370313875,90,6.0,0.0,0.23999999999999988,0.0,0.23999999999999988,0.0,0.3199999999999999,0.07999999999999999,0.3
chesca_commitment_full_mesh,2178,19,6,0,16.917610066709756,16.917610066709756,0.0,8.77254867553711,1.3436228885158827,90,0.0,0.0,0.0,0.0,0.0,0.0,0.3199999999999999,0.07999999999999999,0.28
chesca_commitment_full_mesh,2179,20,6,0,15.151452847838854,15.151452847838854,0.0,8.77254867553711,1.334016802278843,90,0.0,0.0,0.0,0.0,0.0,0.0,0.3199999999999999,0.07999999999999999,0.28
chesca_commitment_full_mesh,2180,21,6,0,13.512447963426746,13.512447963426746,0.0,8.77254867553711,1.074533158851215,90,0.0,0.0,0.0,0.0,0.0,0.0,0.3199999999999999,0.07999999999999999,0.26666666666666666
chesca_commitment_full_mesh,2181,22,6,0,11.673368227323596,11.673368227323598,1.7763568394002505e-15,8.77254867553711,0.5761828018608253,90,0.0,0.0,0.0,0.0,0.0,0.0,0.3199999999999999,0.07999999999999999,0.26666666666666666
chesca_commitment_full_mesh,2182,23,6,0,11.277301798948802,11.2773017989488,-1.7763568394002505e-15,8.833298683166504,0.5264693427164054,90,0.0,0.0,0.0,0.0,0.0,0.0,0.3199999999999999,0.07999999999999999,0.24
chesca_commitment_full_mesh,2183,24,6,0,11.634701715656293,11.634701715656291,-1.7763568394002505e-15,8.833298683166504,0.66485133292021,90,0.0,0.0,0.0,0.0,0.0,0.0,0.3199999999999999,0.07999999999999999,0.24
chesca_commitment_full_mesh,2184,1,6,0,11.334759349056256,11.334759349056254,-1.7763568394002505e-15,8.833298683166504,0.5112385149139229,90,0.0,0.0,0.0,0.0,0.0,0.0,0.3199999999999999,0.07999999999999999,0.24
chesca_commitment_full_mesh,2185,2,6,0,10.18927273428154,10.189272734281538,-1.7763568394002505e-15,8.833298683166504,0.1915792441273227,90,0.0,0.0,0.0,0.0,0.0,0.0,0.3199999999999999,0.07999999999999999,0.20333333333333334
chesca_commitment_full_mesh,2186,3,6,6,8.61549885803749,9.49149885803749,0.8759999999999994,8.914477348327637,-0.0894689594967277,90,0.0,6.0,0.0,0.23999999999999996,0.0,0.24000000000000005,0.07999999999999995,0.03999999999999998,0.24333333333333332
chesca_commitment_full_mesh,2187,4,6,3,8.31588761321719,8.63588761321719,0.3199999999999985,8.987039566040039,-0.10041061786977479,90,0.0,3.0,0.0,0.07999999999999995,0.0,0.08000000000000002,0.0,0.0,0.25666666666666665
chesca_commitment_full_mesh,2188,5,6,0,5.953551393891196,5.953551393891197,8.881784197001252e-16,8.987039566040039,-0.15066755436840837,90,0.0,0.0,0.0,0.0,0.0,0.0,0.0,0.0,0.22
chesca_commitment_full_mesh,2189,6,6,1,6.4716906412407305,6.39169064124073,-0.08000000000000007,8.987039566040039,0.0839975557474634,90,1.0,0.0,0.02,0.0,0.02,0.0,0.02,0.02,0.20666666666666667
chesca_commitment_full_mesh,2190,7,6,4,5.703631117173764,6.179631117173763,0.4759999999999991,9.009922981262207,-0.14628954355698812,90,0.0,4.0,0.0,0.02,0.0,0.14,0.0,0.0,0.22333333333333336
chesca_commitment_full_mesh,2191,8,6,0,4.503990469342467,4.503990469342467,0.0,9.009922981262207,-0.02149344501261881,90,0.0,0.0,0.0,0.0,0.0,0.0,0.0,0.0,0.22333333333333336
chesca_commitment_full_mesh,2192,9,6,0,3.906021165474943,3.906021165474943,0.0,9.009922981262207,0.021287948761001152,90,0.0,0.0,0.0,0.0,0.0,0.0,0.0,0.0,0.22333333333333336
chesca_commitment_full_mesh,2193,10,6,0,3.496171509977035,3.496171509977035,0.0,9.009922981262207,-0.07925629505244264,90,0.0,0.0,0.0,0.0,0.0,0.0,0.0,0.0,0.22333333333333336
chesca_commitment_full_mesh,2194,11,6,1,4.209154940552466,4.143154940552466,-0.06599999999999984,9.009922981262207,0.10222868871653981,90,1.0,0.0,0.02,0.0,0.02,0.0,0.02,0.02,0.22666666666666668
chesca_commitment_full_mesh,2195,12,6,1,5.326016267894353,5.372341158607027,0.04632489071267365,9.009922981262207,0.017588600911912444,90,0.0,1.0,0.0,0.02,0.0,0.020000000000000004,0.0,0.0,0.23
chesca_commitment_full_mesh,2196,13,6,0,5.8713551210189445,5.8713551210189445,0.0,9.009922981262207,0.17201796530311675,90,0.0,0.0,0.0,0.0,0.0,0.0,0.0,0.0,0.21333333333333335
chesca_commitment_full_mesh,2197,14,6,3,6.823952875392165,6.611952875392165,-0.21200000000000063,9.009922981262207,0.13026207373083287,90,3.0,0.0,0.06000000000000001,0.0,0.06000000000000001,0.0,0.06000000000000001,0.020000000000000004,0.21333333333333335
chesca_commitment_full_mesh,2198,15,6,0,8.369407760169114,8.369407760169114,0.0,9.009922981262207,0.12535975626510767,90,0.0,0.0,0.0,0.0,0.0,0.0,0.06000000000000001,0.020000000000000004,0.18666666666666665
chesca_commitment_full_mesh,2199,16,6,6,10.983655064837556,10.305655064837556,-0.6780000000000008,9.009922981262207,0.8544103880214348,90,5.0,1.0,0.18000000000000002,0.0,0.18000000000000002,0.020000000000000018,0.24000000000000005,0.06000000000000001,0.21
chesca_commitment_full_mesh,2200,17,6,4,13.725649642958059,13.36764964295806,-0.35799999999999876,8.978921890258789,1.6487474824241228,90,4.0,0.0,0.10000000000000002,0.0,0.10000000000000002,0.0,0.34,0.06000000000000001,0.18666666666666665
chesca_commitment_full_mesh,2201,18,6,0,14.313098660767935,14.313098660767936,1.7763568394002505e-15,8.978921890258789,1.5119998895887397,90,0.0,0.0,0.0,0.0,0.0,0.0,0.34,0.06000000000000001,0.1466666666666667
chesca_commitment_full_mesh,2202,19,6,1,15.590107789261529,15.458107789261529,-0.13199999999999967,8.978921890258789,1.5303748376106954,90,1.0,0.0,0.04,0.0,0.04,0.0,0.38,0.08000000000000002,0.15333333333333335
chesca_commitment_full_mesh,2203,20,6,0,14.336260073170344,14.336260073170344,0.0,8.978921890258789,1.1582184435967053,90,0.0,0.0,0.0,0.0,0.0,0.0,0.38,0.08000000000000002,0.15333333333333335
chesca_commitment_full_mesh,2204,21,6,0,13.397303905526329,13.397303905526327,-1.7763568394002505e-15,8.978921890258789,0.9552916564937877,90,0.0,0.0,0.0,0.0,0.0,0.0,0.38,0.08000000000000002,0.15333333333333335
chesca_commitment_full_mesh,2205,22,6,6,9.863700290235156,10.739700290235156,0.8759999999999994,8.978921890258789,-0.1294864306082578,90,0.0,6.0,0.0,0.24000000000000002,0.0,0.24000000000000002,0.14000000000000007,0.040000000000000015,0.19333333333333336
chesca_commitment_full_mesh,2206,23,6,5,9.957156372822674,10.329156372822673,0.3719999999999999,9.009922981262207,0.006569355284945372,90,0.0,5.0,0.0,0.1,0.0,0.1,0.040000000000000056,0.040000000000000015,0.21
