controller,step,hour,active_peers,changed_peers,official_predicted_grid,negotiated_predicted_grid,predicted_grid_delta,district_target,final_shadow_signal,logical_message_count
chesca_mesh,1,2,6,6,14.591872655066727,13.715872769507643,-0.875999885559084,14.591872655066727,2.1499049922464,90
chesca_mesh,2,3,6,6,6.204107326152643,7.0801073261526435,0.8760000000000003,6.204107326152643,-0.3123500037849793,90
chesca_mesh,3,4,6,6,5.192537087941776,5.988537087941776,0.7959999999999994,5.192537087941776,-0.1941129957619891,90
chesca_mesh,4,5,6,0,4.711030065747744,4.711030065747743,-8.881784197001252e-16,4.711030065747744,-0.04868147801391834,90
chesca_mesh,5,6,6,6,6.237404508867892,6.772583181138234,0.5351786722703418,6.237404508867892,-0.19209621228683554,90
chesca_mesh,6,7,6,6,4.990351398238254,5.416675363261937,0.4263239650236823,4.990351398238254,-0.1467055614586119,90
chesca_mesh,7,8,6,0,5.958205647622158,5.958205647622158,0.0,5.958205647622158,0.030926627979021917,90
chesca_mesh,8,9,6,6,6.376008958995863,6.855535459789824,0.47952650079396086,6.376008958995863,-0.15843770878299196,90
chesca_mesh,9,10,6,6,7.02868775335214,6.152687753352139,-0.8760000000000012,7.02868775335214,0.19106139501776173,90
chesca_mesh,10,11,6,6,7.186134500674392,7.985314305634385,0.7991798049599934,7.186134500674392,-0.24567295159223942,90
chesca_mesh,11,12,6,6,6.810344518203861,5.9343445182038606,-0.8760000000000003,7.096320629119873,0.46217004799161004,90
chesca_mesh,12,13,6,6,8.115086283544723,7.239086283544723,-0.8760000000000003,6.954711437225342,0.5036717997864393,90
chesca_mesh,13,14,6,6,8.290243064124681,7.414243064124681,-0.8760000000000003,6.931127548217773,0.8986533824303784,90
chesca_mesh,14,15,6,6,5.607807749044998,4.7318077490449975,-0.8760000000000003,6.907543182373047,0.5906636689011409,90
chesca_mesh,15,16,6,6,8.185377715074127,7.3093777150741275,-0.8759999999999994,6.435116767883301,1.178473248395156,90
chesca_mesh,16,17,6,6,8.541006505029316,7.665006505029317,-0.8759999999999986,6.847706317901611,0.657886183472074,90
chesca_mesh,17,18,6,6,7.281281582862137,6.405281582862136,-0.8760000000000012,6.904174327850342,0.2283915428412563,90
chesca_mesh,18,19,6,6,10.144266404228366,9.268266404228365,-0.8760000000000012,6.874255657196045,1.1163849762298812,90
chesca_mesh,19,20,6,6,9.267856228712562,8.39185622871256,-0.8760000000000012,6.924388885498047,0.5397474519535497,90
chesca_mesh,20,21,6,6,8.621313878186108,7.745313878186106,-0.8760000000000012,6.968188285827637,0.29575386123281344,90
chesca_mesh,21,22,6,0,6.9419170615386445,6.9419170615386445,0.0,7.523429870605469,-0.021319858510128326,90
chesca_mesh,22,23,6,0,6.484753156989234,6.4847531569892345,8.881784197001252e-16,7.224452972412109,0.060314026193149455,90
chesca_mesh,23,24,6,0,6.6108341207344195,6.6108341207344195,0.0,7.392750263214111,0.0034337170042111065,90
chesca_mesh,24,1,6,0,6.496680664252305,6.496680664252306,8.881784197001252e-16,7.236332416534424,0.022620215505930463,90
chesca_mesh,25,2,6,6,4.655562610555212,5.43956745938101,0.7840048488257976,7.0799150466918945,-0.1041640338849726,90
chesca_mesh,26,3,6,6,4.156259259920158,4.933695660550658,0.7774364006305001,6.961450099945068,-0.17307979377397695,90
chesca_mesh,27,4,6,6,4.405697588369659,5.113622477395722,0.7079248890260637,6.937865734100342,-0.18744558946196874,90
chesca_mesh,28,5,6,6,4.508248402622243,4.996964854008022,0.4887164513857787,6.914281368255615,-0.21551492071737754,90
chesca_mesh,29,6,6,0,5.163984661906879,5.163984661906879,0.0,6.8888773918151855,-0.04507831215576871,90
chesca_mesh,30,7,6,0,2.932988738591962,2.9329887385919617,-4.440892098500626e-16,6.86104679107666,0.03766388625710412,90
chesca_mesh,31,8,6,6,2.195852260073288,1.3198522600732885,-0.8759999999999997,6.833215713500977,0.11359760828372398,90
chesca_mesh,32,9,6,6,2.5359584397700834,1.6599584397700835,-0.8759999999999999,6.819491863250732,0.1550803156812523,90
chesca_mesh,33,10,6,5,4.729508980471923,3.985508980471923,-0.7440000000000002,6.816348552703857,0.23594620673075298,90
chesca_mesh,34,11,6,6,2.417743679347857,1.5417436793478574,-0.8759999999999994,6.813205242156982,0.1336487937812134,90
chesca_mesh,35,12,6,6,3.7121042377472464,2.8361042377472456,-0.8760000000000008,6.674088954925537,0.11139511404106076,90
chesca_mesh,36,13,6,6,3.7057747393041125,4.503823296392728,0.7980485570886153,6.480583190917969,-0.13704249927775985,90
chesca_mesh,37,14,6,6,1.817312612414539,2.3988279746317236,0.5815153622171847,6.812756538391113,-0.621700038883361,90
chesca_mesh,38,15,6,6,3.335185251880653,2.459185251880653,-0.8759999999999999,6.646444797515869,0.2554563080480714,90
chesca_mesh,39,16,6,6,4.0369909555511105,3.16099095555111,-0.8760000000000003,6.452938556671143,0.5601815765726643,90
chesca_mesh,40,17,6,6,7.958363117021798,7.082363117021799,-0.8759999999999986,6.259433746337891,0.8756432172536424,90
chesca_mesh,41,18,6,6,7.164086164038156,6.288086164038156,-0.8759999999999994,6.219779014587402,0.3499745826876516,90
chesca_mesh,42,19,6,6,8.279434269110178,7.4034342691101775,-0.8760000000000003,6.180124282836914,0.46100436421703894,90
chesca_mesh,43,20,6,6,8.70382716758359,7.827827167583589,-0.8760000000000012,6.253768444061279,0.5012686586426766,90
chesca_mesh,44,21,6,6,11.975208159715788,11.099208159715788,-0.8759999999999994,6.591156959533691,1.4873664423977104,90
chesca_mesh,45,22,6,6,11.471012320883448,10.595012320883447,-0.8760000000000012,6.397651195526123,1.6029084795033024,90
chesca_mesh,46,23,6,6,7.195860426842884,6.319860426842883,-0.8760000000000012,6.248103618621826,0.3575261338253035,90
chesca_mesh,47,24,6,6,7.248408401837617,6.3724084018376175,-0.8759999999999994,6.208448886871338,0.3786913610678808,90
chesca_mesh,48,1,6,6,6.198321096131503,7.074321096131503,0.8760000000000003,6.220086574554443,-0.2526923256486755,90
chesca_mesh,49,2,6,6,5.2728342050534,6.148834205053401,0.8760000000000012,6.252056121826172,-0.2661003755451791,90
chesca_mesh,50,3,6,6,4.47537121028632,5.35137121028632,0.8760000000000003,6.234841823577881,-0.2732657406023884,90
chesca_mesh,51,4,6,6,4.917771672667263,5.705307158425135,0.7875354857578714,6.21762752532959,-0.24640283225270704,90
chesca_mesh,52,5,6,6,4.11838098025322,4.626918512776388,0.5085375325231682,6.197426795959473,-0.282988425190442,90
chesca_mesh,53,6,6,0,4.537189474969287,4.537189474969286,-8.881784197001252e-16,6.174986362457275,-0.03259903283905126,90
chesca_mesh,54,7,6,0,3.359036826279559,3.3590368262795587,-4.440892098500626e-16,6.152545928955078,0.055292069685254776,90
chesca_mesh,55,8,6,6,3.13297587934931,2.256975879349309,-0.8760000000000008,6.142551422119141,0.10428553119652167,90
chesca_mesh,56,9,6,0,2.4988248082297218,2.4988248082297218,0.0,6.1375346183776855,-0.01290789764372284,90
chesca_mesh,57,10,6,6,2.3874751292057916,2.8576358187988844,0.47016068959309276,6.132518291473389,-0.25605865851526177,90
chesca_mesh,58,11,6,6,0.46267559008067505,0.79241293240105,0.329737342320375,6.141834735870361,-0.6130213493279687,90
chesca_mesh,59,12,6,6,0.4892670511409678,0.7195800814016655,0.23031303026069772,6.136817932128906,-0.5703859721231259,90
chesca_mesh,60,13,6,6,1.9473799971573231,2.1671836553621864,0.21980365820486325,6.146134376525879,-1.149597339709329,90
chesca_mesh,61,14,6,6,0.8111294798611784,1.0303383793404122,0.21920889947923372,6.187809467315674,-1.585736036485815,90
chesca_mesh,62,15,6,6,1.3103824208463464,1.6495453911354934,0.339162970289147,6.225005149841309,-0.5431911761945791,90
chesca_mesh,63,16,6,0,4.238394554503917,4.238394554503918,8.881784197001252e-16,6.256974220275879,-0.039866830992684295,90
chesca_mesh,64,17,6,6,4.512647327268727,3.6366473272687267,-0.8760000000000003,6.239759922027588,0.216775553021137,90
chesca_mesh,65,18,6,6,5.591644120146286,4.715644120146285,-0.8760000000000012,6.222545623779297,0.2436570959315461,90
chesca_mesh,66,19,6,0,6.201505235117072,6.201505235117071,-8.881784197001252e-16,6.203838348388672,-0.04810650524308287,90
chesca_mesh,67,20,6,0,5.703721748913772,5.703721748913771,-8.881784197001252e-16,6.181397914886475,0.0023539436516398053,90
chesca_mesh,68,21,6,0,6.242199837949688,6.242199837949688,0.0,6.158957481384277,0.05799393317050951,90
chesca_mesh,69,22,6,6,5.6317224697232104,6.507722469723211,0.8760000000000003,6.200632572174072,-0.179082905701628,90
chesca_mesh,70,23,6,6,5.96000136587499,6.75446593375302,0.7944645678780304,6.234841823577881,-0.1280650235400413,90
chesca_mesh,71,24,6,6,5.11677514200847,5.784608814303293,0.6678336722948224,6.262503623962402,-0.15755119244095972,90
chesca_mesh,72,1,6,6,3.941272824354336,4.517292996277189,0.576020171922853,6.249597072601318,-0.16933983385192014,90
chesca_mesh,73,2,6,6,3.0283147118084996,3.478917935162764,0.4506032233542645,6.232382297515869,-0.20419718647127683,90
chesca_mesh,74,3,6,4,3.38246938471091,3.7546430618085784,0.37217367709766824,6.215167999267578,-0.10183577339254338,90
chesca_mesh,75,4,6,3,4.279616032250758,3.7996160322507575,-0.48000000000000087,6.194221019744873,0.07783427633760265,90
chesca_mesh,76,5,6,6,4.134986296126561,4.577758148420394,0.4427718522938333,6.229923248291016,-0.12492514203202837,90
chesca_mesh,77,6,6,6,4.732025196621551,3.8560251966215513,-0.8759999999999999,6.212708950042725,0.11097864159124005,90
chesca_mesh,78,7,6,6,4.151234575418878,3.275234575418879,-0.8759999999999994,6.191015243530273,0.24059320052137603,90
chesca_mesh,79,8,6,6,2.9182338526890845,2.0422338526890846,-0.8759999999999999,6.168574810028076,0.10938166688767267,90
chesca_mesh,80,9,6,6,3.0582760195169865,2.182276019516987,-0.8759999999999994,6.146134376525879,0.1328374280013978,90
chesca_mesh,81,10,6,6,4.416928556692092,3.540928556692091,-0.8760000000000008,6.141118049621582,0.26595420022876637,90
chesca_mesh,82,11,6,6,3.060389944845702,2.1843899448457016,-0.8760000000000003,6.136101245880127,0.23050040910051944,90
chesca_mesh,83,12,6,5,5.2532071607057755,4.509207160705775,-0.7440000000000007,6.13016414642334,0.42877491618766345,90
chesca_mesh,84,13,6,6,6.382113191803284,5.506113191803284,-0.8759999999999994,6.118703842163086,0.6333373444921241,90
chesca_mesh,85,14,6,6,1.9414755977737632,1.065475597773763,-0.8760000000000001,6.107243537902832,0.10295231127393936,90
chesca_mesh,86,15,6,6,4.144164786360063,3.268164786360063,-0.8760000000000003,6.098650932312012,0.2682388386065183,90
chesca_mesh,87,16,6,6,4.560237363940017,3.6842373639400168,-0.8759999999999999,6.097228527069092,0.4675639383521197,90
chesca_mesh,88,17,6,6,7.32396957586951,6.447969575869511,-0.8759999999999994,6.095805644989014,0.7119471200235599,90
chesca_mesh,89,18,6,6,6.078341758490458,5.202341758490457,-0.8760000000000012,6.098447799682617,0.14824114367392546,90
chesca_mesh,90,19,6,6,7.331776650632368,6.455776650632368,-0.8760000000000003,6.097024917602539,0.24583949562914098,90
chesca_mesh,91,20,6,6,7.180563330965316,6.3045633309653155,-0.8760000000000003,6.103969097137451,0.2986942976694842,90
chesca_mesh,92,21,6,6,7.53017485666275,6.65417485666275,-0.8760000000000003,6.125252723693848,0.08166153560696979,90
chesca_mesh,93,22,6,6,5.8039542940356865,6.679954294035688,0.8760000000000012,6.138251304626465,-0.20328466597035816,90
chesca_mesh,94,23,6,6,6.5875281598143705,7.463528159814371,0.8760000000000003,6.148901462554932,-0.2855409325835707,90
chesca_mesh,95,24,6,6,6.5121910663574925,5.636191066357492,-0.8760000000000003,6.166888236999512,0.4173617390995525,90
chesca_mesh,96,1,6,6,7.623548494603408,6.747548494603407,-0.8760000000000012,6.157203197479248,0.131051328967482,90
chesca_mesh,97,2,6,0,6.230547667427459,6.23054766742746,8.881784197001252e-16,6.175628185272217,-0.007393627048543544,90
chesca_mesh,98,3,6,0,5.28324925348185,5.28324925348185,0.0,6.165504455566406,-0.024206796224661736,90
chesca_mesh,99,4,6,0,4.435538841235681,4.435538841235681,0.0,6.155819416046143,-0.008110673948425198,90
chesca_mesh,100,5,6,6,4.836313070357025,3.9603130703570253,-0.8759999999999994,6.146134376525879,0.11655039667870278,90
chesca_mesh,101,6,6,6,4.509990290646572,3.633990290646571,-0.8760000000000008,6.141118049621582,0.15767272412160138,90
chesca_mesh,102,7,6,6,5.023705533594132,4.147705533594133,-0.8759999999999994,6.136101245880127,0.2960784737370716,90
chesca_mesh,103,8,6,0,4.065749373022781,4.065749373022781,0.0,6.13016414642334,-0.050798758511410164,90
chesca_mesh,104,9,6,6,3.3904346620180066,2.5144346620180067,-0.8759999999999999,6.118703842163086,0.10159517139075282,90
chesca_mesh,105,10,6,6,4.124071063559533,4.83202172410315,0.7079506605436174,6.107243537902832,-0.15208916151000146,90
chesca_mesh,106,11,6,6,3.0996672601057185,2.223667260105718,-0.8760000000000003,6.098650932312012,0.08276535757137389,90
chesca_mesh,107,12,6,6,3.2154418305288797,2.3394418305288793,-0.8760000000000003,6.097228527069092,0.1335108671913125,90
chesca_mesh,108,13,6,6,4.162591425615859,3.2865914256158586,-0.8760000000000003,6.095805644989014,0.08988786274725954,90
chesca_mesh,109,14,6,6,2.8890339581873867,2.013033958187387,-0.8759999999999999,6.085648536682129,0.12988583168991724,90
chesca_mesh,110,15,6,6,5.090547179309564,4.214547179309562,-0.8760000000000012,6.063845634460449,0.11000560936388515,90
chesca_mesh,111,16,6,6,6.271146763922057,5.395146763922057,-0.8760000000000003,6.042042255401611,0.2147667271170388,90
chesca_mesh,112,17,6,6,7.212657682790903,6.336657682790903,-0.8760000000000003,6.082533359527588,0.45830183736056773,90
chesca_mesh,113,18,6,6,6.653632966929575,5.777632966929574,-0.8760000000000003,6.060730934143066,0.48588919802737285,90
chesca_mesh,114,19,6,6,8.709873897718502,7.8338738977185,-0.8760000000000021,6.038928031921387,0.6367976247026605,90
chesca_mesh,115,20,6,6,8.442838556448919,7.566838556448918,-0.8760000000000012,6.079419136047363,0.205255799047527,90
chesca_mesh,116,21,6,6,7.701703651484059,6.825703651484059,-0.8759999999999994,6.09661865234375,0.3354801565298853,90
chesca_mesh,117,22,6,2,6.902003422507912,6.638003422507912,-0.26400000000000023,6.10069465637207,0.0903964241898832,90
chesca_mesh,118,23,6,6,7.050412045442797,6.174412045442796,-0.8760000000000003,6.097837924957275,0.5194366726548845,90
chesca_mesh,119,24,6,0,7.224998520442416,7.224998520442416,0.0,6.1060872077941895,0.02173642133292647,90
chesca_mesh,120,1,6,6,6.427267484670392,7.3032674846703936,0.8760000000000012,6.119142055511475,-0.42502394297300644,90
chesca_mesh,121,2,6,6,4.984184188828719,5.86018418882872,0.8760000000000012,6.127370834350586,-0.5656329344844444,90
chesca_mesh,122,3,6,6,5.151959477989947,6.027959477989947,0.8760000000000003,6.1229400634765625,-0.35916931533873336,90
chesca_mesh,123,4,6,6,3.733231086659953,4.450803149982771,0.7175720633228178,6.118137836456299,-0.4831100955689802,90
chesca_mesh,124,5,6,6,3.513093995351265,4.085956165128674,0.5728621697774088,6.111108303070068,-0.33998154460958974,90
chesca_mesh,125,6,6,6,4.249053043462528,4.610286216016568,0.36123317255403986,6.104078769683838,-0.2855524165608563,90
chesca_mesh,126,7,6,6,4.192958931027361,4.53346325961554,0.34050432858817903,6.117133617401123,-1.2840292454779398,90
chesca_mesh,127,8,6,6,3.242589415252117,3.680810149309675,0.4382207340575581,6.110104084014893,-0.2542600991366723,90
chesca_mesh,128,9,6,6,2.303034933277922,2.6509375060963034,0.34790257281838155,6.103074550628662,-0.4499743730773694,90
chesca_mesh,129,10,6,6,2.4647884428660007,2.6950943394552915,0.2303058965892908,6.116129398345947,-0.6399929715900539,90
chesca_mesh,130,11,6,3,2.2523400321106823,2.3730548001736205,0.12071476806293813,6.109099864959717,-0.10061100163343711,90
chesca_mesh,131,12,6,0,2.3206503297771843,2.3206503297771843,0.0,6.102070331573486,0.025763360969899562,90
chesca_mesh,132,13,6,6,3.362699539487374,2.4866995394873745,-0.8759999999999994,6.098244667053223,0.31114509642394506,90
chesca_mesh,133,14,6,6,3.3915405672074304,2.51554056720743,-0.8760000000000003,6.0968217849731445,0.12330465752333936,90
chesca_mesh,134,15,6,6,3.5227161522805335,4.093141808172043,0.5704256558915097,6.1010661125183105,-0.590444959399985,90
chesca_mesh,135,16,6,6,4.442414185774979,3.5664141857749794,-0.8759999999999994,6.098041534423828,0.22320541354651036,90
chesca_mesh,136,17,6,6,4.423110902867632,3.547110902867631,-0.8760000000000008,6.09661865234375,0.1623567906880919,90
chesca_mesh,137,18,6,6,6.080162001223349,5.204162001223348,-0.8760000000000012,6.095195770263672,0.16759830448052054,90
chesca_mesh,138,19,6,6,8.194907787986354,7.318907787986354,-0.8760000000000003,6.0763044357299805,0.49273148231672215,90
chesca_mesh,139,20,6,6,7.69051879771022,6.814518797710219,-0.8760000000000003,6.0964155197143555,0.10723201973327083,90
chesca_mesh,140,21,6,0,7.966215174714398,7.9662151747143986,8.881784197001252e-16,6.099057674407959,0.06201691399538256,90
chesca_mesh,141,22,6,0,6.652969713885607,6.652969713885606,-8.881784197001252e-16,6.112112522125244,-0.018717493564445062,90
chesca_mesh,142,23,6,6,7.702564804862886,6.826564804862887,-0.8759999999999994,6.1229400634765625,0.11653778963987804,90
chesca_mesh,143,24,6,6,9.005373971598848,8.129373971598849,-0.8759999999999994,6.131168365478516,0.5500625135226411,90
chesca_mesh,144,1,6,6,7.9507119225721095,7.07471192257211,-0.8759999999999994,6.137465476989746,0.3325722491275468,90
chesca_mesh,145,2,6,0,6.857617290991993,6.857617290991993,0.0,6.142464637756348,-0.05511632290893026,90
chesca_mesh,146,3,6,6,6.020707100197297,6.896707100197297,0.8759999999999994,6.1456451416015625,-0.2700970946595876,90
chesca_mesh,147,4,6,6,5.854044318406248,6.7300443184062475,0.8759999999999994,6.161353588104248,-0.3085263342674851,90
chesca_mesh,148,5,6,6,4.920175976495813,5.796175976495814,0.8760000000000012,6.151668548583984,-0.14700277547471008,90
chesca_mesh,149,6,6,6,5.542634718725076,6.329587745416255,0.7869530266911786,6.145400524139404,-0.11078844525970682,90
chesca_mesh,150,7,6,5,4.327651441540234,4.87933344508166,0.5516820035414263,6.143687725067139,-0.10001035974727085,90
chesca_mesh,151,8,6,0,4.8999638715094616,4.899963871509462,8.881784197001252e-16,6.141974925994873,-0.03532734292340839,90
chesca_mesh,152,9,6,0,5.142434253077045,5.142434253077045,0.0,6.139353275299072,-0.044840614054097505,90
chesca_mesh,153,10,6,0,5.253981099631398,5.253981099631398,0.0,6.136049270629883,-0.013951879624889847,90
chesca_mesh,154,11,6,6,4.147139858053299,4.721335856748026,0.5741959986947274,6.132745742797852,-0.14176459546205605,90
chesca_mesh,155,12,6,6,4.956873892620065,5.635580870879526,0.678706978259461,6.138881206512451,-0.9390631138648939,90
chesca_mesh,156,13,6,5,6.315256877949003,5.571256877949003,-0.7439999999999998,6.135577201843262,0.14368725070315724,90
chesca_mesh,157,14,6,6,4.95239550145389,4.07639550145389,-0.8760000000000003,6.1322736740112305,0.18929279288388426,90
chesca_mesh,158,15,6,0,5.23162741921629,5.23162741921629,0.0,6.1280035972595215,0.02534848891476739,90
chesca_mesh,159,16,6,6,5.725597526207982,4.849597526207983,-0.8759999999999986,6.123572826385498,0.5061007867596616,90
chesca_mesh,160,17,6,6,7.875610300869047,6.999610300869048,-0.8759999999999994,6.119142055511475,0.8922108823491738,90
chesca_mesh,161,18,6,6,7.674396964799048,6.798396964799048,-0.8760000000000003,6.127370834350586,0.34096030562764124,90
chesca_mesh,162,19,6,6,8.472647035949509,9.34864703594951,0.8760000000000012,6.134633541107178,-0.414321897099327,90
chesca_mesh,163,20,6,6,7.860968888210867,6.984968888210868,-0.8759999999999994,6.140769004821777,0.3542984764049874,90
chesca_mesh,164,21,6,6,8.198211730560134,7.3222117305601335,-0.8760000000000003,6.144176959991455,0.384182339151449,90
chesca_mesh,165,22,6,6,9.303413647781458,8.427413647781457,-0.8760000000000012,6.15305233001709,0.6182234217214256,90
chesca_mesh,166,23,6,6,8.663785625645708,7.787785625645711,-0.8759999999999977,6.1456451416015625,0.5574754639485205,90
chesca_mesh,167,24,6,6,8.149693743408319,7.273693743408319,-0.8760000000000003,6.161353588104248,0.28843073111151607,90
chesca_mesh,168,1,6,6,8.43202253651102,7.556022536511019,-0.8760000000000012,6.193850040435791,0.28915510705703096,90
chesca_mesh,169,2,6,6,7.519866729977318,6.643866729977318,-0.8760000000000003,6.237300872802734,0.5258609776701662,90
chesca_mesh,170,3,6,6,6.162907901035309,7.0389079010353095,0.8760000000000003,6.237300872802734,-0.3174780418046962,90
chesca_mesh,171,4,6,6,5.61995417617637,6.4959541761763715,0.8760000000000012,6.237300872802734,-0.13181033703973988,90
chesca_mesh,172,5,6,6,5.526661410643816,6.262201481654404,0.7355400710105879,6.270690441131592,-0.13174869121626964,90
chesca_mesh,173,6,6,6,5.667894452835255,6.337937034537655,0.6700425817023996,6.237300872802734,-0.149557533381608,90
chesca_mesh,174,7,6,6,4.036169313713635,4.585607219804768,0.549437906091133,6.2061896324157715,-0.16016782147888664,90
chesca_mesh,175,8,6,6,4.045314192790936,4.476569677355126,0.43125548456418983,6.2061896324157715,-0.20930141834216331,90
chesca_mesh,176,9,6,6,3.960616545391765,4.408231314384413,0.4476147689926484,6.188887596130371,-0.17397949681888175,90
chesca_mesh,177,10,6,0,3.6898935231385117,3.6898935231385117,0.0,6.188887596130371,-0.06614901560334348,90
chesca_mesh,178,11,6,6,1.5186918825265971,1.8918221981815746,0.37313031565497745,6.161353588104248,-0.1763668425861462,90
chesca_mesh,179,12,6,0,1.7404164734379355,1.7404164734379355,0.0,6.161353588104248,-0.00539619567337947,90
chesca_mesh,180,13,6,0,2.387754407798951,2.387754407798951,0.0,6.161353588104248,0.04749110280745435,90
chesca_mesh,181,14,6,6,3.8759634936739706,2.9999634936739707,-0.8759999999999999,6.161353588104248,0.0850828864321705,90
chesca_mesh,182,15,6,6,4.511448716768826,3.635448716768826,-0.8760000000000003,6.161353588104248,0.11758425114005547,90
chesca_mesh,183,16,6,6,5.210474797453448,4.334474797453447,-0.8760000000000003,6.161353588104248,0.5419280556923013,90
chesca_mesh,184,17,6,6,5.831256958738908,4.955256958738908,-0.8759999999999994,6.143932342529297,0.5339221348625248,90
chesca_mesh,185,18,6,6,6.491271094541177,5.6152710945411775,-0.8759999999999994,6.136993408203125,0.42844197703289244,90
chesca_mesh,186,19,6,6,7.4194685223596215,6.543468522359621,-0.8760000000000003,6.136993408203125,0.2842112248905394,90
chesca_mesh,187,20,6,6,9.331859473822892,8.45585947382289,-0.8760000000000012,6.136993408203125,0.27581633183798276,90
chesca_mesh,188,21,6,6,8.96895483097529,8.092954830975291,-0.8759999999999994,6.136993408203125,0.5097109925996286,90
chesca_mesh,189,22,6,0,7.2843970131835665,7.2843970131835665,0.0,6.136993408203125,0.3072929748903005,90
chesca_mesh,190,23,6,6,7.039294302968307,6.163294302968309,-0.8759999999999986,6.136993408203125,0.614632472443726,90
chesca_mesh,191,24,6,6,8.557455633035111,7.681455633035111,-0.8760000000000003,6.126104831695557,0.5303730410736262,90
chesca_mesh,192,1,6,6,8.529875369292032,7.653875369292033,-0.8759999999999994,6.126104831695557,0.3155136690689813,90
chesca_mesh,193,2,6,6,7.366660295881887,6.490660295881888,-0.8759999999999994,6.126104831695557,0.5201366230258111,90
chesca_mesh,194,3,6,6,5.041515794694731,5.917515794694731,0.8760000000000003,6.136993408203125,-0.6821060694749703,90
chesca_mesh,195,4,6,6,5.265259315123701,6.1412593151237,0.8759999999999994,6.136993408203125,-0.11974821214404648,90
chesca_mesh,196,5,6,6,4.844028661878804,5.56787442623403,0.7238457643552261,6.136993408203125,-0.15841203224827977,90
chesca_mesh,197,6,6,2,4.9823557531659395,5.30235575316594,0.3200000000000003,6.136993408203125,-0.07805843835139606,90
chesca_mesh,198,7,6,6,4.374702660078242,4.731400617766379,0.3566979576881373,6.136993408203125,-0.120626853400102,90
chesca_mesh,199,8,6,6,3.249762953758135,3.5702958106535747,0.32053285689543953,6.136993408203125,-0.11142906625985524,90
chesca_mesh,200,9,6,6,5.3130159733310816,4.437015973331081,-0.8760000000000003,6.136993408203125,0.13613257706687718,90
chesca_mesh,201,10,6,6,3.6489939026716818,4.280646101591529,0.6316521989198471,6.136993408203125,-0.0870534939411555,90
chesca_mesh,202,11,6,0,3.5891768184279034,3.5891768184279034,0.0,6.136993408203125,0.016806119254110338,90
chesca_mesh,203,12,6,6,3.1171836791340737,2.2411836791340747,-0.875999999999999,6.136993408203125,0.1323800617184248,90
chesca_mesh,204,13,6,6,5.267845359492281,4.39184535949228,-0.8760000000000003,6.136993408203125,0.2911823988322152,90
chesca_mesh,205,14,6,6,5.45133523574262,6.249434286068913,0.798099050326293,6.136993408203125,-0.233311370905105,90
chesca_mesh,206,15,6,6,6.303295854026801,5.4272958540268,-0.8760000000000003,6.136993408203125,0.17457400882772747,90
chesca_mesh,207,16,6,6,7.475187242069699,6.5991872420697,-0.8759999999999994,6.136993408203125,0.7652255363743561,90
chesca_mesh,208,17,6,6,9.865603701239426,8.989603701239426,-0.8759999999999994,6.136993408203125,1.5530370151584132,90
chesca_mesh,209,18,6,6,9.60312214176771,8.727122141767708,-0.8760000000000012,6.159151554107666,0.787467325580487,90
chesca_mesh,210,19,6,6,12.465934641064095,11.589934641064096,-0.8759999999999994,6.188887596130371,1.8106256895931898,90
chesca_mesh,211,20,6,6,11.702483194848,10.826483194848,-0.8759999999999994,6.188887596130371,1.279155464668483,90
chesca_mesh,212,21,6,6,10.11064270963206,9.234642709632059,-0.8760000000000012,6.188887596130371,0.8332998995876327,90
chesca_mesh,213,22,6,0,7.539140086622794,7.539140086622794,0.0,6.2061896324157715,0.2687446033527867,90
chesca_mesh,214,23,6,6,9.469849698609417,8.59384969860942,-0.8759999999999977,6.22609806060791,0.7439260438973844,90
chesca_mesh,215,24,6,6,8.587991006167107,7.711991006167106,-0.8760000000000003,6.261524677276611,0.36249581634409495,90
chesca_mesh,216,1,6,6,8.230817606760672,7.354817606760671,-0.8760000000000012,6.293524265289307,0.2123265465079346,90
chesca_mesh,217,2,6,6,7.802660982058114,6.926660982058114,-0.8760000000000003,6.293524265289307,0.40550223358760895,90
chesca_mesh,218,3,6,6,7.575588146068343,6.699588146068343,-0.8760000000000003,6.341617584228516,0.3619235533315513,90
chesca_mesh,219,4,6,6,7.0117893939669305,6.135789393966931,-0.8759999999999994,6.389096736907959,0.4647646117337937,90
chesca_mesh,220,5,6,6,5.298039074849641,6.17403907484964,0.8759999999999986,6.427236557006836,-0.12181144653383108,90
chesca_mesh,221,6,6,3,5.528145939679717,6.008145939679718,0.4800000000000013,6.427236557006836,-0.07619812424316334,90
chesca_mesh,222,7,6,0,4.223834136558285,4.223834136558285,0.0,6.427236557006836,-0.030068634176001342,90
chesca_mesh,223,8,6,0,4.692377645089729,4.692377645089729,0.0,6.427236557006836,-0.02463189916898916,90
chesca_mesh,224,9,6,6,3.5028548663860075,4.17129992721194,0.6684450608259329,6.456424713134766,-0.46512028012757006,90
chesca_mesh,225,10,6,0,2.933151309456393,2.9331513094563935,4.440892098500626e-16,6.456424713134766,0.05920298619728401,90
chesca_mesh,226,11,6,6,2.80318008061663,1.9271800806166304,-0.8759999999999997,6.427236557006836,0.12452754079218754,90
chesca_mesh,227,12,6,6,3.7002314320956304,2.8242314320956305,-0.8759999999999999,6.427236557006836,0.2651023869680161,90
chesca_mesh,228,13,6,5,5.172742171851347,4.428742171851347,-0.7439999999999998,6.389096736907959,0.4290004050936481,90
chesca_mesh,229,14,6,6,5.7793461839081095,6.484730425203652,0.7053842412955422,6.389096736907959,-0.14788166751068485,90
chesca_mesh,230,15,6,4,5.241009241696712,5.825009241696712,0.5840000000000005,6.341617584228516,-0.08947917781764132,90
chesca_mesh,231,16,6,6,5.690399851113924,4.814399851113925,-0.8759999999999994,6.293524265289307,0.3411025978203596,90
chesca_mesh,232,17,6,6,8.58867026185628,7.712670261856278,-0.8760000000000012,6.341617584228516,0.48776162860162897,90
chesca_mesh,233,18,6,6,8.630115381632347,7.754115381632347,-0.8760000000000003,6.389096736907959,0.800645251045667,90
chesca_mesh,234,19,6,6,10.535526622981523,9.659526622981522,-0.8760000000000012,6.427236557006836,1.0682115703978043,90
chesca_mesh,235,20,6,6,10.10661264448157,9.230612644481573,-0.8759999999999977,6.456424713134766,0.6250996075620052,90
chesca_mesh,236,21,6,6,10.171896797291048,9.295896797291048,-0.8759999999999994,6.491438388824463,0.8085969965611192,90
chesca_mesh,237,22,6,6,9.603490599205177,8.727490599205176,-0.8760000000000012,6.491438388824463,0.5740750136787433,90
chesca_mesh,238,23,6,6,10.398689747361857,9.52268974736186,-0.8759999999999977,6.491438388824463,0.734928174149998,90
chesca_mesh,239,24,6,6,11.616509461223512,10.740509461223512,-0.8759999999999994,6.514715194702148,1.1079767866710426,90
chesca_mesh,240,1,6,6,9.218451826230925,8.342451826230926,-0.8759999999999994,6.5286030769348145,0.38590362792071126,90
chesca_mesh,241,2,6,6,9.189011260482372,8.313011260482371,-0.8760000000000012,6.544561386108398,0.3844786352135907,90
chesca_mesh,242,3,6,6,8.25834456824198,7.382344568241981,-0.8759999999999994,6.5772480964660645,0.34468706799048354,90
chesca_mesh,243,4,6,6,6.679785123289865,7.5557851232898665,0.8760000000000012,6.605974197387695,-0.3168152645852577,90
chesca_mesh,244,5,6,6,5.451480372192174,6.3274803721921735,0.8759999999999994,6.605974197387695,-0.28051389715326636,90
chesca_mesh,245,6,6,6,5.476498471252372,6.067591168157752,0.5910926969053802,6.605974197387695,-0.18747504886995148,90
chesca_mesh,246,7,6,6,4.421735345721617,4.971771455473755,0.5500361097521385,6.605974197387695,-0.16009577303162273,90
chesca_mesh,247,8,6,6,4.111696982543975,4.678416860763827,0.5667198782198515,6.605974197387695,-0.17711703247735394,90
chesca_mesh,248,9,6,6,4.3825984460179495,4.743703474570538,0.36110502855258897,6.605974197387695,-0.10878958851803787,90
chesca_mesh,249,10,6,6,2.2805502228863226,2.7195165681273705,0.43896634524104794,6.681683540344238,-0.5993535192741359,90
chesca_mesh,250,11,6,6,0.1392182215336627,0.48718554514251833,0.3479673236088556,6.681683540344238,-0.2103820001199797,90
chesca_mesh,251,12,6,0,-0.23856936686432428,-0.23856936686432428,0.0,6.681683540344238,0.00816493147210038,90
chesca_mesh,252,13,6,6,2.7923395307462937,1.959624758283449,-0.8327147724628448,6.681683540344238,0.14777709094176367,90
chesca_mesh,253,14,6,6,3.5887420685515554,2.7127420685515555,-0.8759999999999999,6.681683540344238,0.3301503348056156,90
chesca_mesh,254,15,6,6,4.832997008146368,5.472511144833607,0.6395141366872394,6.681683540344238,-0.0984966112723068,90
chesca_mesh,255,16,6,4,9.25335358708487,8.64135358708487,-0.6120000000000001,6.681683540344238,1.3389626460842585,90
chesca_mesh,256,17,6,0,7.546260916629686,7.546260916629687,8.881784197001252e-16,6.748184680938721,0.007891084073980693,90
chesca_mesh,257,18,6,6,8.81195600573066,7.93595600573066,-0.8760000000000003,6.748184680938721,0.8465005182490606,90
chesca_mesh,258,19,6,6,12.753522562336792,11.877522562336793,-0.8759999999999994,6.801942348480225,1.850407061125374,90
chesca_mesh,259,20,6,6,10.915784587860108,10.039784587860106,-0.8760000000000012,6.801942348480225,0.898596751548338,90
chesca_mesh,260,21,6,6,10.668122355795461,9.792122355795462,-0.8759999999999994,6.801942348480225,0.8897477896901929,90
chesca_mesh,261,22,6,6,8.6943226334962,9.570322633496199,0.8759999999999994,6.801942348480225,-0.29323391486705075,90
chesca_mesh,262,23,6,6,8.970681119751768,8.094681119751769,-0.8759999999999994,6.801942348480225,0.2977561192800277,90
chesca_mesh,263,24,6,6,9.94134874263949,9.065348742639491,-0.8759999999999994,6.896455764770508,0.6144501296744161,90
chesca_mesh,264,1,6,6,10.142220599948791,9.266220599948792,-0.8759999999999994,6.947919845581055,0.5943182420730101,90
chesca_mesh,265,2,6,6,8.53371489623142,7.657714896231419,-0.8760000000000003,7.045384883880615,0.30957888405218426,90
chesca_mesh,266,3,6,0,7.457770527407349,7.457770527407349,0.0,7.1426262855529785,0.036963308235610955,90
chesca_mesh,267,4,6,6,5.804780054174635,6.680780054174634,0.8759999999999994,7.173978805541992,-0.1540514370830673,90
chesca_mesh,268,5,6,6,4.949773812713967,5.825773812713967,0.8760000000000003,7.173978805541992,-0.12899208415685437,90
chesca_mesh,269,6,6,6,5.008451369208885,5.581287613934238,0.5728362447253534,7.173978805541992,-0.11294159212878288,90
chesca_mesh,270,7,6,2,3.6351149325089067,3.927114932508907,0.29200000000000026,7.173978805541992,-0.08392126871719194,90
chesca_mesh,271,8,6,6,3.8160061089312265,2.9400061089312266,-0.8759999999999999,7.173978805541992,0.13197619207915048,90
chesca_mesh,272,9,6,6,2.702059698893109,1.8260596988931082,-0.8760000000000008,7.173978805541992,0.1305234819517863,90
chesca_mesh,273,10,6,5,4.7652335130512355,4.021233513051235,-0.7440000000000007,7.173978805541992,0.24967610085704733,90
chesca_mesh,274,11,6,6,3.125376839469552,2.249376839469552,-0.8759999999999999,7.173978805541992,0.12072317876576921,90
chesca_mesh,275,12,6,6,3.6128892561211314,2.736889256121131,-0.8760000000000003,7.173978805541992,0.14280535215052415,90
chesca_mesh,276,13,6,6,5.204641631780807,4.3286416317808065,-0.8760000000000003,7.173978805541992,0.38024703855009656,90
chesca_mesh,277,14,6,6,4.5094117166228935,3.6334117166228928,-0.8760000000000008,7.173978805541992,0.31499956343245716,90
chesca_mesh,278,15,6,6,4.865070040746988,3.9890700407469875,-0.8760000000000008,7.173978805541992,0.284898032414832,90
chesca_mesh,279,16,6,6,8.06688669053223,7.190886690532231,-0.8759999999999994,7.173978805541992,0.24233867952931515,90
chesca_mesh,280,17,6,6,8.20739224207955,7.33139224207955,-0.8759999999999994,7.173978805541992,0.2849006794562913,90
chesca_mesh,281,18,6,6,10.852480825696908,9.976480825696907,-0.8760000000000012,7.1939897537231445,0.9688232438931639,90
chesca_mesh,282,19,6,6,13.69263523105872,12.816635231058719,-0.8760000000000012,7.212924480438232,1.8974497113776683,90
chesca_mesh,283,20,6,6,11.36172605653315,10.485726056533151,-0.8759999999999994,7.212924480438232,0.723927838079983,90
chesca_mesh,284,21,6,6,11.726590037235395,10.850590037235396,-0.8759999999999994,7.212924480438232,0.8170474940736092,90
chesca_mesh,285,22,6,6,11.633547258597947,10.757547258597947,-0.8759999999999994,7.232356071472168,0.5642384739372425,90
chesca_mesh,286,23,6,0,10.485391226067435,10.485391226067433,-1.7763568394002505e-15,7.251291275024414,0.05969024507361417,90
chesca_mesh,287,24,6,6,10.054772603689345,9.178772603689346,-0.8759999999999994,7.3134236335754395,0.44276962115070045,90
chesca_mesh,288,1,6,6,9.333589219539439,8.457589219539438,-0.8760000000000012,7.3656229972839355,0.23812572328227355,90
chesca_mesh,289,2,6,6,8.840201522821191,7.96420152282119,-0.8760000000000012,7.38019323348999,0.13895500344909928,90
chesca_mesh,290,3,6,6,7.993206244002666,7.1172062440026655,-0.8760000000000003,7.3910746574401855,0.20718255800454766,90
chesca_mesh,291,4,6,6,8.587205610183283,7.711205610183282,-0.8760000000000003,7.3910746574401855,0.22557639332042329,90
chesca_mesh,292,5,6,0,5.120571158680116,5.120571158680115,-8.881784197001252e-16,7.428086757659912,-0.07784443201090191,90
chesca_mesh,293,6,6,6,5.750012237712234,4.874012237712234,-0.8759999999999994,7.428086757659912,0.12271049296621113,90
chesca_mesh,294,7,6,6,5.193749978131572,4.317749978131571,-0.8760000000000003,7.3910746574401855,0.23990972958394322,90
chesca_mesh,295,8,6,6,4.4956840322107725,3.6196840322107726,-0.8759999999999999,7.3910746574401855,0.14947779067934172,90
chesca_mesh,296,9,6,6,3.3843794735299997,2.5083794735299993,-0.8760000000000003,7.3910746574401855,0.1719971467979001,90
chesca_mesh,297,10,6,6,2.275056476064295,1.3990564760642945,-0.8760000000000003,7.3910746574401855,0.22924139451312775,90
chesca_mesh,298,11,6,6,3.364832050261033,2.4888320502610326,-0.8760000000000003,7.3910746574401855,0.21627546482289078,90
chesca_mesh,299,12,6,6,5.545561866361455,4.669561866361455,-0.8759999999999994,7.3910746574401855,0.43385322070300125,90
chesca_mesh,300,13,6,6,5.728422730211685,4.852422730211685,-0.8760000000000003,7.3910746574401855,0.1350668304806639,90
chesca_mesh,301,14,6,6,5.888831436500774,5.0128314365007745,-0.8759999999999994,7.3910746574401855,0.3311818700632001,90
chesca_mesh,302,15,6,6,8.09694933363519,7.22094933363519,-0.8759999999999994,7.38019323348999,0.30984743647773194,90
chesca_mesh,303,16,6,6,8.884423912868954,8.008423912868952,-0.8760000000000012,7.38019323348999,0.4014310841349079,90
chesca_mesh,304,17,6,6,11.930971690730873,11.054971690730873,-0.8759999999999994,7.38019323348999,1.4541871760662133,90
chesca_mesh,305,18,6,6,10.180470714997183,9.304470714997183,-0.8759999999999994,7.3910746574401855,0.6402395742164707,90
chesca_mesh,306,19,6,6,13.383001014072937,12.507001014072937,-0.8759999999999994,7.428086757659912,1.7271511696222006,90
chesca_mesh,307,20,6,6,13.938771699780828,13.062771699780829,-0.8759999999999994,7.512493133544922,1.3714361762453247,90
chesca_mesh,308,21,6,6,10.018120063205197,9.142120063205198,-0.8759999999999994,7.512493133544922,0.35968386061500374,90
chesca_mesh,309,22,6,3,8.886770651988158,8.406770651988158,-0.4800000000000004,7.560426235198975,0.5022792647563549,90
chesca_mesh,310,23,6,6,9.42410579820298,8.54810579820298,-0.8759999999999994,7.588111400604248,0.3437863804095467,90
chesca_mesh,311,24,6,6,9.61751058642628,8.74151058642628,-0.8759999999999994,7.6408514976501465,0.3618856578932391,90
chesca_mesh,312,1,6,6,9.862130510036698,8.986130510036697,-0.8760000000000012,7.6408514976501465,0.4597131491181373,90
chesca_mesh,313,2,6,6,9.378202043638145,8.502202043638144,-0.8760000000000012,7.678192615509033,0.24895272484108116,90
chesca_mesh,314,3,6,0,7.163071309388502,7.163071309388502,0.0,7.698953628540039,-0.012938207792071943,90
chesca_mesh,315,4,6,0,6.160457537361165,6.160457537361165,0.0,7.698953628540039,0.02599550834307439,90
chesca_mesh,316,5,6,0,4.918205110460869,4.918205110460869,0.0,7.698953628540039,0.023170040007756548,90
chesca_mesh,317,6,6,6,5.341553913248265,4.4655539132482645,-0.8760000000000003,7.698953628540039,0.0908174298875691,90
chesca_mesh,318,7,6,6,5.203790108747185,4.327790108747187,-0.8759999999999986,7.698953628540039,0.1322826837411316,90
chesca_mesh,319,8,6,6,5.1981375509511505,4.322137550951151,-0.8759999999999994,7.698953628540039,0.11543892474524112,90
chesca_mesh,320,9,6,0,3.252610036844132,3.2526100368441324,4.440892098500626e-16,7.698953628540039,0.0004299818319357246,90
chesca_mesh,321,10,6,6,4.180872666102096,3.304872666102096,-0.8759999999999999,7.698953628540039,0.17855671712038299,90
chesca_mesh,322,11,6,6,4.014407902937158,3.138407902937158,-0.8760000000000003,7.698953628540039,0.16050932534472728,90
chesca_mesh,323,12,6,6,4.950042231685002,4.074042231685001,-0.8760000000000003,7.678192615509033,0.1469976305427967,90
chesca_mesh,324,13,6,0,4.969299260160873,4.969299260160873,0.0,7.678192615509033,0.06951480461232776,90
chesca_mesh,325,14,6,0,4.651837313545046,4.651837313545046,0.0,7.678192615509033,0.06868896305875691,90
chesca_mesh,326,15,6,6,5.470468413601742,4.594468413601741,-0.8760000000000003,7.678192615509033,0.324167749879421,90
chesca_mesh,327,16,6,6,7.018181569018884,6.142181569018882,-0.8760000000000021,7.678192615509033,0.6149328769912277,90
chesca_mesh,328,17,6,6,10.107388900349019,9.231388900349017,-0.8760000000000012,7.678192615509033,1.119436088257542,90
chesca_mesh,329,18,6,6,15.80575599245989,14.929755992459892,-0.8759999999999977,7.678192615509033,2.7773238927954496,90
chesca_mesh,330,19,6,6,13.761496422565436,12.885496422565435,-0.8760000000000012,7.678192615509033,0.7402360274860136,90
chesca_mesh,331,20,6,6,11.863858161950413,10.987858161950413,-0.8759999999999994,7.678192615509033,0.8044974295394102,90
chesca_mesh,332,21,6,6,11.846844710603126,10.970844710603126,-0.8759999999999994,7.698953628540039,0.9276094894905959,90
chesca_mesh,333,22,6,6,11.454618517781732,10.578618517781731,-0.8760000000000012,7.698953628540039,0.9104507239214028,90
chesca_mesh,334,23,6,6,11.438684455212696,10.562684455212695,-0.8760000000000012,7.754542350769043,0.9295600533155124,90
chesca_mesh,335,24,6,6,10.325423262705534,9.449423262705535,-0.8759999999999994,7.754542350769043,0.4827270007989325,90
chesca_mesh,336,1,6,6,11.207707732071565,10.331707732071566,-0.8759999999999994,7.82426118850708,0.809758162373743,90
chesca_mesh,337,2,6,6,10.470442069912695,9.594442069912695,-0.8759999999999994,7.870350360870361,0.5208037336085841,90
chesca_mesh,338,3,6,6,9.492398390996296,8.616398390996297,-0.8759999999999994,7.889988899230957,0.2687612887482636,90
chesca_mesh,339,4,6,6,9.208304966505903,8.332304966505902,-0.8760000000000012,7.955063819885254,0.25027716778903003,90
chesca_mesh,340,5,6,0,6.63222208941467,6.632222089414671,8.881784197001252e-16,7.955063819885254,0.05785234442763118,90
chesca_mesh,341,6,6,0,6.610876746962771,6.61087674696277,-8.881784197001252e-16,8.015046119689941,0.017874125000621383,90
chesca_mesh,342,7,6,6,6.079793902597232,5.203793902597232,-0.8760000000000003,8.015046119689941,0.1562113102304403,90
chesca_mesh,343,8,6,0,5.201034156995518,5.201034156995518,0.0,8.015046119689941,0.014733451688552945,90
chesca_mesh,344,9,6,6,4.319797371848397,5.165724492490626,0.8459271206422292,8.067370414733887,-0.28535679310971773,90
chesca_mesh,345,10,6,5,2.9404134761049416,3.576413476104941,0.6359999999999992,8.067370414733887,-0.09331929475408733,90
chesca_mesh,346,11,6,6,3.0882396454486143,2.2122396454486135,-0.8760000000000008,8.067370414733887,0.09596501107354813,90
chesca_mesh,347,12,6,6,3.139521912115785,2.2635219121157846,-0.8760000000000003,8.067370414733887,0.08673181137850604,90
chesca_mesh,348,13,6,6,4.6009716593197325,3.724971659319733,-0.8759999999999994,8.067370414733887,0.3329139059662581,90
chesca_mesh,349,14,6,6,3.503680112402093,2.6276801124020945,-0.8759999999999986,8.067370414733887,0.17991640791452318,90
chesca_mesh,350,15,6,6,5.005233564349514,4.129233564349514,-0.8760000000000003,8.067370414733887,0.26619887345979093,90
chesca_mesh,351,16,6,6,7.197441884452115,6.321441884452115,-0.8759999999999994,8.067370414733887,0.6048080976041091,90
chesca_mesh,352,17,6,6,9.602470379825515,8.726470379825516,-0.8759999999999994,8.067370414733887,0.8991973239948258,90
chesca_mesh,353,18,6,6,10.527501822338674,9.651501822338673,-0.8760000000000012,8.176255226135254,0.8162907234314682,90
chesca_mesh,354,19,6,6,14.145240427351498,13.269240427351496,-0.8760000000000012,8.235282897949219,1.6443311484925862,90
chesca_mesh,355,20,6,6,13.844058467342807,12.968058467342805,-0.8760000000000012,8.235282897949219,1.2883063494086682,90
chesca_mesh,356,21,6,6,11.992851441700019,11.116851441700017,-0.8760000000000012,8.235282897949219,0.7645343889517131,90
chesca_mesh,357,22,6,6,8.603473110198976,9.479473110198976,0.8759999999999994,8.24807357788086,-0.14842502371538396,90
chesca_mesh,358,23,6,6,10.43008981126859,9.55408981126859,-0.8760000000000012,8.281516075134277,0.4264623084440416,90
chesca_mesh,359,24,6,6,10.319555573411954,9.443555573411953,-0.8760000000000012,8.32185173034668,0.38295255943249973,90
chesca_mesh,360,1,6,6,10.481760078250089,9.605760078250087,-0.8760000000000012,8.35460376739502,0.29056388115501974,90
chesca_mesh,361,2,6,6,10.150750998167355,9.274750998167356,-0.8759999999999994,8.3718843460083,0.11213417114729364,90
chesca_mesh,362,3,6,0,8.761856244764088,8.76185624476409,1.7763568394002505e-15,8.3718843460083,-0.025196159248656536,90
chesca_mesh,363,4,6,6,6.51550871818227,7.391508718182269,0.8759999999999994,8.385164260864258,-0.20359261591775707,90
chesca_mesh,364,5,6,6,5.439629665705489,6.3156296657054884,0.8759999999999994,8.385164260864258,-0.14309706480327036,90
chesca_mesh,365,6,6,0,5.5884885988882775,5.588488598888278,8.881784197001252e-16,8.385164260864258,-0.05244974736135596,90
chesca_mesh,366,7,6,0,4.0742207621285225,4.0742207621285225,0.0,8.385164260864258,-0.018963638058698426,90
chesca_mesh,367,8,6,6,4.5121027870682395,3.636102787068239,-0.8760000000000003,8.385164260864258,0.09856245487041737,90
chesca_mesh,368,9,6,6,3.663102811202119,2.787102811202119,-0.8760000000000003,8.385164260864258,0.0872047317453043,90
chesca_mesh,369,10,6,6,4.2826979245849985,3.4066979245849986,-0.8759999999999999,8.385164260864258,0.0973850522316512,90
chesca_mesh,370,11,6,0,2.9103425864540364,2.9103425864540364,0.0,8.385164260864258,0.046555323151641737,90
chesca_mesh,371,12,6,6,3.078409723747999,2.202409723747999,-0.8759999999999999,8.385164260864258,0.1486711223321709,90
chesca_mesh,372,13,6,6,5.568431034078433,4.6924310340784325,-0.8760000000000003,8.385164260864258,0.12318098618857395,90
chesca_mesh,373,14,6,6,5.500213033153313,4.624213033153313,-0.8759999999999994,8.3718843460083,0.29136906632943516,90
chesca_mesh,374,15,6,6,7.174591113465581,6.298591113465582,-0.8759999999999994,8.3718843460083,0.3206738836071923,90
chesca_mesh,375,16,6,6,8.644523950977781,7.76852395097778,-0.8760000000000012,8.3718843460083,0.5307162178821695,90
chesca_mesh,376,17,6,6,12.576194623430416,11.700194623430416,-0.8759999999999994,8.3718843460083,1.4717804284509306,90
chesca_mesh,377,18,6,6,10.50945170542134,9.633451705421338,-0.8760000000000012,8.3718843460083,0.534494263812468,90
chesca_mesh,378,19,6,6,13.03250575936032,12.156505759360321,-0.8759999999999994,8.3718843460083,1.0302960824876666,90
chesca_mesh,379,20,6,6,10.63998400942349,9.76398400942349,-0.8759999999999994,8.3718843460083,0.16085821433017233,90
chesca_mesh,380,21,6,6,9.6106047856764,8.734604785676401,-0.8759999999999994,8.3718843460083,0.2954864763924517,90
chesca_mesh,381,22,6,6,7.820736429239825,8.696736429239825,0.8760000000000003,8.3718843460083,-0.10693546242106064,90
chesca_mesh,382,23,6,6,8.573504851533649,7.697504851533648,-0.8760000000000003,8.3718843460083,0.10085851220414166,90
chesca_mesh,383,24,6,6,9.592787653028397,8.716787653028398,-0.8759999999999994,8.3718843460083,0.1527068996934733,90
chesca_mesh,384,1,6,6,10.26813958780167,9.392139587801669,-0.8760000000000012,8.385164260864258,0.2645355618511777,90
chesca_mesh,385,2,6,6,7.798341367108025,8.674341367108026,0.8760000000000012,8.402392387390137,-0.1734866826915046,90
chesca_mesh,386,3,6,6,5.45481267368732,6.33081267368732,0.8760000000000003,8.410520553588867,-0.2586142321985393,90
chesca_mesh,387,4,6,6,5.95607776933213,6.762986905051494,0.8069091357193638,8.410520553588867,-0.11788540694589812,90
chesca_mesh,388,5,6,6,5.191626002841007,5.755467319889728,0.5638413170487215,8.410520553588867,-0.19550138277247256,90
chesca_mesh,389,6,6,0,4.827262095301109,4.827262095301109,0.0,8.410520553588867,-0.06720905454796713,90
chesca_mesh,390,7,6,0,4.010985422201989,4.010985422201989,0.0,8.410520553588867,-0.008410034147163774,90
chesca_mesh,391,8,6,0,4.580799967822694,4.580799967822693,-8.881784197001252e-16,8.410520553588867,0.028238059432940783,90
chesca_mesh,392,9,6,6,3.110878670283374,3.611347242897273,0.5004685726138987,8.402392387390137,-0.10117017551999367,90
chesca_mesh,393,10,6,1,2.7294370790593687,2.8894370790593684,0.1599999999999997,8.402392387390137,-0.08277203670846604,90
chesca_mesh,394,11,6,0,5.174431833646482,5.174431833646482,0.0,8.402392387390137,-0.02235186744885536,90
chesca_mesh,395,12,6,6,5.259155098561612,5.946691343323691,0.6875362447620788,8.410520553588867,-0.20893633795440983,90
chesca_mesh,396,13,6,6,6.167946957490995,6.945290807444636,0.7773438499536409,8.410520553588867,-0.12698029865298271,90
chesca_mesh,397,14,6,0,5.918615819213001,5.918615819213001,0.0,8.410520553588867,0.00801527602425546,90
chesca_mesh,398,15,6,0,5.8825848287105735,5.8825848287105735,0.0,8.410520553588867,-0.04691512748055132,90
chesca_mesh,399,16,6,6,8.738887059677442,8.000852914867172,-0.7380341448102694,8.410520553588867,0.4974626273224403,90
chesca_mesh,400,17,6,6,11.63775307530407,10.761753075304071,-0.8759999999999994,8.402392387390137,1.2108473117346392,90
chesca_mesh,401,18,6,6,13.160189369827602,12.284189369827603,-0.8759999999999994,8.410520553588867,1.468640054978122,90
chesca_mesh,402,19,6,6,16.06751087868924,15.191510878689245,-0.8759999999999959,8.416895866394043,1.8998603629125783,90
chesca_mesh,403,20,6,6,13.06707368038408,12.191073680384083,-0.8759999999999977,8.416895866394043,0.4161450137488864,90
chesca_mesh,404,21,6,6,12.24919018418288,11.373190184182878,-0.8760000000000012,8.416895866394043,0.7855313362894185,90
chesca_mesh,405,22,6,0,10.404091618261287,10.404091618261289,1.7763568394002505e-15,8.416895866394043,0.45367602869557905,90
chesca_mesh,406,23,6,6,9.737674653089316,8.861674653089317,-0.8759999999999994,8.416895866394043,0.3492766677915678,90
chesca_mesh,407,24,6,6,9.825550399412839,8.949550399412841,-0.8759999999999977,8.416895866394043,0.11036400203593058,90
chesca_mesh,408,1,6,6,11.044492946367136,10.168492946367135,-0.8760000000000012,8.416895866394043,0.34857052121693793,90
chesca_mesh,409,2,6,6,8.450490585617082,9.326490585617082,0.8759999999999994,8.435461044311523,-0.23279253137299,90
chesca_mesh,410,3,6,6,6.271809403530094,7.147809403530093,0.8759999999999994,8.468788146972656,-0.2922755303773722,90
chesca_mesh,411,4,6,6,6.1609177579787335,7.036917757978733,0.8759999999999994,8.468788146972656,-0.13112074644801355,90
chesca_mesh,412,5,6,6,6.4109724055168495,7.179510773568553,0.7685383680517033,8.468788146972656,-0.13179299654195925,90
chesca_mesh,413,6,6,6,5.732791619719892,6.382446404442653,0.6496547847227614,8.468788146972656,-0.2057103327048148,90
chesca_mesh,414,7,6,6,5.235589056878537,5.6916758063520945,0.4560867494735579,8.468788146972656,-0.12028405615305468,90
chesca_mesh,415,8,6,6,3.826463517665837,4.385689695316119,0.5592261776502818,8.468788146972656,-0.11761242363588867,90
chesca_mesh,416,9,6,2,2.428564643609059,2.7485646436090585,0.3199999999999994,8.468788146972656,-0.10062458470090559,90
chesca_mesh,417,10,6,0,2.897142085040768,2.8971420850407674,-4.440892098500626e-16,8.468788146972656,0.008546431164551066,90
chesca_mesh,418,11,6,0,3.2448649063613817,3.2448649063613817,0.0,8.468788146972656,-0.019151899288644577,90
chesca_mesh,419,12,6,0,2.314166466890971,2.314166466890971,0.0,8.468788146972656,0.028992124820703485,90
chesca_mesh,420,13,6,6,5.391615712036324,4.5156157120363245,-0.8759999999999994,8.468788146972656,0.16892622663308407,90
chesca_mesh,421,14,6,6,4.064149124980763,4.603618192623961,0.5394690676431981,8.468788146972656,-0.09412372270707732,90
chesca_mesh,422,15,6,6,4.701050498795825,3.825050498795825,-0.8759999999999994,8.468788146972656,0.1259295174949614,90
chesca_mesh,423,16,6,6,7.931623401814656,7.055623401814658,-0.8759999999999986,8.468788146972656,0.7029909639320892,90
chesca_mesh,424,17,6,6,9.271134825428742,8.395134825428743,-0.8759999999999994,8.435461044311523,0.6466846091094581,90
chesca_mesh,425,18,6,6,11.688868050920192,10.81286805092019,-0.8760000000000012,8.435461044311523,1.1986014276300307,90
chesca_mesh,426,19,6,6,14.311755777037915,13.435755777037915,-0.8759999999999994,8.468788146972656,1.551111408687365,90
chesca_mesh,427,20,6,6,11.464725641128027,10.588725641128029,-0.8759999999999977,8.468788146972656,0.33370050318319994,90
chesca_mesh,428,21,6,6,11.155474646356478,10.279474646356478,-0.8759999999999994,8.468788146972656,0.41956824009594434,90
chesca_mesh,429,22,6,6,8.94367593158576,9.819675931585762,0.8760000000000012,8.468788146972656,-0.11594655335134285,90
chesca_mesh,430,23,6,0,8.827011898546154,8.827011898546154,0.0,8.555814743041992,-0.01652783839226707,90
chesca_mesh,431,24,6,6,8.49454294668497,9.370542946684969,0.8759999999999994,8.614012718200684,-0.22967946964467234,90
chesca_mesh,432,1,6,6,8.279898204959125,9.155898204959124,0.8759999999999994,8.614012718200684,-0.2643905703294165,90
chesca_mesh,433,2,6,6,6.3541475550155315,7.230147555015532,0.8760000000000003,8.614012718200684,-0.37183672045053473,90
chesca_mesh,434,3,6,6,5.268871446400766,6.088011979414057,0.8191405330132913,8.614012718200684,-0.338524395125325,90
chesca_mesh,435,4,6,6,4.940070735097672,5.6377231436999615,0.6976524086022895,8.614012718200684,-0.3055872741670994,90
chesca_mesh,436,5,6,6,3.9296389509788554,4.30322094106987,0.3735819900910142,8.614012718200684,-0.3687018858939538,90
chesca_mesh,437,6,6,6,5.275726437853592,5.617100118292481,0.34137368043888916,8.614012718200684,-0.28001276244245615,90
chesca_mesh,438,7,6,6,3.9893026027346927,4.3287811987778655,0.33947859604317276,8.614012718200684,-0.2399625613004563,90
chesca_mesh,439,8,6,6,3.5214539772419418,3.754205806460393,0.23275182921845117,8.636907577514648,-0.740535945306378,90
chesca_mesh,440,9,6,6,-0.005397169414428693,0.2148475535604928,0.22024472297492148,8.636907577514648,-0.37760298116752816,90
chesca_mesh,441,10,6,6,1.4753763823391086,1.8147913685306447,0.3394149861915361,8.636907577514648,-0.13714495278524963,90
chesca_mesh,442,11,6,0,0.21040751105985478,0.21040751105985478,0.0,8.636907577514648,-0.04806973577183929,90
chesca_mesh,443,12,6,6,1.9482444558700793,1.0722444558700794,-0.8759999999999999,8.636907577514648,0.08432293933018074,90
chesca_mesh,444,13,6,6,2.5975778553007176,1.7215778553007177,-0.8759999999999999,8.636907577514648,0.14630487928194646,90
chesca_mesh,445,14,6,6,3.0931231806625914,2.2171231806625915,-0.8759999999999999,8.636907577514648,0.08670962566117224,90
chesca_mesh,446,15,6,6,5.016015525290237,5.565566378195857,0.5495508529056199,8.636907577514648,-0.10594831469595545,90
chesca_mesh,447,16,6,5,6.416496194878361,5.672496194878361,-0.7439999999999998,8.636907577514648,0.11110904758126523,90
chesca_mesh,448,17,6,6,8.817153400937691,7.94115340093769,-0.8760000000000012,8.614012718200684,0.23873318397792626,90
chesca_mesh,449,18,6,6,11.82349209586726,10.947492095867263,-0.8759999999999977,8.555814743041992,0.7690232902989186,90
chesca_mesh,450,19,6,6,15.64938772163886,14.77338772163886,-0.8759999999999994,8.555814743041992,1.7774910817832137,90
chesca_mesh,451,20,6,6,13.354280935436606,12.478280935436606,-0.8759999999999994,8.555814743041992,0.8336548170800969,90
chesca_mesh,452,21,6,6,12.793410173167972,11.917410173167973,-0.8759999999999994,8.555814743041992,0.7733235353151878,90
chesca_mesh,453,22,6,0,10.649077547637384,10.649077547637384,0.0,8.555814743041992,0.4060001694949179,90
chesca_mesh,454,23,6,6,9.869997865476819,8.993997865476818,-0.8760000000000012,8.555814743041992,0.5312614470677639,90
chesca_mesh,455,24,6,6,10.444667981811536,9.568667981811535,-0.8760000000000012,8.555814743041992,0.12409359527150807,90
chesca_mesh,456,1,6,6,10.602527361757117,9.726527361757118,-0.8759999999999994,8.555814743041992,0.3324960634006675,90
chesca_mesh,457,2,6,6,8.872333623832514,9.748333623832515,0.8760000000000012,8.614012718200684,-0.2774777290849051,90
chesca_mesh,458,3,6,6,7.047967927844676,7.923967927844674,0.8759999999999986,8.636907577514648,-0.4220106011456713,90
chesca_mesh,459,4,6,6,6.308209248416409,7.10389654597736,0.795687297560951,8.636907577514648,-0.347669251417293,90
chesca_mesh,460,5,6,6,5.446330488849462,6.008095949144598,0.5617654602951365,8.636907577514648,-0.43808466801078016,90
chesca_mesh,461,6,6,6,6.1279295028391125,6.675923689389034,0.5479941865499214,8.636907577514648,-0.4320271825681834,90
chesca_mesh,462,7,6,5,5.8029096533076645,6.427018307156486,0.6241086538488219,8.636907577514648,-0.10826073829644198,90
chesca_mesh,463,8,6,6,5.37176776159629,6.127831549403407,0.7560637878071166,8.636907577514648,-0.24032072635852594,90
chesca_mesh,464,9,6,6,3.7056537335390725,4.211927434146517,0.5062737006074447,8.636907577514648,-0.37701706513205735,90
chesca_mesh,465,10,6,0,4.208615327681756,4.208615327681756,0.0,8.636907577514648,-0.059624163383696804,90
chesca_mesh,466,11,6,6,1.2687925347168738,1.635877266750377,0.3670847320335031,8.636907577514648,-0.16470001345775487,90
chesca_mesh,467,12,6,0,4.1645749541898205,4.1645749541898205,0.0,8.636907577514648,-0.02344776858547179,90
chesca_mesh,468,13,6,0,5.1630357604486825,5.1630357604486825,0.0,8.636907577514648,-0.032214360524639635,90
chesca_mesh,469,14,6,3,4.875685147861351,5.327685147861351,0.45199999999999996,8.636907577514648,-0.09107644078174222,90
chesca_mesh,470,15,6,0,5.405668805451176,5.405668805451176,0.0,8.636907577514648,-0.005021021461854833,90
chesca_mesh,471,16,6,6,6.762503669900445,5.886503669900445,-0.8760000000000003,8.636907577514648,0.08764783793377032,90
chesca_mesh,472,17,6,5,9.9597860732366,9.215786073236599,-0.7440000000000015,8.71328353881836,0.28820763879263317,90
chesca_mesh,473,18,6,6,12.1930318227036,11.317031822703601,-0.8759999999999994,8.71328353881836,0.518756226322968,90
chesca_mesh,474,19,6,6,13.193838428934715,12.317838428934715,-0.8759999999999994,8.71328353881836,0.9338349137413416,90
chesca_mesh,475,20,6,6,11.512293505750819,10.636293505750817,-0.8760000000000012,8.71328353881836,0.299193163381546,90
chesca_mesh,476,21,6,6,11.210844773474134,10.334844773474133,-0.8760000000000012,8.71328353881836,0.27177784485709267,90
chesca_mesh,477,22,6,6,9.623076793590231,10.499076793590229,0.8759999999999977,8.765501022338867,-0.16683046420462289,90
chesca_mesh,478,23,6,6,9.59459253104991,10.47059253104991,0.8759999999999994,8.79808235168457,-0.39397191453950886,90
chesca_mesh,479,24,6,6,8.541842151105362,9.417842151105361,0.8759999999999994,8.831658363342285,-0.19179129462063155,90
chesca_mesh,480,1,6,0,9.427276785771097,9.427276785771099,1.7763568394002505e-15,8.8629789352417,-0.006047417566694538,90
chesca_mesh,481,2,6,6,9.104382264167686,9.980382264167687,0.8760000000000012,8.8629789352417,-0.2692203197994176,90
chesca_mesh,482,3,6,6,7.783834853960918,8.659834853960918,0.8760000000000003,8.934515953063965,-0.2555510346558057,90
chesca_mesh,483,4,6,6,7.524191497076233,8.319789907856013,0.79559841077978,9.010540962219238,-0.28718797773005367,90
chesca_mesh,484,5,6,6,7.515255522872281,8.273764932603365,0.7585094097310838,9.010540962219238,-0.21491195648237033,90
chesca_mesh,485,6,6,6,6.165836680325823,6.75013405434565,0.584297374019827,9.010540962219238,-0.15321915575753292,90
chesca_mesh,486,7,6,6,5.375969323780014,5.916043773214723,0.5400744494347087,9.010540962219238,-0.16088892925140383,90
chesca_mesh,487,8,6,6,5.247567556466844,5.801951365469808,0.5543838090029638,9.010540962219238,-0.1180342927839251,90
chesca_mesh,488,9,6,6,2.7110050366153144,2.9602290498281887,0.24922401321287424,9.010540962219238,-0.48376626130613043,90
chesca_mesh,489,10,6,6,1.577913582364062,1.897445085957898,0.319531503593836,9.010540962219238,-0.231053697637655,90
chesca_mesh,490,11,6,6,1.7835885759341292,2.1020213207055236,0.3184327447713944,9.010540962219238,-0.11569692056730131,90
chesca_mesh,491,12,6,6,2.0752079266307977,2.302855266101459,0.2276473394706615,9.010540962219238,-0.1567913728189077,90
chesca_mesh,492,13,6,3,3.3668491140145616,2.8868491140145616,-0.48,9.010540962219238,0.07872982499062905,90
chesca_mesh,493,14,6,0,3.1694578492548575,3.1694578492548575,0.0,9.010540962219238,0.028978962345737422,90
chesca_mesh,494,15,6,0,5.547794856564113,5.547794856564113,0.0,9.010540962219238,0.06710061398614858,90
chesca_mesh,495,16,6,6,7.813929484503889,6.987777702978958,-0.8261517815249313,9.010540962219238,0.40203267115058056,90
chesca_mesh,496,17,6,6,9.446773690909481,8.570773690909482,-0.8759999999999994,9.010540962219238,0.34971672839463086,90
chesca_mesh,497,18,6,6,11.562492174136297,10.686492174136296,-0.8760000000000012,8.934515953063965,0.9562972864495768,90
chesca_mesh,498,19,6,6,13.956883196435056,13.080883196435057,-0.8759999999999994,8.934515953063965,1.252361604847774,90
chesca_mesh,499,20,6,6,11.702609829650093,10.826609829650096,-0.8759999999999977,8.934515953063965,0.2524235528390504,90
chesca_mesh,500,21,6,6,11.548130274596424,10.672130274596425,-0.8759999999999994,8.934515953063965,0.39592767960462644,90
chesca_mesh,501,22,6,0,9.564735721505484,9.564735721505484,0.0,8.934515953063965,0.019994037172060317,90
chesca_mesh,502,23,6,6,9.701318375958678,8.825318375958677,-0.8760000000000012,8.8629789352417,0.25619580356492305,90
chesca_mesh,503,24,6,6,10.188657788624495,9.312657788624495,-0.8759999999999994,8.831658363342285,0.18098435733932736,90
chesca_mesh,504,1,6,6,10.416667668699693,9.540667668699692,-0.8760000000000012,8.831658363342285,0.20013795297971124,90
chesca_mesh,505,2,6,6,9.432752832081729,8.556752832081727,-0.8760000000000012,8.831658363342285,0.49173705927833883,90
chesca_mesh,506,3,6,0,7.799532986605431,7.799532986605431,0.0,8.799068450927734,-0.021047731963154605,90
chesca_mesh,507,4,6,0,6.806653623504004,6.806653623504003,-8.881784197001252e-16,8.799068450927734,-0.036117783355400224,90
chesca_mesh,508,5,6,6,5.016219828771989,5.89221982877199,0.8760000000000003,8.799068450927734,-0.11011533184747539,90
chesca_mesh,509,6,6,0,5.337206226883362,5.337206226883363,8.881784197001252e-16,8.799068450927734,0.05499623623278058,90
chesca_mesh,510,7,6,6,3.890721043994272,4.300065940403343,0.4093448964090709,8.831658363342285,-0.6287889686897107,90
chesca_mesh,511,8,6,0,3.630667340051674,3.6306673400516742,4.440892098500626e-16,8.831658363342285,0.04625770468234913,90
chesca_mesh,512,9,6,6,2.9375917859411302,3.283070465696987,0.3454786797558569,8.799068450927734,-0.11762550261753307,90
chesca_mesh,513,10,6,5,3.2789131339558764,3.475115019031441,0.19620188507556469,8.799068450927734,-0.14421162330798654,90
chesca_mesh,514,11,6,6,2.158898340856741,2.477834561849436,0.31893622099269514,8.799068450927734,-0.2189324919506632,90
chesca_mesh,515,12,6,6,1.994743045324531,2.224439734857915,0.22969668953338385,8.799068450927734,-0.23778856496680983,90
chesca_mesh,516,13,6,0,2.2228174610499227,2.2228174610499227,0.0,8.799068450927734,0.03332354151258705,90
chesca_mesh,517,14,6,0,2.818904911562565,2.818904911562565,0.0,8.799068450927734,0.061289874817069996,90
chesca_mesh,518,15,6,6,1.5372236207825372,0.6612236207825379,-0.8759999999999992,8.799068450927734,0.08591278564875218,90
chesca_mesh,519,16,6,6,5.2746629180872615,4.398662918087261,-0.8760000000000003,8.799068450927734,0.6920724830329918,90
chesca_mesh,520,17,6,6,5.801287395009426,4.925287395009425,-0.8760000000000012,8.799068450927734,0.46833306421119075,90
chesca_mesh,521,18,6,6,7.447308690009467,6.5713086900094675,-0.8759999999999994,8.769993782043457,0.6429681417538793,90
chesca_mesh,522,19,6,6,8.76023968279915,7.884239682799152,-0.8759999999999986,8.765501022338867,0.1978245892840053,90
chesca_mesh,523,20,6,6,8.812521757405914,7.936521757405913,-0.8760000000000012,8.71328353881836,0.15756289918688826,90
chesca_mesh,524,21,6,6,9.201727206086364,8.325727206086363,-0.8760000000000012,8.636907577514648,0.09094467587369831,90
chesca_mesh,525,22,6,1,8.409284937202584,8.249284937202583,-0.16000000000000014,8.602529525756836,0.10604951140953559,90
chesca_mesh,526,23,6,6,8.069882360170297,7.1938823601702975,-0.8759999999999994,8.541779518127441,0.08595226928402161,90
chesca_mesh,527,24,6,6,8.47713787984467,7.6011378798446705,-0.8760000000000003,8.541779518127441,0.11292857807130066,90
chesca_mesh,528,1,6,6,8.94031978229424,8.06431978229424,-0.8760000000000012,8.46920108795166,0.18041456732181999,90
chesca_mesh,529,2,6,6,7.447447843029827,8.323447843029827,0.8760000000000003,8.447039604187012,-0.1408052765289578,90
chesca_mesh,530,3,6,6,5.608624443519296,6.484624443519295,0.8759999999999994,8.430428504943848,-0.2781971360425653,90
chesca_mesh,531,4,6,6,5.242430604813964,5.888714335655233,0.6462837308412688,8.401008605957031,-0.18950758609464602,90
chesca_mesh,532,5,6,6,4.184734150537647,4.459983014347699,0.2752488638100523,8.401008605957031,-0.25045399077850483,90
chesca_mesh,533,6,6,0,4.5248331648904365,4.5248331648904365,0.0,8.401008605957031,-0.08761070752709231,90
chesca_mesh,534,7,6,0,4.094639893170026,4.094639893170026,0.0,8.401008605957031,-0.07751327990858403,90
chesca_mesh,535,8,6,6,3.815551913825736,4.06546096258174,0.24990904875600428,8.401008605957031,-0.16051317290404882,90
chesca_mesh,536,9,6,6,3.223042714005387,3.4443291266872045,0.22128641268181726,8.401008605957031,-0.24627601385434436,90
chesca_mesh,537,10,6,6,2.331903890398784,2.671402120887749,0.3394982304889651,8.430428504943848,-0.9549207156381775,90
chesca_mesh,538,11,6,6,2.877760199758214,3.2171768556591083,0.3394166559008944,8.430428504943848,-0.5832143694448044,90
chesca_mesh,539,12,6,0,3.6267311461039053,3.6267311461039053,0.0,8.430428504943848,0.045269980922838474,90
chesca_mesh,540,13,6,6,5.426181925961372,4.616181925961372,-0.8100000000000005,8.430428504943848,0.11272712264926937,90
chesca_mesh,541,14,6,6,6.564692968129953,5.688692968129954,-0.8759999999999994,8.430428504943848,0.19658396711383236,90
chesca_mesh,542,15,6,6,7.309198602684502,8.030545649367847,0.7213470466833449,8.430428504943848,-0.14027013924809198,90
chesca_mesh,543,16,6,0,8.167825722299803,8.167825722299803,0.0,8.447039604187012,-0.06862391082297742,90
chesca_mesh,544,17,6,6,10.885936328261167,10.009936328261166,-0.8760000000000012,8.447039604187012,1.0282263353795185,90
chesca_mesh,545,18,6,6,11.232638062242577,10.356638062242576,-0.8760000000000012,8.447039604187012,0.8193280909481448,90
chesca_mesh,546,19,6,6,14.722066351665639,13.846066351665637,-0.8760000000000012,8.447039604187012,1.8686292249267107,90
chesca_mesh,547,20,6,6,12.79203058331085,11.916030583310851,-0.8759999999999994,8.447039604187012,0.8400592139608366,90
chesca_mesh,548,21,6,6,12.860435345680454,11.984435345680454,-0.8759999999999994,8.447039604187012,0.988600581782066,90
chesca_mesh,549,22,6,0,9.851821475184758,9.851821475184758,0.0,8.447039604187012,0.21282926370642072,90
chesca_mesh,550,23,6,6,10.352786471801513,9.476786471801514,-0.8759999999999994,8.523984909057617,0.19376703719946603,90
chesca_mesh,551,24,6,6,9.839937837513189,10.71593783751319,0.8760000000000012,8.602529525756836,-0.4113513417936657,90
chesca_mesh,552,1,6,6,11.043858534932708,10.167858534932709,-0.8759999999999994,8.602529525756836,0.23044308393074073,90
chesca_mesh,553,2,6,6,9.237739353330324,8.361739353330323,-0.8760000000000012,8.523984909057617,0.3839846762494611,90
chesca_mesh,554,3,6,6,7.399816822126063,8.275816822126062,0.8759999999999994,8.523984909057617,-0.11699872883685596,90
chesca_mesh,555,4,6,6,7.2796131242237205,8.15561312422372,0.8759999999999994,8.523984909057617,-0.10341854254652304,90
chesca_mesh,556,5,6,6,6.164075676872514,6.887920645423541,0.7238449685510266,8.602529525756836,-1.0514234363479948,90
chesca_mesh,557,6,6,6,5.880172886835121,6.541309489487206,0.6611366026520855,8.602529525756836,-0.12786021660768965,90
chesca_mesh,558,7,6,5,5.4328035236449645,5.857208411213562,0.4244048875685973,8.602529525756836,-0.10578368749839542,90
chesca_mesh,559,8,6,6,4.398786708406321,4.784667861833986,0.3858811534276656,8.602529525756836,-0.1281104186451032,90
chesca_mesh,560,9,6,6,1.7741271769742755,2.11624160699464,0.34211443002036446,8.602529525756836,-0.34727943275564654,90
chesca_mesh,561,10,6,0,3.751245448315948,3.751245448315948,0.0,8.602529525756836,0.054562637693175056,90
chesca_mesh,562,11,6,0,3.7485316818267034,3.7485316818267034,0.0,8.602529525756836,-0.01639524966993766,90
chesca_mesh,563,12,6,3,3.716503348602691,3.853101930870452,0.1365985822677609,8.602529525756836,-0.09824656196480865,90
chesca_mesh,564,13,6,6,5.513871786463504,5.86797904123119,0.354107254767686,8.695816993713379,-0.3180040983789602,90
chesca_mesh,565,14,6,6,5.099856593307532,5.517240204796654,0.4173836114891216,8.695816993713379,-0.19266895066779496,90
chesca_mesh,566,15,6,0,4.648345859928833,4.648345859928833,0.0,8.695816993713379,-0.03724643336334878,90
chesca_mesh,567,16,6,5,9.083717863815666,8.367717863815667,-0.7159999999999993,8.695816993713379,0.5927616738628664,90
chesca_mesh,568,17,6,6,12.120525875695886,11.244525875695885,-0.8760000000000012,8.766705513000488,0.4447181880059621,90
chesca_mesh,569,18,6,6,12.688531200372529,11.81253120037253,-0.8759999999999994,8.766705513000488,1.2163482324921264,90
chesca_mesh,570,19,6,6,15.3451121524936,14.4691121524936,-0.8759999999999994,8.766705513000488,1.702229989734778,90
chesca_mesh,571,20,6,6,13.726047382332872,12.850047382332875,-0.8759999999999977,8.766705513000488,0.9145429341561478,90
chesca_mesh,572,21,6,6,13.55635192392922,12.680351923929221,-0.8759999999999994,8.766705513000488,1.0489894984819146,90
chesca_mesh,573,22,6,0,10.553572679686264,10.553572679686262,-1.7763568394002505e-15,8.766705513000488,0.4173157880552162,90
chesca_mesh,574,23,6,6,10.051500999975408,9.175500999975409,-0.8759999999999994,8.766705513000488,0.24853032123241936,90
chesca_mesh,575,24,6,6,11.525924631045596,10.649924631045598,-0.8759999999999977,8.799068450927734,0.6340935077209184,90
chesca_mesh,576,1,6,6,10.931188284217033,10.055188284217031,-0.8760000000000012,8.799068450927734,0.24327969248418138,90
chesca_mesh,577,2,6,6,9.91328121414487,9.03728121414487,-0.8759999999999994,8.799068450927734,0.2538358360282723,90
chesca_mesh,578,3,6,6,8.115214653046646,8.991214653046645,0.8759999999999994,8.766705513000488,-0.11621527066204176,90
chesca_mesh,579,4,6,6,7.0570287509757375,7.933028750975737,0.8759999999999994,8.799068450927734,-0.16499461741008753,90
chesca_mesh,580,5,6,6,6.648139588703263,7.290061081908419,0.6419214932051567,8.799068450927734,-0.11096630682866473,90
chesca_mesh,581,6,6,6,5.866314585095029,6.320837736503693,0.4545231514086634,8.799068450927734,-0.17033891332891615,90
chesca_mesh,582,7,6,6,5.512234490569118,5.951512695457803,0.4392782048886845,8.799068450927734,-0.11551311470201614,90
chesca_mesh,583,8,6,6,4.4796529438847115,4.848000753294174,0.3683478094094621,8.799068450927734,-0.1787222001970235,90
chesca_mesh,584,9,6,6,3.240772837920062,3.5818383653652672,0.34106552744520524,8.799068450927734,-0.13595421181470715,90
chesca_mesh,585,10,6,6,2.276495872435265,2.61601972014819,0.339523847712925,8.799068450927734,-0.11778241882131289,90
chesca_mesh,586,11,6,6,1.3570714297370898,1.5918627866537802,0.2347913569166904,8.799068450927734,-0.23761278475849357,90
chesca_mesh,587,12,6,0,1.666847051855499,1.6668470518554988,-2.220446049250313e-16,8.799068450927734,0.02010437196399798,90
chesca_mesh,588,13,6,6,4.518637680433316,3.642637680433317,-0.875999999999999,8.799068450927734,0.20557213717739434,90
chesca_mesh,589,14,6,6,5.531942943952594,4.655942943952594,-0.8760000000000003,8.799068450927734,0.18473809036441394,90
chesca_mesh,590,15,6,6,7.053531170872947,6.177531170872947,-0.8760000000000003,8.799068450927734,0.11926132370450165,90
chesca_mesh,591,16,6,6,7.883914922774483,7.007914922774483,-0.8760000000000003,8.799068450927734,0.41751904917482774,90
chesca_mesh,592,17,6,6,9.130431205640976,8.254431205640977,-0.8759999999999994,8.799068450927734,0.3186828088614733,90
chesca_mesh,593,18,6,6,11.552932530336708,10.676932530336709,-0.8759999999999994,8.825968742370605,0.9029385148952873,90
chesca_mesh,594,19,6,6,13.080151724780423,12.204151724780424,-0.8759999999999994,8.825968742370605,0.9875946233975358,90
chesca_mesh,595,20,6,6,13.250781567420187,12.374781567420188,-0.8759999999999994,8.825968742370605,0.8942786485283467,90
chesca_mesh,596,21,6,6,11.797571637630462,10.921571637630462,-0.8759999999999994,8.825968742370605,0.3395067342957432,90
chesca_mesh,597,22,6,0,10.558838904654877,10.558838904654877,0.0,8.825968742370605,0.03582663802544796,90
chesca_mesh,598,23,6,6,9.910456421866453,9.034456421866453,-0.8759999999999994,8.83944034576416,0.24152881986270294,90
chesca_mesh,599,24,6,6,10.680546963035493,9.804546963035493,-0.8759999999999994,8.825968742370605,0.2484172779371497,90
chesca_mesh,600,1,6,6,9.651190084525716,8.775190084525715,-0.8760000000000012,8.825968742370605,0.47078526575264706,90
chesca_mesh,601,2,6,0,9.20781294731719,9.20781294731719,0.0,8.799068450927734,0.03433882092794939,90
chesca_mesh,602,3,6,6,7.759274426884644,8.635274426884642,0.8759999999999986,8.825968742370605,-0.17719833729882112,90
chesca_mesh,603,4,6,6,7.010282927005067,7.886282927005067,0.8760000000000003,8.83944034576416,-0.22401413218130256,90
chesca_mesh,604,5,6,6,5.674911764521031,6.354290154592618,0.6793783900715864,8.83944034576416,-0.3036284463138462,90
chesca_mesh,605,6,6,5,5.54721603565895,5.975855188278835,0.42863915261988517,8.83944034576416,-0.1070302429281132,90
chesca_mesh,606,7,6,1,5.2662367641046615,5.426236764104661,0.15999999999999925,8.83944034576416,-0.07979795713063124,90
chesca_mesh,607,8,6,0,5.2023183396136385,5.2023183396136385,0.0,8.825968742370605,0.06474437522412348,90
chesca_mesh,608,9,6,6,5.1781667327597205,5.677981799521297,0.4998150667615766,8.83944034576416,-0.3927371977413516,90
chesca_mesh,609,10,6,6,1.8116157624877387,2.0558179306116973,0.24420216812395856,8.83944034576416,-0.21704417855986008,90
chesca_mesh,610,11,6,3,2.5346184199005326,2.6562553151669785,0.12163689526644594,8.83944034576416,-0.10941434870861204,90
chesca_mesh,611,12,6,6,4.617411887560699,3.7414118875607,-0.8759999999999994,8.83944034576416,0.1411644594841644,90
chesca_mesh,612,13,6,6,5.01226640140187,5.629470460775727,0.617204059373857,8.865001678466797,-0.5826941357033458,90
chesca_mesh,613,14,6,0,3.892955632265767,3.892955632265767,0.0,8.865001678466797,0.06597847758959363,90
chesca_mesh,614,15,6,6,6.448707622734459,5.572707622734459,-0.8760000000000003,8.865001678466797,0.1953321910383888,90
chesca_mesh,615,16,6,6,7.928876065239737,7.052876065239738,-0.8759999999999986,8.865001678466797,0.275438132472153,90
chesca_mesh,616,17,6,6,9.432827069671784,8.556827069671783,-0.8760000000000012,8.865001678466797,0.27796573060525187,90
chesca_mesh,617,18,6,6,13.159545830048621,12.283545830048622,-0.8759999999999994,8.865001678466797,1.3665413518053924,90
chesca_mesh,618,19,6,6,15.968584492509954,15.092584492509953,-0.8760000000000012,8.865001678466797,1.98695414523152,90
chesca_mesh,619,20,6,6,13.920974277486023,13.044974277486023,-0.8759999999999994,8.865001678466797,0.8833191044697247,90
chesca_mesh,620,21,6,6,12.481755392200336,11.605755392200336,-0.8759999999999994,8.865001678466797,0.7250237704921241,90
chesca_mesh,621,22,6,0,9.15591593260818,9.15591593260818,0.0,8.865001678466797,-0.0562520289349803,90
chesca_mesh,622,23,6,6,10.055379682338508,9.179379682338507,-0.8760000000000012,8.865001678466797,0.3186654445555846,90
chesca_mesh,623,24,6,6,11.06496084648243,10.18896084648243,-0.8759999999999994,8.899009704589844,0.44586999195067206,90
chesca_mesh,624,1,6,6,10.295218004458222,9.419218004458223,-0.8759999999999994,8.899009704589844,0.35646873574646587,90
chesca_mesh,625,2,6,6,10.286838844379806,9.410838844379807,-0.8759999999999994,8.899009704589844,0.15546160283529037,90
chesca_mesh,626,3,6,0,8.093696026119739,8.093696026119739,0.0,8.879382133483887,-0.048977863961904324,90
chesca_mesh,627,4,6,0,7.23960404445954,7.23960404445954,0.0,8.879382133483887,0.02518126153085093,90
chesca_mesh,628,5,6,6,6.458638771283366,5.582638771283365,-0.8760000000000003,8.879382133483887,0.12146585000112001,90
chesca_mesh,629,6,6,6,6.329600231823296,5.4536002318232955,-0.8760000000000003,8.879382133483887,0.2069183491304633,90
chesca_mesh,630,7,6,6,5.379727784172987,4.503727784172986,-0.8760000000000012,8.879382133483887,0.1989866732094852,90
chesca_mesh,631,8,6,6,5.119248438370813,4.243248438370813,-0.8760000000000003,8.879382133483887,0.1697940461823361,90
chesca_mesh,632,9,6,6,5.245579177016259,4.369579177016259,-0.8759999999999994,8.879382133483887,0.22327493193509934,90
chesca_mesh,633,10,6,6,4.118181762903587,3.2421817629035874,-0.8759999999999999,8.879382133483887,0.12176000108373214,90
chesca_mesh,634,11,6,6,5.22969777593825,4.35369777593825,-0.8760000000000003,8.879382133483887,0.4052663443522924,90
chesca_mesh,635,12,6,6,2.4346065205313163,1.5586065205313162,-0.8760000000000001,8.879382133483887,0.24107358600965473,90
chesca_mesh,636,13,6,6,2.5275347973863056,1.6515347973863055,-0.8760000000000001,8.879382133483887,0.30279487506051295,90
chesca_mesh,637,14,6,6,4.960291898952365,4.0842918989523636,-0.8760000000000012,8.879382133483887,0.33341541560519805,90
chesca_mesh,638,15,6,6,7.602925156508897,6.726925156508895,-0.8760000000000021,8.879382133483887,0.10767977100049045,90
chesca_mesh,639,16,6,6,8.402867736300525,7.526867736300526,-0.8759999999999994,8.879382133483887,0.0893267262891702,90
chesca_mesh,640,17,6,6,8.327786317480413,7.451786317480413,-0.8760000000000003,8.865001678466797,0.12190261802870818,90
chesca_mesh,641,18,6,3,7.73218064693019,7.2521806469301895,-0.4800000000000004,8.83944034576416,0.07914315705329956,90
chesca_mesh,642,19,6,6,9.67209724792226,8.79609724792226,-0.8759999999999994,8.825885772705078,0.2818786527987724,90
chesca_mesh,643,20,6,0,10.210027441340728,10.210027441340726,-1.7763568394002505e-15,8.825885772705078,-0.01648953530106209,90
chesca_mesh,644,21,6,0,8.144262100114673,8.144262100114673,0.0,8.825885772705078,-0.056396806155926654,90
chesca_mesh,645,22,6,6,7.311219764190733,8.187219764190733,0.8759999999999994,8.825885772705078,-0.21340838950213137,90
chesca_mesh,646,23,6,6,8.058279202758511,7.18227920275851,-0.8760000000000012,8.798967361450195,0.13551414263029143,90
chesca_mesh,647,24,6,6,8.430320760486863,7.554320760486863,-0.8759999999999994,8.766331672668457,0.12286991602016926,90
chesca_mesh,648,1,6,6,7.605601089674987,6.729601089674987,-0.8759999999999994,8.73600959777832,0.11559706584214555,90
chesca_mesh,649,2,6,6,8.335002011239192,7.459002011239192,-0.8760000000000003,8.656401634216309,0.22646391292108464,90
chesca_mesh,650,3,6,6,6.768995268656127,5.892995268656127,-0.8760000000000003,8.591723442077637,0.10592010988600532,90
chesca_mesh,651,4,6,6,7.38495130747106,6.50895130747106,-0.8760000000000003,8.523984909057617,0.22782834305531835,90
chesca_mesh,652,5,6,6,5.227665993310781,4.35166599331078,-0.8760000000000012,8.438285827636719,0.08817052201150204,90
chesca_mesh,653,6,6,6,5.859160436276511,4.983160436276512,-0.8759999999999994,8.438285827636719,0.15973260773731734,90
chesca_mesh,654,7,6,6,5.52469798039892,4.64869798039892,-0.8760000000000003,8.438285827636719,0.10335658364066241,90
chesca_mesh,655,8,6,0,5.411510783325018,5.411510783325018,0.0,8.438285827636719,-0.01897716040091796,90
chesca_mesh,656,9,6,0,5.79699332417627,5.79699332417627,0.0,8.438285827636719,0.04942578896996508,90
chesca_mesh,657,10,6,6,4.576955030632973,5.174071712436208,0.597116681803235,8.529105186462402,-0.4073448596654924,90
chesca_mesh,658,11,6,0,4.071206059775751,4.071206059775752,8.881784197001252e-16,8.529105186462402,0.0672177305467951,90
chesca_mesh,659,12,6,6,4.147111547028215,3.2711115470282146,-0.8760000000000008,8.529105186462402,0.10654152566721216,90
chesca_mesh,660,13,6,6,3.9312836339289907,3.055283633928991,-0.8759999999999999,8.529105186462402,0.1647327223442384,90
chesca_mesh,661,14,6,6,3.6602456373027654,2.7842456373027655,-0.8759999999999999,8.529105186462402,0.1186517787098061,90
chesca_mesh,662,15,6,6,4.509862484031388,3.633862484031389,-0.8759999999999994,8.529105186462402,0.10819038307595673,90
chesca_mesh,663,16,6,6,4.40579874926725,3.5297987492672505,-0.8759999999999994,8.529105186462402,0.4175924160661207,90
chesca_mesh,664,17,6,6,6.434196854816155,5.558196854816154,-0.8760000000000003,8.529105186462402,0.300919856632771,90
chesca_mesh,665,18,6,6,7.746989923765515,6.8709899237655145,-0.8760000000000003,8.529105186462402,0.401954351668085,90
chesca_mesh,666,19,6,6,7.6870187689655705,6.811018768965571,-0.8759999999999994,8.438285827636719,0.11683419598363953,90
chesca_mesh,667,20,6,6,8.440977859494858,7.564977859494857,-0.8760000000000003,8.41698169708252,0.11611733869003565,90
chesca_mesh,668,21,6,6,8.624877622259824,7.7488776222598235,-0.8760000000000003,8.394272804260254,0.20825296197806664,90
chesca_mesh,669,22,6,6,7.659559640491947,8.535559640491947,0.8759999999999994,8.394272804260254,-0.9812506507835146,90
chesca_mesh,670,23,6,0,7.8988381381449875,7.898838138144988,8.881784197001252e-16,8.394272804260254,-0.05383263838071069,90
chesca_mesh,671,24,6,0,7.667909970909281,7.667909970909281,0.0,8.331095695495605,0.048188457480616786,90
chesca_mesh,672,1,6,6,8.832951026554541,7.956951026554541,-0.8760000000000003,8.254999160766602,0.0943391323662296,90
chesca_mesh,673,2,6,6,8.134066281282578,7.258066281282579,-0.8759999999999994,8.228508949279785,0.13347642027687212,90
chesca_mesh,674,3,6,0,7.024449545688913,7.024449545688913,0.0,8.228508949279785,-0.02352793640364953,90
chesca_mesh,675,4,6,0,5.8865869064359,5.886586906435899,-8.881784197001252e-16,8.228508949279785,0.04273355254126876,90
chesca_mesh,676,5,6,6,5.285524607341622,4.4095246073416225,-0.8759999999999994,8.228508949279785,0.13372710262694162,90
chesca_mesh,677,6,6,6,5.321975137426488,4.445975137426488,-0.8760000000000003,8.228508949279785,0.18057905644392144,90
chesca_mesh,678,7,6,6,5.2052499777863215,4.329249977786322,-0.8759999999999994,8.189209938049316,0.14517434424564998,90
chesca_mesh,679,8,6,5,7.0322866897492915,6.288286689749292,-0.7439999999999998,8.189209938049316,0.3126810419864824,90
chesca_mesh,680,9,6,6,2.2705726973263127,1.3945726973263128,-0.8759999999999999,8.189209938049316,0.2066871907834926,90
chesca_mesh,681,10,6,0,1.7956887628306442,1.7956887628306444,2.220446049250313e-16,8.189209938049316,0.06868994284341795,90
chesca_mesh,682,11,6,6,-0.5204642707039293,-0.10377646172611377,0.41668780897781554,8.189209938049316,-0.1672293113403752,90
chesca_mesh,683,12,6,6,0.963174382976768,0.08717438297676802,-0.876,8.189209938049316,0.09161636967419662,90
chesca_mesh,684,13,6,6,4.134720398525658,3.258720398525658,-0.8760000000000003,8.189209938049316,0.37719412811654496,90
chesca_mesh,685,14,6,0,4.677062009605564,4.677062009605564,0.0,8.189209938049316,0.058910369104758824,90
chesca_mesh,686,15,6,0,6.3229763422902625,6.3229763422902625,0.0,8.189209938049316,0.04946846840220999,90
chesca_mesh,687,16,6,6,6.661963555332282,5.785963555332281,-0.8760000000000003,8.189209938049316,0.33859470765110616,90
chesca_mesh,688,17,6,6,7.045483540981637,6.169483540981639,-0.8759999999999986,8.189209938049316,0.4403507211194624,90
chesca_mesh,689,18,6,6,7.746999808420841,6.870999808420842,-0.8759999999999994,8.189209938049316,0.3618037397680378,90
chesca_mesh,690,19,6,0,9.486286502376979,9.486286502376979,0.0,8.228508949279785,0.03904542124989337,90
chesca_mesh,691,20,6,6,9.071527401450194,8.195527401450194,-0.8759999999999994,8.228508949279785,0.1416231709323363,90
chesca_mesh,692,21,6,6,10.512540020581753,9.636540020581753,-0.8759999999999994,8.316732406616211,0.45733621990840223,90
chesca_mesh,693,22,6,1,8.076829398513942,7.916829398513942,-0.16000000000000014,8.316732406616211,0.12527565767690177,90
chesca_mesh,694,23,6,6,7.774969119819628,6.898969119819628,-0.8759999999999994,8.316732406616211,0.12338709498184766,90
chesca_mesh,695,24,6,6,8.2060008563117,7.330000856311699,-0.8760000000000012,8.316732406616211,0.10166990672788849,90
chesca_mesh,696,1,6,6,8.922146227855016,8.046146227855013,-0.876000000000003,8.316732406616211,0.15071473190801488,90
chesca_mesh,697,2,6,0,7.893244863966081,7.89324486396608,-8.881784197001252e-16,8.316732406616211,0.03394381402663729,90
chesca_mesh,698,3,6,6,6.1049822187773195,6.980982218777319,0.8759999999999994,8.316732406616211,-0.11286375722570416,90
chesca_mesh,699,4,6,6,5.219613582695421,6.095613582695421,0.8760000000000003,8.316732406616211,-0.1096774018450706,90
chesca_mesh,700,5,6,0,4.426070151330234,4.426070151330234,0.0,8.316732406616211,-0.07835837833099597,90
chesca_mesh,701,6,6,6,4.579918576674157,3.7039185766741567,-0.8759999999999999,8.316732406616211,0.1214131202800894,90
chesca_mesh,702,7,6,6,4.300048339016353,3.424048339016353,-0.8759999999999999,8.316732406616211,0.16913224830608797,90
chesca_mesh,703,8,6,6,4.338069989305363,3.462069989305363,-0.8759999999999999,8.316732406616211,0.12321622870897724,90
chesca_mesh,704,9,6,6,4.293436485748921,3.417436485748922,-0.875999999999999,8.316732406616211,0.09229864997620421,90
chesca_mesh,705,10,6,0,2.7146924955331793,2.7146924955331793,0.0,8.228508949279785,0.03974156768397047,90
chesca_mesh,706,11,6,3,3.431711366953218,3.6855410967269995,0.2538297297737815,8.228508949279785,-0.09650330293609687,90
chesca_mesh,707,12,6,0,2.853744268084326,2.853744268084326,0.0,8.228508949279785,0.049543637826290475,90
chesca_mesh,708,13,6,6,4.09479501975143,3.2187950197514303,-0.8759999999999999,8.228508949279785,0.11687261082163133,90
chesca_mesh,709,14,6,6,5.010764368201423,4.134764368201423,-0.8760000000000003,8.228508949279785,0.09832385929597556,90
chesca_mesh,710,15,6,6,6.21921967290287,5.34321967290287,-0.8760000000000003,8.228508949279785,0.14516285236177712,90
chesca_mesh,711,16,6,6,7.57155749769254,6.695557497692539,-0.8760000000000012,8.16894817352295,0.29512493189937794,90
chesca_mesh,712,17,6,6,9.308581455399349,8.432581455399351,-0.8759999999999977,8.16894817352295,0.6779030077299043,90
chesca_mesh,713,18,6,6,10.683768700000876,9.807768700000874,-0.8760000000000012,8.081000328063965,0.9997166409420997,90
chesca_mesh,714,19,6,6,12.97049017362669,12.09449017362669,-0.8759999999999994,8.081000328063965,1.385391669358147,90
chesca_mesh,715,20,6,6,11.164866232203154,10.288866232203153,-0.8760000000000012,8.081000328063965,0.5067939079407443,90
chesca_mesh,716,21,6,6,11.207233110866802,10.331233110866803,-0.8759999999999994,8.081000328063965,0.6122591690142907,90
chesca_mesh,717,22,6,1,9.948332896691634,9.788332896691632,-0.16000000000000192,8.081000328063965,0.4306341747015418,90
chesca_mesh,718,23,6,6,8.703877364122606,7.827877364122606,-0.8760000000000003,8.040322303771973,0.3328607890419099,90
chesca_mesh,719,24,6,6,10.972176102317253,10.096176102317255,-0.8759999999999977,7.9853434562683105,0.8421709316041421,90
chesca_mesh,720,1,6,6,9.27414676534149,8.398146765341489,-0.8760000000000012,7.9853434562683105,0.3020804383711288,90
chesca_mesh,721,2,6,6,9.618317057452716,8.742317057452714,-0.8760000000000012,7.9853434562683105,0.2365821020042621,90
chesca_mesh,722,3,6,6,8.429770591063676,7.553770591063675,-0.8760000000000003,7.9853434562683105,0.41197898502775,90
chesca_mesh,723,4,6,0,7.987766343206776,7.987766343206776,0.0,7.921639919281006,0.05870543935430296,90
chesca_mesh,724,5,6,6,5.7770513165840764,6.653051316584078,0.8760000000000012,7.905206680297852,-0.10129364454659626,90
chesca_mesh,725,6,6,0,5.798992981007053,5.798992981007052,-8.881784197001252e-16,7.905206680297852,-0.046348186726986616,90
chesca_mesh,726,7,6,0,5.03582022724282,5.03582022724282,0.0,7.905206680297852,0.03888060376802785,90
chesca_mesh,727,8,6,0,4.265047678501373,4.2650476785013725,-8.881784197001252e-16,7.905206680297852,-0.010232895706355556,90
chesca_mesh,728,9,6,6,2.7493717781085447,3.2372731333529536,0.4879013552444089,7.905206680297852,-0.17974514041712045,90
chesca_mesh,729,10,6,6,1.21239879269912,1.5652130543004545,0.35281426160133456,7.905206680297852,-0.15878888257087598,90
chesca_mesh,730,11,6,0,2.043535952815223,2.0435359528152226,-4.440892098500626e-16,7.905206680297852,0.06273439025319154,90
chesca_mesh,731,12,6,6,2.575494565375301,1.699494565375301,-0.8760000000000001,7.905206680297852,0.09327248542201783,90
chesca_mesh,732,13,6,6,4.564857691396872,3.688857691396872,-0.8760000000000003,7.858193874359131,0.20435132012021068,90
chesca_mesh,733,14,6,6,7.211284580148452,6.335284580148452,-0.8760000000000003,7.858193874359131,0.32965390094225083,90
chesca_mesh,734,15,6,6,8.567174953863628,7.691174953863628,-0.8759999999999994,7.858193874359131,0.18229213272291087,90
chesca_mesh,735,16,6,6,9.992547374170966,9.116547374170965,-0.8760000000000012,7.905206680297852,0.2379479513131693,90
chesca_mesh,736,17,6,6,12.740209541063901,11.864209541063902,-0.8759999999999994,7.858193874359131,1.8787493847935095,90
chesca_mesh,737,18,6,6,12.702558895117207,11.82655889511721,-0.8759999999999977,7.858193874359131,1.5242080105603624,90
chesca_mesh,738,19,6,6,14.570005237608855,13.694005237608852,-0.876000000000003,7.858193874359131,1.8991982406024923,90
chesca_mesh,739,20,6,6,14.449365726172969,13.573365726172968,-0.8760000000000012,7.858193874359131,1.6032758551437514,90
chesca_mesh,740,21,6,6,13.58928856931068,12.713288569310679,-0.8760000000000012,7.858193874359131,1.4706306197718637,90
chesca_mesh,741,22,6,6,10.986030171106911,10.11003017110691,-0.8760000000000012,7.858193874359131,0.5952016390801894,90
chesca_mesh,742,23,6,6,11.720408406929849,10.844408406929848,-0.8760000000000012,7.811989784240723,1.1643877630678212,90
chesca_mesh,743,24,6,6,10.749462885039518,9.87346288503952,-0.8759999999999977,7.811989784240723,0.5399943822531854,90
chesca_mesh,744,1,6,6,10.966333881740734,10.090333881740733,-0.8760000000000012,7.811989784240723,0.6623873080919445,90
chesca_mesh,745,2,6,6,10.29084115058056,9.414841150580559,-0.8760000000000012,7.811989784240723,0.33450204730058164,90
chesca_mesh,746,3,6,6,9.452590451478642,8.57659045147864,-0.8760000000000012,7.811989784240723,0.14563622535341447,90
chesca_mesh,747,4,6,6,9.041630026835008,8.16563002683501,-0.8759999999999977,7.811989784240723,0.3140883212199441,90
chesca_mesh,748,5,6,6,6.959476548308005,7.835476548308004,0.8759999999999994,7.858193874359131,-0.11195457855962955,90
chesca_mesh,749,6,6,6,5.869924204930697,6.665924204930697,0.7959999999999994,7.858193874359131,-0.12366027254929124,90
chesca_mesh,750,7,6,6,5.4127293611177425,6.102490487162076,0.6897611260443339,7.858193874359131,-0.14847817650072406,90
chesca_mesh,751,8,6,0,4.9228502657872655,4.9228502657872655,0.0,7.858193874359131,-0.03326872433417593,90
chesca_mesh,752,9,6,0,3.825846828629574,3.825846828629574,0.0,7.858193874359131,-0.02053901170927356,90
chesca_mesh,753,10,6,0,3.409421468823814,3.4094214688238145,4.440892098500626e-16,7.858193874359131,-0.009426798830559437,90
chesca_mesh,754,11,6,0,2.5084197963423307,2.5084197963423307,0.0,7.858193874359131,0.011504480892237913,90
chesca_mesh,755,12,6,6,4.0918784654566505,3.21587846545665,-0.8760000000000003,7.858193874359131,0.19485603562728898,90
chesca_mesh,756,13,6,6,5.062029216260832,4.186029216260832,-0.8760000000000003,7.858193874359131,0.24451394105375307,90
chesca_mesh,757,14,6,6,6.58355560297816,5.707555602978161,-0.8759999999999994,7.858193874359131,0.11611512653060745,90
chesca_mesh,758,15,6,6,7.892164699881369,7.016164699881369,-0.8760000000000003,7.858193874359131,0.14999800941451397,90
chesca_mesh,759,16,6,6,9.601172860409699,8.7251728604097,-0.8759999999999994,7.858193874359131,0.6631435704009802,90
chesca_mesh,760,17,6,6,14.04730026221635,13.171300262216347,-0.876000000000003,7.858193874359131,2.1710373565088448,90
chesca_mesh,761,18,6,6,10.730581751906957,9.854581751906958,-0.8759999999999994,7.858193874359131,0.30525500849663556,90
chesca_mesh,762,19,6,6,14.436514447484008,13.560514447484008,-0.8759999999999994,7.858193874359131,1.4335293968731013,90
chesca_mesh,763,20,6,6,12.193272169828413,11.317272169828414,-0.8759999999999994,7.858193874359131,0.8039413100806481,90
chesca_mesh,764,21,6,6,12.939954301557695,12.063954301557693,-0.8760000000000012,7.858193874359131,1.1303661898349104,90
chesca_mesh,765,22,6,6,11.34157865657746,10.46557865657746,-0.8759999999999994,7.858193874359131,0.5967078731455708,90
chesca_mesh,766,23,6,6,10.61517197611735,9.73917197611735,-0.8760000000000012,7.858193874359131,0.6287351520614298,90
chesca_mesh,767,24,6,6,11.298041503377926,10.422041503377926,-0.8759999999999994,7.858193874359131,0.7916068558741358,90
chesca_mesh,768,1,6,6,11.182795748387631,10.306795748387632,-0.8759999999999994,7.858193874359131,0.6667803183458368,90
chesca_mesh,769,2,6,6,10.267642679888212,9.391642679888212,-0.8759999999999994,7.858193874359131,0.3544790477747489,90
chesca_mesh,770,3,6,6,9.042996936720641,8.166996936720642,-0.8759999999999994,7.858193874359131,0.24671895247047734,90
chesca_mesh,771,4,6,6,8.555687392555072,7.6796873925550715,-0.8760000000000003,7.858193874359131,0.3664155710010931,90
chesca_mesh,772,5,6,0,7.07608760949518,7.076087609495179,-8.881784197001252e-16,7.811989784240723,0.019392140319441094,90
chesca_mesh,773,6,6,0,6.418748543764918,6.418748543764918,0.0,7.811989784240723,0.033748369244111356,90
chesca_mesh,774,7,6,6,6.067726453841557,5.191726453841556,-0.8760000000000003,7.811989784240723,0.09608985548961087,90
chesca_mesh,775,8,6,6,6.197261490728059,5.321261490728058,-0.8760000000000012,7.811989784240723,0.11294345845037652,90
chesca_mesh,776,9,6,0,3.6158175461491373,3.6158175461491373,0.0,7.804702281951904,-0.0032540576446006553,90
chesca_mesh,777,10,6,6,4.201343633715881,3.3253436337158826,-0.8759999999999986,7.804702281951904,0.0919344235620953,90
chesca_mesh,778,11,6,6,4.233002225040373,3.3570022250403735,-0.8759999999999994,7.804702281951904,0.12458252485476239,90
chesca_mesh,779,12,6,6,5.1543999854069265,4.278399985406926,-0.8760000000000003,7.804702281951904,0.13708816221572845,90
chesca_mesh,780,13,6,6,8.029251536004818,7.153251536004817,-0.8760000000000012,7.771617412567139,0.14295196853504782,90
chesca_mesh,781,14,6,6,7.7220064699400055,8.505334766081196,0.7833282961411907,7.804702281951904,-0.1744254198143303,90
chesca_mesh,782,15,6,5,6.521893394378921,7.237893394378919,0.7159999999999984,7.811989784240723,-0.0914511280877898,90
chesca_mesh,783,16,6,6,6.894988268855229,6.018988268855229,-0.8760000000000003,7.811989784240723,0.11348221432970586,90
chesca_mesh,784,17,6,6,8.81671394169384,7.940713941693839,-0.8760000000000003,7.811989784240723,0.2032216401450887,90
chesca_mesh,785,18,6,0,7.261102364325085,7.261102364325086,8.881784197001252e-16,7.804702281951904,0.04447106393498067,90
chesca_mesh,786,19,6,6,9.363868968412827,8.487868968412828,-0.8759999999999994,7.771617412567139,0.2882406703247248,90
chesca_mesh,787,20,6,6,9.837111525714704,8.961111525714706,-0.8759999999999977,7.745217323303223,0.4356404492832512,90
chesca_mesh,788,21,6,6,9.351399562474489,8.47539956247449,-0.8759999999999994,7.745217323303223,0.24872070003043312,90
chesca_mesh,789,22,6,2,8.38274832090756,8.062748320907557,-0.32000000000000206,7.745217323303223,0.09701246150082965,90
chesca_mesh,790,23,6,6,6.9713776687524165,7.847377668752417,0.8760000000000003,7.745217323303223,-0.6379951137497191,90
chesca_mesh,791,24,6,6,8.22193127908058,7.345931279080581,-0.8759999999999994,7.7302045822143555,0.20664760726775327,90
chesca_mesh,792,1,6,6,10.269918946921258,9.393918946921257,-0.8760000000000012,7.7302045822143555,0.40137666100605746,90
chesca_mesh,793,2,6,6,10.442921826737594,9.566921826737595,-0.8759999999999994,7.7302045822143555,0.5002026192189886,90
chesca_mesh,794,3,6,6,6.248852802515031,7.124852802515031,0.8760000000000003,7.7302045822143555,-0.3721467234325548,90
chesca_mesh,795,4,6,0,6.440370468337806,6.440370468337806,0.0,7.723376750946045,-0.004621375686134299,90
chesca_mesh,796,5,6,0,6.320255644129956,6.320255644129956,0.0,7.723376750946045,0.06209982384332848,90
chesca_mesh,797,6,6,6,7.058106790107673,6.182106790107671,-0.8760000000000021,7.723376750946045,0.11181135367329859,90
chesca_mesh,798,7,6,6,5.511803473216813,6.203172395190302,0.6913689219734893,7.723376750946045,-0.1163829931994653,90
chesca_mesh,799,8,6,4,5.095850755602833,5.562837792905237,0.46698703730240343,7.723376750946045,-0.09600935838560076,90
chesca_mesh,800,9,6,0,5.506202003864866,5.506202003864866,0.0,7.723376750946045,0.008951980192426268,90
chesca_mesh,801,10,6,0,6.194633750685882,6.194633750685881,-8.881784197001252e-16,7.723376750946045,-0.05263730892497578,90
chesca_mesh,802,11,6,0,4.854547894475065,4.854547894475065,0.0,7.723376750946045,0.034368494723773374,90
chesca_mesh,803,12,6,6,4.885324792779707,5.646836976142495,0.7615121833627878,7.723376750946045,-0.20214394669700825,90
chesca_mesh,804,13,6,6,5.807754137850672,4.931754137850673,-0.8759999999999994,7.723376750946045,0.1014988791128798,90
chesca_mesh,805,14,6,3,6.193253137233475,5.713253137233473,-0.4800000000000013,7.723376750946045,0.07814614488062499,90
chesca_mesh,806,15,6,0,5.816809705424196,5.816809705424196,0.0,7.723376750946045,0.041678374398063725,90
chesca_mesh,807,16,6,0,6.138120943022153,6.138120943022153,0.0,7.705862045288086,0.026790291510107367,90
chesca_mesh,808,17,6,0,7.186066722562005,7.186066722562005,0.0,7.705862045288086,0.010656171552601859,90
chesca_mesh,809,18,6,0,7.918741904088139,7.91874190408814,8.881784197001252e-16,7.662035942077637,0.027897625883200466,90
chesca_mesh,810,19,6,6,8.696040337462364,7.820040337462364,-0.8759999999999994,7.705862045288086,0.5025114962270307,90
chesca_mesh,811,20,6,6,10.210015641067587,9.334015641067587,-0.8759999999999994,7.662035942077637,0.4138590979795366,90
chesca_mesh,812,21,6,6,11.52465291047825,10.648652910478251,-0.8759999999999994,7.662035942077637,0.8717138987941064,90
chesca_mesh,813,22,6,6,10.376785660515278,9.500785660515279,-0.8759999999999994,7.662035942077637,0.5801206900657785,90
chesca_mesh,814,23,6,6,8.223816740114248,7.347816740114249,-0.8759999999999994,7.621887683868408,0.5015940539854483,90
chesca_mesh,815,24,6,6,8.740034867639777,7.864034867639777,-0.8759999999999994,7.602474212646484,0.3251158575872314,90
chesca_mesh,816,1,6,6,9.421981854112843,8.545981854112842,-0.8760000000000012,7.621887683868408,0.22157547130681024,90
chesca_mesh,817,2,6,6,8.903167162459159,8.027167162459158,-0.8760000000000012,7.662035942077637,0.27949017908977897,90
chesca_mesh,818,3,6,6,6.837645967204132,7.713645967204132,0.8760000000000003,7.705862045288086,-0.18352315330460972,90
chesca_mesh,819,4,6,6,6.920733690222395,7.7967336902223945,0.8759999999999994,7.705862045288086,-0.13825425795311888,90
chesca_mesh,820,5,6,6,5.842288869001013,6.648058904506307,0.8057700355052937,7.705862045288086,-0.09330117736179654,90
chesca_mesh,821,6,6,0,6.1791340776967125,6.179134077696712,-8.881784197001252e-16,7.705862045288086,-0.024149791191289276,90
chesca_mesh,822,7,6,6,5.23800521023626,5.609733456188416,0.3717282459521565,7.705862045288086,-0.11358827005255145,90
chesca_mesh,823,8,6,0,3.759655202050433,3.759655202050433,0.0,7.705862045288086,-0.08083021972096624,90
chesca_mesh,824,9,6,0,3.612576451565748,3.612576451565748,0.0,7.705862045288086,0.051760363900215434,90
chesca_mesh,825,10,6,6,1.3718926443972794,1.71609268819319,0.3442000437959105,7.662035942077637,-0.11046254473624442,90
chesca_mesh,826,11,6,0,0.9995542236787197,0.9995542236787197,0.0,7.662035942077637,-0.058826373012898565,90
chesca_mesh,827,12,6,6,2.158989298362548,1.2829892983625484,-0.8759999999999997,7.662035942077637,0.14639476004007773,90
chesca_mesh,828,13,6,6,4.100278816975652,3.224278816975651,-0.8760000000000008,7.662035942077637,0.09908803651356932,90
chesca_mesh,829,14,6,6,4.555339606014489,3.6793396060144894,-0.8759999999999999,7.662035942077637,0.09687983973731082,90
chesca_mesh,830,15,6,6,6.400300543227477,5.524300543227477,-0.8759999999999994,7.662035942077637,0.09683024516370345,90
chesca_mesh,831,16,6,6,6.420104355455523,5.544104355455523,-0.8760000000000003,7.662035942077637,0.14192781480289526,90
chesca_mesh,832,17,6,6,6.396425890523578,7.272425890523578,0.8759999999999994,7.705862045288086,-0.19762306692860648,90
chesca_mesh,833,18,6,6,8.007433188711389,7.131433188711387,-0.8760000000000012,7.723376750946045,0.12279916795719509,90
chesca_mesh,834,19,6,6,8.906994361366069,9.782994361366068,0.8759999999999994,7.7302045822143555,-0.5434622755605506,90
chesca_mesh,835,20,6,6,8.178521664381027,9.054521664381028,0.8760000000000012,7.745217323303223,-0.4084965095080101,90
chesca_mesh,836,21,6,6,8.13729580743913,9.01329580743913,0.8759999999999994,7.759369373321533,-0.3402798120533091,90
chesca_mesh,837,22,6,4,9.22350790777724,8.61150790777724,-0.6120000000000001,7.759369373321533,0.2566704794270408,90
chesca_mesh,838,23,6,6,7.6800008967201485,8.556000896720148,0.8759999999999994,7.759369373321533,-0.3129252768590464,90
chesca_mesh,839,24,6,0,7.338730985637671,7.33873098563767,-8.881784197001252e-16,7.745217323303223,-0.03300417742032305,90
chesca_mesh,840,1,6,0,7.27061758324316,7.270617583243159,-8.881784197001252e-16,7.7302045822143555,0.03610003030816113,90
chesca_mesh,841,2,6,0,6.661224859341192,6.661224859341193,8.881784197001252e-16,7.723376750946045,-0.04724469621877962,90
chesca_mesh,842,3,6,0,6.275885154377904,6.275885154377904,0.0,7.705862045288086,0.0005469155224456582,90
chesca_mesh,843,4,6,0,5.951875630869344,5.951875630869344,0.0,7.705862045288086,0.033778668390232455,90
chesca_mesh,844,5,6,0,5.300293529170102,5.300293529170103,8.881784197001252e-16,7.705862045288086,0.010870813321603293,90
chesca_mesh,845,6,6,6,6.3261520850109445,5.450152085010945,-0.8759999999999994,7.705862045288086,0.1409954397015982,90
chesca_mesh,846,7,6,6,5.567220521595326,4.691220521595326,-0.8759999999999994,7.705862045288086,0.18907182252983107,90
chesca_mesh,847,8,6,6,5.205553511175328,4.3295535111753285,-0.8759999999999994,7.705862045288086,0.11073432169176814,90
chesca_mesh,848,9,6,6,5.217108217890844,4.3411082178908424,-0.8760000000000012,7.705862045288086,0.09226259759216345,90
chesca_mesh,849,10,6,6,4.316856352615265,3.4408563526152656,-0.875999999999999,7.705862045288086,0.12692708123471091,90
chesca_mesh,850,11,6,6,2.139199298147761,2.6911709080241586,0.5519716098763974,7.705862045288086,-0.20998700857993563,90
chesca_mesh,851,12,6,6,0.6812031637551199,1.0608989161252218,0.3796957523701019,7.705862045288086,-0.10452529932475928,90
chesca_mesh,852,13,6,6,2.1355932905385253,1.2595932905385248,-0.8760000000000006,7.705862045288086,0.14083458992604364,90
chesca_mesh,853,14,6,0,1.9750527704400809,1.9750527704400809,0.0,7.705862045288086,0.01154145575294322,90
chesca_mesh,854,15,6,6,3.5823464524260977,2.706346452426098,-0.8759999999999999,7.705862045288086,0.0842458470637123,90
chesca_mesh,855,16,6,6,5.511141297201465,4.635141297201464,-0.8760000000000003,7.705862045288086,0.44282020446802645,90
chesca_mesh,856,17,6,6,7.57480479516717,6.69880479516717,-0.8759999999999994,7.705862045288086,0.5355238513433938,90
chesca_mesh,857,18,6,5,9.719517292384904,8.975517292384904,-0.7439999999999998,7.723376750946045,0.2306055468984451,90
chesca_mesh,858,19,6,6,9.358090228428294,8.482090228428293,-0.8760000000000012,7.705862045288086,0.3513029679227194,90
chesca_mesh,859,20,6,6,10.575933471527543,9.699933471527542,-0.8760000000000012,7.723376750946045,0.6916975224002271,90
chesca_mesh,860,21,6,6,10.514398472209493,9.638398472209492,-0.8760000000000012,7.723376750946045,0.6575046473978086,90
chesca_mesh,861,22,6,0,8.4369934996338,8.4369934996338,0.0,7.7302045822143555,-0.03204859049084813,90
chesca_mesh,862,23,6,6,7.942828968660065,7.066828968660065,-0.8759999999999994,7.7302045822143555,0.2237572351291877,90
chesca_mesh,863,24,6,6,9.185323722352871,8.309323722352872,-0.8759999999999994,7.7302045822143555,0.40125950186917697,90
chesca_mesh,864,1,6,6,9.458258804961009,8.582258804961008,-0.8760000000000012,7.745217323303223,0.37671423158937384,90
chesca_mesh,865,2,6,0,7.6850428413417475,7.6850428413417475,0.0,7.745217323303223,0.04130626817865715,90
chesca_mesh,866,3,6,0,5.864273573556414,5.864273573556413,-8.881784197001252e-16,7.7401652336120605,0.00939057101963392,90
chesca_mesh,867,4,6,6,6.02337555669381,5.14737555669381,-0.8759999999999994,7.7401652336120605,0.11057681597810068,90
chesca_mesh,868,5,6,6,5.321275767240615,4.445275767240615,-0.8760000000000003,7.7401652336120605,0.1512118491642329,90
chesca_mesh,869,6,6,6,5.503571623533957,4.627571623533958,-0.8759999999999986,7.7401652336120605,0.22144039275902472,90
chesca_mesh,870,7,6,6,4.949735048804581,4.073735048804581,-0.8760000000000003,7.7401652336120605,0.18407675821336708,90
chesca_mesh,871,8,6,6,3.93043130399019,3.0544313039901905,-0.8759999999999994,7.7401652336120605,0.14570042685630002,90
chesca_mesh,872,9,6,0,4.861021231439066,4.861021231439067,8.881784197001252e-16,7.7401652336120605,0.051472361436751116,90
chesca_mesh,873,10,6,6,3.876748670625634,4.461877980691927,0.5851293100662929,7.759369373321533,-0.7083186955671453,90
chesca_mesh,874,11,6,6,3.7992083840832405,4.246474376223013,0.44726599213977236,7.759369373321533,-0.27665745875174186,90
chesca_mesh,875,12,6,6,3.1295903039347204,3.4999175115601813,0.3703272076254609,7.759369373321533,-0.2409415235230782,90
chesca_mesh,876,13,6,6,4.25463361621753,3.3786336162175283,-0.8760000000000012,7.759369373321533,0.08120723549507253,90
chesca_mesh,877,14,6,6,7.543158306816319,6.66715830681632,-0.8759999999999994,7.759369373321533,0.43600445585975994,90
chesca_mesh,878,15,6,6,5.8106704760385925,6.43833955046145,0.6276690744228572,7.795910835266113,-0.5244006272541177,90
chesca_mesh,879,16,6,6,6.145180647883513,5.2691806478835135,-0.8759999999999994,7.795910835266113,0.09400901992971117,90
chesca_mesh,880,17,6,6,7.549198563265147,6.673198563265147,-0.8760000000000003,7.795910835266113,0.5393574653553899,90
chesca_mesh,881,18,6,6,8.644186282538934,7.768186282538933,-0.8760000000000012,7.795910835266113,0.48071309862138495,90
chesca_mesh,882,19,6,6,9.469960657080946,8.593960657080945,-0.8760000000000012,7.759369373321533,0.37346501656684644,90
chesca_mesh,883,20,6,6,8.429961608807627,7.553961608807626,-0.8760000000000012,7.759369373321533,0.5326342540802677,90
chesca_mesh,884,21,6,6,8.975139286616194,8.099139286616195,-0.8759999999999994,7.7401652336120605,0.2571101641582926,90
chesca_mesh,885,22,6,2,8.142654764922765,7.850654764922766,-0.2919999999999998,7.723376750946045,0.20701852881049643,90
chesca_mesh,886,23,6,6,8.521410203515067,7.645410203515068,-0.8759999999999994,7.723376750946045,0.14911522236152458,90
chesca_mesh,887,24,6,6,9.246651194210486,8.370651194210486,-0.8759999999999994,7.723376750946045,0.3410137347373149,90
chesca_mesh,888,1,6,6,8.818824126779278,7.9428241267792785,-0.8759999999999994,7.723376750946045,0.35791358138770496,90
chesca_mesh,889,2,6,0,7.724595941028346,7.724595941028347,8.881784197001252e-16,7.723376750946045,0.01398362076955511,90
chesca_mesh,890,3,6,6,5.4477851707265845,6.323785170726584,0.8759999999999994,7.682466506958008,-0.11894663219808718,90
chesca_mesh,891,4,6,6,5.264330409820806,6.071889612548112,0.8075592027273064,7.682466506958008,-0.09698154557836039,90
chesca_mesh,892,5,6,6,4.746834857568897,5.22167151690489,0.4748366593359936,7.621887683868408,-0.10687750349699654,90
chesca_mesh,893,6,6,0,4.737759919213162,4.737759919213162,0.0,7.621887683868408,-0.024582324508628094,90
chesca_mesh,894,7,6,0,4.334969753483218,4.334969753483218,0.0,7.621887683868408,0.06418618030901559,90
chesca_mesh,895,8,6,0,2.62635417073179,2.6263541707317906,4.440892098500626e-16,7.621887683868408,-0.08158408833666424,90
chesca_mesh,896,9,6,6,1.8970486507413225,2.2614619762220363,0.3644133254807138,7.621887683868408,-0.5260526028622,90
chesca_mesh,897,10,6,6,1.0330200882824898,1.2648146800809703,0.2317945917984805,7.68326473236084,-0.7808743986869056,90
chesca_mesh,898,11,6,6,1.7550447812879555,2.0947266334133703,0.3396818521254148,7.725300312042236,-0.6717621302871984,90
chesca_mesh,899,12,6,6,3.4777280670795436,2.6017280670795433,-0.8760000000000003,7.725300312042236,0.13912655945779095,90
chesca_mesh,900,13,6,6,6.286135096912378,5.410135096912377,-0.8760000000000012,7.725300312042236,0.3059716603239898,90
chesca_mesh,901,14,6,6,6.612397207473093,5.736397207473093,-0.8759999999999994,7.725300312042236,0.08983683306208261,90
chesca_mesh,902,15,6,6,8.07521170688997,7.199211706889971,-0.8759999999999994,7.725300312042236,0.17420532145236028,90
chesca_mesh,903,16,6,6,9.474626377098053,8.598626377098054,-0.8759999999999994,7.725300312042236,0.5769928232000147,90
chesca_mesh,904,17,6,5,12.978646083991565,12.234646083991565,-0.7439999999999998,7.741204738616943,1.891695043782271,90
chesca_mesh,905,18,6,6,10.509378751556595,9.633378751556595,-0.8759999999999994,7.741204738616943,0.678231710066366,90
chesca_mesh,906,19,6,6,11.798144068337233,10.922144068337234,-0.8759999999999994,7.741204738616943,0.9119227185595062,90
chesca_mesh,907,20,6,6,10.132464552086283,9.256464552086282,-0.8760000000000012,7.741204738616943,0.25348608408473244,90
chesca_mesh,908,21,6,6,9.32622394392612,8.450223943926119,-0.8760000000000012,7.741204738616943,0.10617822611989496,90
chesca_mesh,909,22,6,6,8.929949961174458,9.805949961174457,0.8759999999999994,7.741204738616943,-0.19390281910563945,90
chesca_mesh,910,23,6,0,8.359581700678305,8.359581700678305,0.0,7.759369373321533,-0.06878998796040475,90
chesca_mesh,911,24,6,0,8.528758251487641,8.528758251487641,0.0,7.759369373321533,-0.01043597699237539,90
chesca_mesh,912,1,6,6,10.002885507936911,9.126885507936912,-0.8759999999999994,7.759369373321533,0.1974101429135599,90
chesca_mesh,913,2,6,0,8.813830434363341,8.813830434363343,1.7763568394002505e-15,7.759369373321533,0.005926065910368095,90
chesca_mesh,914,3,6,6,7.172818024554206,8.048818024554206,0.8760000000000003,7.759369373321533,-0.2801470403709265,90
chesca_mesh,915,4,6,6,5.823826128842958,6.699826128842959,0.8760000000000012,7.741204738616943,-0.3698383155593701,90
chesca_mesh,916,5,6,6,5.452376819094735,5.996934426903789,0.5445576078090539,7.725300312042236,-0.28824638655837076,90
chesca_mesh,917,6,6,6,5.6733982791218835,5.920343501619722,0.24694522249783812,7.725300312042236,-0.17317914780830784,90
chesca_mesh,918,7,6,6,5.826875365516605,6.168045237833173,0.34116987231656815,7.684535026550293,-0.1565072399548712,90
chesca_mesh,919,8,6,6,4.784977965952441,5.142352280461279,0.3573743145088377,7.741204738616943,-0.796373214090421,90
chesca_mesh,920,9,6,6,2.6456794387516602,2.876421972356533,0.23074253360487296,7.741204738616943,-0.4288406786848227,90
chesca_mesh,921,10,6,6,3.665982430616187,3.8863340542414497,0.22035162362526295,7.741204738616943,-0.16403353322817016,90
chesca_mesh,922,11,6,6,4.512588891841185,4.951100349045273,0.438511457204088,7.741204738616943,-0.22113957842380916,90
chesca_mesh,923,12,6,6,4.456466643315741,4.884663330436201,0.4281966871204599,7.741204738616943,-0.1214342273247904,90
chesca_mesh,924,13,6,6,5.545740694574209,6.062743190513291,0.5170024959390815,7.741204738616943,-0.11402872117578466,90
chesca_mesh,925,14,6,6,4.407856919602618,4.862859423552467,0.4550025039498493,7.741204738616943,-0.19908697820226104,90
chesca_mesh,926,15,6,0,6.2256760822363795,6.2256760822363795,0.0,7.741204738616943,0.03478126920917671,90
chesca_mesh,927,16,6,6,6.288398353908527,5.412398353908527,-0.8760000000000003,7.741204738616943,0.14328337490940218,90
chesca_mesh,928,17,6,6,6.547453114259572,5.671453114259572,-0.8760000000000003,7.684535026550293,0.14669917882527667,90
chesca_mesh,929,18,6,6,7.5912220516040385,6.715222051604039,-0.8759999999999994,7.621887683868408,0.32467167209995723,90
chesca_mesh,930,19,6,6,8.87522946573941,7.999229465739411,-0.8759999999999994,7.601066589355469,0.42634370347915845,90
chesca_mesh,931,20,6,6,8.559380365996725,7.683380365996725,-0.8760000000000003,7.578707218170166,0.7309898315125812,90
chesca_mesh,932,21,6,0,7.6331424529965055,7.6331424529965055,0.0,7.546327590942383,-0.011048488173625318,90
chesca_mesh,933,22,6,6,6.65604827796374,7.53204827796374,0.8759999999999994,7.520694732666016,-0.13515830177429008,90
chesca_mesh,934,23,6,6,7.901010027629356,7.025010027629356,-0.8760000000000003,7.503259181976318,0.1749997530501537,90
chesca_mesh,935,24,6,6,9.126256080725812,8.25025608072581,-0.8760000000000012,7.503259181976318,0.48667251451796883,90
chesca_mesh,936,1,6,6,7.9885521301719535,8.864552130171955,0.8760000000000012,7.503259181976318,-0.3751892653025686,90
chesca_mesh,937,2,6,6,6.577368198847972,7.344529472023992,0.7671612731760202,7.503259181976318,-0.45148680830326293,90
chesca_mesh,938,3,6,6,5.436891945945809,6.193685782279345,0.7567938363335358,7.503259181976318,-0.40570943223775224,90
chesca_mesh,939,4,6,6,4.9233188535490235,5.591120656269211,0.6678018027201871,7.458475589752197,-0.2614949369760665,90
chesca_mesh,940,5,6,6,4.975800970833355,5.390920036818241,0.4151190659848867,7.458475589752197,-0.16008557593479208,90
chesca_mesh,941,6,6,6,5.157019848392693,5.392359136720433,0.2353392883277401,7.458475589752197,-0.10020242675239413,90
chesca_mesh,942,7,6,6,4.354121580977505,4.574804868176739,0.22068328719923347,7.458475589752197,-0.13226019944668618,90
chesca_mesh,943,8,6,6,5.6281264548699355,5.967751098664299,0.3396246437943633,7.458475589752197,-0.109736579739375,90
chesca_mesh,944,9,6,6,4.057494342507521,4.2880502672238725,0.23055592471635133,7.458475589752197,-0.3888690305621927,90
chesca_mesh,945,10,6,0,4.09628536234963,4.09628536234963,0.0,7.458475589752197,-0.04753853903464307,90
chesca_mesh,946,11,6,6,2.8426936082949856,3.115212294727138,0.27251868643215227,7.458475589752197,-0.0933338155094543,90
chesca_mesh,947,12,6,6,1.2011920530231182,1.423996900246762,0.2228048472236439,7.458475589752197,-0.4764236943417141,90
chesca_mesh,948,13,6,6,2.5460034948605372,1.6700034948605367,-0.8760000000000006,7.458475589752197,0.14315594568506296,90
chesca_mesh,949,14,6,6,3.05471023490366,2.17871023490366,-0.8760000000000003,7.373607635498047,0.08382825892204893,90
chesca_mesh,950,15,6,6,4.847442533052544,3.971442533052545,-0.8759999999999994,7.314899921417236,0.1310112528049245,90
chesca_mesh,951,16,6,6,6.261351467032377,5.385351467032376,-0.8760000000000003,7.314899921417236,0.08065244790588427,90
chesca_mesh,952,17,6,6,7.548898129688375,6.672898129688375,-0.8760000000000003,7.314899921417236,0.134673619005964,90
chesca_mesh,953,18,6,6,10.18420442063288,9.308204420632881,-0.8759999999999994,7.314899921417236,0.9703095751367777,90
chesca_mesh,954,19,6,6,12.099945302845349,11.223945302845348,-0.8760000000000012,7.373607635498047,1.556141154247797,90
chesca_mesh,955,20,6,6,11.20473406655362,10.328734066553618,-0.8760000000000012,7.373607635498047,0.8133355772418644,90
chesca_mesh,956,21,6,6,11.07298489594983,10.196984895949827,-0.876000000000003,7.373607635498047,0.9349185514230088,90
chesca_mesh,957,22,6,6,10.833683337511896,9.957683337511899,-0.8759999999999977,7.373607635498047,0.9423071332364004,90
chesca_mesh,958,23,6,6,8.844320218231218,7.968320218231218,-0.8759999999999994,7.373607635498047,0.2627523042760442,90
chesca_mesh,959,24,6,6,10.693455016433626,9.817455016433625,-0.8760000000000012,7.373607635498047,0.9967936781222049,90
chesca_mesh,960,1,6,6,10.100224873848926,9.224224873848925,-0.8760000000000012,7.373607635498047,0.4607313672213168,90
chesca_mesh,961,2,6,6,8.93268144224444,8.056681442244441,-0.8759999999999994,7.373607635498047,0.7045763124005355,90
chesca_mesh,962,3,6,6,7.760090572999275,8.636090572999276,0.8760000000000012,7.373607635498047,-0.3436525336014224,90
chesca_mesh,963,4,6,6,7.521749054172363,8.397749054172364,0.8760000000000003,7.456308364868164,-0.39839798865054565,90
chesca_mesh,964,5,6,6,5.75230506602451,6.558075101529805,0.8057700355052946,7.487954616546631,-0.24333918597504783,90
chesca_mesh,965,6,6,6,5.8564126791755315,6.267052914227212,0.41064023505168024,7.487954616546631,-0.09747390885242267,90
chesca_mesh,966,7,6,6,4.509709559997903,4.853611975479262,0.3439024154813586,7.455268859863281,-0.13200397635808836,90
chesca_mesh,967,8,6,6,4.9244738153276195,5.156021463128445,0.23154764780082537,7.455268859863281,-0.10624909156339675,90
chesca_mesh,968,9,6,6,5.280052600738856,5.500526112234048,0.22047351149519123,7.455268859863281,-0.1813262047953128,90
chesca_mesh,969,10,6,6,3.1903771811079005,3.4101655209312334,0.2197883398233329,7.455268859863281,-0.2160862231971828,90
chesca_mesh,970,11,6,6,1.2607868337801627,1.4805327790297265,0.2197459452495638,7.455268859863281,-0.1668226768706806,90
chesca_mesh,971,12,6,6,2.6728248453157475,1.7968248453157478,-0.8759999999999997,7.455268859863281,0.07648056421455872,90
chesca_mesh,972,13,6,6,4.253521792643154,3.377521792643154,-0.8759999999999999,7.455268859863281,0.26122577886237053,90
chesca_mesh,973,14,6,6,3.8891861464737554,3.0131861464737555,-0.8759999999999999,7.455268859863281,0.14209549366369756,90
chesca_mesh,974,15,6,6,4.755968049899521,3.8799680498995217,-0.8759999999999994,7.455268859863281,0.2033135675467195,90
chesca_mesh,975,16,6,6,6.949869221323515,6.073869221323514,-0.8760000000000003,7.455268859863281,0.2721173355201168,90
chesca_mesh,976,17,6,6,8.978105051371303,8.102105051371304,-0.8759999999999994,7.455268859863281,0.5090663555378997,90
chesca_mesh,977,18,6,6,10.40997638327297,9.53397638327297,-0.8759999999999994,7.487954616546631,0.7348236754789921,90
chesca_mesh,978,19,6,6,11.410907815798145,10.534907815798146,-0.8759999999999994,7.487954616546631,1.1053145422629087,90
chesca_mesh,979,20,6,6,10.673056113004684,9.797056113004684,-0.8759999999999994,7.487954616546631,0.760207078858367,90
chesca_mesh,980,21,6,6,9.336708619594575,8.460708619594573,-0.8760000000000012,7.487954616546631,0.17091463434262819,90
chesca_mesh,981,22,6,1,9.07109429175358,8.91109429175358,-0.16000000000000014,7.487954616546631,0.35999613985729195,90
chesca_mesh,982,23,6,6,9.253816628364612,8.377816628364611,-0.8760000000000012,7.49097204208374,0.2998032023431967,90
chesca_mesh,983,24,6,6,10.30092520695868,9.424925206958681,-0.8759999999999994,7.512092590332031,0.7999243749657164,90
chesca_mesh,984,1,6,6,9.249600838857406,8.373600838857405,-0.8760000000000012,7.512092590332031,0.12914893453951365,90
chesca_mesh,985,2,6,6,8.839769442448459,7.963769442448459,-0.8759999999999994,7.512092590332031,0.15415416422880857,90
chesca_mesh,986,3,6,6,8.047053510753408,7.171053510753409,-0.8759999999999986,7.512092590332031,0.2453224667385773,90
chesca_mesh,987,4,6,6,8.39240060168476,7.516400601684759,-0.8760000000000003,7.513479232788086,0.4402597199658314,90
chesca_mesh,988,5,6,0,6.035155815082437,6.035155815082437,0.0,7.513479232788086,-0.05130726672861244,90
chesca_mesh,989,6,6,6,6.1097252052080835,5.233725205208083,-0.8760000000000003,7.513479232788086,0.08836501865690952,90
chesca_mesh,990,7,6,6,5.509558995458438,4.633558995458437,-0.8760000000000003,7.513479232788086,0.09732422959502227,90
chesca_mesh,991,8,6,6,5.201492012500302,4.325492012500302,-0.8760000000000003,7.513479232788086,0.09249262632076342,90
chesca_mesh,992,9,6,0,4.094862886393365,4.094862886393365,0.0,7.513479232788086,0.05652949698368135,90
chesca_mesh,993,10,6,0,4.7284244659234105,4.72842446592341,-8.881784197001252e-16,7.513479232788086,0.038653204277817634,90
chesca_mesh,994,11,6,0,1.8170106731207765,1.8170106731207767,2.220446049250313e-16,7.513479232788086,-0.05543496675937395,90
chesca_mesh,995,12,6,6,4.310778452437888,4.863756126405608,0.5529776739677201,7.513479232788086,-0.10844189054467619,90
chesca_mesh,996,13,6,0,5.491346297202558,5.491346297202558,0.0,7.513479232788086,0.023110651747535474,90
chesca_mesh,997,14,6,0,5.767903765637483,5.767903765637483,0.0,7.513479232788086,-0.030823230910993434,90
chesca_mesh,998,15,6,6,5.1438112943598995,4.2678112943599,-0.8759999999999994,7.513479232788086,0.08949366529540136,90
chesca_mesh,999,16,6,6,5.414217918928795,4.538217918928796,-0.8759999999999994,7.513479232788086,0.4542669104845786,90
chesca_mesh,1000,17,6,6,7.02180344151455,6.145803441514548,-0.8760000000000012,7.49097204208374,0.5171176386270243,90
chesca_mesh,1001,18,6,6,8.299275212813168,7.423275212813169,-0.8759999999999986,7.487954616546631,0.36495369348175954,90
chesca_mesh,1002,19,6,6,9.629878854538559,8.75387885453856,-0.8759999999999994,7.487954616546631,0.7118837225490342,90
chesca_mesh,1003,20,6,6,8.632809492349624,9.508809492349624,0.8759999999999994,7.487954616546631,-0.7159405236507544,90
chesca_mesh,1004,21,6,6,7.790445746754385,8.666445746754386,0.8760000000000012,7.487954616546631,-0.2869860313127972,90
chesca_mesh,1005,22,6,6,8.222380181123246,7.346380181123246,-0.8759999999999994,7.487954616546631,0.540241152313831,90
chesca_mesh,1006,23,6,6,8.579679778461562,7.703679778461562,-0.8760000000000003,7.487954616546631,0.7101579316433739,90
chesca_mesh,1007,24,6,6,9.11229668522316,8.236296685223163,-0.8759999999999977,7.455268859863281,0.31075383656712724,90
chesca_mesh,1008,1,6,6,9.098489438109793,8.222489438109793,-0.8759999999999994,7.487954616546631,0.08714071005878327,90
chesca_mesh,1009,2,6,6,7.786440095386037,8.662440095386039,0.8760000000000021,7.5117058753967285,-0.3085063436951104,90
chesca_mesh,1010,3,6,6,5.574425586980573,6.450425586980573,0.8759999999999994,7.547462463378906,-0.42314060633476774,90
chesca_mesh,1011,4,6,6,5.006111423270155,5.652394828995178,0.6462834057250237,7.547462463378906,-0.2660145310149786,90
chesca_mesh,1012,5,6,6,4.249783801607631,4.544625581427301,0.2948417798196701,7.547462463378906,-0.25607153094845625,90
chesca_mesh,1013,6,6,6,4.438251961695022,4.662359271862759,0.22410731016773777,7.547462463378906,-0.10366180335245015,90
chesca_mesh,1014,7,6,0,4.694136630682765,4.694136630682765,0.0,7.547462463378906,-0.0462226539169309,90
chesca_mesh,1015,8,6,0,4.32148681835423,4.32148681835423,0.0,7.547462463378906,-0.07008177849993774,90
chesca_mesh,1016,9,6,6,2.4003473728023748,2.744493527119607,0.34414615431723217,7.547462463378906,-0.10628749316331873,90
chesca_mesh,1017,10,6,6,4.340434711739561,3.46443471173956,-0.8760000000000008,7.547462463378906,0.156388351644044,90
chesca_mesh,1018,11,6,0,1.8754782091159259,1.875478209115926,2.220446049250313e-16,7.547462463378906,-0.037481416216258334,90
chesca_mesh,1019,12,6,6,2.3895026464314335,1.513502646431434,-0.8759999999999994,7.547462463378906,0.13452662003682517,90
chesca_mesh,1020,13,6,6,3.389235528802997,2.513235528802997,-0.8760000000000003,7.547462463378906,0.20857052484078872,90
chesca_mesh,1021,14,6,6,3.3979083484190133,2.5219083484190135,-0.8759999999999999,7.547462463378906,0.12558939324176038,90
chesca_mesh,1022,15,6,0,4.028157606096191,4.028157606096191,0.0,7.547462463378906,0.060165774269713895,90
chesca_mesh,1023,16,6,6,5.52929971566431,4.65329971566431,-0.8760000000000003,7.547462463378906,0.17161984646592657,90
chesca_mesh,1024,17,6,6,6.923107069085895,6.047107069085895,-0.8760000000000003,7.547462463378906,0.35811536280161194,90
chesca_mesh,1025,18,6,6,7.925260371148552,7.049260371148552,-0.8759999999999994,7.5117058753967285,0.3878811552687578,90
chesca_mesh,1026,19,6,6,9.203658830799775,8.327658830799773,-0.8760000000000012,7.5117058753967285,0.4268470231962239,90
chesca_mesh,1027,20,6,6,8.730136014938353,7.854136014938354,-0.8759999999999986,7.487954616546631,0.2607592212834592,90
chesca_mesh,1028,21,6,6,8.38486694140472,7.508866941404721,-0.8759999999999994,7.487954616546631,0.5291998697959269,90
chesca_mesh,1029,22,6,6,7.385350740100744,8.261350740100745,0.8760000000000012,7.457008361816406,-0.10657571413564765,90
chesca_mesh,1030,23,6,6,7.978110951904831,7.102110951904832,-0.8759999999999994,7.457008361816406,0.5419003782110142,90
chesca_mesh,1031,24,6,6,6.9685811402382765,7.844581140238275,0.8759999999999986,7.457008361816406,-0.2129889783773012,90
chesca_mesh,1032,1,6,6,7.190221806621251,8.06622180662125,0.8759999999999994,7.457008361816406,-0.3124030276320736,90
chesca_mesh,1033,2,6,6,6.767038106531581,7.6430381065315816,0.8760000000000003,7.457008361816406,-0.24281040720394517,90
chesca_mesh,1034,3,6,6,5.757292898327842,6.633292898327842,0.8760000000000003,7.457008361816406,-0.3672428703565087,90
chesca_mesh,1035,4,6,6,5.089441561267058,5.795666095888702,0.7062245346216445,7.457008361816406,-0.3575383822025961,90
chesca_mesh,1036,5,6,6,4.914858195100822,5.223409707576224,0.30855151247540125,7.457008361816406,-0.2838384283230744,90
chesca_mesh,1037,6,6,6,4.641403488170139,4.866482310077875,0.22507882190773554,7.457008361816406,-0.193922876601472,90
chesca_mesh,1038,7,6,6,3.808661276408721,4.02876437304899,0.22010309664026861,7.457008361816406,-0.11030471011432805,90
chesca_mesh,1039,8,6,5,6.420083128656991,5.704083128656991,-0.7160000000000002,7.457008361816406,0.09162219661318237,90
chesca_mesh,1040,9,6,6,2.6750260499155796,1.79902604991558,-0.8759999999999997,7.457008361816406,0.11512796184881063,90
chesca_mesh,1041,10,6,6,1.1297244992901825,1.5869473664907008,0.4572228672005183,7.4187164306640625,-0.6617298508762028,90
chesca_mesh,1042,11,6,6,0.3810402418711948,0.7276460642022796,0.34660582233108483,7.4187164306640625,-0.1222206145187574,90
chesca_mesh,1043,12,6,0,1.3590614651512043,1.3590614651512043,0.0,7.4187164306640625,-0.040331976447484055,90
chesca_mesh,1044,13,6,6,2.855215194614356,1.979215194614356,-0.8760000000000001,7.4187164306640625,0.14838297523055247,90
chesca_mesh,1045,14,6,0,1.633171857817607,1.6331718578176069,-2.220446049250313e-16,7.4187164306640625,-0.05165799655671767,90
chesca_mesh,1046,15,6,6,4.587051419531057,3.711051419531057,-0.8759999999999999,7.38737154006958,0.12841442978585815,90
chesca_mesh,1047,16,6,6,6.678740720400956,7.400574879748405,0.7218341593474493,7.4187164306640625,-0.15820950690107005,90
chesca_mesh,1048,17,6,6,7.498042229425147,8.276408026529609,0.7783657971044615,7.457008361816406,-0.19088051837849696,90
chesca_mesh,1049,18,6,6,8.032022598906194,7.156022598906193,-0.8760000000000003,7.487954616546631,0.09553496452675597,90
chesca_mesh,1050,19,6,6,8.472952455155001,7.596952455155002,-0.8759999999999994,7.487954616546631,0.4069523941911012,90
chesca_mesh,1051,20,6,6,8.3124452155221,7.436445215522099,-0.8760000000000012,7.487954616546631,0.5730107148566399,90
chesca_mesh,1052,21,6,6,8.494755440924202,7.618755440924202,-0.8759999999999994,7.487954616546631,0.4124965510439187,90
chesca_mesh,1053,22,6,2,8.167389234464979,7.875389234464978,-0.2920000000000007,7.487954616546631,0.14302173497767318,90
chesca_mesh,1054,23,6,6,9.843061046315906,8.967061046315907,-0.8759999999999994,7.5117058753967285,0.4896779506256466,90
chesca_mesh,1055,24,6,6,9.532426539774374,8.656426539774376,-0.8759999999999977,7.5117058753967285,0.24303451233148682,90
chesca_mesh,1056,1,6,6,9.307515101495015,8.431515101495014,-0.8760000000000012,7.5117058753967285,0.13970068255308488,90
chesca_mesh,1057,2,6,6,7.6786247238399215,8.554624723839922,0.8760000000000003,7.5117058753967285,-0.4430525371672188,90
chesca_mesh,1058,3,6,6,5.570833628521234,6.446833628521234,0.8760000000000003,7.5117058753967285,-0.7267487741962718,90
chesca_mesh,1059,4,6,6,5.4139101435098915,6.220819254918597,0.8069091114087055,7.554506778717041,-0.44044173706656853,90
chesca_mesh,1060,5,6,6,5.043762341775287,5.3395830017658605,0.2958206599905733,7.554506778717041,-0.30621883690078844,90
chesca_mesh,1061,6,6,6,5.1634314053850074,5.387731211766766,0.22429980638175895,7.554506778717041,-0.14472098268129435,90
chesca_mesh,1062,7,6,6,4.372987027031187,4.5930568567362435,0.22006982970505629,7.554506778717041,-0.10699736781090531,90
chesca_mesh,1063,8,6,3,3.8130868139363385,3.9334826104520637,0.12039579651572518,7.554506778717041,-0.09481275317593066,90
chesca_mesh,1064,9,6,6,1.921555361135876,2.155842383560911,0.23428702242503485,7.663998126983643,-0.8873449384024878,90
chesca_mesh,1065,10,6,6,2.7480338546611334,2.9686557572467716,0.22062190258563819,7.663998126983643,-1.0309447174169406,90
chesca_mesh,1066,11,6,6,2.4421371854855467,2.6619869572469783,0.2198497717614316,7.663998126983643,-0.7242296656664459,90
chesca_mesh,1067,12,6,6,1.0852864166200489,1.4249694535384654,0.3396830369184165,7.663998126983643,-0.214931868299562,90
chesca_mesh,1068,13,6,6,4.519566109268987,4.859246690810895,0.3396805815419084,7.769824504852295,-0.5191946294092276,90
chesca_mesh,1069,14,6,6,3.4606650870151383,3.9202152161024095,0.4595501290872712,7.769824504852295,-0.12202679581241722,90
chesca_mesh,1070,15,6,5,6.702462117153292,5.986462117153292,-0.7160000000000002,7.769824504852295,0.26217605519425835,90
chesca_mesh,1071,16,6,6,6.389984429543752,7.112504465499095,0.722520035955343,7.769824504852295,-0.12633252176280044,90
chesca_mesh,1072,17,6,6,7.350728632937184,6.4747286329371825,-0.8760000000000012,7.769824504852295,0.07975539118533355,90
chesca_mesh,1073,18,6,6,9.883716143169263,9.007716143169263,-0.8759999999999994,7.769824504852295,0.7835900317808168,90
chesca_mesh,1074,19,6,6,11.293158530762996,10.417158530762995,-0.8760000000000012,7.769824504852295,1.114659405312216,90
chesca_mesh,1075,20,6,6,10.843739615351053,9.967739615351054,-0.8759999999999994,7.769824504852295,0.7316251906141482,90
chesca_mesh,1076,21,6,6,10.262442290093109,9.386442290093107,-0.8760000000000012,7.769824504852295,0.4677998409393916,90
chesca_mesh,1077,22,6,1,8.895395681118615,8.763395681118615,-0.13199999999999967,7.769824504852295,0.24177084698886364,90
chesca_mesh,1078,23,6,6,9.688249099629592,8.812249099629591,-0.8760000000000012,7.769824504852295,0.3043877718342457,90
chesca_mesh,1079,24,6,6,9.41884846435307,8.54284846435307,-0.8759999999999994,7.769824504852295,0.1828008799397648,90
chesca_mesh,1080,1,6,6,8.279831876693535,7.403831876693535,-0.8760000000000003,7.769824504852295,0.4977557839773981,90
chesca_mesh,1081,2,6,6,7.585620478238038,8.40322358089795,0.8176031026599127,7.769824504852295,-0.2523459166369121,90
chesca_mesh,1082,3,6,6,5.377218080193456,6.156642484921735,0.779424404728279,7.769824504852295,-0.36948586596792105,90
chesca_mesh,1083,4,6,6,5.853214218196093,6.630481270779573,0.77726705258348,7.769824504852295,-0.14316989151445847,90
chesca_mesh,1084,5,6,6,5.082797033530244,5.687074316648621,0.6042772831183774,7.769824504852295,-0.16188647588373928,90
chesca_mesh,1085,6,6,0,5.223434207610967,5.223434207610967,0.0,7.769824504852295,-0.06740106286245548,90
chesca_mesh,1086,7,6,0,4.617240105130912,4.617240105130913,8.881784197001252e-16,7.769824504852295,0.02376364671569248,90
chesca_mesh,1087,8,6,0,3.5472769176229235,3.5472769176229235,0.0,7.663998126983643,-0.01445857094513562,90
chesca_mesh,1088,9,6,6,2.570530621076517,2.9349440039639925,0.3644133828874754,7.663998126983643,-0.18009458294898212,90
chesca_mesh,1089,10,6,0,1.9794686226079268,1.979468622607927,2.220446049250313e-16,7.663998126983643,0.029462843100744623,90
chesca_mesh,1090,11,6,6,3.80549322286356,2.9294932228635604,-0.8759999999999994,7.663998126983643,0.094453517947486,90
chesca_mesh,1091,12,6,0,4.462988689545785,4.462988689545785,0.0,7.663998126983643,0.03624381584897737,90
chesca_mesh,1092,13,6,0,3.3932279841681026,3.393227984168102,-4.440892098500626e-16,7.663998126983643,0.06483065627269415,90
chesca_mesh,1093,14,6,0,3.394084810838273,3.3940848108382724,-4.440892098500626e-16,7.663998126983643,-0.01751517974645547,90
chesca_mesh,1094,15,6,6,5.608355033392959,4.732355033392959,-0.8760000000000003,7.663998126983643,0.30845788221851206,90
chesca_mesh,1095,16,6,6,6.948784276503989,6.072784276503986,-0.876000000000003,7.663998126983643,0.6773719235061849,90
chesca_mesh,1096,17,6,6,8.095275928283643,7.2192759282836425,-0.8760000000000003,7.663998126983643,0.5559891701505053,90
chesca_mesh,1097,18,6,6,11.033555851390341,10.157555851390342,-0.8759999999999994,7.769824504852295,0.9074002181362653,90
chesca_mesh,1098,19,6,6,12.25646128743607,11.380461287436068,-0.8760000000000012,7.818839073181152,1.4282248133521696,90
chesca_mesh,1099,20,6,6,11.938067031612782,11.062067031612782,-0.8759999999999994,7.839465141296387,1.1961869787129114,90
chesca_mesh,1100,21,6,6,11.644899644095915,10.768899644095915,-0.8759999999999994,7.880327224731445,1.0257142274837951,90
chesca_mesh,1101,22,6,1,9.001148453376931,8.86914845337693,-0.13200000000000145,7.9163923263549805,0.3190693550917191,90
chesca_mesh,1102,23,6,6,8.466925830272366,7.590925830272365,-0.8760000000000012,7.9163923263549805,0.21444681371368132,90
chesca_mesh,1103,24,6,6,9.4072811378268,8.531281137826802,-0.8759999999999977,7.8874897956848145,0.24778090916909457,90
chesca_mesh,1104,1,6,6,9.45120077480189,8.575200774801893,-0.8759999999999977,7.8874897956848145,0.17245486971469834,90
chesca_mesh,1105,2,6,6,8.843878304780265,7.967878304780266,-0.8759999999999994,7.8874897956848145,0.6207367199784625,90
chesca_mesh,1106,3,6,6,6.411994691421433,7.287994691421432,0.8759999999999994,7.8874897956848145,-0.1379515708461102,90
chesca_mesh,1107,4,6,6,5.778190070477573,6.603951113401049,0.8257610429234763,7.8874897956848145,-0.18676042432587892,90
chesca_mesh,1108,5,6,6,5.049769665691112,5.677562027718919,0.6277923620278063,7.8874897956848145,-0.19282678076880932,90
chesca_mesh,1109,6,6,6,5.882608045805155,6.336505153026895,0.45389710722174037,7.8874897956848145,-0.10556833825230255,90
chesca_mesh,1110,7,6,1,4.364518228096554,4.524518228096555,0.16000000000000014,7.8874897956848145,-0.09053949777100226,90
chesca_mesh,1111,8,6,0,3.8797356196145008,3.8797356196145008,0.0,7.8874897956848145,-0.03599328099722401,90
chesca_mesh,1112,9,6,6,1.2191865755359932,1.4976779814224483,0.27849140588645516,7.8874897956848145,-0.21543214198238772,90
chesca_mesh,1113,10,6,6,-0.10828563457845353,0.11510276311615515,0.22338839769460866,7.8874897956848145,-0.148716803353271,90
chesca_mesh,1114,11,6,6,1.3274005050612794,0.45140050506127893,-0.8760000000000004,7.8874897956848145,0.1102728417313394,90
chesca_mesh,1115,12,6,6,1.1722454646693974,0.2962454646693966,-0.8760000000000008,7.8874897956848145,0.09424712626026033,90
chesca_mesh,1116,13,6,6,3.2390737502198177,2.3630737502198182,-0.8759999999999994,7.8874897956848145,0.3799668452758472,90
chesca_mesh,1117,14,6,0,4.034690337419938,4.0346903374199385,8.881784197001252e-16,7.8874897956848145,-0.0394961800954224,90
chesca_mesh,1118,15,6,6,5.573290904668262,4.697290904668263,-0.8759999999999994,7.8874897956848145,0.1923064130949797,90
chesca_mesh,1119,16,6,6,8.01421262682958,7.1382126268295805,-0.8760000000000003,7.8874897956848145,0.3202535517249668,90
chesca_mesh,1120,17,6,6,12.222774326447125,11.346774326447123,-0.8760000000000012,7.9163923263549805,1.093751589056856,90
chesca_mesh,1121,18,6,6,11.47892938934526,10.60292938934526,-0.8760000000000012,7.92020845413208,0.952986000872093,90
chesca_mesh,1122,19,6,6,12.628987761856845,11.752987761856843,-0.8760000000000012,7.92020845413208,1.481330587676193,90
chesca_mesh,1123,20,6,6,12.834562144556712,11.95856214455671,-0.8760000000000012,7.92020845413208,1.2967653935168058,90
chesca_mesh,1124,21,6,6,11.494342323344876,10.618342323344875,-0.8760000000000012,7.92020845413208,0.21386023525562356,90
chesca_mesh,1125,22,6,6,9.763744484383057,8.88774448438306,-0.8759999999999977,7.92020845413208,0.5767428003380528,90
chesca_mesh,1126,23,6,6,9.906599192572397,9.030599192572398,-0.8759999999999994,7.92020845413208,0.4721629877746726,90
chesca_mesh,1127,24,6,6,10.143816507237624,9.267816507237624,-0.8759999999999994,7.97091007232666,0.4702058774829291,90
chesca_mesh,1128,1,6,6,8.605112527489137,7.729112527489137,-0.8760000000000003,7.97091007232666,0.5456831641175366,90
chesca_mesh,1129,2,6,6,8.296473199802154,7.420473199802154,-0.8760000000000003,7.92020845413208,0.18179274195422163,90
chesca_mesh,1130,3,6,0,5.9991134302616125,5.9991134302616125,0.0,7.916861057281494,-0.0664626950483275,90
chesca_mesh,1131,4,6,0,5.887531093835832,5.887531093835831,-8.881784197001252e-16,7.8874897956848145,0.05734108298737739,90
chesca_mesh,1132,5,6,0,5.259634938781843,5.2596349387818435,8.881784197001252e-16,7.8874897956848145,0.045360141284666367,90
chesca_mesh,1133,6,6,6,5.35038572858581,4.474385728585809,-0.8760000000000003,7.8874897956848145,0.1400217534075837,90
chesca_mesh,1134,7,6,6,5.2504928007046185,4.374492800704619,-0.8759999999999994,7.8874897956848145,0.20691393543541325,90
chesca_mesh,1135,8,6,6,4.601736298648164,5.308798973942806,0.7070626752946421,7.916861057281494,-0.21672264566432325,90
chesca_mesh,1136,9,6,0,3.3704597329231,3.3704597329231,0.0,7.916861057281494,0.022668449490880968,90
chesca_mesh,1137,10,6,6,3.3635989018008274,2.487598901800827,-0.8760000000000003,7.916861057281494,0.11528839723053257,90
chesca_mesh,1138,11,6,6,3.1246567874298172,2.248656787429817,-0.8760000000000003,7.916861057281494,0.3077879112770119,90
chesca_mesh,1139,12,6,6,3.7886394556074263,2.9126394556074255,-0.8760000000000008,7.916861057281494,0.2229829247463106,90
chesca_mesh,1140,13,6,6,5.059867656381366,4.1838676563813655,-0.8760000000000003,7.916861057281494,0.42782596380520266,90
chesca_mesh,1141,14,6,6,6.217563311653649,5.341563311653648,-0.8760000000000012,7.916861057281494,0.38669480426707675,90
chesca_mesh,1142,15,6,6,6.7292855945429135,5.853285594542912,-0.8760000000000012,7.916861057281494,0.2674429824504371,90
chesca_mesh,1143,16,6,6,7.924173820116948,7.048173820116949,-0.8759999999999994,7.916861057281494,0.29245682967564035,90
chesca_mesh,1144,17,6,6,10.303856483170671,9.42785648317067,-0.8760000000000012,7.916861057281494,0.88114855402394,90
chesca_mesh,1145,18,6,6,11.947456798214269,11.07145679821427,-0.8759999999999994,7.916861057281494,1.3011744824885438,90
chesca_mesh,1146,19,6,6,14.253963240965103,13.377963240965103,-0.8759999999999994,7.916861057281494,1.574385044589346,90
chesca_mesh,1147,20,6,6,13.33074027054732,12.45474027054732,-0.8759999999999994,7.916861057281494,0.7145465294876236,90
chesca_mesh,1148,21,6,6,11.600108555755439,10.724108555755437,-0.8760000000000012,7.916861057281494,0.7503808556243485,90
chesca_mesh,1149,22,6,6,10.415847831184156,9.539847831184154,-0.8760000000000012,7.916861057281494,0.612780165526971,90
chesca_mesh,1150,23,6,6,10.384953490945705,9.508953490945704,-0.8760000000000012,7.916861057281494,0.5908329459880738,90
chesca_mesh,1151,24,6,6,11.073146246148823,10.197146246148824,-0.8759999999999994,7.916861057281494,0.8038900817665495,90
chesca_mesh,1152,1,6,6,10.699852924938636,9.823852924938635,-0.8760000000000012,7.916861057281494,0.5664155857851737,90
chesca_mesh,1153,2,6,6,9.53966850334349,8.66366850334349,-0.8759999999999994,7.916861057281494,0.1824636610980092,90
chesca_mesh,1154,3,6,0,7.900872485160541,7.900872485160541,0.0,7.97091007232666,0.01964799592036945,90
chesca_mesh,1155,4,6,6,5.839826367378236,6.715826367378234,0.8759999999999986,8.030928611755371,-0.11314196358343676,90
chesca_mesh,1156,5,6,0,5.227398513835088,5.227398513835088,0.0,8.030928611755371,0.004231877394303002,90
chesca_mesh,1157,6,6,6,5.539787808042257,4.663787808042256,-0.8760000000000003,8.030928611755371,0.09836118064217331,90
chesca_mesh,1158,7,6,6,5.541420664159332,4.665420664159333,-0.8759999999999994,8.030928611755371,0.19719565519300555,90
chesca_mesh,1159,8,6,6,5.339399678666279,6.065563331576796,0.7261636529105173,8.094659805297852,-0.4350905916558186,90
chesca_mesh,1160,9,6,0,3.5085157286728705,3.5085157286728705,0.0,8.094659805297852,0.011960993199512021,90
chesca_mesh,1161,10,6,6,3.4282992760924444,2.552299276092445,-0.8759999999999994,8.094659805297852,0.10340580431572846,90
chesca_mesh,1162,11,6,6,3.0961151245725884,2.220115124572588,-0.8760000000000003,8.094659805297852,0.19681708268540649,90
chesca_mesh,1163,12,6,6,3.370835675359368,2.4948356753593677,-0.8760000000000003,8.094659805297852,0.2512854394279148,90
chesca_mesh,1164,13,6,6,5.500678274219283,4.624678274219282,-0.8760000000000003,8.094659805297852,0.42823561630384377,90
chesca_mesh,1165,14,6,6,4.967891465349691,5.580600034322571,0.61270856897288,8.131525993347168,-0.13549010440813056,90
chesca_mesh,1166,15,6,6,6.644430478938514,7.304589054082707,0.6601585751441936,8.154829978942871,-0.15369958819742924,90
chesca_mesh,1167,16,6,6,8.789391007492041,7.91339100749204,-0.8760000000000012,8.181296348571777,0.23540346351477764,90
chesca_mesh,1168,17,6,6,8.98403748685606,8.10803748685606,-0.8759999999999994,8.204870223999023,0.36706518354960244,90
chesca_mesh,1169,18,6,6,8.453861283293438,7.577861283293438,-0.8760000000000003,8.204870223999023,0.416409766767215,90
chesca_mesh,1170,19,6,6,13.780471229271754,12.904471229271753,-0.8760000000000012,8.181296348571777,1.904934551250107,90
chesca_mesh,1171,20,6,6,13.003518864470763,12.127518864470762,-0.8760000000000012,8.181296348571777,1.1777696255658245,90
chesca_mesh,1172,21,6,6,11.854260255518195,10.978260255518194,-0.8760000000000012,8.181296348571777,0.7820260909417405,90
chesca_mesh,1173,22,6,6,8.888690439785343,9.764690439785342,0.8759999999999994,8.181296348571777,-0.13735417123504698,90
chesca_mesh,1174,23,6,6,8.662438233522106,7.786438233522105,-0.8760000000000012,8.181296348571777,0.4239204375012398,90
chesca_mesh,1175,24,6,6,10.617491417943867,9.741491417943864,-0.876000000000003,8.181296348571777,0.6855106027832062,90
chesca_mesh,1176,1,6,6,10.068103462862867,9.192103462862868,-0.8759999999999994,8.181296348571777,0.20556275646574823,90
chesca_mesh,1177,2,6,6,9.150707253285944,8.274707253285944,-0.8759999999999994,8.181296348571777,0.3766448890999663,90
chesca_mesh,1178,3,6,0,7.363694268240304,7.363694268240305,8.881784197001252e-16,8.161825180053711,0.02967322578940068,90
chesca_mesh,1179,4,6,6,10.337749973900895,9.461749973900895,-0.8759999999999994,8.161825180053711,0.6754352487529187,90
chesca_mesh,1180,5,6,6,5.285366098504426,4.409366098504426,-0.8759999999999994,8.161825180053711,0.08355517430372982,90
chesca_mesh,1181,6,6,6,6.1168566678797385,5.240856667879739,-0.8759999999999994,8.161825180053711,0.19790796181013698,90
chesca_mesh,1182,7,6,6,5.2313434814840605,4.355343481484061,-0.8759999999999994,8.161825180053711,0.10897544422234165,90
chesca_mesh,1183,8,6,6,4.890873678426098,4.014873678426098,-0.8760000000000003,8.161825180053711,0.12728072860469616,90
chesca_mesh,1184,9,6,6,5.896804933970148,6.681867790297552,0.7850628563274045,8.181296348571777,-0.12189292665921482,90
chesca_mesh,1185,10,6,0,3.4764413733398505,3.4764413733398505,0.0,8.181296348571777,0.06248710491748517,90
chesca_mesh,1186,11,6,0,1.6054130232988126,1.6054130232988129,2.220446049250313e-16,8.181296348571777,-0.05740590865153511,90
chesca_mesh,1187,12,6,6,2.504269239574565,1.6282692395745648,-0.8760000000000001,8.181296348571777,0.1525088526345459,90
chesca_mesh,1188,13,6,6,4.040331491231841,3.164331491231842,-0.875999999999999,8.181296348571777,0.11160469762659639,90
chesca_mesh,1189,14,6,6,5.624145539136752,4.748145539136752,-0.8759999999999994,8.181296348571777,0.14854239596085345,90
chesca_mesh,1190,15,6,5,4.7217544811990795,5.214421379666404,0.49266689846732437,8.181296348571777,-0.08600037310833447,90
chesca_mesh,1191,16,6,6,5.615887189801836,4.739887189801836,-0.8760000000000003,8.181296348571777,0.29020201405983853,90
chesca_mesh,1192,17,6,6,7.026042186462801,6.150042186462802,-0.8759999999999994,8.181296348571777,0.6138188496626794,90
chesca_mesh,1193,18,6,6,7.872972537964151,6.996972537964152,-0.8759999999999994,8.181296348571777,0.45231149462879117,90
chesca_mesh,1194,19,6,6,9.094210616786453,8.218210616786454,-0.8759999999999994,8.181296348571777,0.22192767001322472,90
chesca_mesh,1195,20,6,6,10.116086905243886,9.240086905243887,-0.8759999999999994,8.181296348571777,0.47943011580282124,90
chesca_mesh,1196,21,6,6,10.49712354392024,9.621123543920241,-0.8759999999999994,8.181296348571777,0.5206129429217379,90
chesca_mesh,1197,22,6,2,8.644286433307016,8.324286433307016,-0.3200000000000003,8.204870223999023,0.08345479177873827,90
chesca_mesh,1198,23,6,6,8.690079975545363,7.814079975545363,-0.8759999999999994,8.204870223999023,0.25495344522249197,90
chesca_mesh,1199,24,6,6,8.60927236717935,7.733272367179352,-0.8759999999999986,8.204870223999023,0.11516792899250333,90
chesca_mesh,1200,1,6,6,9.88571501638293,9.00971501638293,-0.8759999999999994,8.231267929077148,0.28358268926794233,90
chesca_mesh,1201,2,6,0,8.11423358894886,8.11423358894886,0.0,8.277010917663574,-0.01130987684628322,90
chesca_mesh,1202,3,6,0,6.803708252052344,6.803708252052342,-1.7763568394002505e-15,8.277010917663574,-0.04005579125207885,90
chesca_mesh,1203,4,6,0,5.740262371736182,5.740262371736181,-8.881784197001252e-16,8.277010917663574,0.016901149911413574,90
chesca_mesh,1204,5,6,6,8.410153392890575,7.534153392890573,-0.8760000000000012,8.277010917663574,0.2637823236363691,90
chesca_mesh,1205,6,6,6,6.298405922630207,5.422405922630206,-0.8760000000000003,8.277010917663574,0.2481595340210847,90
chesca_mesh,1206,7,6,6,5.993961598947077,5.117961598947078,-0.8759999999999994,8.277010917663574,0.18656069361968547,90
chesca_mesh,1207,8,6,6,4.5522444689602,3.676244468960201,-0.8759999999999994,8.277010917663574,0.14220841155433755,90
chesca_mesh,1208,9,6,0,3.851731752822952,3.851731752822952,0.0,8.277010917663574,0.0030904436315506434,90
chesca_mesh,1209,10,6,0,3.575480666365089,3.575480666365089,0.0,8.277010917663574,-0.04642984108038095,90
chesca_mesh,1210,11,6,0,3.166316578692344,3.166316578692344,0.0,8.277010917663574,0.01987281086416058,90
chesca_mesh,1211,12,6,6,4.944516151415724,5.426965223910172,0.48244907249444857,8.31683349609375,-0.27422642059473806,90
chesca_mesh,1212,13,6,6,5.457050879600306,4.581050879600307,-0.8759999999999994,8.31683349609375,0.1245392922101275,90
chesca_mesh,1213,14,6,6,4.43788014364871,3.5618801436487093,-0.8760000000000003,8.31683349609375,0.09936589160810388,90
chesca_mesh,1214,15,6,6,6.904634710151265,6.028634710151265,-0.8759999999999994,8.31683349609375,0.28387052084386705,90
chesca_mesh,1215,16,6,6,8.472095624368237,7.596095624368238,-0.8759999999999986,8.277010917663574,0.5479098020330672,90
chesca_mesh,1216,17,6,6,11.15095919838524,10.274959198385238,-0.8760000000000012,8.231267929077148,1.3213220516030613,90
chesca_mesh,1217,18,6,6,11.399748760337792,10.52374876033779,-0.8760000000000012,8.265947341918945,1.1188093228147773,90
chesca_mesh,1218,19,6,6,11.934505927003437,11.058505927003436,-0.8760000000000012,8.31683349609375,0.8815478497221243,90
chesca_mesh,1219,20,6,6,10.066032080214041,9.19003208021404,-0.8760000000000012,8.336151123046875,0.20817747489662392,90
chesca_mesh,1220,21,6,6,9.473451301740042,8.59745130174004,-0.8760000000000012,8.336151123046875,0.16577915662282072,90
chesca_mesh,1221,22,6,0,8.245320130313127,8.245320130313127,0.0,8.372381210327148,-0.027375386856019535,90
chesca_mesh,1222,23,6,0,8.415392493384552,8.41539249338455,-1.7763568394002505e-15,8.4003324508667,0.011529406892814145,90
chesca_mesh,1223,24,6,6,7.323516144780375,8.199516144780375,0.8760000000000003,8.4003324508667,-0.1497109793798982,90
chesca_mesh,1224,1,6,6,7.512344235177998,8.388344235177998,0.8760000000000003,8.4003324508667,-0.11430180336796543,90
chesca_mesh,1225,2,6,6,5.884385491738414,6.760385491738416,0.8760000000000012,8.406814575195312,-0.25844991357370284,90
chesca_mesh,1226,3,6,6,5.729497904109447,6.605497904109447,0.8759999999999994,8.4003324508667,-0.1402410364246402,90
chesca_mesh,1227,4,6,6,5.005553333353017,5.613154152420538,0.6076008190675211,8.4003324508667,-0.12361925720821557,90
chesca_mesh,1228,5,6,6,4.254652810116536,4.506761771035093,0.25210896091855695,8.4003324508667,-0.1283347086277136,90
chesca_mesh,1229,6,6,0,5.109973123686648,5.109973123686647,-8.881784197001252e-16,8.4003324508667,0.04448779991810496,90
chesca_mesh,1230,7,6,6,4.909363440634389,4.099363440634388,-0.8100000000000014,8.4003324508667,0.08305401534068514,90
chesca_mesh,1231,8,6,6,4.3425041536864395,3.4665041536864396,-0.8759999999999999,8.4003324508667,0.15316667925175248,90
chesca_mesh,1232,9,6,6,2.6477958336765717,3.203405454288379,0.5556096206118073,8.4003324508667,-0.5877009278138241,90
chesca_mesh,1233,10,6,6,1.6443652859094804,2.0200145882973515,0.3756493023878711,8.372381210327148,-0.10648867511906389,90
chesca_mesh,1234,11,6,5,4.313677922786222,3.5696779227862216,-0.7440000000000002,8.372381210327148,0.11303499298130858,90
chesca_mesh,1235,12,6,6,6.064686037805785,5.188686037805785,-0.8760000000000003,8.372381210327148,0.340399813003022,90
chesca_mesh,1236,13,6,6,4.748057628190442,3.8720576281904417,-0.8760000000000003,8.32678508758545,0.13628648814554886,90
chesca_mesh,1237,14,6,6,5.659402665758034,4.783402665758034,-0.8759999999999994,8.32678508758545,0.12635328512507513,90
chesca_mesh,1238,15,6,6,6.725568016392284,5.8495680163922845,-0.8759999999999994,8.32678508758545,0.14819780803082735,90
chesca_mesh,1239,16,6,6,8.936658779688258,8.060658779688257,-0.8760000000000012,8.275152206420898,0.4238636915783518,90
chesca_mesh,1240,17,6,6,10.991831361117335,10.115831361117335,-0.8759999999999994,8.275152206420898,0.6727312265194547,90
chesca_mesh,1241,18,6,6,10.531733109044238,9.655733109044236,-0.8760000000000012,8.275152206420898,0.572151022901279,90
chesca_mesh,1242,19,6,6,13.536764828966877,12.660764828966878,-0.8759999999999994,8.32678508758545,1.4834413855425386,90
chesca_mesh,1243,20,6,6,10.48317760267946,9.60717760267946,-0.8759999999999994,8.32678508758545,0.29782139808001307,90
chesca_mesh,1244,21,6,6,10.235812185481137,9.359812185481136,-0.8760000000000012,8.32678508758545,0.23780295936655124,90
chesca_mesh,1245,22,6,3,9.733681592743823,9.253681592743824,-0.47999999999999865,8.275152206420898,0.44367734050546037,90
chesca_mesh,1246,23,6,6,10.025712048190307,9.149712048190306,-0.8760000000000012,8.275152206420898,0.35108784779024765,90
chesca_mesh,1247,24,6,6,10.156016672032546,9.280016672032547,-0.8759999999999994,8.275152206420898,0.14488915434617766,90
chesca_mesh,1248,1,6,0,9.288870260623623,9.288870260623623,0.0,8.32678508758545,0.0548198832143674,90
chesca_mesh,1249,2,6,6,8.716799895512878,9.59279989551288,0.8760000000000012,8.32678508758545,-0.3629022048764008,90
chesca_mesh,1250,3,6,6,6.446942415680507,7.322942415680507,0.8760000000000003,8.379766464233398,-0.45879877245700607,90
chesca_mesh,1251,4,6,6,5.966103455655444,6.7617125627596595,0.7956091071042151,8.379766464233398,-0.30629371046811826,90
chesca_mesh,1252,5,6,6,5.27596150065079,5.810806641871419,0.5348451412206288,8.379766464233398,-0.3544034386956507,90
chesca_mesh,1253,6,6,6,6.009371061387675,6.453640018562754,0.44426895717507886,8.379766464233398,-0.25828851684111354,90
chesca_mesh,1254,7,6,6,5.476818696971218,5.814606217263196,0.337787520291978,8.379766464233398,-0.2190447844597258,90
chesca_mesh,1255,8,6,6,3.273414736073089,3.5028692085432995,0.22945447247021056,8.379766464233398,-0.29341461615297254,90
chesca_mesh,1256,9,6,6,2.643785402608012,2.8642535550916004,0.2204681524835883,8.379766464233398,-0.11899240671676009,90
chesca_mesh,1257,10,6,6,2.4964790120145404,2.7164362660008274,0.21995725398628707,8.379766464233398,-0.13557382778571528,90
chesca_mesh,1258,11,6,6,0.6821331325050097,1.0009071342270828,0.31877400172207304,8.379766464233398,-0.7227691450008046,90
chesca_mesh,1259,12,6,0,0.6726195673074802,0.6726195673074802,0.0,8.379766464233398,-0.008974133815163335,90
chesca_mesh,1260,13,6,6,4.180180948020119,3.30418094802012,-0.8759999999999994,8.379766464233398,0.24095655580636532,90
chesca_mesh,1261,14,6,6,4.802461103194733,3.926461103194732,-0.8760000000000008,8.379766464233398,0.13344759879434656,90
chesca_mesh,1262,15,6,0,4.303024483399355,4.303024483399356,8.881784197001252e-16,8.379766464233398,0.0622080111615957,90
chesca_mesh,1263,16,6,6,7.004560306418425,6.156965358160706,-0.8475949482577194,8.379766464233398,0.5236381684353774,90
chesca_mesh,1264,17,6,6,8.125996762419161,7.249996762419162,-0.8759999999999994,8.379766464233398,0.5028467307359554,90
chesca_mesh,1265,18,6,6,9.085432001105806,8.209432001105808,-0.8759999999999977,8.32678508758545,0.3686157130294558,90
chesca_mesh,1266,19,6,6,12.621858504991092,11.74585850499109,-0.8760000000000012,8.32678508758545,1.1180043769826353,90
chesca_mesh,1267,20,6,6,12.853139304003316,11.977139304003316,-0.8759999999999994,8.32678508758545,0.8176336288014876,90
chesca_mesh,1268,21,6,6,10.826132116101045,9.950132116101043,-0.8760000000000012,8.32678508758545,0.5159918459804049,90
chesca_mesh,1269,22,6,0,9.633871729561575,9.633871729561575,0.0,8.32678508758545,0.2506249276995173,90
chesca_mesh,1270,23,6,6,10.908207571065697,10.032207571065694,-0.876000000000003,8.379766464233398,0.15211860507096048,90
chesca_mesh,1271,24,6,6,9.761142468869643,8.885142468869645,-0.8759999999999977,8.415987014770508,0.4991533488962668,90
chesca_mesh,1272,1,6,6,10.219018324315504,9.343018324315505,-0.8759999999999994,8.430636405944824,0.10480068504028067,90
chesca_mesh,1273,2,6,0,9.064512456180596,9.064512456180598,1.7763568394002505e-15,8.430636405944824,-0.04008569823868599,90
chesca_mesh,1274,3,6,6,7.012139556222049,7.888139556222049,0.8759999999999994,8.4710111618042,-0.272099658139778,90
chesca_mesh,1275,4,6,6,5.622989718267825,6.498989718267826,0.8760000000000003,8.4710111618042,-0.3394960621048795,90
chesca_mesh,1276,5,6,6,5.23774028307744,5.835116179030596,0.5973758959531557,8.4710111618042,-0.2628761084803203,90
chesca_mesh,1277,6,6,6,5.643970685669183,6.194340358970971,0.5503696733017875,8.4710111618042,-0.12799042987514336,90
chesca_mesh,1278,7,6,6,5.164545750472891,5.503710565057359,0.3391648145844677,8.4710111618042,-0.15305668679581289,90
chesca_mesh,1279,8,6,6,4.547564444863992,4.776770862644481,0.2292064177804889,8.4710111618042,-0.2618625297074795,90
chesca_mesh,1280,9,6,6,3.2138106179852466,3.4342790319317023,0.22046841394645567,8.4710111618042,-0.4057103377743257,90
chesca_mesh,1281,10,6,3,2.9114861741674103,3.0319507652804147,0.12046459111300445,8.4710111618042,-0.10170185706288964,90
chesca_mesh,1282,11,6,6,3.1518396035770797,3.386196110338986,0.23435650676190622,8.4710111618042,-0.10908727124408744,90
chesca_mesh,1283,12,6,6,1.7549527419311983,1.9757084639337483,0.22075572200255,8.4710111618042,-0.3940532323677486,90
chesca_mesh,1284,13,6,6,4.203191206461589,3.327191206461589,-0.8759999999999994,8.4710111618042,0.09034287009756893,90
chesca_mesh,1285,14,6,6,4.030936105343835,3.1549361053438347,-0.8759999999999999,8.4710111618042,0.08266484585887847,90
chesca_mesh,1286,15,6,6,7.051294592639023,6.175294592639024,-0.8759999999999986,8.4710111618042,0.35016331657985567,90
chesca_mesh,1287,16,6,6,8.3722445665762,7.4962445665762,-0.8759999999999994,8.4710111618042,0.23248753928524124,90
chesca_mesh,1288,17,6,6,11.529348313386013,10.653348313386013,-0.8759999999999994,8.430636405944824,0.9427527657459585,90
chesca_mesh,1289,18,6,6,13.227809294968488,12.351809294968488,-0.8759999999999994,8.430636405944824,1.271542750799244,90
chesca_mesh,1290,19,6,6,16.31390526954223,15.437905269542231,-0.8759999999999977,8.430636405944824,2.2108757825125913,90
chesca_mesh,1291,20,6,6,12.734590067863465,11.858590067863464,-0.8760000000000012,8.430636405944824,0.6490534624290434,90
chesca_mesh,1292,21,6,6,12.043092588045148,11.167092588045149,-0.8759999999999994,8.430636405944824,0.7195932081893703,90
chesca_mesh,1293,22,6,0,10.218241505279837,10.218241505279835,-1.7763568394002505e-15,8.430636405944824,0.24649422171703267,90
chesca_mesh,1294,23,6,6,9.887274902851752,9.011274902851753,-0.8759999999999994,8.4710111618042,0.36885301173609697,90
chesca_mesh,1295,24,6,6,10.480661627273431,9.604661627273433,-0.8759999999999977,8.4710111618042,0.29505536109988784,90
chesca_mesh,1296,1,6,6,10.846209048091087,9.970209048091085,-0.8760000000000012,8.4710111618042,0.35205533167429115,90
chesca_mesh,1297,2,6,6,8.669273914854976,9.545273914854977,0.8760000000000012,8.508196830749512,-0.32273223218100666,90
chesca_mesh,1298,3,6,6,6.8815913931253565,7.757591393125356,0.8759999999999994,8.529402732849121,-0.3259709735855879,90
chesca_mesh,1299,4,6,6,6.021689955559189,6.748286364528846,0.7265964089696562,8.529402732849121,-0.27791490127996465,90
chesca_mesh,1300,5,6,6,5.24953636877372,5.828892413345258,0.5793560445715382,8.529402732849121,-0.3402465682436057,90
chesca_mesh,1301,6,6,6,5.445311238899314,5.7875720310020204,0.34226079210270655,8.529402732849121,-0.1471464487623215,90
chesca_mesh,1302,7,6,6,4.179207012804519,4.410537740143067,0.23133072733854831,8.529402732849121,-0.1512339338620226,90
chesca_mesh,1303,8,6,6,3.1412653359645644,3.361867723210198,0.22060238724563375,8.529402732849121,-0.14404991945273432,90
chesca_mesh,1304,9,6,6,1.2450555728505113,1.4650475028038947,0.21999192995338346,8.529402732849121,-0.11449805306510094,90
chesca_mesh,1305,10,6,0,1.6498197282880047,1.649819728288005,2.220446049250313e-16,8.529402732849121,-0.07739464833250977,90
chesca_mesh,1306,11,6,6,3.550173325275508,2.674173325275508,-0.8759999999999999,8.529402732849121,0.08292930540583465,90
chesca_mesh,1307,12,6,6,3.0488314693653296,2.172831469365329,-0.8760000000000008,8.529402732849121,0.16185206684010991,90
chesca_mesh,1308,13,6,6,4.599168576925944,3.723168576925944,-0.8759999999999999,8.529402732849121,0.2866446872843377,90
chesca_mesh,1309,14,6,6,5.331822295855442,4.455822295855443,-0.8759999999999994,8.529402732849121,0.3393910329964706,90
chesca_mesh,1310,15,6,6,7.892568862578612,7.016568862578613,-0.8759999999999986,8.529402732849121,0.34087323896913624,90
chesca_mesh,1311,16,6,6,11.324953709786303,10.448953709786304,-0.8759999999999994,8.529402732849121,0.8092556682690636,90
chesca_mesh,1312,17,6,6,15.300200807485389,14.424200807485386,-0.876000000000003,8.574731826782227,2.0134190375903214,90
chesca_mesh,1313,18,6,6,14.236102894992495,13.360102894992496,-0.8759999999999994,8.649993896484375,1.2513030313320705,90
chesca_mesh,1314,19,6,6,16.98320908039504,16.10720908039504,-0.8759999999999977,8.649993896484375,2.3013135454650113,90
chesca_mesh,1315,20,6,6,12.330817383818946,11.454817383818947,-0.8759999999999994,8.649993896484375,0.49270773938866297,90
chesca_mesh,1316,21,6,6,11.590866279568512,10.714866279568513,-0.8759999999999994,8.649993896484375,0.5868335313862179,90
chesca_mesh,1317,22,6,1,9.442169592196457,9.282169592196459,-0.15999999999999837,8.649993896484375,0.13566304282553396,90
chesca_mesh,1318,23,6,6,9.839104472815949,8.963104472815948,-0.8760000000000012,8.649993896484375,0.3855537118166071,90
chesca_mesh,1319,24,6,0,9.002781972705673,9.002781972705673,0.0,8.649993896484375,-0.047713566682404236,90
chesca_mesh,1320,1,6,6,9.06476862647036,8.18876862647036,-0.8760000000000012,8.649993896484375,0.4369456573353183,90
chesca_mesh,1321,2,6,0,8.58130948964805,8.58130948964805,0.0,8.574731826782227,0.0026482968854270724,90
chesca_mesh,1322,3,6,6,7.175432788824656,8.051432788824657,0.8760000000000012,8.555891036987305,-0.14358760814240387,90
chesca_mesh,1323,4,6,6,6.41742268469709,7.29342268469709,0.8759999999999994,8.484971046447754,-0.08818592654144998,90
chesca_mesh,1324,5,6,6,5.401666021635563,5.999041178314561,0.5973751566789982,8.484971046447754,-0.17219322906071477,90
chesca_mesh,1325,6,6,0,5.297280529056798,5.297280529056798,0.0,8.484971046447754,0.011004688598277069,90
chesca_mesh,1326,7,6,0,5.322775339233127,5.322775339233127,0.0,8.484971046447754,-0.04372982515855037,90
chesca_mesh,1342,23,6,6,27.34253249444315,26.46653249444315,-0.8760000000000012,8.040428161621094,6.795355822251462,90
chesca_mesh,1343,24,6,6,10.742781835441173,11.618781835441172,0.8759999999999994,8.120955467224121,-0.33832771530733646,90
chesca_mesh,1344,1,6,6,8.444272963528215,9.320272963528215,0.8759999999999994,8.120955467224121,-0.24825003076220897,90
chesca_mesh,1345,2,6,6,8.502366602862743,9.378366602862743,0.8759999999999994,8.120955467224121,-0.2713465947758586,90
chesca_mesh,1346,3,6,0,7.939225494247811,7.939225494247811,0.0,8.155136108398438,-0.0790919127660363,90
chesca_mesh,1347,4,6,0,8.172032005146336,8.172032005146336,0.0,8.155136108398438,0.06797966720311521,90
chesca_mesh,1348,5,6,6,5.640028307363873,6.516028307363875,0.8760000000000021,8.226357460021973,-0.18261362256562857,90
chesca_mesh,1349,6,6,0,5.853456516781861,5.853456516781862,8.881784197001252e-16,8.226357460021973,0.017831856318326567,90
chesca_mesh,1350,7,6,6,5.043451246218526,4.167451246218525,-0.8760000000000003,8.226357460021973,0.0932415482778612,90
chesca_mesh,1351,8,6,6,5.0923798877641975,4.216379887764198,-0.8759999999999994,8.226357460021973,0.09869616734924147,90
chesca_mesh,1352,9,6,6,2.746415292227331,3.2682429532862063,0.5218276610588752,8.155136108398438,-0.1805487985704226,90
chesca_mesh,1353,10,6,6,1.8887042832740792,1.0127042832740791,-0.8760000000000001,8.155136108398438,0.09067100531332922,90
chesca_mesh,1354,11,6,6,2.506770235283997,1.6307702352839977,-0.8759999999999994,8.155136108398438,0.10946693124608796,90
chesca_mesh,1355,12,6,6,4.360687852317437,3.484687852317437,-0.8759999999999994,8.155136108398438,0.1888511492437146,90
chesca_mesh,1356,13,6,6,6.183911284443659,5.307911284443659,-0.8760000000000003,8.155136108398438,0.11088232350084759,90
chesca_mesh,1357,14,6,6,6.063765609068049,5.187765609068049,-0.8760000000000003,8.155136108398438,0.1754795433630741,90
chesca_mesh,1358,15,6,6,8.480971441677239,7.604971441677239,-0.8760000000000003,8.155136108398438,0.23249811006319152,90
chesca_mesh,1359,16,6,6,9.26071149273166,8.384711492731661,-0.8759999999999994,8.226357460021973,0.15740471649616833,90
chesca_mesh,1360,17,6,6,13.622534507855075,12.746534507855074,-0.8760000000000012,8.339221000671387,1.7334123745330052,90
chesca_mesh,1361,18,6,6,13.922049779803471,13.04604977980347,-0.8760000000000012,8.430636405944824,1.718854937126241,90
chesca_mesh,1362,19,6,6,15.986950923502864,15.110950923502864,-0.8759999999999994,8.454866409301758,1.844645630513111,90
chesca_mesh,1363,20,6,6,13.023860912489756,12.147860912489755,-0.8760000000000012,8.484971046447754,0.7336473341067338,90
chesca_mesh,1364,21,6,6,11.389577712070025,10.513577712070026,-0.8759999999999994,8.484971046447754,0.4578241144510916,90
chesca_mesh,1365,22,6,0,9.553474330106214,9.553474330106214,0.0,8.484971046447754,0.12038811096666406,90
chesca_mesh,1366,23,6,6,10.085426649330788,9.209426649330787,-0.8760000000000012,8.555891036987305,0.22052650467120372,90
chesca_mesh,1367,24,6,6,9.727582986016131,8.851582986016131,-0.8759999999999994,8.605547904968262,0.24837452826218287,90
chesca_mesh,1368,1,6,6,10.722631049581539,9.84663104958154,-0.8759999999999994,8.566822052001953,0.41400574935070583,90
chesca_mesh,1369,2,6,0,8.927323730697887,8.927323730697887,0.0,8.566822052001953,0.013811212730251883,90
chesca_mesh,1370,3,6,6,6.814339477390331,7.69033947739033,0.8759999999999986,8.605547904968262,-0.11668494408220678,90
chesca_mesh,1371,4,6,0,7.273745332991085,7.273745332991085,0.0,8.605547904968262,-0.005035098699012815,90
chesca_mesh,1372,5,6,0,5.6772229754335175,5.6772229754335175,0.0,8.605547904968262,-0.06579490028581542,90
chesca_mesh,1373,6,6,6,6.151339414488708,5.275339414488709,-0.8759999999999994,8.605547904968262,0.08916093236212289,90
chesca_mesh,1374,7,6,6,5.521425599518072,4.645425599518074,-0.8759999999999986,8.605547904968262,0.09598461498250466,90
chesca_mesh,1375,8,6,6,5.187465395406285,4.311465395406285,-0.8760000000000003,8.605547904968262,0.09236175738704865,90
chesca_mesh,1376,9,6,6,5.255099137402509,4.379099137402509,-0.8760000000000003,8.605547904968262,0.12850114478564886,90
chesca_mesh,1377,10,6,6,5.719577985617899,4.8435779856179,-0.8759999999999994,8.605547904968262,0.16609575328310477,90
chesca_mesh,1378,11,6,0,4.45631292298438,4.45631292298438,0.0,8.605547904968262,0.024299048368755315,90
chesca_mesh,1379,12,6,6,3.4444172918727247,4.114056052459892,0.6696387605871674,8.605547904968262,-0.3833910320739857,90
chesca_mesh,1380,13,6,0,3.6759595020630944,3.6759595020630944,0.0,8.605547904968262,-0.056101826607414626,90
chesca_mesh,1381,14,6,0,4.043878547559249,4.043878547559248,-8.881784197001252e-16,8.605547904968262,0.010518354028130915,90
chesca_mesh,1382,15,6,6,6.487362076242114,7.154665511540948,0.6673034352988338,8.709918975830078,-0.5857429361535568,90
chesca_mesh,1383,16,6,6,6.905146087268915,6.029146087268915,-0.8760000000000003,8.709918975830078,0.3252368380165229,90
chesca_mesh,1384,17,6,6,9.52124507494159,8.645245074941588,-0.8760000000000012,8.709918975830078,0.7066931594651322,90
chesca_mesh,1385,18,6,6,11.316314535949008,10.440314535949009,-0.8759999999999994,8.709918975830078,0.815728564084405,90
chesca_mesh,1386,19,6,6,12.388745109207925,11.512745109207923,-0.8760000000000012,8.709918975830078,0.6971349941828029,90
chesca_mesh,1387,20,6,6,11.30997595903271,10.433975959032711,-0.8759999999999994,8.709918975830078,0.3952969600376878,90
chesca_mesh,1388,21,6,6,12.1303414700156,11.254341470015598,-0.8760000000000012,8.840348243713379,0.6919525913021614,90
chesca_mesh,1389,22,6,0,9.952090594020875,9.952090594020875,0.0,8.840348243713379,0.30671772559798166,90
chesca_mesh,1390,23,6,6,10.731287188591258,9.855287188591257,-0.8760000000000012,8.91970443725586,0.3407582493485587,90
chesca_mesh,1391,24,6,6,10.67407890595741,9.798078905957412,-0.8759999999999977,8.91970443725586,0.28493659010949673,90
chesca_mesh,1392,1,6,6,11.717372747319411,10.841372747319411,-0.8759999999999994,9.009597778320312,0.5674984967148057,90
chesca_mesh,1393,2,6,6,10.20710993376031,9.331109933760311,-0.8759999999999994,9.009597778320312,0.21226557508553776,90
chesca_mesh,1394,3,6,0,8.079946015867549,8.079946015867549,0.0,9.067601203918457,-0.0032994410792370477,90
chesca_mesh,1395,4,6,0,7.122479156874778,7.122479156874778,0.0,9.067601203918457,0.03738334539931276,90
chesca_mesh,1396,5,6,0,5.645142483611706,5.645142483611707,8.881784197001252e-16,9.067601203918457,0.023922497583343375,90
chesca_mesh,1397,6,6,6,6.133421941169645,5.257421941169644,-0.8760000000000003,9.067601203918457,0.10712842319795493,90
chesca_mesh,1398,7,6,6,5.80815239323066,4.932152393230661,-0.8759999999999994,9.067601203918457,0.17606477696983605,90
chesca_mesh,1399,8,6,6,5.357408401925424,4.481408401925425,-0.8759999999999994,9.067601203918457,0.10966913655482674,90
chesca_mesh,1400,9,6,0,4.140864003761612,4.140864003761611,-8.881784197001252e-16,9.009597778320312,0.032433147874358886,90
chesca_mesh,1401,10,6,0,3.1441259527097074,3.1441259527097074,0.0,9.009597778320312,0.07353245334374381,90
chesca_mesh,1402,11,6,6,4.864309934646613,5.53177989547205,0.6674699608254366,9.067601203918457,-0.2912226094105806,90
chesca_mesh,1403,12,6,0,5.612753649903325,5.6127536499033255,8.881784197001252e-16,9.067601203918457,0.03653901037823381,90
chesca_mesh,1404,13,6,6,6.327810445629173,6.997281965781036,0.6694715201518626,9.086291313171387,-0.4751750566255276,90
chesca_mesh,1405,14,6,0,6.099683459280018,6.099683459280019,8.881784197001252e-16,9.086291313171387,-0.07384093669826142,90
chesca_mesh,1406,15,6,6,8.649615439771383,7.773615439771382,-0.8760000000000003,9.086291313171387,0.20253261556662358,90
chesca_mesh,1407,16,6,6,10.164724245153353,9.288724245153352,-0.8760000000000012,9.086291313171387,0.46429913255529215,90
chesca_mesh,1408,17,6,6,12.824773325693416,11.948773325693416,-0.8759999999999994,9.086291313171387,1.1843717789354,90
chesca_mesh,1409,18,6,6,13.504305478261628,12.628305478261627,-0.8760000000000012,9.086291313171387,1.155531609499357,90
chesca_mesh,1410,19,6,6,15.683625984198585,14.807625984198584,-0.8760000000000012,9.089052200317383,1.434309741147846,90
chesca_mesh,1411,20,6,6,14.127408692659511,13.251408692659512,-0.8759999999999994,9.089052200317383,0.8307246673591677,90
chesca_mesh,1412,21,6,6,11.835259679766457,10.959259679766456,-0.8760000000000012,9.089052200317383,0.3577635350073904,90
chesca_mesh,1413,22,6,0,9.04824791428776,9.04824791428776,0.0,9.106558799743652,-0.03513105643316386,90
chesca_mesh,1414,23,6,6,9.979763349708096,9.103763349708094,-0.8760000000000012,9.106558799743652,0.23161915538289568,90
chesca_mesh,1415,24,6,6,10.843856371433905,9.967856371433907,-0.8759999999999977,9.150201797485352,0.2437169054161315,90
chesca_mesh,1416,1,6,6,10.492890769471142,9.61689076947114,-0.8760000000000012,9.150201797485352,0.32597745574005477,90
chesca_mesh,1417,2,6,0,9.21569195521181,9.21569195521181,0.0,9.157064437866211,-0.000340645548791714,90
chesca_mesh,1418,3,6,6,7.172289876361903,8.048289876361903,0.8759999999999994,9.106558799743652,-0.10603388065786105,90
chesca_mesh,1419,4,6,0,7.268733630563693,7.268733630563692,-8.881784197001252e-16,9.106558799743652,-0.015182877840346144,90
chesca_mesh,1420,5,6,0,5.804806606478022,5.804806606478021,-8.881784197001252e-16,9.106558799743652,-0.03244564242045843,90
chesca_mesh,1421,6,6,6,6.267677446509394,5.391677446509394,-0.8759999999999994,9.106558799743652,0.1149823562121674,90
chesca_mesh,1422,7,6,6,5.48629873148939,4.610298731489391,-0.8759999999999986,9.106558799743652,0.11074164209421312,90
chesca_mesh,1423,8,6,6,5.196547309383548,4.3205473093835485,-0.8759999999999994,9.106558799743652,0.12241525005051129,90
chesca_mesh,1424,9,6,6,4.10856185346245,3.2325618534624505,-0.8759999999999994,9.106558799743652,0.11640316677599996,90
chesca_mesh,1425,10,6,0,3.722309752251858,3.722309752251858,0.0,9.106558799743652,0.08177712280846505,90
chesca_mesh,1426,11,6,6,3.719731140815014,4.396252296519166,0.6765211557041519,9.106558799743652,-0.14062810992771002,90
chesca_mesh,1427,12,6,6,4.512109738549216,3.6361097385492163,-0.8759999999999999,9.106558799743652,0.13556827094711557,90
chesca_mesh,1428,13,6,6,5.428974341307294,4.552974341307295,-0.8759999999999986,9.106558799743652,0.20101140003434298,90
chesca_mesh,1429,14,6,6,6.113474944637722,5.237474944637722,-0.8760000000000003,9.106558799743652,0.20005917155065128,90
chesca_mesh,1430,15,6,6,8.612121049966612,7.736121049966612,-0.8760000000000003,9.106558799743652,0.2174035602195038,90
chesca_mesh,1431,16,6,6,9.312116698482578,8.436116698482579,-0.8759999999999994,9.106558799743652,0.3425830767814323,90
chesca_mesh,1432,17,6,6,13.166480438921788,12.290480438921788,-0.8759999999999994,9.106558799743652,1.4811346520793085,90
chesca_mesh,1433,18,6,6,14.480291852964896,13.604291852964895,-0.8760000000000012,9.157064437866211,1.4153060010944547,90
chesca_mesh,1434,19,6,6,17.106125451059384,16.230125451059386,-0.8759999999999977,9.197635650634766,1.7994780356505722,90
chesca_mesh,1435,20,6,6,14.446322555843063,13.570322555843063,-0.8759999999999994,9.197635650634766,0.868221227234693,90
chesca_mesh,1436,21,6,6,14.572056648219045,13.696056648219045,-0.8759999999999994,9.197635650634766,0.9477505846048087,90
chesca_mesh,1437,22,6,0,10.464512288043709,10.464512288043709,0.0,9.197635650634766,0.13305281472021604,90
chesca_mesh,1438,23,6,6,10.643418633218287,9.767418633218288,-0.8759999999999994,9.197635650634766,0.30779227311089424,90
chesca_mesh,1439,24,6,6,11.317419392245482,10.441419392245484,-0.8759999999999977,9.168550491333008,0.33313497771246503,90
chesca_mesh,1440,1,6,6,10.115633468728461,9.239633468728462,-0.8759999999999994,9.197635650634766,0.36737060188942033,90
chesca_mesh,1441,2,6,6,10.082831340592643,9.206831340592643,-0.8759999999999994,9.197635650634766,0.4152875883410875,90
chesca_mesh,1442,3,6,6,8.155361989770672,9.031361989770671,0.8759999999999994,9.197635650634766,-0.12919751496899162,90
chesca_mesh,1443,4,6,6,8.336193962254281,9.21219396225428,0.8759999999999994,9.208698272705078,-0.2073545948238756,90
chesca_mesh,1444,5,6,6,5.938534732300609,6.650686190000471,0.7121514576998615,9.208698272705078,-0.27307430839789704,90
chesca_mesh,1445,6,6,6,6.0052733416668636,6.557264508236591,0.551991166569727,9.208698272705078,-0.10966610554959011,90
chesca_mesh,1446,7,6,6,5.362520997024191,5.702571450595983,0.3400504535717914,9.208698272705078,-0.12962556152075652,90
chesca_mesh,1447,8,6,0,4.674820115582369,4.674820115582369,0.0,9.208698272705078,-0.04576390708356538,90
chesca_mesh,1448,9,6,0,4.240107939781817,4.240107939781817,0.0,9.208698272705078,-0.05736986518278857,90
chesca_mesh,1449,10,6,0,3.0633306896976533,3.0633306896976533,0.0,9.208698272705078,-0.08022433605067306,90
chesca_mesh,1450,11,6,6,1.4884544532518706,1.738280875741814,0.24982642248994336,9.208698272705078,-0.23098296934427054,90
chesca_mesh,1451,12,6,0,1.1932699217669291,1.1932699217669291,0.0,9.208698272705078,-0.04590649715530021,90
chesca_mesh,1452,13,6,6,5.431345188038498,4.555345188038499,-0.8759999999999986,9.208698272705078,0.23377706175561042,90
chesca_mesh,1453,14,6,6,4.650940167234976,3.774940167234976,-0.8760000000000003,9.208698272705078,0.1002083147180758,90
chesca_mesh,1454,15,6,6,6.733148562018704,5.857148562018704,-0.8760000000000003,9.208698272705078,0.10927810905258498,90
chesca_mesh,1455,16,6,6,7.460364881444271,6.584364881444271,-0.8759999999999994,9.208698272705078,0.14502732835662652,90
chesca_mesh,1456,17,6,6,10.419809354816591,9.54380935481659,-0.8760000000000012,9.208698272705078,0.2721251288014559,90
chesca_mesh,1485,22,6,6,30.840641145696864,29.96464114569686,-0.8760000000000048,8.498330116271973,6.090909013053742,90
chesca_mesh,1486,23,6,6,11.085201572795711,11.96120157279571,0.8759999999999994,8.498330116271973,-0.4099888008644179,90
chesca_mesh,1487,24,6,6,7.504847122307575,8.380847122307575,0.8760000000000003,8.498330116271973,-0.3253048161770958,90
chesca_mesh,1488,1,6,6,8.687259697090262,7.811259697090263,-0.8759999999999994,8.380289077758789,0.13947178886566913,90
chesca_mesh,1489,2,6,6,9.652251807075308,8.77625180707531,-0.8759999999999977,8.380289077758789,0.1796074239342989,90
chesca_mesh,1490,3,6,6,9.732653019391801,8.856653019391802,-0.8759999999999994,8.40979290008545,0.131019966839429,90
chesca_mesh,1491,4,6,0,8.270746610073715,8.270746610073715,0.0,8.524940490722656,-0.005045166420084159,90
chesca_mesh,1492,5,6,6,5.779577454198361,6.655577454198362,0.8760000000000003,8.524940490722656,-0.10682380084677359,90
chesca_mesh,1493,6,6,0,5.575393594245239,5.575393594245238,-8.881784197001252e-16,8.524940490722656,-0.002386287358757136,90
chesca_mesh,1494,7,6,0,5.660489631872306,5.660489631872305,-8.881784197001252e-16,8.524940490722656,0.08652598908848941,90
chesca_mesh,1495,8,6,0,4.7684145244013365,4.768414524401336,-8.881784197001252e-16,8.524940490722656,-0.05249080925907987,90
chesca_mesh,1496,9,6,3,5.539451616525879,5.0594516165258785,-0.4800000000000004,8.524940490722656,0.08737991509320671,90
chesca_mesh,1497,10,6,2,4.6506477685485645,4.970647768548565,0.3200000000000003,8.524940490722656,-0.09164632143548568,90
chesca_mesh,1498,11,6,0,6.201686048592276,6.2016860485922765,8.881784197001252e-16,8.524940490722656,0.026895748741440788,90
chesca_mesh,1499,12,6,0,4.4257307537099875,4.4257307537099875,0.0,8.524940490722656,0.013949801466902832,90
chesca_mesh,1500,13,6,0,5.48041965930381,5.48041965930381,0.0,8.524940490722656,-0.03590563014227882,90
chesca_mesh,1501,14,6,2,4.267660255885542,4.587660255885543,0.3200000000000003,8.524940490722656,-0.09023696678376772,90
chesca_mesh,1502,15,6,6,5.377971590812216,4.501971590812215,-0.8760000000000003,8.524940490722656,0.09806575712012443,90
chesca_mesh,1503,16,6,6,5.282116323538405,4.406116323538406,-0.8759999999999994,8.524940490722656,0.25949747733041756,90
chesca_mesh,1504,17,6,6,5.98359922155061,5.107599221550609,-0.8760000000000003,8.524940490722656,0.24207242329186474,90
chesca_mesh,1505,18,6,6,7.732707203154261,6.85670720315426,-0.8760000000000012,8.524940490722656,0.35293079257280174,90
chesca_mesh,1506,19,6,0,8.086661613855929,8.086661613855929,0.0,8.524940490722656,0.04825587309153103,90
chesca_mesh,1507,20,6,6,8.826058954762216,7.9500589547622145,-0.8760000000000012,8.524940490722656,0.09705136181191629,90
chesca_mesh,1508,21,6,6,8.774555512213315,7.898555512213314,-0.8760000000000003,8.524940490722656,0.16023382911475492,90
chesca_mesh,1509,22,6,6,8.633351438413108,9.509351438413107,0.8759999999999994,8.552949905395508,-0.18741256172787463,90
chesca_mesh,1510,23,6,6,7.753162285443575,8.629162285443574,0.8759999999999986,8.592543601989746,-0.12377107003794895,90
chesca_mesh,1511,24,6,6,6.849155031015371,7.725155031015372,0.8760000000000003,8.592543601989746,-0.20711386412834373,90
chesca_mesh,1512,1,6,0,7.523316358529549,7.523316358529549,0.0,8.552949905395508,0.03411309707432565,90
chesca_mesh,1513,2,6,0,7.036437933889384,7.036437933889385,8.881784197001252e-16,8.524940490722656,0.02108901583544206,90
chesca_mesh,1514,3,6,0,6.699990712227801,6.699990712227802,8.881784197001252e-16,8.40979290008545,0.07673077747575896,90
chesca_mesh,1515,4,6,6,6.12916233411344,5.2531623341134415,-0.8759999999999986,8.40979290008545,0.10144684758308521,90
chesca_mesh,1516,5,6,0,5.340465367071492,5.340465367071492,0.0,8.194415092468262,0.06446059756503014,90
chesca_mesh,1517,6,6,3,5.40573422014913,4.925734220149129,-0.4800000000000004,8.194415092468262,0.08370030494865653,90
chesca_mesh,1518,7,6,6,5.197644169119418,6.009068263319553,0.8114240942001345,8.40979290008545,-0.3184672540280442,90
chesca_mesh,1519,8,6,0,3.9984832567983943,3.9984832567983943,0.0,8.40979290008545,0.022651684363851787,90
chesca_mesh,1520,9,6,6,5.006089631680863,4.130089631680864,-0.8759999999999994,8.40979290008545,0.09948597388694522,90
chesca_mesh,1521,10,6,6,3.855919337773023,2.979919337773023,-0.8759999999999999,8.40979290008545,0.12085694971962302,90
chesca_mesh,1522,11,6,6,4.2075747660122955,3.3315747660122956,-0.8759999999999999,8.40979290008545,0.09176182590213204,90
chesca_mesh,1523,12,6,0,1.8264907928733705,1.8264907928733705,0.0,8.40979290008545,0.03624592139544041,90
chesca_mesh,1524,13,6,0,4.079055859616054,4.079055859616054,0.0,8.40979290008545,0.055924300346064215,90
chesca_mesh,1525,14,6,0,4.265748124333248,4.265748124333249,8.881784197001252e-16,8.40979290008545,0.029965819435633492,90
chesca_mesh,1526,15,6,0,4.718651621130187,4.718651621130186,-8.881784197001252e-16,8.40979290008545,0.0608843428704755,90
chesca_mesh,1527,16,6,6,6.7502350674646525,5.924095477473765,-0.8261395899908877,8.194415092468262,0.49631091486092804,90
chesca_mesh,1528,17,6,6,7.900600874590127,7.024600874590128,-0.8759999999999994,8.021967887878418,0.4255023907065322,90
chesca_mesh,1529,18,6,6,9.625543589125645,8.749543589125643,-0.8760000000000012,7.915478706359863,0.6077763403831501,90
chesca_mesh,1530,19,6,6,10.60169996076771,9.72569996076771,-0.8760000000000012,7.88273811340332,0.5187579234808958,90
chesca_mesh,1531,20,6,6,9.800167491436003,8.924167491436004,-0.8759999999999994,7.88273811340332,0.2135269225812384,90
chesca_mesh,1532,21,6,6,9.324562854384284,10.200562854384286,0.8760000000000012,7.88273811340332,-0.38810036222085487,90
chesca_mesh,1533,22,6,6,7.2439096303684805,8.11990963036848,0.8760000000000003,7.88273811340332,-0.12396668196183735,90
chesca_mesh,1534,23,6,0,7.054042122566964,7.054042122566964,0.0,7.784299373626709,0.03910472259386681,90
chesca_mesh,1535,24,6,6,7.757904346378744,6.881904346378745,-0.8759999999999994,7.626311302185059,0.13668376612221048,90
chesca_mesh,1536,1,6,6,8.765689181950503,7.8896891819505015,-0.8760000000000012,7.579832553863525,0.20351649896283186,90
chesca_mesh,1537,2,6,6,9.087196663732477,8.211196663732478,-0.8759999999999994,7.579832553863525,0.21245461591719172,90
chesca_mesh,1538,3,6,0,6.465352948052853,6.465352948052854,8.881784197001252e-16,7.579832553863525,-0.056623424849970155,90
chesca_mesh,1539,4,6,0,5.623065850267023,5.623065850267023,0.0,7.579832553863525,0.01943202917435123,90
chesca_mesh,1540,5,6,0,5.4506495324255,5.450649532425501,8.881784197001252e-16,7.579832553863525,0.07800550823935849,90
chesca_mesh,1541,6,6,6,5.949126281222487,5.073126281222486,-0.8760000000000003,7.579832553863525,0.11267718468428993,90
chesca_mesh,1542,7,6,6,5.90671450765696,5.0307145076569615,-0.8759999999999986,7.579832553863525,0.21958081499259363,90
chesca_mesh,1543,8,6,0,4.709356412882023,4.709356412882023,0.0,7.579832553863525,-0.02563389123322063,90
chesca_mesh,1544,9,6,0,3.591963877004412,3.591963877004412,0.0,7.579832553863525,0.03280635016388837,90
chesca_mesh,1545,10,6,6,3.463774176208921,4.020127413217336,0.5563532370084152,7.579832553863525,-0.11812511606370835,90
chesca_mesh,1546,11,6,0,4.361744246758095,4.361744246758095,0.0,7.579832553863525,0.06355562893579367,90
chesca_mesh,1547,12,6,6,6.385654668282747,6.960582959920141,0.5749282916373941,7.579832553863525,-0.4814823185323598,90
chesca_mesh,1548,13,6,0,5.817260003355127,5.817260003355128,8.881784197001252e-16,7.579832553863525,-0.007869319233684039,90
chesca_mesh,1549,14,6,0,5.727971172483415,5.727971172483416,8.881784197001252e-16,7.579832553863525,-0.057409315986062005,90
chesca_mesh,1550,15,6,6,6.952884458430711,6.076884458430709,-0.8760000000000021,7.518556118011475,0.08935702461699065,90
chesca_mesh,1551,16,6,6,8.010240700384681,7.134240700384681,-0.8760000000000003,7.579832553863525,0.16937702098119325,90
chesca_mesh,1552,17,6,6,11.963942888768852,11.087942888768852,-0.8759999999999994,7.579832553863525,1.3336974846229748,90
chesca_mesh,1553,18,6,6,13.255145878457183,12.379145878457184,-0.8759999999999994,7.579832553863525,1.4836127426093724,90
chesca_mesh,1554,19,6,6,15.146930468963463,14.270930468963464,-0.8759999999999994,7.579832553863525,1.6052430599021865,90
chesca_mesh,1555,20,6,6,11.070715637955992,10.194715637955992,-0.8759999999999994,7.579832553863525,0.3498876593982897,90
chesca_mesh,1556,21,6,6,9.812267624314131,8.936267624314132,-0.8759999999999994,7.579832553863525,0.2696902544015398,90
chesca_mesh,1557,22,6,1,8.875751791883175,8.715751791883175,-0.16000000000000014,7.579832553863525,0.3095348676766433,90
chesca_mesh,1558,23,6,0,9.848451634569697,9.848451634569695,-1.7763568394002505e-15,7.579832553863525,-0.06682201462045005,90
chesca_mesh,1559,24,6,6,8.802855205356508,7.926855205356507,-0.8760000000000012,7.579832553863525,0.4081533412065354,90
chesca_mesh,1560,1,6,6,10.083644164726756,9.207644164726755,-0.8760000000000012,7.579832553863525,0.33438883858179724,90
chesca_mesh,1561,2,6,6,9.48961594156472,8.61361594156472,-0.8759999999999994,7.579832553863525,0.334827298231764,90
chesca_mesh,1562,3,6,6,8.927611267394294,8.051611267394293,-0.8760000000000012,7.579832553863525,0.21845749286012828,90
chesca_mesh,1563,4,6,6,8.522938640209627,7.646938640209627,-0.8760000000000003,7.579832553863525,0.4091219567642095,90
chesca_mesh,1564,5,6,6,6.428024071724742,7.3040240717247435,0.8760000000000012,7.632508277893066,-0.09632928006940086,90
chesca_mesh,1565,6,6,6,6.545663350627002,7.341493894405162,0.7958305437781599,7.674342155456543,-0.17836506425791798,90
chesca_mesh,1566,7,6,0,5.4811851090111015,5.4811851090111015,0.0,7.674342155456543,-0.04905787999847934,90
chesca_mesh,1567,8,6,0,5.592202656766548,5.592202656766548,0.0,7.674342155456543,0.07891018894579754,90
chesca_mesh,1568,9,6,0,5.138021737487875,5.138021737487875,0.0,7.674342155456543,-0.015699479759320477,90
chesca_mesh,1569,10,6,0,5.170691903845129,5.170691903845128,-8.881784197001252e-16,7.674342155456543,0.0021781881410025267,90
chesca_mesh,1570,11,6,6,4.575636222906768,5.111692351408659,0.5360561285018912,7.632508277893066,-0.12614906874018833,90
chesca_mesh,1571,12,6,0,5.04953581626567,5.04953581626567,0.0,7.632508277893066,-0.07081003251533907,90
chesca_mesh,1572,13,6,6,6.327505051520068,5.4515050515200665,-0.8760000000000012,7.579832553863525,0.08984044685061227,90
chesca_mesh,1573,14,6,0,5.788176604013479,5.78817660401348,8.881784197001252e-16,7.579832553863525,0.010869374215840817,90
chesca_mesh,1574,15,6,0,6.054444499716423,6.054444499716424,8.881784197001252e-16,7.579832553863525,0.013890926474468275,90
chesca_mesh,1575,16,6,6,6.120988103751117,5.2449881037511155,-0.8760000000000012,7.518556118011475,0.3458091591508863,90
chesca_mesh,1576,17,6,6,7.225637073860948,6.349637073860948,-0.8760000000000003,7.477000713348389,0.4792864089051907,90
chesca_mesh,1577,18,6,6,8.041852326818939,7.16585232681894,-0.8759999999999986,7.453915119171143,0.26029937084560434,90
chesca_mesh,1578,19,6,6,9.689365526818218,8.813365526818218,-0.8759999999999994,7.453915119171143,0.2729056490654545,90
chesca_mesh,1579,20,6,6,9.054523340861545,8.178523340861545,-0.8759999999999994,7.453915119171143,0.1465746345051185,90
chesca_mesh,1580,21,6,6,9.637713259311194,8.761713259311195,-0.8759999999999994,7.453915119171143,0.31752703665023563,90
chesca_mesh,1581,22,6,2,8.634408127624676,8.342408127624674,-0.2920000000000016,7.453915119171143,0.19093093348333995,90
chesca_mesh,1582,23,6,6,9.196814289736302,8.320814289736303,-0.8759999999999994,7.453915119171143,0.12563959505787559,90
chesca_mesh,1583,24,6,6,9.411626607554625,8.535626607554626,-0.8759999999999994,7.453915119171143,0.17216480187949126,90
chesca_mesh,1584,1,6,6,10.27766676694098,9.401666766940979,-0.8760000000000012,7.453915119171143,0.2725685003686009,90
chesca_mesh,1585,2,6,6,8.03527509461923,8.91127509461923,0.8759999999999994,7.453915119171143,-0.21264362266463321,90
chesca_mesh,1586,3,6,6,6.049690844053954,6.925690844053952,0.8759999999999986,7.453915119171143,-0.4460930038265401,90
chesca_mesh,1587,4,6,6,5.164266619706566,5.810550326237175,0.6462837065306095,7.364779472351074,-0.3779730998396518,90
chesca_mesh,1588,5,6,6,4.354646974225677,4.8094892995390195,0.4548423253133427,7.364779472351074,-0.32766464097513426,90
chesca_mesh,1589,6,6,6,4.948374923470083,5.279406053573787,0.3310311301037041,7.364779472351074,-0.19073930879695897,90
chesca_mesh,1590,7,6,6,4.260723214132357,4.509006555858187,0.24828334172583055,7.364779472351074,-0.17797607543602564,90
chesca_mesh,1591,8,6,1,4.005040449497158,4.1370404494971575,0.13199999999999967,7.364779472351074,-0.10120476802619371,90
chesca_mesh,1592,9,6,0,3.869636406163628,3.8696364061636284,4.440892098500626e-16,7.364779472351074,-0.07958657834191812,90
chesca_mesh,1593,10,6,6,1.9219431931822741,2.1720641245417025,0.25012093135942837,7.364779472351074,-0.2048573586651512,90
chesca_mesh,1594,11,6,6,1.2822328221629757,1.5041467793883883,0.22191395722541252,7.364779472351074,-0.26963813736761005,90
chesca_mesh,1595,12,6,0,3.4911361560761067,3.4911361560761067,0.0,7.364779472351074,0.0316486174078905,90
chesca_mesh,1596,13,6,6,3.73016903854087,4.189804160676897,0.4596351221360271,7.364779472351074,-0.28769627217988436,90
chesca_mesh,1597,14,6,6,4.002093719819623,4.4421006970256105,0.4400069772059876,7.364779472351074,-0.16112950704655898,90
chesca_mesh,1598,15,6,5,7.077353089552526,6.333353089552526,-0.7439999999999998,7.364779472351074,0.10004914408542562,90
chesca_mesh,1599,16,6,6,7.394798550935193,6.518798550935193,-0.8760000000000003,7.2682061195373535,0.34578968459360615,90
chesca_mesh,1600,17,6,6,9.4349196661508,8.558919666150798,-0.8760000000000012,7.364779472351074,0.3111403479407819,90
chesca_mesh,1601,18,6,6,11.56215871680405,10.686158716804048,-0.8760000000000012,7.2682061195373535,1.353049077090016,90
chesca_mesh,1602,19,6,6,13.699062710223336,12.823062710223336,-0.8759999999999994,7.2682061195373535,1.3903655733022786,90
chesca_mesh,1603,20,6,6,11.429972194875573,10.553972194875572,-0.8760000000000012,7.2682061195373535,0.5468508312459281,90
chesca_mesh,1604,21,6,6,11.269014292261536,10.393014292261537,-0.8759999999999994,7.2682061195373535,0.6992853774298355,90
chesca_mesh,1605,22,6,1,8.991980256039783,8.831980256039783,-0.16000000000000014,7.2682061195373535,0.15854964995773166,90
chesca_mesh,1606,23,6,6,10.039500772713051,9.163500772713052,-0.8759999999999994,7.2682061195373535,0.3617449291687993,90
chesca_mesh,1607,24,6,6,10.598097131367163,9.722097131367164,-0.8759999999999994,7.2682061195373535,0.40206784125636663,90
chesca_mesh,1608,1,6,6,9.859578222540547,8.983578222540546,-0.8760000000000012,7.2682061195373535,0.27643852839830374,90
chesca_mesh,1609,2,6,0,8.900719345383404,8.900719345383406,1.7763568394002505e-15,7.2682061195373535,0.0556437468549571,90
chesca_mesh,1610,3,6,6,6.980449962922841,7.856449962922841,0.8759999999999994,7.2682061195373535,-0.2741083132427271,90
chesca_mesh,1611,4,6,6,6.503520711476075,7.379520711476075,0.8759999999999994,7.2682061195373535,-0.3353762697221173,90
chesca_mesh,1612,5,6,6,5.4551969342034035,6.0954129911720365,0.640216056968633,7.248960018157959,-0.4052721215176329,90
chesca_mesh,1613,6,6,6,5.439089069991199,5.982853687702657,0.5437646177114583,7.248960018157959,-0.3251672787732084,90
chesca_mesh,1614,7,6,6,5.41472094017891,5.862790677574332,0.44806973739542233,7.2682061195373535,-0.3648994183674201,90
chesca_mesh,1615,8,6,2,4.9864776034704725,5.278477603470472,0.2919999999999998,7.2682061195373535,-0.106970793100772,90
chesca_mesh,1616,9,6,6,2.8410471112221103,3.2178104265578336,0.37676331533572327,7.2682061195373535,-0.26962992427019256,90
chesca_mesh,1617,10,6,6,2.775621043815948,3.117767105345491,0.3421460615295433,7.2682061195373535,-0.14340422661529503,90
chesca_mesh,1618,11,6,6,1.0590806156295036,1.291246035527571,0.23216541989806738,7.2682061195373535,-0.32605404367345675,90
chesca_mesh,1619,12,6,0,2.717264430837961,2.717264430837961,0.0,7.2682061195373535,-0.06377491395604232,90
chesca_mesh,1620,13,6,3,4.559423253441924,4.0794232534419255,-0.47999999999999865,7.2682061195373535,0.08237502450704379,90
chesca_mesh,1621,14,6,2,5.182148522987673,5.5021485229876745,0.3200000000000012,7.2682061195373535,-0.08133475662934148,90
chesca_mesh,1622,15,6,5,6.491532708884453,7.049058222529057,0.5575255136446042,7.2682061195373535,-0.10893629642559245,90
chesca_mesh,1623,16,6,4,8.557457354839567,7.945457354839566,-0.612000000000001,7.2682061195373535,0.12466657199183173,90
chesca_mesh,1624,17,6,6,9.643399494413874,8.767399494413873,-0.8760000000000012,7.2682061195373535,0.3428863360613479,90
chesca_mesh,1625,18,6,6,11.449146069433771,10.57314606943377,-0.8760000000000012,7.364779472351074,0.7683304083986331,90
chesca_mesh,1626,19,6,6,15.30054540874846,14.42454540874846,-0.8760000000000012,7.453915119171143,1.8618431474763744,90
chesca_mesh,1627,20,6,6,12.961351639908862,12.085351639908863,-0.8759999999999994,7.477000713348389,0.7643008245844858,90
chesca_mesh,1628,21,6,6,11.431781505465796,10.555781505465797,-0.8759999999999994,7.518556118011475,0.4679408140758894,90
chesca_mesh,1629,22,6,0,9.034354257377904,9.034354257377904,0.0,7.579338073730469,0.18367395360898725,90
chesca_mesh,1630,23,6,6,10.57845743930185,9.702457439301849,-0.8760000000000012,7.6065568923950195,0.2329003927641004,90
chesca_mesh,1631,24,6,6,10.938429468519622,10.062429468519625,-0.8759999999999977,7.632508277893066,0.4351357973886496,90
chesca_mesh,1632,1,6,6,10.130024708068847,9.254024708068847,-0.8759999999999994,7.674342155456543,0.1302708755407309,90
chesca_mesh,1633,2,6,6,9.59557491425242,8.71957491425242,-0.8760000000000012,7.710787773132324,0.2394004070716069,90
chesca_mesh,1634,3,6,6,7.7680211596328625,8.644021159632864,0.8760000000000012,7.72700834274292,-0.3035713295616175,90
chesca_mesh,1635,4,6,6,6.560287306226952,7.43628730622695,0.8759999999999977,7.736341953277588,-0.36475726551908905,90
chesca_mesh,1636,5,6,6,5.92358029228852,6.717656021138451,0.7940757288499309,7.736341953277588,-0.31395655058830474,90
chesca_mesh,1637,6,6,6,6.201747279158813,6.877423100116345,0.6756758209575322,7.736341953277588,-0.21104054007342632,90
chesca_mesh,1638,7,6,6,5.43887438271637,5.825546002921674,0.38667162020530377,7.764011383056641,-0.6669608008254355,90
chesca_mesh,1639,8,6,6,3.9990854995504295,4.231847804653543,0.23276230510311358,7.764011383056641,-0.2321582951143026,90
chesca_mesh,1640,9,6,6,1.6035120225660267,1.8244401846719946,0.220928162105968,7.764011383056641,-0.30728824380140274,90
chesca_mesh,1641,10,6,0,2.5608705323816556,2.5608705323816556,0.0,7.764011383056641,-0.01732241221848052,90
chesca_mesh,1642,11,6,0,3.985080407244456,3.9850804072444554,-4.440892098500626e-16,7.764011383056641,-0.0016933430152145656,90
chesca_mesh,1643,12,6,0,4.245700237270469,4.245700237270469,0.0,7.764011383056641,0.0289954406689146,90
chesca_mesh,1644,13,6,6,5.115504262253852,5.500735802009821,0.3852315397559689,7.764011383056641,-0.2591677880218717,90
chesca_mesh,1645,14,6,0,4.314673122358661,4.314673122358661,0.0,7.764011383056641,-0.05538388488038492,90
chesca_mesh,1646,15,6,0,5.892132725086627,5.892132725086627,0.0,7.764011383056641,0.07465084522957563,90
chesca_mesh,1647,16,6,6,7.932611072077775,7.056611072077776,-0.8759999999999994,7.764011383056641,0.1305123120608236,90
chesca_mesh,1648,17,6,6,11.720275470068353,10.844275470068354,-0.8759999999999994,7.782621383666992,0.8587199077834673,90
chesca_mesh,1649,18,6,6,13.709033995147008,12.833033995147007,-0.8760000000000012,7.812997817993164,1.5929681317653122,90
chesca_mesh,1650,19,6,6,15.722294031209415,14.846294031209418,-0.8759999999999977,7.8720574378967285,2.0747973864962512,90
chesca_mesh,1651,20,6,6,13.821970900773719,12.94597090077372,-0.8759999999999994,7.9025187492370605,1.112206674936227,90
chesca_mesh,1652,21,6,6,12.187706644279142,11.311706644279143,-0.8759999999999994,7.9254560470581055,0.27832396000672904,90
chesca_mesh,1653,22,6,0,9.501756034728409,9.501756034728407,-1.7763568394002505e-15,7.944797515869141,0.07036236785859393,90
chesca_mesh,1654,23,6,6,10.458462741992042,9.58246274199204,-0.8760000000000012,7.944797515869141,0.4572616786801158,90
chesca_mesh,1655,24,6,6,10.52917824207756,9.653178242077558,-0.8760000000000012,7.944797515869141,0.4341409747079688,90
chesca_mesh,1656,1,6,6,11.026221046079609,10.150221046079608,-0.8760000000000012,7.944797515869141,0.5716484712326406,90
chesca_mesh,1657,2,6,6,10.302740246380043,9.426740246380044,-0.8759999999999994,7.9818034172058105,0.21711504493801148,90
chesca_mesh,1658,3,6,6,8.006175692006213,8.882175692006214,0.8760000000000012,7.9818034172058105,-0.30355233507026536,90
chesca_mesh,1659,4,6,6,6.716139522607011,7.59213952260701,0.8759999999999986,7.9818034172058105,-0.26637753930809516,90
chesca_mesh,1660,5,6,6,6.046899925839909,6.688821419045067,0.6419214932051576,7.944797515869141,-0.2444353339232755,90
chesca_mesh,1661,6,6,6,5.895052051836131,6.438935789253611,0.5438837374174801,7.944797515869141,-0.15064568717443308,90
chesca_mesh,1662,7,6,6,5.231921150613379,5.571573141350943,0.3396519907375639,7.944797515869141,-0.14485808375023512,90
chesca_mesh,1663,8,6,6,4.14136930327525,4.37179961242649,0.23043030915123985,7.944797515869141,-0.21781768066549234,90
chesca_mesh,1664,9,6,6,2.4376850172503515,2.6584436787786383,0.22075866152828683,7.944797515869141,-0.2600031551692817,90
chesca_mesh,1665,10,6,0,2.2829741574813744,2.282974157481375,4.440892098500626e-16,7.944797515869141,-0.0900790850982506,90
chesca_mesh,1666,11,6,0,2.337930524368314,2.337930524368314,0.0,7.944797515869141,-0.02855717548765102,90
chesca_mesh,1667,12,6,6,3.62437846731432,2.74837846731432,-0.8759999999999999,7.944797515869141,0.12310737473049849,90
chesca_mesh,1668,13,6,6,5.437448939000514,4.561448939000513,-0.8760000000000003,7.944797515869141,0.2376841473907531,90
chesca_mesh,1669,14,6,0,5.405237399649879,5.405237399649879,0.0,7.944797515869141,0.04273123730286355,90
chesca_mesh,1670,15,6,6,7.487617520962406,6.611617520962405,-0.8760000000000012,7.944797515869141,0.09424502452275958,90
chesca_mesh,1671,16,6,6,8.658568038257657,7.782568038257656,-0.8760000000000012,7.944797515869141,0.4580681447579863,90
chesca_mesh,1672,17,6,6,12.184334546107435,11.308334546107433,-0.8760000000000012,7.944797515869141,1.6506735527088692,90
chesca_mesh,1673,18,6,6,13.829954737037657,12.953954737037657,-0.8759999999999994,7.9818034172058105,1.9581298177748425,90
chesca_mesh,1674,19,6,6,16.302100261239566,15.426100261239563,-0.876000000000003,8.05478286743164,2.3543832517471004,90
chesca_mesh,1675,20,6,6,13.588468852043151,12.712468852043152,-0.8759999999999994,8.165547370910645,1.029540766953401,90
chesca_mesh,1676,21,6,6,12.17545668472298,11.299456684722978,-0.8760000000000012,8.235991477966309,0.723184986956675,90
chesca_mesh,1677,22,6,0,8.78762028661664,8.78762028661664,0.0,8.235991477966309,-0.06965151998891284,90
chesca_mesh,1678,23,6,6,9.745608405062452,8.869608405062452,-0.8759999999999994,8.189888000488281,0.16047816171955603,90
chesca_mesh,1679,24,6,6,10.555823921977906,9.679823921977908,-0.8759999999999977,8.189888000488281,0.3622685682305536,90
chesca_mesh,1680,1,6,6,10.639761467277436,9.763761467277435,-0.8760000000000012,8.235991477966309,0.31243285324949255,90
chesca_mesh,1681,2,6,6,9.663233783088513,8.78723378308851,-0.876000000000003,8.31432056427002,0.256105167249437,90
chesca_mesh,1682,3,6,6,8.42750610706247,9.303506107062471,0.8760000000000012,8.376115798950195,-0.2511895177506075,90
chesca_mesh,1683,4,6,6,6.640760620741828,7.516760620741826,0.8759999999999977,8.396100997924805,-0.2995738031142336,90
chesca_mesh,1684,5,6,6,5.623658788925795,6.335810246625657,0.7121514576998624,8.396100997924805,-0.2518225669143991,90
chesca_mesh,1685,6,6,6,5.712711070835489,6.157588479838244,0.4448774090027552,8.396100997924805,-0.12913763292067565,90
chesca_mesh,1686,7,6,5,4.962053537065456,5.347726682793135,0.3856731457276785,8.376115798950195,-0.10395390516421922,90
chesca_mesh,1687,8,6,6,3.963100873760304,4.294905775959036,0.3318049021987317,8.376115798950195,-0.31534657308054637,90
chesca_mesh,1688,9,6,6,2.701965394959709,3.0216776163174557,0.3197122213577468,8.376115798950195,-0.24409416057147604,90
chesca_mesh,1689,10,6,6,1.007875155739281,1.2386285507472747,0.23075339500799363,8.376115798950195,-0.16397716868423048,90
chesca_mesh,1690,11,6,0,1.0921847654407153,1.0921847654407153,0.0,8.376115798950195,-0.008468863060558218,90
chesca_mesh,1691,12,6,6,2.229433534675775,2.594997233337967,0.36556369866219196,8.376115798950195,-0.18048099250439498,90
chesca_mesh,1692,13,6,0,4.882755018220172,4.882755018220172,0.0,8.376115798950195,0.04914210795582012,90
chesca_mesh,1693,14,6,6,4.93350977565675,5.413182089633819,0.4796723139770691,8.376115798950195,-0.16535449734333862,90
chesca_mesh,1694,15,6,5,8.118451923104022,7.374451923104022,-0.7439999999999998,8.376115798950195,0.0905688155559112,90
chesca_mesh,1695,16,6,6,8.613450932630505,7.737450932630505,-0.8759999999999994,8.376115798950195,0.5344113274310534,90
chesca_mesh,1696,17,6,6,13.860973960723438,12.98497396072344,-0.8759999999999977,8.376115798950195,2.1593657149404732,90
chesca_mesh,1697,18,6,6,14.675908249384463,13.799908249384462,-0.8760000000000012,8.396100997924805,1.8375590838609288,90
chesca_mesh,1698,19,6,6,17.0895842377454,16.2135842377454,-0.8759999999999977,8.433152198791504,2.212977038325824,90
chesca_mesh,1699,20,6,6,15.466647107485764,14.590647107485765,-0.8759999999999994,8.433152198791504,1.133538542334532,90
chesca_mesh,1700,21,6,6,13.020856271558788,12.14485627155879,-0.8759999999999977,8.433152198791504,0.21360732561664497,90
chesca_mesh,1701,22,6,6,8.636321462392807,9.512321462392809,0.8760000000000012,8.433152198791504,-0.2731566261252659,90
chesca_mesh,1702,23,6,6,8.563579607717429,9.43957960771743,0.8760000000000012,8.477039337158203,-0.27476770786389604,90
chesca_mesh,1703,24,6,6,9.123835842220007,8.247835842220006,-0.8760000000000012,8.530180931091309,0.40696543767502014,90
chesca_mesh,1704,1,6,6,10.30163544843661,9.425635448436608,-0.8760000000000012,8.530180931091309,0.2521722769650786,90
chesca_mesh,1705,2,6,6,8.614521100383582,9.490521100383583,0.8760000000000012,8.577630043029785,-0.30638492261596256,90
chesca_mesh,1706,3,6,6,6.987349109767163,7.863349109767164,0.8760000000000003,8.663403511047363,-0.25711573035070634,90
chesca_mesh,1707,4,6,6,6.9535880668522365,7.760497105328966,0.8069090384767295,8.739398956298828,-0.22760284547875603,90
chesca_mesh,1708,5,6,6,5.143707451998463,5.7330388944186215,0.5893314424201588,8.739398956298828,-0.255457415421275,90
chesca_mesh,1709,6,6,0,5.998646971573306,5.998646971573306,0.0,8.739398956298828,-0.04602418898945909,90
chesca_mesh,1710,7,6,0,5.00926346219442,5.00926346219442,0.0,8.739398956298828,-0.011008124661953361,90
chesca_mesh,1711,8,6,0,4.608379749470848,4.608379749470848,0.0,8.739398956298828,-0.059349295883494385,90
chesca_mesh,1712,9,6,5,6.066020506574555,6.293488448243516,0.22746794166896134,8.771599769592285,-0.7245493718366379,90
chesca_mesh,1713,10,6,6,4.206895601582207,4.5496372797607005,0.3427416781784931,8.79470443725586,-0.7041360767121869,90
chesca_mesh,1714,11,6,6,4.198117025623172,4.435454905550508,0.23733787992733646,8.840744018554688,-0.5305557709513324,90
chesca_mesh,1715,12,6,0,4.263063839411704,4.263063839411704,0.0,8.79470443725586,-0.02370751132652902,90
chesca_mesh,1716,13,6,6,6.6887777885873145,5.812777788587314,-0.8760000000000003,8.79470443725586,0.18575184856638224,90
chesca_mesh,1717,14,6,6,7.005821352461597,6.1298213524615965,-0.8760000000000003,8.79470443725586,0.16921380348260928,90
chesca_mesh,1718,15,6,6,8.584956146981932,7.708956146981934,-0.8759999999999986,8.79470443725586,0.19376541695581415,90
chesca_mesh,1719,16,6,6,10.945895775236174,10.069895775236175,-0.8759999999999994,8.771599769592285,0.9098527185945217,90
chesca_mesh,1720,17,6,6,15.130939653177444,14.254939653177443,-0.8760000000000012,8.79470443725586,1.64721767698213,90
chesca_mesh,1721,18,6,6,14.256252018254013,13.380252018254012,-0.8760000000000012,8.79470443725586,1.49748221278076,90
chesca_mesh,1722,19,6,6,15.9148324455691,15.0388324455691,-0.8760000000000012,8.79470443725586,1.7855031717048706,90
chesca_mesh,1723,20,6,6,13.539544484284336,12.663544484284337,-0.8759999999999994,8.79470443725586,0.8641738356099572,90
chesca_mesh,1724,21,6,6,12.3533936070672,11.477393607067201,-0.8759999999999994,8.79470443725586,0.6554373180996279,90
chesca_mesh,1725,22,6,0,10.72541294912878,10.72541294912878,0.0,8.840744018554688,0.41656263930981025,90
chesca_mesh,1726,23,6,6,10.792160667216077,9.916160667216078,-0.8759999999999994,8.840744018554688,0.20295211844134653,90
chesca_mesh,1727,24,6,6,10.667421144622038,9.79142114462204,-0.8759999999999977,8.840744018554688,0.185765154389811,90
chesca_mesh,1728,1,6,6,11.030910302698045,10.154910302698044,-0.8760000000000012,8.87932014465332,0.3086249544866014,90
chesca_mesh,1729,2,6,6,10.155025386302254,9.279025386302255,-0.8759999999999994,8.87932014465332,0.43033692568879534,90
chesca_mesh,1730,3,6,6,8.275705651745126,9.151705651745127,0.8760000000000012,8.913923263549805,-0.19143481319363123,90
chesca_mesh,1731,4,6,6,6.946548689712339,7.822548689712337,0.8759999999999986,9.013318061828613,-0.2350570956357727,90
chesca_mesh,1732,5,6,6,5.835067069972307,6.547218527672169,0.7121514576998624,9.013318061828613,-0.20275786275131236,90
chesca_mesh,1733,6,6,6,5.679820781183147,6.320915287706974,0.6410945065238272,8.913923263549805,-0.11401562396618846,90
chesca_mesh,1734,7,6,0,5.31469390018243,5.31469390018243,0.0,8.913923263549805,-0.05340019403305645,90
chesca_mesh,1735,8,6,0,4.161060995956948,4.161060995956948,0.0,8.913923263549805,-0.0916777688175649,90
chesca_mesh,1736,9,6,6,2.6210983828212795,2.871076199379871,0.2499778165585913,8.913923263549805,-0.3928722962201125,90
chesca_mesh,1737,10,6,6,2.1934131368903147,2.534874830369601,0.34146169347928623,8.913923263549805,-0.14121832129832873,90
chesca_mesh,1738,11,6,6,2.6903483650411344,3.030457432897853,0.34010906785671846,8.913923263549805,-0.14535229518704448,90
chesca_mesh,1739,12,6,6,4.416928050057717,4.756957385950075,0.34002933589235873,8.913923263549805,-0.21806465562853478,90
chesca_mesh,1740,13,6,5,5.793593073304598,5.049593073304598,-0.7440000000000007,8.913923263549805,0.18465368847294747,90
chesca_mesh,1741,14,6,6,6.494551863731197,5.618551863731198,-0.8759999999999994,8.913923263549805,0.12903873613416933,90
chesca_mesh,1742,15,6,0,6.492619887304129,6.492619887304129,0.0,8.913923263549805,0.04964397698548164,90
chesca_mesh,1743,16,6,5,8.038636771422391,7.29463677142239,-0.7440000000000015,8.913923263549805,0.45836743044667244,90
chesca_mesh,1744,17,6,6,11.601231429596233,10.725231429596233,-0.8759999999999994,8.913923263549805,1.0523526715885685,90
chesca_mesh,1745,18,6,6,13.400207169880396,12.524207169880397,-0.8759999999999994,9.013318061828613,1.432727042646453,90
chesca_mesh,1746,19,6,6,14.69840581382479,13.822405813824789,-0.8760000000000012,9.097868919372559,1.5261500383693476,90
chesca_mesh,1747,20,6,6,13.169493476690509,12.293493476690507,-0.8760000000000012,9.131067276000977,0.8725394887049955,90
chesca_mesh,1748,21,6,6,12.274062779301026,11.398062779301029,-0.8759999999999977,9.159673690795898,0.6082632672946289,90
chesca_mesh,1749,22,6,1,10.708752383517835,10.548752383517835,-0.16000000000000014,9.191418647766113,0.45423018761893663,90
chesca_mesh,1750,23,6,6,11.305771622692511,10.42977162269251,-0.8760000000000012,9.219732284545898,0.3431620347755362,90
chesca_mesh,1751,24,6,6,10.12607758682962,9.25007758682962,-0.8759999999999994,9.236434936523438,0.35749612718979984,90
chesca_mesh,1752,1,6,6,10.389008068501195,9.513008068501195,-0.8759999999999994,9.256407737731934,0.15597911669853287,90
chesca_mesh,1753,2,6,6,9.654517303318112,8.778517303318111,-0.8760000000000012,9.242656707763672,0.21751310507307492,90
chesca_mesh,1754,3,6,6,8.775697074300298,7.899697074300299,-0.8759999999999994,9.242656707763672,0.09272550935610703,90
chesca_mesh,1755,4,6,6,8.19680198977411,7.32080198977411,-0.8760000000000003,9.242656707763672,0.11786150367509407,90
chesca_mesh,1756,5,6,0,5.715817186662988,5.715817186662988,0.0,9.242656707763672,-0.011655976555166925,90
chesca_mesh,1757,6,6,6,6.553972710993476,5.677972710993476,-0.8759999999999994,9.242656707763672,0.1356755912439167,90
chesca_mesh,1758,7,6,6,6.202125678568951,5.326125678568951,-0.8760000000000003,9.242656707763672,0.14410171286029266,90
chesca_mesh,1759,8,6,6,5.5544183395299545,4.678418339529953,-0.8760000000000012,9.242656707763672,0.10126640465787895,90
chesca_mesh,1760,9,6,6,4.427756316013511,3.5517563160135115,-0.8759999999999994,9.242656707763672,0.1285262418827614,90
chesca_mesh,1761,10,6,6,2.7656562131004225,1.8896562131004222,-0.8760000000000003,9.242656707763672,0.13461716784322436,90
chesca_mesh,1762,11,6,6,2.5022345376413004,1.6262345376413008,-0.8759999999999997,9.242656707763672,0.1429903716459604,90
chesca_mesh,1763,12,6,0,4.879452529967289,4.879452529967288,-8.881784197001252e-16,9.242656707763672,0.018504628879431606,90
chesca_mesh,1764,13,6,6,5.332984388415877,4.456984388415877,-0.8760000000000003,9.242656707763672,0.22639843842592178,90
chesca_mesh,1765,14,6,6,4.72379562634847,3.8477956263484705,-0.8759999999999994,9.242656707763672,0.2307892690761021,90
chesca_mesh,1766,15,6,6,7.573162301796463,6.697162301796465,-0.8759999999999986,9.242656707763672,0.3409384264414097,90
chesca_mesh,1767,16,6,6,8.045173979979834,7.169173979979834,-0.8760000000000003,9.242656707763672,0.5672074369960329,90
chesca_mesh,1768,17,6,6,10.769869259560679,9.893869259560677,-0.8760000000000012,9.236434936523438,0.8778428555749331,90
chesca_mesh,1769,18,6,6,12.557782238339545,11.681782238339546,-0.8759999999999994,9.236434936523438,1.2825564179379323,90
chesca_mesh,1770,19,6,6,15.257574727232528,14.381574727232527,-0.8760000000000012,9.236434936523438,1.6420968174353812,90
chesca_mesh,1771,20,6,6,13.112670005088587,12.236670005088586,-0.8760000000000012,9.236434936523438,0.7384843667839529,90
chesca_mesh,1772,21,6,6,12.349008016019528,11.473008016019527,-0.8760000000000012,9.236434936523438,0.6754258758808129,90
chesca_mesh,1773,22,6,0,10.184000952896147,10.184000952896147,0.0,9.236434936523438,0.2917546039396455,90
chesca_mesh,1774,23,6,6,10.267524752271806,9.391524752271806,-0.8759999999999994,9.242656707763672,0.4626116568942864,90
chesca_mesh,1775,24,6,6,11.466280442851255,10.590280442851258,-0.8759999999999977,9.242656707763672,0.5788570536448898,90
chesca_mesh,1776,1,6,6,11.235764326708983,10.359764326708984,-0.8759999999999994,9.242656707763672,0.30741175166692114,90
chesca_mesh,1777,2,6,6,10.97630842109455,10.10030842109455,-0.8760000000000012,9.257594108581543,0.2885249780033163,90
chesca_mesh,1778,3,6,0,8.64188209099743,8.64188209099743,0.0,9.327409744262695,0.022213589571908027,90
chesca_mesh,1779,4,6,6,7.835953814062769,6.959953814062769,-0.8760000000000003,9.327409744262695,0.10072594343054458,90
chesca_mesh,1780,5,6,0,5.883523043936964,5.883523043936964,0.0,9.327409744262695,0.07230680526989937,90
chesca_mesh,1781,6,6,6,6.341730708014739,5.46573070801474,-0.8759999999999994,9.327409744262695,0.14434380594905155,90
chesca_mesh,1782,7,6,6,6.003170943258518,5.127170943258519,-0.8759999999999994,9.327409744262695,0.12725846928272827,90
chesca_mesh,1783,8,6,6,5.811596328204164,6.59817939557796,0.7865830673737957,9.388924598693848,-0.28596347914515274,90
chesca_mesh,1784,9,6,6,5.386175295937811,4.510175295937811,-0.8759999999999994,9.388924598693848,0.1328041686156718,90
chesca_mesh,1785,10,6,0,3.798923817270116,3.7989238172701163,4.440892098500626e-16,9.388924598693848,0.06713439361115578,90
chesca_mesh,1786,11,6,6,4.368463498291073,3.4924634982910723,-0.8760000000000003,9.388924598693848,0.22442294260809126,90
chesca_mesh,1787,12,6,6,4.960394868300295,4.084394868300294,-0.8760000000000003,9.388924598693848,0.22655750349920095,90
chesca_mesh,1788,13,6,6,5.3917798111419994,4.515779811142,-0.8759999999999994,9.388924598693848,0.2686624323490987,90
chesca_mesh,1789,14,6,6,6.322581353587947,5.4465813535879475,-0.8759999999999994,9.388924598693848,0.28592772319702353,90
chesca_mesh,1790,15,6,6,7.809255009447842,6.9332550094478425,-0.8759999999999994,9.388924598693848,0.37036166042841834,90
chesca_mesh,1791,16,6,6,9.24620541411553,8.37020541411553,-0.8759999999999994,9.388924598693848,0.25413689529342365,90
chesca_mesh,1792,17,6,6,13.67616168745263,12.80016168745263,-0.8760000000000012,9.388924598693848,1.396539479544241,90
chesca_mesh,1793,18,6,6,14.759599753940366,13.883599753940366,-0.8759999999999994,9.40649127960205,1.4327519068591992,90
chesca_mesh,1794,19,6,6,15.655826888576437,14.779826888576437,-0.8759999999999994,9.40649127960205,1.6318823625200447,90
chesca_mesh,1795,20,6,6,13.673185850176768,12.797185850176767,-0.8760000000000012,9.40649127960205,0.8392065000388192,90
chesca_mesh,1796,21,6,6,12.384649934768676,11.508649934768677,-0.8759999999999994,9.40649127960205,0.5264019279634737,90
chesca_mesh,1797,22,6,1,9.735096859067136,9.575096859067136,-0.16000000000000014,9.472295761108398,0.08290387654813365,90
chesca_mesh,1798,23,6,6,10.70231581954538,9.826315819545378,-0.8760000000000012,9.40649127960205,0.27754032584200083,90
chesca_mesh,1799,24,6,6,11.337836537995834,10.461836537995836,-0.8759999999999977,9.388924598693848,0.6425112915778571,90
chesca_mesh,1800,1,6,6,10.986859588858602,10.1108595888586,-0.8760000000000012,9.388924598693848,0.2829153687384943,90
chesca_mesh,1801,2,6,0,8.658027245948016,8.658027245948016,0.0,9.393784523010254,0.06364224894919898,90
chesca_mesh,1802,3,6,0,7.566477531915416,7.566477531915416,0.0,9.393784523010254,0.05751887296424042,90
chesca_mesh,1803,4,6,6,6.833234331402169,5.9572343314021685,-0.8760000000000003,9.393784523010254,0.11905935463692498,90
chesca_mesh,1804,5,6,6,6.432524074063057,5.556524074063057,-0.8760000000000003,9.393784523010254,0.13515951023801304,90
chesca_mesh,1805,6,6,6,7.450378696487794,6.574378696487794,-0.8760000000000003,9.393784523010254,0.23970535440544435,90
chesca_mesh,1806,7,6,6,6.474049177266602,7.270049177266602,0.7959999999999994,9.393784523010254,-0.08915804750400338,90
chesca_mesh,1807,8,6,5,5.377464980294881,6.093464980294881,0.7160000000000002,9.393784523010254,-0.09703730647271666,90
chesca_mesh,1808,9,6,6,4.532386862734233,3.6563868627342333,-0.8759999999999999,9.393784523010254,0.1259130351662723,90
chesca_mesh,1809,10,6,6,4.001067206248447,3.125067206248446,-0.8760000000000008,9.393784523010254,0.1741819743784377,90
chesca_mesh,1810,11,6,6,4.648259093344679,3.7722590933446805,-0.8759999999999986,9.393784523010254,0.14624484626337994,90
chesca_mesh,1811,12,6,6,5.199333800032888,4.323333800032889,-0.8759999999999994,9.393784523010254,0.21285416715965993,90
chesca_mesh,1812,13,6,6,6.12922396800861,5.253223968008611,-0.8759999999999986,9.393784523010254,0.1422297033777743,90
chesca_mesh,1813,14,6,6,7.48338004623713,6.607380046237131,-0.8759999999999994,9.393784523010254,0.19694766823862786,90
chesca_mesh,1814,15,6,6,9.005264651131968,8.129264651131969,-0.8759999999999994,9.393784523010254,0.1747792862149113,90
chesca_mesh,1815,16,6,0,7.332733602578187,7.332733602578187,0.0,9.393784523010254,0.05854483888910566,90
chesca_mesh,1816,17,6,0,9.194842468810611,9.194842468810611,0.0,9.381266593933105,0.06991450136842672,90
chesca_mesh,1817,18,6,0,8.700758306229698,8.700758306229698,0.0,9.381266593933105,0.05897772751173561,90
chesca_mesh,1818,19,6,6,12.20016203196062,11.324162031960618,-0.8760000000000012,9.324405670166016,0.7513166580361992,90
chesca_mesh,1819,20,6,6,11.443313797743965,10.567313797743966,-0.8759999999999994,9.253923416137695,0.6739269088888733,90
chesca_mesh,1820,21,6,6,9.349312868565129,10.22531286856513,0.8760000000000012,9.253923416137695,-0.2914312265773096,90
chesca_mesh,1821,22,6,6,8.088613017255994,8.964613017255992,0.8759999999999977,9.253923416137695,-0.09178117068951426,90
chesca_mesh,1822,23,6,0,7.382668844312322,7.382668844312322,0.0,9.253923416137695,-0.0355106537828479,90
chesca_mesh,1823,24,6,0,7.059690270071136,7.059690270071137,8.881784197001252e-16,9.253923416137695,0.06511608400569639,90
chesca_mesh,1824,1,6,6,9.584947527770577,8.708947527770578,-0.8759999999999994,9.242656707763672,0.17278823313105673,90
chesca_mesh,1825,2,6,0,8.632355171119272,8.632355171119272,0.0,9.225564956665039,0.06015027609701011,90
chesca_mesh,1826,3,6,6,6.036321936694589,6.912321936694589,0.8760000000000003,9.1780424118042,-0.09199367797922549,90
chesca_mesh,1827,4,6,6,5.5573041710052316,6.433304171005231,0.8759999999999994,9.1780424118042,-0.0935690642632484,90
chesca_mesh,1828,5,6,6,4.483103890709506,4.788199297014821,0.3050954063053153,9.1780424118042,-0.10212474598443583,90
chesca_mesh,1829,6,6,0,4.862136876974494,4.862136876974494,0.0,9.1780424118042,0.06988854037212797,90
chesca_mesh,1830,7,6,6,4.083445924827473,3.2074459248274727,-0.8759999999999999,9.1780424118042,0.09987003172035869,90
chesca_mesh,1831,8,6,6,4.258090949818025,3.3820909498180267,-0.8759999999999986,9.1780424118042,0.16086402265878744,90
chesca_mesh,1832,9,6,6,3.8138393275880103,2.93783932758801,-0.8760000000000003,9.1780424118042,0.14389891776824826,90
chesca_mesh,1833,10,6,0,1.4231194756091226,1.4231194756091226,0.0,9.1780424118042,-0.02554634987049008,90
chesca_mesh,1834,11,6,6,2.5379134268512304,1.6619134268512297,-0.8760000000000008,9.1780424118042,0.10985796586935276,90
chesca_mesh,1835,12,6,6,3.247457043154234,2.371457043154233,-0.8760000000000008,9.1780424118042,0.22819443699203423,90
chesca_mesh,1836,13,6,6,3.9344791736236244,3.058479173623624,-0.8760000000000003,9.1780424118042,0.20638443348274416,90
chesca_mesh,1837,14,6,6,3.4592669800849247,2.583266980084925,-0.8759999999999999,9.1780424118042,0.11875666365967168,90
chesca_mesh,1838,15,6,6,6.1493816377922075,5.273381637792207,-0.8760000000000003,9.1780424118042,0.2706634313463833,90
chesca_mesh,1839,16,6,6,7.281417160416901,6.405417160416901,-0.8760000000000003,9.1780424118042,0.5428784506481117,90
chesca_mesh,1840,17,6,6,9.81098324656364,8.93498324656364,-0.8760000000000012,9.1780424118042,0.3558786185578281,90
chesca_mesh,1841,18,6,6,10.805776612826538,9.929776612826538,-0.8759999999999994,9.1780424118042,0.13793614982910246,90
chesca_mesh,1842,19,6,6,13.799856702466961,12.92385670246696,-0.8760000000000012,9.177081108093262,1.286465887107179,90
chesca_mesh,1843,20,6,6,13.464626725912094,12.588626725912093,-0.8760000000000012,9.177081108093262,0.8888715621959308,90
chesca_mesh,1844,21,6,6,12.061764951944351,11.18576495194435,-0.8760000000000012,9.177081108093262,0.42241100938248016,90
chesca_mesh,1845,22,6,6,8.672397811472745,9.548397811472745,0.8759999999999994,9.177081108093262,-0.15807905045514703,90
chesca_mesh,1846,23,6,0,8.219480477851409,8.219480477851409,0.0,9.177081108093262,-0.05112303630455088,90
chesca_mesh,1847,24,6,6,9.774273342269133,8.898273342269135,-0.8759999999999977,9.139647483825684,0.24699002094258388,90
chesca_mesh,1848,1,6,6,10.641370128451499,9.765370128451499,-0.8759999999999994,9.139647483825684,0.15144113929050473,90
chesca_mesh,1849,2,6,0,8.805563324898927,8.805563324898927,0.0,9.139647483825684,-0.06108367780585058,90
chesca_mesh,1850,3,6,6,6.636071772981279,7.512071772981279,0.8759999999999994,9.139647483825684,-0.14735644742317888,90
chesca_mesh,1851,4,6,3,5.763004119468728,6.243004119468728,0.4800000000000004,9.139647483825684,-0.07934074746997781,90
chesca_mesh,1852,5,6,0,5.522212913889746,5.522212913889746,0.0,9.139647483825684,-0.009968953888829638,90
chesca_mesh,1853,6,6,0,5.544982328245986,5.544982328245987,8.881784197001252e-16,9.139647483825684,-0.029663887963148436,90
chesca_mesh,1854,7,6,0,6.645969551856017,6.645969551856017,0.0,9.139647483825684,0.03979115770929967,90
chesca_mesh,1855,8,6,6,3.6344413642102027,4.094784521050836,0.4603431568406333,9.139647483825684,-0.10668362619873613,90
chesca_mesh,1856,9,6,0,2.9597278700285923,2.959727870028592,-4.440892098500626e-16,9.139647483825684,0.05175724233817946,90
chesca_mesh,1857,10,6,0,3.3336174410317874,3.333617441031787,-4.440892098500626e-16,9.139647483825684,0.017044825593220778,90
chesca_mesh,1858,11,6,0,2.5037230870090887,2.5037230870090887,0.0,9.139647483825684,-0.02839201555794199,90
chesca_mesh,1859,12,6,0,3.0133276730205942,3.013327673020594,-4.440892098500626e-16,9.139647483825684,-0.021823664838058532,90
chesca_mesh,1860,13,6,6,4.258701623406126,3.3827016234061267,-0.8759999999999994,9.139647483825684,0.14090861479005473,90
chesca_mesh,1861,14,6,6,5.045893641298233,4.169893641298232,-0.8760000000000003,9.139647483825684,0.27510937312720285,90
chesca_mesh,1862,15,6,6,6.348830992015115,5.472830992015115,-0.8760000000000003,9.139647483825684,0.16247836354335374,90
chesca_mesh,1863,16,6,6,6.708213673002215,5.832213673002216,-0.8759999999999986,9.139647483825684,0.29935132853865565,90
chesca_mesh,1864,17,6,6,8.16894772688138,7.292947726881379,-0.8760000000000003,9.139647483825684,0.3750857739227982,90
chesca_mesh,1865,18,6,6,8.83385037837362,7.957850378373622,-0.8759999999999986,9.107196807861328,0.42172320034284144,90
chesca_mesh,1866,19,6,6,10.993350353018522,10.117350353018523,-0.8759999999999994,9.045843124389648,0.4706452648054609,90
chesca_mesh,1867,20,6,6,11.614216264486313,10.738216264486312,-0.8760000000000012,9.045843124389648,0.529591003005713,90
chesca_mesh,1868,21,6,6,10.105726256370545,9.229726256370544,-0.8760000000000012,9.045843124389648,0.4401182360783737,90
chesca_mesh,1869,22,6,6,8.201047259065826,9.077047259065825,0.8759999999999994,9.045843124389648,-0.6239254891704752,90
chesca_mesh,1870,23,6,6,7.735488056820936,8.611488056820937,0.8760000000000012,9.045843124389648,-0.162635593181155,90
chesca_mesh,1871,24,6,0,8.216941368400484,8.216941368400484,0.0,9.045843124389648,-0.04963755339429534,90
chesca_mesh,1872,1,6,6,9.286825611293274,8.410825611293273,-0.8760000000000012,9.045843124389648,0.08846165535673936,90
chesca_mesh,1873,2,6,0,8.085681834768145,8.085681834768145,0.0,8.978675842285156,-0.029284653483767364,90
chesca_mesh,1874,3,6,6,6.508914311977357,7.384914311977358,0.8760000000000012,8.92016315460205,-0.09201435773180436,90
chesca_mesh,1875,4,6,6,6.000578188353451,6.87657818835345,0.8759999999999986,8.880752563476562,-0.12386295239803391,90
chesca_mesh,1876,5,6,5,5.918687535308443,6.4971794371396365,0.5784919018311934,8.880752563476562,-0.0928199870872014,90
chesca_mesh,1877,6,6,0,6.130859855966188,6.130859855966187,-8.881784197001252e-16,8.880752563476562,-0.014369324559053313,90
chesca_mesh,1878,7,6,0,5.266407494775157,5.266407494775157,0.0,8.880752563476562,-0.0099983243823498,90
chesca_mesh,1879,8,6,6,5.696491576179936,6.249301768852355,0.5528101926724194,8.96164608001709,-0.4054316757579569,90
chesca_mesh,1880,9,6,6,5.285258036333644,5.754935767106309,0.4696777307726645,8.96164608001709,-0.5209186614953304,90
chesca_mesh,1881,10,6,0,5.565322125538746,5.565322125538746,0.0,8.880752563476562,-0.06864582995132179,90
chesca_mesh,1882,11,6,6,5.155964908208203,5.615482736732133,0.4595178285239303,8.814958572387695,-0.3412376201350083,90
chesca_mesh,1883,12,6,0,5.357776296047538,5.357776296047538,0.0,8.814958572387695,0.05565812319680963,90
chesca_mesh,1884,13,6,0,6.881804175760789,6.88180417576079,8.881784197001252e-16,8.814958572387695,0.02789727694484588,90
chesca_mesh,1885,14,6,0,7.0037598645094095,7.0037598645094095,0.0,8.814958572387695,-0.06390850571471646,90
chesca_mesh,1886,15,6,4,9.520106035163039,8.908106035163039,-0.6120000000000001,8.880752563476562,0.3683513510838477,90
chesca_mesh,1887,16,6,6,11.032723860734887,10.156723860734887,-0.8759999999999994,8.96164608001709,0.6145416565955879,90
chesca_mesh,1888,17,6,6,13.586870354692042,12.710870354692041,-0.8760000000000012,8.96164608001709,1.0558636966035366,90
chesca_mesh,1889,18,6,6,11.73642437576774,10.86042437576774,-0.8759999999999994,8.96164608001709,0.6684643092361457,90
chesca_mesh,1890,19,6,6,13.722709320500917,12.846709320500917,-0.8759999999999994,8.96164608001709,1.305595845831544,90
chesca_mesh,1891,20,6,6,12.077277916888733,11.201277916888733,-0.8759999999999994,8.96164608001709,0.3440076316629316,90
chesca_mesh,1892,21,6,6,11.468204234231175,12.344204234231174,0.8759999999999994,8.96164608001709,-0.4346037249180292,90
chesca_mesh,1893,22,6,6,7.974778912214635,8.850778912214635,0.8759999999999994,8.96164608001709,-0.6369552075808724,90
chesca_mesh,1894,23,6,6,8.4639547626692,9.339954762669201,0.8760000000000012,8.96164608001709,-0.8626382834898165,90
chesca_mesh,1895,24,6,6,8.063433672751302,8.939433672751301,0.8759999999999994,8.880752563476562,-0.1484685959022249,90
chesca_mesh,1896,1,6,6,9.645856380887997,8.769856380887996,-0.8760000000000012,8.831991195678711,0.41676135785475427,90
chesca_mesh,1897,2,6,6,10.234471085891014,9.358471085891015,-0.8759999999999994,8.783141136169434,0.31677985048727497,90
chesca_mesh,1898,3,6,6,8.710055008016091,9.586055008016093,0.8760000000000012,8.783141136169434,-0.2800407726952252,90
chesca_mesh,1899,4,6,6,6.7062072846855285,7.582207284685528,0.8759999999999994,8.783141136169434,-0.4026732739557305,90
chesca_mesh,1900,5,6,6,6.451355298076149,7.245430539251714,0.7940752411755652,8.783141136169434,-0.25441144885626776,90
chesca_mesh,1901,6,6,6,6.393549184332342,7.152109312197528,0.7585601278651852,8.783141136169434,-0.194727536294454,90
chesca_mesh,1902,7,6,6,5.748514453399061,6.216698536948981,0.4681840835499207,8.783141136169434,-0.2101529715963783,90
chesca_mesh,1903,8,6,6,5.1949546795900945,5.4363718613447185,0.241417181754624,8.783141136169434,-0.16665082490107563,90
chesca_mesh,1904,9,6,6,3.294294957588964,3.6356579995850673,0.34136304199610334,8.831991195678711,-0.959733145282698,90
chesca_mesh,1905,10,6,6,3.3048925658458854,3.5361614967691057,0.23126893092322032,8.831991195678711,-0.2561972613547676,90
chesca_mesh,1906,11,6,6,2.9271797457507462,3.1481798310037754,0.22100008525302917,8.831991195678711,-0.1440848880493003,90
chesca_mesh,1907,12,6,6,2.7884932595302776,3.008857795822984,0.22036453629270625,8.831991195678711,-0.12514144089844303,90
chesca_mesh,1908,13,6,0,4.615409682681712,4.615409682681712,0.0,8.831991195678711,0.047633492683450435,90
chesca_mesh,1909,14,6,6,4.828711019752145,5.288343185960503,0.45963216620835823,8.831991195678711,-0.13432998925980297,90
chesca_mesh,1910,15,6,0,6.44859820868312,6.44859820868312,0.0,8.831991195678711,0.05880091859180933,90
chesca_mesh,1911,16,6,6,11.091286384567459,10.26075377847664,-0.8305326060908182,8.880752563476562,0.43473893350424236,90
chesca_mesh,1912,17,6,6,11.186194714386488,10.310194714386487,-0.8760000000000012,8.96164608001709,0.23192292080113283,90
chesca_mesh,1913,18,6,6,12.594578660229221,11.718578660229223,-0.8759999999999977,8.96164608001709,1.1486238247623182,90
chesca_mesh,1914,19,6,6,15.79203466193047,14.916034661930471,-0.8759999999999994,8.96164608001709,1.101954930614539,90
chesca_mesh,1915,20,6,6,13.505621784050808,12.629621784050808,-0.8759999999999994,8.96164608001709,0.5479325737524395,90
chesca_mesh,1916,21,6,0,12.300056110461934,12.300056110461934,0.0,8.96164608001709,0.00905121491082067,90
chesca_mesh,1917,22,6,6,9.11701445505658,9.99301445505658,0.8759999999999994,8.96164608001709,-0.24900868658084013,90
chesca_mesh,1918,23,6,6,9.94929830688258,9.07329830688258,-0.8760000000000012,8.96164608001709,0.4103184127404603,90
chesca_mesh,1919,24,6,6,10.897390286870966,10.021390286870968,-0.8759999999999977,8.96164608001709,0.08743432660120795,90
chesca_mesh,1920,1,6,6,11.49493384510222,10.61893384510222,-0.8760000000000012,8.96164608001709,0.2927846910023941,90
chesca_mesh,1921,2,6,3,9.701554343054838,10.181554343054838,0.4800000000000004,8.96164608001709,-0.08520636139791668,90
chesca_mesh,1922,3,6,6,7.787665526719706,8.663665526719706,0.8760000000000003,9.045843124389648,-0.30830255131725803,90
chesca_mesh,1923,4,6,6,8.200754485467161,9.076754485467161,0.8759999999999994,9.107196807861328,-0.27280113252120797,90
chesca_mesh,1924,5,6,6,5.991098411365307,6.610693921867577,0.6195955105022701,9.107196807861328,-0.3788183873224776,90
chesca_mesh,1925,6,6,6,6.600057932970409,7.142741699627457,0.5426837666570483,9.107196807861328,-0.13094826000241006,90
chesca_mesh,1926,7,6,6,5.8876002253375255,6.264302075328542,0.37670184999101686,9.107196807861328,-0.16738815817637523,90
chesca_mesh,1927,8,6,6,5.386590869092071,5.717658849916572,0.33106798082450073,9.107196807861328,-0.13657179473245837,90
chesca_mesh,1928,9,6,6,4.225043509194688,4.57432227231673,0.349278763122042,9.107196807861328,-0.13028832399569495,90
chesca_mesh,1929,10,6,6,2.8818220137728177,3.113548973301122,0.23172695952830447,9.107196807861328,-0.6047028964768366,90
chesca_mesh,1930,11,6,6,0.9529971818940404,1.1740373805554962,0.22104019866145586,9.107196807861328,-0.3516726665593517,90
chesca_mesh,1931,12,6,6,4.299134386605305,3.4231343866053043,-0.8760000000000003,9.107196807861328,0.10535896863115603,90
chesca_mesh,1932,13,6,6,6.187754519810445,5.311754519810445,-0.8760000000000003,9.107196807861328,0.19591720091621104,90
chesca_mesh,1933,14,6,0,5.154271564048074,5.154271564048074,0.0,9.107196807861328,0.02137754568844212,90
chesca_mesh,1934,15,6,6,6.793798309264137,5.917798309264137,-0.8759999999999994,9.107196807861328,0.1417668564957687,90
chesca_mesh,1935,16,6,6,8.719871918882687,7.843871918882686,-0.8760000000000003,9.107196807861328,0.404958849334199,90
chesca_mesh,1936,17,6,6,11.554861507806338,10.678861507806339,-0.8759999999999994,9.107196807861328,0.863264440665492,90
chesca_mesh,1937,18,6,6,14.33044658217513,13.45444658217513,-0.8759999999999994,9.1734037399292,1.588145478666574,90
chesca_mesh,1938,19,6,6,15.488171335344262,14.61217133534426,-0.8760000000000012,9.1734037399292,1.375524694113146,90
chesca_mesh,1939,20,6,6,14.181993535592573,13.305993535592574,-0.8759999999999994,9.1734037399292,0.6027121168291175,90
chesca_mesh,1940,21,6,6,13.297768146813704,12.421768146813704,-0.8759999999999994,9.1734037399292,0.71926798285491,90
chesca_mesh,1941,22,6,6,9.99653689135902,10.872536891359019,0.8759999999999994,9.1734037399292,-0.1802438955235043,90
chesca_mesh,1942,23,6,6,9.59330689609839,10.469306896098391,0.8760000000000012,9.1734037399292,-0.3292441179773808,90
chesca_mesh,1943,24,6,6,9.441169750706361,10.317169750706359,0.8759999999999977,9.227808952331543,-0.21896369905315005,90
chesca_mesh,1944,1,6,6,9.101593072711854,9.977593072711855,0.8760000000000012,9.227808952331543,-0.2864180104333201,90
chesca_mesh,1945,2,6,6,8.679540156581856,9.555540156581857,0.8760000000000012,9.227808952331543,-0.11465960965898753,90
chesca_mesh,1946,3,6,6,7.44454186693326,8.32054186693326,0.8759999999999994,9.227808952331543,-0.2787510373794523,90
chesca_mesh,1947,4,6,6,6.4261481234371445,7.150261929295448,0.7241138058583036,9.227808952331543,-0.2784242326464883,90
chesca_mesh,1948,5,6,6,5.386785929279201,5.966105989327289,0.5793200600480883,9.227808952331543,-0.2592129816809979,90
chesca_mesh,1949,6,6,6,5.817626995828341,6.357867090583083,0.5402400947547417,9.227808952331543,-0.12047991982409333,90
chesca_mesh,1950,7,6,6,5.693273285974135,6.141232810332635,0.4479595243585006,9.255215644836426,-0.3854181083588722,90
chesca_mesh,1951,8,6,6,4.760629402996216,5.0901796767721486,0.3295502737759328,9.227808952331543,-0.11835549891208515,90
chesca_mesh,1952,9,6,6,2.616320220488154,2.846484478815775,0.23016425832762089,9.227808952331543,-0.39370716488467244,90
chesca_mesh,1953,10,6,0,3.7773436756513483,3.7773436756513483,0.0,9.227808952331543,-0.0667510973027878,90
chesca_mesh,1954,11,6,0,4.339501828097534,4.339501828097534,0.0,9.227808952331543,-0.015624777935954764,90
chesca_mesh,1955,12,6,6,3.765722929487151,4.318561799238808,0.5528388697516573,9.227808952331543,-0.33293392800414334,90
chesca_mesh,1956,13,6,6,4.878774751531605,4.002774751531605,-0.8760000000000003,9.227808952331543,0.0886750974867471,90
chesca_mesh,1957,14,6,6,6.228001392946897,5.352001392946896,-0.8760000000000012,9.227808952331543,0.11489969385094694,90
chesca_mesh,1958,15,6,6,8.394554840662044,7.518554840662045,-0.8759999999999994,9.227808952331543,0.18666484865340477,90
chesca_mesh,1959,16,6,6,9.624856225049415,8.748856225049416,-0.8759999999999994,9.227808952331543,0.24385273363590987,90
chesca_mesh,1960,17,6,6,12.912040099131481,12.036040099131482,-0.8759999999999994,9.227808952331543,1.0105974604548333,90
chesca_mesh,1961,18,6,6,15.305230050260061,14.429230050260063,-0.8759999999999977,9.227808952331543,1.3532557450564715,90
chesca_mesh,1962,19,6,6,16.88393126984666,16.007931269846658,-0.8760000000000012,9.227808952331543,1.6817732051170187,90
chesca_mesh,1963,20,6,6,14.191265174150466,13.315265174150467,-0.8759999999999994,9.227808952331543,0.34100666036311666,90
chesca_mesh,1964,21,6,6,12.907715239524839,12.03171523952484,-0.8759999999999994,9.227808952331543,0.5864947631630298,90
chesca_mesh,1965,22,6,0,9.896287315173355,9.896287315173355,0.0,9.227808952331543,0.07978936975896066,90
chesca_mesh,1966,23,6,6,10.035878438076796,9.159878438076795,-0.8760000000000012,9.1734037399292,0.26321263869435957,90
chesca_mesh,1967,24,6,6,10.593359259322092,9.717359259322095,-0.8759999999999977,9.1734037399292,0.16356177856059495,90
chesca_mesh,1968,1,6,0,9.698825090552154,9.698825090552152,-1.7763568394002505e-15,9.1734037399292,0.03617454014563934,90
chesca_mesh,1969,2,6,6,7.686599280899693,8.562599280899693,0.8760000000000003,9.1734037399292,-0.15738267071087475,90
chesca_mesh,1970,3,6,6,6.918509506027031,7.79450950602703,0.8759999999999986,9.1734037399292,-0.13800679003267063,90
chesca_mesh,1971,4,6,6,6.229345696553681,7.10534569655368,0.8759999999999994,9.1734037399292,-0.13194335837125082,90
chesca_mesh,1972,5,6,6,5.031592055680816,5.60337179484152,0.5717797391607036,9.1734037399292,-0.22173969707058036,90
chesca_mesh,1973,6,6,0,5.959095129415219,5.959095129415218,-8.881784197001252e-16,9.1734037399292,-0.05132183606761409,90
chesca_mesh,1974,7,6,0,5.5027403270487385,5.502740327048739,8.881784197001252e-16,9.107196807861328,-0.02078952497041034,90
chesca_mesh,1975,8,6,6,5.032277709394439,5.491957099486134,0.45967939009169534,9.107196807861328,-0.11625026552966594,90
chesca_mesh,1976,9,6,6,3.9150146494201454,4.245622762632312,0.33060811321216654,9.107196807861328,-0.1845729472800609,90
chesca_mesh,1977,10,6,5,2.277527649153825,2.557126243041752,0.27959859388792685,9.107196807861328,-0.16455773596990597,90
chesca_mesh,1978,11,6,0,1.507650664919737,1.507650664919737,0.0,9.107196807861328,0.0025281507310121604,90
chesca_mesh,1979,12,6,6,4.756717390107788,3.880717390107788,-0.8759999999999999,9.107196807861328,0.17001540622327507,90
chesca_mesh,1980,13,6,6,6.107235336077119,5.231235336077118,-0.8760000000000012,9.107196807861328,0.2322774363722538,90
chesca_mesh,1981,14,6,6,7.353691326226325,6.477691326226325,-0.8759999999999994,9.107196807861328,0.13119897512954565,90
chesca_mesh,1982,15,6,6,8.358990331244566,7.482990331244566,-0.8760000000000003,9.107196807861328,0.12751012836884457,90
chesca_mesh,1983,16,6,6,9.71538381949993,8.83938381949993,-0.8759999999999994,9.107196807861328,0.08765589495661483,90
chesca_mesh,1984,17,6,6,13.211173230110091,12.335173230110092,-0.8759999999999994,9.080011367797852,1.047309767511829,90
chesca_mesh,1985,18,6,6,14.400390361857685,13.524390361857684,-0.8760000000000012,9.1734037399292,1.0850368121653298,90
chesca_mesh,1986,19,6,6,15.787461775699644,14.911461775699642,-0.8760000000000012,9.227808952331543,1.3704046122720352,90
chesca_mesh,1987,20,6,6,14.209843553033089,13.33384355303309,-0.8759999999999994,9.258376121520996,0.7930778720589601,90
chesca_mesh,1988,21,6,6,12.097897254845462,11.22189725484546,-0.8760000000000012,9.258376121520996,0.2860700927160511,90
chesca_mesh,1989,22,6,0,9.689081898547048,9.689081898547048,0.0,9.258376121520996,-0.05706428039600732,90
chesca_mesh,1990,23,6,0,9.848078942823708,9.848078942823708,0.0,9.309784889221191,0.06962965322732459,90
chesca_mesh,1991,24,6,6,10.629263603507905,9.753263603507905,-0.8759999999999994,9.36302661895752,0.20767608092383671,90
chesca_mesh,1992,1,6,0,10.314418701438168,10.314418701438168,0.0,9.414722442626953,0.04932966876947692,90
chesca_mesh,1993,2,6,6,8.520735423360502,9.396735423360502,0.8759999999999994,9.453526496887207,-0.2738291611300178,90
chesca_mesh,1994,3,6,6,7.480433691377676,8.356433691377678,0.8760000000000021,9.453526496887207,-0.31514485093671124,90
chesca_mesh,1995,4,6,6,6.706680893651764,7.582680893651763,0.8759999999999994,9.453526496887207,-0.2737779912574956,90
chesca_mesh,1996,5,6,6,5.659011221415154,6.16455720317179,0.5055459817566357,9.453526496887207,-0.33643563273109056,90
chesca_mesh,1997,6,6,6,4.949067588827464,5.190312604069469,0.24124501524200515,9.453526496887207,-0.25939391252786415,90
chesca_mesh,1998,7,6,6,4.08486578913203,4.306462923353713,0.2215971342216836,9.453526496887207,-0.1938595848214889,90
chesca_mesh,1999,8,6,6,3.2615885926375716,3.482040571318607,0.2204519786810355,9.453526496887207,-0.14500794025829444,90
chesca_mesh,2000,9,6,6,2.102313261256082,2.322698319306218,0.22038505805013564,9.453526496887207,-0.13641053797794317,90
chesca_mesh,2001,10,6,0,3.3101322199094976,3.3101322199094976,0.0,9.453526496887207,0.06873124962743263,90
chesca_mesh,2002,11,6,6,2.705612247009533,1.8296122470095342,-0.875999999999999,9.453526496887207,0.11490357035967537,90
chesca_mesh,2003,12,6,6,5.253020150472076,4.3770201504720765,-0.8759999999999994,9.453526496887207,0.09213415007937417,90
chesca_mesh,2004,13,6,6,4.571616706334224,3.695616706334223,-0.8760000000000008,9.453526496887207,0.11414791179298374,90
chesca_mesh,2005,14,6,6,6.3178952770104555,5.441895277010457,-0.8759999999999986,9.453526496887207,0.1990434155060537,90
chesca_mesh,2006,15,6,6,7.6456577410998054,6.769657741099805,-0.8760000000000003,9.453526496887207,0.1943345431967052,90
chesca_mesh,2007,16,6,6,8.771546863159005,7.895546863159004,-0.8760000000000003,9.453526496887207,0.4900030109071699,90
chesca_mesh,2008,17,6,6,11.347085473866251,10.471085473866248,-0.876000000000003,9.453526496887207,0.860777673157368,90
chesca_mesh,2009,18,6,6,13.023010288242723,12.147010288242724,-0.8759999999999994,9.453526496887207,0.9778131788926673,90
chesca_mesh,2010,19,6,6,13.886654036309686,13.010654036309685,-0.8760000000000012,9.485747337341309,0.8533016271843388,90
chesca_mesh,2011,20,6,6,12.89091186761856,12.01491186761856,-0.8759999999999994,9.485747337341309,0.5664808277473522,90
chesca_mesh,2012,21,6,6,12.348457708358765,11.472457708358764,-0.8760000000000012,9.485747337341309,0.43766843913559655,90
chesca_mesh,2013,22,6,0,10.09535228587692,10.095352285876919,-1.7763568394002505e-15,9.485747337341309,-0.02351808127642418,90
chesca_mesh,2014,23,6,6,10.271549464861817,9.395549464861816,-0.8760000000000012,9.485747337341309,0.22602227945132725,90
chesca_mesh,2015,24,6,6,10.75468162395358,9.87868162395358,-0.8759999999999994,9.485747337341309,0.33519395974980304,90
chesca_mesh,2016,1,6,6,10.878867073953108,10.002867073953109,-0.8759999999999994,9.485747337341309,0.2635929132892627,90
chesca_mesh,2017,2,6,6,9.32861663751938,10.20461663751938,0.8759999999999994,9.485747337341309,-0.23964608870150408,90
chesca_mesh,2018,3,6,6,6.981767793774861,7.85776779377486,0.8759999999999994,9.511628150939941,-0.3921973475335276,90
chesca_mesh,2019,4,6,6,6.229391389597896,7.0363005010066,0.8069091114087046,9.511628150939941,-0.27407239410089457,90
chesca_mesh,2020,5,6,6,5.359622797997412,5.877651253247522,0.5180284552501098,9.511628150939941,-0.3036149325069766,90
chesca_mesh,2021,6,6,6,5.46311270282913,5.708989689732611,0.2458769869034816,9.511628150939941,-0.1547043462186044,90
chesca_mesh,2022,7,6,0,4.687632237626317,4.687632237626316,-8.881784197001252e-16,9.511628150939941,-0.09595122980308043,90
chesca_mesh,2023,8,6,0,4.2598857375089345,4.2598857375089345,0.0,9.511628150939941,-0.07310489471646947,90
chesca_mesh,2024,9,6,6,1.8742112124667956,2.1241226873205807,0.24991147485378518,9.511628150939941,-0.2176937958058243,90
chesca_mesh,2025,10,6,6,2.34851641527381,2.5706654049500215,0.22214898967621144,9.511628150939941,-0.5227542495123361,90
chesca_mesh,2026,11,6,0,2.1037374976844476,2.1037374976844476,0.0,9.511628150939941,-0.08759840996650568,90
chesca_mesh,2027,12,6,6,4.127164125119719,3.2511641251197188,-0.8759999999999999,9.511628150939941,0.1203456199621855,90
chesca_mesh,2028,13,6,6,5.330403323925719,4.454403323925719,-0.8759999999999994,9.511628150939941,0.23847002308725834,90
chesca_mesh,2029,14,6,6,6.061244358298484,5.185244358298484,-0.8759999999999994,9.511628150939941,0.09093317627712297,90
chesca_mesh,2030,15,6,6,8.44264881752239,7.566648817522389,-0.8760000000000003,9.511628150939941,0.18513988867849074,90
chesca_mesh,2031,16,6,6,8.98977481916319,8.11377481916319,-0.8759999999999994,9.511628150939941,0.40841592216987765,90
chesca_mesh,2032,17,6,6,14.725071540970118,13.849071540970119,-0.8759999999999994,9.583308219909668,1.6881523445826665,90
chesca_mesh,2033,18,6,6,14.281128379502068,13.405128379502065,-0.876000000000003,9.640420913696289,1.323560701707251,90
chesca_mesh,2034,19,6,6,15.736730710888043,14.860730710888044,-0.8759999999999994,9.677742004394531,1.3636095427253674,90
chesca_mesh,2035,20,6,6,13.793490710258482,12.917490710258484,-0.8759999999999977,9.677742004394531,0.678175909728621,90
chesca_mesh,2036,21,6,6,12.32739350438118,11.451393504381178,-0.8760000000000012,9.677742004394531,0.23452111468445694,90
chesca_mesh,2037,22,6,6,10.02021503932205,10.896215039322053,0.876000000000003,9.677742004394531,-0.19688791200271372,90
chesca_mesh,2038,23,6,0,8.99190435472536,8.99190435472536,0.0,9.654651641845703,-0.073132790713966,90
chesca_mesh,2039,24,6,0,9.7001319326119,9.7001319326119,0.0,9.654651641845703,-0.023110330911945233,90
chesca_mesh,2040,1,6,0,10.020627719589244,10.020627719589244,0.0,9.687864303588867,0.031508985576347695,90
chesca_mesh,2041,2,6,6,9.050688252609671,9.926688252609672,0.8760000000000012,9.744973182678223,-0.1886566997088187,90
chesca_mesh,2042,3,6,6,6.1849751395305415,7.060975139530541,0.8759999999999994,9.784152030944824,-0.3417072744123404,90
chesca_mesh,2043,4,6,6,5.8804343683867675,6.676038306142699,0.7956039377559314,9.784152030944824,-0.17281509985414595,90
chesca_mesh,2044,5,6,6,5.522080440566089,6.012666150994432,0.4905857104283431,9.784152030944824,-0.15818718041856816,90
chesca_mesh,2045,6,6,0,5.6509572541282145,5.650957254128215,8.881784197001252e-16,9.784152030944824,-0.06807822739176274,90
chesca_mesh,2046,7,6,0,5.030358482791386,5.030358482791386,0.0,9.784152030944824,0.03934004664459667,90
chesca_mesh,2047,8,6,6,5.198674632484054,4.322674632484055,-0.8759999999999994,9.744973182678223,0.1219324873658723,90
chesca_mesh,2048,9,6,6,4.348404623397527,3.4724046233975274,-0.8759999999999994,9.687864303588867,0.133421890195425,90
chesca_mesh,2049,10,6,0,5.365170794579637,5.365170794579636,-8.881784197001252e-16,9.687864303588867,-0.040998776250184096,90
chesca_mesh,2050,11,6,6,4.064124706513749,3.1881247065137495,-0.8759999999999999,9.687864303588867,0.10225216868100566,90
chesca_mesh,2051,12,6,6,4.327629834289965,3.4516298342899647,-0.8760000000000003,9.687864303588867,0.1796746621042222,90
chesca_mesh,2052,13,6,6,5.9814485070588415,5.105448507058842,-0.8759999999999994,9.687864303588867,0.34287150098736885,90
chesca_mesh,2053,14,6,6,7.3646788962358105,6.488678896235811,-0.8759999999999994,9.687864303588867,0.3037746209699827,90
chesca_mesh,2054,15,6,0,8.276729823983256,8.276729823983256,0.0,9.687864303588867,0.010036713286680154,90
chesca_mesh,2055,16,6,6,9.306445412855664,8.430445412855665,-0.8759999999999994,9.654651641845703,0.4739385161346333,90
chesca_mesh,2056,17,6,6,12.080189169146323,11.204189169146325,-0.8759999999999977,9.640420913696289,1.106861211313755,90
chesca_mesh,2057,18,6,6,12.372729389133369,11.496729389133368,-0.8760000000000012,9.640420913696289,0.9352415681815807,90
chesca_mesh,2058,19,6,6,13.144999048125312,12.26899904812531,-0.8760000000000012,9.640420913696289,0.7638330238880929,90
chesca_mesh,2059,20,6,6,11.743368604183198,10.867368604183197,-0.8760000000000012,9.640420913696289,0.3284455743482096,90
chesca_mesh,2060,21,6,6,11.77636249401518,10.900362494015178,-0.8760000000000012,9.640420913696289,0.4610422954388924,90
chesca_mesh,2061,22,6,0,10.415423524113818,10.415423524113818,0.0,9.640420913696289,0.31245281488046395,90
chesca_mesh,2062,23,6,6,10.58491170027043,9.708911700270429,-0.8760000000000012,9.640420913696289,0.3392403813761695,90
chesca_mesh,2063,24,6,6,9.460116564580499,10.3361165645805,0.8760000000000012,9.654651641845703,-0.2122289885793398,90
chesca_mesh,2064,1,6,0,8.456775141972301,8.456775141972301,0.0,9.687864303588867,-0.07693914158269867,90
chesca_mesh,2065,2,6,0,8.38577162206798,8.38577162206798,0.0,9.687864303588867,0.04577856139294243,90
chesca_mesh,2066,3,6,6,6.295180187609496,7.171180187609496,0.8759999999999994,9.687864303588867,-0.11838022866045263,90
chesca_mesh,2067,4,6,0,5.73618879796553,5.7361887979655295,-8.881784197001252e-16,9.687864303588867,-0.049265745908750075,90
chesca_mesh,2068,5,6,0,5.5570343002098825,5.5570343002098825,0.0,9.687864303588867,0.06967328184489543,90
chesca_mesh,2069,6,6,6,6.1602981959666065,5.284298195966607,-0.8759999999999994,9.687864303588867,0.10852579042101507,90
chesca_mesh,2070,7,6,6,5.662381077814055,4.786381077814054,-0.8760000000000003,9.687864303588867,0.17345615900030825,90
chesca_mesh,2071,8,6,6,5.129963188558801,4.253963188558801,-0.8759999999999994,9.687864303588867,0.11591868795859378,90
chesca_mesh,2072,9,6,6,3.6232050577086454,2.747205057708645,-0.8760000000000003,9.654651641845703,0.14305679924132683,90
chesca_mesh,2073,10,6,6,3.748979170910256,2.872979170910256,-0.8759999999999999,9.654651641845703,0.11332676511052872,90
chesca_mesh,2074,11,6,6,5.400181361089935,4.5241813610899335,-0.8760000000000012,9.654651641845703,0.2144586956137025,90
chesca_mesh,2075,12,6,6,6.1197262351112585,5.243726235111259,-0.8759999999999994,9.654651641845703,0.11784913501988802,90
chesca_mesh,2076,13,6,6,6.855775064179391,5.979775064179392,-0.8759999999999994,9.654651641845703,0.3327640729449012,90
chesca_mesh,2077,14,6,6,7.133846052385446,6.257846052385447,-0.8759999999999994,9.654651641845703,0.20860217587359506,90
chesca_mesh,2078,15,6,6,8.974129005516374,8.098129005516375,-0.8759999999999994,9.654651641845703,0.2989156489016841,90
chesca_mesh,2079,16,6,6,9.965951246594459,9.089951246594458,-0.8760000000000012,9.640420913696289,0.5667134078020143,90
chesca_mesh,2080,17,6,6,13.451741776532337,12.575741776532336,-0.8760000000000012,9.583308219909668,1.4697587707536652,90
chesca_mesh,2081,18,6,6,13.1025779814448,12.226577981444798,-0.8760000000000012,9.585579872131348,1.0153889533757874,90
chesca_mesh,2082,19,6,6,14.552225394052048,13.676225394052048,-0.8759999999999994,9.585579872131348,1.1602545035026663,90
chesca_mesh,2083,20,6,6,13.537504011452512,12.66150401145251,-0.8760000000000012,9.585579872131348,0.8266109553542166,90
chesca_mesh,2084,21,6,6,12.021612556432276,11.145612556432276,-0.8759999999999994,9.585579872131348,0.42354025455421485,90
chesca_mesh,2085,22,6,6,10.7820783145571,11.658078314557102,0.8760000000000012,9.585579872131348,-0.19752245172480187,90
chesca_mesh,2086,23,6,6,9.906904601306772,10.782904601306772,0.8759999999999994,9.654651641845703,-0.28942602099728754,90
chesca_mesh,2087,24,6,6,9.35047129165693,10.226471291656928,0.8759999999999977,9.654651641845703,-0.19328871728306113,90
chesca_mesh,2088,1,6,0,9.217014746065573,9.217014746065574,1.7763568394002505e-15,9.654651641845703,-0.042372203705490157,90
chesca_mesh,2089,2,6,0,7.930428245946539,7.930428245946539,0.0,9.580926895141602,-0.04168030030035104,90
chesca_mesh,2090,3,6,6,6.496955222744525,7.372955222744526,0.8760000000000012,9.508016586303711,-0.111442435943431,90
chesca_mesh,2091,4,6,0,5.726911083699227,5.726911083699227,0.0,9.503799438476562,-0.01569836874194698,90
chesca_mesh,2092,5,6,6,5.5335617271712065,4.657561727171207,-0.8759999999999994,9.503799438476562,0.0907416346566888,90
chesca_mesh,2093,6,6,6,6.277907342674615,5.4019073426746145,-0.8760000000000003,9.503799438476562,0.19164859960336506,90
chesca_mesh,2094,7,6,6,5.6738096130551,4.7978096130551,-0.8760000000000003,9.503799438476562,0.1520884978106425,90
chesca_mesh,2095,8,6,6,5.633584777635409,4.757584777635409,-0.8760000000000003,9.503799438476562,0.1327850775418954,90
chesca_mesh,2096,9,6,6,4.53309012223229,3.6570901222322894,-0.8760000000000003,9.503799438476562,0.1681496176869982,90
chesca_mesh,2097,10,6,3,3.04173531767366,2.56173531767366,-0.48,9.503799438476562,0.07972739725040208,90
chesca_mesh,2098,11,6,6,2.2841481926442477,1.408148192644248,-0.8759999999999997,9.503799438476562,0.10407157913929553,90
chesca_mesh,2099,12,6,6,4.254249232510329,3.3782492325103286,-0.8760000000000003,9.503799438476562,0.3089487985763485,90
chesca_mesh,2100,13,6,6,5.632659846164798,4.756659846164798,-0.8760000000000003,9.503799438476562,0.26748634078007116,90
chesca_mesh,2101,14,6,6,6.87218258945828,5.99618258945828,-0.8760000000000003,9.503799438476562,0.27709273940725876,90
chesca_mesh,2102,15,6,6,6.836797505671736,7.649848546581243,0.8130510409095066,9.508016586303711,-0.6225017807230981,90
chesca_mesh,2103,16,6,6,9.082187652774332,8.20618765277433,-0.8760000000000012,9.508016586303711,0.4430773882727143,90
chesca_mesh,2104,17,6,6,11.200278905051372,10.32427890505137,-0.8760000000000012,9.508016586303711,0.8805589289716576,90
chesca_mesh,2105,18,6,6,11.200049853067137,10.324049853067136,-0.8760000000000012,9.508016586303711,0.6177668219912744,90
chesca_mesh,2106,19,6,6,12.137317719083084,11.261317719083085,-0.8759999999999994,9.503799438476562,0.6573217776826659,90
chesca_mesh,2107,20,6,6,11.494960512170882,10.618960512170883,-0.8759999999999994,9.503799438476562,0.2870270381174575,90
chesca_mesh,2108,21,6,6,10.994386487477374,10.118386487477373,-0.8760000000000012,9.503799438476562,0.22183846795006532,90
chesca_mesh,2109,22,6,6,9.244813634330873,10.120813634330872,0.8759999999999994,9.503799438476562,-0.12192240109886918,90
chesca_mesh,2110,23,6,0,8.643196756573573,8.643196756573573,0.0,9.475589752197266,-0.07829199533412995,90
chesca_mesh,2111,24,6,0,8.638815208805488,8.638815208805488,0.0,9.414722442626953,-0.052783542864498545,90
chesca_mesh,2112,1,6,0,9.659191340261023,9.659191340261023,0.0,9.414722442626953,0.021193746917601952,90
chesca_mesh,2113,2,6,6,9.1245558050368,10.000555805036802,0.8760000000000012,9.414722442626953,-0.17267370486724476,90
chesca_mesh,2114,3,6,6,6.957086368820963,7.833086368820964,0.8760000000000003,9.418607711791992,-0.28398243890184666,90
chesca_mesh,2115,4,6,6,5.867180076066161,6.743180076066161,0.8760000000000003,9.418607711791992,-0.11249446200919205,90
chesca_mesh,2116,5,6,6,5.280257025707858,5.9848837499534575,0.7046267242455997,9.418607711791992,-0.1269136449395801,90
chesca_mesh,2117,6,6,0,5.72413637076723,5.72413637076723,0.0,9.418607711791992,0.015503557539265168,90
chesca_mesh,2118,7,6,0,4.744161636689138,4.744161636689138,0.0,9.417259216308594,0.0280538475038989,90
chesca_mesh,2119,8,6,6,4.469844077598802,3.593844077598801,-0.8760000000000012,9.417259216308594,0.10319995429085224,90
chesca_mesh,2120,9,6,6,4.690953876649922,3.8149538766499216,-0.8760000000000003,9.417259216308594,0.12224162164611108,90
chesca_mesh,2121,10,6,0,1.6912938019335675,1.6912938019335675,0.0,9.417259216308594,-0.06145330754645702,90
chesca_mesh,2122,11,6,0,1.5177311742986017,1.517731174298602,2.220446049250313e-16,9.417259216308594,-0.014503215155807304,90
chesca_mesh,2123,12,6,6,3.077467348608088,2.2014673486080882,-0.8759999999999999,9.417259216308594,0.13621052603321132,90
chesca_mesh,2124,13,6,6,5.170878363208135,4.294878363208134,-0.8760000000000003,9.417259216308594,0.15604199643774055,90
chesca_mesh,2125,14,6,6,6.425117526089663,5.549117526089663,-0.8759999999999994,9.417259216308594,0.08864399842332227,90
chesca_mesh,2126,15,6,0,7.051515120488634,7.051515120488634,0.0,9.417259216308594,-0.03748361223349812,90
chesca_mesh,2127,16,6,0,7.737282216584011,7.73728221658401,-8.881784197001252e-16,9.417259216308594,0.0367736701535432,90
chesca_mesh,2128,17,6,6,9.437572139210703,8.561572139210703,-0.8759999999999994,9.417259216308594,0.16894153413521043,90
chesca_mesh,2129,18,6,6,10.931689848195191,10.05568984819519,-0.8760000000000012,9.36137866973877,0.34139328360010424,90
chesca_mesh,2130,19,6,6,12.79479347613583,11.918793476135832,-0.8759999999999977,9.353561401367188,0.8414409888438047,90
chesca_mesh,2131,20,6,6,11.176290965389075,10.300290965389076,-0.8759999999999994,9.353561401367188,0.14688323142988335,90
chesca_mesh,2132,21,6,6,10.454273355483792,9.578273355483793,-0.8759999999999994,9.353561401367188,0.36069990291635207,90
chesca_mesh,2133,22,6,1,9.93823269371727,9.77823269371727,-0.16000000000000014,9.333847999572754,0.1956145517556978,90
chesca_mesh,2134,23,6,0,9.028712338951442,9.028712338951442,0.0,9.333847999572754,0.003466548657829805,90
chesca_mesh,2135,24,6,6,10.243150624647626,9.367150624647625,-0.8760000000000012,9.353561401367188,0.2622943047463776,90
chesca_mesh,2136,1,6,6,9.932331187781289,9.05633118778129,-0.8759999999999994,9.333847999572754,0.2150654968414697,90
chesca_mesh,2137,2,6,0,9.096780316318306,9.096780316318306,0.0,9.321775436401367,-0.04568897508642384,90
chesca_mesh,2138,3,6,6,7.103350102825184,7.979350102825182,0.8759999999999986,9.321775436401367,-0.0861507206642621,90
chesca_mesh,2139,4,6,0,6.790789476114903,6.790789476114903,0.0,9.321775436401367,-0.055713980510435454,90
chesca_mesh,2140,5,6,0,5.812473362068028,5.812473362068028,0.0,9.321775436401367,0.010310055196724288,90
chesca_mesh,2141,6,6,6,6.203140321545734,5.327140321545735,-0.8759999999999994,9.321775436401367,0.11392621562269384,90
chesca_mesh,2142,7,6,6,5.429918735834007,4.553918735834007,-0.8759999999999994,9.321775436401367,0.14614180503672664,90
chesca_mesh,2143,8,6,6,4.789346695924264,3.9133466959242638,-0.8760000000000003,9.321775436401367,0.15550920501032128,90
chesca_mesh,2144,9,6,6,4.082402913617371,3.2064029136173704,-0.8760000000000008,9.321775436401367,0.12674145696587785,90
chesca_mesh,2145,10,6,6,4.391098122363109,3.51509812236311,-0.8759999999999994,9.321775436401367,0.18132351260672422,90
chesca_mesh,2146,11,6,6,3.624286308558281,2.7482863085582796,-0.8760000000000012,9.321775436401367,0.08469860322488151,90
chesca_mesh,2147,12,6,6,3.8052127960051845,2.929212796005184,-0.8760000000000003,9.321775436401367,0.10613072509139954,90
chesca_mesh,2148,13,6,6,5.117443343295381,4.241443343295381,-0.8760000000000003,9.321775436401367,0.1129317469402894,90
chesca_mesh,2149,14,6,6,4.914859172450456,4.038859172450457,-0.8759999999999986,9.321775436401367,0.25937975404817154,90
chesca_mesh,2150,15,6,6,7.0762638779661735,6.200263877966174,-0.8759999999999994,9.321775436401367,0.16479902776363786,90
chesca_mesh,2151,16,6,6,7.5096195199149545,6.633619519914954,-0.8760000000000003,9.321775436401367,0.1987009208932868,90
chesca_mesh,2152,17,6,6,10.017677801991065,9.141677801991063,-0.8760000000000012,9.321775436401367,0.11057319048948572,90
chesca_mesh,2153,18,6,6,11.81997700316664,10.943977003166639,-0.8760000000000012,9.309948921203613,0.6044960049942566,90
chesca_mesh,2154,19,6,6,14.863208555810967,13.987208555810968,-0.8759999999999994,9.309948921203613,1.3646490600290853,90
chesca_mesh,2155,20,6,6,14.967317501591598,14.091317501591599,-0.8759999999999994,9.309948921203613,1.22893557385432,90
chesca_mesh,2156,21,6,6,10.102909179216441,10.97890917921644,0.8759999999999994,9.309948921203613,-0.3165649879014297,90
chesca_mesh,2157,22,6,2,9.84248582824439,9.55048582824439,-0.2919999999999998,9.309948921203613,0.13324254198128072,90
chesca_mesh,2158,23,6,6,10.215720990607451,9.33972099060745,-0.8760000000000012,9.309948921203613,0.24502183554636714,90
chesca_mesh,2159,24,6,6,11.558772337257295,10.682772337257296,-0.8759999999999994,9.28143310546875,0.5785501343795274,90
chesca_mesh,2160,1,6,6,11.605412005244407,10.729412005244408,-0.8759999999999994,9.28143310546875,0.46504677436104735,90
chesca_mesh,2161,2,6,6,10.489195146642757,9.613195146642758,-0.8759999999999994,9.28143310546875,0.2192460500454871,90
chesca_mesh,2162,3,6,0,7.992812923419121,7.992812923419122,8.881784197001252e-16,9.28143310546875,-0.0516575236369137,90
chesca_mesh,2163,4,6,0,7.146790970868408,7.146790970868408,0.0,9.28143310546875,0.03325309733067833,90
chesca_mesh,2164,5,6,3,5.820926738680242,6.300926738680242,0.47999999999999954,9.28143310546875,-0.07937994782650645,90
chesca_mesh,2165,6,6,6,6.287424909917917,5.411424909917917,-0.8759999999999994,9.28143310546875,0.12394336850156343,90
chesca_mesh,2166,7,6,6,5.647211729966289,4.7712117299662875,-0.8760000000000012,9.28143310546875,0.12683516762214697,90
chesca_mesh,2167,8,6,6,5.297608792749582,6.0809794190257715,0.7833706262761897,9.310334205627441,-0.22402163061773908,90
chesca_mesh,2168,9,6,6,4.234108205908976,3.358108205908976,-0.8759999999999999,9.310334205627441,0.0904542254276586,90
chesca_mesh,2169,10,6,6,3.993517331039706,3.117517331039706,-0.8759999999999999,9.310334205627441,0.12725616407363263,90
chesca_mesh,2170,11,6,6,3.5998931290828566,2.723893129082857,-0.8759999999999994,9.310334205627441,0.09600424066254576,90
chesca_mesh,2171,12,6,6,4.820434302773904,3.9444343027739044,-0.8759999999999999,9.310334205627441,0.20983951144848823,90
chesca_mesh,2172,13,6,6,6.8392035837806,5.963203583780598,-0.8760000000000021,9.310334205627441,0.28538759863950214,90
chesca_mesh,2173,14,6,6,6.777779930394464,5.901779930394465,-0.8759999999999994,9.310334205627441,0.13622615028462154,90
chesca_mesh,2174,15,6,6,8.191501251081407,8.820071489851617,0.6285702387702106,9.343683242797852,-0.1559654644100838,90
chesca_mesh,2175,16,6,6,9.186033385258538,8.310033385258537,-0.8760000000000012,9.343683242797852,0.3314180299475491,90
chesca_mesh,2176,17,6,6,11.956611993874285,11.080611993874285,-0.8759999999999994,9.343683242797852,1.069001849282535,90
chesca_mesh,2177,18,6,6,13.03547883834484,12.15947883834484,-0.8759999999999994,9.343683242797852,1.329712224544923,90
chesca_mesh,2178,19,6,6,15.731073468199371,14.855073468199372,-0.8759999999999994,9.343683242797852,1.8382842551008343,90
chesca_mesh,2179,20,6,6,15.2133409799004,14.3373409799004,-0.8759999999999994,9.343683242797852,1.2789823086343333,90
chesca_mesh,2180,21,6,6,12.606448833830056,11.730448833830055,-0.8760000000000012,9.343683242797852,0.6300223795326136,90
chesca_mesh,2181,22,6,6,11.20628983686721,10.33028983686721,-0.8759999999999994,9.343683242797852,0.5534389743442848,90
chesca_mesh,2182,23,6,6,11.50747955813178,10.63147955813178,-0.8760000000000012,9.369168281555176,0.37183089502823513,90
chesca_mesh,2183,24,6,6,12.15596701484862,11.27996701484862,-0.8760000000000012,9.417259216308594,0.5482769667130263,90
chesca_mesh,2184,1,6,6,11.438068917621585,10.562068917621584,-0.8760000000000012,9.417259216308594,0.21942417731053127,90
chesca_mesh,2185,2,6,6,11.118145397618571,10.242145397618572,-0.8759999999999994,9.417259216308594,0.16067780374281979,90
chesca_mesh,2186,3,6,6,8.740466902645146,9.616466902645145,0.8759999999999994,9.417259216308594,-0.10100120318542924,90
chesca_mesh,2187,4,6,6,7.1366738113330115,8.012673811333013,0.8760000000000012,9.463838577270508,-0.37903459705493975,90
chesca_mesh,2188,5,6,6,6.004149173165183,6.727994970032033,0.7238457968668506,9.463838577270508,-0.10989077998458785,90
chesca_mesh,2189,6,6,0,6.134525515536918,6.134525515536917,-8.881784197001252e-16,9.463838577270508,0.003593324935556641,90
chesca_mesh,2190,7,6,6,5.4273729273980535,5.88694426307857,0.45957133568051667,9.463838577270508,-0.15211830633131376,90
chesca_mesh,2191,8,6,0,3.9900865024075487,3.9900865024075487,0.0,9.463838577270508,-0.05928219962853824,90
chesca_mesh,2192,9,6,0,3.6735627861660474,3.6735627861660474,0.0,9.463838577270508,0.03984503157397057,90
chesca_mesh,2193,10,6,6,2.975905219717725,3.225821068718336,0.24991584900061126,9.463838577270508,-0.11189167762950034,90
chesca_mesh,2194,11,6,0,2.7041660455390133,2.7041660455390133,0.0,9.463838577270508,0.00729199654289904,90
chesca_mesh,2195,12,6,0,4.57634567659592,4.57634567659592,0.0,9.463838577270508,0.06060780080084165,90
chesca_mesh,2196,13,6,6,5.933518786707793,5.10557032350627,-0.8279484632015235,9.463838577270508,0.18915309033295613,90
chesca_mesh,2197,14,6,6,7.129945572978601,6.2539455729786,-0.8760000000000003,9.463838577270508,0.1912718467719116,90
chesca_mesh,2198,15,6,6,8.973555095516156,8.097555095516155,-0.8760000000000012,9.463838577270508,0.16438215535148926,90
chesca_mesh,2199,16,6,6,10.673866963733245,9.797866963733243,-0.8760000000000012,9.463838577270508,0.6424084055104454,90
chesca_mesh,2200,17,6,6,14.637501209879563,13.761501209879563,-0.8759999999999994,9.417259216308594,1.983711280820058,90
chesca_mesh,2201,18,6,6,14.908912449619727,14.032912449619726,-0.8760000000000012,9.417259216308594,1.4844896765031772,90
chesca_mesh,2202,19,6,6,16.24271647703808,15.36671647703808,-0.8759999999999994,9.417259216308594,1.742888144199426,90
chesca_mesh,2203,20,6,6,14.92892058020417,14.052920580204171,-0.8759999999999994,9.417259216308594,1.2004031408514957,90
chesca_mesh,2204,21,6,6,14.092069964638403,13.216069964638404,-0.8759999999999994,9.417259216308594,0.9919899741633029,90
chesca_mesh,2205,22,6,6,10.345061654215103,11.221061654215102,0.8759999999999994,9.417259216308594,-0.09420922135947854,90
chesca_mesh,2206,23,6,0,10.37874566721814,10.37874566721814,0.0,9.417259216308594,0.0233313064237263,90
